{"type": "FeatureCollection", "features": [{"type": "Feature", "id": "sthlm", "properties": {"county": "sthlm", "LAN": "Stockholms län", "LnKod": "01"}, "geometry": {"type": "MultiPolygon", "coordinates": [[[[17.240336342916176, 59.24219234768216], [17.28475366757554, 59.267956776630335], [17.302340679647727, 59.2518558941968], [17.33137296693342, 59.25703193419263], [17.361936011034743, 59.257119587687754], [17.41781411057111, 59.24227275321503], [17.414638815257746, 59.250401419712965], [17.380736955873264, 59.27893534059911], [17.376786563113235, 59.28573469469447], [17.378398375075985, 59.31158135548994], [17.368500931363176, 59.317482301767114], [17.366572959922394, 59.32524441598916], [17.383771776137472, 59.328278743834055], [17.389691124001125, 59.32143758280009], [17.42510684578153, 59.309663420437346], [17.43814056463632, 59.30975231889969], [17.46583246642696, 59.292065699716645], [17.544409308716116, 59.268981507885215], [17.566468458736825, 59.26853275847414], [17.57803469849757, 59.2602324486305], [17.614938633442467, 59.21039583919554], [17.62905088737918, 59.208412190295945], [17.632330709205775, 59.21573785356305], [17.61978687428284, 59.23414919023329], [17.614284081190394, 59.25633146301536], [17.5980584031547, 59.27257370112347], [17.604072804938408, 59.281191298385295], [17.62397018839869, 59.285144164401686], [17.634675394747106, 59.281555705232094], [17.654884434902886, 59.28180034601759], [17.656159949237452, 59.28849839382117], [17.68383109461011, 59.28521159452275], [17.708395073109806, 59.27695391694346], [17.716432810004214, 59.26602560012357], [17.736676020084225, 59.25615564911213], [17.759242028438823, 59.26474447126923], [17.78091410918063, 59.260404125946046], [17.840965945655658, 59.26258686515652], [17.85851972382441, 59.2561426637307], [17.87217840462707, 59.23699803490096], [17.882471495516526, 59.244601523153655], [17.88258413707283, 59.27328008460337], [17.875862320761843, 59.2796008205702], [17.880822703721385, 59.289902127856486], [17.921885617201333, 59.303061518640895], [17.985435509775474, 59.31300577912996], [17.99308459706863, 59.31752012688177], [18.015894644702524, 59.317647509948024], [18.064008283101188, 59.324519452078604], [18.067668865992065, 59.332528431101686], [18.028951621069737, 59.330104960241584], [18.011232104633102, 59.33490458855994], [17.988416779328826, 59.34721326913213], [17.98406854986059, 59.34328100784771], [17.982332561547064, 59.33290260402732], [17.975348857772616, 59.32231518265009], [17.94825139780409, 59.31858766486042], [17.931720477141365, 59.32871769515236], [17.913011164107033, 59.33050276579372], [17.902476550038955, 59.335790746265175], [17.894882328351166, 59.344362146965146], [17.856979733317893, 59.35632221224659], [17.831031813821124, 59.37035773737799], [17.77684422514586, 59.40282002171189], [17.773740346487234, 59.4109479656517], [17.77569628164917, 59.424018782866455], [17.806812367839925, 59.467004672503165], [17.79845497892888, 59.47279788963764], [17.782672922451585, 59.467551134448726], [17.772393249847617, 59.482557160884525], [17.75983521437858, 59.481497217407764], [17.751008657363588, 59.46488322996938], [17.752246727643612, 59.44435713103943], [17.73959762619022, 59.435565996933455], [17.72928647351399, 59.437127677422865], [17.72989312537379, 59.44316144736248], [17.699691813152604, 59.4485228139875], [17.698093852429732, 59.46570420979861], [17.688823511962195, 59.47127006692434], [17.68781384258642, 59.48104443441789], [17.646691471652055, 59.495689775391554], [17.62588065460018, 59.49713899368763], [17.61193914843222, 59.488362586493416], [17.62179943584337, 59.475045703147565], [17.617298957754517, 59.469092478145875], [17.600996859075014, 59.46943382619914], [17.595870763044005, 59.47760264010701], [17.59647700435997, 59.49775097944847], [17.5890693416324, 59.5026106381318], [17.576561438046962, 59.50185561298053], [17.57074250364699, 59.495595481797636], [17.575983035357606, 59.48877291057827], [17.568012118561022, 59.487578557925275], [17.532093585310758, 59.50948841002761], [17.527390178988153, 59.51529632836464], [17.531210209260472, 59.52126153381198], [17.560468736712263, 59.53276913045871], [17.571851844036477, 59.54933374141266], [17.566922601684574, 59.56197864545998], [17.57239074046376, 59.57586635504393], [17.53415655880543, 59.59513127544843], [17.531193041558534, 59.61265971027043], [17.545175513368328, 59.628842261677356], [17.561107106179463, 59.63724927966684], [17.57566672465247, 59.63830177772159], [17.590997151923936, 59.64985566320537], [17.582592803523536, 59.65596712584221], [17.611491591706034, 59.669148072678354], [17.63978122087114, 59.675947784173054], [17.635583007533032, 59.69502236063345], [17.69260278499936, 59.69095698115285], [17.705538222253278, 59.681953650420205], [17.730959738699955, 59.679392892679196], [17.736255701211846, 59.666502799279485], [17.755198452584942, 59.665073706295615], [17.768466263939764, 59.67924189513609], [17.791488313052895, 59.685450433252335], [17.81316029778077, 59.68497743376255], [17.82383721826244, 59.68002803326397], [17.8434371391171, 59.68496909892254], [17.838221341827616, 59.69180200570952], [17.91755109492763, 59.70713515070567], [17.9373643338201, 59.70768623105134], [17.98809977313796, 59.72598816025945], [18.009217026479067, 59.72616575266413], [18.036764993696007, 59.7369342211615], [18.04633487748603, 59.73401476851666], [18.089113194831693, 59.7361702053835], [18.139852439429774, 59.814182900302214], [18.297401506131752, 59.832982291712135], [18.37379165490911, 59.86890876513941], [18.403070281769917, 59.99584628941231], [18.441919620795776, 60.00372488057286], [18.381745016650278, 60.04532217786731], [18.462470917095978, 60.05672879626508], [18.48907090954902, 60.1056202850917], [18.51102576933666, 60.15487135524485], [18.67601531389799, 60.13087887276167], [18.70843294345423, 60.162891081573534], [18.72123965299814, 60.21285996534969], [18.799133936792554, 60.17198362106041], [18.781543362909307, 60.10782048331585], [18.820072087357666, 60.091958231227146], [18.859799127911565, 60.00310516358993], [18.928784356063034, 59.93730447193746], [19.021668026239265, 59.90047085481567], [19.084460243363043, 59.871543182502975], [19.041319677237706, 59.81864064910775], [18.969726278967507, 59.82095647906029], [18.969628711738814, 59.777213258136875], [19.068608708677473, 59.759855055643676], [19.075388329795956, 59.71553433835213], [19.015061585985336, 59.6968828986127], [18.859511674528964, 59.706135450570706], [18.741484449273223, 59.675711229254475], [18.724230914836525, 59.6224747382756], [18.667256885638974, 59.577367451520935], [18.57739945483612, 59.549391580942135], [18.54513140562816, 59.53784718109816], [18.536383295729607, 59.53070126910673], [18.517928388048414, 59.529872636823455], [18.46705124377236, 59.50505164130908], [18.453852511814876, 59.49330296891295], [18.4366601819715, 59.486384353029884], [18.41673505431326, 59.484224048483725], [18.41039965081427, 59.48036290043366], [18.410975062856664, 59.47430739127211], [18.390045569222277, 59.4577131519365], [18.347435603739235, 59.457174451615266], [18.341637119696784, 59.46337588118068], [18.316537229590665, 59.461345810533935], [18.299813115446938, 59.469514830000186], [18.285373834464895, 59.4692236456899], [18.27745777074806, 59.46304240546638], [18.30236447387209, 59.457683679315146], [18.307535137779336, 59.45149614221151], [18.30077077849636, 59.44394711972058], [18.29109776598769, 59.439488471687824], [18.269225612680692, 59.436696628754945], [18.252710538392584, 59.44115582865284], [18.235613090241127, 59.440253479136], [18.22880587499048, 59.435054557088606], [18.234469595084203, 59.43019889368346], [18.26325599840316, 59.43046885773384], [18.285572715474487, 59.41408897512052], [18.281090760351706, 59.40916290340571], [18.26897956709003, 59.40612297361763], [18.272473426145627, 59.402330160344455], [18.294731775416302, 59.40276094676137], [18.302690590531586, 59.39818163074394], [18.294204728909364, 59.392685879227116], [18.214717557713463, 59.388348318903965], [18.163481520563415, 59.39738356897032], [18.168555361924476, 59.419436757905366], [18.17516253376752, 59.42598944031446], [18.195041003073985, 59.422466422859614], [18.20304024957342, 59.42394525486554], [18.202870894617206, 59.4397534840036], [18.19730441342156, 59.44257648520645], [18.17303271273626, 59.436130547488055], [18.161294200084154, 59.4364235280829], [18.153816601297084, 59.45140202906189], [18.109654429059386, 59.43636516049128], [18.116344001095346, 59.4318289020512], [18.101267062667, 59.42548551024079], [18.096859461536557, 59.419196155015726], [18.095768510764177, 59.40511681162287], [18.087945878478514, 59.39328353204718], [18.06034558307863, 59.37799445141378], [18.097516770736927, 59.35532833325688], [18.124274227143133, 59.34356780670019], [18.137467643409515, 59.33315824941953], [18.137376926029354, 59.326442753005765], [18.124491644296373, 59.32172448943782], [18.10843240862254, 59.323795990357944], [18.091218625416836, 59.33330332535832], [18.070528693042416, 59.33278152036812], [18.07754976388237, 59.32757941392981], [18.06659699834613, 59.322493778314936], [18.120532332950166, 59.31542794263978], [18.197950758559784, 59.33197321165154], [18.205026623471085, 59.331124843701225], [18.207074130432947, 59.302835087463095], [18.2136009081127, 59.297281566336885], [18.271656674849147, 59.29814481429368], [18.286935675487925, 59.29505293431795], [18.298684010365765, 59.27827733591073], [18.33774926842078, 59.272871934065165], [18.34152328623024, 59.26604489003675], [18.330753401226648, 59.26297613481025], [18.276389160096553, 59.27113140347524], [18.258752182398855, 59.2705755496644], [18.254525819776365, 59.267664615262376], [18.264709733167752, 59.26000091523365], [18.288601875589684, 59.25837124880537], [18.340287373522944, 59.23852477608054], [18.357171149249798, 59.22731011749425], [18.387112316681005, 59.22213931439348], [18.4039773742978, 59.205215630756186], [18.396101925916742, 59.199032054215174], [18.37524236174666, 59.192871629753476], [18.36547258701051, 59.18137103448678], [18.378888557485737, 59.17384054838161], [18.41055392211853, 59.167381273491365], [18.440981353777026, 59.17226457195446], [18.448997347913597, 59.16867991018774], [18.42667493344429, 59.144415646102345], [18.412450680528654, 59.13942083902387], [18.390073457567357, 59.136329212807986], [18.386083887865297, 59.1411414726659], [18.376445993688005, 59.141745706254895], [18.351646528595836, 59.12930133961927], [18.328460456872143, 59.1302476199935], [18.28455044366569, 59.12030685168995], [18.269383278878596, 59.106594460753655], [18.31550935788283, 59.107731866693015], [18.317947049839347, 59.100949035310876], [18.300896252071688, 59.09332981144401], [18.25209333612394, 59.085196928091264], [18.20175912048752, 59.069009728789425], [18.199093644220522, 59.079835576146856], [18.225472331942385, 59.090249049514476], [18.228443765652873, 59.09353446433001], [18.220568617406247, 59.0984498265733], [18.227743303293387, 59.104647552246746], [18.24823359759845, 59.108484768199304], [18.2578713207204, 59.11361068412634], [18.257084356522377, 59.117999214635105], [18.247852302422206, 59.122277250474475], [18.225008605496527, 59.12085471488484], [18.21169063418728, 59.11750081508347], [18.203015482394104, 59.10931830487157], [18.21094341254211, 59.105085494354775], [18.20644932375795, 59.09948391821623], [18.188866384306916, 59.09287490304851], [18.142586575953104, 59.083954354539166], [18.13693838252559, 59.07939512117281], [18.108670857283332, 59.07540048264455], [18.09463729319206, 59.05926869517157], [18.042245039953748, 59.05282748487013], [18.03548000909392, 59.04391881321974], [18.033906650335194, 59.03521724986454], [18.026215679076348, 59.02969155728902], [18.0148908392848, 59.03265081816503], [18.012596813929576, 59.041445420253844], [18.00002917000776, 59.04275424288295], [17.99792657671723, 59.03709638251658], [18.007260527429477, 59.00292177203875], [18.002329178256552, 58.999009345769466], [17.99389345978363, 58.99854132791931], [17.990313616700828, 59.007698491719125], [17.98376550043111, 59.01290032801784], [17.976205296981803, 59.002322951084295], [17.973946485828478, 58.99296764323885], [17.955927902398244, 58.96851884518703], [17.963536106429263, 58.936082201565036], [17.952180321450516, 58.9134885985623], [17.929475996876807, 58.90561956706275], [17.906944791038722, 58.89270589083983], [17.89093194439424, 58.86820734097742], [17.875351700769038, 58.860178103352716], [17.84861204375061, 58.81138458402388], [17.785476482529244, 58.80239983768293], [17.785788420416868, 58.81213805638531], [17.817572728925896, 58.83494971069468], [17.821705801656563, 58.850653815116715], [17.776535284064447, 58.90141162985118], [17.753954791727583, 58.91401058132239], [17.747219704663596, 58.92424069614726], [17.753595249714806, 58.93015219993682], [17.757258957608144, 58.967712193951556], [17.74592423227703, 58.977032364979465], [17.747350232593597, 58.98507465778678], [17.756764936166633, 58.9956098956873], [17.74799623188995, 59.02470899575863], [17.736598412021454, 59.040431401126064], [17.737543590132624, 59.05014200034199], [17.760939351116143, 59.071135653859436], [17.757472912070327, 59.081971908637804], [17.764431156988547, 59.093576208475966], [17.77766028513561, 59.09664460726175], [17.772536727376274, 59.11020024730324], [17.77425084561038, 59.1209225845891], [17.738051329071943, 59.1082752245294], [17.732217323875823, 59.10168136460026], [17.737544891197597, 59.08341923604407], [17.735734443265784, 59.071360031467506], [17.705476321055148, 59.06596970802439], [17.691427022692412, 59.06796140818083], [17.689697475986993, 59.096899432389336], [17.701137644834592, 59.114790147242566], [17.69171931140987, 59.142663634786295], [17.673865667823552, 59.16814348598175], [17.66704265819722, 59.171321097285535], [17.656865696222575, 59.16682421319961], [17.65924063427735, 59.15770357708653], [17.67593318321199, 59.14255946066919], [17.680901372202715, 59.12665776722974], [17.67996895863277, 59.11692889061858], [17.67366045340253, 59.112027329894204], [17.654930378910603, 59.112429958656215], [17.648537240410153, 59.10651368129844], [17.653236661162623, 59.101382816036484], [17.6183211449205, 59.088002047879286], [17.61812270276562, 59.07893605920691], [17.631864266087717, 59.073939783110646], [17.633250542342644, 59.0678593851738], [17.614968726118637, 59.05211479615124], [17.615065068315452, 59.01178854640605], [17.62152300146307, 58.99821169241766], [17.6328790620308, 59.00234422521118], [17.64813668140644, 59.02049966875151], [17.656891050672275, 59.051559657588], [17.67231204673285, 59.057283047267596], [17.68600012454229, 59.05160814768848], [17.695216291765444, 58.95932903167629], [17.6870057230892, 58.940690705633905], [17.676146740570978, 58.935208858432965], [17.636977553697804, 58.94310460550973], [17.618954305911938, 58.90484631289326], [17.600144398157017, 58.94779529242347], [17.525309168438575, 58.967800474942486], [17.521573312059115, 58.99166218415371], [17.36402354262285, 58.99215128430757], [17.289023896882732, 59.05011513483601], [17.30392716754877, 59.14156769754461], [17.254162870668864, 59.190433545754246], [17.240336342916176, 59.24219234768216]]], [[[18.264468232727197, 59.36084778029375], [18.394850200154842, 59.36010404004548], [18.415921219565146, 59.35616367261652], [18.447273551887797, 59.34018399824786], [18.447095911883267, 59.333137351952026], [18.433585537576416, 59.32912634015177], [18.439631759999354, 59.32526824332285], [18.43715509427549, 59.320962350754854], [18.418584764051534, 59.30702017533857], [18.412317295771814, 59.29810165667163], [18.421403668538815, 59.29248615968205], [18.45167444528489, 59.29501837162817], [18.47654416105, 59.29063106404795], [18.499041565594602, 59.28295598507565], [18.5079672257751, 59.27598129733881], [18.547295795176986, 59.267489179740785], [18.55188609839979, 59.27307771493514], [18.539508331104816, 59.27846655918902], [18.54085826970715, 59.284141453969106], [18.61039854173119, 59.28855482126626], [18.680534185026744, 59.297292352748414], [18.685101621583023, 59.29211668568204], [18.635870929249077, 59.262944560198264], [18.639101027907085, 59.25747621255005], [18.60346347094429, 59.25345063380383], [18.59230565265706, 59.24738475408547], [18.566426772393946, 59.2430681699355], [18.565078084242227, 59.23201340571244], [18.548431575760354, 59.228781676284505], [18.524418265157188, 59.218364040972936], [18.482264005149094, 59.224581899891476], [18.47108838024715, 59.23968432258313], [18.449291316095493, 59.242302302312126], [18.424288426164313, 59.25071102194709], [18.414227480123504, 59.264770783617564], [18.397918991179743, 59.26992823979483], [18.378248074855794, 59.28524439800114], [18.34647855694409, 59.28642469874837], [18.333323188856887, 59.2908117162741], [18.349942132446355, 59.29944210958136], [18.34311541437245, 59.313414604883434], [18.346944181265012, 59.31835128122013], [18.363163035450697, 59.323296916801674], [18.37111196476345, 59.330145842772275], [18.304814013869954, 59.33727957360571], [18.293700566886972, 59.31437594493123], [18.28004877777387, 59.30902287381964], [18.258594190238195, 59.30352814937823], [18.2233546157203, 59.308802440865534], [18.222100886375735, 59.32059886843296], [18.226699305200682, 59.34401532501043], [18.259764481769018, 59.35392258519285], [18.264468232727197, 59.36084778029375]]], [[[18.46743870600963, 59.388721173276394], [18.456186233960473, 59.40381381416822], [18.444707136572802, 59.40614789518318], [18.436135721807137, 59.41646923371344], [18.46533097853769, 59.420036284073426], [18.499575556199815, 59.416747930930946], [18.50511077076742, 59.41389439078428], [18.519179451587597, 59.38997311098155], [18.584287650548674, 59.36730808816888], [18.60251247448852, 59.372164016056516], [18.615477668456418, 59.37146330588633], [18.62261638898695, 59.36586655849218], [18.62182571364007, 59.359506549322354], [18.612153846127576, 59.35508043413981], [18.54933583662322, 59.353497871508694], [18.554356473282944, 59.34662907276857], [18.576120141930474, 59.348701448744904], [18.62679611053147, 59.33650473478621], [18.634641665451475, 59.32619432811308], [18.633593776308047, 59.31781009387201], [18.625025192153355, 59.30663381175051], [18.61173665708747, 59.299268147652896], [18.51810481363781, 59.28981741305536], [18.483702867736614, 59.30153117307566], [18.4562755609369, 59.30632204870008], [18.468773744201766, 59.33993525235593], [18.469157991214125, 59.34866612386219], [18.455883198707923, 59.36314466079051], [18.467036396929693, 59.37999072150804], [18.46743870600963, 59.388721173276394]]], [[[17.78678727741437, 59.32597949977422], [17.789897791556907, 59.3178420664637], [17.781327268781535, 59.31029494905787], [17.760842244376732, 59.307398060984596], [17.73328729794705, 59.31169623909562], [17.713330430227526, 59.32759498109983], [17.697060879609026, 59.327607312146675], [17.65434488001424, 59.36447560565514], [17.636913859641314, 59.38702425116708], [17.630641339581697, 59.403291543076485], [17.60453494211973, 59.43104708832028], [17.598203201320764, 59.44697208421719], [17.599789847216506, 59.44996711984214], [17.613884259709362, 59.45370567437059], [17.62868755047563, 59.44432406870383], [17.643351775499927, 59.44066212835873], [17.66302684039477, 59.42780504506214], [17.679469140921746, 59.422075412832704], [17.69093860213557, 59.42587017661087], [17.709456542145624, 59.42143567069947], [17.730562607886455, 59.41021729198418], [17.70394394252216, 59.40508458928453], [17.702058902129753, 59.39907830911877], [17.713178360176485, 59.386067654797614], [17.723364788719497, 59.383494184891035], [17.7314443445533, 59.38600622790284], [17.73080509433395, 59.39274074810842], [17.73502084349024, 59.39567759107082], [17.762161816673373, 59.3799558223591], [17.775776439002776, 59.36587856732194], [17.780989537695895, 59.35265446724584], [17.77625122027773, 59.33124814931976], [17.78678727741437, 59.32597949977422]]], [[[17.613142873463424, 59.36332850652374], [17.59938615022188, 59.36261140409489], [17.58814158780027, 59.367874087663964], [17.57249459529773, 59.38904256172953], [17.55403450988402, 59.38706423487856], [17.543955464102023, 59.39096975594674], [17.53267836265937, 59.417075752435075], [17.548384405130832, 59.424481024988474], [17.593267595390806, 59.429262278154035], [17.63647243942676, 59.36182732899801], [17.65368573427223, 59.323829165018374], [17.681458446903545, 59.32122409341373], [17.70013448947251, 59.3124152862348], [17.759658560516193, 59.2953210939525], [17.77315071069704, 59.293681458862224], [17.797726970188396, 59.29851630264623], [17.809975892275073, 59.297233115378006], [17.80895257589089, 59.293558459919296], [17.839364577105247, 59.28547314870205], [17.84320261432352, 59.27832851706493], [17.81309239252257, 59.26994216864455], [17.76394283653762, 59.27943564302123], [17.72684015912518, 59.279242416930806], [17.685545616065173, 59.29626680698432], [17.632330544291502, 59.311514732567154], [17.626337447135516, 59.31702170562227], [17.624468295977497, 59.32478745328515], [17.628389713947886, 59.33175402779002], [17.624526055047216, 59.34594939864894], [17.61174446055096, 59.348578019471354], [17.617669500412937, 59.35618167898615], [17.613142873463424, 59.36332850652374]]], [[[18.578945387479965, 59.45621276580667], [18.573764426416552, 59.451319971031936], [18.57226751640577, 59.43925369929885], [18.560684502265673, 59.43016684354474], [18.544841988721732, 59.42892817122876], [18.54636703792143, 59.44670619629509], [18.539421478193425, 59.45396480048083], [18.526458926193015, 59.46037856867473], [18.52332558949746, 59.466847302289956], [18.52525263222195, 59.477216535766786], [18.513742173246797, 59.48492767842888], [18.520027066563795, 59.493500261669794], [18.532174072505047, 59.49651679845804], [18.54446494112604, 59.495173226452856], [18.54691750848722, 59.4883858349855], [18.55958609628313, 59.48500323965757], [18.57588606939389, 59.50034047516059], [18.552688064636865, 59.503344467569555], [18.552476807288986, 59.50704923573228], [18.56229272882785, 59.512150775782075], [18.561727638197564, 59.51822499351648], [18.584780722962957, 59.52967369884743], [18.59055730242981, 59.53925980918725], [18.661054512723602, 59.562467615257546], [18.672496255192193, 59.559442236798915], [18.661894581974995, 59.55336877021053], [18.662774817655954, 59.54997246486131], [18.67658100108751, 59.5502543000344], [18.67639353274755, 59.538483372090944], [18.687826489607538, 59.5354657931908], [18.688565791172323, 59.53107538698296], [18.672643436419428, 59.52952103657615], [18.63673730565993, 59.4996214484685], [18.599303674803828, 59.493627295401936], [18.59311739440137, 59.48607113632664], [18.600009855118454, 59.47309846336395], [18.59840274288522, 59.4600377510198], [18.59198744158195, 59.45583666900757], [18.578945387479965, 59.45621276580667]]], [[[18.405781579449332, 59.0105118101799], [18.394208296095563, 59.01082419797096], [18.388094380108416, 59.01939752711933], [18.363723794847367, 59.01534523362618], [18.345102760533766, 59.02189935835181], [18.341247920628362, 59.03342564689421], [18.364838440228738, 59.04725122319456], [18.361990687374682, 59.0506843378223], [18.348923204225898, 59.049360542393316], [18.345581665609725, 59.05415904813305], [18.374882526614527, 59.072532298276656], [18.37400889098937, 59.07624976165788], [18.36581167978179, 59.07815410135759], [18.370710446163976, 59.08138045909815], [18.411201011358013, 59.09004013811869], [18.466769375259023, 59.12180277381165], [18.484974807292513, 59.10078906055054], [18.47805951293138, 59.09156392293099], [18.45416424580327, 59.0811322841537], [18.45259160131308, 59.06772817678375], [18.42581892969807, 59.05467381360192], [18.417042914728608, 59.01826985845978], [18.405781579449332, 59.0105118101799]]], [[[18.972181189670557, 59.64138663139728], [18.970247329033096, 59.62084471052857], [18.914019787847312, 59.61949531011395], [18.905489804361682, 59.594653935827985], [18.857651879003246, 59.599334003028694], [18.77241372350016, 59.569063936445076], [18.75445878128809, 59.57751724161114], [18.80769686412995, 59.59869156247262], [18.85654833731492, 59.638774312274776], [18.917326393419195, 59.655239428339925], [18.972181189670557, 59.64138663139728]]], [[[18.220810136726026, 58.914897159980626], [18.193986325934272, 58.916939752863954], [18.193547084935723, 58.92467126747868], [18.188207441238823, 58.928846904385615], [18.171912641189337, 58.92119793692042], [18.147493062538945, 58.91575968409132], [18.147125038526443, 58.924181189644315], [18.211148754807887, 58.94976994292145], [18.271800112940838, 58.9676955505846], [18.289520040127528, 58.964545915458615], [18.322252540721685, 58.97443091746603], [18.345525057218826, 58.98625397314227], [18.35286634840916, 58.98269702136248], [18.35162226299299, 58.97196198210085], [18.342011602005005, 58.96685158873421], [18.290115280521217, 58.95275144698836], [18.2821723760853, 58.94524279417867], [18.307225991334285, 58.93313961242575], [18.27474356471482, 58.924926011834884], [18.255012364074425, 58.92712405433801], [18.220810136726026, 58.914897159980626]]], [[[18.07355553849113, 58.971048368287974], [18.052143250905363, 58.969903759328275], [18.058115407298178, 58.97748716785951], [18.056075239988957, 58.98862230656882], [18.059105158158392, 58.9929249831029], [18.081574312896613, 59.00380273697061], [18.081327737397846, 59.019594462274235], [18.090493304611577, 59.026770247467454], [18.133876955220153, 59.02770488685144], [18.16183859527376, 59.035399082425705], [18.205939388703488, 59.03091746031848], [18.201415299475055, 59.02498402567946], [18.1725418967529, 59.02101500710915], [18.163298184733343, 59.013181700888815], [18.16434604342969, 59.00508015264603], [18.15745149174134, 59.00123608528508], [18.146164939922496, 59.00420631586182], [18.13657474176192, 58.99907162162344], [18.138914068010887, 58.990938148710576], [18.1504614696742, 58.97854311772636], [18.13899077430236, 58.97379294615043], [18.121406227719454, 58.97222249945185], [18.111513275456655, 58.97617077403714], [18.108507382795537, 58.98430666785913], [18.100554807145205, 58.9882014641363], [18.090575261279, 58.985423231865894], [18.08306753597275, 58.97552437537712], [18.07355553849113, 58.971048368287974]]], [[[18.72089777114625, 59.363689422380425], [18.730047448618656, 59.3536671627589], [18.731903098944848, 59.342523612090524], [18.73143933466079, 59.32874638675353], [18.72436378786129, 59.31920433855895], [18.672166391130695, 59.30324307390641], [18.664626285047174, 59.305483523715566], [18.671532151837212, 59.33454110046128], [18.664784554254272, 59.348180065197674], [18.637158646172544, 59.3725125857819], [18.668525499642055, 59.37799861469212], [18.684373808395762, 59.3691350879928], [18.69542119581293, 59.373848970422635], [18.72089777114625, 59.363689422380425]]], [[[17.487971085105727, 59.37798355224667], [17.46987032899314, 59.38707685513672], [17.467640798812806, 59.3911544389962], [17.471213044456164, 59.41628399567008], [17.49191122148201, 59.42125302757155], [17.505449855082254, 59.41930010449135], [17.50933851403324, 59.41183332970433], [17.52172127313229, 59.4045246178452], [17.53478791695192, 59.383423730660006], [17.54281084479184, 59.37855880343878], [17.54468389990969, 59.37045314342514], [17.535089573869406, 59.3585494644723], [17.5398842982207, 59.347038386490716], [17.53085060967653, 59.34083715709566], [17.51920749654381, 59.34173574383149], [17.503050078661413, 59.3504672560911], [17.492939389189704, 59.36108503567181], [17.496376187367083, 59.37008179624849], [17.487971085105727, 59.37798355224667]]], [[[18.10584100943872, 59.389745881196404], [18.113316821607476, 59.392245017408094], [18.128820970049627, 59.390856650838565], [18.175219285403664, 59.37960598426324], [18.214521621625533, 59.37490848322486], [18.22915889204707, 59.377565136142664], [18.242652916463793, 59.375535788808946], [18.244543721809986, 59.36926807834012], [18.21667746361664, 59.36510707509703], [18.22367473657315, 59.35786518564417], [18.217804343940163, 59.351974979997564], [18.20561246725257, 59.34791624033854], [18.188210981313027, 59.34398751856141], [18.166114447477334, 59.34454181847552], [18.14372103547196, 59.3484651495117], [18.130059191233695, 59.36057187494935], [18.126169116424773, 59.36672061411377], [18.126280554437464, 59.373767904347524], [18.119643583803132, 59.3786361652699], [18.10754006562364, 59.38130170015422], [18.10584100943872, 59.389745881196404]]], [[[17.89059700213851, 59.334382821822366], [17.891204099151263, 59.32764754638067], [17.88505387645102, 59.32476454928868], [17.87707021063777, 59.310488731142456], [17.8606806486613, 59.30314250729464], [17.846615437686026, 59.305473489154245], [17.80833056327502, 59.33289675418309], [17.80635051633832, 59.338979137174974], [17.820828546076317, 59.35344631239314], [17.841846366509113, 59.354987799657266], [17.856445092434466, 59.350951983271095], [17.870105801384394, 59.33787835441953], [17.879443804028238, 59.3336267068318], [17.89059700213851, 59.334382821822366]]], [[[18.851259349349483, 59.40720445136448], [18.854093917823025, 59.413848331011174], [18.850926606052422, 59.42940808490457], [18.85836586160276, 59.43624985796856], [18.891288752139513, 59.44767463212124], [18.919311677116845, 59.44682108793435], [18.922445931573243, 59.44100640486988], [18.92281752880834, 59.43392801461317], [18.91301947040296, 59.42918501474433], [18.903213269599874, 59.42914847716664], [18.90107840577912, 59.41812350089454], [18.869751912146416, 59.403609820060574], [18.85990873326237, 59.39348365154007], [18.845457773743714, 59.387874578430115], [18.83605626173141, 59.39085085486647], [18.840327892540365, 59.39844960538904], [18.851259349349483, 59.40720445136448]]], [[[18.724338794282005, 59.283231338429154], [18.76604701425807, 59.29879957454481], [18.7798918897711, 59.30007409280804], [18.800133817725218, 59.29038543364424], [18.777126824824286, 59.27863337126255], [18.77151376889599, 59.265350690100966], [18.756484539229827, 59.25974589025172], [18.74200551022074, 59.263540470019386], [18.71439636893374, 59.261330713039186], [18.714286495262538, 59.27074643615214], [18.724338794282005, 59.283231338429154]]], [[[18.935095353407387, 59.39386718176138], [18.939312089641728, 59.37658168895017], [18.931446649804933, 59.37145253553277], [18.914574728394992, 59.37230481687422], [18.910698609051906, 59.377463449725255], [18.91260638057844, 59.396587369677675], [18.906188084884135, 59.40248901954908], [18.920479663147677, 59.40675691366244], [18.924074249958103, 59.414045953399814], [18.93442316369485, 59.41810118036183], [18.95177178849095, 59.415878732351196], [18.95529066271361, 59.40803258163564], [18.935095353407387, 59.39386718176138]]], [[[18.652954728390384, 59.18611761012584], [18.69406990898158, 59.21888474336725], [18.704777006026365, 59.21622142593281], [18.698785265006155, 59.20462419255544], [18.724863805493275, 59.21058940257468], [18.738363445930872, 59.20950428420215], [18.73203335097052, 59.20061971842555], [18.720482465950454, 59.196585640940576], [18.68267732880948, 59.19030472403223], [18.650180815398535, 59.17948683714544], [18.652954728390384, 59.18611761012584]]], [[[18.904550462419028, 59.35579941993916], [18.906495147700998, 59.35069583415296], [18.894127902360303, 59.346030930551116], [18.893238519264266, 59.339332831630465], [18.881287847491897, 59.3279287139099], [18.88318721403414, 59.32249428688317], [18.893797564650185, 59.31410484230414], [18.88478199106355, 59.310006451264975], [18.85187534802151, 59.3123609339835], [18.859144973072134, 59.31819115000414], [18.86841987322781, 59.344131100059634], [18.874496947679148, 59.350671335185446], [18.887830975407308, 59.357668826037546], [18.904550462419028, 59.35579941993916]]], [[[18.305580227586283, 59.42331675377846], [18.314074971308777, 59.44024389841394], [18.332343677592334, 59.44546893430389], [18.34460158552282, 59.43842406710288], [18.35859207953699, 59.43502620954259], [18.36010855917637, 59.43128758107777], [18.33691693976452, 59.42854186902508], [18.3174221162197, 59.4183029822472], [18.305580227586283, 59.42331675377846]]]]}}, {"type": "Feature", "id": "upp", "properties": {"county": "upp", "LAN": "Uppsala län", "LnKod": "03"}, "geometry": {"type": "Polygon", "coordinates": [[[17.36606018734798, 59.6122398824339], [17.35475348028784, 59.60292024233865], [17.422860506618814, 59.52724050217172], [17.42575301356014, 59.47435111298321], [17.340777928054692, 59.4767756264915], [17.217078747749408, 59.53267947904225], [17.10320854847032, 59.56054561240732], [17.0436524611497, 59.551937485733035], [16.973739664171205, 59.53127574840359], [16.904820797270112, 59.5674025674757], [16.86903791633011, 59.67444142148368], [16.794642714251115, 59.73200570689071], [16.744213072230284, 59.78128778324946], [16.79975419840751, 59.818752896067565], [16.831256652913613, 59.860216920527655], [16.778159411228433, 59.89999806680123], [16.798548400920048, 59.9222427058544], [16.789642220077532, 59.97000950803998], [16.69192467339571, 60.010841270446456], [16.72179738951838, 60.04155190444578], [16.69297584906959, 60.11054043619047], [16.73512138697997, 60.11868960349897], [16.720443656568335, 60.19990741414348], [16.797436768108998, 60.20170719653597], [16.88116489208504, 60.24158343802026], [16.86499697439335, 60.26259147459934], [16.90576266949825, 60.287133466686456], [17.100407676875342, 60.26871377044752], [17.199525419385328, 60.309193057406105], [17.204103016635397, 60.42871172272838], [17.30078611181402, 60.47113735289419], [17.350779427385234, 60.652334426666435], [17.607676188330345, 60.64960325097639], [17.60275987609773, 60.59604924452688], [17.65515508730719, 60.52449620326062], [17.731070675428054, 60.53178225973285], [17.78951329542908, 60.57847335635418], [17.90774836455045, 60.60262326702247], [17.987870969010523, 60.57492722019606], [17.99744052765788, 60.51059415378462], [18.101811190042703, 60.438115954364015], [18.270583020781938, 60.360934028211865], [18.368707675809073, 60.34614133893007], [18.404777794222376, 60.36702031408074], [18.366411297690888, 60.453689970257635], [18.372927557488477, 60.49687334487667], [18.408752422390716, 60.505042516954845], [18.44291021934438, 60.41686338909307], [18.511715244836388, 60.35688818910929], [18.581041280461147, 60.344181040944854], [18.567022554419932, 60.31251120472221], [18.481868546776912, 60.3100674926288], [18.562043104134162, 60.274662930582465], [18.600466902208716, 60.23521631860393], [18.569808438250625, 60.20849430205491], [18.508033120838107, 60.20972191442097], [18.51102576933666, 60.15487135524485], [18.48907090954902, 60.1056202850917], [18.462470917095978, 60.05672879626508], [18.381745016650278, 60.04532217786731], [18.441919620795776, 60.00372488057286], [18.403070281769917, 59.99584628941231], [18.37379165490911, 59.86890876513941], [18.297401506131752, 59.832982291712135], [18.139852439429774, 59.814182900302214], [18.089113194831693, 59.7361702053835], [18.04633487748603, 59.73401476851666], [18.036764993696007, 59.7369342211615], [18.009217026479067, 59.72616575266413], [17.98809977313796, 59.72598816025945], [17.9373643338201, 59.70768623105134], [17.91755109492763, 59.70713515070567], [17.838221341827616, 59.69180200570952], [17.8434371391171, 59.68496909892254], [17.82383721826244, 59.68002803326397], [17.81316029778077, 59.68497743376255], [17.791488313052895, 59.685450433252335], [17.768466263939764, 59.67924189513609], [17.755198452584942, 59.665073706295615], [17.736255701211846, 59.666502799279485], [17.730959738699955, 59.679392892679196], [17.705538222253278, 59.681953650420205], [17.69260278499936, 59.69095698115285], [17.635583007533032, 59.69502236063345], [17.63978122087114, 59.675947784173054], [17.611491591706034, 59.669148072678354], [17.582592803523536, 59.65596712584221], [17.590997151923936, 59.64985566320537], [17.57566672465247, 59.63830177772159], [17.561107106179463, 59.63724927966684], [17.545175513368328, 59.628842261677356], [17.531193041558534, 59.61265971027043], [17.53415655880543, 59.59513127544843], [17.57239074046376, 59.57586635504393], [17.566922601684574, 59.56197864545998], [17.552567502428406, 59.56047392162676], [17.526510856333804, 59.53412627261834], [17.50747573053008, 59.53383615825966], [17.473953062785796, 59.54693534892883], [17.44174962535478, 59.56807141622445], [17.414155749483832, 59.58943906784284], [17.404213493503452, 59.60306323580356], [17.398460509939422, 59.61963443490855], [17.36606018734798, 59.6122398824339]]]}}, {"type": "Feature", "id": "sod", "properties": {"county": "sod", "LAN": "Södermanlands län", "LnKod": "04"}, "geometry": {"type": "Polygon", "coordinates": [[[15.958148729188188, 58.96496982564136], [15.86130099941837, 58.998556996788544], [15.84305984325258, 59.02498245199594], [15.793832324272826, 59.03875688376084], [15.741794732348302, 58.98032739090942], [15.632337597866641, 59.00319709021309], [15.605867004897423, 59.02474818952362], [15.626336074665605, 59.06882849043352], [15.678522725376546, 59.112859980420936], [15.771711869814016, 59.120047248112], [15.76981019576768, 59.1500382053671], [15.836613264484452, 59.14656689700809], [15.885609737691887, 59.17078423309035], [15.892937070014582, 59.20654290577872], [16.071231759261938, 59.24100872815082], [16.180665207577544, 59.24695348777911], [16.26227051025053, 59.2635977069625], [16.29849968987858, 59.29572894385691], [16.256818312975124, 59.29832966945938], [16.065748333557924, 59.26668408665429], [15.994938393077152, 59.29450674336852], [15.854414671400223, 59.29966820352767], [15.92615584635953, 59.342665692412275], [15.997612192638163, 59.374600745696824], [16.05183745008487, 59.36404414094269], [16.13529827480001, 59.3571112299719], [16.25939717700797, 59.37113957447541], [16.272572359009423, 59.39569818467408], [16.224053861171356, 59.41504462244711], [16.23084411961175, 59.44270646180307], [16.41860728289541, 59.449307077229136], [16.516889956977842, 59.45934069615718], [16.60664094790303, 59.44992716417191], [16.70414207840661, 59.465498361390345], [16.785572152639563, 59.46771560044091], [16.838845669878953, 59.48050256881207], [16.9526673883302, 59.45286652211142], [16.96923068042331, 59.48802780548258], [17.015123785655742, 59.49942639320089], [17.07335796913276, 59.47728537630606], [17.042172246581313, 59.44130585533331], [17.078193221264858, 59.37710372174924], [17.153434313396993, 59.37915965330899], [17.120086161090008, 59.43956810053797], [17.14741831232291, 59.46126776866922], [17.281385568572254, 59.44283112187883], [17.32437157313743, 59.392574564647084], [17.272602289228402, 59.359902644119046], [17.303482660629523, 59.355916238966316], [17.312515279352535, 59.3243983234926], [17.257341548837914, 59.30468845383535], [17.28475366757554, 59.267956776630335], [17.240336342916176, 59.24219234768216], [17.254162870668864, 59.190433545754246], [17.30392716754877, 59.14156769754461], [17.289023896882732, 59.05011513483601], [17.36402354262285, 58.99215128430757], [17.521573312059115, 58.99166218415371], [17.525309168438575, 58.967800474942486], [17.600144398157017, 58.94779529242347], [17.618954305911938, 58.90484631289326], [17.56839128983846, 58.878059500783664], [17.59095836678213, 58.85020189713978], [17.557423281519593, 58.839418587455796], [17.492910989302533, 58.867823906047], [17.474831043475366, 58.804738512868106], [17.501014741862463, 58.78809168422897], [17.44998081630224, 58.7856624473225], [17.40389385306734, 58.79137667967065], [17.388367287529103, 58.746601466203586], [17.322929708779824, 58.75453396068887], [17.281506884512893, 58.72947842079308], [17.179984371209166, 58.7422261204436], [17.127842302083046, 58.742276703222906], [17.0794809643443, 58.7692487531715], [17.0132428201409, 58.755716879481234], [17.13287596185305, 58.696587266627695], [17.08874554862528, 58.6616044692042], [17.028817469692708, 58.683923300508674], [16.96974229113108, 58.68801613522467], [16.926245499048154, 58.67651383236328], [17.009475831304787, 58.663508833026235], [17.01062021446629, 58.641671734137155], [16.901492459788486, 58.62203089496425], [16.748364638852205, 58.63245257888593], [16.687839181433656, 58.68001485762876], [16.54529242066426, 58.705769040134236], [16.369456100491018, 58.7099676051577], [16.25292227237245, 58.82905038937946], [16.226592232283895, 58.84942710181083], [16.167030431379956, 58.85738960995871], [16.09888704922267, 58.89722217981258], [16.053787511966554, 58.9416449190299], [15.958148729188188, 58.96496982564136]]]}}, {"type": "Feature", "id": "ost", "properties": {"county": "ost", "LAN": "Östergötlands län", "LnKod": "05"}, "geometry": {"type": "Polygon", "coordinates": [[[14.933686695514663, 58.13111512877835], [14.894717834913761, 58.08986290806553], [14.755587679570818, 58.073776728012675], [14.748141114139449, 58.10487193998902], [14.604126501229622, 58.092494630951315], [14.537647020226723, 58.10613509178947], [14.590756714767656, 58.20514497137767], [14.614093071058791, 58.2725637832833], [14.638924723118802, 58.29476451243921], [14.625842133413613, 58.31530457628898], [14.646261901768792, 58.34976358864304], [14.659821963641525, 58.38398707072199], [14.772619965045527, 58.43412390497504], [14.775678316248426, 58.466479901606995], [14.818979948180864, 58.4768499490488], [14.862217965132277, 58.452889837072746], [14.923629653509701, 58.46769320514242], [14.961470499944387, 58.51807364143429], [15.024137546143255, 58.5381784377722], [14.98964024676598, 58.55449182548584], [14.92905274982556, 58.56135477014307], [14.859163725150523, 58.59034176240875], [14.926683577043145, 58.63373752350698], [14.939575061342001, 58.69905893195078], [15.028300978365543, 58.72779900706986], [15.049838371284993, 58.764628466346565], [15.085945860706861, 58.80428336304712], [15.134414452498708, 58.83599381858471], [15.186905888798062, 58.83674184819305], [15.247400005213633, 58.87500209055754], [15.33918964667233, 58.8472328566956], [15.387330322036497, 58.85990404313779], [15.419401229428226, 58.830918104093406], [15.439950809832126, 58.876816402713175], [15.523524360655816, 58.87563608992981], [15.566391817034162, 58.91116533069357], [15.530669113895602, 58.94461429808746], [15.632337597866641, 59.00319709021309], [15.741794732348302, 58.98032739090942], [15.793832324272826, 59.03875688376084], [15.84305984325258, 59.02498245199594], [15.86130099941837, 58.998556996788544], [15.958148729188188, 58.96496982564136], [16.053787511966554, 58.9416449190299], [16.09888704922267, 58.89722217981258], [16.167030431379956, 58.85738960995871], [16.226592232283895, 58.84942710181083], [16.25292227237245, 58.82905038937946], [16.369456100491018, 58.7099676051577], [16.54529242066426, 58.705769040134236], [16.687839181433656, 58.68001485762876], [16.748364638852205, 58.63245257888593], [16.68322984131872, 58.635021816338885], [16.578573163743158, 58.645611415961504], [16.444526786652226, 58.66345552263957], [16.37546030542325, 58.66429896771912], [16.273594812412863, 58.672643650681614], [16.234287314894665, 58.65341505231957], [16.232837194671493, 58.619107400304166], [16.265591498795434, 58.61158848328327], [16.34574907284492, 58.628183631655], [16.399531779717144, 58.593930854745864], [16.421277218448523, 58.639615677679444], [16.57200207592708, 58.6333599564651], [16.711974261554488, 58.59865964741106], [16.827564331613576, 58.55095585500357], [16.903087672265574, 58.5095275029133], [16.828307116596363, 58.4476000876431], [16.71988195410641, 58.427784642338295], [16.56492385699742, 58.4411916263466], [16.596469123029316, 58.41614105082075], [16.68893125248713, 58.4008864819575], [16.71456013593198, 58.36653608478701], [16.809585476511966, 58.3618687841981], [16.88369191399493, 58.32958221308158], [16.847609847066202, 58.28313761182125], [16.680985017887913, 58.26612111011113], [16.7660558375241, 58.23255153222344], [16.819900816912124, 58.18897577626821], [16.769002245621188, 58.12359961317483], [16.679097488876018, 58.146045467384184], [16.691575825669204, 58.11439065716465], [16.772599231584298, 58.07078596605313], [16.70932070803998, 58.04975391437655], [16.748818512928644, 58.00415183273881], [16.68889722271325, 57.9822860197069], [16.612464552733822, 57.989283899328356], [16.561644549499416, 58.09960181703693], [16.501002396143324, 58.11632273118499], [16.46916933097136, 58.0840253910378], [16.371983275530727, 58.15139961582061], [16.293720350301356, 58.133558160224524], [16.251842675684802, 58.15798799752051], [16.179033402336106, 58.12464153587055], [16.15126620487659, 58.108306983405235], [16.175504053352732, 58.066929920849454], [16.1168011339934, 58.06342245727524], [16.092080064756185, 58.088529530219], [15.998818160666186, 58.08775138976367], [15.984405801045948, 58.035572024792856], [16.064852726791777, 57.972586280229145], [16.019724972241818, 57.953706725143036], [16.066763795968747, 57.86475886223086], [16.01862797737186, 57.86147173562441], [15.91962728809122, 57.813381815544375], [15.866647921940316, 57.83296388965392], [15.79472917531401, 57.81386994239521], [15.778232289834666, 57.84564257887652], [15.670931200751328, 57.86482197362993], [15.580595742471347, 57.85395361866517], [15.590997220690333, 57.8243872551444], [15.53646488204831, 57.79628639688539], [15.516613774956076, 57.761898474642656], [15.457057592127303, 57.76722459253568], [15.429140900800574, 57.747157232833665], [15.415854709586203, 57.700911392473884], [15.284385658196332, 57.715771756159455], [15.141346312863229, 57.707646526907574], [15.100256499397176, 57.75874796551454], [15.064575705175208, 57.82579642128413], [15.076378818360057, 57.85044051174584], [15.004579546789419, 57.895978538842655], [14.983107309542582, 57.93449510785922], [15.014315195464432, 57.97675981334756], [15.049617203162645, 58.00011358803416], [15.025647395411635, 58.03215728666985], [14.981983490508053, 58.11765500299593], [14.933686695514663, 58.13111512877835]]]}}, {"type": "Feature", "id": "jon", "properties": {"county": "jon", "LAN": "Jönköpings län", "LnKod": "06"}, "geometry": {"type": "Polygon", "coordinates": [[[14.983107309542582, 57.93449510785922], [15.004579546789419, 57.895978538842655], [15.076378818360057, 57.85044051174584], [15.064575705175208, 57.82579642128413], [15.100256499397176, 57.75874796551454], [15.141346312863229, 57.707646526907574], [15.284385658196332, 57.715771756159455], [15.415854709586203, 57.700911392473884], [15.440394208875075, 57.67416508848089], [15.512690206950795, 57.666282479747636], [15.653235403684285, 57.60719994584813], [15.578200209525168, 57.55565370397585], [15.6217380503323, 57.53494788729615], [15.635693890194553, 57.506961853068916], [15.605372144664276, 57.49070947165804], [15.602240764463314, 57.44567370441155], [15.54669513508991, 57.46710288273133], [15.498793233829511, 57.44645897046297], [15.503759806922496, 57.39190392639836], [15.489656568270005, 57.372850767894896], [15.50680848486668, 57.32841805988243], [15.459838956061198, 57.31132558854234], [15.465258401553891, 57.258559049704566], [15.49906969096183, 57.24568927161081], [15.529974938942495, 57.199956758226406], [15.376741105749883, 57.233062597484725], [15.217690148187616, 57.21883836881368], [15.171762407761824, 57.237749825700725], [15.11191445096735, 57.23755808948583], [15.15459802067115, 57.20258675435442], [15.085347365790321, 57.204721498499694], [15.067761961082644, 57.18885044524597], [15.026038477192978, 57.173735695807274], [14.984922670758808, 57.167007088244304], [14.96682907349428, 57.14271295379473], [14.910091992918485, 57.140451705518984], [14.893371596370123, 57.19015225146255], [14.851632692021612, 57.214141260789376], [14.787664365276829, 57.23207384465686], [14.72894191077826, 57.23163692565521], [14.672286720183724, 57.21299736817789], [14.60820251603195, 57.2073633419518], [14.59236621643721, 57.19375838430497], [14.553327274017374, 57.197621985822096], [14.543998430997782, 57.165602854619586], [14.48733400007654, 57.15770898568608], [14.339994983951428, 57.1544457078473], [14.339807330805861, 57.062389437662006], [14.320213925116814, 57.04532785569665], [14.330411645110923, 57.01051237740074], [14.392172629288293, 56.969428885884476], [14.339745068315787, 56.89809800966536], [14.292011646872423, 56.88246638529997], [14.247252568710604, 56.895566756735015], [14.2039964806221, 56.948278437478706], [14.194967807671839, 56.990257699624514], [14.134846268927957, 57.041964316595234], [14.113344657604172, 57.03219975907457], [14.074263824011467, 57.053965640552924], [14.019878033171844, 57.06381698720723], [13.931729376187487, 57.050006934454196], [13.920921486521658, 57.025252531428144], [13.862027294465166, 57.00821017977483], [13.818695061781812, 57.06435792380738], [13.746756193055656, 57.068296461296065], [13.704743117523805, 57.0533971211657], [13.684981923327841, 56.98636082267028], [13.620188547199255, 56.999526553904886], [13.592383382187075, 57.03143730313468], [13.60825793612495, 57.06859935316857], [13.526815287925848, 57.09568023895609], [13.496472823496324, 57.09161185580227], [13.484902509556644, 57.12277441348015], [13.459685265263259, 57.10945916777437], [13.358584151576855, 57.11744104360675], [13.269492568756831, 57.096003567056414], [13.228227790736922, 57.10675826171372], [13.220337574241894, 57.0764380750344], [13.131233649733987, 57.03147907382283], [13.090182474143907, 57.09563752860716], [13.086029402886933, 57.127053715549884], [13.133314344602365, 57.149138378741576], [13.180476676967384, 57.184443587571806], [13.197893571073257, 57.23418885725227], [13.227735277915745, 57.25637461356879], [13.27273333304363, 57.24728368351046], [13.293511203752645, 57.30348609497298], [13.369175371897441, 57.313501560297034], [13.38544654009225, 57.332635023197355], [13.429732393015154, 57.33974113562051], [13.43009471962048, 57.363165530528136], [13.486060524230309, 57.38057661879339], [13.508292508239396, 57.41566549600445], [13.621084877981852, 57.51528116424], [13.667413445216123, 57.53304240828837], [13.682085896290594, 57.56124146122042], [13.672886778091367, 57.60673993760898], [13.676430496827134, 57.62822984053709], [13.722047821803674, 57.64060402481321], [13.736804384619646, 57.668796770208615], [13.707451592226736, 57.707390944932655], [13.710927946655497, 57.7348957136817], [13.742693692345869, 57.76412201653535], [13.741449241110551, 57.843540547967606], [13.749191394931959, 57.88286900983091], [13.708874621558593, 57.93756845860356], [13.708451716933867, 57.98208086718761], [13.757848687949444, 58.01414053456309], [13.77634275605727, 58.04998338970864], [13.798454555860685, 58.053792009691605], [13.846752146298154, 58.03897286750837], [13.875826851697381, 58.05027512171441], [13.950972058174399, 58.03418698781412], [13.960174432287564, 58.009409249234075], [14.068603646161764, 58.02868291512312], [14.071782067024193, 58.046569891461424], [14.114222319425942, 58.075240213539686], [14.113241793061459, 58.15166470979983], [14.213029887958095, 58.14568717017319], [14.19398058683135, 58.06600298204161], [14.157833793649534, 57.99736349510619], [14.116891937362313, 57.957815993198665], [14.114122534771482, 57.88576662544324], [14.14201506157457, 57.87180325320665], [14.158345916010738, 57.8313092021032], [14.150942183512104, 57.79015473047908], [14.179392047664772, 57.77975613871537], [14.208672252068311, 57.792773215096275], [14.259720493216777, 57.79568793958843], [14.26682423215411, 57.85309430821414], [14.28570955412782, 57.900907044737195], [14.35219886716027, 57.968020303013155], [14.450141634576699, 58.00283124705711], [14.46832933859247, 58.04524546479847], [14.537647020226723, 58.10613509178947], [14.604126501229622, 58.092494630951315], [14.748141114139449, 58.10487193998902], [14.755587679570818, 58.073776728012675], [14.894717834913761, 58.08986290806553], [14.933686695514663, 58.13111512877835], [14.981983490508053, 58.11765500299593], [15.025647395411635, 58.03215728666985], [15.049617203162645, 58.00011358803416], [15.014315195464432, 57.97675981334756], [14.983107309542582, 57.93449510785922]]]}}, {"type": "Feature", "id": "kro", "properties": {"county": "kro", "LAN": "Kronobergs län", "LnKod": "07"}, "geometry": {"type": "Polygon", "coordinates": [[[15.067761961082644, 57.18885044524597], [15.085347365790321, 57.204721498499694], [15.15459802067115, 57.20258675435442], [15.11191445096735, 57.23755808948583], [15.171762407761824, 57.237749825700725], [15.217690148187616, 57.21883836881368], [15.376741105749883, 57.233062597484725], [15.529974938942495, 57.199956758226406], [15.555690962768734, 57.18439561106805], [15.535680765567331, 57.15304167156075], [15.627141743657218, 57.13120692924674], [15.664004173286457, 57.08733501545546], [15.736524880162838, 57.07078509868588], [15.798755672374973, 57.02287124625018], [15.841441149400888, 56.9767467483266], [15.80927401580662, 56.920860157258424], [15.692725357417421, 56.91549062621657], [15.652160728457305, 56.91076789878395], [15.553999936937313, 56.929446785070816], [15.51190156817057, 56.9175364636849], [15.510018589508457, 56.89835065841951], [15.551651101489567, 56.8361213725674], [15.540745811934732, 56.8054403932387], [15.4371911406888, 56.79723689557326], [15.357762302374123, 56.77848506435382], [15.419987982546921, 56.71507788179144], [15.407834305568999, 56.6724096183834], [15.41878644131973, 56.64643712259476], [15.362162446842422, 56.60461341748103], [15.371206575856748, 56.558862788116876], [15.342111642687813, 56.54433425853323], [15.335739406960794, 56.48684292565372], [15.295946680635858, 56.46210489132725], [15.25134165682175, 56.48282899006412], [15.202336219572187, 56.46583244654916], [15.193729482137377, 56.43922481321769], [15.13514218256204, 56.439028644296876], [15.126573984249767, 56.461227514134194], [15.019013116629555, 56.460213131336864], [14.965878298609162, 56.43794130146215], [14.92059123951729, 56.38328091392892], [14.879974046301115, 56.363296782320056], [14.802460288084353, 56.38209158318218], [14.71001553119969, 56.390818543202286], [14.668634187345306, 56.40090851864477], [14.596902255717477, 56.45177326433862], [14.524387542161145, 56.45806797139602], [14.414744106112853, 56.48072274240882], [14.252972872135455, 56.50352882614825], [14.237871540357657, 56.491662399937], [14.133376709813605, 56.50777616552917], [14.101924561141875, 56.532812206296825], [14.062583543197746, 56.53115199996739], [14.054762959595333, 56.50447257551829], [14.016114244393908, 56.468476786899984], [13.928233585874832, 56.46734747992321], [13.869882921527067, 56.4485117607089], [13.788788490559114, 56.44876344134067], [13.705079428007984, 56.427888656031804], [13.577010859301053, 56.4093193277374], [13.497185321891234, 56.40993240488461], [13.457224279674413, 56.430957381367854], [13.471398433452215, 56.45256121460521], [13.448396112854814, 56.471629239390836], [13.474441616372998, 56.51374219495812], [13.444029785584878, 56.569197142238956], [13.41715422012192, 56.584808311561176], [13.373722089284108, 56.66245493097168], [13.326239973111825, 56.693364174689414], [13.322055548599746, 56.772866274546395], [13.296283698114745, 56.84729068861386], [13.34038006661551, 56.87123970268274], [13.37158292160515, 56.86087492795858], [13.469403640893583, 56.87823264527889], [13.487252284539071, 56.86661823732174], [13.533588776074327, 56.8898025009821], [13.612648441804629, 56.89165727533195], [13.622057482856771, 56.909266633218735], [13.660316015903199, 56.90210630800661], [13.69306365098351, 56.961940025133124], [13.684981923327841, 56.98636082267028], [13.704743117523805, 57.0533971211657], [13.746756193055656, 57.068296461296065], [13.818695061781812, 57.06435792380738], [13.862027294465166, 57.00821017977483], [13.920921486521658, 57.025252531428144], [13.931729376187487, 57.050006934454196], [14.019878033171844, 57.06381698720723], [14.074263824011467, 57.053965640552924], [14.113344657604172, 57.03219975907457], [14.134846268927957, 57.041964316595234], [14.194967807671839, 56.990257699624514], [14.2039964806221, 56.948278437478706], [14.247252568710604, 56.895566756735015], [14.292011646872423, 56.88246638529997], [14.339745068315787, 56.89809800966536], [14.392172629288293, 56.969428885884476], [14.330411645110923, 57.01051237740074], [14.320213925116814, 57.04532785569665], [14.339807330805861, 57.062389437662006], [14.339994983951428, 57.1544457078473], [14.48733400007654, 57.15770898568608], [14.543998430997782, 57.165602854619586], [14.553327274017374, 57.197621985822096], [14.59236621643721, 57.19375838430497], [14.60820251603195, 57.2073633419518], [14.672286720183724, 57.21299736817789], [14.72894191077826, 57.23163692565521], [14.787664365276829, 57.23207384465686], [14.851632692021612, 57.214141260789376], [14.893371596370123, 57.19015225146255], [14.910091992918485, 57.140451705518984], [14.96682907349428, 57.14271295379473], [14.984922670758808, 57.167007088244304], [15.026038477192978, 57.173735695807274], [15.067761961082644, 57.18885044524597]]]}}, {"type": "Feature", "id": "kal", "properties": {"county": "kal", "LAN": "Kalmar län", "LnKod": "08"}, "geometry": {"type": "MultiPolygon", "coordinates": [[[[15.736524880162838, 57.07078509868588], [15.664004173286457, 57.08733501545546], [15.627141743657218, 57.13120692924674], [15.535680765567331, 57.15304167156075], [15.555690962768734, 57.18439561106805], [15.529974938942495, 57.199956758226406], [15.49906969096183, 57.24568927161081], [15.465258401553891, 57.258559049704566], [15.459838956061198, 57.31132558854234], [15.50680848486668, 57.32841805988243], [15.489656568270005, 57.372850767894896], [15.503759806922496, 57.39190392639836], [15.498793233829511, 57.44645897046297], [15.54669513508991, 57.46710288273133], [15.602240764463314, 57.44567370441155], [15.605372144664276, 57.49070947165804], [15.635693890194553, 57.506961853068916], [15.6217380503323, 57.53494788729615], [15.578200209525168, 57.55565370397585], [15.653235403684285, 57.60719994584813], [15.512690206950795, 57.666282479747636], [15.440394208875075, 57.67416508848089], [15.415854709586203, 57.700911392473884], [15.429140900800574, 57.747157232833665], [15.457057592127303, 57.76722459253568], [15.516613774956076, 57.761898474642656], [15.53646488204831, 57.79628639688539], [15.590997220690333, 57.8243872551444], [15.580595742471347, 57.85395361866517], [15.670931200751328, 57.86482197362993], [15.778232289834666, 57.84564257887652], [15.79472917531401, 57.81386994239521], [15.866647921940316, 57.83296388965392], [15.91962728809122, 57.813381815544375], [16.01862797737186, 57.86147173562441], [16.066763795968747, 57.86475886223086], [16.019724972241818, 57.953706725143036], [16.064852726791777, 57.972586280229145], [15.984405801045948, 58.035572024792856], [15.998818160666186, 58.08775138976367], [16.092080064756185, 58.088529530219], [16.1168011339934, 58.06342245727524], [16.175504053352732, 58.066929920849454], [16.15126620487659, 58.108306983405235], [16.179033402336106, 58.12464153587055], [16.251842675684802, 58.15798799752051], [16.293720350301356, 58.133558160224524], [16.371983275530727, 58.15139961582061], [16.46916933097136, 58.0840253910378], [16.501002396143324, 58.11632273118499], [16.561644549499416, 58.09960181703693], [16.612464552733822, 57.989283899328356], [16.68889722271325, 57.9822860197069], [16.748818512928644, 58.00415183273881], [16.765553983876973, 57.92265933179778], [16.744005790697464, 57.86432114974749], [16.68606774100392, 57.8900467567071], [16.60027236547325, 57.89950896329459], [16.533259342293892, 57.84785839505295], [16.61810528155686, 57.78052319892104], [16.69250219543034, 57.75369903956021], [16.693755983451442, 57.704672616333], [16.635380936111147, 57.68692930177886], [16.605355649493, 57.647299001668095], [16.63934769462563, 57.62142627200182], [16.706673160344753, 57.63491972532734], [16.705268657919458, 57.60239726873086], [16.67063026755576, 57.58485017221949], [16.578877386310044, 57.580854585249085], [16.668368731374596, 57.521578284312035], [16.68966683479938, 57.48567475300219], [16.654900154222915, 57.42644988090178], [16.618275246206757, 57.37279488866158], [16.547935350690178, 57.37217704312265], [16.557916099632617, 57.3171355243384], [16.48037567193922, 57.28618976716022], [16.49869004045049, 57.237833380986324], [16.462637612306274, 57.19861414466173], [16.497774401256677, 57.13281025906887], [16.58099364143623, 57.11080918759458], [16.490749662661752, 57.03907968592851], [16.454747133563913, 56.985372417906426], [16.46080567146336, 56.941473117814375], [16.43589795577899, 56.88761166218168], [16.406702176527162, 56.79661423960814], [16.44245244820739, 56.80865983147842], [16.469345594315286, 56.78326748680782], [16.438374127058143, 56.76365297484346], [16.39687878499918, 56.782795250310265], [16.353624672192634, 56.682465384524484], [16.279299757651383, 56.672997838654716], [16.23551552780803, 56.625227110132755], [16.22209026057473, 56.59534045329226], [16.22433849977352, 56.5480952489726], [16.186503543759923, 56.539765363132595], [16.16307752134261, 56.49423998388791], [16.11964884071639, 56.47055776275829], [16.08392219770381, 56.40352048719674], [16.052058454848613, 56.324142970010755], [15.987583154729817, 56.30665955403318], [15.945947474482107, 56.32386632329514], [15.851165424902527, 56.32095367309503], [15.794220134902385, 56.34270289760357], [15.730774713726689, 56.41007096204848], [15.67736782010966, 56.418863118495274], [15.65568329299103, 56.444343463141074], [15.639484848506857, 56.47008794524391], [15.590504953833294, 56.46951778277442], [15.56438210295, 56.50007519941485], [15.492630483781188, 56.515342247397456], [15.481349123455047, 56.48226435047009], [15.398049487510013, 56.49938578420374], [15.335739406960794, 56.48684292565372], [15.342111642687813, 56.54433425853323], [15.371206575856748, 56.558862788116876], [15.362162446842422, 56.60461341748103], [15.41878644131973, 56.64643712259476], [15.407834305568999, 56.6724096183834], [15.419987982546921, 56.71507788179144], [15.357762302374123, 56.77848506435382], [15.4371911406888, 56.79723689557326], [15.540745811934732, 56.8054403932387], [15.551651101489567, 56.8361213725674], [15.510018589508457, 56.89835065841951], [15.51190156817057, 56.9175364636849], [15.553999936937313, 56.929446785070816], [15.652160728457305, 56.91076789878395], [15.692725357417421, 56.91549062621657], [15.80927401580662, 56.920860157258424], [15.841441149400888, 56.9767467483266], [15.798755672374973, 57.02287124625018], [15.736524880162838, 57.07078509868588]]], [[[16.520947309578986, 56.76522011599834], [16.57430790129407, 56.823133122497396], [16.60835974822912, 56.88238774541601], [16.649235827187173, 56.90128345224414], [16.708536587936308, 56.900753600557216], [16.740079003507322, 56.96197541274814], [16.771874846010505, 57.01048004512544], [16.813417590993886, 57.03110462463392], [16.843604044658036, 57.07247371377858], [16.890057025579132, 57.12536175105045], [16.91610835814072, 57.17608862481067], [16.90458264565935, 57.20954239167764], [16.944631859557802, 57.223007037883065], [16.95603315944427, 57.25481925380037], [16.96542512896231, 57.304923423042126], [17.019908971435495, 57.34815289898329], [17.061512825548995, 57.36690935472796], [17.08410459647313, 57.350760431715706], [17.113123273290356, 57.359532987059055], [17.12967421016011, 57.32023302290665], [17.079177945249413, 57.30577408997852], [17.053623324999403, 57.27135674213259], [17.067797983410323, 57.24856710775805], [17.065781669261042, 57.18885846331797], [17.038806835421244, 57.174496597412976], [16.98747679255218, 57.116562858002425], [16.950353871140713, 57.048511363948315], [16.91083860111608, 57.049547967907706], [16.93575343883919, 57.016924541567384], [16.879370199520093, 56.990154754052476], [16.875482263093655, 56.92153183173892], [16.85348690794932, 56.899535660190864], [16.855689050771396, 56.868561046894285], [16.82696446767979, 56.83254375477406], [16.779000495195294, 56.82507691364418], [16.70253651257791, 56.67823094638648], [16.68375825795102, 56.62336614675552], [16.69146504230094, 56.60108420819224], [16.638664325614872, 56.57217928545988], [16.630755832336625, 56.525612285070444], [16.599759469069607, 56.46436617980451], [16.557324138604237, 56.40934273577858], [16.5721206482353, 56.375690333086446], [16.506697744348397, 56.291474495158894], [16.473754986457305, 56.233970024186455], [16.40804931341687, 56.20228808733654], [16.416863571648673, 56.254227955325355], [16.39825751853524, 56.27181325330997], [16.405983533615572, 56.43071245290044], [16.3843738639851, 56.4358169463899], [16.378750855082615, 56.53764874815325], [16.388333926964588, 56.57866399842469], [16.43912170873104, 56.627729417066796], [16.458183755173113, 56.680769298853214], [16.520947309578986, 56.76522011599834]]]]}}, {"type": "Feature", "id": "got", "properties": {"county": "got", "LAN": "Gotlands län", "LnKod": "09"}, "geometry": {"type": "Polygon", "coordinates": [[[18.48038247457216, 57.836077254181355], [18.58406210248812, 57.852903417950486], [18.607001519799645, 57.89463847812037], [18.653907708368347, 57.914347084462044], [18.70641135563883, 57.9299317084832], [18.77020686573844, 57.84991450058381], [18.818222585750238, 57.91679246585895], [18.859186957734114, 57.938768892966856], [18.9997192304975, 57.91935827728497], [19.05463590784989, 57.941874270908876], [19.07428986174021, 57.98204476604266], [19.149866127913555, 58.00455527292739], [19.233428303761844, 57.98807118042942], [19.288896929934992, 57.99042775521907], [19.305796138185414, 57.96888312545364], [19.27621137071918, 57.95147138133822], [19.20145026491867, 57.95265513615503], [19.139891487016328, 57.941687756757986], [19.11486410456346, 57.92750770910791], [19.134016933554005, 57.902145501322494], [19.09390945356819, 57.86196713205085], [18.995425637762438, 57.83051841002991], [18.997463465265014, 57.79393533748121], [18.93294989736849, 57.79407849443548], [18.9234229512133, 57.73118828216826], [18.8485631006097, 57.730376467304595], [18.79735744582732, 57.75115439357792], [18.784223068357228, 57.697685564973156], [18.7486390867909, 57.6261250701471], [18.782141880401156, 57.61416467814634], [18.76690563933844, 57.55360127241461], [18.73411919316166, 57.52365826455298], [18.776350727916682, 57.47454313104617], [18.83919970323854, 57.44909460650335], [18.900374256125865, 57.440141550403425], [18.867041260507268, 57.39753278955305], [18.725852086987192, 57.37516303831332], [18.654747413688394, 57.317569191231556], [18.655438508836937, 57.28657666141857], [18.69411636296876, 57.2705290122752], [18.6568019089956, 57.235525201609704], [18.54347647293921, 57.21424720479045], [18.527366639125063, 57.19378194074017], [18.383796134769884, 57.136757231730144], [18.424004128476483, 57.12611472586573], [18.318465240813772, 57.084012219961885], [18.319945961858334, 57.02025512194012], [18.372497384074993, 57.006783149047635], [18.30044474322998, 56.95280310394102], [18.18957617081765, 56.91289621018764], [18.124353337750097, 56.916430860220814], [18.180706298737107, 56.986330557822136], [18.192385644834577, 57.02717877709876], [18.258460653100688, 57.04898934309792], [18.28340718052773, 57.077837774467426], [18.273844083420535, 57.10225381451003], [18.209381581182164, 57.074858955715186], [18.18815257869465, 57.08204622500667], [18.204968056941677, 57.140653437735516], [18.131181516422252, 57.17393942423222], [18.1367333442599, 57.25164379873556], [18.082733331671584, 57.26147180029997], [18.0971594526362, 57.300274300378696], [18.14987772123163, 57.332350073933455], [18.165020488892676, 57.396552583551184], [18.12903114646455, 57.423099197953455], [18.090930171231236, 57.52428778361953], [18.10876950297707, 57.56283845351217], [18.191142127840905, 57.61434215894362], [18.245286813137728, 57.62630696044627], [18.314266912390725, 57.67702998558837], [18.390323604587216, 57.75077540591915], [18.425981109546868, 57.81329997408911], [18.48038247457216, 57.836077254181355]]]}}, {"type": "Feature", "id": "ble", "properties": {"county": "ble", "LAN": "Blekinge län", "LnKod": "10"}, "geometry": {"type": "Polygon", "coordinates": [[[14.571977461144256, 56.19962886509652], [14.549578392069707, 56.22432742508278], [14.493581679868601, 56.21830209000515], [14.440818643863468, 56.23013410890244], [14.432557054831966, 56.27391911223325], [14.389626149076646, 56.34118501240944], [14.411786394092294, 56.392390521165375], [14.468692167718755, 56.40203577411223], [14.524387542161145, 56.45806797139602], [14.596902255717477, 56.45177326433862], [14.668634187345306, 56.40090851864477], [14.71001553119969, 56.390818543202286], [14.802460288084353, 56.38209158318218], [14.879974046301115, 56.363296782320056], [14.92059123951729, 56.38328091392892], [14.965878298609162, 56.43794130146215], [15.019013116629555, 56.460213131336864], [15.126573984249767, 56.461227514134194], [15.13514218256204, 56.439028644296876], [15.193729482137377, 56.43922481321769], [15.202336219572187, 56.46583244654916], [15.25134165682175, 56.48282899006412], [15.295946680635858, 56.46210489132725], [15.335739406960794, 56.48684292565372], [15.398049487510013, 56.49938578420374], [15.481349123455047, 56.48226435047009], [15.492630483781188, 56.515342247397456], [15.56438210295, 56.50007519941485], [15.590504953833294, 56.46951778277442], [15.639484848506857, 56.47008794524391], [15.65568329299103, 56.444343463141074], [15.67736782010966, 56.418863118495274], [15.730774713726689, 56.41007096204848], [15.794220134902385, 56.34270289760357], [15.851165424902527, 56.32095367309503], [15.945947474482107, 56.32386632329514], [15.987583154729817, 56.30665955403318], [16.052058454848613, 56.324142970010755], [16.010895172571736, 56.23632997486399], [15.9552347592906, 56.17480795842062], [15.912667797284357, 56.15767936763297], [15.85139955343267, 56.08382826683006], [15.787550648694685, 56.11690269401555], [15.71103010274395, 56.09102739579664], [15.664425765108934, 56.099406238304475], [15.72652333512645, 56.13346541468362], [15.742587697721353, 56.163211423759215], [15.692955667348091, 56.18807946577764], [15.593832599256183, 56.17802333849009], [15.560983077026135, 56.190921569689706], [15.495682015735104, 56.1774818443646], [15.456738021088253, 56.155759627956506], [15.410857952724685, 56.18390219244432], [15.386210080618312, 56.15826921494357], [15.317326349695557, 56.137115552607376], [15.293766778499242, 56.18012945172955], [15.253293555395569, 56.17170976062017], [15.16427400155623, 56.16252130232208], [15.096907026318599, 56.16466670592987], [15.060561102896436, 56.18787551384792], [15.022451104638927, 56.16357817333398], [14.850514653990825, 56.15894349969373], [14.775064229033967, 56.152336109525194], [14.733243127754303, 56.15285963211653], [14.679624861761827, 56.15943220824463], [14.684740474369212, 56.11760594558426], [14.721358141228677, 56.07220737988742], [14.782177542376639, 56.03629798158163], [14.72708290273735, 55.99962152489037], [14.663158336834384, 56.00136182247991], [14.608205480861223, 56.017024894422875], [14.545965098605866, 56.045694131118154], [14.554381920428915, 56.07414518927383], [14.594909083036217, 56.08459191842888], [14.571977461144256, 56.19962886509652]]]}}, {"type": "Feature", "id": "skane", "properties": {"county": "skane", "LAN": "Skåne län", "LnKod": "12"}, "geometry": {"type": "Polygon", "coordinates": [[[13.705079428007984, 56.427888656031804], [13.788788490559114, 56.44876344134067], [13.869882921527067, 56.4485117607089], [13.928233585874832, 56.46734747992321], [14.016114244393908, 56.468476786899984], [14.054762959595333, 56.50447257551829], [14.062583543197746, 56.53115199996739], [14.101924561141875, 56.532812206296825], [14.133376709813605, 56.50777616552917], [14.237871540357657, 56.491662399937], [14.252972872135455, 56.50352882614825], [14.414744106112853, 56.48072274240882], [14.524387542161145, 56.45806797139602], [14.468692167718755, 56.40203577411223], [14.411786394092294, 56.392390521165375], [14.389626149076646, 56.34118501240944], [14.432557054831966, 56.27391911223325], [14.440818643863468, 56.23013410890244], [14.493581679868601, 56.21830209000515], [14.549578392069707, 56.22432742508278], [14.571977461144256, 56.19962886509652], [14.594909083036217, 56.08459191842888], [14.554381920428915, 56.07414518927383], [14.545965098605866, 56.045694131118154], [14.4681147207831, 56.03001666090174], [14.429642765320686, 55.98872344836732], [14.354303863092008, 55.96202449122493], [14.323868259945778, 55.91666831465888], [14.28010388388215, 55.904518513366455], [14.209345538048927, 55.82874850067136], [14.198904304039447, 55.75886910784526], [14.217837718324663, 55.692902180894926], [14.277843680927779, 55.671701596779386], [14.296274202293658, 55.61294791043356], [14.348893938172058, 55.58669050513971], [14.363361513642284, 55.542566848582375], [14.331343014953669, 55.50454603931763], [14.260190562179368, 55.45955957262962], [14.19057297623692, 55.385569968090664], [14.103161027982265, 55.3919103608826], [14.061544130475124, 55.38861883501772], [13.958050112857276, 55.43177290636118], [13.915306801024942, 55.44113589620423], [13.850521852250445, 55.43170731996372], [13.737294031393395, 55.43543973901193], [13.700534787870788, 55.422781824700245], [13.649000713407471, 55.42113718331556], [13.593909323663189, 55.381230861010785], [13.484907103844897, 55.38212737157587], [13.451917036198392, 55.374820013389446], [13.420320751913913, 55.359758776737685], [13.380328685485251, 55.35680515557895], [13.335747432738149, 55.34002515887014], [13.31991002698549, 55.350476917225436], [13.28551725504249, 55.3470039884166], [13.211959290159644, 55.36698288557316], [13.118829336467053, 55.37931838446571], [13.060257052488186, 55.37394460239762], [12.974292138700369, 55.40476201207825], [12.944556361669555, 55.401247247393066], [12.929730760521565, 55.395785808200756], [12.925174668999341, 55.388318760793], [12.908424339469416, 55.38812002336288], [12.894346986796293, 55.39642993608141], [12.874763882153323, 55.39882808914552], [12.816333377814328, 55.38593562762743], [12.863775171855316, 55.44739570911168], [12.870414843141516, 55.44060004631875], [12.880060218986886, 55.41901258006786], [12.933232412143047, 55.411701961816576], [12.945189736763597, 55.423484847817726], [12.957916441116566, 55.446391201004175], [12.96041795162432, 55.47024451368455], [12.950879311494315, 55.48706867905439], [12.915743949064176, 55.53111981079939], [12.908847381563392, 55.55592906829531], [12.907641848404134, 55.57442980184151], [12.926169121900603, 55.586306290460584], [13.006247089498165, 55.617385543410464], [13.046416543688446, 55.62417378985318], [13.054566807926212, 55.63611932878927], [13.051715381113079, 55.653864685635895], [13.065564554456738, 55.67466217023896], [13.064532197505715, 55.68259119082502], [13.05119809074891, 55.70256370102211], [12.997903905640413, 55.7247714964732], [12.973063454074218, 55.72393063501301], [12.956112463240592, 55.72691666577357], [12.967246740854915, 55.73868558286501], [12.95484797890382, 55.752308038508474], [12.92677063720095, 55.74458042705923], [12.909668355717438, 55.75866325310322], [12.936691960917788, 55.77539153189097], [12.926472775720507, 55.82632623015985], [12.904759059971628, 55.86319615871767], [12.835323480471356, 55.871448752904826], [12.776537224474698, 55.96141137783124], [12.755865285181045, 56.01048584865444], [12.713356727110478, 56.051786478010385], [12.663170718632472, 56.08437694847034], [12.61954397343334, 56.11848353864716], [12.585833748738441, 56.13897778874913], [12.57309686698215, 56.15627620349443], [12.552256732468505, 56.21830164229659], [12.53676538068508, 56.24770997717801], [12.502231481482093, 56.27961056883774], [12.459366690001383, 56.29741049519247], [12.505011632555298, 56.3011178482894], [12.678333351343676, 56.24592013905642], [12.70453476909801, 56.22509509441702], [12.73362866881887, 56.22575930268583], [12.790434211766396, 56.217211867245915], [12.828037137361406, 56.23283373817162], [12.848271773676268, 56.262666512181134], [12.820415346250812, 56.294407720956784], [12.769323485909995, 56.32224127330413], [12.744961832530253, 56.35683798226562], [12.69318188031983, 56.38045531511566], [12.639210468077618, 56.38792873550459], [12.631589719600319, 56.42785633171627], [12.680053900280134, 56.45122081419053], [12.727143640462643, 56.463820456524196], [12.796349513462259, 56.44850155485314], [12.8456905997739, 56.43033569962737], [12.903786797924624, 56.44423538403616], [12.970808577649631, 56.42169824480172], [12.946921124728522, 56.367400652578844], [12.991349916412133, 56.36139247357973], [13.151577259012994, 56.35110503856995], [13.202129983880612, 56.328523072780875], [13.302669448936927, 56.38788963814782], [13.378099282462099, 56.41523795626992], [13.41994818500487, 56.413391882181664], [13.457224279674413, 56.430957381367854], [13.497185321891234, 56.40993240488461], [13.577010859301053, 56.4093193277374], [13.705079428007984, 56.427888656031804]]]}}, {"type": "Feature", "id": "hal", "properties": {"county": "hal", "LAN": "Hallands län", "LnKod": "13"}, "geometry": {"type": "Polygon", "coordinates": [[[13.296283698114745, 56.84729068861386], [13.322055548599746, 56.772866274546395], [13.326239973111825, 56.693364174689414], [13.373722089284108, 56.66245493097168], [13.41715422012192, 56.584808311561176], [13.444029785584878, 56.569197142238956], [13.474441616372998, 56.51374219495812], [13.448396112854814, 56.471629239390836], [13.471398433452215, 56.45256121460521], [13.457224279674413, 56.430957381367854], [13.41994818500487, 56.413391882181664], [13.378099282462099, 56.41523795626992], [13.302669448936927, 56.38788963814782], [13.202129983880612, 56.328523072780875], [13.151577259012994, 56.35110503856995], [12.991349916412133, 56.36139247357973], [12.946921124728522, 56.367400652578844], [12.970808577649631, 56.42169824480172], [12.903786797924624, 56.44423538403616], [12.935772697141335, 56.47178267043163], [12.953004219663049, 56.501713843891956], [12.954383279619837, 56.54970690301596], [12.940121424027243, 56.594132229024545], [12.908117015269267, 56.6440735687156], [12.848800146617666, 56.66265033639279], [12.793717885065147, 56.64138964428942], [12.738391327870287, 56.64173467227497], [12.65899230037171, 56.72942658855624], [12.622385558444671, 56.781241776333054], [12.623468928944854, 56.829837150847084], [12.487175191439924, 56.88888848110824], [12.410258628828133, 56.90245459595001], [12.35866657370073, 56.93489204222916], [12.372577647671761, 56.96680897086422], [12.36946874688675, 56.99355697466806], [12.340896450346325, 57.028111801313116], [12.293332645878458, 57.04419147816623], [12.261735494681949, 57.08314721626209], [12.248756855130777, 57.13946754834178], [12.197665800974958, 57.182662013717504], [12.1327656653232, 57.22269246091611], [12.134159007462575, 57.26228573002884], [12.182463028063607, 57.27688302628841], [12.163680432649578, 57.33757643714259], [12.149160655768743, 57.3466987653073], [12.114555671391354, 57.34118419326307], [12.100945406316717, 57.35087606652998], [12.122837366935272, 57.3870367384868], [12.12215673292137, 57.4347022222023], [12.111315421360363, 57.45575557378589], [12.092174074098606, 57.46150104624517], [12.072744223894576, 57.450087676051375], [12.05945437897591, 57.426029048431005], [12.039886158815872, 57.37655313483843], [12.028695821099118, 57.36113624253794], [12.011678822057851, 57.35569832128736], [11.987720279080227, 57.36125487989378], [11.970331623947292, 57.37883556825877], [11.93329228191827, 57.42623431021469], [11.926814294314376, 57.44207804810866], [11.933742476569805, 57.46055477760191], [11.957967066153172, 57.50164367809237], [11.947353386990052, 57.56110541641873], [12.013265790139123, 57.56280014012734], [12.038461573357292, 57.549607358801545], [12.138272313343558, 57.56227508748412], [12.20563302063319, 57.5764294739484], [12.284043402363631, 57.60418253861554], [12.342856885099662, 57.56773687227801], [12.32676040386992, 57.529147818974025], [12.343935856421242, 57.51258338577804], [12.354612111138632, 57.4920377089758], [12.344927065492382, 57.46920783055612], [12.355728410950343, 57.457786537197926], [12.381624784921561, 57.452760732546075], [12.397161498383058, 57.44310019660906], [12.41174651438527, 57.4109117276105], [12.395717952627773, 57.34196017172593], [12.430791475455976, 57.32055035969917], [12.427927495112597, 57.27199428230029], [12.505452611533805, 57.2800145599255], [12.527635504492725, 57.32247748191853], [12.652912114576925, 57.337688759358485], [12.705489586931051, 57.33211480148282], [12.798670181206106, 57.289079656176604], [12.858330244222579, 57.26762923992136], [12.931060562669575, 57.26659399749163], [12.953291249584716, 57.23689678896814], [12.932240176112474, 57.22871681794991], [12.941227052355222, 57.176104262982186], [13.01206121019595, 57.185896766433444], [13.057287273457343, 57.1786763863261], [13.047556849874374, 57.15744031543873], [13.072781334521167, 57.149215967697664], [13.10090084599583, 57.160687600935475], [13.133314344602365, 57.149138378741576], [13.086029402886933, 57.127053715549884], [13.090182474143907, 57.09563752860716], [13.131233649733987, 57.03147907382283], [13.220337574241894, 57.0764380750344], [13.228227790736922, 57.10675826171372], [13.269492568756831, 57.096003567056414], [13.358584151576855, 57.11744104360675], [13.459685265263259, 57.10945916777437], [13.484902509556644, 57.12277441348015], [13.496472823496324, 57.09161185580227], [13.526815287925848, 57.09568023895609], [13.60825793612495, 57.06859935316857], [13.592383382187075, 57.03143730313468], [13.620188547199255, 56.999526553904886], [13.684981923327841, 56.98636082267028], [13.69306365098351, 56.961940025133124], [13.660316015903199, 56.90210630800661], [13.622057482856771, 56.909266633218735], [13.612648441804629, 56.89165727533195], [13.533588776074327, 56.8898025009821], [13.487252284539071, 56.86661823732174], [13.469403640893583, 56.87823264527889], [13.37158292160515, 56.86087492795858], [13.34038006661551, 56.87123970268274], [13.296283698114745, 56.84729068861386]]]}}, {"type": "Feature", "id": "vg", "properties": {"county": "vg", "LAN": "Västra Götalands län", "LnKod": "14"}, "geometry": {"type": "MultiPolygon", "coordinates": [[[[12.284043402363631, 57.60418253861554], [12.20563302063319, 57.5764294739484], [12.138272313343558, 57.56227508748412], [12.038461573357292, 57.549607358801545], [12.013265790139123, 57.56280014012734], [11.947353386990052, 57.56110541641873], [11.951476921725593, 57.58502187067138], [11.95196213835989, 57.62844711552372], [11.942177481789711, 57.6377376785965], [11.926080778592539, 57.62213551070713], [11.913292636566357, 57.622199939479366], [11.882202737427583, 57.66605984104045], [11.880441196962847, 57.67350106585789], [11.88744549020972, 57.68179863122501], [11.957864486669084, 57.70583947733507], [11.938229604681311, 57.70512305572187], [11.908368679810353, 57.698651047682006], [11.89400720993131, 57.70401332549818], [11.849325725861075, 57.69805593991788], [11.830933470187638, 57.713441512808224], [11.81489093051513, 57.7160637839418], [11.801437038842634, 57.71287872777737], [11.796919517281502, 57.69983727475613], [11.772675125839227, 57.69623419310343], [11.755652404328307, 57.6987905413248], [11.731708821189008, 57.71985382659956], [11.731469478033608, 57.72869093900723], [11.748854535861566, 57.743568880387635], [11.81910063590582, 57.76016672350599], [11.828245527251473, 57.79195795104398], [11.778558188336898, 57.78865134799154], [11.766358638908876, 57.79193867691421], [11.760126412147766, 57.81314086077112], [11.716550585289085, 57.84095330035086], [11.722001376906148, 57.854567138581956], [11.75254689361873, 57.88307081783941], [11.760392377300228, 57.90212508470708], [11.790400625135192, 57.93649730263609], [11.77629298437326, 57.947752496715076], [11.775836550154272, 57.961139529483575], [11.781675954949455, 57.97118485648126], [11.831028816686462, 58.001735302059885], [11.841648074955737, 58.02614566806008], [11.841935072308255, 58.048004030605824], [11.829088571597682, 58.09197583487556], [11.8658137973208, 58.11949766568459], [11.880555430842549, 58.13708366034521], [11.883660840780237, 58.16241641679535], [11.876468884510553, 58.185643218022996], [11.895713939625649, 58.18936309122074], [11.919050131367824, 58.204259173276725], [11.919999938412241, 58.220627194213], [11.889782631723712, 58.21985514230793], [11.886995255573048, 58.241698899166266], [11.83336004585292, 58.28928278220422], [11.839521144367957, 58.3020751248371], [11.878934601044987, 58.32690374360595], [11.816890980201736, 58.3245492349764], [11.77139513391077, 58.33173031642129], [11.733725354452659, 58.32853033625376], [11.75370486039753, 58.317014017176966], [11.744167790422445, 58.306806096115906], [11.705018419496648, 58.30659689749173], [11.684099806508323, 58.28300253000048], [11.658402284432947, 58.267536302484736], [11.634282598244258, 58.25739250979422], [11.603481982045373, 58.25352280478706], [11.589765756826173, 58.23394152957285], [11.565698996478424, 58.21685495289849], [11.530557403148572, 58.20765326771618], [11.439166869053222, 58.19866519890372], [11.431607127467931, 58.20474357041608], [11.471146888011923, 58.241864716489935], [11.49986518978397, 58.24627204696951], [11.525335037058014, 58.25645164136633], [11.563543917922866, 58.28472269016354], [11.559730899442307, 58.31151805532564], [11.536949590880052, 58.30172404800236], [11.512962631977699, 58.28114290324762], [11.493559383737157, 58.269647076901265], [11.45320813200652, 58.26549859169714], [11.448323294060451, 58.27317065871854], [11.464552178667544, 58.282893583794035], [11.471417194841154, 58.30055772637618], [11.447168494170466, 58.30277913131993], [11.429179312423303, 58.30862708897389], [11.445419093708747, 58.34755982264973], [11.414716160238054, 58.34255225173673], [11.413810529185879, 58.37387754003071], [11.384533531257285, 58.35789049104992], [11.3596699448882, 58.36190895474349], [11.349479527201055, 58.371209302154], [11.334796893872685, 58.37256623639028], [11.326200783100846, 58.360757515311725], [11.293555719460446, 58.34916142690311], [11.258927683590345, 58.348211794481465], [11.253424637908845, 58.35786046096687], [11.279331812817363, 58.375521737786244], [11.265963117495495, 58.418723779719286], [11.273002116497773, 58.432189602859076], [11.292082724285939, 58.43538187389993], [11.299890572361557, 58.42100288624053], [11.312219613832097, 58.420268039093834], [11.332711654673467, 58.42756730451062], [11.337111426470994, 58.43988491892992], [11.327004400277787, 58.46767980704779], [11.271125867835291, 58.5627374227967], [11.30961872423154, 58.59564924652511], [11.255061388864526, 58.683153996833774], [11.177573012430587, 58.74730495582525], [11.179502070057442, 58.834747976424865], [11.171929568735528, 58.858022964451486], [11.131610143573765, 58.90941665116704], [11.131696613228934, 58.92443499665315], [11.13634661515336, 58.92784920773208], [11.160301757334938, 58.92402953592139], [11.173278548879383, 58.926186478054284], [11.171020683906209, 58.935743621028095], [11.14192010202326, 58.955428548162466], [11.13420016902927, 58.967440161738864], [11.131445581715996, 59.011837492086826], [11.21141749129573, 59.08970472899222], [11.252743341916126, 59.0951658558413], [11.315660578130377, 59.11651216538888], [11.359395870709518, 59.11131502058438], [11.454924806175889, 59.01808804562305], [11.445007816782846, 58.923348591691315], [11.452132406387992, 58.89842812872179], [11.50493998029252, 58.88112506587456], [11.64994412189152, 58.918767385423585], [11.676341569535456, 58.96075295855844], [11.673406187289938, 58.99494828547382], [11.706449393990132, 59.045505550580465], [11.776346907679507, 59.1065420687569], [11.754747021586041, 59.125038669856934], [11.758567390337573, 59.20878605192882], [11.820322505009065, 59.235528732644376], [11.948329227321512, 59.26237283227685], [12.084478237222488, 59.197054845952124], [12.06197465915269, 59.27159200574869], [12.231041852065632, 59.273567312295135], [12.26763738344932, 59.20213276936005], [12.346422204602884, 59.186979281174935], [12.421456513949769, 59.19712460487402], [12.464428777754238, 59.14489092069024], [12.574384244746549, 59.13428323520992], [12.638881746808643, 59.19514655529295], [12.710247283868165, 59.17821046287048], [12.76630588384271, 59.152785099242905], [12.772589588947609, 59.070416013922134], [12.688501806325494, 58.986770504358795], [12.652838441713223, 58.95560462584929], [12.63854709705012, 58.8786794013357], [12.492927134897453, 58.75046496158833], [12.498857083110313, 58.69265071324474], [12.546860706549298, 58.66580093362016], [12.64963371478752, 58.66222083451859], [12.671349343265026, 58.64524318793092], [12.623341993707866, 58.621729048763584], [12.566338108537904, 58.58230085252397], [12.52597465681219, 58.53808785965929], [12.46541914729227, 58.495752221042984], [12.386361051980497, 58.467816761767644], [12.329167261524303, 58.422913667785124], [12.328606161583734, 58.39233947203835], [12.419923707079965, 58.38567899294193], [12.456071086243147, 58.400656365880394], [12.513397062836837, 58.39509192739426], [12.594673071291682, 58.46427916789581], [12.652584716163968, 58.46223242823347], [12.633952072436578, 58.402118348520595], [12.704677738285103, 58.41895411622107], [12.700911314062864, 58.44070241705558], [12.772739206560113, 58.48852755697491], [12.890987825780881, 58.50037196391285], [12.950345351625831, 58.55397876933292], [12.946163353533922, 58.572156506853624], [13.010152537426864, 58.60935270422843], [13.113612342264751, 58.70086287699299], [13.181597050309438, 58.69459741047195], [13.223642452760444, 58.67671268596246], [13.137117665239016, 58.51795797346831], [13.176101644837688, 58.50380857356527], [13.255237991004472, 58.49824927306034], [13.301629581880848, 58.516804040520654], [13.3192511518484, 58.562943651996676], [13.344613671345112, 58.61417738736401], [13.432764247714294, 58.64841075699773], [13.528705532202634, 58.66603334519845], [13.612856539291485, 58.69491386030489], [13.702836596271938, 58.69644354511703], [13.77008960922696, 58.706128436117766], [13.860466177023476, 58.74901347281817], [13.888878929690355, 58.772993258631246], [13.852699129956752, 58.78362939368227], [13.780908230013212, 58.76877278758776], [13.736641144528383, 58.752677298736685], [13.725606392701147, 58.789227985591204], [13.66491007458564, 58.818892005467006], [13.684455117739121, 58.85231569842192], [13.85523476357113, 58.83761778325618], [13.907402319348126, 58.81906343849056], [13.965049802388553, 58.85073482031021], [14.00478934849099, 58.89823932004591], [14.02192211657721, 58.95457887469853], [14.00272180069731, 59.00235964070335], [14.116855736902709, 59.04100094287997], [14.210166465942558, 59.04224789403557], [14.267961349700515, 58.99974299901451], [14.308396071411295, 58.8930141257632], [14.370409894981378, 58.87012334095748], [14.32676960403973, 58.83414684753275], [14.402446211969416, 58.799159666918605], [14.457642916164673, 58.79716344140469], [14.468146826525768, 58.72435882663136], [14.53764255793885, 58.72449710495496], [14.546253182650503, 58.69693720768212], [14.59643565058126, 58.70524826344447], [14.625077980598734, 58.74536904971205], [14.684288034167661, 58.74595269571978], [14.721473028451996, 58.70178484737256], [14.671331425326223, 58.66871606668776], [14.58778657367819, 58.64767797707234], [14.541886897583339, 58.624716404870156], [14.540372669669383, 58.581451694142196], [14.532760175820297, 58.542121848646275], [14.4903849907933, 58.48285623698473], [14.45023269782813, 58.47041484194959], [14.35150493080439, 58.34711657168055], [14.281190466533072, 58.30000825988487], [14.254118024239048, 58.22732527102262], [14.219228046891491, 58.18570627418837], [14.213029887958095, 58.14568717017319], [14.113241793061459, 58.15166470979983], [14.114222319425942, 58.075240213539686], [14.071782067024193, 58.046569891461424], [14.068603646161764, 58.02868291512312], [13.960174432287564, 58.009409249234075], [13.950972058174399, 58.03418698781412], [13.875826851697381, 58.05027512171441], [13.846752146298154, 58.03897286750837], [13.798454555860685, 58.053792009691605], [13.77634275605727, 58.04998338970864], [13.757848687949444, 58.01414053456309], [13.708451716933867, 57.98208086718761], [13.708874621558593, 57.93756845860356], [13.749191394931959, 57.88286900983091], [13.741449241110551, 57.843540547967606], [13.742693692345869, 57.76412201653535], [13.710927946655497, 57.7348957136817], [13.707451592226736, 57.707390944932655], [13.736804384619646, 57.668796770208615], [13.722047821803674, 57.64060402481321], [13.676430496827134, 57.62822984053709], [13.672886778091367, 57.60673993760898], [13.682085896290594, 57.56124146122042], [13.667413445216123, 57.53304240828837], [13.621084877981852, 57.51528116424], [13.508292508239396, 57.41566549600445], [13.486060524230309, 57.38057661879339], [13.43009471962048, 57.363165530528136], [13.429732393015154, 57.33974113562051], [13.38544654009225, 57.332635023197355], [13.369175371897441, 57.313501560297034], [13.293511203752645, 57.30348609497298], [13.27273333304363, 57.24728368351046], [13.227735277915745, 57.25637461356879], [13.197893571073257, 57.23418885725227], [13.180476676967384, 57.184443587571806], [13.133314344602365, 57.149138378741576], [13.10090084599583, 57.160687600935475], [13.072781334521167, 57.149215967697664], [13.047556849874374, 57.15744031543873], [13.057287273457343, 57.1786763863261], [13.01206121019595, 57.185896766433444], [12.941227052355222, 57.176104262982186], [12.932240176112474, 57.22871681794991], [12.953291249584716, 57.23689678896814], [12.931060562669575, 57.26659399749163], [12.858330244222579, 57.26762923992136], [12.798670181206106, 57.289079656176604], [12.705489586931051, 57.33211480148282], [12.652912114576925, 57.337688759358485], [12.527635504492725, 57.32247748191853], [12.505452611533805, 57.2800145599255], [12.427927495112597, 57.27199428230029], [12.430791475455976, 57.32055035969917], [12.395717952627773, 57.34196017172593], [12.41174651438527, 57.4109117276105], [12.397161498383058, 57.44310019660906], [12.381624784921561, 57.452760732546075], [12.355728410950343, 57.457786537197926], [12.344927065492382, 57.46920783055612], [12.354612111138632, 57.4920377089758], [12.343935856421242, 57.51258338577804], [12.32676040386992, 57.529147818974025], [12.342856885099662, 57.56773687227801], [12.284043402363631, 57.60418253861554]]], [[[11.845196684157946, 58.1199270686876], [11.770809990773289, 58.11277206719472], [11.750917325925444, 58.1055061833455], [11.733159116325204, 58.08973062752136], [11.710144515348812, 58.09238907887359], [11.71252934034709, 58.10532823798947], [11.642377636238402, 58.12950508021366], [11.609543882237299, 58.1178644184402], [11.59691071852504, 58.10603104121146], [11.59068248224897, 58.09048954934332], [11.575495873574257, 58.0751350504376], [11.554569786249683, 58.062652012108494], [11.53591029593241, 58.05983299923979], [11.51998714256528, 58.063486036294144], [11.5078504432031, 58.07116666198235], [11.489542998614972, 58.06065778919711], [11.473665556173769, 58.068639669581515], [11.4981583836214, 58.086381497849786], [11.502693165682926, 58.09957874966737], [11.487311050979665, 58.112460787262314], [11.444522206709982, 58.13564161766067], [11.43949529888852, 58.14696720367944], [11.417137446123828, 58.14820281282508], [11.4043055709402, 58.136612156213005], [11.391591581759892, 58.13235979155846], [11.40833235799363, 58.15767103487401], [11.435550635099784, 58.17824219173179], [11.486695233022276, 58.17355978065729], [11.521063136480858, 58.18867247508516], [11.550964599395401, 58.19496955717655], [11.595567972602497, 58.211768829850875], [11.636464157584964, 58.239288780999004], [11.658290705035157, 58.242706299111134], [11.696443531743903, 58.241056464453024], [11.701498169308163, 58.253047955914774], [11.69694779433453, 58.267732203796115], [11.701422274160278, 58.2822577053461], [11.733094549087099, 58.292934890162215], [11.752880993226254, 58.29514686178973], [11.790348709803625, 58.2935090445805], [11.791346223172324, 58.27508827152432], [11.800665508156106, 58.25785483894327], [11.839578052727024, 58.242623404344634], [11.858713044691138, 58.23027502996656], [11.867028940730231, 58.21722163746794], [11.84949882467668, 58.18318163394719], [11.855998820101785, 58.162972429734126], [11.853318283203825, 58.1368967960857], [11.845196684157946, 58.1199270686876]]], [[[11.70059429767905, 57.97755826903016], [11.702349249837088, 57.97065785453063], [11.652553397274021, 57.95426012752389], [11.635005085561309, 57.93373797040202], [11.602514289855327, 57.93165841000075], [11.595656080542767, 57.939700896391976], [11.59439731164263, 57.95948912206606], [11.567813654295588, 57.966478398585245], [11.561209195990807, 57.97210956664158], [11.55758066076007, 57.986442931334494], [11.560450467610671, 57.99621142104732], [11.598709802564242, 58.0003976302594], [11.60089419687134, 58.00745445697893], [11.5969572169104, 58.015872645654525], [11.539377463362069, 58.01520055633213], [11.53054599666967, 58.02290402598868], [11.529495916519032, 58.031965978970405], [11.540713084369076, 58.04688795801818], [11.56758430067702, 58.05546391040052], [11.623801761319092, 58.051232020678185], [11.643305618102259, 58.05467688002006], [11.65447877224896, 58.06154131035344], [11.672386131395546, 58.088506574177494], [11.680830644363047, 58.093122356678464], [11.698923095613237, 58.091667529089484], [11.720687016794654, 58.083928512832415], [11.717784296068599, 58.07416370188495], [11.706115195326676, 58.06247136109658], [11.724479542951938, 58.05834353190331], [11.75410815710052, 58.06966406148256], [11.772181376615872, 58.05908443767898], [11.775999261018955, 58.04208321962218], [11.776157986833642, 58.01782925545817], [11.768410711205071, 58.002132351179725], [11.753350318636583, 57.9945878497918], [11.740412953133193, 57.99463264103142], [11.734189537019049, 58.00618992618307], [11.715104661952962, 58.00812921126053], [11.70059429767905, 57.97755826903016]]], [[[11.667897130527754, 57.745349263646], [11.706103472625735, 57.758575960158716], [11.720757381786907, 57.741711207542814], [11.708129694404063, 57.72899698066671], [11.697817776564008, 57.71016330180209], [11.699047643566002, 57.692810126716445], [11.694595554033276, 57.68145611072391], [11.68401089745644, 57.67729083642022], [11.6329654142499, 57.696109323879426], [11.631070578320807, 57.70511672975644], [11.655023727344734, 57.704467773173725], [11.657428559720167, 57.71425488365242], [11.650357281677708, 57.718202407632354], [11.650017158430964, 57.72789034805021], [11.667603676254974, 57.72720898627802], [11.667897130527754, 57.745349263646]]], [[[11.670077190741969, 57.90347995912685], [11.713725848916983, 57.90301803597969], [11.701226330583971, 57.88163445869554], [11.629364108550737, 57.86007646017188], [11.598353169160752, 57.87172477872884], [11.631105992765525, 57.897671980048614], [11.670077190741969, 57.90347995912685]]], [[[11.601522155588825, 57.74336563519608], [11.622767512292183, 57.79392410941463], [11.659081045732895, 57.77090342834729], [11.618295529607297, 57.740057170074124], [11.601522155588825, 57.74336563519608]]], [[[11.780159873070899, 58.07841022398747], [11.785701237853646, 58.10572046732663], [11.802784084238684, 58.10117209210622], [11.803276862874345, 58.08982681014926], [11.791413027954187, 58.080482743463456], [11.780159873070899, 58.07841022398747]]], [[[11.751542797121134, 58.083585896567705], [11.765986374571675, 58.10124000504023], [11.772345837301636, 58.08284535620094], [11.751542797121134, 58.083585896567705]]]]}}, {"type": "Feature", "id": "vrm", "properties": {"county": "vrm", "LAN": "Värmlands län", "LnKod": "17"}, "geometry": {"type": "Polygon", "coordinates": [[[13.100414874618027, 59.2503760097618], [13.166042899137116, 59.17388523186905], [13.22400190129873, 59.07238777965804], [13.25959939833248, 58.91944251306925], [13.214421567117103, 58.89778783965066], [13.107396219689234, 58.9272468211101], [13.076898634723186, 59.02581021344271], [13.024478447121611, 59.026023399011834], [12.995300276824178, 59.064994683038336], [12.906468526258495, 59.05570652723908], [12.898289897771965, 59.09567434327037], [12.772589588947609, 59.070416013922134], [12.76630588384271, 59.152785099242905], [12.710247283868165, 59.17821046287048], [12.638881746808643, 59.19514655529295], [12.574384244746549, 59.13428323520992], [12.464428777754238, 59.14489092069024], [12.421456513949769, 59.19712460487402], [12.346422204602884, 59.186979281174935], [12.26763738344932, 59.20213276936005], [12.231041852065632, 59.273567312295135], [12.06197465915269, 59.27159200574869], [12.084478237222488, 59.197054845952124], [11.948329227321512, 59.26237283227685], [11.820322505009065, 59.235528732644376], [11.817035455476063, 59.34360484314179], [11.779603748731269, 59.38608453757308], [11.745428266324595, 59.48966259068039], [11.696253877667218, 59.58823484383374], [11.744584673146464, 59.63913005124003], [11.856500803919026, 59.65401343218768], [11.885519022827392, 59.689204785638246], [11.942060296290967, 59.72540033208534], [11.93252477312007, 59.78510995169026], [11.864769916697412, 59.84646500740901], [11.971693548353961, 59.90283314861267], [12.055841330088496, 59.88777305804281], [12.160915916627959, 59.89723188008384], [12.223083800866865, 59.934967429492126], [12.349316999218516, 59.96707199806779], [12.380555621966783, 60.012922956229716], [12.44763732334115, 60.03898403642016], [12.541182706986183, 60.186116553377516], [12.498955948562543, 60.32622527467237], [12.609516435866418, 60.414525562948306], [12.602982792881827, 60.52286445644301], [12.508209565064334, 60.60342651143278], [12.511308825121354, 60.65198152097172], [12.392006865786124, 60.745823980171735], [12.335884336311594, 60.84843361540908], [12.34190095534007, 60.89328899722459], [12.232825534136122, 61.0190498053552], [12.486111795145414, 61.05276357032829], [12.615255913891609, 61.04685518221913], [12.676351024980676, 61.05807691513795], [12.702420893040017, 61.00796247879942], [13.175487565843236, 60.76609437549423], [13.205034893046118, 60.69826551447944], [13.260154873081117, 60.698014445993245], [13.305250080594027, 60.63678286338708], [13.437295619494028, 60.527060978057364], [13.496922200220565, 60.447127878117456], [13.567935360183517, 60.4214319011253], [13.692523194660172, 60.41755282322682], [13.848103200339498, 60.26843255204713], [13.967886840356863, 60.18863879908007], [13.949476156603719, 60.26678417882357], [14.018788728973137, 60.268275074046265], [14.038721256735533, 60.2385036326737], [14.137801032756704, 60.244321388055894], [14.18658091976252, 60.175901100302134], [14.215400870158946, 60.0987326212601], [14.438477878754592, 60.025707741245064], [14.462933001079387, 59.97876768415249], [14.34314164432961, 59.955525501800466], [14.375799004611245, 59.91967042580141], [14.431103156699365, 59.90801498970685], [14.41609347271271, 59.831031234473734], [14.437604224180324, 59.77579613273825], [14.384113334936268, 59.75846692882749], [14.438549099679953, 59.70708523638403], [14.420981773536752, 59.671781455738255], [14.460104762620036, 59.59159967596122], [14.463459016562979, 59.532410115507695], [14.417274333116447, 59.541865454736886], [14.398018740260468, 59.515687215244895], [14.462970829591573, 59.44749566581643], [14.375398291465839, 59.39751898461308], [14.318777067931782, 59.32297842558873], [14.319263919982575, 59.31265028070365], [14.28407799844216, 59.23204172286037], [14.299456392988832, 59.182526722495545], [14.280794256932287, 59.15812121714672], [14.329261166123793, 59.09798924887838], [14.267961349700515, 58.99974299901451], [14.210166465942558, 59.04224789403557], [14.116855736902709, 59.04100094287997], [14.147875889915683, 59.08490374876434], [14.095772151784715, 59.10720294944752], [14.023866776920407, 59.0779954837922], [13.981773107289648, 59.03837750655469], [13.947999123766417, 59.045322821829544], [13.947034993287803, 59.09954303981776], [14.068677788882654, 59.22945621847572], [14.032396056050217, 59.32141028116091], [13.947046860457792, 59.31804622541014], [13.88701401738803, 59.33816764814902], [13.81437164346696, 59.367246391116915], [13.745342531320963, 59.33594826689661], [13.692463806627485, 59.37793233938489], [13.605067644523464, 59.35576902677024], [13.578394164471034, 59.30876426612544], [13.505036265841262, 59.270310093876965], [13.437641043053912, 59.3398464078964], [13.380854235326312, 59.374632667238586], [13.284065231091752, 59.36587065240389], [13.255815664645954, 59.34354223680322], [13.282865290642391, 59.313606693785076], [13.222150988099521, 59.30878694103478], [13.149059857247451, 59.353118789640725], [13.154093103144284, 59.27896504630051], [13.100414874618027, 59.2503760097618]]]}}, {"type": "Feature", "id": "ore", "properties": {"county": "ore", "LAN": "Örebro län", "LnKod": "18"}, "geometry": {"type": "Polygon", "coordinates": [[[15.579446102165566, 59.428809170175796], [15.641671406870609, 59.35401269885641], [15.61688380347656, 59.3228568869426], [15.550855468906603, 59.32847030872214], [15.422146265000306, 59.30679713025797], [15.281174340929542, 59.30922062592126], [15.286201657809508, 59.28361218483993], [15.428142511773064, 59.25398694006127], [15.560946614099182, 59.27900178210206], [15.641116027188831, 59.22730710273306], [15.602077882386162, 59.19516819814096], [15.653139147136386, 59.155992756871164], [15.76981019576768, 59.1500382053671], [15.771711869814016, 59.120047248112], [15.678522725376546, 59.112859980420936], [15.626336074665605, 59.06882849043352], [15.605867004897423, 59.02474818952362], [15.632337597866641, 59.00319709021309], [15.530669113895602, 58.94461429808746], [15.566391817034162, 58.91116533069357], [15.523524360655816, 58.87563608992981], [15.439950809832126, 58.876816402713175], [15.419401229428226, 58.830918104093406], [15.387330322036497, 58.85990404313779], [15.33918964667233, 58.8472328566956], [15.247400005213633, 58.87500209055754], [15.186905888798062, 58.83674184819305], [15.134414452498708, 58.83599381858471], [15.085945860706861, 58.80428336304712], [15.049838371284993, 58.764628466346565], [15.028300978365543, 58.72779900706986], [14.939575061342001, 58.69905893195078], [14.979677411118423, 58.744912508302754], [14.97288592446203, 58.7796305837503], [14.940415512302879, 58.77413728551443], [14.937213447071386, 58.82676137227334], [14.873521836467244, 58.80481407935041], [14.817416308935304, 58.7336224317178], [14.721473028451996, 58.70178484737256], [14.684288034167661, 58.74595269571978], [14.625077980598734, 58.74536904971205], [14.59643565058126, 58.70524826344447], [14.546253182650503, 58.69693720768212], [14.53764255793885, 58.72449710495496], [14.468146826525768, 58.72435882663136], [14.457642916164673, 58.79716344140469], [14.402446211969416, 58.799159666918605], [14.32676960403973, 58.83414684753275], [14.370409894981378, 58.87012334095748], [14.308396071411295, 58.8930141257632], [14.267961349700515, 58.99974299901451], [14.329261166123793, 59.09798924887838], [14.280794256932287, 59.15812121714672], [14.299456392988832, 59.182526722495545], [14.28407799844216, 59.23204172286037], [14.319263919982575, 59.31265028070365], [14.318777067931782, 59.32297842558873], [14.375398291465839, 59.39751898461308], [14.462970829591573, 59.44749566581643], [14.398018740260468, 59.515687215244895], [14.417274333116447, 59.541865454736886], [14.463459016562979, 59.532410115507695], [14.460104762620036, 59.59159967596122], [14.420981773536752, 59.671781455738255], [14.438549099679953, 59.70708523638403], [14.384113334936268, 59.75846692882749], [14.437604224180324, 59.77579613273825], [14.41609347271271, 59.831031234473734], [14.431103156699365, 59.90801498970685], [14.375799004611245, 59.91967042580141], [14.34314164432961, 59.955525501800466], [14.462933001079387, 59.97876768415249], [14.438477878754592, 60.025707741245064], [14.745429834213452, 60.002923429100846], [14.71731195086504, 60.09470196780651], [14.791269642750727, 60.11994856008279], [14.846161610833102, 60.12262083705345], [14.853011706787749, 60.08611072771515], [14.923642279870206, 60.0608225492898], [14.993346105575153, 60.082561499601], [15.018524620976033, 60.0649777222602], [15.066561509625213, 60.06970787645856], [15.124381110776218, 60.02506822487745], [15.216903769775824, 59.99120897024937], [15.324643677768396, 59.9293103488484], [15.401802610197837, 59.861147551772966], [15.40730485642059, 59.81619494654349], [15.481699357110168, 59.79577375242435], [15.534763038433436, 59.708324895553936], [15.489906826200436, 59.65775103342276], [15.533646054823603, 59.62994307721411], [15.598775704732354, 59.63349210121261], [15.610528485233527, 59.59117878837449], [15.613402380631934, 59.52583589718858], [15.709367609768124, 59.529947074172156], [15.673605791004977, 59.493390562802084], [15.705864563900418, 59.47885126746394], [15.70750866281191, 59.42443775227834], [15.579446102165566, 59.428809170175796]]]}}, {"type": "Feature", "id": "vml", "properties": {"county": "vml", "LAN": "Västmanlands län", "LnKod": "19"}, "geometry": {"type": "Polygon", "coordinates": [[[15.534763038433436, 59.708324895553936], [15.481699357110168, 59.79577375242435], [15.40730485642059, 59.81619494654349], [15.401802610197837, 59.861147551772966], [15.481580959950813, 59.906185999342476], [15.53020977298104, 59.961399730850715], [15.609004548834866, 59.95877763303751], [15.677986188011044, 59.94519381670289], [15.709544334204343, 60.01822912362059], [15.66269515028612, 60.049869605904824], [15.718567425589208, 60.10281212396586], [15.715437084231043, 60.135588341306374], [15.755038836821278, 60.14961180038302], [15.779133292147034, 60.18218201616261], [15.893995036671425, 60.16873936316909], [15.966750162324434, 60.198883451181686], [16.01934493726201, 60.19093877386429], [16.052965845198916, 60.15030311861062], [16.106675169065504, 60.14708754418617], [16.170645659316854, 60.126921605031285], [16.15325573166588, 60.086290796297945], [16.191786615029347, 60.07609610198517], [16.37782082372352, 60.08519171209479], [16.420517448650287, 60.12423386900079], [16.515592231928906, 60.154520189969325], [16.51632608661749, 60.1852941382823], [16.570182495477486, 60.19638576806339], [16.720443656568335, 60.19990741414348], [16.73512138697997, 60.11868960349897], [16.69297584906959, 60.11054043619047], [16.72179738951838, 60.04155190444578], [16.69192467339571, 60.010841270446456], [16.789642220077532, 59.97000950803998], [16.798548400920048, 59.9222427058544], [16.778159411228433, 59.89999806680123], [16.831256652913613, 59.860216920527655], [16.79975419840751, 59.818752896067565], [16.744213072230284, 59.78128778324946], [16.794642714251115, 59.73200570689071], [16.86903791633011, 59.67444142148368], [16.904820797270112, 59.5674025674757], [16.820369045474056, 59.57245425336232], [16.792696898286323, 59.54889445305023], [16.71335649730467, 59.53237520150604], [16.65593417791365, 59.57241884208288], [16.584156265705698, 59.59885092635802], [16.51535173297939, 59.58152966788082], [16.550630594111446, 59.55204391308674], [16.484895531068734, 59.518199438483485], [16.446078337834457, 59.49167111410584], [16.324951369079944, 59.477601065914484], [16.24100109589895, 59.49825552289992], [16.175422452621774, 59.47786417617141], [16.05836801152922, 59.47960363206948], [16.08701839457081, 59.43618062254128], [16.23084411961175, 59.44270646180307], [16.224053861171356, 59.41504462244711], [16.272572359009423, 59.39569818467408], [16.25939717700797, 59.37113957447541], [16.13529827480001, 59.3571112299719], [16.05183745008487, 59.36404414094269], [15.997612192638163, 59.374600745696824], [15.92615584635953, 59.342665692412275], [15.854414671400223, 59.29966820352767], [15.795833295011255, 59.28523234088638], [15.757886830306107, 59.32007031991748], [15.61688380347656, 59.3228568869426], [15.641671406870609, 59.35401269885641], [15.579446102165566, 59.428809170175796], [15.70750866281191, 59.42443775227834], [15.705864563900418, 59.47885126746394], [15.673605791004977, 59.493390562802084], [15.709367609768124, 59.529947074172156], [15.613402380631934, 59.52583589718858], [15.610528485233527, 59.59117878837449], [15.598775704732354, 59.63349210121261], [15.533646054823603, 59.62994307721411], [15.489906826200436, 59.65775103342276], [15.534763038433436, 59.708324895553936]]]}}, {"type": "Feature", "id": "dal", "properties": {"county": "dal", "LAN": "Dalarnas län", "LnKod": "20"}, "geometry": {"type": "Polygon", "coordinates": [[[13.949476156603719, 60.26678417882357], [13.967886840356863, 60.18863879908007], [13.848103200339498, 60.26843255204713], [13.692523194660172, 60.41755282322682], [13.567935360183517, 60.4214319011253], [13.496922200220565, 60.447127878117456], [13.437295619494028, 60.527060978057364], [13.305250080594027, 60.63678286338708], [13.260154873081117, 60.698014445993245], [13.205034893046118, 60.69826551447944], [13.175487565843236, 60.76609437549423], [12.702420893040017, 61.00796247879942], [12.676351024980676, 61.05807691513795], [12.697853182906256, 61.154089137189395], [12.781123481139327, 61.18737528219003], [12.827477220677046, 61.24710060032911], [12.862241426840445, 61.360679723754814], [12.582826116431496, 61.57402682809258], [12.43467204261289, 61.567804913067704], [12.16087336315269, 61.725301013803225], [12.3021547706724, 62.26155456248194], [12.61676255980558, 62.22157888493713], [12.795610697720853, 62.23034943194653], [12.940474725164355, 62.146315551002445], [13.03840705113101, 62.08534274833502], [13.159383698825446, 62.0270664989251], [13.29574337099687, 62.06189107256732], [13.322740885940753, 62.0176350727138], [13.371346545720181, 62.01044924716457], [13.209214459224842, 61.93516214820921], [13.41605482779153, 61.82663826112019], [13.514493522538485, 61.73636359991869], [13.506631077306587, 61.691560770837185], [13.564702419726867, 61.655053813879654], [13.61309432253839, 61.67122517108171], [13.89014265437085, 61.651151473666985], [13.983109602175686, 61.63466857744912], [14.201412121716846, 61.63263182451648], [14.356780818167204, 61.61316956153278], [14.414766966126878, 61.58619280187312], [14.500710053981965, 61.630192605709595], [14.657632711095696, 61.601268760065636], [14.684106456089118, 61.54763335901884], [14.647645196802129, 61.5005528851862], [14.748401315748952, 61.51206137038068], [14.80259998914564, 61.50043705532885], [14.917188763243251, 61.50574781886977], [15.069329302068862, 61.492818707200854], [15.159002893981922, 61.6040571491375], [15.230176747323283, 61.51242239057512], [15.654327682043817, 61.22341942949842], [15.680775649851327, 61.13144491435554], [15.758128478020119, 61.060178238664776], [15.934124412660928, 61.01220656242494], [16.142576061853994, 61.00072302857188], [16.24020248357453, 60.87837485863684], [16.40095003493258, 60.78771022915408], [16.374822650388946, 60.73977195744493], [16.305024219847702, 60.71318684417314], [16.32218118235977, 60.679529260592524], [16.24130907415937, 60.61857062983391], [16.147219321058703, 60.60487717056654], [16.233310222129496, 60.5199882802086], [16.27536469567742, 60.51200352402125], [16.4031110968177, 60.38152472571339], [16.520662552848485, 60.36452248131917], [16.579090608526755, 60.340896392090265], [16.587629067901542, 60.30408250705722], [16.62837887333979, 60.29242032259635], [16.639294685159246, 60.23732222115174], [16.720443656568335, 60.19990741414348], [16.570182495477486, 60.19638576806339], [16.51632608661749, 60.1852941382823], [16.515592231928906, 60.154520189969325], [16.420517448650287, 60.12423386900079], [16.37782082372352, 60.08519171209479], [16.191786615029347, 60.07609610198517], [16.15325573166588, 60.086290796297945], [16.170645659316854, 60.126921605031285], [16.106675169065504, 60.14708754418617], [16.052965845198916, 60.15030311861062], [16.01934493726201, 60.19093877386429], [15.966750162324434, 60.198883451181686], [15.893995036671425, 60.16873936316909], [15.779133292147034, 60.18218201616261], [15.755038836821278, 60.14961180038302], [15.715437084231043, 60.135588341306374], [15.718567425589208, 60.10281212396586], [15.66269515028612, 60.049869605904824], [15.709544334204343, 60.01822912362059], [15.677986188011044, 59.94519381670289], [15.609004548834866, 59.95877763303751], [15.53020977298104, 59.961399730850715], [15.481580959950813, 59.906185999342476], [15.401802610197837, 59.861147551772966], [15.324643677768396, 59.9293103488484], [15.216903769775824, 59.99120897024937], [15.124381110776218, 60.02506822487745], [15.066561509625213, 60.06970787645856], [15.018524620976033, 60.0649777222602], [14.993346105575153, 60.082561499601], [14.923642279870206, 60.0608225492898], [14.853011706787749, 60.08611072771515], [14.846161610833102, 60.12262083705345], [14.791269642750727, 60.11994856008279], [14.71731195086504, 60.09470196780651], [14.745429834213452, 60.002923429100846], [14.438477878754592, 60.025707741245064], [14.215400870158946, 60.0987326212601], [14.18658091976252, 60.175901100302134], [14.137801032756704, 60.244321388055894], [14.038721256735533, 60.2385036326737], [14.018788728973137, 60.268275074046265], [13.949476156603719, 60.26678417882357]], [[14.671343602651529, 60.828974325418436], [14.735210781206165, 60.780700521540616], [14.907281641242548, 60.82466013916293], [14.965742943913533, 60.753032581172434], [14.982454425993389, 60.82994472208582], [15.057430356626673, 60.845435399042415], [15.119646680080296, 60.880833028413704], [15.036723751733609, 60.908582010833825], [14.983153673487303, 60.884148747467364], [14.907662499077937, 60.86080534651509], [14.746354372409844, 60.939220491802054], [14.686774256911404, 60.93848638294341], [14.602256295319515, 60.996715380064856], [14.55253789129184, 60.97194720731069], [14.567269590393828, 60.93512272261467], [14.64077587897995, 60.931642266871684], [14.691057289583377, 60.90574425898399], [14.644010980976772, 60.89353394438676], [14.56617462109755, 60.89360995702011], [14.671343602651529, 60.828974325418436]]]}}, {"type": "Feature", "id": "gav", "properties": {"county": "gav", "LAN": "Gävleborgs län", "LnKod": "21"}, "geometry": {"type": "Polygon", "coordinates": [[[16.40095003493258, 60.78771022915408], [16.24020248357453, 60.87837485863684], [16.142576061853994, 61.00072302857188], [15.934124412660928, 61.01220656242494], [15.758128478020119, 61.060178238664776], [15.680775649851327, 61.13144491435554], [15.654327682043817, 61.22341942949842], [15.230176747323283, 61.51242239057512], [15.159002893981922, 61.6040571491375], [15.069329302068862, 61.492818707200854], [14.917188763243251, 61.50574781886977], [14.80259998914564, 61.50043705532885], [14.748401315748952, 61.51206137038068], [14.647645196802129, 61.5005528851862], [14.684106456089118, 61.54763335901884], [14.657632711095696, 61.601268760065636], [14.500710053981965, 61.630192605709595], [14.526653889797245, 61.7916031324411], [14.689922389594459, 61.91237615534868], [14.728827974252427, 61.87985092483022], [14.798313847599951, 61.90007610964406], [14.872801162932161, 61.838701196517185], [14.89565329161681, 61.89002316981314], [15.039990583660938, 61.884829386812896], [15.103644881687071, 61.86181192169813], [15.102924395261086, 61.90884719536753], [15.111460893779409, 61.962677160480105], [15.083310908336841, 62.00747068511031], [15.412335772290474, 62.128389380978795], [15.39561848029964, 62.20342546360441], [15.334447730006142, 62.22280863393654], [15.324408863474343, 62.28902910344891], [15.478562901390614, 62.35294357375429], [15.620001866094672, 62.358258183836185], [16.021489373116214, 62.27079362220115], [16.060142928111222, 62.250926278718694], [16.2402976224853, 62.25363206041916], [16.51282887141918, 62.2486671282846], [16.794742817892597, 62.2153458525702], [16.905733533159164, 62.18310446945582], [16.969314682580215, 62.1882040578563], [17.092418042818686, 62.17135990367702], [17.14290376804958, 62.18447857461264], [17.237079381756068, 62.1621000212689], [17.328399161891316, 62.168864025245846], [17.47960364646687, 62.147395597274574], [17.43548281128871, 62.01290320000248], [17.359141548284526, 61.952591865484045], [17.316843074925103, 61.863986547613635], [17.386390847275297, 61.82729704941944], [17.379837731163967, 61.767813549490405], [17.413575459068475, 61.740138360140264], [17.50728132025914, 61.721130347414295], [17.46990456167476, 61.63646544605946], [17.408504666217034, 61.647851061164864], [17.373814347599684, 61.684682723722275], [17.269422710192234, 61.70611949329133], [17.174060851733543, 61.60345317572428], [17.11303453927839, 61.5511697830745], [17.178916313831834, 61.47788088039941], [17.105976337510715, 61.418516692365245], [17.12014552458765, 61.367375769028925], [17.239532724588386, 61.29779766154384], [17.20225996605192, 61.234909296781595], [17.132322493853426, 61.20140546343925], [17.158064252952364, 61.056907564764394], [17.143363482694646, 61.03186843990972], [17.220531968381938, 61.00131962250335], [17.16161677979633, 60.95259354559882], [17.27056450513266, 60.85270207850353], [17.237401764090627, 60.802281623535336], [17.344045556901197, 60.74783039244892], [17.216485136517612, 60.69112808760334], [17.350779427385234, 60.652334426666435], [17.30078611181402, 60.47113735289419], [17.204103016635397, 60.42871172272838], [17.199525419385328, 60.309193057406105], [17.100407676875342, 60.26871377044752], [16.90576266949825, 60.287133466686456], [16.86499697439335, 60.26259147459934], [16.88116489208504, 60.24158343802026], [16.797436768108998, 60.20170719653597], [16.720443656568335, 60.19990741414348], [16.639294685159246, 60.23732222115174], [16.62837887333979, 60.29242032259635], [16.587629067901542, 60.30408250705722], [16.579090608526755, 60.340896392090265], [16.520662552848485, 60.36452248131917], [16.4031110968177, 60.38152472571339], [16.27536469567742, 60.51200352402125], [16.233310222129496, 60.5199882802086], [16.147219321058703, 60.60487717056654], [16.24130907415937, 60.61857062983391], [16.32218118235977, 60.679529260592524], [16.305024219847702, 60.71318684417314], [16.374822650388946, 60.73977195744493], [16.40095003493258, 60.78771022915408]]]}}, {"type": "Feature", "id": "vnr", "properties": {"county": "vnr", "LAN": "Västernorrlands län", "LnKod": "22"}, "geometry": {"type": "Polygon", "coordinates": [[[16.2402976224853, 62.25363206041916], [16.060142928111222, 62.250926278718694], [16.021489373116214, 62.27079362220115], [15.620001866094672, 62.358258183836185], [15.478562901390614, 62.35294357375429], [15.324408863474343, 62.28902910344891], [15.273121455368589, 62.307289053072616], [15.159010171236902, 62.26774390804483], [14.947075628203146, 62.32500664497521], [14.868639494516618, 62.40825430179519], [14.805449141500112, 62.41601538611578], [14.780338968534865, 62.46658485105398], [14.83519724114049, 62.467660037838385], [14.800957740666396, 62.541525784905886], [14.794780824933131, 62.601456731081136], [14.916392692077038, 62.61325790296179], [15.0777544899379, 62.60438539327081], [15.141229441687738, 62.57419550406286], [15.256074809101461, 62.611967155087854], [15.595408341111673, 62.634606529346144], [15.963390237644616, 62.718257278512645], [16.12808729855503, 62.7001692427751], [16.252879607286896, 62.72397354778072], [16.368057262809877, 62.707761589085], [16.397544299986954, 62.77554298013756], [16.660463466586823, 62.932460032030114], [17.01187278105988, 62.95424503058206], [16.601936160016123, 63.184252832707266], [16.126341721406412, 63.37946399024013], [16.135214275430968, 63.44055589565107], [16.05542835001767, 63.45934009413117], [15.983292182267707, 63.446895875609286], [15.972486637598248, 63.51626395704081], [15.990994469983486, 63.56417358447901], [15.797018803780277, 63.6738596286254], [15.87818201088558, 63.68776569833937], [15.988370160541947, 63.65847003938402], [16.097617882725515, 63.69974622081275], [16.25129041144448, 63.66608224357038], [16.302557481922033, 63.68863891372823], [16.371276106318824, 63.67215796810447], [16.613423890063387, 63.718357752802675], [16.57464910727097, 63.822060507181554], [16.58780307325738, 63.893821537615054], [16.724118120680806, 64.02686402238483], [16.845068136228026, 63.967908521342494], [17.26058263304099, 63.92980978010877], [17.707463064409435, 63.89328802207644], [18.381774711114886, 64.00834325980671], [18.47311819085107, 63.96744128835774], [18.42459291238213, 63.92531999981305], [18.487800711630804, 63.849937382735675], [18.632446184381593, 63.839741023407605], [18.750911062229957, 63.82580418561666], [18.800368610700843, 63.79673139262669], [18.902628316556648, 63.80205383513883], [18.963881551402295, 63.76841205291366], [19.18124960842837, 63.60822160126182], [19.1773672277171, 63.56659033673268], [19.278152198318377, 63.47929890901701], [19.228235656649243, 63.34029406997597], [19.114375714622277, 63.32889966867154], [19.099034612013998, 63.246224596267915], [19.01808916051608, 63.20313129438218], [18.935768973477053, 63.23117837762126], [18.719129189777973, 63.16888209041081], [18.607963954655595, 63.173326770511], [18.5012436711269, 63.08151500411363], [18.485888153185083, 63.034693034100464], [18.40134085304667, 63.033467109238074], [18.37898674780965, 63.00412548159725], [18.542253083177123, 62.99058501413042], [18.489708895362053, 62.921567612456634], [18.382595154492222, 62.84372968200005], [18.269364676086482, 62.88453355546882], [18.218628562012974, 62.864468226726], [18.276693414384294, 62.836712175924035], [18.13531780105162, 62.77208562168543], [18.007668414214425, 62.78580050114459], [18.021085582455708, 62.75094320652094], [18.157012334965653, 62.754202986035004], [18.0481030884356, 62.6781506475184], [17.97617793841846, 62.65221892803456], [18.062559293330573, 62.615319573687], [17.90639456448012, 62.56068845913302], [17.846103872283805, 62.484839445586125], [17.748679023179555, 62.51145705830789], [17.676282940032785, 62.48182128112735], [17.6959878556897, 62.43325201436656], [17.548604853682825, 62.45038185539368], [17.47707031390394, 62.52230702008772], [17.388652640430063, 62.50749566640442], [17.389511318622823, 62.48082337015801], [17.493223501685915, 62.46131080466129], [17.51138789953036, 62.382014601429326], [17.43411072090442, 62.372572708359314], [17.414303083067082, 62.333925181203135], [17.492656903955687, 62.27245473143805], [17.641937583627254, 62.25157225731742], [17.612036650114597, 62.20635223131964], [17.52380967162937, 62.19773408606172], [17.47960364646687, 62.147395597274574], [17.328399161891316, 62.168864025245846], [17.237079381756068, 62.1621000212689], [17.14290376804958, 62.18447857461264], [17.092418042818686, 62.17135990367702], [16.969314682580215, 62.1882040578563], [16.905733533159164, 62.18310446945582], [16.794742817892597, 62.2153458525702], [16.51282887141918, 62.2486671282846], [16.2402976224853, 62.25363206041916]]]}}, {"type": "Feature", "id": "jam", "properties": {"county": "jam", "LAN": "Jämtlands län", "LnKod": "23"}, "geometry": {"type": "Polygon", "coordinates": [[[16.660463466586823, 62.932460032030114], [16.397544299986954, 62.77554298013756], [16.368057262809877, 62.707761589085], [16.252879607286896, 62.72397354778072], [16.12808729855503, 62.7001692427751], [15.963390237644616, 62.718257278512645], [15.595408341111673, 62.634606529346144], [15.256074809101461, 62.611967155087854], [15.141229441687738, 62.57419550406286], [15.0777544899379, 62.60438539327081], [14.916392692077038, 62.61325790296179], [14.794780824933131, 62.601456731081136], [14.800957740666396, 62.541525784905886], [14.83519724114049, 62.467660037838385], [14.780338968534865, 62.46658485105398], [14.805449141500112, 62.41601538611578], [14.868639494516618, 62.40825430179519], [14.947075628203146, 62.32500664497521], [15.159010171236902, 62.26774390804483], [15.273121455368589, 62.307289053072616], [15.324408863474343, 62.28902910344891], [15.334447730006142, 62.22280863393654], [15.39561848029964, 62.20342546360441], [15.412335772290474, 62.128389380978795], [15.083310908336841, 62.00747068511031], [15.111460893779409, 61.962677160480105], [15.102924395261086, 61.90884719536753], [15.103644881687071, 61.86181192169813], [15.039990583660938, 61.884829386812896], [14.89565329161681, 61.89002316981314], [14.872801162932161, 61.838701196517185], [14.798313847599951, 61.90007610964406], [14.728827974252427, 61.87985092483022], [14.689922389594459, 61.91237615534868], [14.526653889797245, 61.7916031324411], [14.500710053981965, 61.630192605709595], [14.414766966126878, 61.58619280187312], [14.356780818167204, 61.61316956153278], [14.201412121716846, 61.63263182451648], [13.983109602175686, 61.63466857744912], [13.89014265437085, 61.651151473666985], [13.61309432253839, 61.67122517108171], [13.564702419726867, 61.655053813879654], [13.506631077306587, 61.691560770837185], [13.514493522538485, 61.73636359991869], [13.41605482779153, 61.82663826112019], [13.209214459224842, 61.93516214820921], [13.371346545720181, 62.01044924716457], [13.322740885940753, 62.0176350727138], [13.29574337099687, 62.06189107256732], [13.159383698825446, 62.0270664989251], [13.03840705113101, 62.08534274833502], [12.940474725164355, 62.146315551002445], [12.795610697720853, 62.23034943194653], [12.61676255980558, 62.22157888493713], [12.3021547706724, 62.26155456248194], [12.050812528855047, 62.615980662077675], [12.130102724059837, 62.75129344839128], [12.074342797154854, 62.90339446291392], [12.196102109381624, 62.99559983989956], [11.962187448939147, 63.2681079193604], [12.197921622460438, 63.47086381168246], [12.132964176187187, 63.584197966808965], [12.272939238351585, 63.659727912732365], [12.29705774844197, 63.71489687504528], [12.36346134861534, 63.75272016705502], [12.657752716862968, 63.97136461671948], [12.8714996376715, 64.0496928096842], [13.179710034468947, 64.09587029339768], [13.706082584148067, 64.04895638452993], [13.962332017751486, 64.01419218674604], [14.162333092554835, 64.20138596147504], [14.129797514206697, 64.40599032764655], [14.123616723237026, 64.46819621690717], [14.078416247434962, 64.4915919044059], [13.915744790628057, 64.51392438815502], [13.662853551206338, 64.58977543862416], [14.210612724109383, 65.06223895554278], [14.330143128114841, 65.13103682691572], [14.62054889877123, 65.02437753484146], [14.67423986725193, 65.01674806811353], [14.720195232387097, 64.98894124184443], [14.791366174673309, 64.95404678484728], [14.786455307904056, 64.91632063757238], [14.865675752880302, 64.87500639390987], [14.950199798367443, 64.87316746415331], [15.031443746999045, 64.82444978964374], [15.046448763395809, 64.76594490435123], [15.231561676899469, 64.72871214012775], [15.33271767006616, 64.66257866900818], [15.264230631266157, 64.64224120168275], [15.334982521486635, 64.62269721698685], [15.361305617756091, 64.59435380709981], [15.422312904836696, 64.60233850952645], [15.42404984686011, 64.57693172942004], [15.542775695646174, 64.53330396997673], [15.572928871319355, 64.45767680557606], [15.639549035115726, 64.45625236939603], [15.626679793792455, 64.53285709741806], [15.70296786236073, 64.55083498905601], [15.74952592302795, 64.49064685136973], [15.757690549177347, 64.42871340248526], [16.02836965773238, 64.34981902235518], [16.03288934463714, 64.27716378806751], [16.205741579876754, 64.28439416874966], [16.724118120680806, 64.02686402238483], [16.58780307325738, 63.893821537615054], [16.57464910727097, 63.822060507181554], [16.613423890063387, 63.718357752802675], [16.371276106318824, 63.67215796810447], [16.302557481922033, 63.68863891372823], [16.25129041144448, 63.66608224357038], [16.097617882725515, 63.69974622081275], [15.988370160541947, 63.65847003938402], [15.87818201088558, 63.68776569833937], [15.797018803780277, 63.6738596286254], [15.990994469983486, 63.56417358447901], [15.972486637598248, 63.51626395704081], [15.983292182267707, 63.446895875609286], [16.05542835001767, 63.45934009413117], [16.135214275430968, 63.44055589565107], [16.126341721406412, 63.37946399024013], [16.601936160016123, 63.184252832707266], [17.01187278105988, 62.95424503058206], [16.660463466586823, 62.932460032030114]], [[14.591789763558626, 63.21942233523651], [14.478341332264137, 63.249614041043806], [14.412144423775635, 63.2397918275225], [14.308263361439941, 63.27844979590802], [14.172884433546985, 63.302067393314225], [14.00615674939068, 63.32375652098129], [14.148934977104453, 63.20554906534195], [14.048379266646338, 63.20236542883869], [14.129690751283565, 63.17022706104923], [14.249401327939772, 63.15088968413793], [14.346175318314144, 63.11798278741775], [14.369048699071726, 63.06945630207529], [14.422749695141356, 62.99193426752328], [14.423540400997693, 62.92146612740035], [14.35846673507874, 62.91340061970158], [14.417781109090932, 62.838639396408325], [14.481193622016963, 62.82143919069706], [14.52558438519783, 62.89898370850869], [14.487830689548176, 63.005379389167835], [14.45695187452957, 63.07715055037422], [14.44166306758178, 63.13558879599177], [14.575208443091077, 63.162348162494624], [14.525751020205192, 63.17352085414778], [14.459146730013456, 63.198054951713004], [14.472908649498638, 63.22456502369838], [14.591789763558626, 63.21942233523651]]]}}, {"type": "Feature", "id": "vbo", "properties": {"county": "vbo", "LAN": "Västerbottens län", "LnKod": "24"}, "geometry": {"type": "Polygon", "coordinates": [[[19.747374671542598, 63.54297486219756], [19.715331824935454, 63.52119581106757], [19.746628317191746, 63.46758535965657], [19.66332622949238, 63.44318463042401], [19.57711967112639, 63.52299672487779], [19.46251934886882, 63.57392222225168], [19.414152358695226, 63.54483352463479], [19.47485998214848, 63.48173847875503], [19.38664336616815, 63.46486880535396], [19.278152198318377, 63.47929890901701], [19.1773672277171, 63.56659033673268], [19.18124960842837, 63.60822160126182], [18.963881551402295, 63.76841205291366], [18.902628316556648, 63.80205383513883], [18.800368610700843, 63.79673139262669], [18.750911062229957, 63.82580418561666], [18.632446184381593, 63.839741023407605], [18.487800711630804, 63.849937382735675], [18.42459291238213, 63.92531999981305], [18.47311819085107, 63.96744128835774], [18.381774711114886, 64.00834325980671], [17.707463064409435, 63.89328802207644], [17.26058263304099, 63.92980978010877], [16.845068136228026, 63.967908521342494], [16.205741579876754, 64.28439416874966], [16.03288934463714, 64.27716378806751], [16.02836965773238, 64.34981902235518], [15.757690549177347, 64.42871340248526], [15.74952592302795, 64.49064685136973], [15.70296786236073, 64.55083498905601], [15.626679793792455, 64.53285709741806], [15.639549035115726, 64.45625236939603], [15.572928871319355, 64.45767680557606], [15.542775695646174, 64.53330396997673], [15.42404984686011, 64.57693172942004], [15.422312904836696, 64.60233850952645], [15.361305617756091, 64.59435380709981], [15.334982521486635, 64.62269721698685], [15.264230631266157, 64.64224120168275], [15.33271767006616, 64.66257866900818], [15.231561676899469, 64.72871214012775], [15.046448763395809, 64.76594490435123], [15.031443746999045, 64.82444978964374], [14.950199798367443, 64.87316746415331], [14.865675752880302, 64.87500639390987], [14.786455307904056, 64.91632063757238], [14.791366174673309, 64.95404678484728], [14.720195232387097, 64.98894124184443], [14.67423986725193, 65.01674806811353], [14.62054889877123, 65.02437753484146], [14.330143128114841, 65.13103682691572], [14.37099782559982, 65.26002975647947], [14.500032456406798, 65.31453505097257], [14.50196601373954, 65.45769867960291], [14.543396606480865, 65.69920638870622], [14.638497526380029, 65.82003090548567], [14.53452016105711, 66.13828177874683], [15.037502512831802, 66.15237658254205], [15.483036538389547, 66.29220192897301], [15.464674983843159, 66.35448805669817], [15.822310879094447, 66.3002357925116], [16.578705566963368, 66.05462286493506], [16.778850168866843, 66.05311680806454], [17.660984757827933, 65.67095008932952], [17.792962589260583, 65.64659835931353], [18.18005039827875, 65.59213696218445], [18.23064935951596, 65.54827388680232], [18.293544193815297, 65.52542316972931], [18.426437303542045, 65.51009323792336], [18.514166996358252, 65.48791889933013], [18.579784831833816, 65.4544388251898], [18.701228061353653, 65.45173489639986], [18.75024095251977, 65.4429354990009], [18.766534767135344, 65.41815678590552], [18.82253218412638, 65.40522794095824], [18.85220381995344, 65.38132890560448], [18.943384837207383, 65.35862601607106], [19.04082490977048, 65.3408757917805], [19.044095204876353, 65.3169597567888], [19.089358873082496, 65.32106255179093], [19.28517794108189, 65.25786331813934], [19.25024975544137, 65.23666732767288], [19.25329768693376, 65.21273921212719], [19.33441755078505, 65.18863982166076], [19.413594126306023, 65.1500370410245], [19.598807197689354, 65.19108457485672], [19.653738281015457, 65.21436925624526], [19.881017744862998, 65.39442475629903], [20.755032712446425, 65.21375540490136], [21.292122084524912, 65.17032166793729], [21.312291141042312, 65.13190669235937], [21.50133872990114, 65.0805669367236], [21.357304938045523, 64.96847086479546], [21.236459416905795, 64.9514562293735], [21.26712450260174, 64.89929373881816], [21.130269311267813, 64.8304899839913], [21.016218688621887, 64.84391092157185], [21.070246951660067, 64.78616253901475], [21.253365335611303, 64.77400798620978], [21.2429110114788, 64.69058347728541], [21.191536133207798, 64.66389826572534], [21.25148993717265, 64.61100938215644], [21.365303429997784, 64.59916573370666], [21.450359981060068, 64.55492966404806], [21.486805288584886, 64.47278163418012], [21.568483117673864, 64.47462643332209], [21.568346901650415, 64.43977178398794], [21.435862401290446, 64.3507913159258], [21.224419095193703, 64.28587122160135], [20.95781247239309, 64.15102380348569], [20.913957975462278, 64.0559286474326], [20.82234079722538, 63.946665760181304], [20.73952366843941, 63.870814768562845], [20.662939445632997, 63.81393910839352], [20.514710805708493, 63.80642224347334], [20.429274867148802, 63.762428150195525], [20.397776247933642, 63.690091081960155], [20.3120170260955, 63.69178852689399], [20.28643001762187, 63.661005998101174], [20.117505739227628, 63.66035932265353], [20.014858725505267, 63.670572444616575], [19.994884739657255, 63.6228684084797], [19.91001844544469, 63.6261007344509], [19.747374671542598, 63.54297486219756]]]}}, {"type": "Feature", "id": "nrb", "properties": {"county": "nrb", "LAN": "Norrbottens län", "LnKod": "25"}, "geometry": {"type": "Polygon", "coordinates": [[[18.18005039827875, 65.59213696218445], [17.792962589260583, 65.64659835931353], [17.660984757827933, 65.67095008932952], [16.778850168866843, 66.05311680806454], [16.578705566963368, 66.05462286493506], [15.822310879094447, 66.3002357925116], [15.464674983843159, 66.35448805669817], [15.388484126270248, 66.48441305907076], [15.634290948303203, 66.59829888098757], [15.997763748436805, 66.878343108573], [16.10591733430929, 66.9293696239366], [16.37537674434207, 67.0196166021145], [16.42461087850438, 67.1687354132336], [16.38985881880559, 67.23262924061154], [16.113912830531824, 67.4213580621857], [16.198688629462517, 67.50792574305862], [16.41646048362363, 67.52292786934193], [16.529483671153013, 67.60441082226266], [16.711395047811244, 67.89264437018812], [16.77008965682077, 67.91331101734556], [17.200698235271712, 68.02926161855947], [17.299180062411633, 68.09669087822698], [17.658469122752347, 68.02297653468057], [17.91729464277392, 67.9449773453668], [17.94531352631091, 67.97791303801083], [18.166069076934075, 68.16887179451702], [18.089971777582093, 68.38227936841903], [18.111507761574764, 68.51375170240156], [18.399303249681445, 68.55909818582332], [18.601309641764956, 68.488996943663], [18.980449245798784, 68.50424914858469], [19.913034767889883, 68.3635272374207], [20.24462592096863, 68.49604966367511], [19.951866134337845, 68.55633457827311], [20.082690521606605, 68.59675965565836], [20.233583842456063, 68.67414086412133], [20.342096983780543, 68.80192767649623], [20.320053713356177, 68.91133826762295], [20.11377907009059, 69.02956821745877], [20.593520283702105, 69.04783491878425], [20.80296845008307, 69.02934883387154], [20.882149723595454, 68.98886744963177], [20.941868088332118, 68.97723497107339], [20.91615714768354, 68.95894577502865], [20.863010416486887, 68.93714600711353], [20.93889079163402, 68.90051949280753], [21.022004635352836, 68.90361957946371], [21.243646033148863, 68.8212456515509], [21.30441807690944, 68.76900035460912], [21.365947480313444, 68.77902558048848], [21.42380564653191, 68.76547236666919], [21.432271711012707, 68.70244649572446], [21.512985659566706, 68.68525730813056], [21.624553602865326, 68.6693025976959], [21.729234773810408, 68.63359385740084], [21.715166182106042, 68.60164301462771], [21.84905592289479, 68.59844515297293], [22.014241019244015, 68.55586269993036], [22.01045978894264, 68.52491251517256], [22.03006928670586, 68.4994414871159], [22.126042841626532, 68.4843065402837], [22.234197535469473, 68.48099212541484], [22.31699481826515, 68.48522659690784], [22.35308389464367, 68.4546389599965], [22.40317800333703, 68.47072020469459], [22.58869037411364, 68.43125118231026], [22.624947027008535, 68.44109109088514], [22.661338029756546, 68.41957346344623], [22.762941251406943, 68.39064580551802], [22.79309872690944, 68.40649126521426], [22.843251106588053, 68.39111799997586], [22.8358801469439, 68.36410579042585], [22.94041279465004, 68.34030274412731], [22.973453142006147, 68.33742815629621], [23.07771886777736, 68.31354956967508], [23.084399682230558, 68.27789566316902], [23.16372031620665, 68.24690848154843], [23.160886178050664, 68.21209335003317], [23.145259920525092, 68.17288741263177], [23.180906830565487, 68.14388702678488], [23.280375877285003, 68.15959443673007], [23.339958126035523, 68.12961770912584], [23.396715366838777, 68.05059647923179], [23.46888219052678, 68.04772220334324], [23.4806734879934, 68.02077578995738], [23.542247609449056, 68.01697981102026], [23.560939671425235, 67.97829872695407], [23.644437858079797, 67.9705847397721], [23.65476290566437, 67.91230990974807], [23.53571342690373, 67.89562367128867], [23.48754818469418, 67.82985589836177], [23.506200815781305, 67.79119026395998], [23.48272349598369, 67.68805635632908], [23.556228603947186, 67.6294869537409], [23.515402709099533, 67.56677995457316], [23.46863994053943, 67.56928707919053], [23.49389819803248, 67.54107726094392], [23.414686537891832, 67.49304491096945], [23.50691639699925, 67.45673093464593], [23.54088131715197, 67.47201179223296], [23.68495581187003, 67.44177145396424], [23.72354805529924, 67.45658299100774], [23.785737758949445, 67.42662874361628], [23.74936459854142, 67.39311687824978], [23.74581112998389, 67.3509265657857], [23.793166234438864, 67.34269300564237], [23.739935307839097, 67.29047222508026], [23.61267600704165, 67.27859986441456], [23.580174898680664, 67.23548473754022], [23.606094004143465, 67.20899345372077], [23.57588144966491, 67.17676201121171], [23.67787203530233, 67.106010965273], [23.68341520859376, 67.05557674929156], [23.77018491736994, 67.00650751684725], [23.82244230126536, 66.99957017539104], [23.831163304059018, 66.96914428266358], [23.88771619330459, 66.95435127210163], [23.889571789641874, 66.91347065407683], [23.98091728931542, 66.85820604904332], [24.013617629585024, 66.82166124991943], [23.994365852147823, 66.78471792708743], [23.93489999623045, 66.79431923569813], [23.916965074123066, 66.76649632991851], [23.917338107680898, 66.68690873002357], [23.890715601504425, 66.65255849470446], [23.889066827382763, 66.58428517080932], [23.819995400667686, 66.55600831373272], [23.818774786820693, 66.52469031541825], [23.73909049377558, 66.51592634824641], [23.72811447644262, 66.48372856037159], [23.65405807762883, 66.46884654830376], [23.646486517081996, 66.44186450308209], [23.696558002144275, 66.40367602811877], [23.633815148352884, 66.31746406942062], [23.72900648697252, 66.18974314117415], [23.861661693993113, 66.16533668893327], [23.93873256261282, 66.15941250361233], [23.92771013675676, 66.12723763021835], [23.95333408094376, 66.10983576373245], [23.94667170474005, 66.08461808491099], [24.021020943424112, 66.02153331401652], [24.04165032836579, 65.96020903021274], [24.149570917967687, 65.80377900219504], [23.839307036790952, 65.79410227927386], [23.75556708934565, 65.82663641822533], [23.68656150088795, 65.83175777740243], [23.66642697729549, 65.80606679384046], [23.595398763635863, 65.79779832656787], [23.488022411744215, 65.82389937460798], [23.430197976049442, 65.77978515218793], [23.220557947675115, 65.82069970232885], [23.17336275135209, 65.79393365370841], [23.110591984260253, 65.71704086835], [23.01420025015596, 65.7595469994585], [22.83383218651824, 65.7970619111785], [22.782236938781494, 65.87195841971446], [22.701459347520903, 65.89612866062421], [22.666867999027808, 65.88279876891366], [22.686331393835488, 65.7980988915236], [22.778415074127018, 65.74705590656531], [22.77755917978906, 65.71397400116675], [22.70506788959651, 65.7281862454269], [22.619194406434787, 65.77983236164751], [22.506707581839922, 65.78171412892367], [22.513480849768204, 65.81790361564838], [22.439626693292144, 65.8707249340057], [22.336228578725446, 65.8544446702587], [22.296246305009216, 65.79004033513714], [22.292871006116883, 65.71861769538297], [22.305633175803187, 65.66042063273915], [22.322198968277846, 65.60923579724039], [22.373063931560658, 65.56408362374812], [22.324118581279137, 65.55572433172638], [22.201948556690404, 65.57612914632729], [22.143596835539935, 65.56674095697416], [22.138869359514157, 65.5248867267431], [21.862233616387204, 65.52958140018586], [21.98420636983148, 65.46720983421338], [21.909887945114978, 65.42122494679849], [21.79705227193341, 65.40499392081114], [21.635140227904976, 65.41563388381175], [21.484102804548122, 65.39579704278647], [21.435249548446993, 65.3688475922431], [21.654044065778137, 65.29832444438765], [21.634544438349817, 65.26885389048563], [21.543017975000524, 65.24387234616559], [21.577073265420708, 65.14728968131591], [21.50133872990114, 65.0805669367236], [21.312291141042312, 65.13190669235937], [21.292122084524912, 65.17032166793729], [20.755032712446425, 65.21375540490136], [19.881017744862998, 65.39442475629903], [19.653738281015457, 65.21436925624526], [19.598807197689354, 65.19108457485672], [19.413594126306023, 65.1500370410245], [19.33441755078505, 65.18863982166076], [19.25329768693376, 65.21273921212719], [19.25024975544137, 65.23666732767288], [19.28517794108189, 65.25786331813934], [19.089358873082496, 65.32106255179093], [19.044095204876353, 65.3169597567888], [19.04082490977048, 65.3408757917805], [18.943384837207383, 65.35862601607106], [18.85220381995344, 65.38132890560448], [18.82253218412638, 65.40522794095824], [18.766534767135344, 65.41815678590552], [18.75024095251977, 65.4429354990009], [18.701228061353653, 65.45173489639986], [18.579784831833816, 65.4544388251898], [18.514166996358252, 65.48791889933013], [18.426437303542045, 65.51009323792336], [18.293544193815297, 65.52542316972931], [18.23064935951596, 65.54827388680232], [18.18005039827875, 65.59213696218445]], [[18.40717854413614, 65.6975435744699], [18.355649100581516, 65.72392673174897], [18.376641775966952, 65.766238400634], [18.300775431409537, 65.7874975452143], [18.172717964486417, 65.78838257713177], [17.922355323342053, 65.92395760789255], [17.969244635709273, 65.97742598830241], [17.926637332047413, 66.04183686555069], [18.073208757045734, 66.05099561430893], [18.108978784447864, 66.07421687396733], [18.052922911384503, 66.1031444015557], [17.961614663927417, 66.08694871376542], [17.86859300723224, 66.12531637809582], [17.81467252805575, 66.18489664487578], [17.656825426710906, 66.21971238636334], [17.54976180540073, 66.2713659745785], [17.4283825575642, 66.32193409295205], [17.321702870403886, 66.37699705073811], [17.08955393383731, 66.42436288232584], [17.061833081488157, 66.39685592496826], [17.31906910461141, 66.33177945198477], [17.450664197042343, 66.25894542821781], [17.46102660688709, 66.21295277033819], [17.616026307134792, 66.18215748611718], [17.73812808283593, 66.12407564474141], [17.850562296850775, 66.0773507458683], [17.765204037878828, 66.06431770456953], [17.644727980263042, 66.04061713736571], [17.750397219448956, 65.97619039243902], [17.75971627895301, 65.94111948084945], [17.719875587521216, 65.90536673605617], [17.736734022001645, 65.84259758043507], [17.821087837742805, 65.84292116279187], [17.873278865537156, 65.89971018101237], [18.02404770781978, 65.80500099405823], [18.117099899509274, 65.67734666329694], [18.209300075035348, 65.68786571543122], [18.270275465155787, 65.67062355955682], [18.497844650308977, 65.63641365435987], [18.508327050322908, 65.66301825650301], [18.40717854413614, 65.6975435744699]]]}}]}