{"type":"FeatureCollection","features":[{"type":"Feature","geometry":{"type":"Polygon","coordinates":[[[14.41128,56.72699],[14.41133,56.72759],[14.41136,56.72842],[14.41136,56.72842],[14.41136,56.72842],[14.41208,56.72853],[14.41308,56.72887],[14.41332,56.72899],[14.41345,56.72915],[14.41384,56.72979],[14.41404,56.72996],[14.41418,56.73028],[14.41425,56.73054],[14.41434,56.73073],[14.41501,56.73115],[14.41511,56.73127],[14.41513,56.73141],[14.41507,56.7317],[14.41511,56.7319],[14.41519,56.73245],[14.41524,56.73266],[14.41538,56.73302],[14.41549,56.73358],[14.4156,56.734],[14.41551,56.73461],[14.41553,56.73481],[14.41554,56.73481],[14.41554,56.73481],[14.42319,56.73499],[14.42406,56.73474],[14.42497,56.7345],[14.42548,56.73439],[14.42571,56.73435],[14.4262,56.73429],[14.42774,56.73416],[14.42804,56.73414],[14.42827,56.73415],[14.42867,56.73422],[14.42914,56.73434],[14.4294,56.73443],[14.43027,56.73476],[14.43027,56.73476],[14.43027,56.73476],[14.43453,56.73277],[14.43689,56.73265],[14.4369,56.73265],[14.4369,56.73265],[14.43716,56.73221],[14.43802,56.73112],[14.4382,56.73065],[14.43825,56.73044],[14.43835,56.73003],[14.43841,56.72981],[14.43887,56.72822],[14.43922,56.72705],[14.43925,56.72701],[14.44032,56.72701],[14.44074,56.72702],[14.44074,56.72702],[14.44074,56.72702],[14.44091,56.72636],[14.44091,56.72636],[14.44091,56.72636],[14.44091,56.72636],[14.43972,56.72634],[14.43986,56.72606],[14.43952,56.72574],[14.43959,56.72546],[14.43996,56.72529],[14.44196,56.72364],[14.44196,56.72364],[14.44196,56.72364],[14.44178,56.72333],[14.44469,56.72127],[14.44687,56.71973],[14.44687,56.71973],[14.44622,56.71868],[14.44621,56.71868],[14.44621,56.71868],[14.44355,56.71852],[14.43908,56.71886],[14.43888,56.71848],[14.4387,56.71761],[14.43891,56.71554],[14.43947,56.71342],[14.43949,56.71335],[14.43949,56.71335],[14.43949,56.71334],[14.43949,56.71334],[14.43847,56.71323],[14.43869,56.7129],[14.43869,56.7129],[14.43868,56.7129],[14.43139,56.71114],[14.43139,56.71114],[14.43139,56.71114],[14.43139,56.71114],[14.43107,56.71227],[14.43024,56.71213],[14.43023,56.71213],[14.43023,56.71213],[14.43003,56.71236],[14.42914,56.71283],[14.42854,56.71343],[14.42844,56.71369],[14.42819,56.71446],[14.42717,56.71438],[14.42543,56.71446],[14.42449,56.7145],[14.42372,56.71453],[14.42242,56.71442],[14.42197,56.71399],[14.42197,56.71399],[14.42197,56.71399],[14.41595,56.71528],[14.41595,56.71528],[14.41572,56.7158],[14.41387,56.71578],[14.4137,56.71569],[14.4137,56.71569],[14.41321,56.71567],[14.41321,56.71567],[14.41321,56.71567],[14.4132,56.71567],[14.41301,56.7171],[14.41276,56.71756],[14.41276,56.71756],[14.41276,56.71756],[14.41285,56.71757],[14.41306,56.71819],[14.41335,56.71886],[14.41322,56.71888],[14.41322,56.71888],[14.41227,56.71909],[14.41087,56.71957],[14.41087,56.71957],[14.41087,56.71957],[14.41131,56.72045],[14.41161,56.72098],[14.41155,56.7214],[14.41147,56.72188],[14.41128,56.72231],[14.41095,56.72277],[14.41058,56.72353],[14.41058,56.72353],[14.41077,56.72374],[14.41115,56.7246],[14.41148,56.72535],[14.41142,56.72591],[14.41128,56.72699]]]},"properties":{"NVRID":"2002372","NAMN":"Taglamyren","SKYDDSTYP":"Naturreservat","LAN":"Kronobergs Län","KOMMUN":"Alvesta","IUCNKATEGORI":"Ia, Strikt naturreservat (Strict Nature Reserve)","FORVALTARE":"Länsstyrelsen i Kronobergs län","AREA_HA":386.467,"URSPR_BESLUTSDATUM":""}},{"type":"Feature","geometry":{"type":"Polygon","coordinates":[[[13.53574,56.43197],[13.53578,56.43212],[13.53578,56.43212],[13.53578,56.43212],[13.53657,56.43221],[13.53837,56.43264],[13.53845,56.43265],[13.53861,56.43272],[13.5388,56.43274],[13.53886,56.43276],[13.53895,56.43289],[13.53902,56.43302],[13.53909,56.43316],[13.53951,56.43335],[13.54032,56.4337],[13.5422,56.43432],[13.54386,56.4346],[13.54454,56.43452],[13.54525,56.43468],[13.54588,56.43482],[13.54663,56.43499],[13.54696,56.43509],[13.54727,56.43524],[13.54756,56.43537],[13.5478,56.43547],[13.54781,56.43547],[13.54781,56.43547],[13.54802,56.4354],[13.54802,56.4354],[13.54802,56.4354],[13.54802,56.4354],[13.54796,56.43534],[13.54779,56.43516],[13.54758,56.43496],[13.54744,56.43481],[13.54729,56.43467],[13.54712,56.43452],[13.54703,56.43445],[13.54683,56.43435],[13.54658,56.43422],[13.54635,56.43412],[13.5461,56.43398],[13.5459,56.43389],[13.54568,56.4338],[13.5456,56.43377],[13.54551,56.43369],[13.54541,56.43361],[13.54522,56.43355],[13.5451,56.4335],[13.545,56.43339],[13.545,56.43328],[13.54498,56.43316],[13.54483,56.43306],[13.54465,56.43302],[13.54441,56.433],[13.5442,56.433],[13.54398,56.43296],[13.54373,56.43291],[13.54338,56.43286],[13.54315,56.43281],[13.5429,56.43274],[13.54271,56.43269],[13.54245,56.43266],[13.54224,56.43262],[13.54211,56.4326],[13.54201,56.43252],[13.54193,56.43241],[13.54192,56.43229],[13.54188,56.4322],[13.54169,56.43209],[13.54153,56.43199],[13.54128,56.43191],[13.54111,56.43188],[13.54094,56.43187],[13.54078,56.43185],[13.54065,56.43177],[13.54059,56.43168],[13.54056,56.43158],[13.54056,56.43158],[13.54041,56.4315],[13.54022,56.4314],[13.54014,56.43128],[13.54009,56.43116],[13.54009,56.43102],[13.54012,56.43099],[13.54012,56.43099],[13.54012,56.43099],[13.53821,56.43066],[13.5382,56.43066],[13.5382,56.43066],[13.53709,56.43131],[13.53112,56.42866],[13.53112,56.42866],[13.53112,56.42866],[13.5297,56.42963],[13.5297,56.42963],[13.5297,56.42963],[13.53263,56.43089],[13.53453,56.43174],[13.53574,56.43197]]]},"properties":{"NVRID":"2002348","NAMN":"Hannabadsåsen","SKYDDSTYP":"Naturreservat","LAN":"Kronobergs Län","KOMMUN":"Markaryd","IUCNKATEGORI":"III, Naturmonument (Natural Monument)","FORVALTARE":"Länsstyrelsen i Kronobergs län","AREA_HA":18.464,"URSPR_BESLUTSDATUM":""}},{"type":"Feature","geometry":{"type":"Polygon","coordinates":[[[14.00837,56.65053],[14.00786,56.65071],[14.00747,56.65091],[14.00742,56.65096],[14.00735,56.65101],[14.00724,56.65109],[14.00716,56.65115],[14.00711,56.6512],[14.00707,56.65125],[14.00704,56.6513],[14.00702,56.65136],[14.007,56.65141],[14.00699,56.65154],[14.00697,56.65167],[14.00696,56.65177],[14.00695,56.65185],[14.00694,56.65192],[14.00721,56.6522],[14.00864,56.65321],[14.00833,56.65351],[14.00833,56.65366],[14.00892,56.6552],[14.00869,56.65532],[14.00869,56.65532],[14.00869,56.65532],[14.01133,56.6573],[14.01133,56.6573],[14.01133,56.6573],[14.01599,56.65561],[14.01857,56.65562],[14.01857,56.65562],[14.01857,56.65562],[14.01857,56.65562],[14.01535,56.65153],[14.01535,56.65153],[14.01535,56.65153],[14.01411,56.65194],[14.01398,56.65189],[14.01345,56.65175],[14.01273,56.65152],[14.01238,56.65144],[14.01206,56.65135],[14.01118,56.65112],[14.01101,56.65109],[14.01087,56.65102],[14.0107,56.65089],[14.0107,56.65081],[14.01062,56.65076],[14.01051,56.65069],[14.01034,56.65064],[14.01019,56.65058],[14.01008,56.65049],[14.00999,56.65039],[14.00999,56.65039],[14.00986,56.65036],[14.00976,56.65025],[14.00979,56.65017],[14.00982,56.65005],[14.00974,56.64998],[14.00974,56.64998],[14.00957,56.64996],[14.00943,56.64998],[14.00929,56.65004],[14.00916,56.65011],[14.00889,56.65019],[14.00854,56.65021],[14.00835,56.65015],[14.00798,56.64996],[14.00764,56.64993],[14.00742,56.64997],[14.00721,56.64999],[14.00721,56.64999],[14.00721,56.64999],[14.00721,56.64999],[14.00786,56.65029],[14.00837,56.65053]],[[14.01068,56.65562],[14.01206,56.6549],[14.01277,56.6554],[14.01108,56.6559],[14.01068,56.65562]]]},"properties":{"NVRID":"2060421","NAMN":"Spåningsrås","SKYDDSTYP":"Naturreservat","LAN":"Kronobergs Län","KOMMUN":"Älmhult","IUCNKATEGORI":"IV, Habitat/Artskyddsområde (Habitat/Species Management Area)","FORVALTARE":"Länsstyrelsen i Kronobergs län","AREA_HA":30.67,"URSPR_BESLUTSDATUM":""}},{"type":"Feature","geometry":{"type":"Polygon","coordinates":[[[14.76356,56.8569],[14.76313,56.8568],[14.76313,56.8568],[14.76256,56.85699],[14.76256,56.85699],[14.76256,56.85699],[14.76267,56.85731],[14.7627,56.85755],[14.76266,56.85782],[14.76317,56.86164],[14.76838,56.86916],[14.76853,56.86939],[14.76856,56.86956],[14.76856,56.86956],[14.76916,56.86972],[14.77023,56.87001],[14.77118,56.87026],[14.77185,56.87044],[14.77405,56.87102],[14.77524,56.87135],[14.77558,56.87144],[14.77728,56.87191],[14.77819,56.87216],[14.77884,56.87236],[14.77959,56.87256],[14.78042,56.87278],[14.78108,56.87294],[14.78256,56.87336],[14.78314,56.87348],[14.78346,56.87355],[14.78391,56.87364],[14.78447,56.87372],[14.78447,56.87371],[14.78485,56.87359],[14.78569,56.87353],[14.78569,56.87353],[14.78569,56.87353],[14.78572,56.8734],[14.78582,56.87308],[14.78602,56.87269],[14.78602,56.87257],[14.78626,56.87223],[14.78696,56.87225],[14.78911,56.87255],[14.78911,56.87255],[14.78911,56.87255],[14.78926,56.87239],[14.78987,56.87163],[14.78999,56.87133],[14.79013,56.8713],[14.79013,56.8713],[14.79015,56.87127],[14.79024,56.87124],[14.79036,56.87121],[14.79036,56.87121],[14.79036,56.87121],[14.79028,56.87114],[14.79082,56.87097],[14.7909,56.87105],[14.7909,56.87105],[14.79091,56.87105],[14.79125,56.87095],[14.79125,56.87094],[14.79129,56.86987],[14.79185,56.86958],[14.79185,56.86958],[14.79185,56.86958],[14.79142,56.86922],[14.79195,56.86909],[14.79286,56.86885],[14.79358,56.86861],[14.79479,56.8683],[14.79644,56.8679],[14.79645,56.8679],[14.79645,56.8679],[14.79645,56.8679],[14.79542,56.86712],[14.79529,56.86688],[14.79532,56.86682],[14.79533,56.8668],[14.79538,56.86665],[14.79538,56.86653],[14.79527,56.86647],[14.79512,56.86636],[14.79509,56.86611],[14.79509,56.86611],[14.79477,56.86596],[14.79473,56.86594],[14.79456,56.86585],[14.79455,56.86562],[14.7946,56.86546],[14.7946,56.86537],[14.79448,56.86489],[14.79429,56.86414],[14.79444,56.8641],[14.79491,56.86401],[14.79527,56.86395],[14.79582,56.86386],[14.79623,56.86382],[14.79661,56.86377],[14.79686,56.86376],[14.7972,56.86374],[14.79755,56.86369],[14.79776,56.86366],[14.79823,56.86362],[14.79857,56.86361],[14.79857,56.86361],[14.79857,56.86361],[14.79857,56.86361],[14.79857,56.86361],[14.79857,56.86361],[14.79837,56.86354],[14.79829,56.86342],[14.79824,56.8633],[14.79818,56.86322],[14.79801,56.86314],[14.79805,56.86285],[14.79805,56.86266],[14.798,56.86248],[14.79812,56.86245],[14.79821,56.8624],[14.79827,56.86234],[14.7983,56.86233],[14.79833,56.86232],[14.79843,56.86224],[14.79849,56.86217],[14.79855,56.86208],[14.79862,56.86203],[14.79865,56.86204],[14.79865,56.86204],[14.79869,56.86201],[14.79878,56.86199],[14.79889,56.86191],[14.79902,56.86185],[14.79914,56.86181],[14.79919,56.86179],[14.79928,56.86177],[14.79939,56.86176],[14.7996,56.86175],[14.79974,56.86175],[14.80014,56.86163],[14.80039,56.86148],[14.80101,56.86136],[14.80152,56.86121],[14.80193,56.86178],[14.80193,56.86178],[14.80193,56.86178],[14.80224,56.86171],[14.80272,56.86231],[14.8028,56.8624],[14.80314,56.8628],[14.80333,56.86301],[14.80333,56.86302],[14.80333,56.86302],[14.80333,56.86302],[14.80388,56.86288],[14.80452,56.86269],[14.80487,56.86259],[14.80521,56.86249],[14.8053,56.86246],[14.80627,56.86215],[14.80627,56.86215],[14.80627,56.86215],[14.80621,56.8621],[14.80436,56.8611],[14.80476,56.8609],[14.8049,56.86097],[14.8049,56.86097],[14.8049,56.86097],[14.80498,56.86093],[14.80529,56.86075],[14.80551,56.86063],[14.80577,56.86051],[14.80599,56.86042],[14.80628,56.86031],[14.80653,56.86022],[14.80672,56.86017],[14.80694,56.86015],[14.80721,56.8602],[14.80748,56.86025],[14.80748,56.86025],[14.80763,56.86018],[14.80844,56.86004],[14.80857,56.85997],[14.80867,56.85992],[14.80867,56.85992],[14.80867,56.85992],[14.80701,56.85898],[14.8071,56.85892],[14.8071,56.85892],[14.80709,56.85885],[14.80702,56.85868],[14.80702,56.85848],[14.80707,56.85835],[14.80725,56.85822],[14.80727,56.85812],[14.80729,56.85802],[14.80725,56.85788],[14.80715,56.85776],[14.80713,56.8576],[14.8071,56.85744],[14.80706,56.85732],[14.80693,56.85721],[14.80684,56.85713],[14.8067,56.85695],[14.80652,56.85682],[14.80642,56.85678],[14.80624,56.85665],[14.80606,56.85645],[14.80589,56.85618],[14.80582,56.85607],[14.80575,56.85601],[14.80543,56.85572],[14.80543,56.85572],[14.80543,56.85572],[14.80468,56.85569],[14.80405,56.85577],[14.8039,56.85584],[14.80373,56.85592],[14.80338,56.85609],[14.80291,56.85628],[14.80254,56.85632],[14.80243,56.8563],[14.80228,56.85623],[14.80168,56.85608],[14.80156,56.85593],[14.80151,56.85549],[14.80135,56.85512],[14.8013,56.85504],[14.8013,56.85504],[14.8013,56.85504],[14.80117,56.85501],[14.80106,56.85495],[14.8009,56.85482],[14.80074,56.85454],[14.80049,56.85439],[14.80029,56.85415],[14.80011,56.85403],[14.79982,56.85374],[14.79968,56.85364],[14.79954,56.85347],[14.79905,56.85298],[14.79887,56.85278],[14.79884,56.8527],[14.79852,56.85237],[14.79837,56.85229],[14.79824,56.85209],[14.79819,56.85199],[14.79812,56.85188],[14.79807,56.85176],[14.79799,56.85164],[14.79789,56.85149],[14.79784,56.85116],[14.79781,56.85078],[14.79783,56.85062],[14.79783,56.85047],[14.79786,56.85037],[14.79784,56.85027],[14.79769,56.85],[14.79764,56.84987],[14.79757,56.84964],[14.79743,56.84953],[14.79725,56.84933],[14.79711,56.84913],[14.79707,56.84886],[14.79705,56.84862],[14.79708,56.84843],[14.79705,56.84837],[14.79682,56.8482],[14.79669,56.84798],[14.79663,56.84785],[14.79645,56.84765],[14.79613,56.84748],[14.79585,56.84723],[14.79578,56.84713],[14.7955,56.8467],[14.79549,56.84659],[14.79555,56.84627],[14.79557,56.84619],[14.79554,56.8461],[14.79537,56.84594],[14.79535,56.8458],[14.79538,56.84573],[14.79544,56.84556],[14.79549,56.84549],[14.79555,56.84541],[14.79556,56.84528],[14.79562,56.84518],[14.79562,56.8451],[14.79567,56.84494],[14.79582,56.84455],[14.7958,56.84448],[14.79573,56.84429],[14.79563,56.84418],[14.79559,56.84409],[14.79557,56.84395],[14.79555,56.84374],[14.79555,56.84362],[14.79562,56.84334],[14.79562,56.84334],[14.79547,56.84319],[14.7954,56.84311],[14.79537,56.84301],[14.79537,56.84288],[14.79537,56.84288],[14.79527,56.8428],[14.79527,56.8428],[14.79478,56.84271],[14.79453,56.84264],[14.7942,56.84241],[14.79396,56.84228],[14.7938,56.84222],[14.7935,56.84219],[14.7933,56.84222],[14.79302,56.84225],[14.79292,56.84222],[14.79275,56.84208],[14.79263,56.84172],[14.79251,56.84139],[14.79238,56.84108],[14.79226,56.84088],[14.7921,56.84058],[14.79205,56.84044],[14.79155,56.83986],[14.79155,56.83986],[14.79132,56.83982],[14.79114,56.83978],[14.79085,56.83978],[14.79034,56.83975],[14.79022,56.83974],[14.79004,56.8397],[14.7898,56.83963],[14.78957,56.83958],[14.78943,56.83952],[14.78942,56.8394],[14.7894,56.83932],[14.78926,56.83917],[14.78914,56.83901],[14.78903,56.83893],[14.78896,56.83874],[14.78891,56.83855],[14.78898,56.83842],[14.78898,56.83842],[14.78896,56.83836],[14.78887,56.83832],[14.78872,56.83831],[14.78843,56.83833],[14.78816,56.83843],[14.78705,56.83867],[14.78649,56.83877],[14.78624,56.83887],[14.78607,56.83888],[14.78574,56.83892],[14.78548,56.83903],[14.78524,56.83904],[14.78517,56.839],[14.78498,56.83895],[14.78483,56.83891],[14.78469,56.83879],[14.78452,56.8387],[14.78435,56.83866],[14.78409,56.83868],[14.78391,56.83866],[14.78381,56.83862],[14.78375,56.8385],[14.78383,56.83834],[14.7838,56.8382],[14.78377,56.83798],[14.78386,56.83753],[14.78398,56.8373],[14.78397,56.83725],[14.7839,56.83709],[14.78371,56.83693],[14.78364,56.8368],[14.78354,56.83659],[14.78363,56.83625],[14.78356,56.83604],[14.78369,56.836],[14.78414,56.83575],[14.78452,56.83562],[14.78477,56.83558],[14.78477,56.83558],[14.78477,56.83558],[14.78452,56.83507],[14.78452,56.83507],[14.78452,56.83507],[14.78415,56.83512],[14.78363,56.83512],[14.78274,56.83486],[14.78145,56.83438],[14.78145,56.83438],[14.78034,56.83461],[14.78034,56.83461],[14.78032,56.8348],[14.77989,56.83526],[14.77889,56.83503],[14.77776,56.83511],[14.77751,56.83523],[14.77736,56.83536],[14.77725,56.83552],[14.77726,56.83579],[14.77735,56.83592],[14.77762,56.83615],[14.77761,56.83624],[14.77724,56.83648],[14.77688,56.83678],[14.77687,56.83694],[14.77677,56.83712],[14.77623,56.83749],[14.77614,56.83758],[14.77602,56.83765],[14.77581,56.83769],[14.77506,56.83754],[14.77485,56.83753],[14.77464,56.83758],[14.7745,56.83766],[14.7743,56.83774],[14.77404,56.83777],[14.77361,56.83778],[14.77304,56.83765],[14.77254,56.83753],[14.77212,56.83749],[14.77183,56.8375],[14.77146,56.83744],[14.77078,56.83734],[14.77027,56.83733],[14.77027,56.83733],[14.77001,56.83743],[14.76925,56.83797],[14.7689,56.83825],[14.76844,56.83865],[14.76808,56.83904],[14.76713,56.84268],[14.76461,56.84354],[14.76385,56.84446],[14.76385,56.84446],[14.76429,56.84478],[14.76462,56.84514],[14.76475,56.84557],[14.76483,56.84591],[14.76458,56.8463],[14.76458,56.8463],[14.76513,56.84838],[14.76334,56.85],[14.76419,56.85145],[14.76393,56.85223],[14.76379,56.85286],[14.76355,56.85285],[14.76326,56.85285],[14.76292,56.85287],[14.76264,56.85291],[14.76216,56.85298],[14.76216,56.85298],[14.76188,56.85322],[14.76159,56.8535],[14.76126,56.85387],[14.76089,56.85422],[14.76054,56.85468],[14.76048,56.85486],[14.76055,56.85519],[14.76055,56.85519],[14.76375,56.85598],[14.76378,56.85602],[14.76384,56.85612],[14.76386,56.85628],[14.7638,56.85646],[14.76356,56.8569]]]},"properties":{"NVRID":"2002389","NAMN":"Bokhultet","SKYDDSTYP":"Naturreservat","LAN":"Kronobergs Län","KOMMUN":"Växjö","IUCNKATEGORI":"IV, Habitat/Artskyddsområde (Habitat/Species Management Area)","FORVALTARE":"Växjö kommun","AREA_HA":759.231,"URSPR_BESLUTSDATUM":""}},{"type":"Feature","geometry":{"type":"MultiPolygon","coordinates":[[[[14.82479,56.8824],[14.82478,56.8824],[14.82478,56.8824],[14.8244,56.88286],[14.82455,56.88339],[14.82459,56.8839],[14.82484,56.88474],[14.82459,56.88541],[14.82459,56.88541],[14.82459,56.88541],[14.82513,56.88543],[14.82523,56.88542],[14.82555,56.88545],[14.82555,56.88545],[14.8263,56.88514],[14.8263,56.88514],[14.82819,56.88319],[14.82832,56.88307],[14.82843,56.88293],[14.82897,56.88198],[14.82897,56.88186],[14.82897,56.88186],[14.82829,56.88142],[14.82829,56.88142],[14.82829,56.88141],[14.82829,56.88141],[14.82819,56.88143],[14.82779,56.88146],[14.82742,56.88146],[14.82682,56.88146],[14.82682,56.88146],[14.82676,56.8815],[14.8267,56.8815],[14.8267,56.8815],[14.8267,56.8815],[14.82653,56.88199],[14.82592,56.88259],[14.82479,56.8824]]],[[[14.8281,56.88824],[14.8281,56.88853],[14.8281,56.88859],[14.82811,56.88873],[14.8281,56.88876],[14.82809,56.88881],[14.82809,56.88898],[14.8281,56.8891],[14.82812,56.88926],[14.82815,56.88959],[14.82818,56.8898],[14.82821,56.88995],[14.82821,56.88995],[14.82833,56.89043],[14.82833,56.89043],[14.82835,56.89049],[14.82837,56.89058],[14.8284,56.89067],[14.82844,56.8908],[14.82886,56.89227],[14.82924,56.89374],[14.82939,56.8945],[14.82939,56.89455],[14.82939,56.89458],[14.8294,56.89465],[14.8294,56.89469],[14.82939,56.89474],[14.82939,56.89476],[14.82939,56.89498],[14.82939,56.89498],[14.82943,56.89537],[14.8294,56.89615],[14.8293,56.8973],[14.82931,56.89739],[14.82931,56.89739],[14.82931,56.89739],[14.82931,56.89739],[14.8293,56.89744],[14.8293,56.89744],[14.82931,56.89745],[14.82931,56.89745],[14.82924,56.89758],[14.8292,56.89771],[14.82919,56.89776],[14.82919,56.89783],[14.82918,56.89787],[14.82917,56.89792],[14.82917,56.89796],[14.82916,56.89801],[14.82915,56.89805],[14.82914,56.8981],[14.82913,56.89815],[14.82912,56.89819],[14.82911,56.89824],[14.8291,56.89828],[14.82909,56.89833],[14.82907,56.89838],[14.82906,56.89842],[14.82905,56.89844],[14.82904,56.89849],[14.82903,56.89851],[14.82902,56.89854],[14.82899,56.8986],[14.82897,56.89865],[14.82896,56.89869],[14.82894,56.89874],[14.82892,56.89878],[14.8289,56.89881],[14.82888,56.89885],[14.82886,56.8989],[14.82885,56.89892],[14.82882,56.89896],[14.8288,56.899],[14.82874,56.89917],[14.82874,56.89917],[14.82901,56.89927],[14.82919,56.89954],[14.82933,56.89986],[14.83008,56.90033],[14.83021,56.90037],[14.83274,56.90095],[14.83368,56.90112],[14.83501,56.90139],[14.8352,56.9015],[14.83634,56.90183],[14.83634,56.90183],[14.83634,56.90183],[14.83634,56.90183],[14.83634,56.90183],[14.83607,56.90127],[14.83618,56.90068],[14.83618,56.90068],[14.83639,56.89958],[14.83777,56.89879],[14.83868,56.89796],[14.84062,56.89703],[14.84144,56.89725],[14.84259,56.89806],[14.84259,56.89806],[14.84271,56.89804],[14.84285,56.89801],[14.84404,56.89778],[14.84494,56.89839],[14.84551,56.89926],[14.84574,56.89977],[14.84598,56.90063],[14.84483,56.9024],[14.84472,56.90334],[14.84488,56.90397],[14.84538,56.90437],[14.8456,56.90453],[14.84642,56.90539],[14.84648,56.90543],[14.84643,56.90547],[14.84643,56.90547],[14.84643,56.90547],[14.84655,56.90556],[14.84664,56.90566],[14.84665,56.90578],[14.84661,56.90591],[14.84661,56.90601],[14.84661,56.90601],[14.84697,56.90616],[14.84744,56.90636],[14.84792,56.90662],[14.84812,56.90672],[14.84873,56.90715],[14.8489,56.90726],[14.84907,56.90735],[14.84926,56.90744],[14.84947,56.90752],[14.84968,56.90759],[14.85006,56.90768],[14.85038,56.90773],[14.85062,56.90776],[14.85107,56.90777],[14.85123,56.90777],[14.85123,56.90777],[14.85123,56.90777],[14.85142,56.90637],[14.8584,56.9066],[14.8584,56.9066],[14.85872,56.90644],[14.85924,56.90604],[14.85938,56.90599],[14.85959,56.90592],[14.85978,56.90585],[14.86052,56.9056],[14.86203,56.90522],[14.86373,56.9055],[14.86433,56.90574],[14.86439,56.90577],[14.86441,56.90578],[14.86502,56.90634],[14.86547,56.90686],[14.86619,56.90748],[14.86659,56.90802],[14.86712,56.90845],[14.86726,56.90856],[14.8678,56.90983],[14.8678,56.90983],[14.8678,56.90983],[14.8678,56.90983],[14.86793,56.90977],[14.86805,56.90974],[14.8682,56.90975],[14.86845,56.90977],[14.86858,56.90978],[14.86867,56.90982],[14.86874,56.90984],[14.86873,56.90993],[14.86873,56.90993],[14.86875,56.90995],[14.86878,56.90996],[14.8688,56.90997],[14.86887,56.91004],[14.86894,56.91006],[14.86894,56.91006],[14.86894,56.91006],[14.86907,56.90998],[14.87593,56.91074],[14.87593,56.91074],[14.87593,56.91074],[14.87931,56.90826],[14.87941,56.90825],[14.87961,56.90824],[14.87962,56.90824],[14.87979,56.90817],[14.88001,56.90808],[14.88018,56.90797],[14.88031,56.90782],[14.88032,56.90782],[14.8803,56.90769],[14.8802,56.90763],[14.88016,56.90761],[14.88258,56.90572],[14.88258,56.90572],[14.88258,56.90572],[14.88149,56.90489],[14.8798,56.90371],[14.8798,56.90371],[14.87931,56.90375],[14.87878,56.90381],[14.87846,56.90384],[14.87813,56.90386],[14.87775,56.90391],[14.87741,56.90397],[14.87713,56.90401],[14.87681,56.90406],[14.87666,56.90409],[14.87645,56.90413],[14.87625,56.90416],[14.87612,56.90417],[14.87532,56.90407],[14.87507,56.9035],[14.87532,56.90223],[14.87532,56.90223],[14.87471,56.90191],[14.87434,56.90179],[14.87451,56.90171],[14.87482,56.90158],[14.87499,56.90149],[14.87505,56.90139],[14.87512,56.90127],[14.87522,56.90115],[14.8752,56.90102],[14.87516,56.90088],[14.87512,56.90076],[14.87504,56.90055],[14.875,56.90046],[14.87491,56.90036],[14.87482,56.90025],[14.8752,56.89982],[14.87497,56.89945],[14.8749,56.89936],[14.875,56.89911],[14.87506,56.89898],[14.87525,56.89873],[14.87534,56.89862],[14.87542,56.89846],[14.8755,56.89833],[14.87557,56.89823],[14.87562,56.8981],[14.87586,56.89792],[14.87616,56.89774],[14.87637,56.89756],[14.87657,56.89741],[14.87681,56.89724],[14.87697,56.89713],[14.87714,56.89702],[14.87735,56.89686],[14.87755,56.8967],[14.87771,56.89655],[14.87793,56.89632],[14.87812,56.89604],[14.87823,56.89591],[14.87829,56.8958],[14.87834,56.89571],[14.87845,56.89563],[14.87854,56.89552],[14.87865,56.89543],[14.87875,56.89532],[14.87885,56.89517],[14.87891,56.89496],[14.87891,56.89496],[14.87891,56.89496],[14.87842,56.89483],[14.8721,56.89319],[14.87032,56.89276],[14.86978,56.89262],[14.86657,56.89177],[14.8604,56.89019],[14.85989,56.89006],[14.85543,56.88955],[14.85473,56.88723],[14.85473,56.88723],[14.85473,56.88723],[14.85024,56.88658],[14.85024,56.88658],[14.85024,56.88658],[14.85001,56.88737],[14.84846,56.88736],[14.84846,56.88736],[14.84846,56.88736],[14.8484,56.88821],[14.84713,56.88865],[14.84713,56.88865],[14.84713,56.88865],[14.84713,56.88865],[14.84713,56.88866],[14.85327,56.88932],[14.8544,56.89132],[14.85409,56.89127],[14.85381,56.89125],[14.85351,56.89126],[14.85254,56.89137],[14.85237,56.8914],[14.85174,56.89154],[14.85108,56.89162],[14.85068,56.89163],[14.85028,56.8916],[14.84991,56.89151],[14.84964,56.89139],[14.8494,56.89125],[14.84823,56.89024],[14.84728,56.88957],[14.84654,56.8892],[14.84478,56.88827],[14.84449,56.88816],[14.84417,56.88808],[14.84334,56.88788],[14.8429,56.88774],[14.84268,56.88764],[14.84249,56.88752],[14.8422,56.8873],[14.84195,56.88701],[14.8418,56.88671],[14.84176,56.88643],[14.84178,56.88618],[14.84186,56.88593],[14.84196,56.88575],[14.84217,56.88544],[14.8424,56.88508],[14.8424,56.88505],[14.84249,56.88456],[14.84249,56.88413],[14.84245,56.88394],[14.84244,56.88393],[14.84208,56.88328],[14.84207,56.88326],[14.84197,56.88319],[14.84196,56.88317],[14.84196,56.88317],[14.84196,56.88317],[14.84142,56.88313],[14.84096,56.88312],[14.84048,56.88315],[14.84029,56.8831],[14.8393,56.88309],[14.83909,56.88311],[14.83846,56.88301],[14.83822,56.88294],[14.83794,56.88281],[14.83724,56.88263],[14.83724,56.88263],[14.83684,56.88266],[14.83658,56.88261],[14.83627,56.88263],[14.8354,56.88276],[14.83514,56.88283],[14.83449,56.88287],[14.83403,56.88297],[14.83333,56.88315],[14.83307,56.88325],[14.83296,56.88331],[14.83258,56.88364],[14.83197,56.88403],[14.83047,56.88472],[14.82987,56.88504],[14.8294,56.88548],[14.8291,56.8858],[14.82897,56.88606],[14.82891,56.88614],[14.82888,56.88618],[14.82885,56.88622],[14.82882,56.88626],[14.82879,56.8863],[14.82876,56.88634],[14.82873,56.88638],[14.82871,56.88643],[14.82868,56.88647],[14.82867,56.88648],[14.82858,56.88662],[14.82856,56.88666],[14.82854,56.8867],[14.82851,56.88674],[14.82849,56.88679],[14.82847,56.88683],[14.82844,56.88688],[14.82819,56.88753],[14.82819,56.88755],[14.82818,56.88759],[14.82817,56.88763],[14.82816,56.88768],[14.82815,56.88772],[14.82814,56.88776],[14.82814,56.88781],[14.82813,56.88785],[14.82812,56.88789],[14.82812,56.88794],[14.82811,56.88798],[14.82811,56.88802],[14.82811,56.88807],[14.8281,56.88811],[14.8281,56.88815],[14.8281,56.8882],[14.8281,56.88824]],[[14.83961,56.88723],[14.84106,56.8877],[14.84082,56.88796],[14.8393,56.88763],[14.83961,56.88723]],[[14.86377,56.90248],[14.86513,56.90254],[14.86513,56.90306],[14.86373,56.90305],[14.86377,56.90248]],[[14.86411,56.89767],[14.86456,56.89773],[14.86456,56.89773],[14.86456,56.89773],[14.86456,56.89773],[14.86463,56.89759],[14.86471,56.8976],[14.86471,56.8976],[14.86471,56.8976],[14.86473,56.89755],[14.86538,56.89706],[14.86584,56.89747],[14.86522,56.89819],[14.86404,56.898],[14.86411,56.89767]],[[14.86626,56.89611],[14.8672,56.89638],[14.86614,56.89752],[14.86572,56.89721],[14.86551,56.89692],[14.86544,56.89676],[14.8654,56.89659],[14.8654,56.89615],[14.86626,56.89611]],[[14.86537,56.9038],[14.86626,56.90259],[14.86883,56.90263],[14.86877,56.90388],[14.86537,56.9038]]]]},"properties":{"NVRID":"2002583","NAMN":"Fylleryd","SKYDDSTYP":"Naturreservat","LAN":"Kronobergs Län","KOMMUN":"Växjö","IUCNKATEGORI":"IV, Habitat/Artskyddsområde (Habitat/Species Management Area)","FORVALTARE":"Växjö kommun","AREA_HA":535.625,"URSPR_BESLUTSDATUM":""}},{"type":"Feature","geometry":{"type":"MultiPolygon","coordinates":[[[[14.13998,56.97115],[14.13997,56.97115],[14.13997,56.97115],[14.13998,56.97115],[14.13998,56.97115],[14.14111,56.97132],[14.14111,56.97132],[14.14732,56.97048],[14.14732,56.97048],[14.14732,56.97048],[14.14732,56.97048],[14.14659,56.97014],[14.14659,56.97014],[14.14243,56.97026],[14.13998,56.97115]]],[[[14.13919,56.97836],[14.13919,56.97836],[14.13919,56.97836],[14.14495,56.97795],[14.14495,56.97795],[14.14495,56.97795],[14.14495,56.97795],[14.14473,56.97706],[14.14483,56.97679],[14.14492,56.9765],[14.14501,56.97623],[14.14508,56.97598],[14.1451,56.97583],[14.1451,56.97583],[14.14374,56.97553],[14.13845,56.97604],[14.13845,56.97604],[14.13845,56.97604],[14.13845,56.97605],[14.13869,56.97627],[14.13919,56.97836]]],[[[14.13898,56.95973],[14.13905,56.9598],[14.13916,56.95993],[14.13924,56.96047],[14.13959,56.96066],[14.14001,56.96086],[14.14019,56.96111],[14.13911,56.96126],[14.13911,56.96126],[14.13911,56.96127],[14.13972,56.96236],[14.14035,56.9635],[14.14056,56.96386],[14.14056,56.96386],[14.14056,56.96386],[14.14507,56.96316],[14.14507,56.96316],[14.14507,56.96316],[14.14555,56.96175],[14.14555,56.96175],[14.14554,56.96175],[14.14554,56.96175],[14.14516,56.96179],[14.14501,56.96144],[14.14501,56.96144],[14.14501,56.96144],[14.14501,56.96144],[14.14389,56.96155],[14.1429,56.96102],[14.14203,56.96082],[14.14127,56.96065],[14.14109,56.96037],[14.14109,56.96037],[14.13977,56.96018],[14.13974,56.95987],[14.13946,56.95961],[14.1405,56.95844],[14.1405,56.95844],[14.14035,56.95829],[14.14015,56.95813],[14.13992,56.958],[14.13988,56.95796],[14.13988,56.95796],[14.13988,56.95796],[14.13753,56.95838],[14.13753,56.95838],[14.13753,56.95838],[14.13753,56.95838],[14.13827,56.95973],[14.13829,56.95977],[14.13829,56.95977],[14.13829,56.95977],[14.13859,56.9597],[14.13898,56.95973]]],[[[14.14567,56.97888],[14.14563,56.9791],[14.14553,56.97931],[14.14533,56.97948],[14.14502,56.97985],[14.14475,56.9801],[14.14475,56.9801],[14.14552,56.98119],[14.14559,56.98136],[14.14569,56.98155],[14.14578,56.9817],[14.14618,56.98223],[14.14618,56.98223],[14.14618,56.98223],[14.14671,56.98211],[14.14975,56.98129],[14.14975,56.98129],[14.15083,56.97808],[14.15324,56.97754],[14.15324,56.97754],[14.15324,56.97754],[14.15281,56.97628],[14.15281,56.97628],[14.15274,56.97627],[14.15274,56.97627],[14.14508,56.97808],[14.14508,56.97808],[14.14508,56.97809],[14.14544,56.97848],[14.14567,56.97888]]]]},"properties":{"NVRID":"2054963","NAMN":"Gässhultsmyren","SKYDDSTYP":"Naturreservat","LAN":"Kronobergs Län","KOMMUN":"Ljungby","IUCNKATEGORI":"0, Områden som ej kan klassificeras enligt IUCN: s system.","FORVALTARE":"Länsstyrelsen i Kronobergs län","AREA_HA":41.814,"URSPR_BESLUTSDATUM":""}},{"type":"Feature","geometry":{"type":"Polygon","coordinates":[[[15.06637,56.78178],[15.06764,56.78113],[15.06764,56.78113],[15.06762,56.77198],[15.07307,56.7693],[15.07307,56.7693],[15.07307,56.76929],[15.06612,56.76528],[15.06436,56.7653],[15.05706,56.76539],[15.05706,56.76539],[15.05505,56.76774],[15.05505,56.76774],[15.05511,56.77296],[15.05511,56.77341],[15.05508,56.77426],[15.05463,56.78496],[15.05463,56.78496],[15.05464,56.78496],[15.06256,56.78496],[15.06256,56.78496],[15.06698,56.78308],[15.06698,56.78308],[15.06683,56.7827],[15.06661,56.78228],[15.06637,56.78178]]]},"properties":{"NVRID":"2050845","NAMN":"Prästanäset","SKYDDSTYP":"Naturreservat","LAN":"Kronobergs Län","KOMMUN":"Lessebo, Växjö","IUCNKATEGORI":"Ia, Strikt naturreservat (Strict Nature Reserve)","FORVALTARE":"Länsstyrelsen i Kronobergs län","AREA_HA":173.198,"URSPR_BESLUTSDATUM":""}},{"type":"Feature","geometry":{"type":"MultiPolygon","coordinates":[[[[15.82101,56.9678],[15.821,56.9678],[15.821,56.9678],[15.82127,56.9689],[15.82126,56.96912],[15.82123,56.96959],[15.82119,56.97059],[15.82119,56.97059],[15.82119,56.97059],[15.82119,56.97059],[15.82119,56.97059],[15.82474,56.96909],[15.82497,56.96736],[15.82497,56.96736],[15.82497,56.96736],[15.82108,56.9678],[15.82101,56.9678]]],[[[15.83202,56.9674],[15.83135,56.96407],[15.83138,56.96388],[15.83138,56.96388],[15.83072,56.96359],[15.83019,56.96347],[15.82885,56.96313],[15.82885,56.96313],[15.82885,56.96313],[15.82885,56.96313],[15.82836,56.96533],[15.82819,56.97101],[15.82819,56.97101],[15.8282,56.97101],[15.8282,56.97101],[15.83011,56.9707],[15.8327,56.97085],[15.83271,56.97085],[15.83271,56.97085],[15.83271,56.97085],[15.83241,56.96934],[15.83202,56.9674]]]]},"properties":{"NVRID":"2054224","NAMN":"Krokstorp","SKYDDSTYP":"Naturreservat","LAN":"Kronobergs Län","KOMMUN":"Uppvidinge","IUCNKATEGORI":"IV, Habitat/Artskyddsområde (Habitat/Species Management Area)","FORVALTARE":"Länsstyrelsen i Kronobergs län","AREA_HA":23.554,"URSPR_BESLUTSDATUM":""}},{"type":"Feature","geometry":{"type":"Polygon","coordinates":[[[15.07853,56.48904],[15.07872,56.48915],[15.07876,56.48924],[15.07882,56.48929],[15.07883,56.48929],[15.07894,56.48933],[15.079,56.4894],[15.07904,56.48941],[15.07904,56.48941],[15.07904,56.48941],[15.07914,56.48936],[15.07918,56.48927],[15.07939,56.48924],[15.07969,56.48927],[15.07994,56.48934],[15.08009,56.48939],[15.08012,56.48947],[15.08018,56.48954],[15.08027,56.4896],[15.08059,56.4897],[15.08079,56.48973],[15.08095,56.48973],[15.08323,56.48994],[15.08324,56.48994],[15.08324,56.48994],[15.08699,56.47741],[15.08699,56.47741],[15.08699,56.47741],[15.08346,56.47706],[15.0823,56.47712],[15.08157,56.47714],[15.08081,56.47717],[15.08004,56.47721],[15.07783,56.47725],[15.07783,56.47725],[15.06622,56.48711],[15.06622,56.48712],[15.06622,56.48712],[15.07703,56.48855],[15.07721,56.48859],[15.07746,56.48864],[15.07758,56.48869],[15.07773,56.48877],[15.07781,56.48883],[15.07808,56.4889],[15.07821,56.48892],[15.0783,56.48896],[15.07837,56.48903],[15.07842,56.48905],[15.07843,56.48905],[15.07853,56.48904]]]},"properties":{"NVRID":"2002351","NAMN":"Hensjönäset","SKYDDSTYP":"Naturreservat","LAN":"Kronobergs Län","KOMMUN":"Tingsryd","IUCNKATEGORI":"IV, Habitat/Artskyddsområde (Habitat/Species Management Area)","FORVALTARE":"Tingsryds kommun","AREA_HA":107.834,"URSPR_BESLUTSDATUM":""}},{"type":"Feature","geometry":{"type":"MultiPolygon","coordinates":[[[[15.26967,56.8198],[15.26669,56.81767],[15.26669,56.81767],[15.26668,56.81767],[15.26668,56.81767],[15.26374,56.8189],[15.26373,56.8189],[15.26373,56.8189],[15.26382,56.81907],[15.26382,56.81925],[15.26373,56.81959],[15.26369,56.81975],[15.26369,56.81985],[15.26371,56.82035],[15.26372,56.82058],[15.26376,56.82068],[15.26381,56.82078],[15.26395,56.82099],[15.26401,56.8211],[15.26402,56.82118],[15.26403,56.82135],[15.26399,56.82148],[15.26383,56.82179],[15.26382,56.82187],[15.26384,56.82195],[15.26389,56.82202],[15.26403,56.82228],[15.26415,56.82253],[15.26421,56.82269],[15.26429,56.82295],[15.26434,56.82315],[15.26433,56.82339],[15.26428,56.82359],[15.26431,56.82397],[15.26436,56.82425],[15.26435,56.82437],[15.26437,56.82447],[15.26444,56.82464],[15.26452,56.82473],[15.26459,56.82483],[15.26471,56.82497],[15.26478,56.82503],[15.26489,56.82518],[15.26495,56.82538],[15.26492,56.82572],[15.26491,56.82607],[15.2649,56.82641],[15.26488,56.82698],[15.26486,56.82753],[15.26478,56.8278],[15.26465,56.828],[15.26447,56.82819],[15.26431,56.82833],[15.26431,56.82833],[15.26431,56.82833],[15.26444,56.82838],[15.26467,56.82841],[15.26563,56.82845],[15.26644,56.82849],[15.26681,56.8285],[15.26738,56.82854],[15.26786,56.82864],[15.26847,56.82878],[15.26996,56.82913],[15.27045,56.82925],[15.27075,56.82932],[15.27096,56.8294],[15.27125,56.82954],[15.27144,56.82969],[15.27165,56.82982],[15.27183,56.82992],[15.27207,56.83001],[15.2726,56.83016],[15.27321,56.83035],[15.27338,56.83039],[15.27408,56.83044],[15.28469,56.83352],[15.28254,56.83872],[15.28254,56.83872],[15.28254,56.83872],[15.28254,56.83872],[15.29332,56.8382],[15.29383,56.83934],[15.29429,56.8404],[15.29452,56.84099],[15.29455,56.84131],[15.29834,56.84617],[15.29948,56.84941],[15.29948,56.84941],[15.29948,56.84941],[15.29984,56.84934],[15.30341,56.84886],[15.30522,56.84816],[15.30522,56.84816],[15.30615,56.84617],[15.3116,56.84297],[15.31392,56.84197],[15.31852,56.83747],[15.31859,56.83725],[15.31867,56.83692],[15.31873,56.83667],[15.31879,56.83647],[15.31896,56.83619],[15.31905,56.83608],[15.31917,56.83601],[15.31913,56.83586],[15.31917,56.83556],[15.3192,56.83536],[15.31918,56.83525],[15.319,56.83494],[15.31876,56.83465],[15.31836,56.83426],[15.318,56.83403],[15.31785,56.83394],[15.31763,56.83384],[15.31749,56.83369],[15.31746,56.83362],[15.31746,56.83362],[15.31746,56.83362],[15.3065,56.8344],[15.3003,56.83215],[15.29519,56.82883],[15.29603,56.82779],[15.29744,56.82529],[15.29854,56.82273],[15.29854,56.82273],[15.29654,56.81939],[15.2919,56.81784],[15.2919,56.81784],[15.2919,56.81784],[15.28827,56.81963],[15.28039,56.81829],[15.28018,56.81519],[15.28018,56.81519],[15.27856,56.81431],[15.27856,56.81431],[15.27856,56.81431],[15.27856,56.81431],[15.27665,56.81592],[15.27509,56.81965],[15.27268,56.81974],[15.26967,56.8198]]],[[[15.28399,56.89069],[15.28401,56.8907],[15.28405,56.89072],[15.28411,56.89076],[15.28418,56.89078],[15.28422,56.8908],[15.28431,56.89085],[15.28443,56.8909],[15.28463,56.891],[15.28471,56.89106],[15.28477,56.89107],[15.28484,56.89107],[15.2849,56.89104],[15.28497,56.89103],[15.28504,56.89107],[15.28513,56.89113],[15.2852,56.89117],[15.28524,56.89123],[15.28531,56.89129],[15.28531,56.89129],[15.28543,56.89129],[15.28557,56.89129],[15.28569,56.89132],[15.28571,56.89134],[15.28558,56.8915],[15.28555,56.89154],[15.28552,56.89158],[15.28546,56.89163],[15.28543,56.89167],[15.28543,56.8917],[15.28543,56.8917],[15.28552,56.89173],[15.28557,56.89175],[15.28565,56.89176],[15.28577,56.8918],[15.28594,56.89183],[15.28609,56.89184],[15.28626,56.89184],[15.28642,56.8918],[15.28657,56.89175],[15.28675,56.89177],[15.28691,56.89182],[15.28709,56.89188],[15.28722,56.8919],[15.28723,56.8919],[15.28736,56.89185],[15.28748,56.89178],[15.28762,56.89168],[15.28771,56.89154],[15.28771,56.89143],[15.28765,56.89132],[15.2876,56.89125],[15.28757,56.89112],[15.28755,56.89099],[15.28763,56.89089],[15.28771,56.89084],[15.28772,56.89083],[15.28981,56.90393],[15.28991,56.90442],[15.29158,56.91517],[15.29158,56.91517],[15.29159,56.91517],[15.29159,56.91517],[15.30808,56.91255],[15.31679,56.91123],[15.32516,56.90984],[15.33758,56.90863],[15.33758,56.90863],[15.33758,56.90863],[15.33733,56.89735],[15.33733,56.89735],[15.33733,56.89735],[15.32102,56.89524],[15.30404,56.89255],[15.30048,56.88855],[15.30048,56.88855],[15.29232,56.88889],[15.29126,56.88726],[15.29693,56.88499],[15.30033,56.88592],[15.30033,56.88592],[15.30033,56.88592],[15.30489,56.88348],[15.30489,56.88348],[15.30534,56.87979],[15.30656,56.87986],[15.30656,56.87986],[15.30656,56.87986],[15.3093,56.87381],[15.31827,56.87316],[15.32228,56.87323],[15.32323,56.87446],[15.32332,56.87651],[15.32336,56.87658],[15.32341,56.87681],[15.32338,56.87714],[15.32339,56.87733],[15.32348,56.87756],[15.32368,56.87786],[15.32393,56.87821],[15.32414,56.87849],[15.32437,56.87869],[15.32477,56.87897],[15.32169,56.88071],[15.32169,56.88072],[15.32169,56.88072],[15.33092,56.88868],[15.33711,56.89166],[15.33711,56.89166],[15.33711,56.89166],[15.33711,56.89166],[15.33711,56.89166],[15.33713,56.89149],[15.33764,56.89132],[15.33764,56.89132],[15.33778,56.88956],[15.33778,56.88956],[15.33777,56.88955],[15.33758,56.88953],[15.33718,56.88945],[15.33685,56.88933],[15.33668,56.88918],[15.33659,56.88905],[15.3363,56.88886],[15.33539,56.88839],[15.33495,56.88822],[15.33467,56.88815],[15.33395,56.88799],[15.33335,56.88793],[15.33302,56.88787],[15.33276,56.88776],[15.33252,56.88762],[15.33229,56.88743],[15.33192,56.88704],[15.33183,56.88688],[15.33182,56.88674],[15.33184,56.88648],[15.33179,56.88624],[15.33168,56.886],[15.33166,56.88583],[15.33178,56.88563],[15.33196,56.88545],[15.332,56.88525],[15.33191,56.88497],[15.33188,56.88468],[15.33183,56.88439],[15.33176,56.88414],[15.3315,56.8837],[15.33106,56.88307],[15.33105,56.8828],[15.33106,56.88253],[15.33115,56.88219],[15.33135,56.88191],[15.33149,56.88166],[15.33157,56.88146],[15.33159,56.88124],[15.33169,56.88105],[15.33198,56.88078],[15.33238,56.8804],[15.33274,56.87978],[15.33311,56.87983],[15.33314,56.88008],[15.3331,56.88026],[15.3331,56.88026],[15.3331,56.88026],[15.3331,56.88026],[15.33431,56.88031],[15.33956,56.88306],[15.33956,56.88306],[15.34103,56.88309],[15.34103,56.88309],[15.34103,56.88309],[15.34088,56.88191],[15.34086,56.88173],[15.3408,56.88143],[15.34076,56.88116],[15.34071,56.88091],[15.34055,56.88081],[15.34035,56.88065],[15.3401,56.88043],[15.33983,56.88029],[15.33911,56.88004],[15.33888,56.87991],[15.3387,56.87975],[15.33853,56.87957],[15.33829,56.87929],[15.33827,56.87927],[15.33826,56.87923],[15.33824,56.87909],[15.33827,56.87879],[15.33821,56.8785],[15.33806,56.87823],[15.33791,56.87813],[15.33763,56.87798],[15.33734,56.87779],[15.33674,56.87649],[15.33985,56.87152],[15.34175,56.87096],[15.34175,56.87096],[15.34175,56.87096],[15.34175,56.87096],[15.34044,56.86997],[15.34305,56.86604],[15.34532,56.86589],[15.34604,56.86587],[15.34648,56.86587],[15.34696,56.86592],[15.34739,56.86594],[15.34744,56.86595],[15.34744,56.86595],[15.34744,56.86595],[15.34744,56.86594],[15.34744,56.86594],[15.34734,56.86585],[15.34712,56.86561],[15.34706,56.86552],[15.34697,56.86539],[15.3469,56.86524],[15.34688,56.86517],[15.34686,56.86508],[15.34688,56.86472],[15.34686,56.8645],[15.34685,56.86437],[15.34691,56.86417],[15.34703,56.86394],[15.34716,56.86373],[15.34733,56.86342],[15.34737,56.86332],[15.35246,56.85404],[15.35386,56.85297],[15.35454,56.84981],[15.35351,56.84816],[15.35351,56.84816],[15.35193,56.84765],[15.35193,56.84765],[15.35193,56.84765],[15.35128,56.84837],[15.34449,56.84688],[15.34379,56.84314],[15.34379,56.84314],[15.34379,56.84314],[15.34343,56.84315],[15.34305,56.84318],[15.34238,56.84327],[15.34198,56.84334],[15.34162,56.84343],[15.34115,56.84361],[15.34036,56.84401],[15.339,56.84467],[15.33868,56.84478],[15.33844,56.84483],[15.33785,56.84489],[15.33675,56.84496],[15.33608,56.84499],[15.33402,56.84513],[15.33362,56.84518],[15.33307,56.84528],[15.33142,56.84564],[15.32825,56.84501],[15.32964,56.84264],[15.33523,56.84186],[15.3407,56.83982],[15.3407,56.83982],[15.34079,56.83946],[15.34079,56.83922],[15.34076,56.83897],[15.34075,56.83886],[15.34063,56.83839],[15.34052,56.83801],[15.34034,56.83756],[15.34021,56.83742],[15.34003,56.8373],[15.33941,56.83699],[15.33864,56.83664],[15.33776,56.83623],[15.33695,56.83585],[15.33646,56.83562],[15.33613,56.83548],[15.33584,56.83536],[15.33515,56.83515],[15.33754,56.82938],[15.33792,56.82845],[15.33792,56.82845],[15.33691,56.82748],[15.33691,56.82748],[15.33691,56.82748],[15.33609,56.82754],[15.33545,56.8276],[15.33539,56.82761],[15.33487,56.82768],[15.33445,56.82772],[15.3339,56.82772],[15.33327,56.82767],[15.33274,56.82763],[15.33242,56.82759],[15.33214,56.82754],[15.33201,56.82753],[15.33179,56.82752],[15.33168,56.82751],[15.33117,56.82751],[15.33058,56.82752],[15.33016,56.82752],[15.32996,56.82751],[15.32965,56.82745],[15.32854,56.82718],[15.32832,56.82712],[15.32783,56.827],[15.32731,56.82686],[15.32708,56.8268],[15.32694,56.82677],[15.32677,56.82673],[15.32668,56.8267],[15.32633,56.82661],[15.32619,56.82657],[15.32604,56.82652],[15.32566,56.8264],[15.32504,56.82627],[15.32476,56.82624],[15.32476,56.82624],[15.32476,56.82624],[15.32403,56.82942],[15.32172,56.83341],[15.32165,56.83421],[15.32025,56.83489],[15.32025,56.8349],[15.32029,56.83572],[15.32161,56.83642],[15.32137,56.83875],[15.32137,56.83884],[15.32113,56.83965],[15.32076,56.84021],[15.32059,56.84068],[15.32036,56.84115],[15.32006,56.84167],[15.31984,56.84202],[15.31978,56.84212],[15.31972,56.84224],[15.31972,56.84235],[15.31962,56.84278],[15.31951,56.84314],[15.3193,56.84347],[15.3192,56.84362],[15.3191,56.84382],[15.31898,56.84419],[15.319,56.84436],[15.31918,56.84477],[15.31933,56.8452],[15.31945,56.84564],[15.31969,56.84588],[15.32007,56.84623],[15.32017,56.84646],[15.32015,56.84679],[15.32007,56.84759],[15.32001,56.84813],[15.31983,56.84884],[15.31854,56.85103],[15.31052,56.85147],[15.30756,56.85024],[15.30755,56.85024],[15.30755,56.85024],[15.30447,56.85152],[15.30447,56.85152],[15.30583,56.85448],[15.30525,56.85627],[15.30525,56.85627],[15.3064,56.85678],[15.3045,56.8588],[15.30477,56.86573],[15.30477,56.86573],[15.30477,56.86573],[15.3072,56.86582],[15.30525,56.86651],[15.30524,56.86651],[15.29293,56.87701],[15.28567,56.87625],[15.28543,56.87622],[15.28542,56.87622],[15.28542,56.87622],[15.28542,56.87622],[15.28572,56.87809],[15.286,56.88002],[15.28732,56.88833],[15.28731,56.88834],[15.28726,56.88836],[15.28715,56.88838],[15.28711,56.88838],[15.28706,56.88836],[15.287,56.88834],[15.28693,56.88833],[15.28693,56.88833],[15.28682,56.88835],[15.28676,56.88839],[15.28668,56.8884],[15.28658,56.88842],[15.28658,56.88842],[15.28655,56.88846],[15.28653,56.88856],[15.28648,56.88862],[15.28646,56.88867],[15.28642,56.88872],[15.28639,56.88876],[15.28639,56.88878],[15.28639,56.88878],[15.28645,56.88881],[15.28649,56.88882],[15.28649,56.88885],[15.28648,56.88891],[15.28647,56.88901],[15.28646,56.88907],[15.28649,56.88916],[15.28645,56.88922],[15.2864,56.88926],[15.28633,56.88932],[15.28629,56.88936],[15.28624,56.8894],[15.28615,56.88944],[15.28606,56.88947],[15.28597,56.88948],[15.28589,56.88946],[15.28578,56.88942],[15.28568,56.88937],[15.28562,56.88935],[15.28557,56.88934],[15.28553,56.88934],[15.28553,56.88934],[15.2855,56.88936],[15.28547,56.8894],[15.28544,56.8894],[15.28536,56.88938],[15.28533,56.88936],[15.28529,56.88935],[15.28529,56.88935],[15.28529,56.88935],[15.28527,56.88936],[15.28525,56.88939],[15.28517,56.8894],[15.28517,56.8894],[15.28511,56.88944],[15.28507,56.88948],[15.28507,56.88948],[15.2851,56.88952],[15.28515,56.88957],[15.2852,56.88963],[15.2852,56.88963],[15.2853,56.88966],[15.2854,56.88969],[15.28548,56.88972],[15.28552,56.88975],[15.28557,56.88984],[15.28562,56.88988],[15.28566,56.88993],[15.28567,56.88998],[15.28569,56.89003],[15.28575,56.89009],[15.28587,56.89014],[15.2859,56.89018],[15.28593,56.89022],[15.28597,56.89029],[15.2859,56.89029],[15.28582,56.89027],[15.28572,56.89026],[15.28564,56.89028],[15.28554,56.89032],[15.28548,56.89037],[15.2854,56.8904],[15.28521,56.89047],[15.2851,56.89054],[15.28501,56.89058],[15.28494,56.89059],[15.28489,56.89058],[15.28489,56.89054],[15.2849,56.8905],[15.2849,56.8905],[15.28484,56.89045],[15.28477,56.89042],[15.28464,56.89035],[15.2846,56.89028],[15.28452,56.89024],[15.28447,56.89021],[15.28442,56.8902],[15.28442,56.8902],[15.28434,56.89021],[15.28433,56.89021],[15.28429,56.89024],[15.28428,56.89029],[15.28427,56.89033],[15.28423,56.89037],[15.28422,56.89044],[15.28419,56.8905],[15.28416,56.89051],[15.28409,56.89053],[15.28397,56.89054],[15.28386,56.89056],[15.28374,56.89058],[15.28366,56.89061],[15.28366,56.89061],[15.28366,56.89061],[15.28368,56.89065],[15.28376,56.89068],[15.28381,56.89069],[15.28391,56.89071],[15.28399,56.89069]],[[15.33546,56.86369],[15.33641,56.86005],[15.33728,56.8589],[15.3408,56.85778],[15.3408,56.85778],[15.34101,56.85714],[15.34438,56.85725],[15.34486,56.86207],[15.34412,56.86424],[15.34175,56.86563],[15.34149,56.86546],[15.34113,56.86531],[15.34057,56.86523],[15.34003,56.86518],[15.33958,56.86519],[15.33924,56.86523],[15.33882,56.86531],[15.3357,56.8652],[15.33546,56.86369]]]]},"properties":{"NVRID":"2014842","NAMN":"Stocksmyr-Brännan","SKYDDSTYP":"Naturreservat","LAN":"Kronobergs Län","KOMMUN":"Lessebo, Uppvidinge","IUCNKATEGORI":"Ib, Vildmarksområde (Wilderness Area)","FORVALTARE":"Länsstyrelsen i Kronobergs län","AREA_HA":2313.439,"URSPR_BESLUTSDATUM":""}},{"type":"Feature","geometry":{"type":"Polygon","coordinates":[[[14.77027,56.60112],[14.77034,56.60135],[14.77034,56.60135],[14.77034,56.60135],[14.77519,56.60094],[14.77527,56.60096],[14.7754,56.60101],[14.7754,56.60101],[14.77541,56.60101],[14.77542,56.60099],[14.77562,56.601],[14.77582,56.60105],[14.77582,56.60105],[14.776,56.60104],[14.77614,56.60112],[14.77648,56.60117],[14.77663,56.60128],[14.77686,56.60137],[14.77707,56.60147],[14.77715,56.6015],[14.77724,56.60167],[14.77733,56.60184],[14.77743,56.60199],[14.77748,56.6022],[14.77756,56.60237],[14.77769,56.60248],[14.7777,56.60248],[14.77792,56.60248],[14.77814,56.60239],[14.77814,56.60238],[14.7782,56.60222],[14.77826,56.60211],[14.77845,56.60197],[14.77849,56.60184],[14.77847,56.60166],[14.77847,56.60148],[14.77848,56.60132],[14.77844,56.60124],[14.77848,56.60109],[14.77846,56.60089],[14.77846,56.60068],[14.77848,56.60041],[14.77843,56.60021],[14.77836,56.60009],[14.77813,56.59994],[14.77795,56.59987],[14.77795,56.59987],[14.77795,56.59987],[14.77773,56.59998],[14.77752,56.60011],[14.77743,56.60019],[14.77724,56.60023],[14.77708,56.60018],[14.77683,56.60009],[14.7767,56.59997],[14.77653,56.59977],[14.77643,56.59966],[14.77635,56.59958],[14.77644,56.59942],[14.77657,56.59922],[14.77661,56.59904],[14.77667,56.59892],[14.77685,56.59883],[14.77712,56.59876],[14.77745,56.59869],[14.7777,56.59861],[14.77791,56.59849],[14.77811,56.59833],[14.77831,56.5982],[14.77841,56.5981],[14.77856,56.5979],[14.77856,56.5979],[14.77854,56.5977],[14.77855,56.59761],[14.77855,56.59761],[14.77855,56.59761],[14.77855,56.59761],[14.77526,56.59767],[14.77487,56.59695],[14.77487,56.59695],[14.77256,56.59694],[14.77256,56.59694],[14.77255,56.59694],[14.77246,56.59755],[14.77203,56.59819],[14.77114,56.59824],[14.77114,56.59824],[14.77114,56.59824],[14.77107,56.59864],[14.771,56.59875],[14.7709,56.59883],[14.77068,56.59893],[14.77038,56.59903],[14.77015,56.59908],[14.76959,56.5992],[14.76944,56.59926],[14.76932,56.59935],[14.76923,56.59947],[14.7692,56.5996],[14.76922,56.5998],[14.76931,56.60003],[14.76962,56.60054],[14.76988,56.60091],[14.76991,56.60101],[14.7699,56.60109],[14.7699,56.60109],[14.7699,56.60109],[14.77027,56.60112]]]},"properties":{"NVRID":"2052001","NAMN":"Äskekulla","SKYDDSTYP":"Naturreservat","LAN":"Kronobergs Län","KOMMUN":"Tingsryd","IUCNKATEGORI":"IV, Habitat/Artskyddsområde (Habitat/Species Management Area)","FORVALTARE":"Länsstyrelsen i Kronobergs län","AREA_HA":19.815,"URSPR_BESLUTSDATUM":""}},{"type":"Feature","geometry":{"type":"Polygon","coordinates":[[[15.2565,57.0615],[15.25261,57.06345],[15.25259,57.06347],[15.25259,57.06347],[15.25259,57.06347],[15.25259,57.06347],[15.25266,57.06349],[15.2529,57.06358],[15.25335,57.06377],[15.25389,57.06401],[15.25432,57.06419],[15.25465,57.06435],[15.25495,57.06449],[15.2551,57.06457],[15.25523,57.06465],[15.25538,57.06476],[15.25566,57.06504],[15.25592,57.06525],[15.25617,57.0655],[15.25644,57.06573],[15.25665,57.06594],[15.25676,57.06605],[15.25687,57.0662],[15.25696,57.06636],[15.25705,57.06661],[15.25715,57.06689],[15.25724,57.06713],[15.25737,57.06745],[15.25744,57.06762],[15.25749,57.06771],[15.25759,57.06784],[15.25775,57.06801],[15.25799,57.06827],[15.25838,57.06864],[15.25866,57.0689],[15.25902,57.06917],[15.25946,57.06952],[15.26003,57.06993],[15.26019,57.07005],[15.25984,57.07022],[15.25967,57.07038],[15.25929,57.07081],[15.25817,57.07089],[15.25809,57.07092],[15.25809,57.07092],[15.25809,57.07092],[15.25841,57.07314],[15.25832,57.07319],[15.25792,57.07346],[15.25754,57.07374],[15.25724,57.07396],[15.25693,57.07417],[15.2567,57.07433],[15.25648,57.07449],[15.25622,57.07467],[15.25592,57.0749],[15.25582,57.07497],[15.25581,57.07497],[15.25581,57.07497],[15.25708,57.0758],[15.25844,57.07671],[15.25962,57.07748],[15.25962,57.07748],[15.2619,57.0774],[15.2619,57.0774],[15.2619,57.0774],[15.26191,57.076],[15.26306,57.07553],[15.2678,57.07523],[15.26927,57.07597],[15.26889,57.07645],[15.26478,57.08162],[15.26478,57.08162],[15.26478,57.08162],[15.26478,57.08162],[15.26556,57.08172],[15.26595,57.08177],[15.26669,57.08186],[15.26746,57.08195],[15.26803,57.08205],[15.26836,57.08212],[15.26868,57.0822],[15.26929,57.08239],[15.27002,57.08262],[15.27056,57.08279],[15.27121,57.08299],[15.27184,57.08318],[15.27211,57.08326],[15.27154,57.08429],[15.26399,57.08623],[15.26395,57.08624],[15.26395,57.08624],[15.26395,57.08624],[15.26399,57.08637],[15.26406,57.08657],[15.26415,57.08683],[15.26426,57.08709],[15.26434,57.08728],[15.26444,57.08749],[15.26449,57.08761],[15.26453,57.08767],[15.26456,57.08769],[15.26456,57.08769],[15.26456,57.08769],[15.26473,57.08768],[15.26524,57.08761],[15.26587,57.08752],[15.26672,57.08738],[15.26773,57.0872],[15.26886,57.08701],[15.2703,57.08677],[15.2715,57.08656],[15.27392,57.08614],[15.27484,57.08599],[15.2759,57.08581],[15.27663,57.08569],[15.27757,57.08553],[15.27843,57.08538],[15.27907,57.08528],[15.28008,57.0851],[15.28048,57.08504],[15.28232,57.08468],[15.28693,57.08107],[15.29071,57.0781],[15.29071,57.0781],[15.29071,57.0781],[15.2907,57.0781],[15.2907,57.0781],[15.28426,57.07905],[15.28412,57.07908],[15.28387,57.07911],[15.28344,57.07913],[15.283,57.07915],[15.28269,57.07914],[15.28246,57.07913],[15.28201,57.07911],[15.28167,57.07912],[15.28149,57.07913],[15.28108,57.0791],[15.28157,57.07821],[15.28157,57.07821],[15.28112,57.07757],[15.28105,57.0765],[15.28404,57.07568],[15.28528,57.07556],[15.28528,57.07556],[15.28528,57.07556],[15.28513,57.07512],[15.28598,57.0747],[15.28598,57.0747],[15.2858,57.07416],[15.2858,57.07416],[15.2858,57.07416],[15.28259,57.07445],[15.28259,57.07445],[15.27981,57.07562],[15.27857,57.07552],[15.27864,57.07536],[15.2788,57.07495],[15.27898,57.07449],[15.27911,57.07305],[15.27911,57.07257],[15.27905,57.0723],[15.27881,57.07199],[15.27868,57.07182],[15.28054,57.07113],[15.28209,57.07058],[15.28209,57.07058],[15.28209,57.07058],[15.28209,57.07058],[15.27847,57.06964],[15.27847,57.06964],[15.27654,57.07045],[15.27272,57.07029],[15.2658,57.06818],[15.26532,57.06789],[15.26469,57.06627],[15.26367,57.06498],[15.27824,57.06744],[15.28004,57.06775],[15.28426,57.06845],[15.28462,57.06851],[15.28462,57.06851],[15.28462,57.06851],[15.28465,57.0678],[15.2847,57.06649],[15.28481,57.06381],[15.28486,57.06246],[15.28486,57.06246],[15.28486,57.06246],[15.28456,57.06232],[15.28424,57.06216],[15.28398,57.06203],[15.2837,57.06189],[15.28346,57.06176],[15.28309,57.06161],[15.2828,57.0615],[15.28238,57.0614],[15.28187,57.06128],[15.28132,57.06116],[15.28076,57.06103],[15.2801,57.06087],[15.27924,57.06068],[15.27848,57.06051],[15.27798,57.06041],[15.27777,57.06036],[15.2774,57.06025],[15.27691,57.06007],[15.27628,57.05983],[15.2757,57.05962],[15.27533,57.05946],[15.27515,57.05936],[15.27503,57.05925],[15.27494,57.05912],[15.27481,57.05885],[15.27455,57.05822],[15.27423,57.05746],[15.27411,57.05722],[15.27401,57.05709],[15.27388,57.05699],[15.2735,57.0568],[15.27274,57.05643],[15.27231,57.05622],[15.2718,57.05596],[15.27127,57.05571],[15.27171,57.05489],[15.27295,57.05257],[15.27323,57.05206],[15.27323,57.05206],[15.27323,57.05206],[15.27323,57.05206],[15.27184,57.05187],[15.26778,57.05132],[15.26778,57.05109],[15.26764,57.05076],[15.26773,57.0503],[15.26773,57.0503],[15.26749,57.05016],[15.26664,57.05008],[15.26664,57.05008],[15.26664,57.05008],[15.2657,57.05079],[15.26412,57.05171],[15.26065,57.05374],[15.25897,57.05473],[15.25897,57.05473],[15.25987,57.05689],[15.25947,57.05698],[15.2587,57.05713],[15.25811,57.05725],[15.25782,57.05731],[15.25751,57.05738],[15.25725,57.05746],[15.25692,57.05757],[15.25637,57.05776],[15.25596,57.05791],[15.25566,57.05801],[15.25546,57.05806],[15.25526,57.05808],[15.25482,57.05811],[15.25441,57.05814],[15.25396,57.0582],[15.25336,57.05829],[15.25276,57.05843],[15.25222,57.05852],[15.25178,57.05862],[15.25178,57.05862],[15.25178,57.05862],[15.25178,57.05862],[15.25309,57.05942],[15.25478,57.06045],[15.2565,57.0615]]]},"properties":{"NVRID":"2030949","NAMN":"Vithult","SKYDDSTYP":"Naturreservat","LAN":"Kronobergs Län","KOMMUN":"Uppvidinge","IUCNKATEGORI":"IV, Habitat/Artskyddsområde (Habitat/Species Management Area)","FORVALTARE":"Länsstyrelsen i Kronobergs län","AREA_HA":440.116,"URSPR_BESLUTSDATUM":""}},{"type":"Feature","geometry":{"type":"Polygon","coordinates":[[[15.14131,57.13844],[15.14115,57.13875],[15.14115,57.13875],[15.14115,57.13875],[15.14142,57.1388],[15.14241,57.13892],[15.14237,57.139],[15.14214,57.13951],[15.14209,57.13968],[15.1421,57.13972],[15.1421,57.13972],[15.1421,57.13972],[15.14213,57.13973],[15.14222,57.1397],[15.14249,57.13971],[15.14277,57.1398],[15.143,57.13995],[15.1433,57.14026],[15.1433,57.14026],[15.1433,57.14026],[15.1433,57.14026],[15.14361,57.13968],[15.14419,57.13976],[15.14537,57.13994],[15.14508,57.14053],[15.14508,57.14056],[15.14511,57.14057],[15.1452,57.14057],[15.14533,57.14054],[15.14558,57.1405],[15.14575,57.14047],[15.14587,57.14049],[15.14601,57.14052],[15.14617,57.14054],[15.14617,57.14057],[15.14611,57.14064],[15.14611,57.14064],[15.14614,57.14069],[15.14614,57.14069],[15.14614,57.14069],[15.14623,57.1407],[15.14623,57.1407],[15.14794,57.1399],[15.14794,57.1399],[15.14794,57.1399],[15.14785,57.13985],[15.14763,57.13975],[15.14739,57.13969],[15.14696,57.13963],[15.14629,57.13954],[15.14632,57.13941],[15.14637,57.13929],[15.14637,57.13929],[15.14575,57.13872],[15.14542,57.13842],[15.14535,57.13838],[15.14495,57.13812],[15.14446,57.13781],[15.14397,57.1376],[15.14349,57.1374],[15.14349,57.1374],[15.14348,57.1374],[15.14259,57.13772],[15.14224,57.13776],[15.14192,57.13781],[15.14103,57.13814],[15.14103,57.13814],[15.14103,57.13814],[15.14131,57.13844]]]},"properties":{"NVRID":"2002562","NAMN":"Änghults björkhage","SKYDDSTYP":"Naturreservat","LAN":"Kronobergs Län","KOMMUN":"Uppvidinge","IUCNKATEGORI":"IV, Habitat/Artskyddsområde (Habitat/Species Management Area)","FORVALTARE":"Länsstyrelsen i Kronobergs län","AREA_HA":6.914,"URSPR_BESLUTSDATUM":""}},{"type":"Feature","geometry":{"type":"Polygon","coordinates":[[[13.66564,56.69002],[13.66564,56.69002],[13.66564,56.69002],[13.66639,56.69042],[13.66774,56.69039],[13.66863,56.69024],[13.66864,56.69024],[13.66864,56.69024],[13.66885,56.68958],[13.66885,56.68957],[13.66885,56.68957],[13.66791,56.68939],[13.6679,56.68938],[13.6679,56.68938],[13.6679,56.68938],[13.66778,56.68939],[13.66701,56.68906],[13.66656,56.68897],[13.66656,56.68897],[13.66656,56.68897],[13.66656,56.68898],[13.66625,56.6895],[13.66564,56.69002]]]},"properties":{"NVRID":"2002370","NAMN":"Nöttja Ryaskogs domänreservat","SKYDDSTYP":"Naturreservat","LAN":"Kronobergs Län","KOMMUN":"Ljungby","IUCNKATEGORI":"0, Områden som ej kan klassificeras enligt IUCN: s system.","FORVALTARE":"Länsstyrelsen i Kronobergs län","AREA_HA":2.025,"URSPR_BESLUTSDATUM":""}},{"type":"Feature","geometry":{"type":"Polygon","coordinates":[[[14.92428,57.07586],[14.92414,57.07594],[14.92379,57.07615],[14.92323,57.07649],[14.92304,57.07664],[14.92294,57.07673],[14.9229,57.07679],[14.9228,57.07695],[14.92277,57.0771],[14.92276,57.07723],[14.92273,57.07786],[14.92275,57.07844],[14.92274,57.07892],[14.92275,57.07892],[14.92555,57.07987],[14.92717,57.0807],[14.92756,57.08208],[14.92756,57.08208],[14.92769,57.0821],[14.92812,57.08212],[14.92844,57.08211],[14.92876,57.08213],[14.92896,57.08216],[14.92913,57.08223],[14.92947,57.08238],[14.92967,57.08247],[14.92986,57.08257],[14.93008,57.08267],[14.93028,57.08277],[14.93029,57.08277],[14.93029,57.08277],[14.93125,57.082],[14.93217,57.08125],[14.93569,57.07843],[14.93588,57.07828],[14.93593,57.07826],[14.93596,57.07828],[14.93626,57.07838],[14.93661,57.07849],[14.93694,57.07857],[14.93729,57.07865],[14.93785,57.07873],[14.93831,57.07879],[14.93887,57.07884],[14.93928,57.07887],[14.94003,57.07889],[14.93995,57.07916],[14.9398,57.07941],[14.93981,57.07941],[14.93981,57.07941],[14.9409,57.07969],[14.94051,57.08025],[14.94009,57.08169],[14.94071,57.08274],[14.94071,57.08275],[14.94165,57.08328],[14.94165,57.08328],[14.94166,57.08328],[14.9429,57.08299],[14.94384,57.0834],[14.94385,57.0834],[14.94385,57.0834],[14.94432,57.08316],[14.94451,57.0831],[14.94499,57.08302],[14.94544,57.08298],[14.9456,57.08302],[14.94577,57.08374],[14.94577,57.08374],[14.94577,57.08374],[14.94582,57.08374],[14.94587,57.08387],[14.94592,57.08394],[14.94608,57.08413],[14.94631,57.08435],[14.94648,57.0845],[14.94663,57.0846],[14.94671,57.08464],[14.94845,57.08466],[14.94955,57.0844],[14.95052,57.08507],[14.95166,57.0854],[14.95246,57.0859],[14.9525,57.08727],[14.9525,57.08727],[14.9525,57.08727],[14.9532,57.08737],[14.9532,57.08737],[14.95321,57.08737],[14.95333,57.08715],[14.95347,57.08622],[14.95419,57.08635],[14.95419,57.08635],[14.95419,57.08635],[14.9556,57.08407],[14.95593,57.08126],[14.95599,57.08102],[14.95598,57.08085],[14.95597,57.08077],[14.95598,57.08072],[14.95599,57.08067],[14.95606,57.08055],[14.95636,57.08008],[14.95643,57.08],[14.95659,57.07986],[14.95684,57.07971],[14.95695,57.07965],[14.95715,57.07954],[14.95733,57.07938],[14.95798,57.07914],[14.95843,57.07884],[14.9586,57.07846],[14.95878,57.07818],[14.95906,57.07709],[14.95884,57.07537],[14.95864,57.07406],[14.95856,57.07323],[14.95726,57.07029],[14.95717,57.07004],[14.95693,57.06954],[14.95694,57.06954],[14.95694,57.06954],[14.9597,57.0671],[14.9597,57.0671],[14.9597,57.0671],[14.95969,57.0671],[14.96171,57.06525],[14.9679,57.0633],[14.97279,57.06779],[14.97279,57.06779],[14.97279,57.06779],[14.97585,57.06764],[14.97585,57.06764],[14.97585,57.06764],[14.97584,57.06759],[14.9758,57.06754],[14.97574,57.06749],[14.97569,57.06747],[14.97564,57.06745],[14.97559,57.06743],[14.97549,57.0674],[14.97541,57.06736],[14.97536,57.06728],[14.97534,57.0672],[14.97536,57.06711],[14.97533,57.06702],[14.97533,57.06694],[14.97535,57.0669],[14.97538,57.06684],[14.97545,57.06672],[14.97552,57.06664],[14.97561,57.06652],[14.97567,57.06643],[14.9757,57.06633],[14.9757,57.06624],[14.97568,57.06618],[14.97559,57.06608],[14.97553,57.06602],[14.97549,57.06595],[14.97544,57.06587],[14.97541,57.06579],[14.97543,57.06569],[14.97546,57.06556],[14.97549,57.06546],[14.97554,57.06537],[14.97556,57.06529],[14.97558,57.06515],[14.97559,57.06508],[14.97562,57.06501],[14.97563,57.06496],[14.97567,57.06493],[14.97579,57.06486],[14.97593,57.06477],[14.97605,57.06468],[14.97613,57.06462],[14.97614,57.06456],[14.97615,57.06447],[14.97614,57.0644],[14.9761,57.06433],[14.97606,57.06427],[14.97601,57.0642],[14.97593,57.06411],[14.97586,57.06401],[14.97582,57.06396],[14.97577,57.06392],[14.97575,57.06388],[14.97578,57.0638],[14.97584,57.06372],[14.9759,57.06365],[14.97593,57.06358],[14.97597,57.06352],[14.97601,57.06346],[14.97615,57.0634],[14.97633,57.06332],[14.97645,57.06326],[14.97655,57.0632],[14.97663,57.06314],[14.97668,57.06308],[14.97702,57.06292],[14.97702,57.06292],[14.97699,57.06249],[14.97699,57.06249],[14.97335,57.06015],[14.97177,57.05912],[14.97017,57.0581],[14.96842,57.05667],[14.96704,57.05554],[14.96595,57.05464],[14.96459,57.05353],[14.96324,57.05241],[14.96324,57.05241],[14.96324,57.05241],[14.96324,57.05241],[14.96299,57.05268],[14.96275,57.05317],[14.96258,57.05346],[14.96233,57.05384],[14.96213,57.05416],[14.9621,57.05421],[14.96179,57.05475],[14.96158,57.0552],[14.96146,57.05537],[14.95864,57.05621],[14.95352,57.05761],[14.95121,57.05972],[14.95074,57.05987],[14.95011,57.05986],[14.95011,57.05986],[14.95011,57.05986],[14.94302,57.06517],[14.94087,57.06784],[14.93643,57.06766],[14.93233,57.06836],[14.93233,57.06836],[14.93233,57.06836],[14.93256,57.06908],[14.93208,57.06915],[14.93207,57.06915],[14.931,57.07112],[14.93134,57.0719],[14.93116,57.0719],[14.93008,57.07191],[14.92849,57.07178],[14.92849,57.07178],[14.92849,57.07178],[14.92849,57.07178],[14.92844,57.07259],[14.92849,57.07272],[14.92863,57.07288],[14.92896,57.07307],[14.92835,57.07327],[14.92706,57.07369],[14.92681,57.07387],[14.92658,57.07393],[14.92633,57.07403],[14.92608,57.07417],[14.92592,57.07437],[14.92565,57.07454],[14.92565,57.07454],[14.92565,57.07454],[14.9258,57.07466],[14.92618,57.07498],[14.92567,57.0751],[14.92527,57.07523],[14.92487,57.07539],[14.92417,57.0758],[14.92417,57.0758],[14.92417,57.0758],[14.92428,57.07586]],[[14.95228,57.08124],[14.95264,57.08068],[14.95372,57.08055],[14.95431,57.08071],[14.95394,57.0813],[14.9538,57.08152],[14.95228,57.08124]]]},"properties":{"NVRID":"2020706","NAMN":"Lunden","SKYDDSTYP":"Naturreservat","LAN":"Kronobergs Län","KOMMUN":"Växjö","IUCNKATEGORI":"IV, Habitat/Artskyddsområde (Habitat/Species Management Area)","FORVALTARE":"Länsstyrelsen i Kronobergs län","AREA_HA":492.027,"URSPR_BESLUTSDATUM":""}},{"type":"Feature","geometry":{"type":"Polygon","coordinates":[[[15.30081,56.99222],[15.30081,56.99222],[15.30081,56.99222],[15.30313,56.99302],[15.30156,56.9953],[15.30156,56.9953],[15.30156,56.9953],[15.31032,56.99715],[15.31032,56.99715],[15.31032,56.99715],[15.31149,56.99573],[15.31486,56.99579],[15.31597,56.99697],[15.31587,56.99722],[15.31587,56.99722],[15.31587,56.99722],[15.31655,56.99752],[15.31655,56.99752],[15.31855,56.99765],[15.31855,56.99765],[15.31855,56.99765],[15.31869,56.99746],[15.32118,56.99866],[15.32118,56.99866],[15.32679,56.99747],[15.33295,56.99453],[15.35073,56.99212],[15.35073,56.99212],[15.35073,56.99212],[15.35129,56.99112],[15.35995,56.9902],[15.35995,56.9902],[15.35995,56.9902],[15.35995,56.9902],[15.35991,56.99017],[15.35945,56.98962],[15.35945,56.98962],[15.35859,56.98947],[15.35795,56.98939],[15.35764,56.98936],[15.35705,56.98931],[15.35655,56.98926],[15.35602,56.98917],[15.35566,56.98913],[15.35522,56.98906],[15.35481,56.98903],[15.3545,56.98902],[15.35304,56.98907],[15.35194,56.98909],[15.35136,56.98908],[15.35081,56.98907],[15.35051,56.98906],[15.35003,56.98903],[15.34975,56.98903],[15.34942,56.98905],[15.34898,56.98906],[15.34871,56.98906],[15.34845,56.98904],[15.34758,56.98896],[15.34646,56.98884],[15.34591,56.98878],[15.34543,56.98872],[15.34487,56.98864],[15.34461,56.9886],[15.34374,56.98855],[15.34343,56.98852],[15.34304,56.9885],[15.34281,56.98854],[15.34248,56.98862],[15.34193,56.98871],[15.34153,56.98875],[15.34132,56.98876],[15.34092,56.98879],[15.34052,56.98882],[15.34012,56.98887],[15.33938,56.98902],[15.33845,56.98924],[15.33787,56.98937],[15.3375,56.98941],[15.33729,56.98941],[15.33719,56.98942],[15.33703,56.98943],[15.33676,56.98947],[15.33648,56.98949],[15.33639,56.98949],[15.33609,56.98954],[15.33598,56.98961],[15.33579,56.98975],[15.3355,56.98997],[15.33521,56.99017],[15.33497,56.99038],[15.33472,56.99057],[15.33224,56.98963],[15.33124,56.98924],[15.32995,56.98875],[15.32961,56.98862],[15.32961,56.98862],[15.32709,56.98943],[15.3273,56.98849],[15.3273,56.98849],[15.3273,56.98849],[15.32666,56.98846],[15.32666,56.98846],[15.32547,56.98911],[15.32361,56.99049],[15.31937,56.98999],[15.31912,56.98959],[15.31912,56.98959],[15.31912,56.98959],[15.31673,56.98963],[15.31673,56.98963],[15.31673,56.98963],[15.31615,56.99099],[15.31428,56.99134],[15.31441,56.99053],[15.31441,56.99053],[15.31441,56.99053],[15.30752,56.99064],[15.30475,56.99125],[15.3017,56.99124],[15.3017,56.99124],[15.30081,56.99222]]]},"properties":{"NVRID":"2002546","NAMN":"Singelstorps fly","SKYDDSTYP":"Naturreservat","LAN":"Kronobergs Län","KOMMUN":"Uppvidinge","IUCNKATEGORI":"Ia, Strikt naturreservat (Strict Nature Reserve)","FORVALTARE":"Länsstyrelsen i Kronobergs län","AREA_HA":197.63,"URSPR_BESLUTSDATUM":""}},{"type":"Feature","geometry":{"type":"Polygon","coordinates":[[[15.71659,56.9558],[15.71659,56.95586],[15.71659,56.95586],[15.71672,56.95598],[15.71701,56.95619],[15.71755,56.95647],[15.71773,56.95663],[15.71776,56.95673],[15.71778,56.95678],[15.71778,56.95678],[15.71778,56.95678],[15.72288,56.95709],[15.72498,56.95721],[15.72498,56.95721],[15.72745,56.95599],[15.7281,56.95564],[15.72928,56.95488],[15.73178,56.95315],[15.73279,56.95248],[15.73324,56.95224],[15.73444,56.95166],[15.73553,56.95121],[15.73636,56.95093],[15.7403,56.94968],[15.7403,56.94968],[15.7403,56.94968],[15.73963,56.94881],[15.74341,56.94646],[15.74341,56.94646],[15.74278,56.94506],[15.7449,56.94378],[15.74693,56.94213],[15.74693,56.94213],[15.74693,56.94213],[15.74409,56.94124],[15.74595,56.9389],[15.74595,56.9389],[15.74595,56.9389],[15.74355,56.9381],[15.74355,56.9381],[15.74355,56.9381],[15.7413,56.94011],[15.7371,56.94223],[15.73616,56.9416],[15.73434,56.94035],[15.73434,56.94035],[15.73433,56.94035],[15.73331,56.94066],[15.72677,56.94269],[15.72677,56.94269],[15.72677,56.94269],[15.72922,56.94438],[15.72941,56.94452],[15.71235,56.9519],[15.71056,56.95267],[15.71056,56.95267],[15.71056,56.95267],[15.71056,56.95267],[15.71323,56.95466],[15.71659,56.9558]]]},"properties":{"NVRID":"2002938","NAMN":"Bockaskruv","SKYDDSTYP":"Naturreservat","LAN":"Kronobergs Län","KOMMUN":"Uppvidinge","IUCNKATEGORI":"Ia, Strikt naturreservat (Strict Nature Reserve)","FORVALTARE":"Länsstyrelsen i Kronobergs län","AREA_HA":197.53,"URSPR_BESLUTSDATUM":""}},{"type":"Feature","geometry":{"type":"Polygon","coordinates":[[[13.52913,56.66023],[13.52913,56.65974],[13.52913,56.65973],[13.52913,56.65973],[13.52057,56.6614],[13.51359,56.66273],[13.51296,56.66285],[13.51296,56.66285],[13.51296,56.66285],[13.51296,56.66285],[13.52211,56.66593],[13.52992,56.66653],[13.53158,56.6668],[13.53365,56.66712],[13.53365,56.66712],[13.53365,56.66712],[13.53365,56.66712],[13.53424,56.6662],[13.53424,56.6662],[13.53424,56.6662],[13.53424,56.6662],[13.53404,56.66617],[13.5339,56.66615],[13.53363,56.66612],[13.53337,56.66609],[13.53245,56.66599],[13.53186,56.66589],[13.5315,56.66578],[13.53122,56.66567],[13.53104,56.66557],[13.53096,56.66551],[13.5308,56.66535],[13.53065,56.6652],[13.53048,56.66505],[13.53025,56.66486],[13.52985,56.66448],[13.52961,56.66425],[13.52941,56.66407],[13.52901,56.66372],[13.52876,56.66348],[13.5285,56.66326],[13.52832,56.66306],[13.52819,56.66292],[13.52808,56.66261],[13.52809,56.6625],[13.52816,56.66233],[13.52854,56.66179],[13.52881,56.66144],[13.52894,56.6613],[13.52904,56.66122],[13.52924,56.66114],[13.52945,56.66109],[13.52945,56.66109],[13.52945,56.66109],[13.52913,56.66023]]]},"properties":{"NVRID":"2002367","NAMN":"Lineberg Domänreservat","SKYDDSTYP":"Naturreservat","LAN":"Kronobergs Län","KOMMUN":"Ljungby, Markaryd","IUCNKATEGORI":"IV, Habitat/Artskyddsområde (Habitat/Species Management Area)","FORVALTARE":"Länsstyrelsen i Kronobergs län","AREA_HA":46.099,"URSPR_BESLUTSDATUM":""}},{"type":"Feature","geometry":{"type":"Polygon","coordinates":[[[14.91383,56.72942],[14.91338,56.72948],[14.91338,56.72948],[14.91338,56.72948],[14.9134,56.72952],[14.9134,56.72952],[14.9134,56.72952],[14.91352,56.72951],[14.91441,56.72951],[14.91441,56.72951],[14.91463,56.72938],[14.91512,56.72939],[14.9154,56.72945],[14.91554,56.72951],[14.9157,56.72957],[14.91682,56.72998],[14.9177,56.73022],[14.92002,56.73085],[14.9223,56.73148],[14.9223,56.73148],[14.9223,56.73148],[14.9223,56.73148],[14.92248,56.73079],[14.9225,56.73071],[14.92271,56.72993],[14.92271,56.72993],[14.9227,56.72993],[14.92212,56.72976],[14.92238,56.72886],[14.92238,56.72886],[14.92238,56.72886],[14.92238,56.72886],[14.92048,56.72902],[14.91964,56.72916],[14.91887,56.72876],[14.91887,56.72876],[14.91887,56.72876],[14.91861,56.72887],[14.9178,56.7288],[14.9178,56.7287],[14.9178,56.72869],[14.9178,56.72869],[14.9178,56.72869],[14.91755,56.72871],[14.91705,56.72876],[14.91653,56.72899],[14.91628,56.72907],[14.91596,56.72931],[14.91545,56.72928],[14.91507,56.72929],[14.91463,56.72934],[14.91402,56.72932],[14.91384,56.72937],[14.91384,56.72937],[14.91383,56.72942]]]},"properties":{"NVRID":"2060541","NAMN":"Hanefors","SKYDDSTYP":"Naturreservat","LAN":"Kronobergs Län","KOMMUN":"Växjö","IUCNKATEGORI":"IV, Habitat/Artskyddsområde (Habitat/Species Management Area)","FORVALTARE":"Växjö kommun","AREA_HA":7.694,"URSPR_BESLUTSDATUM":""}},{"type":"Feature","geometry":{"type":"Polygon","coordinates":[[[14.05157,56.82617],[14.05157,56.82617],[14.05172,56.82651],[14.05172,56.82651],[14.05201,56.82657],[14.05274,56.82657],[14.05283,56.82666],[14.05316,56.82692],[14.05357,56.82717],[14.05393,56.82729],[14.0543,56.82742],[14.05448,56.82752],[14.05463,56.82767],[14.0548,56.82791],[14.05484,56.828],[14.05485,56.82823],[14.05485,56.82839],[14.0548,56.82859],[14.05471,56.82872],[14.0546,56.82895],[14.05444,56.82923],[14.05425,56.82965],[14.05397,56.83009],[14.0538,56.83038],[14.0536,56.83061],[14.05355,56.83076],[14.05361,56.83096],[14.05382,56.8311],[14.05398,56.83118],[14.05418,56.83121],[14.05418,56.83121],[14.05432,56.83114],[14.05444,56.83108],[14.05455,56.83109],[14.05469,56.83109],[14.05492,56.83112],[14.05523,56.83113],[14.0555,56.83118],[14.05559,56.83125],[14.05561,56.83133],[14.05559,56.83144],[14.05555,56.8315],[14.0555,56.83159],[14.05544,56.83175],[14.05538,56.8319],[14.05528,56.83198],[14.05514,56.83206],[14.05499,56.83217],[14.05499,56.83217],[14.05499,56.83246],[14.05508,56.83263],[14.05521,56.83275],[14.05539,56.83287],[14.05552,56.83296],[14.05575,56.8332],[14.05533,56.83476],[14.05533,56.83477],[14.05533,56.83477],[14.05533,56.83477],[14.05753,56.83431],[14.06026,56.83426],[14.06076,56.83422],[14.06155,56.83419],[14.06252,56.83413],[14.06252,56.83413],[14.07027,56.83001],[14.07027,56.83001],[14.06918,56.82876],[14.06877,56.8283],[14.068,56.82742],[14.06668,56.82593],[14.0661,56.82527],[14.06606,56.82522],[14.06606,56.82522],[14.06471,56.82526],[14.06305,56.82531],[14.06092,56.82537],[14.05975,56.82541],[14.05867,56.82544],[14.05776,56.82547],[14.05713,56.82548],[14.05638,56.82551],[14.05551,56.82553],[14.055,56.82555],[14.05455,56.82556],[14.0538,56.82558],[14.05309,56.82561],[14.05192,56.82565],[14.05192,56.82565],[14.05192,56.82565],[14.05157,56.82617]]]},"properties":{"NVRID":"2002387","NAMN":"Prästeboda","SKYDDSTYP":"Naturreservat","LAN":"Kronobergs Län","KOMMUN":"Ljungby","IUCNKATEGORI":"IV, Habitat/Artskyddsområde (Habitat/Species Management Area)","FORVALTARE":"Länsstyrelsen i Kronobergs län","AREA_HA":78.459,"URSPR_BESLUTSDATUM":""}},{"type":"Feature","geometry":{"type":"Polygon","coordinates":[[[14.72227,56.98107],[14.72227,56.98107],[14.72229,56.98115],[14.72227,56.98121],[14.72227,56.98128],[14.72227,56.98128],[14.72227,56.98128],[14.72238,56.98132],[14.72258,56.98132],[14.72287,56.98137],[14.72295,56.98143],[14.72297,56.98147],[14.72298,56.98153],[14.72298,56.98153],[14.72314,56.98157],[14.7234,56.98162],[14.72359,56.98163],[14.72359,56.98163],[14.72376,56.98151],[14.72401,56.98126],[14.72415,56.98109],[14.72424,56.98096],[14.72437,56.98081],[14.72457,56.98062],[14.72474,56.98051],[14.72491,56.98044],[14.72512,56.98042],[14.72537,56.98036],[14.72566,56.9802],[14.7261,56.97998],[14.72632,56.97985],[14.72646,56.97975],[14.72666,56.97967],[14.72678,56.97958],[14.72692,56.9795],[14.72707,56.97947],[14.72718,56.97945],[14.72718,56.97945],[14.72722,56.97938],[14.72725,56.97928],[14.72732,56.97922],[14.72735,56.97915],[14.72751,56.97904],[14.7277,56.97898],[14.72788,56.97894],[14.7281,56.97892],[14.72828,56.97894],[14.72857,56.97895],[14.72884,56.97895],[14.72918,56.97892],[14.72953,56.97892],[14.72968,56.97893],[14.72968,56.97893],[14.72977,56.97888],[14.72981,56.97882],[14.72981,56.97882],[14.72977,56.97874],[14.72963,56.97864],[14.72953,56.97853],[14.72951,56.9784],[14.72951,56.97827],[14.72952,56.97815],[14.7296,56.97804],[14.72975,56.97792],[14.7299,56.97786],[14.72999,56.9778],[14.73,56.9777],[14.72998,56.97762],[14.73003,56.97753],[14.73007,56.97745],[14.73005,56.97733],[14.73007,56.97725],[14.73003,56.97716],[14.72996,56.97707],[14.72996,56.97696],[14.72994,56.97685],[14.72992,56.97674],[14.72992,56.97663],[14.72991,56.97652],[14.72984,56.97646],[14.72973,56.97644],[14.72959,56.97639],[14.72947,56.97635],[14.72947,56.97635],[14.7293,56.97641],[14.72923,56.9765],[14.72919,56.97664],[14.72919,56.97679],[14.72926,56.97685],[14.72928,56.97692],[14.7292,56.97699],[14.72908,56.97704],[14.72889,56.97708],[14.72871,56.97709],[14.72852,56.97709],[14.72838,56.97706],[14.7283,56.97699],[14.72827,56.97693],[14.72826,56.97684],[14.72825,56.97679],[14.72823,56.97676],[14.72823,56.97676],[14.72823,56.97676],[14.72817,56.97676],[14.72812,56.97677],[14.72812,56.97677],[14.72812,56.97677],[14.72809,56.97684],[14.72809,56.97695],[14.72806,56.97701],[14.72798,56.97702],[14.72787,56.97708],[14.72785,56.97717],[14.72783,56.97723],[14.72783,56.97724],[14.72791,56.97734],[14.72807,56.97743],[14.7282,56.97747],[14.7282,56.97747],[14.7282,56.97747],[14.72828,56.97744],[14.72838,56.9774],[14.72849,56.97741],[14.7286,56.97742],[14.72874,56.97745],[14.72887,56.97754],[14.72893,56.97764],[14.72895,56.97775],[14.72892,56.97786],[14.72886,56.97791],[14.72877,56.9779],[14.72874,56.97785],[14.72875,56.97776],[14.72872,56.97769],[14.72865,56.97765],[14.72854,56.97764],[14.72854,56.97764],[14.72854,56.97764],[14.72852,56.9777],[14.72853,56.9778],[14.72847,56.97788],[14.72836,56.97794],[14.72824,56.97795],[14.72803,56.97795],[14.72782,56.97795],[14.72763,56.97794],[14.72748,56.97792],[14.72737,56.97788],[14.72737,56.97788],[14.72726,56.97788],[14.72709,56.97796],[14.72684,56.97813],[14.72664,56.97834],[14.72656,56.97848],[14.72647,56.97862],[14.72636,56.97868],[14.72626,56.97869],[14.7261,56.97876],[14.72598,56.97879],[14.72583,56.97883],[14.72571,56.97887],[14.72556,56.97893],[14.72548,56.97909],[14.7254,56.97923],[14.72529,56.97932],[14.72518,56.97936],[14.72501,56.97942],[14.72494,56.97953],[14.7248,56.97972],[14.72467,56.9798],[14.72453,56.97984],[14.72444,56.9799],[14.72433,56.97995],[14.72423,56.97996],[14.72412,56.98001],[14.72396,56.98009],[14.72383,56.98016],[14.72374,56.98021],[14.72363,56.98029],[14.72346,56.98036],[14.7232,56.98048],[14.72298,56.98059],[14.72284,56.9807],[14.72276,56.98085],[14.72263,56.98092],[14.72247,56.98092],[14.72235,56.98095],[14.72235,56.98095],[14.72227,56.98107]]]},"properties":{"NVRID":"2014071","NAMN":"Galtö","SKYDDSTYP":"Naturreservat","LAN":"Kronobergs Län","KOMMUN":"Växjö","IUCNKATEGORI":"Ia, Strikt naturreservat (Strict Nature Reserve)","FORVALTARE":"Växjö kommun","AREA_HA":6.547,"URSPR_BESLUTSDATUM":""}},{"type":"Feature","geometry":{"type":"Polygon","coordinates":[[[14.81524,56.91648],[14.8151,56.91647],[14.8151,56.91647],[14.8151,56.91647],[14.81497,56.91688],[14.81491,56.91752],[14.81516,56.91847],[14.81558,56.91925],[14.81558,56.91925],[14.81558,56.91925],[14.8171,56.91949],[14.81711,56.91949],[14.81711,56.91949],[14.81711,56.91949],[14.81711,56.91949],[14.81743,56.91624],[14.81743,56.91624],[14.81743,56.91624],[14.81546,56.91594],[14.81546,56.91595],[14.81546,56.91595],[14.81524,56.91648]]]},"properties":{"NVRID":"2002395","NAMN":"Evedalsåsen","SKYDDSTYP":"Naturreservat","LAN":"Kronobergs Län","KOMMUN":"Växjö","IUCNKATEGORI":"III, Naturmonument (Natural Monument)","FORVALTARE":"Växjö kommun","AREA_HA":4.754,"URSPR_BESLUTSDATUM":""}},{"type":"Feature","geometry":{"type":"Polygon","coordinates":[[[13.88029,56.57694],[13.88129,56.57842],[13.88315,56.57892],[13.88315,56.57892],[13.8848,56.5787],[13.89177,56.57923],[13.89643,56.58051],[13.89643,56.58051],[13.90176,56.5792],[13.90176,56.5792],[13.90176,56.5792],[13.90053,56.57583],[13.89776,56.57383],[13.89783,56.5733],[13.8977,56.57293],[13.89769,56.57293],[13.89756,56.57287],[13.89745,56.57283],[13.89745,56.57283],[13.89731,56.57283],[13.89718,56.57281],[13.89706,56.57277],[13.89701,56.5727],[13.89692,56.5726],[13.89679,56.57254],[13.89648,56.57252],[13.89635,56.5725],[13.89626,56.57242],[13.89607,56.57235],[13.89579,56.57228],[13.89556,56.57227],[13.89552,56.57224],[13.89549,56.57218],[13.89542,56.57209],[13.89513,56.57191],[13.89504,56.57184],[13.89485,56.57174],[13.89464,56.57168],[13.8944,56.57163],[13.89434,56.57162],[13.89434,56.57162],[13.89414,56.57165],[13.89394,56.57168],[13.89382,56.57164],[13.89364,56.57157],[13.89342,56.5715],[13.89326,56.57147],[13.89326,56.57147],[13.89315,56.57149],[13.89302,56.57151],[13.89282,56.57147],[13.89257,56.57137],[13.89244,56.57128],[13.89232,56.5712],[13.89225,56.57115],[13.89204,56.57105],[13.89204,56.57105],[13.89178,56.57102],[13.89161,56.57099],[13.89127,56.57079],[13.89113,56.57073],[13.8911,56.57065],[13.89106,56.57061],[13.89109,56.57058],[13.89109,56.57057],[13.89109,56.57057],[13.8908,56.57047],[13.89061,56.57043],[13.89056,56.57033],[13.89056,56.57033],[13.89056,56.57033],[13.89004,56.57032],[13.89004,56.57033],[13.88992,56.57046],[13.88966,56.57042],[13.88938,56.57034],[13.88879,56.57003],[13.88822,56.56973],[13.88822,56.56973],[13.88822,56.56973],[13.88747,56.56991],[13.88589,56.57027],[13.88589,56.57027],[13.88589,56.57027],[13.88589,56.57027],[13.88589,56.57027],[13.8865,56.57053],[13.88686,56.5711],[13.88686,56.5711],[13.88686,56.5711],[13.88746,56.57102],[13.88791,56.5715],[13.88701,56.57171],[13.88632,56.57182],[13.88619,56.57189],[13.88619,56.57189],[13.88576,56.57437],[13.8854,56.57444],[13.88285,56.57302],[13.88285,56.57302],[13.88285,56.57302],[13.88198,56.57326],[13.88175,56.573],[13.88175,56.573],[13.88175,56.573],[13.88175,56.573],[13.88125,56.57316],[13.88083,56.57337],[13.88036,56.57318],[13.88035,56.57318],[13.88035,56.57318],[13.87988,56.57366],[13.87937,56.57391],[13.87872,56.57412],[13.87851,56.57429],[13.87851,56.57429],[13.87845,56.57471],[13.87841,56.5756],[13.87816,56.5764],[13.87816,56.5764],[13.87816,56.5764],[13.88029,56.57694]]]},"properties":{"NVRID":"2048498","NAMN":"Göteryd","SKYDDSTYP":"Naturreservat","LAN":"Kronobergs Län","KOMMUN":"Älmhult","IUCNKATEGORI":"IV, Habitat/Artskyddsområde (Habitat/Species Management Area)","FORVALTARE":"Länsstyrelsen i Kronobergs län","AREA_HA":100.899,"URSPR_BESLUTSDATUM":""}},{"type":"Feature","geometry":{"type":"Polygon","coordinates":[[[14.19293,56.64425],[14.19204,56.64389],[14.19155,56.64359],[14.19027,56.64322],[14.19027,56.64322],[14.19027,56.64322],[14.19014,56.64329],[14.18887,56.6437],[14.18887,56.6437],[14.18887,56.6437],[14.18893,56.64437],[14.18922,56.64467],[14.18922,56.64475],[14.1892,56.64493],[14.18922,56.64533],[14.18928,56.64557],[14.18935,56.64581],[14.18941,56.64589],[14.18954,56.64604],[14.18976,56.64624],[14.18985,56.64638],[14.18999,56.64646],[14.19009,56.64654],[14.19018,56.64662],[14.19033,56.64676],[14.19044,56.64731],[14.1903,56.64779],[14.19009,56.64864],[14.19163,56.65055],[14.19142,56.65234],[14.1916,56.6534],[14.19676,56.65624],[14.19676,56.65624],[14.20482,56.65681],[14.20482,56.65681],[14.20482,56.65681],[14.21085,56.64394],[14.21085,56.64394],[14.21085,56.64394],[14.20767,56.64358],[14.20751,56.64286],[14.20796,56.6426],[14.20796,56.6426],[14.20796,56.6426],[14.20779,56.64236],[14.20748,56.64196],[14.2072,56.64143],[14.20696,56.64089],[14.20633,56.63947],[14.20784,56.63931],[14.20839,56.63918],[14.2088,56.63908],[14.2088,56.63908],[14.2088,56.63908],[14.208,56.6368],[14.208,56.6368],[14.208,56.6368],[14.20648,56.63698],[14.20648,56.63698],[14.20633,56.63704],[14.20589,56.63705],[14.20539,56.63719],[14.20515,56.63697],[14.20485,56.63679],[14.20485,56.63679],[14.20334,56.63686],[14.20339,56.63647],[14.20291,56.63555],[14.2024,56.63516],[14.20285,56.63455],[14.20285,56.63455],[14.20285,56.63454],[14.20245,56.63437],[14.20279,56.63391],[14.20279,56.63391],[14.20279,56.63391],[14.20279,56.63391],[14.20232,56.63379],[14.20194,56.63373],[14.20188,56.6336],[14.20187,56.63358],[14.20187,56.63358],[14.20186,56.63358],[14.20099,56.63365],[14.2002,56.63371],[14.20015,56.63351],[14.20077,56.63322],[14.20148,56.63312],[14.20148,56.63312],[14.20148,56.63312],[14.20148,56.63312],[14.20044,56.63211],[14.19961,56.63187],[14.19696,56.63146],[14.19695,56.63146],[14.19695,56.63146],[14.19441,56.63696],[14.19441,56.63696],[14.19441,56.63696],[14.19441,56.63696],[14.19543,56.6369],[14.19656,56.63683],[14.19659,56.63681],[14.19685,56.63669],[14.19696,56.63662],[14.19698,56.63661],[14.19701,56.63663],[14.19771,56.63711],[14.1968,56.6377],[14.19652,56.63823],[14.19652,56.63823],[14.19652,56.63823],[14.19652,56.63823],[14.20202,56.63842],[14.20251,56.63879],[14.19838,56.63991],[14.19693,56.64046],[14.19465,56.64089],[14.1934,56.64179],[14.1934,56.64179],[14.19341,56.64179],[14.19363,56.64192],[14.19352,56.64209],[14.19349,56.6422],[14.19349,56.6422],[14.19349,56.6422],[14.19349,56.6422],[14.1942,56.64229],[14.19424,56.6423],[14.19441,56.64237],[14.19414,56.64356],[14.19417,56.6438],[14.19353,56.64411],[14.19343,56.64411],[14.19293,56.64425]],[[14.19912,56.6343],[14.19931,56.63419],[14.1996,56.63399],[14.19964,56.63395],[14.1997,56.63391],[14.19976,56.63387],[14.19985,56.63384],[14.19993,56.63381],[14.20004,56.63378],[14.20013,56.63377],[14.20029,56.63375],[14.20042,56.63374],[14.20085,56.63371],[14.20115,56.63435],[14.20008,56.63465],[14.19912,56.6343]],[[14.19472,56.64535],[14.1951,56.64516],[14.19632,56.64519],[14.19579,56.64582],[14.1955,56.64654],[14.1953,56.64649],[14.19521,56.64649],[14.19505,56.64649],[14.19503,56.64649],[14.19493,56.64648],[14.19484,56.64645],[14.19478,56.64643],[14.1949,56.64587],[14.19497,56.64559],[14.19497,56.64559],[14.19472,56.64535]]]},"properties":{"NVRID":"2040941","NAMN":"Östra Tångarne","SKYDDSTYP":"Naturreservat","LAN":"Kronobergs Län","KOMMUN":"Älmhult","IUCNKATEGORI":"Ia, Strikt naturreservat (Strict Nature Reserve)","FORVALTARE":"Länsstyrelsen i Kronobergs län","AREA_HA":216.215,"URSPR_BESLUTSDATUM":""}},{"type":"Feature","geometry":{"type":"Polygon","coordinates":[[[15.0563,57.06805],[15.0563,57.06805],[15.0563,57.06805],[15.05657,57.06804],[15.05678,57.068],[15.05679,57.068],[15.05684,57.06785],[15.05799,57.06788],[15.05832,57.06789],[15.05897,57.07],[15.05924,57.07043],[15.0583,57.0706],[15.05817,57.07038],[15.05817,57.07038],[15.05817,57.07038],[15.05676,57.07045],[15.0567,57.07036],[15.0567,57.07036],[15.0567,57.07036],[15.05634,57.07038],[15.05362,57.0696],[15.05361,57.0696],[15.05361,57.0696],[15.05361,57.0696],[15.05361,57.0696],[15.05751,57.07286],[15.05751,57.07286],[15.05751,57.07286],[15.05751,57.07286],[15.05847,57.07236],[15.05855,57.07218],[15.05893,57.07208],[15.05894,57.07208],[15.05894,57.07208],[15.05894,57.07208],[15.05805,57.07146],[15.0594,57.07103],[15.06113,57.06991],[15.06195,57.06978],[15.06278,57.0696],[15.06369,57.0693],[15.06369,57.0693],[15.06369,57.0693],[15.06313,57.06888],[15.06237,57.06809],[15.06334,57.06781],[15.06418,57.06761],[15.0649,57.0675],[15.06551,57.0674],[15.06551,57.0674],[15.0658,57.06711],[15.06573,57.06504],[15.06597,57.06476],[15.06597,57.06476],[15.06597,57.06476],[15.06597,57.06476],[15.06516,57.06469],[15.06503,57.06468],[15.06492,57.06465],[15.06481,57.06462],[15.06387,57.06421],[15.0639,57.06403],[15.0639,57.06403],[15.0639,57.06403],[15.0633,57.064],[15.06262,57.06392],[15.06262,57.06392],[15.06262,57.06392],[15.06192,57.06473],[15.06159,57.06496],[15.06159,57.06496],[15.06197,57.06573],[15.05888,57.06633],[15.05832,57.06637],[15.05767,57.06657],[15.05767,57.06657],[15.05767,57.06657],[15.05789,57.06678],[15.05607,57.06735],[15.05607,57.06736],[15.05607,57.06736],[15.05628,57.06785],[15.05631,57.06796],[15.0563,57.06805]]]},"properties":{"NVRID":"2002556","NAMN":"Sjösås äng","SKYDDSTYP":"Naturreservat","LAN":"Kronobergs Län","KOMMUN":"Växjö","IUCNKATEGORI":"IV, Habitat/Artskyddsområde (Habitat/Species Management Area)","FORVALTARE":"Länsstyrelsen i Kronobergs län","AREA_HA":25.927,"URSPR_BESLUTSDATUM":""}},{"type":"Feature","geometry":{"type":"Polygon","coordinates":[[[14.61594,56.65881],[14.61654,56.65875],[14.61716,56.65876],[14.61855,56.65886],[14.61894,56.65893],[14.61931,56.65904],[14.61965,56.65913],[14.62006,56.65925],[14.62215,56.66013],[14.62215,56.66013],[14.62215,56.66013],[14.6253,56.65764],[14.6253,56.65764],[14.62455,56.65608],[14.62455,56.65608],[14.62455,56.65608],[14.62177,56.65598],[14.62177,56.65598],[14.62177,56.65598],[14.62124,56.65701],[14.60986,56.65983],[14.60986,56.65983],[14.60986,56.65983],[14.61134,56.66107],[14.61134,56.66107],[14.61134,56.66107],[14.61134,56.66107],[14.61299,56.6601],[14.61326,56.65995],[14.61374,56.6597],[14.61488,56.6592],[14.61558,56.65892],[14.61594,56.65881]]]},"properties":{"NVRID":"2051638","NAMN":"Hunnaskogen","SKYDDSTYP":"Naturreservat","LAN":"Kronobergs Län","KOMMUN":"Alvesta","IUCNKATEGORI":"IV, Habitat/Artskyddsområde (Habitat/Species Management Area)","FORVALTARE":"Länsstyrelsen i Kronobergs län","AREA_HA":16.615,"URSPR_BESLUTSDATUM":""}},{"type":"Feature","geometry":{"type":"Polygon","coordinates":[[[14.73975,56.6601],[14.73975,56.6601],[14.74313,56.66915],[14.74313,56.66915],[14.76968,56.67327],[14.76968,56.67327],[14.77188,56.67303],[14.77189,56.67303],[14.77304,56.67179],[14.77304,56.67179],[14.77032,56.6635],[14.77032,56.6635],[14.77032,56.6635],[14.76971,56.66343],[14.76862,56.66331],[14.76817,56.6632],[14.76789,56.66308],[14.7678,56.66295],[14.76776,56.6628],[14.76773,56.6626],[14.76778,56.66233],[14.76777,56.66222],[14.76773,56.6621],[14.76756,56.66186],[14.76753,56.66176],[14.76752,56.66163],[14.76765,56.66138],[14.76767,56.66125],[14.76772,56.66112],[14.76796,56.66089],[14.76802,56.66082],[14.76808,56.66072],[14.76813,56.66059],[14.7682,56.66046],[14.7683,56.6603],[14.76833,56.66015],[14.76832,56.66003],[14.76828,56.65994],[14.76818,56.65987],[14.76791,56.65972],[14.76767,56.65957],[14.76767,56.65957],[14.76767,56.65957],[14.76767,56.65957],[14.76765,56.6596],[14.76723,56.65989],[14.76409,56.6601],[14.763,56.6598],[14.763,56.6598],[14.76255,56.65988],[14.76253,56.65977],[14.76261,56.65966],[14.7629,56.65948],[14.76311,56.65932],[14.76326,56.65917],[14.76333,56.6591],[14.76335,56.65903],[14.76718,56.65893],[14.76718,56.65893],[14.76768,56.65858],[14.77142,56.65598],[14.77142,56.65598],[14.77164,56.65473],[14.77197,56.65279],[14.77206,56.65227],[14.77212,56.6519],[14.77225,56.65157],[14.77239,56.65157],[14.78228,56.65157],[14.78454,56.65569],[14.78046,56.6564],[14.78046,56.6564],[14.78046,56.6564],[14.78056,56.65776],[14.78056,56.65776],[14.78332,56.65961],[14.78326,56.66084],[14.7832,56.66217],[14.7832,56.66217],[14.7832,56.66217],[14.7832,56.66217],[14.78505,56.66196],[14.78702,56.66174],[14.78826,56.6616],[14.78857,56.66152],[14.79328,56.66035],[14.80243,56.65215],[14.82171,56.6519],[14.82171,56.6519],[14.82887,56.64092],[14.82887,56.64092],[14.81092,56.62554],[14.81083,56.6254],[14.8109,56.62534],[14.8109,56.62524],[14.8109,56.62524],[14.8109,56.62524],[14.8109,56.62524],[14.81068,56.62532],[14.81055,56.62542],[14.81052,56.62547],[14.8104,56.62556],[14.81022,56.62556],[14.80999,56.62552],[14.80999,56.62552],[14.80977,56.62555],[14.80956,56.62562],[14.80939,56.62568],[14.80939,56.62568],[14.80924,56.6259],[14.80918,56.62606],[14.80907,56.62625],[14.80899,56.62636],[14.80887,56.6264],[14.80887,56.62641],[14.80881,56.62649],[14.80764,56.62882],[14.80067,56.6287],[14.76997,56.63397],[14.74979,56.6404],[14.73975,56.6601]]]},"properties":{"NVRID":"2002362","NAMN":"Utnäsuddens övärld","SKYDDSTYP":"Naturreservat","LAN":"Kronobergs Län","KOMMUN":"Tingsryd, Växjö","IUCNKATEGORI":"V, Skyddat landskap/havsområde (Protected Landscape/Seascape)","FORVALTARE":"Länsstyrelsen i Kronobergs län","AREA_HA":1499.208,"URSPR_BESLUTSDATUM":""}},{"type":"Feature","geometry":{"type":"Polygon","coordinates":[[[15.09706,57.18183],[15.09706,57.18183],[15.09706,57.18183],[15.09795,57.18258],[15.09709,57.18703],[15.09709,57.18703],[15.09709,57.18703],[15.10053,57.18765],[15.10054,57.18765],[15.10054,57.18765],[15.10328,57.18586],[15.10605,57.18606],[15.10605,57.18606],[15.10605,57.18606],[15.11214,57.1767],[15.11214,57.1767],[15.11214,57.1767],[15.10868,57.17564],[15.10868,57.17564],[15.10868,57.17564],[15.10008,57.17986],[15.10008,57.17986],[15.10008,57.17986],[15.10017,57.1801],[15.10022,57.18028],[15.10015,57.18051],[15.10004,57.18064],[15.09987,57.18081],[15.09971,57.18099],[15.09953,57.18112],[15.09929,57.18126],[15.09896,57.18142],[15.09862,57.18155],[15.09828,57.18165],[15.0979,57.18168],[15.09749,57.18164],[15.09724,57.18167],[15.09724,57.18168],[15.09706,57.18183]]]},"properties":{"NVRID":"2014885","NAMN":"Getaryggarna","SKYDDSTYP":"Naturreservat","LAN":"Kronobergs Län","KOMMUN":"Uppvidinge","IUCNKATEGORI":"Ia, Strikt naturreservat (Strict Nature Reserve)","FORVALTARE":"Länsstyrelsen i Kronobergs län","AREA_HA":63.797,"URSPR_BESLUTSDATUM":""}},{"type":"Feature","geometry":{"type":"Polygon","coordinates":[[[15.48177,56.81645],[15.48289,56.81627],[15.48423,56.81629],[15.48424,56.81629],[15.48424,56.81629],[15.4843,56.81613],[15.48527,56.81609],[15.48527,56.81609],[15.48527,56.81609],[15.48532,56.8159],[15.48532,56.8159],[15.48532,56.8159],[15.48517,56.81588],[15.48417,56.81578],[15.48428,56.81544],[15.48432,56.81514],[15.48432,56.81514],[15.48409,56.81506],[15.4841,56.81482],[15.48494,56.81505],[15.48521,56.81519],[15.48518,56.81533],[15.48518,56.81534],[15.48518,56.81534],[15.48518,56.81534],[15.48612,56.81522],[15.48612,56.81522],[15.48612,56.81522],[15.48588,56.81483],[15.48588,56.81483],[15.48587,56.81483],[15.48552,56.81477],[15.48332,56.81476],[15.48326,56.81463],[15.48388,56.81271],[15.48388,56.81271],[15.48388,56.81271],[15.4833,56.8125],[15.48132,56.81237],[15.48132,56.81237],[15.47772,56.81495],[15.47759,56.81577],[15.47759,56.81577],[15.47959,56.81725],[15.48051,56.81743],[15.48051,56.81743],[15.48051,56.81743],[15.48177,56.81645]]]},"properties":{"NVRID":"2020086","NAMN":"Tikaskruv","SKYDDSTYP":"Naturreservat","LAN":"Kronobergs Län","KOMMUN":"Lessebo","IUCNKATEGORI":"IV, Habitat/Artskyddsområde (Habitat/Species Management Area)","FORVALTARE":"Länsstyrelsen i Kronobergs län","AREA_HA":15.245,"URSPR_BESLUTSDATUM":""}},{"type":"Feature","geometry":{"type":"Polygon","coordinates":[[[15.3409,57.04995],[15.34114,57.05038],[15.34076,57.05114],[15.34063,57.05173],[15.34071,57.05192],[15.34095,57.0521],[15.34092,57.05308],[15.33985,57.05272],[15.33876,57.05286],[15.3373,57.05267],[15.3373,57.05267],[15.33729,57.05267],[15.33629,57.05397],[15.33629,57.05397],[15.33629,57.05397],[15.33629,57.05397],[15.33694,57.05404],[15.33752,57.05409],[15.33815,57.05404],[15.33988,57.05406],[15.34129,57.05405],[15.34283,57.05403],[15.34471,57.05401],[15.34533,57.05406],[15.34533,57.05406],[15.34533,57.05406],[15.34574,57.05342],[15.34596,57.05349],[15.3463,57.05364],[15.34647,57.05371],[15.34708,57.05407],[15.34775,57.05443],[15.34789,57.05452],[15.34799,57.05463],[15.34805,57.05475],[15.34805,57.05487],[15.34799,57.05499],[15.34787,57.05512],[15.34757,57.05538],[15.34747,57.0555],[15.34743,57.05558],[15.34741,57.05566],[15.34744,57.05574],[15.34755,57.05588],[15.34773,57.05626],[15.34803,57.05702],[15.34679,57.0577],[15.34679,57.0577],[15.34737,57.05842],[15.34645,57.05877],[15.34645,57.05877],[15.34633,57.05906],[15.34649,57.05933],[15.34692,57.05989],[15.34692,57.05989],[15.34749,57.06003],[15.34819,57.06011],[15.34861,57.06021],[15.34861,57.06021],[15.34861,57.06021],[15.34955,57.05963],[15.34955,57.05963],[15.34955,57.05963],[15.34941,57.05949],[15.34908,57.05931],[15.34894,57.05919],[15.35034,57.05868],[15.35075,57.05859],[15.35084,57.05864],[15.35079,57.05889],[15.35074,57.05911],[15.35074,57.05911],[15.35074,57.05911],[15.35075,57.05911],[15.3508,57.0591],[15.35107,57.05908],[15.35203,57.05969],[15.35116,57.05974],[15.35043,57.05964],[15.35043,57.05964],[15.35042,57.05964],[15.35038,57.05972],[15.35038,57.05972],[15.35038,57.05972],[15.35061,57.05975],[15.35088,57.05979],[15.35127,57.05983],[15.35205,57.05975],[15.35233,57.05972],[15.35248,57.05971],[15.35268,57.05974],[15.35283,57.05979],[15.35295,57.05988],[15.35299,57.05991],[15.35299,57.05991],[15.35299,57.05991],[15.35323,57.05988],[15.35323,57.05988],[15.35365,57.05901],[15.35469,57.05832],[15.35597,57.05792],[15.35597,57.05792],[15.35597,57.05792],[15.35481,57.05591],[15.35475,57.05584],[15.35572,57.05458],[15.35572,57.05458],[15.35572,57.05458],[15.35415,57.0543],[15.35321,57.05415],[15.35325,57.05399],[15.35379,57.05402],[15.35379,57.05402],[15.35379,57.05402],[15.3536,57.05313],[15.35369,57.05297],[15.35423,57.05247],[15.35423,57.05247],[15.35423,57.05247],[15.35422,57.05247],[15.35013,57.05158],[15.34956,57.05127],[15.34956,57.05127],[15.34672,57.05157],[15.34594,57.0505],[15.34461,57.04889],[15.34461,57.04888],[15.34299,57.04821],[15.33888,57.04778],[15.33888,57.04778],[15.33888,57.04778],[15.33698,57.05085],[15.33698,57.05085],[15.33698,57.05085],[15.33698,57.05085],[15.33703,57.05084],[15.33717,57.05077],[15.33731,57.05067],[15.33744,57.05058],[15.33755,57.05049],[15.33757,57.05047],[15.33763,57.05041],[15.33771,57.05032],[15.3378,57.05025],[15.33795,57.05019],[15.33803,57.05018],[15.33814,57.05017],[15.33829,57.05013],[15.33846,57.05009],[15.33869,57.05008],[15.33885,57.05009],[15.33902,57.05007],[15.33922,57.05003],[15.33937,57.04999],[15.3409,57.04995]],[[15.34846,57.0556],[15.35012,57.05564],[15.35033,57.05628],[15.34862,57.05628],[15.34846,57.0556]]]},"properties":{"NVRID":"2002552","NAMN":"Skäraskog","SKYDDSTYP":"Naturreservat","LAN":"Kronobergs Län","KOMMUN":"Uppvidinge","IUCNKATEGORI":"0, Områden som ej kan klassificeras enligt IUCN: s system.","FORVALTARE":"Länsstyrelsen i Kronobergs län","AREA_HA":65.689,"URSPR_BESLUTSDATUM":""}},{"type":"Feature","geometry":{"type":"Polygon","coordinates":[[[14.76486,56.903],[14.76485,56.90299],[14.76485,56.90299],[14.76485,56.90299],[14.76485,56.90299],[14.76466,56.90306],[14.76466,56.90306],[14.76213,56.9055],[14.76213,56.9055],[14.76247,56.90606],[14.76247,56.90606],[14.76604,56.90657],[14.76645,56.90666],[14.76682,56.90658],[14.76706,56.90653],[14.76749,56.90639],[14.76768,56.90633],[14.76788,56.90626],[14.76808,56.9062],[14.7684,56.90614],[14.76867,56.90612],[14.76896,56.90606],[14.76927,56.90602],[14.76942,56.906],[14.76942,56.906],[14.77015,56.90514],[14.77042,56.90459],[14.77042,56.90459],[14.76858,56.90358],[14.76774,56.90255],[14.76702,56.90177],[14.76702,56.90177],[14.76558,56.90183],[14.76558,56.90183],[14.76558,56.90183],[14.76554,56.90194],[14.76508,56.90298],[14.76507,56.90298],[14.76507,56.90298],[14.76501,56.90298],[14.76497,56.90299],[14.76495,56.90299],[14.76491,56.90299],[14.76489,56.90299],[14.76487,56.903],[14.76486,56.903]]]},"properties":{"NVRID":"2002392","NAMN":"Araby","SKYDDSTYP":"Naturreservat","LAN":"Kronobergs Län","KOMMUN":"Växjö","IUCNKATEGORI":"IV, Habitat/Artskyddsområde (Habitat/Species Management Area)","FORVALTARE":"Växjö kommun","AREA_HA":16.096,"URSPR_BESLUTSDATUM":""}},{"type":"Feature","geometry":{"type":"Polygon","coordinates":[[[14.66102,56.41603],[14.66082,56.41608],[14.66017,56.41615],[14.66017,56.41615],[14.66017,56.41615],[14.66019,56.41681],[14.66019,56.41725],[14.6602,56.41769],[14.6602,56.4181],[14.66012,56.41851],[14.66008,56.41865],[14.66008,56.41865],[14.66008,56.41865],[14.66008,56.41865],[14.66124,56.41817],[14.66177,56.41787],[14.66211,56.41765],[14.66242,56.41749],[14.66266,56.41737],[14.66307,56.41726],[14.66347,56.41717],[14.66361,56.41713],[14.66374,56.41708],[14.66383,56.41702],[14.66391,56.4169],[14.66401,56.41678],[14.66413,56.41667],[14.66426,56.41656],[14.66447,56.41643],[14.66474,56.41628],[14.66499,56.41617],[14.66525,56.41608],[14.66525,56.41608],[14.66525,56.41608],[14.66519,56.41599],[14.6651,56.41583],[14.66504,56.4157],[14.665,56.41555],[14.66499,56.41539],[14.66503,56.41519],[14.66513,56.41496],[14.66522,56.41476],[14.66532,56.41456],[14.66536,56.41446],[14.66536,56.41441],[14.66533,56.41431],[14.66526,56.41424],[14.66532,56.41423],[14.67061,56.41322],[14.67086,56.41317],[14.67123,56.41311],[14.67183,56.41289],[14.67251,56.41272],[14.67275,56.41258],[14.67289,56.41229],[14.67421,56.41188],[14.67421,56.41188],[14.67421,56.41188],[14.67312,56.41074],[14.67312,56.41074],[14.67312,56.41074],[14.67238,56.41075],[14.67207,56.41],[14.67177,56.40926],[14.67149,56.40864],[14.66929,56.40785],[14.6706,56.40684],[14.6706,56.40684],[14.6706,56.40684],[14.6706,56.40684],[14.6702,56.40666],[14.66958,56.40636],[14.66937,56.40624],[14.66925,56.40612],[14.66919,56.40592],[14.66916,56.4059],[14.66908,56.40578],[14.6689,56.40567],[14.66872,56.40554],[14.6685,56.40531],[14.66844,56.40519],[14.6683,56.40493],[14.66818,56.40475],[14.66798,56.40444],[14.66772,56.40425],[14.66737,56.40402],[14.66703,56.40376],[14.66673,56.40353],[14.66642,56.40327],[14.66617,56.40302],[14.666,56.40286],[14.666,56.40286],[14.66539,56.40292],[14.66539,56.40292],[14.66539,56.40292],[14.66504,56.40368],[14.66452,56.40474],[14.66452,56.40474],[14.66599,56.40563],[14.66582,56.40582],[14.66582,56.40582],[14.66582,56.40582],[14.66685,56.40638],[14.66786,56.40746],[14.66833,56.40795],[14.66807,56.40819],[14.66807,56.40819],[14.66834,56.40885],[14.66912,56.40958],[14.66927,56.41001],[14.66824,56.41008],[14.66785,56.41015],[14.6677,56.41017],[14.66722,56.41025],[14.66614,56.40843],[14.66614,56.40843],[14.66614,56.40843],[14.66492,56.40846],[14.66492,56.40846],[14.66492,56.40846],[14.66492,56.40846],[14.66492,56.40846],[14.66503,56.40864],[14.66516,56.40884],[14.66522,56.40909],[14.66528,56.40935],[14.66467,56.40943],[14.66467,56.40943],[14.66467,56.40943],[14.66467,56.40943],[14.66474,56.40967],[14.66474,56.40967],[14.66474,56.40967],[14.66524,56.4096],[14.66532,56.40988],[14.66532,56.40988],[14.66532,56.40988],[14.66548,56.40986],[14.66556,56.41012],[14.66558,56.41045],[14.66558,56.41071],[14.66558,56.41071],[14.66558,56.41071],[14.66574,56.41069],[14.66582,56.41088],[14.66589,56.41107],[14.66596,56.41127],[14.666,56.4115],[14.66523,56.41164],[14.66485,56.41189],[14.66414,56.41188],[14.66414,56.41163],[14.66414,56.41163],[14.66414,56.41163],[14.66395,56.41165],[14.6638,56.41168],[14.66352,56.41176],[14.66342,56.41178],[14.66336,56.41182],[14.66336,56.41182],[14.66336,56.41201],[14.66336,56.41207],[14.66237,56.41216],[14.66235,56.4121],[14.6623,56.41196],[14.66211,56.41174],[14.66193,56.4115],[14.66193,56.4115],[14.66193,56.4115],[14.66158,56.41162],[14.66158,56.41162],[14.66175,56.41288],[14.66175,56.41327],[14.66168,56.41383],[14.66148,56.41456],[14.66121,56.41544],[14.66102,56.41603]],[[14.66893,56.41176],[14.66935,56.41084],[14.67001,56.41108],[14.66965,56.41178],[14.66893,56.41176]],[[14.67051,56.41142],[14.67077,56.41132],[14.67153,56.41129],[14.67194,56.4116],[14.67128,56.412],[14.67102,56.41217],[14.67055,56.41179],[14.67051,56.41142]]]},"properties":{"NVRID":"2014679","NAMN":"Fridafors","SKYDDSTYP":"Naturreservat","LAN":"Kronobergs Län","KOMMUN":"Tingsryd","IUCNKATEGORI":"0, Områden som ej kan klassificeras enligt IUCN: s system.","FORVALTARE":"Länsstyrelsen i Kronobergs län","AREA_HA":46.639,"URSPR_BESLUTSDATUM":""}},{"type":"Feature","geometry":{"type":"Polygon","coordinates":[[[14.41099,56.9139],[14.41099,56.9139],[14.41099,56.9139],[14.41099,56.9139],[14.4113,56.91389],[14.41285,56.91381],[14.41285,56.91381],[14.41285,56.91381],[14.4119,56.91117],[14.41196,56.91108],[14.41247,56.91096],[14.41247,56.91096],[14.41261,56.91041],[14.41261,56.91041],[14.41261,56.91041],[14.41204,56.91039],[14.4116,56.91055],[14.4116,56.91055],[14.41145,56.9111],[14.41119,56.91132],[14.41108,56.91273],[14.41108,56.91273],[14.41108,56.91273],[14.41149,56.91273],[14.41149,56.91273],[14.41149,56.91273],[14.41163,56.91254],[14.41167,56.91255],[14.41176,56.91282],[14.41185,56.91308],[14.41183,56.91318],[14.41181,56.91321],[14.41104,56.91323],[14.41104,56.91323],[14.41104,56.91323],[14.41104,56.91323],[14.41099,56.9139]]]},"properties":{"NVRID":"2002394","NAMN":"Sjöatorp","SKYDDSTYP":"Naturreservat","LAN":"Kronobergs Län","KOMMUN":"Alvesta","IUCNKATEGORI":"Ia, Strikt naturreservat (Strict Nature Reserve)","FORVALTARE":"Länsstyrelsen i Kronobergs län","AREA_HA":2.52,"URSPR_BESLUTSDATUM":""}},{"type":"Feature","geometry":{"type":"Polygon","coordinates":[[[14.62483,56.68186],[14.62623,56.6834],[14.62665,56.68663],[14.62665,56.68663],[14.62665,56.68663],[14.62665,56.68663],[14.62666,56.68663],[14.6301,56.68506],[14.63972,56.68475],[14.63972,56.68475],[14.63972,56.68475],[14.64014,56.68317],[14.64058,56.68149],[14.64197,56.68171],[14.64142,56.68472],[14.64142,56.68472],[14.64597,56.68638],[14.64597,56.68638],[14.64597,56.68638],[14.64597,56.68638],[14.64612,56.68616],[14.64631,56.68544],[14.64632,56.68503],[14.64929,56.68498],[14.64929,56.68498],[14.65023,56.68399],[14.65045,56.68374],[14.6511,56.68275],[14.65134,56.6822],[14.65146,56.68174],[14.65147,56.68142],[14.65161,56.68114],[14.65166,56.68102],[14.65179,56.68098],[14.65211,56.68087],[14.65225,56.68081],[14.65274,56.68069],[14.65314,56.68053],[14.65371,56.68028],[14.65402,56.68012],[14.6544,56.67985],[14.65453,56.67965],[14.65453,56.67965],[14.65453,56.67965],[14.65304,56.67937],[14.65304,56.67937],[14.65304,56.67937],[14.65286,56.67952],[14.65218,56.68007],[14.64865,56.67944],[14.64731,56.67896],[14.64731,56.67896],[14.64658,56.67917],[14.64573,56.6794],[14.64479,56.67921],[14.64297,56.6784],[14.64108,56.67835],[14.64133,56.67749],[14.64371,56.66977],[14.64371,56.66977],[14.63274,56.66352],[14.63274,56.66352],[14.63274,56.66352],[14.63274,56.66352],[14.62871,56.66894],[14.62633,56.67197],[14.61968,56.68075],[14.61968,56.68075],[14.61969,56.68075],[14.62483,56.68186]]]},"properties":{"NVRID":"2002368","NAMN":"Agnäs","SKYDDSTYP":"Naturreservat","LAN":"Kronobergs Län","KOMMUN":"Alvesta","IUCNKATEGORI":"V, Skyddat landskap/havsområde (Protected Landscape/Seascape)","FORVALTARE":"Länsstyrelsen i Kronobergs län","AREA_HA":257.981,"URSPR_BESLUTSDATUM":""}},{"type":"Feature","geometry":{"type":"Polygon","coordinates":[[[13.37754,56.82312],[13.37822,56.82508],[13.37822,56.82508],[13.37823,56.82508],[13.38446,56.82416],[13.38446,56.82416],[13.3849,56.82376],[13.3849,56.82376],[13.38916,56.82264],[13.38916,56.82264],[13.38916,56.82264],[13.38898,56.82243],[13.38898,56.82243],[13.38137,56.82066],[13.38004,56.82013],[13.38004,56.82013],[13.37788,56.8208],[13.37788,56.8208],[13.37754,56.82312]]]},"properties":{"NVRID":"2002567","NAMN":"Prosteköp","SKYDDSTYP":"Naturreservat","LAN":"Kronobergs Län","KOMMUN":"Ljungby","IUCNKATEGORI":"0, Områden som ej kan klassificeras enligt IUCN: s system.","FORVALTARE":"Länsstyrelsen i Kronobergs län","AREA_HA":22.131,"URSPR_BESLUTSDATUM":""}},{"type":"Feature","geometry":{"type":"Polygon","coordinates":[[[14.7677,56.78089],[14.76713,56.78108],[14.76713,56.78108],[14.76713,56.78108],[14.76713,56.78108],[14.76805,56.78147],[14.76805,56.78147],[14.76805,56.78147],[14.76889,56.78099],[14.77132,56.77961],[14.7717,56.77941],[14.77194,56.77944],[14.77139,56.78076],[14.77139,56.78076],[14.77139,56.78076],[14.77139,56.78076],[14.77444,56.78123],[14.77455,56.78125],[14.77456,56.78125],[14.77456,56.78125],[14.7771,56.77874],[14.77718,56.77874],[14.7773,56.77874],[14.77756,56.77914],[14.77765,56.77958],[14.77774,56.77978],[14.77777,56.77986],[14.778,56.78022],[14.77827,56.78056],[14.77838,56.78084],[14.77844,56.78101],[14.77859,56.78129],[14.77871,56.78154],[14.77882,56.78169],[14.77896,56.78196],[14.77911,56.78224],[14.77916,56.78247],[14.7792,56.78281],[14.77922,56.78314],[14.77922,56.78314],[14.78006,56.78333],[14.78041,56.78338],[14.78041,56.78338],[14.78042,56.78338],[14.78047,56.7831],[14.78046,56.78221],[14.78046,56.78221],[14.78046,56.78221],[14.77999,56.78222],[14.77984,56.78111],[14.78042,56.78097],[14.78565,56.78023],[14.78629,56.78133],[14.78739,56.78169],[14.78745,56.78185],[14.78766,56.78246],[14.78768,56.78253],[14.78774,56.78272],[14.78776,56.78279],[14.78777,56.78288],[14.78777,56.78299],[14.78776,56.78306],[14.78775,56.78317],[14.78772,56.78328],[14.78771,56.78338],[14.7877,56.7835],[14.78771,56.78355],[14.78772,56.78358],[14.78776,56.78366],[14.78779,56.78371],[14.78782,56.78374],[14.78785,56.78378],[14.78817,56.78406],[14.78837,56.78422],[14.78855,56.78438],[14.78871,56.78451],[14.78928,56.785],[14.78928,56.785],[14.78928,56.785],[14.78928,56.785],[14.78928,56.785],[14.78929,56.78499],[14.78952,56.78462],[14.79149,56.78104],[14.79149,56.78104],[14.78789,56.77783],[14.78689,56.77744],[14.78609,56.77713],[14.78624,56.77688],[14.78624,56.77688],[14.78624,56.77687],[14.78479,56.7767],[14.78516,56.77531],[14.78503,56.77386],[14.78503,56.77386],[14.78503,56.77386],[14.78341,56.77367],[14.78266,56.77357],[14.78112,56.77338],[14.77882,56.7731],[14.77925,56.77183],[14.77953,56.77094],[14.7803,56.76883],[14.7803,56.76883],[14.7803,56.76883],[14.7753,56.76707],[14.77544,56.7668],[14.77557,56.76646],[14.77552,56.76592],[14.77753,56.76585],[14.77753,56.76585],[14.77753,56.76585],[14.77759,56.76524],[14.77718,56.76433],[14.77718,56.76433],[14.77718,56.76433],[14.77578,56.76433],[14.77508,56.76432],[14.77429,56.76431],[14.77332,56.76431],[14.7733,56.7641],[14.7733,56.7641],[14.7733,56.7641],[14.77321,56.76411],[14.77321,56.76411],[14.77321,56.76411],[14.77321,56.76417],[14.77308,56.76419],[14.77277,56.76421],[14.77245,56.76423],[14.77234,56.76424],[14.77223,56.76425],[14.77208,56.76426],[14.77193,56.76429],[14.77183,56.76426],[14.77163,56.76423],[14.77139,56.76417],[14.77128,56.76414],[14.77111,56.7641],[14.77101,56.76404],[14.77101,56.76404],[14.77022,56.76395],[14.76952,56.76403],[14.76873,56.76411],[14.76858,56.76412],[14.76794,56.76412],[14.76758,56.76411],[14.7672,56.76402],[14.74502,56.75904],[14.74502,56.75904],[14.74502,56.75904],[14.74502,56.75904],[14.74502,56.75904],[14.74817,56.76785],[14.75136,56.77684],[14.75136,56.77684],[14.75136,56.77684],[14.75787,56.77703],[14.75831,56.77704],[14.75936,56.77708],[14.76009,56.7771],[14.76061,56.77712],[14.7608,56.77713],[14.76095,56.77713],[14.76109,56.77713],[14.76118,56.77713],[14.76171,56.77717],[14.7624,56.77723],[14.76296,56.77726],[14.76332,56.77728],[14.76356,56.77726],[14.76383,56.77721],[14.76471,56.77699],[14.76521,56.77687],[14.76555,56.77681],[14.7658,56.7768],[14.76609,56.77683],[14.76654,56.7769],[14.7675,56.77709],[14.76802,56.7772],[14.76874,56.77734],[14.76897,56.77736],[14.76963,56.77736],[14.77026,56.77735],[14.77079,56.77735],[14.77125,56.77733],[14.77172,56.77733],[14.77189,56.77733],[14.77212,56.77735],[14.77233,56.77742],[14.77276,56.77765],[14.77312,56.77785],[14.77347,56.77805],[14.77361,56.77815],[14.77241,56.77828],[14.77241,56.77828],[14.77228,56.7786],[14.77159,56.77864],[14.77159,56.77864],[14.77135,56.77892],[14.771,56.77914],[14.77075,56.77925],[14.77049,56.77931],[14.77024,56.77913],[14.77024,56.77913],[14.77004,56.77915],[14.76991,56.77912],[14.76991,56.77912],[14.7681,56.77966],[14.76725,56.77983],[14.76716,56.77984],[14.76716,56.77984],[14.76716,56.77984],[14.7677,56.78089]],[[14.77109,56.77116],[14.77109,56.77047],[14.7712,56.77047],[14.7712,56.77046],[14.7712,56.77046],[14.77115,56.76999],[14.77298,56.76997],[14.77298,56.76997],[14.77298,56.76997],[14.77298,56.76997],[14.77298,56.76995],[14.77301,56.76968],[14.77302,56.76958],[14.77305,56.76932],[14.77306,56.76925],[14.77308,56.76919],[14.7731,56.76911],[14.77313,56.76906],[14.77317,56.76898],[14.77321,56.76893],[14.77349,56.76886],[14.7739,56.7688],[14.77426,56.76872],[14.77543,56.76824],[14.77564,56.76828],[14.7756,56.76896],[14.77562,56.76915],[14.77564,56.76929],[14.77557,56.76931],[14.77557,56.76932],[14.77557,56.76932],[14.77549,56.77048],[14.77549,56.77058],[14.77459,56.77058],[14.77374,56.77058],[14.77322,56.7706],[14.77317,56.77063],[14.77312,56.77067],[14.77312,56.77072],[14.77316,56.77081],[14.77323,56.77097],[14.77335,56.77118],[14.77338,56.77125],[14.77164,56.77149],[14.77156,56.7714],[14.77166,56.77129],[14.77166,56.77129],[14.77166,56.77129],[14.77165,56.77129],[14.77129,56.7713],[14.77128,56.77119],[14.77128,56.77119],[14.77127,56.77119],[14.77109,56.77116]]]},"properties":{"NVRID":"2002374","NAMN":"Osaby","SKYDDSTYP":"Naturreservat","LAN":"Kronobergs Län","KOMMUN":"Växjö","IUCNKATEGORI":"V, Skyddat landskap/havsområde (Protected Landscape/Seascape)","FORVALTARE":"Länsstyrelsen i Kronobergs län","AREA_HA":357.842,"URSPR_BESLUTSDATUM":""}},{"type":"Feature","geometry":{"type":"Polygon","coordinates":[[[14.76511,56.90711],[14.76379,56.90706],[14.76379,56.90706],[14.76379,56.90706],[14.76305,56.9089],[14.76305,56.9089],[14.76305,56.9089],[14.7648,56.90925],[14.76792,56.90909],[14.76838,56.91165],[14.76639,56.91176],[14.76601,56.91191],[14.76436,56.91373],[14.76666,56.91793],[14.76666,56.91793],[14.76666,56.91793],[14.76967,56.91793],[14.77126,56.91731],[14.77151,56.91752],[14.77208,56.91808],[14.77225,56.91831],[14.77223,56.91865],[14.77257,56.91897],[14.7729,56.91933],[14.77168,56.9198],[14.77168,56.9198],[14.77167,56.9198],[14.77167,56.91983],[14.77168,56.91986],[14.77167,56.91989],[14.77167,56.91999],[14.77173,56.92023],[14.77174,56.92026],[14.77191,56.92051],[14.77192,56.92054],[14.77201,56.92063],[14.77204,56.92067],[14.77211,56.92074],[14.77224,56.92085],[14.77231,56.92093],[14.77232,56.92094],[14.77232,56.92094],[14.77241,56.92097],[14.7725,56.92103],[14.77262,56.92112],[14.77267,56.92116],[14.77271,56.9212],[14.77274,56.92124],[14.77277,56.92127],[14.77277,56.9213],[14.77278,56.92134],[14.77279,56.92137],[14.77279,56.92138],[14.7728,56.92139],[14.77281,56.92141],[14.77283,56.92145],[14.77284,56.92149],[14.77285,56.92154],[14.77284,56.92156],[14.77283,56.92159],[14.77281,56.92161],[14.77279,56.92165],[14.77274,56.92177],[14.77275,56.92179],[14.77276,56.92182],[14.77276,56.92187],[14.77276,56.9219],[14.77276,56.92193],[14.77278,56.92195],[14.7728,56.92198],[14.77284,56.92203],[14.77288,56.92207],[14.77293,56.92212],[14.77296,56.92217],[14.77301,56.92221],[14.77305,56.92225],[14.77311,56.92229],[14.77318,56.92233],[14.77324,56.92238],[14.77327,56.92241],[14.77331,56.92244],[14.77338,56.92249],[14.77342,56.92253],[14.77344,56.92255],[14.77347,56.92259],[14.77351,56.92261],[14.77355,56.92264],[14.7736,56.92268],[14.77368,56.92271],[14.77374,56.92274],[14.7738,56.92276],[14.77388,56.92278],[14.77405,56.92281],[14.77411,56.92282],[14.77418,56.92282],[14.77425,56.92282],[14.77433,56.92282],[14.77437,56.92282],[14.77441,56.92283],[14.77443,56.92283],[14.77448,56.92283],[14.77453,56.92284],[14.77466,56.92283],[14.77472,56.92283],[14.77478,56.92284],[14.77484,56.92284],[14.77492,56.92284],[14.77496,56.92285],[14.77505,56.92287],[14.77511,56.92289],[14.7752,56.92293],[14.77529,56.92296],[14.77537,56.92301],[14.77548,56.92306],[14.77551,56.92308],[14.77552,56.92308],[14.77561,56.9231],[14.77569,56.92312],[14.77577,56.92315],[14.77582,56.92318],[14.77585,56.92323],[14.77593,56.92331],[14.77594,56.92335],[14.77604,56.92343],[14.77605,56.92355],[14.77604,56.92356],[14.77311,56.92357],[14.77311,56.92357],[14.77311,56.92357],[14.77311,56.92357],[14.77311,56.92357],[14.7791,56.92753],[14.7791,56.92753],[14.7791,56.92753],[14.78101,56.92668],[14.78368,56.92426],[14.78612,56.92205],[14.79095,56.9225],[14.79082,56.92258],[14.79055,56.9229],[14.79055,56.9229],[14.79055,56.9229],[14.79211,56.92313],[14.79272,56.92318],[14.7931,56.92322],[14.7931,56.92322],[14.79418,56.92279],[14.79418,56.92278],[14.79419,56.92236],[14.79464,56.92238],[14.79464,56.92238],[14.79464,56.92238],[14.79464,56.92238],[14.79463,56.922],[14.79589,56.92199],[14.79589,56.92199],[14.79589,56.92199],[14.79616,56.92082],[14.79616,56.92082],[14.79616,56.92081],[14.79615,56.92081],[14.79567,56.92082],[14.79473,56.92063],[14.79423,56.9206],[14.79343,56.92044],[14.79281,56.92039],[14.79211,56.92039],[14.79218,56.92025],[14.79238,56.91999],[14.79263,56.91975],[14.79293,56.91952],[14.79316,56.91928],[14.79316,56.91928],[14.79279,56.91906],[14.79254,56.91885],[14.79234,56.91868],[14.79218,56.91852],[14.79218,56.91852],[14.78642,56.91837],[14.78631,56.91663],[14.78631,56.91663],[14.78631,56.91663],[14.78493,56.91666],[14.78434,56.91671],[14.78394,56.91669],[14.7838,56.9167],[14.78277,56.91668],[14.78253,56.91669],[14.78207,56.91679],[14.7817,56.91697],[14.78108,56.91722],[14.78052,56.91744],[14.77986,56.91771],[14.77967,56.91776],[14.77945,56.91779],[14.77909,56.91777],[14.77805,56.91769],[14.77701,56.91761],[14.77666,56.91757],[14.77575,56.9175],[14.77506,56.91744],[14.77407,56.91738],[14.77311,56.9145],[14.77258,56.91174],[14.77269,56.90819],[14.77269,56.90819],[14.77269,56.90819],[14.77235,56.90814],[14.77206,56.90799],[14.77194,56.90791],[14.77179,56.90789],[14.77179,56.90789],[14.77067,56.90801],[14.77058,56.90802],[14.77032,56.90798],[14.76996,56.90785],[14.76926,56.90755],[14.76872,56.90736],[14.76869,56.90714],[14.76869,56.90714],[14.76869,56.90714],[14.76772,56.90702],[14.76669,56.90716],[14.76609,56.90697],[14.76558,56.9069],[14.76558,56.9069],[14.76511,56.90711]],[[14.7774,56.92266],[14.7775,56.92248],[14.77836,56.9227],[14.77879,56.9229],[14.77794,56.92302],[14.77773,56.92283],[14.7774,56.92266]],[[14.78118,56.92347],[14.78142,56.92304],[14.78236,56.92319],[14.78213,56.92362],[14.78118,56.92347]],[[14.77865,56.92175],[14.77953,56.92171],[14.77962,56.92247],[14.77894,56.9225],[14.77865,56.92175]],[[14.77234,56.92006],[14.77323,56.91977],[14.77332,56.91974],[14.77403,56.92048],[14.77395,56.9205],[14.7731,56.92076],[14.77234,56.92006]],[[14.76772,56.91468],[14.76874,56.91443],[14.76905,56.91429],[14.76927,56.91428],[14.76927,56.91434],[14.76927,56.91434],[14.76927,56.91434],[14.77004,56.91431],[14.7702,56.91484],[14.77007,56.91486],[14.77007,56.91486],[14.77007,56.91486],[14.77045,56.91567],[14.77046,56.91567],[14.77047,56.91568],[14.77047,56.91569],[14.76928,56.91577],[14.76845,56.91573],[14.76778,56.91506],[14.76772,56.91468]]]},"properties":{"NVRID":"2050380","NAMN":"Hovshaga","SKYDDSTYP":"Naturreservat","LAN":"Kronobergs Län","KOMMUN":"Växjö","IUCNKATEGORI":"IV, Habitat/Artskyddsområde (Habitat/Species Management Area)","FORVALTARE":"Växjö kommun","AREA_HA":142.012,"URSPR_BESLUTSDATUM":""}},{"type":"Feature","geometry":{"type":"Polygon","coordinates":[[[14.59196,56.79759],[14.59196,56.79759],[14.59196,56.79759],[14.59205,56.79826],[14.59212,56.79898],[14.59223,56.79935],[14.59223,56.79935],[14.59303,56.79968],[14.59375,56.79977],[14.59375,56.79977],[14.59375,56.79977],[14.59423,56.79943],[14.5945,56.79888],[14.5945,56.79888],[14.59425,56.79818],[14.59425,56.79818],[14.59425,56.79818],[14.59378,56.79821],[14.5936,56.79805],[14.5936,56.79805],[14.59286,56.79795],[14.59247,56.79755],[14.59247,56.79755],[14.59246,56.79755],[14.59196,56.79759]]]},"properties":{"NVRID":"2002377","NAMN":"Osby offerlund","SKYDDSTYP":"Naturreservat","LAN":"Kronobergs Län","KOMMUN":"Alvesta","IUCNKATEGORI":"IV, Habitat/Artskyddsområde (Habitat/Species Management Area)","FORVALTARE":"Länsstyrelsen i Kronobergs län","AREA_HA":2.553,"URSPR_BESLUTSDATUM":""}},{"type":"Feature","geometry":{"type":"Polygon","coordinates":[[[14.58652,57.15563],[14.58634,57.15561],[14.58634,57.15561],[14.58633,57.15561],[14.58598,57.15641],[14.58572,57.157],[14.58565,57.15721],[14.5855,57.15765],[14.5853,57.15847],[14.58522,57.15868],[14.58522,57.15868],[14.58522,57.15868],[14.58536,57.15871],[14.58736,57.15914],[14.58736,57.15914],[14.58736,57.15914],[14.58736,57.15914],[14.58782,57.15851],[14.58886,57.15874],[14.58886,57.15874],[14.58886,57.15874],[14.58886,57.15874],[14.58921,57.15829],[14.59016,57.15837],[14.58997,57.15865],[14.58997,57.15865],[14.58997,57.15865],[14.59025,57.15873],[14.5901,57.159],[14.5901,57.159],[14.5901,57.159],[14.5901,57.159],[14.59037,57.15906],[14.59126,57.15925],[14.59147,57.15929],[14.59147,57.15929],[14.59147,57.15929],[14.59147,57.15929],[14.59228,57.15813],[14.59232,57.15785],[14.59224,57.1575],[14.59245,57.15692],[14.59251,57.15649],[14.59251,57.15619],[14.59251,57.15619],[14.59251,57.15619],[14.59218,57.1562],[14.59168,57.15621],[14.59163,57.15581],[14.59163,57.15581],[14.59011,57.15514],[14.59103,57.1537],[14.59135,57.15325],[14.59135,57.15325],[14.59135,57.15325],[14.59134,57.15325],[14.58793,57.15281],[14.58793,57.15281],[14.58793,57.15282],[14.58793,57.15282],[14.58772,57.15329],[14.58764,57.1533],[14.58764,57.1533],[14.58764,57.1533],[14.58652,57.15563]]]},"properties":{"NVRID":"2063343","NAMN":"Grevaryds äng","SKYDDSTYP":"Naturreservat","LAN":"Kronobergs Län","KOMMUN":"Växjö","IUCNKATEGORI":"IV, Habitat/Artskyddsområde (Habitat/Species Management Area)","FORVALTARE":"Växjö kommun","AREA_HA":20.199,"URSPR_BESLUTSDATUM":""}},{"type":"Feature","geometry":{"type":"MultiPolygon","coordinates":[[[[14.63705,56.63105],[14.63644,56.63862],[14.63644,56.63862],[14.63644,56.63862],[14.63645,56.63862],[14.63645,56.63862],[14.64238,56.63211],[14.64651,56.62762],[14.64651,56.62762],[14.64651,56.62762],[14.63631,56.62463],[14.63631,56.62463],[14.63631,56.62463],[14.63631,56.62463],[14.63705,56.63105]]],[[[14.60975,56.63005],[14.60975,56.63005],[14.60975,56.63005],[14.61003,56.63151],[14.61371,56.63444],[14.61403,56.63512],[14.61403,56.63512],[14.61403,56.63512],[14.61646,56.63495],[14.61672,56.63494],[14.61765,56.63523],[14.61883,56.6356],[14.61883,56.6356],[14.61883,56.6356],[14.6237,56.63088],[14.6268,56.62965],[14.6268,56.62965],[14.62783,56.6222],[14.62783,56.6222],[14.62783,56.6222],[14.62783,56.6222],[14.61715,56.62646],[14.61503,56.62715],[14.61368,56.62745],[14.61266,56.62767],[14.612,56.62774],[14.61074,56.62791],[14.61074,56.62791],[14.61039,56.62904],[14.61047,56.62995],[14.60975,56.63005]],[[14.6226,56.6307],[14.62263,56.63068],[14.62266,56.63063],[14.62263,56.63046],[14.62268,56.63042],[14.6227,56.63036],[14.62277,56.63035],[14.62281,56.63037],[14.62288,56.63039],[14.62289,56.63041],[14.62283,56.63045],[14.62278,56.6305],[14.62278,56.6306],[14.62283,56.63069],[14.62287,56.63074],[14.62291,56.63079],[14.62287,56.63081],[14.62278,56.63083],[14.62274,56.63087],[14.62269,56.63089],[14.62265,56.63085],[14.62262,56.63078],[14.6226,56.6307]],[[14.61824,56.63346],[14.61835,56.63367],[14.61772,56.63369],[14.6177,56.63342],[14.61824,56.63346]],[[14.61563,56.63331],[14.61573,56.63347],[14.61573,56.63347],[14.61589,56.63349],[14.61652,56.63349],[14.61653,56.63378],[14.61568,56.63429],[14.61487,56.63429],[14.61478,56.63378],[14.61469,56.63327],[14.61563,56.63331]]]]},"properties":{"NVRID":"2054001","NAMN":"Ringshult","SKYDDSTYP":"Naturreservat","LAN":"Kronobergs Län","KOMMUN":"Alvesta","IUCNKATEGORI":"IV, Habitat/Artskyddsområde (Habitat/Species Management Area)","FORVALTARE":"Länsstyrelsen i Kronobergs län","AREA_HA":131.554,"URSPR_BESLUTSDATUM":""}},{"type":"Feature","geometry":{"type":"Polygon","coordinates":[[[14.7647,56.95472],[14.76551,56.95469],[14.76612,56.95471],[14.76637,56.95471],[14.76726,56.95478],[14.77028,56.95954],[14.76496,56.96647],[14.76496,56.96647],[14.76496,56.96647],[14.76498,56.96647],[14.76383,56.9719],[14.76383,56.9719],[14.76384,56.9719],[14.76932,56.97212],[14.76932,56.97212],[14.78472,56.96232],[14.78658,56.96204],[14.78783,56.96235],[14.78833,56.96416],[14.78834,56.96417],[14.78834,56.96417],[14.78834,56.96417],[14.78834,56.96416],[14.78849,56.96393],[14.78892,56.96176],[14.79153,56.95812],[14.79159,56.95626],[14.79159,56.95626],[14.79159,56.95626],[14.78676,56.9555],[14.78483,56.95266],[14.78945,56.94311],[14.78945,56.9431],[14.78945,56.9431],[14.78945,56.9431],[14.78599,56.94273],[14.7767,56.94283],[14.77068,56.94616],[14.7687,56.94713],[14.7667,56.94812],[14.76637,56.94827],[14.76617,56.94836],[14.76591,56.94844],[14.76549,56.94858],[14.76522,56.94866],[14.76478,56.94877],[14.762,56.94862],[14.76051,56.94858],[14.76051,56.94858],[14.76051,56.94859],[14.75965,56.95089],[14.75822,56.95204],[14.75683,56.95318],[14.7565,56.95346],[14.75587,56.95398],[14.75587,56.95398],[14.75569,56.95466],[14.75556,56.95507],[14.75556,56.95507],[14.75556,56.95507],[14.75556,56.95507],[14.75722,56.95533],[14.75816,56.9555],[14.7603,56.95581],[14.76157,56.956],[14.76205,56.95609],[14.76283,56.95621],[14.76407,56.95638],[14.76407,56.95638],[14.76407,56.95638],[14.7647,56.95472]]]},"properties":{"NVRID":"2002399","NAMN":"Helgö","SKYDDSTYP":"Naturreservat","LAN":"Kronobergs Län","KOMMUN":"Växjö","IUCNKATEGORI":"IV, Habitat/Artskyddsområde (Habitat/Species Management Area)","FORVALTARE":"Länsstyrelsen i Kronobergs län","AREA_HA":371.146,"URSPR_BESLUTSDATUM":""}},{"type":"Feature","geometry":{"type":"Polygon","coordinates":[[[13.76081,56.89185],[13.76091,56.89213],[13.76091,56.89213],[13.76105,56.89218],[13.76105,56.89218],[13.76137,56.8921],[13.76165,56.89208],[13.76174,56.89218],[13.76202,56.89232],[13.76211,56.89244],[13.76199,56.89256],[13.76183,56.89261],[13.76162,56.89269],[13.76145,56.89271],[13.76145,56.89271],[13.76145,56.89271],[13.76147,56.89274],[13.76134,56.89276],[13.76134,56.89276],[13.76134,56.89277],[13.76134,56.89277],[13.76156,56.89291],[13.76156,56.89291],[13.76166,56.89292],[13.76183,56.89292],[13.76179,56.893],[13.76174,56.89316],[13.76174,56.89316],[13.76207,56.89337],[13.76243,56.89342],[13.76269,56.89339],[13.76269,56.89339],[13.76273,56.89337],[13.76304,56.8933],[13.76312,56.89327],[13.76322,56.89313],[13.76318,56.89307],[13.76321,56.89292],[13.76338,56.89288],[13.76338,56.89288],[13.7634,56.8928],[13.76365,56.89274],[13.76398,56.89272],[13.76414,56.89273],[13.76432,56.89282],[13.76454,56.89294],[13.76453,56.89307],[13.76453,56.89307],[13.76453,56.89307],[13.76458,56.89308],[13.76461,56.89312],[13.76457,56.89325],[13.76457,56.89325],[13.76466,56.89335],[13.76466,56.89335],[13.76466,56.89335],[13.76466,56.89335],[13.76473,56.89331],[13.76482,56.89335],[13.76482,56.89335],[13.76482,56.89335],[13.76482,56.89335],[13.76487,56.89326],[13.76484,56.8931],[13.76484,56.8931],[13.76473,56.89304],[13.76471,56.89278],[13.76481,56.89266],[13.76523,56.89257],[13.76524,56.89256],[13.76524,56.89256],[13.7651,56.89242],[13.76522,56.89234],[13.76536,56.89233],[13.76536,56.89233],[13.76536,56.89233],[13.76518,56.89212],[13.76524,56.892],[13.76522,56.89194],[13.76521,56.89179],[13.76528,56.89161],[13.76536,56.89158],[13.76541,56.8916],[13.76542,56.8916],[13.76542,56.8916],[13.76542,56.8916],[13.76544,56.89149],[13.76544,56.89149],[13.76544,56.89149],[13.76544,56.89149],[13.76535,56.8915],[13.76526,56.89142],[13.76512,56.8913],[13.76501,56.89127],[13.76485,56.89125],[13.76475,56.89114],[13.76469,56.89109],[13.76469,56.89109],[13.76437,56.89108],[13.76424,56.89103],[13.76416,56.89097],[13.76411,56.89081],[13.76413,56.89066],[13.7643,56.89063],[13.76436,56.89072],[13.7645,56.89074],[13.76448,56.89082],[13.76451,56.89087],[13.76451,56.89087],[13.76451,56.89087],[13.7646,56.89083],[13.7646,56.89083],[13.76467,56.89067],[13.76467,56.89067],[13.76467,56.89067],[13.76455,56.89063],[13.76452,56.89058],[13.76452,56.89058],[13.76441,56.89055],[13.76414,56.89047],[13.76426,56.89034],[13.7643,56.89014],[13.76437,56.88997],[13.76444,56.88991],[13.76463,56.88985],[13.76471,56.88988],[13.76471,56.88988],[13.76472,56.88988],[13.76472,56.88988],[13.76468,56.88979],[13.76477,56.88975],[13.76482,56.88971],[13.76491,56.88968],[13.76492,56.88968],[13.76498,56.88958],[13.76507,56.88953],[13.76507,56.88953],[13.76505,56.88946],[13.76508,56.88938],[13.76499,56.88923],[13.76499,56.88923],[13.76492,56.88922],[13.76478,56.88914],[13.76475,56.88902],[13.76475,56.88902],[13.76455,56.88898],[13.76439,56.88888],[13.76428,56.88879],[13.76415,56.88875],[13.76395,56.88863],[13.76374,56.88842],[13.7637,56.88826],[13.76357,56.88815],[13.76358,56.88811],[13.76358,56.88811],[13.76343,56.88804],[13.76331,56.88787],[13.76344,56.88779],[13.76347,56.88771],[13.76326,56.8874],[13.76325,56.8874],[13.76325,56.8874],[13.76316,56.88739],[13.76311,56.88734],[13.76301,56.88732],[13.76295,56.88726],[13.76285,56.88721],[13.76284,56.88716],[13.76284,56.88716],[13.76284,56.88716],[13.76269,56.88714],[13.76258,56.88706],[13.76243,56.88698],[13.76232,56.88695],[13.76224,56.88684],[13.76227,56.88672],[13.76235,56.88667],[13.76235,56.88667],[13.76235,56.88667],[13.76234,56.88667],[13.76234,56.88667],[13.75923,56.88665],[13.75432,56.88695],[13.75432,56.88695],[13.75432,56.88695],[13.75406,56.88759],[13.75406,56.88759],[13.75529,56.88825],[13.75554,56.88859],[13.75613,56.8889],[13.75707,56.8894],[13.75729,56.88971],[13.75802,56.89016],[13.75912,56.89085],[13.7602,56.89152],[13.76046,56.89169],[13.76046,56.89169],[13.76054,56.89171],[13.76081,56.89185]]]},"properties":{"NVRID":"2005536","NAMN":"Råön","SKYDDSTYP":"Naturreservat","LAN":"Kronobergs Län","KOMMUN":"Ljungby","IUCNKATEGORI":"Ia, Strikt naturreservat (Strict Nature Reserve)","FORVALTARE":"Länsstyrelsen i Kronobergs län","AREA_HA":28.02,"URSPR_BESLUTSDATUM":""}},{"type":"Feature","geometry":{"type":"MultiPolygon","coordinates":[[[[14.79766,56.5876],[14.79766,56.5876],[14.79766,56.5876],[14.79833,56.58759],[14.79892,56.58759],[14.79965,56.58758],[14.79965,56.58758],[14.79965,56.58758],[14.79972,56.58731],[14.79984,56.58688],[14.79996,56.58643],[14.79996,56.58643],[14.79996,56.58643],[14.79996,56.58643],[14.79873,56.58633],[14.79792,56.58628],[14.79792,56.58628],[14.79791,56.58628],[14.79789,56.58643],[14.79758,56.58635],[14.79757,56.58635],[14.79757,56.58635],[14.79724,56.58669],[14.79692,56.58685],[14.79692,56.58685],[14.79706,56.58704],[14.79728,56.5872],[14.79749,56.58739],[14.79766,56.5876]]],[[[14.79083,56.58472],[14.79063,56.58477],[14.79013,56.5848],[14.78996,56.58481],[14.78874,56.5849],[14.78819,56.585],[14.78727,56.58519],[14.78726,56.58519],[14.78726,56.58519],[14.78733,56.58529],[14.78764,56.58556],[14.78802,56.58599],[14.78802,56.58599],[14.78803,56.58599],[14.7927,56.58603],[14.79271,56.58603],[14.79271,56.58603],[14.79271,56.58603],[14.79272,56.58598],[14.79276,56.58593],[14.79272,56.58584],[14.7927,56.58553],[14.79274,56.58512],[14.79274,56.58512],[14.79098,56.58467],[14.79098,56.58467],[14.79098,56.58467],[14.79083,56.58472]]]]},"properties":{"NVRID":"2002354","NAMN":"Lunnabacken","SKYDDSTYP":"Naturreservat","LAN":"Kronobergs Län","KOMMUN":"Tingsryd","IUCNKATEGORI":"IV, Habitat/Artskyddsområde (Habitat/Species Management Area)","FORVALTARE":"Länsstyrelsen i Kronobergs län","AREA_HA":6.044,"URSPR_BESLUTSDATUM":""}},{"type":"Feature","geometry":{"type":"Polygon","coordinates":[[[14.80067,56.6287],[14.80067,56.6287],[14.80068,56.6287],[14.80764,56.62882],[14.80764,56.62882],[14.80765,56.62882],[14.80881,56.62649],[14.80887,56.62641],[14.80899,56.62636],[14.80907,56.62625],[14.80918,56.62606],[14.80924,56.6259],[14.80939,56.62568],[14.80956,56.62562],[14.80977,56.62555],[14.80999,56.62552],[14.81022,56.62556],[14.8104,56.62556],[14.8104,56.62556],[14.81052,56.62547],[14.81055,56.62542],[14.81068,56.62532],[14.8109,56.62524],[14.8109,56.62534],[14.81083,56.6254],[14.81083,56.6254],[14.81092,56.62554],[14.81527,56.62927],[14.81527,56.62927],[14.81527,56.62927],[14.81527,56.62927],[14.81571,56.62897],[14.82334,56.62362],[14.82334,56.62362],[14.82334,56.62362],[14.81496,56.6198],[14.81808,56.61579],[14.81808,56.61578],[14.80826,56.59649],[14.80826,56.59649],[14.80763,56.59635],[14.7997,56.59455],[14.7997,56.59455],[14.79697,56.59633],[14.79697,56.59633],[14.79274,56.60977],[14.79274,56.60977],[14.80382,56.61477],[14.80067,56.6287]]]},"properties":{"NVRID":"2002358","NAMN":"Grytö","SKYDDSTYP":"Naturreservat","LAN":"Kronobergs Län","KOMMUN":"Tingsryd, Växjö","IUCNKATEGORI":"V, Skyddat landskap/havsområde (Protected Landscape/Seascape)","FORVALTARE":"Länsstyrelsen i Kronobergs län","AREA_HA":367.809,"URSPR_BESLUTSDATUM":""}},{"type":"Feature","geometry":{"type":"Polygon","coordinates":[[[14.13959,57.00375],[14.13931,57.00376],[14.13895,57.00373],[14.13838,57.00364],[14.13813,57.00364],[14.13784,57.00372],[14.13783,57.00372],[14.1377,57.00381],[14.13754,57.00401],[14.13729,57.00413],[14.1369,57.00428],[14.13602,57.00454],[14.13602,57.00454],[14.13601,57.00522],[14.13682,57.00655],[14.13674,57.00685],[14.13738,57.00878],[14.13738,57.00878],[14.13738,57.00878],[14.13738,57.00878],[14.14091,57.00813],[14.14135,57.00812],[14.1416,57.00805],[14.14187,57.00803],[14.142,57.00824],[14.14199,57.00868],[14.14202,57.00883],[14.14215,57.00915],[14.14215,57.00915],[14.14215,57.00915],[14.14215,57.00915],[14.14222,57.00913],[14.14237,57.00909],[14.14245,57.00913],[14.14254,57.00914],[14.14266,57.00917],[14.14267,57.00917],[14.14272,57.00913],[14.1428,57.00913],[14.14295,57.00915],[14.14296,57.00915],[14.14313,57.00908],[14.14331,57.0091],[14.14345,57.00912],[14.1436,57.00917],[14.14368,57.00921],[14.1438,57.00922],[14.14393,57.00919],[14.14408,57.00913],[14.14418,57.00909],[14.14423,57.00902],[14.14423,57.00894],[14.14421,57.00882],[14.14426,57.00876],[14.14428,57.00874],[14.14437,57.00868],[14.14446,57.00861],[14.14455,57.00854],[14.14472,57.00853],[14.14498,57.00852],[14.14522,57.00853],[14.1454,57.00854],[14.14564,57.00852],[14.14579,57.00845],[14.14597,57.00844],[14.1461,57.00845],[14.14624,57.00849],[14.14643,57.00856],[14.14663,57.00861],[14.14673,57.00863],[14.14696,57.00864],[14.14714,57.00865],[14.14724,57.00866],[14.1473,57.00869],[14.1474,57.00873],[14.14752,57.00876],[14.14759,57.0088],[14.14766,57.00892],[14.14766,57.00892],[14.14775,57.00894],[14.14796,57.00895],[14.14817,57.00894],[14.14858,57.00889],[14.14863,57.00895],[14.14863,57.00895],[14.14863,57.00895],[14.14879,57.00891],[14.14879,57.00891],[14.1488,57.00885],[14.14898,57.00881],[14.14911,57.00879],[14.14925,57.00876],[14.14938,57.00874],[14.14947,57.0088],[14.14953,57.00887],[14.14949,57.00893],[14.14949,57.00897],[14.14952,57.00904],[14.14946,57.00915],[14.14947,57.00923],[14.14947,57.00923],[14.14947,57.00923],[14.14947,57.00923],[14.14962,57.00917],[14.14972,57.00912],[14.14982,57.00903],[14.15006,57.00886],[14.15016,57.00877],[14.15025,57.0087],[14.15033,57.00867],[14.15035,57.0087],[14.15014,57.00888],[14.14983,57.00912],[14.14966,57.00924],[14.14966,57.00925],[14.14966,57.0093],[14.14966,57.0093],[14.14975,57.00932],[14.14989,57.00931],[14.14995,57.00936],[14.14992,57.00954],[14.14978,57.00971],[14.14978,57.00972],[14.14978,57.00982],[14.14984,57.00993],[14.14985,57.01002],[14.14991,57.01007],[14.14989,57.01024],[14.14982,57.01039],[14.14979,57.01051],[14.14976,57.01064],[14.14975,57.01077],[14.1498,57.0109],[14.14987,57.01104],[14.14995,57.01118],[14.15005,57.01131],[14.15008,57.01147],[14.15003,57.01151],[14.14998,57.01157],[14.14998,57.01157],[14.14999,57.01165],[14.1501,57.01172],[14.1501,57.01183],[14.15013,57.01193],[14.15001,57.012],[14.14996,57.01209],[14.14996,57.01209],[14.15001,57.01215],[14.15015,57.01218],[14.15032,57.0122],[14.1506,57.01221],[14.15085,57.01224],[14.15104,57.01231],[14.15119,57.01239],[14.15124,57.01242],[14.15082,57.01261],[14.15082,57.01261],[14.15082,57.01261],[14.15083,57.01263],[14.15083,57.01263],[14.15084,57.01263],[14.15133,57.01253],[14.15143,57.01265],[14.15149,57.0128],[14.15156,57.01299],[14.1516,57.01321],[14.15166,57.01335],[14.15178,57.01348],[14.15197,57.01363],[14.1521,57.01369],[14.15213,57.01375],[14.15218,57.01397],[14.15223,57.0142],[14.15226,57.0144],[14.15226,57.0144],[14.15226,57.0144],[14.1524,57.01442],[14.15242,57.01448],[14.1523,57.0145],[14.1523,57.0145],[14.15226,57.01452],[14.15226,57.01453],[14.15226,57.01453],[14.15231,57.01455],[14.1524,57.01459],[14.15222,57.01468],[14.15222,57.01468],[14.15222,57.01468],[14.15239,57.01484],[14.15239,57.01484],[14.15252,57.01484],[14.15246,57.01496],[14.15246,57.01496],[14.15251,57.015],[14.15251,57.015],[14.15277,57.01501],[14.15277,57.01501],[14.15277,57.01501],[14.15279,57.01495],[14.15274,57.01485],[14.15257,57.01467],[14.1527,57.01459],[14.15281,57.0145],[14.15303,57.0145],[14.15334,57.01446],[14.15341,57.01458],[14.1535,57.01469],[14.15365,57.01479],[14.15379,57.01487],[14.15392,57.01492],[14.15404,57.01493],[14.15404,57.01493],[14.15414,57.01489],[14.15414,57.01489],[14.15416,57.01481],[14.15418,57.01474],[14.15425,57.01461],[14.15452,57.01454],[14.15481,57.01449],[14.15526,57.01444],[14.15532,57.01443],[14.15532,57.01443],[14.15532,57.01443],[14.15532,57.01443],[14.15427,57.01302],[14.15427,57.01301],[14.15355,57.01298],[14.15198,57.0126],[14.15163,57.01223],[14.15259,57.01204],[14.15259,57.01204],[14.1527,57.01193],[14.1527,57.01193],[14.1517,57.0106],[14.15043,57.00977],[14.15053,57.00956],[14.1507,57.00938],[14.15087,57.00923],[14.15122,57.00904],[14.15122,57.00904],[14.1511,57.00874],[14.15066,57.00851],[14.15073,57.00842],[14.15084,57.0083],[14.15141,57.00735],[14.15234,57.00613],[14.15327,57.00504],[14.15375,57.00448],[14.15458,57.00349],[14.15518,57.0027],[14.15523,57.00213],[14.15523,57.00213],[14.15503,57.00197],[14.15488,57.00192],[14.15483,57.00181],[14.15468,57.0017],[14.15451,57.00166],[14.1543,57.00163],[14.15419,57.00158],[14.15405,57.00157],[14.15388,57.00159],[14.15377,57.00168],[14.15365,57.00176],[14.15353,57.00179],[14.15327,57.00182],[14.15306,57.00183],[14.15274,57.00182],[14.15257,57.00176],[14.15244,57.00175],[14.15217,57.00167],[14.15216,57.00159],[14.15196,57.00148],[14.15196,57.00148],[14.15179,57.00147],[14.1517,57.00136],[14.15164,57.00126],[14.15163,57.00116],[14.15144,57.00103],[14.15134,57.00092],[14.15114,57.0007],[14.15091,57.00035],[14.15084,57.00003],[14.15063,56.99981],[14.15053,56.99962],[14.15046,56.99953],[14.15028,56.99946],[14.15025,56.99916],[14.15018,56.99892],[14.15006,56.99876],[14.14993,56.99859],[14.14981,56.9984],[14.14975,56.99824],[14.14963,56.99807],[14.1495,56.99794],[14.14944,56.99785],[14.14941,56.99762],[14.14927,56.99727],[14.14924,56.99705],[14.14951,56.99701],[14.14951,56.99701],[14.14951,56.99701],[14.14952,56.99684],[14.14948,56.9967],[14.14945,56.9966],[14.14942,56.99646],[14.14941,56.99638],[14.14941,56.99624],[14.14942,56.99608],[14.14934,56.99592],[14.14929,56.99579],[14.14909,56.99568],[14.14907,56.99553],[14.14928,56.99548],[14.14928,56.99548],[14.14928,56.99548],[14.14928,56.99533],[14.14921,56.99503],[14.14921,56.99503],[14.14921,56.99503],[14.14896,56.99495],[14.14886,56.99483],[14.14878,56.99479],[14.14888,56.99471],[14.14889,56.99461],[14.14889,56.99461],[14.14879,56.99455],[14.14867,56.9945],[14.14867,56.99441],[14.14867,56.99441],[14.14856,56.99434],[14.14856,56.99434],[14.14845,56.99432],[14.14831,56.99433],[14.14827,56.99426],[14.14836,56.99419],[14.14832,56.99408],[14.14839,56.99406],[14.14857,56.99416],[14.14857,56.99416],[14.14868,56.99414],[14.14868,56.99414],[14.14868,56.99414],[14.14869,56.99403],[14.14872,56.99391],[14.14871,56.9938],[14.1488,56.99365],[14.14886,56.99349],[14.14885,56.99324],[14.14887,56.993],[14.14881,56.99285],[14.14882,56.99271],[14.14892,56.99258],[14.14901,56.9924],[14.14914,56.9923],[14.14929,56.99211],[14.14929,56.99211],[14.14929,56.99211],[14.14924,56.99209],[14.14924,56.99209],[14.14913,56.99212],[14.14912,56.99204],[14.1491,56.992],[14.1491,56.992],[14.1491,56.992],[14.1491,56.992],[14.14666,56.99228],[14.14125,56.99289],[14.14088,56.99293],[14.14081,56.99295],[14.14081,56.99295],[14.14081,56.99295],[14.14116,56.99392],[14.14167,56.99525],[14.14167,56.99525],[14.14224,56.99544],[14.14258,56.99615],[14.14257,56.99694],[14.1427,56.99721],[14.1427,56.99721],[14.1427,56.99721],[14.14351,56.997],[14.14351,56.997],[14.14351,56.997],[14.14332,56.99667],[14.14425,56.9966],[14.14461,56.99718],[14.14471,56.9974],[14.14439,56.99893],[14.1442,56.99905],[14.14231,57.00019],[14.14212,57.0005],[14.1422,57.00111],[14.14182,57.00119],[14.14061,57.00101],[14.14061,57.00101],[14.14061,57.00101],[14.14021,57.00218],[14.1396,57.00297],[14.13937,57.00327],[14.13959,57.00375]],[[14.14294,57.00123],[14.143,57.00096],[14.14382,57.00101],[14.14376,57.00127],[14.14294,57.00123]],[[14.14217,56.99408],[14.14319,56.99381],[14.14331,56.99401],[14.14334,56.99417],[14.14302,56.9943],[14.14248,56.99455],[14.14217,56.99408]],[[14.14235,56.99476],[14.14296,56.99446],[14.14336,56.99442],[14.1435,56.99495],[14.14251,56.99505],[14.14235,56.99476]],[[14.14489,57.0044],[14.14575,57.00407],[14.14638,57.0044],[14.1455,57.00493],[14.14489,57.0044]],[[14.14353,56.99455],[14.14364,56.99437],[14.1448,56.99425],[14.14488,56.99442],[14.14509,56.99484],[14.14365,56.99499],[14.14353,56.99455]]]},"properties":{"NVRID":"2002971","NAMN":"Yxkullsund","SKYDDSTYP":"Naturreservat","LAN":"Kronobergs Län","KOMMUN":"Ljungby","IUCNKATEGORI":"IV, Habitat/Artskyddsområde (Habitat/Species Management Area)","FORVALTARE":"Länsstyrelsen i Kronobergs län","AREA_HA":123.853,"URSPR_BESLUTSDATUM":""}},{"type":"Feature","geometry":{"type":"Polygon","coordinates":[[[13.46995,56.84356],[13.46998,56.84348],[13.47084,56.84315],[13.47103,56.84304],[13.47103,56.84304],[13.47107,56.84296],[13.47132,56.84276],[13.4723,56.842],[13.47255,56.84189],[13.47335,56.84186],[13.47381,56.84187],[13.47454,56.84213],[13.4749,56.84229],[13.47531,56.84247],[13.47579,56.84257],[13.4766,56.84269],[13.47749,56.84319],[13.47948,56.84325],[13.48,56.84382],[13.47974,56.8443],[13.47974,56.8443],[13.47974,56.8443],[13.47974,56.8443],[13.48015,56.84437],[13.48015,56.84437],[13.48015,56.84437],[13.48035,56.84407],[13.4806,56.84361],[13.48058,56.84333],[13.48052,56.8432],[13.48039,56.84303],[13.48036,56.84286],[13.48039,56.84265],[13.48046,56.84257],[13.48105,56.84195],[13.48116,56.84179],[13.48123,56.84164],[13.4812,56.84138],[13.48132,56.84097],[13.48128,56.84085],[13.4811,56.8405],[13.48104,56.84033],[13.48103,56.84024],[13.48105,56.84012],[13.48116,56.83996],[13.48136,56.83978],[13.48154,56.83964],[13.48171,56.83951],[13.48207,56.83921],[13.48211,56.83915],[13.4821,56.83905],[13.48206,56.83889],[13.4821,56.83879],[13.48212,56.83878],[13.48214,56.83878],[13.4823,56.83881],[13.48245,56.83883],[13.48257,56.8388],[13.48267,56.83872],[13.48268,56.83871],[13.48272,56.83859],[13.48276,56.83848],[13.4828,56.83832],[13.48285,56.83819],[13.48288,56.83816],[13.48304,56.83808],[13.48316,56.83797],[13.48321,56.83781],[13.48321,56.83763],[13.48319,56.83749],[13.48319,56.83743],[13.48319,56.83742],[13.48318,56.83742],[13.48187,56.83753],[13.48019,56.83737],[13.48046,56.83663],[13.4806,56.83626],[13.48067,56.83605],[13.48082,56.83566],[13.48192,56.83589],[13.48248,56.83601],[13.48302,56.83629],[13.4834,56.83649],[13.4841,56.83679],[13.48411,56.83679],[13.48411,56.83679],[13.48411,56.83679],[13.48411,56.83679],[13.48314,56.83394],[13.47942,56.83204],[13.47941,56.83204],[13.47941,56.83204],[13.47689,56.83422],[13.47449,56.83627],[13.47331,56.83727],[13.47298,56.83755],[13.47182,56.83854],[13.47164,56.83865],[13.47133,56.83889],[13.47083,56.83952],[13.47069,56.83971],[13.47058,56.83992],[13.47045,56.84008],[13.47009,56.84056],[13.46998,56.84071],[13.46959,56.84121],[13.46921,56.84143],[13.46898,56.84159],[13.46819,56.84206],[13.46679,56.84292],[13.46643,56.84343],[13.46643,56.84344],[13.46643,56.84344],[13.46644,56.84344],[13.4692,56.84391],[13.4692,56.84391],[13.47009,56.84368],[13.47009,56.84368],[13.47009,56.84368],[13.46995,56.84356]]]},"properties":{"NVRID":"2045460","NAMN":"Skälhult","SKYDDSTYP":"Naturreservat","LAN":"Kronobergs Län","KOMMUN":"Ljungby","IUCNKATEGORI":"IV, Habitat/Artskyddsområde (Habitat/Species Management Area)","FORVALTARE":"Länsstyrelsen i Kronobergs län","AREA_HA":64.022,"URSPR_BESLUTSDATUM":""}},{"type":"Feature","geometry":{"type":"Polygon","coordinates":[[[13.56184,56.81104],[13.5616,56.81104],[13.56143,56.81104],[13.56143,56.81104],[13.56143,56.81104],[13.56003,56.81773],[13.56003,56.81773],[13.56004,56.81773],[13.56004,56.81773],[13.56004,56.81773],[13.56014,56.81766],[13.56027,56.81749],[13.56047,56.81726],[13.56074,56.81713],[13.56112,56.81704],[13.56148,56.817],[13.5619,56.81701],[13.56214,56.81706],[13.56246,56.81716],[13.56275,56.81725],[13.56304,56.81726],[13.56471,56.8173],[13.56501,56.81728],[13.56714,56.81681],[13.56752,56.81675],[13.56804,56.81669],[13.56872,56.81652],[13.56929,56.81639],[13.56948,56.81631],[13.56948,56.81631],[13.56948,56.81631],[13.56898,56.81566],[13.56988,56.81509],[13.56988,56.81509],[13.56988,56.81509],[13.56988,56.81509],[13.56981,56.81508],[13.56952,56.81495],[13.56909,56.81477],[13.56864,56.81467],[13.56827,56.8146],[13.56816,56.81451],[13.56801,56.81427],[13.56776,56.81402],[13.56743,56.81381],[13.56729,56.81377],[13.56707,56.81372],[13.56688,56.81368],[13.5668,56.81364],[13.56667,56.81354],[13.56654,56.81343],[13.5664,56.81334],[13.56621,56.81322],[13.56597,56.81312],[13.56579,56.81302],[13.56556,56.81294],[13.56541,56.81291],[13.56532,56.81288],[13.56521,56.81282],[13.56502,56.81278],[13.56477,56.81272],[13.56469,56.81269],[13.56466,56.81262],[13.56467,56.81254],[13.56465,56.81242],[13.56459,56.81231],[13.56453,56.81223],[13.56441,56.81214],[13.56421,56.81209],[13.56393,56.81207],[13.56374,56.81207],[13.56364,56.81199],[13.56351,56.8119],[13.5634,56.81183],[13.56331,56.81174],[13.5633,56.81167],[13.56325,56.81157],[13.56313,56.81147],[13.56302,56.81131],[13.56292,56.81111],[13.56292,56.81111],[13.5626,56.81098],[13.56242,56.81095],[13.56213,56.81098],[13.56184,56.81104]]]},"properties":{"NVRID":"2002383","NAMN":"Hästhultsskogen","SKYDDSTYP":"Naturreservat","LAN":"Kronobergs Län","KOMMUN":"Ljungby","IUCNKATEGORI":"Ia, Strikt naturreservat (Strict Nature Reserve)","FORVALTARE":"Länsstyrelsen i Kronobergs län","AREA_HA":25.191,"URSPR_BESLUTSDATUM":""}},{"type":"Feature","geometry":{"type":"Polygon","coordinates":[[[14.82466,56.84484],[14.82466,56.84485],[14.82466,56.84485],[14.82466,56.84485],[14.82575,56.84498],[14.82577,56.84542],[14.82579,56.84618],[14.8246,56.84636],[14.8246,56.84636],[14.8246,56.84636],[14.82449,56.84688],[14.82449,56.84688],[14.82449,56.84688],[14.82486,56.84701],[14.8262,56.84746],[14.8262,56.84746],[14.8262,56.84746],[14.82638,56.8473],[14.82706,56.84752],[14.82706,56.84752],[14.8272,56.84752],[14.82737,56.84863],[14.82737,56.84863],[14.8276,56.84877],[14.82783,56.84942],[14.82784,56.84942],[14.82895,56.84961],[14.83081,56.84995],[14.83242,56.85022],[14.83235,56.85062],[14.83235,56.85062],[14.83235,56.85062],[14.83395,56.85077],[14.83442,56.85081],[14.83535,56.8509],[14.83725,56.85107],[14.83704,56.85187],[14.83623,56.85233],[14.83623,56.85233],[14.83624,56.85379],[14.83594,56.85394],[14.83594,56.85394],[14.83555,56.85541],[14.83555,56.85541],[14.83555,56.85541],[14.83763,56.85556],[14.83763,56.85556],[14.83766,56.85555],[14.83769,56.85554],[14.8377,56.85553],[14.83772,56.85551],[14.83771,56.85549],[14.8377,56.85547],[14.83767,56.85545],[14.83763,56.85543],[14.83759,56.8554],[14.83752,56.85538],[14.83748,56.85536],[14.83747,56.85535],[14.83746,56.85533],[14.83746,56.85531],[14.83751,56.85525],[14.83757,56.85519],[14.83766,56.85512],[14.83773,56.85508],[14.8378,56.85505],[14.83787,56.85501],[14.83792,56.85498],[14.83797,56.85492],[14.83799,56.85488],[14.83799,56.85483],[14.83799,56.85475],[14.83797,56.85465],[14.83797,56.85463],[14.83798,56.85459],[14.83801,56.85456],[14.83808,56.85451],[14.83817,56.85446],[14.83822,56.85442],[14.83832,56.85434],[14.83842,56.85427],[14.8385,56.85424],[14.83858,56.85418],[14.83867,56.85412],[14.83874,56.85404],[14.83882,56.85397],[14.83888,56.85393],[14.83893,56.85391],[14.83895,56.85389],[14.83895,56.85389],[14.83894,56.85387],[14.83891,56.85384],[14.83883,56.8538],[14.83878,56.85376],[14.83876,56.85371],[14.83876,56.85367],[14.83877,56.85362],[14.83882,56.85358],[14.8389,56.85352],[14.83897,56.85347],[14.83905,56.85342],[14.83915,56.85338],[14.83924,56.85334],[14.83931,56.85331],[14.83934,56.85329],[14.83936,56.85325],[14.83936,56.85322],[14.83934,56.85319],[14.83933,56.85311],[14.83932,56.85305],[14.83931,56.85303],[14.83932,56.853],[14.83935,56.85297],[14.83941,56.85292],[14.83944,56.8529],[14.83947,56.85289],[14.8395,56.85288],[14.83955,56.85288],[14.83958,56.85288],[14.83962,56.85288],[14.83965,56.85289],[14.83968,56.8529],[14.83968,56.8529],[14.83971,56.85289],[14.83974,56.85288],[14.83976,56.85286],[14.83974,56.85283],[14.83974,56.8528],[14.83974,56.85278],[14.83976,56.85277],[14.83978,56.85277],[14.83982,56.85276],[14.83986,56.85276],[14.8399,56.85275],[14.83992,56.85274],[14.83992,56.85274],[14.83994,56.85272],[14.83994,56.85272],[14.83994,56.8527],[14.83992,56.85267],[14.83991,56.85263],[14.83991,56.85259],[14.83994,56.85253],[14.84006,56.85239],[14.84012,56.85231],[14.84016,56.85226],[14.84018,56.85224],[14.84018,56.85222],[14.84018,56.85218],[14.84017,56.85213],[14.84018,56.85213],[14.84021,56.85212],[14.84029,56.85212],[14.84032,56.85212],[14.84034,56.85211],[14.84034,56.85211],[14.84034,56.85206],[14.84033,56.85203],[14.84035,56.85201],[14.84036,56.85199],[14.84036,56.85199],[14.84036,56.85198],[14.84034,56.85196],[14.84032,56.85195],[14.84029,56.85192],[14.84028,56.85191],[14.84028,56.85189],[14.8403,56.85189],[14.84033,56.85188],[14.84041,56.8519],[14.84056,56.85193],[14.84064,56.85195],[14.84071,56.85196],[14.84074,56.85196],[14.84077,56.85196],[14.84079,56.85195],[14.84082,56.85193],[14.84086,56.8519],[14.84088,56.85186],[14.84091,56.85181],[14.84092,56.85177],[14.84091,56.85175],[14.8409,56.85173],[14.84088,56.8517],[14.84084,56.85166],[14.84083,56.85165],[14.8408,56.85162],[14.84079,56.85159],[14.84079,56.85155],[14.8408,56.85153],[14.8408,56.85151],[14.84078,56.85149],[14.84074,56.85147],[14.84069,56.85145],[14.84067,56.85143],[14.84066,56.85141],[14.84067,56.8514],[14.84068,56.85139],[14.84071,56.85139],[14.84078,56.85139],[14.84085,56.8514],[14.8409,56.85141],[14.84096,56.85142],[14.84102,56.85143],[14.84105,56.85143],[14.84109,56.85142],[14.84112,56.85141],[14.84115,56.8514],[14.84116,56.85138],[14.84117,56.85136],[14.84115,56.85133],[14.8411,56.85127],[14.8411,56.85124],[14.8411,56.85119],[14.84112,56.85115],[14.84116,56.85109],[14.84121,56.85106],[14.84125,56.85102],[14.84131,56.85095],[14.84141,56.85089],[14.84149,56.85084],[14.84158,56.85079],[14.84165,56.85074],[14.84171,56.8507],[14.8418,56.85063],[14.84188,56.8506],[14.84196,56.85057],[14.84208,56.85053],[14.84223,56.85048],[14.84246,56.85042],[14.84251,56.8504],[14.84256,56.85037],[14.84261,56.85034],[14.84268,56.85031],[14.84275,56.85027],[14.84281,56.85023],[14.84288,56.85018],[14.84297,56.85014],[14.84307,56.8501],[14.84316,56.85007],[14.84325,56.85003],[14.84329,56.85002],[14.84335,56.84997],[14.84339,56.84992],[14.84344,56.84987],[14.8435,56.84982],[14.84324,56.84823],[14.84324,56.84823],[14.84323,56.84823],[14.83757,56.84832],[14.83764,56.84807],[14.83943,56.84427],[14.83963,56.84104],[14.83963,56.84104],[14.83963,56.84104],[14.83963,56.84104],[14.83963,56.84104],[14.83925,56.84123],[14.83875,56.8414],[14.83823,56.84155],[14.83773,56.84168],[14.83745,56.84171],[14.83743,56.84171],[14.83681,56.84172],[14.83646,56.84174],[14.83608,56.84178],[14.83583,56.8418],[14.83574,56.84183],[14.83559,56.84182],[14.8349,56.84179],[14.83462,56.84179],[14.83394,56.84177],[14.83394,56.84177],[14.83394,56.84177],[14.83381,56.84229],[14.83254,56.84257],[14.83244,56.84257],[14.83244,56.84257],[14.83244,56.84257],[14.8324,56.84269],[14.83233,56.84292],[14.83229,56.84309],[14.83226,56.84323],[14.83223,56.84336],[14.83222,56.84346],[14.83222,56.84358],[14.83218,56.84387],[14.83216,56.84405],[14.83215,56.84421],[14.83213,56.84428],[14.82822,56.84399],[14.82775,56.84365],[14.82764,56.84358],[14.82741,56.84351],[14.82677,56.84343],[14.82633,56.8434],[14.82573,56.84335],[14.82556,56.84334],[14.8253,56.84328],[14.82521,56.84324],[14.82521,56.84324],[14.82521,56.84324],[14.82521,56.84324],[14.82498,56.84351],[14.82507,56.84418],[14.82466,56.84484]],[[14.83239,56.84338],[14.83238,56.84325],[14.83241,56.84306],[14.83243,56.84299],[14.83323,56.84303],[14.83318,56.84339],[14.83239,56.84338]],[[14.82861,56.84475],[14.82985,56.84479],[14.82999,56.84502],[14.82898,56.84526],[14.82881,56.84512],[14.82873,56.84503],[14.82869,56.84497],[14.82863,56.84482],[14.82861,56.84475]]]},"properties":{"NVRID":"2002582","NAMN":"Teleborg","SKYDDSTYP":"Naturreservat","LAN":"Kronobergs Län","KOMMUN":"Växjö","IUCNKATEGORI":"IV, Habitat/Artskyddsområde (Habitat/Species Management Area)","FORVALTARE":"Växjö kommun","AREA_HA":81.749,"URSPR_BESLUTSDATUM":""}},{"type":"Feature","geometry":{"type":"Polygon","coordinates":[[[14.08772,56.98163],[14.08863,56.96995],[14.08863,56.96995],[14.08863,56.96995],[14.08735,56.96995],[14.08735,56.96995],[14.08735,56.96995],[14.08377,56.97693],[14.08253,56.98391],[14.08252,56.98398],[14.08168,56.98799],[14.08168,56.98799],[14.08168,56.98799],[14.08596,56.98839],[14.08838,56.98861],[14.08959,56.98873],[14.08959,56.98873],[14.08959,56.98873],[14.08958,56.98869],[14.08956,56.98853],[14.08944,56.98799],[14.08939,56.98769],[14.08923,56.98717],[14.0892,56.98695],[14.08912,56.98665],[14.08903,56.98637],[14.08896,56.98625],[14.08894,56.98618],[14.08894,56.98612],[14.08895,56.98605],[14.08899,56.98599],[14.08904,56.98594],[14.08912,56.98589],[14.08922,56.98585],[14.08932,56.98584],[14.08948,56.98583],[14.08948,56.98583],[14.08951,56.9858],[14.08951,56.9858],[14.08908,56.98465],[14.08772,56.98163]]]},"properties":{"NVRID":"2002547","NAMN":"Flattinge åsar","SKYDDSTYP":"Naturreservat","LAN":"Kronobergs Län","KOMMUN":"Ljungby","IUCNKATEGORI":"III, Naturmonument (Natural Monument)","FORVALTARE":"Länsstyrelsen i Kronobergs län","AREA_HA":57.613,"URSPR_BESLUTSDATUM":""}},{"type":"Feature","geometry":{"type":"Polygon","coordinates":[[[13.61695,56.73643],[13.61669,56.73649],[13.61669,56.73649],[13.61669,56.73649],[13.61654,56.737],[13.61633,56.73774],[13.61646,56.73852],[13.61644,56.73911],[13.61607,56.74174],[13.61607,56.74174],[13.61607,56.74174],[13.62119,56.74052],[13.62119,56.74052],[13.62119,56.74052],[13.62107,56.74027],[13.62049,56.73875],[13.62049,56.73875],[13.62035,56.73866],[13.62019,56.73857],[13.62975,56.73818],[13.62975,56.73818],[13.63122,56.73719],[13.63771,56.74124],[13.6463,56.74846],[13.6447,56.74904],[13.64311,56.74998],[13.64244,56.75067],[13.64244,56.75067],[13.64244,56.75067],[13.64321,56.75108],[13.64311,56.75138],[13.64307,56.75174],[13.64338,56.75211],[13.64338,56.75211],[13.64338,56.75211],[13.64338,56.75211],[13.64493,56.75146],[13.64647,56.75197],[13.64742,56.75245],[13.64743,56.75245],[13.64985,56.75203],[13.64985,56.75203],[13.65179,56.74727],[13.65594,56.74839],[13.65584,56.74845],[13.65552,56.74866],[13.65528,56.74882],[13.65503,56.74898],[13.65484,56.74913],[13.6547,56.74926],[13.65459,56.74947],[13.6545,56.74967],[13.65439,56.74991],[13.6543,56.75009],[13.65425,56.75024],[13.65428,56.75035],[13.65433,56.75045],[13.65451,56.75061],[13.6548,56.75081],[13.65498,56.75093],[13.65513,56.75099],[13.65528,56.75104],[13.65561,56.75112],[13.65599,56.75118],[13.6565,56.75126],[13.65687,56.75132],[13.65716,56.75136],[13.65754,56.75142],[13.65797,56.75149],[13.65839,56.75159],[13.65875,56.75167],[13.65952,56.75189],[13.65976,56.75198],[13.65996,56.75206],[13.66005,56.75211],[13.66005,56.75211],[13.66707,56.75035],[13.66707,56.75035],[13.66769,56.74752],[13.66769,56.74752],[13.66725,56.74717],[13.66804,56.74653],[13.66816,56.74626],[13.6682,56.74619],[13.6682,56.74619],[13.66818,56.74618],[13.66818,56.7461],[13.6682,56.74591],[13.66824,56.74579],[13.6683,56.74549],[13.6683,56.74549],[13.6681,56.74523],[13.66793,56.74503],[13.66764,56.74483],[13.6677,56.74473],[13.66797,56.7446],[13.66825,56.74446],[13.66825,56.74446],[13.66825,56.74446],[13.66812,56.74435],[13.668,56.74429],[13.66781,56.74425],[13.66765,56.74423],[13.66746,56.7442],[13.66736,56.74414],[13.66736,56.74406],[13.66737,56.74396],[13.66746,56.74388],[13.66746,56.74388],[13.66746,56.74388],[13.6674,56.74384],[13.66723,56.74378],[13.66707,56.74373],[13.66686,56.74363],[13.66664,56.74346],[13.66632,56.74327],[13.66617,56.74323],[13.66604,56.74322],[13.66603,56.74322],[13.66592,56.7433],[13.66582,56.74337],[13.66565,56.74341],[13.66551,56.74339],[13.66535,56.74331],[13.66527,56.74322],[13.66525,56.74309],[13.6653,56.74291],[13.66528,56.74275],[13.66514,56.74258],[13.66494,56.74236],[13.6647,56.74191],[13.66463,56.74173],[13.66459,56.7416],[13.6645,56.7415],[13.66433,56.74141],[13.66432,56.74141],[13.66406,56.74144],[13.66366,56.74145],[13.6634,56.74142],[13.66327,56.74135],[13.66308,56.74118],[13.66285,56.74102],[13.66269,56.74086],[13.66266,56.74078],[13.6627,56.7407],[13.66257,56.74057],[13.66237,56.74043],[13.66217,56.74034],[13.66197,56.74021],[13.66185,56.74012],[13.66179,56.73997],[13.66167,56.73973],[13.66164,56.73962],[13.66164,56.73962],[13.66146,56.73951],[13.66121,56.73944],[13.66083,56.73935],[13.66052,56.73925],[13.66023,56.73918],[13.65998,56.73913],[13.65961,56.7391],[13.65939,56.73911],[13.6591,56.73908],[13.65874,56.739],[13.65843,56.73891],[13.65821,56.73886],[13.65802,56.73887],[13.65802,56.73887],[13.65787,56.73893],[13.65776,56.73899],[13.65767,56.739],[13.65755,56.739],[13.65743,56.73904],[13.65732,56.73911],[13.6572,56.7392],[13.65707,56.73929],[13.65686,56.73938],[13.65667,56.73952],[13.65654,56.73965],[13.65639,56.7398],[13.65613,56.73992],[13.65578,56.74003],[13.65552,56.74004],[13.6553,56.74],[13.65507,56.73991],[13.65486,56.73985],[13.6547,56.73982],[13.65458,56.73984],[13.65449,56.73991],[13.65447,56.74],[13.65446,56.7401],[13.65447,56.74021],[13.65443,56.74031],[13.65428,56.74039],[13.65403,56.74045],[13.65378,56.74049],[13.65345,56.74051],[13.65321,56.74046],[13.65303,56.74043],[13.65287,56.74042],[13.65269,56.74045],[13.65225,56.74055],[13.6518,56.74066],[13.65163,56.74066],[13.65148,56.74064],[13.6514,56.74063],[13.65126,56.7406],[13.65116,56.74061],[13.65109,56.74063],[13.65089,56.74066],[13.65077,56.74067],[13.65052,56.74067],[13.65031,56.74065],[13.65007,56.74061],[13.64981,56.74055],[13.64962,56.74056],[13.64943,56.74057],[13.64926,56.74056],[13.64918,56.74048],[13.64914,56.74043],[13.64912,56.74041],[13.64904,56.74029],[13.64899,56.74016],[13.64896,56.74],[13.6488,56.7398],[13.64864,56.7396],[13.6485,56.73939],[13.64836,56.73919],[13.6482,56.73897],[13.64813,56.73887],[13.648,56.73878],[13.648,56.73878],[13.64784,56.73875],[13.64761,56.7387],[13.64739,56.73863],[13.64721,56.73855],[13.647,56.73849],[13.64678,56.73848],[13.6465,56.73849],[13.64634,56.7385],[13.6462,56.73848],[13.64611,56.73845],[13.64604,56.73836],[13.64597,56.73824],[13.64591,56.73808],[13.64582,56.73784],[13.64564,56.73738],[13.64559,56.73715],[13.64564,56.73707],[13.64568,56.73698],[13.64573,56.73687],[13.64574,56.73677],[13.64571,56.73667],[13.64571,56.73667],[13.64562,56.73662],[13.64538,56.73651],[13.64526,56.73642],[13.64522,56.73637],[13.64514,56.73633],[13.64506,56.73629],[13.64479,56.73612],[13.64436,56.73594],[13.64377,56.73573],[13.64319,56.7355],[13.64263,56.73528],[13.6423,56.73518],[13.64203,56.73517],[13.64169,56.73513],[13.64127,56.73507],[13.64074,56.73501],[13.64021,56.73496],[13.63999,56.73493],[13.63977,56.73491],[13.63959,56.7348],[13.6395,56.73465],[13.63941,56.73455],[13.63935,56.73442],[13.63931,56.73438],[13.63919,56.73432],[13.63892,56.73427],[13.63854,56.73424],[13.63815,56.73423],[13.63793,56.73424],[13.63777,56.73423],[13.63762,56.73413],[13.63747,56.734],[13.63725,56.73384],[13.63707,56.73367],[13.63688,56.73352],[13.63671,56.73337],[13.63657,56.7332],[13.63646,56.73303],[13.63629,56.73281],[13.63616,56.73256],[13.63607,56.73226],[13.63602,56.73214],[13.63596,56.73203],[13.6359,56.73194],[13.6359,56.73194],[13.63569,56.73186],[13.63548,56.73183],[13.63529,56.73184],[13.63513,56.73184],[13.63513,56.73184],[13.62833,56.73589],[13.6238,56.73308],[13.62302,56.73259],[13.62301,56.73259],[13.62301,56.73259],[13.62296,56.73261],[13.62237,56.73281],[13.6221,56.73288],[13.62171,56.73292],[13.6213,56.73295],[13.62092,56.73294],[13.62065,56.7329],[13.6204,56.73283],[13.6204,56.73283],[13.6202,56.73286],[13.61991,56.73307],[13.6196,56.73323],[13.61952,56.73326],[13.61952,56.73326],[13.61952,56.73326],[13.61954,56.73327],[13.61816,56.73394],[13.6181,56.73389],[13.6181,56.73389],[13.6181,56.73389],[13.61797,56.73395],[13.61786,56.73401],[13.61786,56.73401],[13.61787,56.73404],[13.61794,56.73415],[13.61803,56.73433],[13.6181,56.73447],[13.61813,56.73474],[13.61805,56.73488],[13.61798,56.73499],[13.61787,56.73512],[13.61777,56.73528],[13.61771,56.73545],[13.61765,56.73567],[13.61758,56.73579],[13.61745,56.73589],[13.61725,56.73601],[13.61705,56.73614],[13.61698,56.73624],[13.61695,56.73635],[13.61695,56.73643]]]},"properties":{"NVRID":"2013012","NAMN":"Luberydsmossen","SKYDDSTYP":"Naturreservat","LAN":"Kronobergs Län","KOMMUN":"Ljungby","IUCNKATEGORI":"IV, Habitat/Artskyddsområde (Habitat/Species Management Area)","FORVALTARE":"Länsstyrelsen i Kronobergs län","AREA_HA":289.473,"URSPR_BESLUTSDATUM":""}},{"type":"Feature","geometry":{"type":"Polygon","coordinates":[[[14.18906,56.68713],[14.18906,56.68714],[14.18906,56.68714],[14.19959,56.69583],[14.19959,56.69583],[14.19959,56.69583],[14.19975,56.69573],[14.20001,56.69566],[14.20015,56.69566],[14.20028,56.69573],[14.20037,56.69576],[14.20037,56.69576],[14.20055,56.69569],[14.20077,56.69561],[14.20089,56.69568],[14.20091,56.69572],[14.20091,56.69572],[14.20121,56.69576],[14.20149,56.69583],[14.20187,56.696],[14.20206,56.69612],[14.20224,56.69617],[14.20224,56.69617],[14.20234,56.69616],[14.20249,56.69612],[14.20266,56.69605],[14.20276,56.69609],[14.20304,56.69615],[14.20305,56.69615],[14.20315,56.69614],[14.20317,56.69613],[14.20346,56.69632],[14.20361,56.69683],[14.20361,56.69683],[14.20427,56.69717],[14.2045,56.6975],[14.2045,56.6975],[14.20615,56.6977],[14.20626,56.69802],[14.20698,56.69875],[14.20679,56.69882],[14.20656,56.69878],[14.20656,56.69878],[14.20635,56.69885],[14.20635,56.69885],[14.20635,56.69885],[14.20643,56.69909],[14.20476,56.69988],[14.20476,56.69988],[14.20492,56.70053],[14.20492,56.70053],[14.20541,56.70071],[14.20548,56.70119],[14.20563,56.70144],[14.20573,56.70167],[14.20579,56.70183],[14.20603,56.70223],[14.20624,56.70244],[14.20665,56.70279],[14.20679,56.70289],[14.2071,56.70311],[14.20728,56.7033],[14.20749,56.7035],[14.20774,56.70371],[14.20798,56.70388],[14.20804,56.70391],[14.20829,56.70414],[14.20849,56.70443],[14.20875,56.70468],[14.20908,56.70494],[14.20918,56.70522],[14.2093,56.70538],[14.20957,56.70556],[14.21006,56.70584],[14.21036,56.70596],[14.21128,56.70627],[14.21214,56.70648],[14.21286,56.70675],[14.21355,56.70691],[14.21495,56.70697],[14.21554,56.70694],[14.21614,56.70701],[14.21662,56.70701],[14.21772,56.70704],[14.21804,56.70702],[14.21828,56.70701],[14.21854,56.70701],[14.21875,56.70696],[14.21917,56.70674],[14.21917,56.70674],[14.21917,56.70674],[14.21867,56.70649],[14.21817,56.70625],[14.21817,56.70625],[14.21778,56.70624],[14.21729,56.70603],[14.21676,56.70594],[14.21635,56.7056],[14.21603,56.70534],[14.21532,56.7053],[14.21508,56.70501],[14.21507,56.70451],[14.21507,56.70451],[14.21444,56.70431],[14.21691,56.70345],[14.21691,56.70345],[14.21691,56.70345],[14.21666,56.70317],[14.2162,56.70297],[14.21704,56.70272],[14.21768,56.70319],[14.21768,56.70319],[14.21768,56.70319],[14.21845,56.70293],[14.21845,56.70293],[14.2189,56.70278],[14.22553,56.70049],[14.22554,56.70049],[14.22612,56.69847],[14.22612,56.69847],[14.22243,56.69689],[14.2185,56.69519],[14.21766,56.69488],[14.20553,56.68975],[14.1977,56.67438],[14.1977,56.67438],[14.1977,56.67438],[14.1977,56.67438],[14.1977,56.67438],[14.18906,56.68713]],[[14.20829,56.70022],[14.20878,56.70017],[14.20886,56.70032],[14.20848,56.70053],[14.20829,56.70022]],[[14.20692,56.70193],[14.2073,56.70175],[14.20777,56.70199],[14.20722,56.70217],[14.20692,56.70193]],[[14.20573,56.7012],[14.20612,56.70105],[14.20672,56.70122],[14.20668,56.70135],[14.20675,56.70148],[14.20623,56.70157],[14.20573,56.7012]],[[14.21457,56.70256],[14.21499,56.70234],[14.21577,56.70215],[14.21608,56.70243],[14.21561,56.70279],[14.21457,56.70256]],[[14.20911,56.70026],[14.20916,56.70014],[14.20975,56.70007],[14.20999,56.70018],[14.211,56.70064],[14.21049,56.70084],[14.20911,56.70026]]]},"properties":{"NVRID":"2004484","NAMN":"Ramsåshuvud","SKYDDSTYP":"Naturreservat","LAN":"Kronobergs Län","KOMMUN":"Ljungby, Älmhult","IUCNKATEGORI":"Ia, Strikt naturreservat (Strict Nature Reserve)","FORVALTARE":"Länsstyrelsen i Kronobergs län","AREA_HA":267.256,"URSPR_BESLUTSDATUM":""}},{"type":"Feature","geometry":{"type":"Polygon","coordinates":[[[15.44366,56.97672],[15.44366,56.97672],[15.44366,56.97672],[15.44993,56.98048],[15.45164,56.98164],[15.44986,56.98385],[15.44972,56.98403],[15.44972,56.98403],[15.44972,56.98403],[15.45489,56.98691],[15.45489,56.98691],[15.45489,56.98691],[15.45562,56.98658],[15.45719,56.9873],[15.45719,56.9873],[15.45719,56.9873],[15.45719,56.9873],[15.45724,56.98727],[15.45831,56.98706],[15.45885,56.98685],[15.45885,56.98685],[15.45923,56.9864],[15.45981,56.98552],[15.46034,56.98446],[15.46073,56.98367],[15.46106,56.98298],[15.46128,56.98271],[15.46168,56.98251],[15.46365,56.98187],[15.46412,56.98171],[15.46449,56.98157],[15.46466,56.98149],[15.46505,56.98129],[15.46571,56.98106],[15.46659,56.98086],[15.4672,56.98056],[15.46813,56.98013],[15.4686,56.97991],[15.46897,56.97965],[15.46916,56.97954],[15.46916,56.97954],[15.46916,56.97954],[15.469,56.97936],[15.46896,56.97924],[15.46893,56.97896],[15.46882,56.9787],[15.46865,56.97851],[15.46837,56.97834],[15.46779,56.97818],[15.46689,56.97812],[15.46636,56.9781],[15.46588,56.97797],[15.46539,56.97758],[15.4649,56.97735],[15.46426,56.97713],[15.46356,56.97689],[15.46304,56.97667],[15.46158,56.97658],[15.4611,56.97665],[15.46072,56.97677],[15.45977,56.97597],[15.45473,56.97173],[15.45473,56.97173],[15.45156,56.97173],[15.45156,56.97173],[15.44805,56.97404],[15.44613,56.97522],[15.44366,56.97672]]]},"properties":{"NVRID":"2002402","NAMN":"Kärngölsområdet","SKYDDSTYP":"Naturreservat","LAN":"Kronobergs Län","KOMMUN":"Uppvidinge","IUCNKATEGORI":"IV, Habitat/Artskyddsområde (Habitat/Species Management Area)","FORVALTARE":"Länsstyrelsen i Kronobergs län","AREA_HA":130.15,"URSPR_BESLUTSDATUM":""}},{"type":"Feature","geometry":{"type":"Polygon","coordinates":[[[14.95872,56.48985],[14.95866,56.48983],[14.95856,56.48982],[14.95843,56.48982],[14.95843,56.48982],[14.95834,56.48986],[14.9554,56.49235],[14.95533,56.49242],[14.9552,56.4926],[14.95504,56.4929],[14.95504,56.4929],[14.95509,56.493],[14.96195,56.49794],[14.96353,56.49986],[14.97031,56.50215],[14.97031,56.50215],[14.97031,56.50215],[14.97031,56.50215],[14.976,56.49457],[14.976,56.49457],[14.976,56.49457],[14.976,56.49457],[14.97346,56.49458],[14.97334,56.49458],[14.97255,56.49458],[14.97255,56.49458],[14.97222,56.49482],[14.97173,56.49484],[14.97064,56.49465],[14.97039,56.49384],[14.97039,56.49384],[14.96936,56.49334],[14.96924,56.4933],[14.96805,56.49201],[14.96896,56.49148],[14.96896,56.49148],[14.96896,56.49148],[14.96676,56.48924],[14.96676,56.48924],[14.96102,56.48852],[14.95965,56.48872],[14.95903,56.48893],[14.95903,56.48893],[14.95903,56.48893],[14.95903,56.48893],[14.95903,56.48893],[14.95906,56.48893],[14.95923,56.48898],[14.95936,56.48902],[14.95947,56.48904],[14.95963,56.48906],[14.95976,56.48905],[14.95984,56.48904],[14.95997,56.48905],[14.96009,56.4891],[14.96012,56.48913],[14.96009,56.48918],[14.96007,56.48923],[14.96003,56.48928],[14.95998,56.48933],[14.95992,56.48937],[14.95978,56.48944],[14.95968,56.4895],[14.95962,56.48953],[14.95957,56.48958],[14.95948,56.48964],[14.95941,56.48966],[14.9593,56.48968],[14.9592,56.48971],[14.95909,56.48976],[14.95895,56.48982],[14.95884,56.48985],[14.95872,56.48985]]]},"properties":{"NVRID":"2014542","NAMN":"Älganäs","SKYDDSTYP":"Naturreservat","LAN":"Kronobergs Län","KOMMUN":"Tingsryd","IUCNKATEGORI":"IV, Habitat/Artskyddsområde (Habitat/Species Management Area)","FORVALTARE":"Länsstyrelsen i Kronobergs län","AREA_HA":100.016,"URSPR_BESLUTSDATUM":""}},{"type":"Feature","geometry":{"type":"MultiPolygon","coordinates":[[[[15.38397,56.86659],[15.38397,56.86659],[15.38397,56.86659],[15.38415,56.86692],[15.38308,56.86703],[15.38307,56.86703],[15.38307,56.86703],[15.38313,56.86719],[15.38321,56.86742],[15.38323,56.86766],[15.38328,56.86799],[15.38328,56.86799],[15.38328,56.86799],[15.38329,56.86799],[15.38442,56.8679],[15.38462,56.86819],[15.3846,56.86837],[15.3843,56.86841],[15.3843,56.86841],[15.3843,56.86841],[15.38407,56.86894],[15.38339,56.86889],[15.38339,56.86889],[15.38339,56.86889],[15.3834,56.86896],[15.38346,56.86909],[15.38363,56.86939],[15.3838,56.86973],[15.38387,56.86991],[15.3839,56.86997],[15.3839,56.86997],[15.3839,56.86997],[15.38422,56.86998],[15.38593,56.87005],[15.38629,56.87006],[15.38629,56.87006],[15.38629,56.87006],[15.3863,56.86944],[15.38632,56.86909],[15.38632,56.86909],[15.38632,56.86909],[15.38548,56.86902],[15.38595,56.86846],[15.38652,56.86796],[15.38651,56.86744],[15.3866,56.86708],[15.3867,56.8667],[15.38675,56.86629],[15.38674,56.86629],[15.38674,56.86629],[15.38512,56.86643],[15.38397,56.86659]]],[[[15.38338,56.85982],[15.38357,56.85993],[15.3828,56.86088],[15.3828,56.86088],[15.3828,56.86088],[15.38364,56.86099],[15.38369,56.86152],[15.3833,56.86151],[15.38329,56.86151],[15.38329,56.86151],[15.38315,56.86199],[15.38315,56.862],[15.38315,56.862],[15.38315,56.862],[15.38471,56.86202],[15.38448,56.86314],[15.38448,56.86314],[15.38449,56.86314],[15.38449,56.86314],[15.38589,56.86309],[15.38685,56.86321],[15.38695,56.8635],[15.38695,56.8635],[15.38695,56.8635],[15.38713,56.86352],[15.38713,56.86352],[15.38713,56.86352],[15.38713,56.86352],[15.38725,56.86288],[15.3874,56.86176],[15.38743,56.86114],[15.38757,56.86033],[15.38776,56.85921],[15.38776,56.85921],[15.38776,56.85921],[15.38776,56.85921],[15.38776,56.85921],[15.38776,56.85921],[15.38733,56.85957],[15.38639,56.85929],[15.38639,56.85929],[15.38639,56.85929],[15.38568,56.85968],[15.38497,56.85938],[15.38479,56.85917],[15.38479,56.85917],[15.38353,56.85915],[15.38364,56.85843],[15.38405,56.85851],[15.38405,56.85851],[15.38405,56.85851],[15.38495,56.85695],[15.38758,56.85571],[15.38808,56.85601],[15.38808,56.85601],[15.38808,56.85601],[15.38808,56.85601],[15.38808,56.85601],[15.38809,56.85562],[15.38808,56.85535],[15.38816,56.85519],[15.38815,56.85494],[15.38815,56.85494],[15.38785,56.85476],[15.38785,56.85476],[15.38785,56.85476],[15.38711,56.85499],[15.38677,56.85527],[15.38666,56.85558],[15.38626,56.85575],[15.38459,56.85674],[15.38407,56.85699],[15.38349,56.85715],[15.3829,56.85737],[15.3816,56.85811],[15.3816,56.85811],[15.38188,56.85904],[15.38195,56.85924],[15.38289,56.86006],[15.38289,56.86007],[15.38289,56.86006],[15.38338,56.85982]]]]},"properties":{"NVRID":"2040849","NAMN":"Skärgöl","SKYDDSTYP":"Naturreservat","LAN":"Kronobergs Län","KOMMUN":"Lessebo","IUCNKATEGORI":"IV, Habitat/Artskyddsområde (Habitat/Species Management Area)","FORVALTARE":"Länsstyrelsen i Kronobergs län","AREA_HA":21.018,"URSPR_BESLUTSDATUM":""}},{"type":"Feature","geometry":{"type":"Polygon","coordinates":[[[13.53518,56.87163],[13.53518,56.87163],[13.53518,56.87163],[13.5354,56.87357],[13.53736,56.87692],[13.53723,56.87698],[13.53718,56.87702],[13.53712,56.87709],[13.53707,56.87717],[13.53698,56.8774],[13.53694,56.87746],[13.53689,56.87752],[13.53682,56.87757],[13.53667,56.87769],[13.53652,56.87778],[13.5364,56.87785],[13.53621,56.87793],[13.53613,56.87798],[13.53602,56.87804],[13.53594,56.87811],[13.53573,56.87828],[13.53558,56.87839],[13.53526,56.87857],[13.53526,56.87857],[13.53526,56.87857],[13.53537,56.87867],[13.53548,56.87877],[13.53584,56.87913],[13.5361,56.87937],[13.53617,56.87944],[13.53632,56.87957],[13.53638,56.87966],[13.53638,56.87966],[13.53638,56.87966],[13.53638,56.87966],[13.53668,56.87958],[13.53744,56.87979],[13.53836,56.88004],[13.53836,56.88004],[13.53836,56.88004],[13.53836,56.88004],[13.53836,56.88004],[13.53835,56.87988],[13.5384,56.87969],[13.5385,56.87956],[13.53837,56.87936],[13.53826,56.87921],[13.53823,56.8791],[13.53822,56.87902],[13.53825,56.87895],[13.5383,56.87886],[13.53835,56.87879],[13.53834,56.87877],[13.53834,56.87877],[13.53834,56.87877],[13.53827,56.87878],[13.53823,56.87875],[13.5382,56.87871],[13.53814,56.87864],[13.5381,56.87855],[13.53809,56.87846],[13.53803,56.8783],[13.53791,56.87811],[13.53792,56.87802],[13.53798,56.87788],[13.53811,56.87777],[13.53825,56.87771],[13.53849,56.87772],[13.53871,56.87776],[13.53883,56.8779],[13.53909,56.87798],[13.53927,56.87809],[13.53952,56.87821],[13.53974,56.87832],[13.53992,56.87846],[13.5401,56.87872],[13.54025,56.87885],[13.54025,56.87885],[13.54025,56.87885],[13.54063,56.87866],[13.54074,56.87866],[13.54097,56.87867],[13.54106,56.8787],[13.54115,56.87875],[13.54131,56.87884],[13.54159,56.87892],[13.542,56.87908],[13.54228,56.87921],[13.54242,56.87934],[13.54251,56.87936],[13.54263,56.87937],[13.54263,56.87937],[13.54263,56.87937],[13.54263,56.87937],[13.54265,56.8793],[13.54269,56.87923],[13.54276,56.87916],[13.54276,56.87904],[13.54289,56.87896],[13.54304,56.87885],[13.54304,56.87885],[13.54304,56.87867],[13.54309,56.87844],[13.54301,56.87832],[13.54301,56.87823],[13.54307,56.87813],[13.54328,56.87809],[13.54345,56.87812],[13.5437,56.87812],[13.5437,56.87812],[13.5437,56.87812],[13.5437,56.87804],[13.54358,56.87794],[13.54349,56.87785],[13.54341,56.87776],[13.54338,56.8776],[13.54337,56.87749],[13.54337,56.87749],[13.54328,56.87743],[13.5432,56.87734],[13.54315,56.87726],[13.54315,56.87716],[13.54306,56.87709],[13.54307,56.87698],[13.54303,56.87681],[13.54302,56.8766],[13.54305,56.87649],[13.5432,56.87641],[13.54344,56.87631],[13.54365,56.87621],[13.54366,56.87611],[13.54366,56.876],[13.54365,56.87592],[13.54374,56.87589],[13.54403,56.87592],[13.54423,56.87592],[13.54437,56.87588],[13.54455,56.8758],[13.54462,56.87577],[13.54462,56.87577],[13.54462,56.87577],[13.54457,56.87571],[13.54444,56.87565],[13.54432,56.87561],[13.54419,56.87558],[13.54401,56.87549],[13.54384,56.87542],[13.54386,56.87524],[13.54392,56.87513],[13.54404,56.87503],[13.54421,56.87491],[13.54422,56.87476],[13.54422,56.87462],[13.54425,56.87451],[13.54433,56.87442],[13.54445,56.87431],[13.54453,56.87421],[13.54457,56.87407],[13.54467,56.8739],[13.54467,56.87389],[13.54458,56.87375],[13.54448,56.87366],[13.54457,56.87359],[13.5446,56.87352],[13.54457,56.8734],[13.54457,56.8734],[13.54441,56.87327],[13.54431,56.8732],[13.54414,56.87316],[13.54392,56.87307],[13.54374,56.873],[13.54345,56.87289],[13.54335,56.87285],[13.5433,56.87281],[13.54327,56.87275],[13.54327,56.87275],[13.54305,56.87272],[13.54299,56.8727],[13.54288,56.87264],[13.54281,56.87258],[13.54279,56.87251],[13.54275,56.87247],[13.54258,56.87238],[13.54236,56.87231],[13.54216,56.87227],[13.54187,56.87225],[13.54161,56.87219],[13.54137,56.87211],[13.5411,56.87198],[13.54075,56.87184],[13.54048,56.87178],[13.54048,56.87178],[13.54024,56.87179],[13.54003,56.87184],[13.53965,56.87189],[13.5395,56.87187],[13.53935,56.87184],[13.53919,56.87181],[13.5389,56.8718],[13.53854,56.87181],[13.53807,56.87181],[13.53772,56.87175],[13.53755,56.87169],[13.53722,56.87162],[13.53709,56.87158],[13.53699,56.87146],[13.5369,56.87133],[13.53683,56.87118],[13.53683,56.87118],[13.53667,56.87113],[13.53659,56.87113],[13.53658,56.87113],[13.53641,56.87117],[13.5363,56.87121],[13.53603,56.87135],[13.53583,56.87145],[13.53573,56.87145],[13.53564,56.87147],[13.53553,56.87154],[13.53542,56.8716],[13.53532,56.87163],[13.53518,56.87163]]]},"properties":{"NVRID":"2002391","NAMN":"Jättabergets domänreservat","SKYDDSTYP":"Naturreservat","LAN":"Kronobergs Län","KOMMUN":"Ljungby","IUCNKATEGORI":"IV, Habitat/Artskyddsområde (Habitat/Species Management Area)","FORVALTARE":"Länsstyrelsen i Kronobergs län","AREA_HA":36.681,"URSPR_BESLUTSDATUM":""}},{"type":"Feature","geometry":{"type":"Polygon","coordinates":[[[15.31269,57.02967],[15.31269,57.02967],[15.31269,57.02967],[15.31459,57.02843],[15.31902,57.02569],[15.31976,57.02523],[15.31976,57.02523],[15.31976,57.02523],[15.31976,57.02523],[15.31976,57.02523],[15.31804,57.02505],[15.31608,57.02574],[15.31277,57.02828],[15.31199,57.02943],[15.31199,57.02943],[15.31199,57.02943],[15.31269,57.02967]]]},"properties":{"NVRID":"2002548","NAMN":"Ravinen Domänreservat","SKYDDSTYP":"Naturreservat","LAN":"Kronobergs Län","KOMMUN":"Uppvidinge","IUCNKATEGORI":"III, Naturmonument (Natural Monument)","FORVALTARE":"Länsstyrelsen i Kronobergs län","AREA_HA":6.564,"URSPR_BESLUTSDATUM":""}},{"type":"Feature","geometry":{"type":"MultiPolygon","coordinates":[[[[14.14957,56.60531],[14.14962,56.60537],[14.14952,56.60561],[14.14952,56.60561],[14.14961,56.60573],[14.14961,56.60573],[14.14971,56.60574],[14.14981,56.60584],[14.15004,56.60599],[14.15002,56.60606],[14.14995,56.60609],[14.14995,56.60609],[14.14998,56.60615],[14.14996,56.60637],[14.15,56.60644],[14.15005,56.60648],[14.15005,56.60648],[14.15017,56.6065],[14.15024,56.60655],[14.15029,56.60664],[14.15035,56.60672],[14.15042,56.60676],[14.15054,56.6068],[14.15066,56.60689],[14.15068,56.60692],[14.15066,56.60697],[14.15066,56.60697],[14.15071,56.60702],[14.15082,56.60706],[14.15072,56.60719],[14.15072,56.60719],[14.15072,56.60719],[14.15079,56.60723],[14.15095,56.60724],[14.15098,56.60731],[14.15095,56.60736],[14.15094,56.60744],[14.15101,56.60749],[14.15103,56.60755],[14.15108,56.60763],[14.1511,56.60773],[14.15112,56.6078],[14.15111,56.60787],[14.15111,56.60787],[14.15112,56.60787],[14.15164,56.60795],[14.15164,56.60795],[14.15219,56.60787],[14.1532,56.60759],[14.15321,56.60759],[14.15321,56.60759],[14.15313,56.60731],[14.1524,56.60665],[14.15191,56.60645],[14.15163,56.60625],[14.15146,56.60596],[14.15115,56.60527],[14.15088,56.60504],[14.15088,56.60504],[14.15078,56.60504],[14.15064,56.60503],[14.15052,56.605],[14.15038,56.60498],[14.15026,56.60498],[14.15013,56.60488],[14.15013,56.60488],[14.15013,56.60488],[14.14938,56.6052],[14.14938,56.6052],[14.14938,56.6052],[14.14957,56.60531]]],[[[14.15124,56.60987],[14.15123,56.61],[14.15126,56.61016],[14.15129,56.61024],[14.15127,56.61038],[14.15124,56.61051],[14.15125,56.61065],[14.15129,56.61083],[14.15134,56.61096],[14.15134,56.61096],[14.15145,56.61103],[14.15144,56.6111],[14.15123,56.61126],[14.15123,56.61126],[14.15126,56.6113],[14.1512,56.61138],[14.15113,56.61143],[14.151,56.61148],[14.15088,56.61161],[14.15081,56.61169],[14.15082,56.61181],[14.15092,56.6119],[14.15097,56.61195],[14.1511,56.61199],[14.15119,56.61199],[14.15131,56.61195],[14.15141,56.61194],[14.15149,56.61199],[14.15155,56.61206],[14.15158,56.61213],[14.15158,56.61213],[14.15159,56.61213],[14.15176,56.61218],[14.15176,56.61218],[14.15188,56.61216],[14.15198,56.61214],[14.15198,56.61214],[14.15204,56.6121],[14.15229,56.61212],[14.15243,56.61216],[14.15249,56.61226],[14.15245,56.61243],[14.15243,56.6127],[14.15242,56.6128],[14.15257,56.61298],[14.15262,56.61324],[14.15262,56.61324],[14.15262,56.61324],[14.15445,56.61283],[14.15445,56.61283],[14.15445,56.61283],[14.15445,56.61283],[14.15422,56.61274],[14.1539,56.61254],[14.1536,56.61216],[14.1534,56.61185],[14.15321,56.6115],[14.15309,56.6111],[14.15309,56.6111],[14.15309,56.6111],[14.15309,56.6111],[14.15187,56.61114],[14.15189,56.61064],[14.15243,56.61061],[14.15264,56.61051],[14.15294,56.61048],[14.15294,56.61048],[14.15294,56.61048],[14.15279,56.60967],[14.15279,56.60967],[14.15279,56.60967],[14.15227,56.60967],[14.15187,56.60968],[14.15176,56.60965],[14.15173,56.60958],[14.15173,56.60958],[14.15173,56.60958],[14.15085,56.60962],[14.15085,56.60962],[14.15085,56.60963],[14.15085,56.60963],[14.15085,56.60963],[14.15086,56.60963],[14.15104,56.60968],[14.15119,56.60975],[14.15124,56.60987]]],[[[14.14871,56.60239],[14.14873,56.60256],[14.14886,56.60265],[14.14896,56.60273],[14.14901,56.6028],[14.14905,56.60289],[14.14898,56.60297],[14.14896,56.60305],[14.14895,56.60313],[14.14881,56.60324],[14.14873,56.60336],[14.14877,56.60347],[14.14878,56.60353],[14.14886,56.60363],[14.14892,56.60371],[14.14892,56.60377],[14.14892,56.60384],[14.14892,56.60384],[14.14923,56.60393],[14.14976,56.60421],[14.14982,56.60452],[14.15028,56.60486],[14.15034,56.60488],[14.15038,56.60491],[14.15038,56.60491],[14.15058,56.60497],[14.15078,56.605],[14.15086,56.605],[14.15086,56.605],[14.15086,56.605],[14.15086,56.605],[14.15086,56.605],[14.15081,56.60494],[14.15111,56.60481],[14.15148,56.60514],[14.15148,56.60515],[14.15148,56.60515],[14.15148,56.60515],[14.15238,56.60483],[14.15249,56.60486],[14.15277,56.60509],[14.15306,56.60514],[14.15326,56.60523],[14.15348,56.60548],[14.15376,56.60583],[14.15391,56.60614],[14.15405,56.60623],[14.15418,56.60642],[14.15427,56.60685],[14.1542,56.60706],[14.15411,56.60711],[14.1537,56.60717],[14.15336,56.60724],[14.15336,56.60724],[14.1533,56.60754],[14.1533,56.60754],[14.1533,56.60754],[14.1533,56.60754],[14.15481,56.60715],[14.15481,56.60715],[14.15482,56.60708],[14.15494,56.60693],[14.15503,56.60691],[14.15503,56.60691],[14.15503,56.60691],[14.15506,56.60671],[14.15517,56.60664],[14.15517,56.60664],[14.15517,56.60664],[14.15508,56.6066],[14.155,56.60659],[14.15483,56.60645],[14.15483,56.60645],[14.15474,56.60645],[14.15456,56.60622],[14.15447,56.60607],[14.15446,56.60602],[14.15446,56.60602],[14.15417,56.60578],[14.15417,56.60578],[14.1541,56.60577],[14.15401,56.60573],[14.15406,56.6057],[14.15406,56.60569],[14.15406,56.60569],[14.15397,56.60561],[14.15395,56.6055],[14.15383,56.60543],[14.15382,56.60534],[14.15366,56.60521],[14.15382,56.60513],[14.15382,56.60513],[14.15382,56.60513],[14.15376,56.60507],[14.15376,56.60507],[14.15376,56.60507],[14.15355,56.60506],[14.15351,56.60502],[14.15351,56.60502],[14.15342,56.60502],[14.15339,56.60497],[14.15339,56.60497],[14.15321,56.60493],[14.15312,56.60492],[14.15303,56.60487],[14.15303,56.60487],[14.15293,56.60487],[14.15292,56.60484],[14.15292,56.60484],[14.15285,56.60483],[14.15276,56.60475],[14.15269,56.60455],[14.15269,56.60455],[14.15269,56.60455],[14.15262,56.60455],[14.15252,56.60444],[14.15256,56.60439],[14.15256,56.60439],[14.15256,56.60439],[14.15247,56.60434],[14.15248,56.60428],[14.15239,56.60413],[14.1523,56.60406],[14.1521,56.60399],[14.15208,56.60394],[14.15208,56.60394],[14.152,56.60393],[14.15191,56.60364],[14.15197,56.60359],[14.15197,56.60359],[14.15193,56.60349],[14.15193,56.60349],[14.15184,56.60349],[14.15196,56.60341],[14.15195,56.60332],[14.15194,56.60332],[14.15189,56.60331],[14.15192,56.60327],[14.15198,56.60325],[14.15198,56.60325],[14.15198,56.60324],[14.15192,56.60306],[14.15191,56.60306],[14.15185,56.60304],[14.15183,56.60297],[14.15183,56.60297],[14.15183,56.60297],[14.15169,56.60298],[14.15151,56.60297],[14.15136,56.60293],[14.15111,56.60285],[14.15109,56.60274],[14.1511,56.60263],[14.15111,56.60257],[14.15106,56.6025],[14.15089,56.60245],[14.15089,56.60245],[14.15064,56.60248],[14.15063,56.60248],[14.15061,56.60253],[14.15053,56.60257],[14.15042,56.60256],[14.1503,56.60254],[14.15006,56.60249],[14.14993,56.60245],[14.14979,56.60237],[14.1496,56.60235],[14.14947,56.60236],[14.14929,56.60236],[14.14883,56.60237],[14.14869,56.60229],[14.14869,56.60229],[14.14869,56.60229],[14.14869,56.60229],[14.14861,56.60233],[14.14861,56.60233],[14.14861,56.60233],[14.14861,56.60233],[14.14871,56.60239]]]]},"properties":{"NVRID":"2010898","NAMN":"Möckelsnäs","SKYDDSTYP":"Naturreservat","LAN":"Kronobergs Län","KOMMUN":"Älmhult","IUCNKATEGORI":"IV, Habitat/Artskyddsområde (Habitat/Species Management Area)","FORVALTARE":"Länsstyrelsen i Kronobergs län","AREA_HA":13.171,"URSPR_BESLUTSDATUM":""}},{"type":"Feature","geometry":{"type":"Polygon","coordinates":[[[13.43189,56.81645],[13.43189,56.81645],[13.43189,56.81645],[13.43201,56.81652],[13.43217,56.81664],[13.43248,56.81682],[13.43274,56.81692],[13.43299,56.81699],[13.43345,56.81709],[13.43367,56.81722],[13.43374,56.81738],[13.43366,56.81749],[13.43367,56.81764],[13.43371,56.81772],[13.4339,56.81791],[13.43404,56.81814],[13.43406,56.81826],[13.43415,56.8184],[13.43436,56.81858],[13.43466,56.81891],[13.43471,56.81911],[13.4347,56.81923],[13.4347,56.81923],[13.43477,56.8193],[13.43486,56.81937],[13.43499,56.81942],[13.4352,56.81949],[13.43532,56.81951],[13.43544,56.81958],[13.4355,56.81967],[13.43552,56.81984],[13.4356,56.82003],[13.43568,56.82016],[13.43588,56.82038],[13.43618,56.82066],[13.43634,56.82086],[13.43649,56.82102],[13.43665,56.82115],[13.43678,56.82122],[13.43702,56.82127],[13.43718,56.82131],[13.43743,56.82135],[13.44183,56.82157],[13.44209,56.82156],[13.44232,56.82151],[13.44259,56.82147],[13.44275,56.82141],[13.44277,56.82139],[13.44283,56.8214],[13.44284,56.8214],[13.44284,56.8214],[13.44284,56.8214],[13.44285,56.82132],[13.44295,56.82129],[13.44377,56.82125],[13.44377,56.82125],[13.44402,56.82096],[13.44402,56.82096],[13.44382,56.82067],[13.44363,56.82055],[13.44314,56.82043],[13.44233,56.82029],[13.44196,56.82026],[13.44113,56.82008],[13.44125,56.82],[13.44125,56.82],[13.44168,56.81852],[13.4426,56.81531],[13.44327,56.813],[13.44327,56.813],[13.44327,56.813],[13.44287,56.81294],[13.44278,56.81277],[13.44282,56.81265],[13.44279,56.81253],[13.44266,56.81245],[13.44217,56.81204],[13.44236,56.81193],[13.44251,56.81181],[13.44275,56.81172],[13.44297,56.81165],[13.44316,56.81161],[13.44339,56.81158],[13.44356,56.81153],[13.44373,56.81144],[13.44381,56.81138],[13.44391,56.81127],[13.44411,56.81116],[13.44418,56.81108],[13.44414,56.811],[13.44414,56.81099],[13.44413,56.81099],[13.4439,56.81096],[13.44353,56.81093],[13.44317,56.81087],[13.4428,56.81078],[13.44246,56.81071],[13.44214,56.81067],[13.44183,56.81065],[13.44152,56.81069],[13.44121,56.81068],[13.44095,56.8107],[13.44078,56.81071],[13.44068,56.81067],[13.44059,56.81055],[13.4406,56.81038],[13.4407,56.81022],[13.44082,56.81002],[13.44102,56.80976],[13.44117,56.80961],[13.44137,56.80954],[13.44162,56.80948],[13.44186,56.80945],[13.44197,56.80943],[13.44207,56.80936],[13.44216,56.80926],[13.44222,56.80918],[13.44222,56.80918],[13.44222,56.80918],[13.44211,56.80914],[13.44198,56.80906],[13.44174,56.80892],[13.44158,56.80879],[13.44145,56.8087],[13.44139,56.80859],[13.44144,56.80853],[13.44168,56.80845],[13.44196,56.80839],[13.44219,56.80833],[13.44242,56.80823],[13.44255,56.80815],[13.44255,56.80815],[13.44255,56.80806],[13.44255,56.80806],[13.44247,56.80801],[13.4423,56.80794],[13.44215,56.80786],[13.44204,56.80774],[13.4419,56.80765],[13.44176,56.80748],[13.44176,56.80748],[13.44176,56.80748],[13.44131,56.8075],[13.44043,56.80769],[13.43877,56.80888],[13.43684,56.80983],[13.43684,56.80983],[13.43666,56.81102],[13.43415,56.81207],[13.43346,56.81374],[13.43337,56.81499],[13.43189,56.81645]]]},"properties":{"NVRID":"2002386","NAMN":"Lidhultsåsen","SKYDDSTYP":"Naturreservat","LAN":"Kronobergs Län","KOMMUN":"Ljungby","IUCNKATEGORI":"III, Naturmonument (Natural Monument)","FORVALTARE":"Ljungby kommun","AREA_HA":67.48,"URSPR_BESLUTSDATUM":""}},{"type":"Feature","geometry":{"type":"Polygon","coordinates":[[[14.68667,56.54205],[14.68676,56.54347],[14.68856,56.54521],[14.68856,56.54521],[14.69137,56.54509],[14.69383,56.54565],[14.69496,56.54544],[14.69496,56.54544],[14.69496,56.54544],[14.69496,56.54544],[14.69344,56.54332],[14.69277,56.54237],[14.6923,56.54127],[14.693,56.53977],[14.69244,56.53852],[14.69244,56.53852],[14.67997,56.53576],[14.67461,56.53546],[14.67461,56.53546],[14.67461,56.53546],[14.67461,56.53546],[14.67461,56.53546],[14.68358,56.54191],[14.68358,56.54191],[14.68667,56.54205]]]},"properties":{"NVRID":"2002353","NAMN":"Långö","SKYDDSTYP":"Naturreservat","LAN":"Kronobergs Län","KOMMUN":"Tingsryd","IUCNKATEGORI":"Ia, Strikt naturreservat (Strict Nature Reserve)","FORVALTARE":"Länsstyrelsen i Kronobergs län","AREA_HA":59.486,"URSPR_BESLUTSDATUM":""}},{"type":"Feature","geometry":{"type":"Polygon","coordinates":[[[13.35641,56.7767],[13.35776,56.77673],[13.3595,56.77673],[13.36067,56.77728],[13.36356,56.77862],[13.36609,56.77979],[13.36568,56.78012],[13.36554,56.78025],[13.3652,56.78063],[13.36508,56.78077],[13.36493,56.781],[13.36471,56.7813],[13.36442,56.78168],[13.36437,56.78186],[13.36274,56.78266],[13.36274,56.78266],[13.36283,56.78309],[13.36223,56.78332],[13.36223,56.78332],[13.36223,56.78332],[13.36265,56.78421],[13.36265,56.78421],[13.36327,56.78436],[13.36434,56.78461],[13.36506,56.78504],[13.36666,56.78665],[13.36671,56.78722],[13.36567,56.78738],[13.36567,56.78738],[13.36567,56.78738],[13.36567,56.78738],[13.36648,56.78811],[13.36711,56.78847],[13.36711,56.78847],[13.36712,56.78847],[13.36844,56.78809],[13.36916,56.78845],[13.37013,56.78913],[13.36899,56.78971],[13.36784,56.78929],[13.36784,56.78929],[13.36784,56.78929],[13.36784,56.78929],[13.36769,56.78945],[13.36738,56.78976],[13.36727,56.79019],[13.36727,56.79019],[13.36825,56.79079],[13.3682,56.79165],[13.3682,56.79165],[13.3682,56.79165],[13.36821,56.79165],[13.36821,56.79165],[13.37152,56.7891],[13.37302,56.78702],[13.37399,56.78747],[13.37463,56.7877],[13.37568,56.78818],[13.37621,56.78842],[13.37667,56.78864],[13.37667,56.78864],[13.38825,56.78699],[13.38825,56.78699],[13.38825,56.78699],[13.38825,56.78699],[13.38725,56.78595],[13.38725,56.78595],[13.38725,56.78595],[13.38628,56.78614],[13.38539,56.78578],[13.38532,56.78554],[13.38563,56.78557],[13.38626,56.78547],[13.38626,56.78547],[13.38626,56.78547],[13.38632,56.78517],[13.38719,56.78497],[13.38719,56.78497],[13.38719,56.78497],[13.38694,56.78435],[13.38694,56.78435],[13.38693,56.78435],[13.38631,56.78436],[13.38631,56.78436],[13.38625,56.78439],[13.38616,56.78441],[13.38598,56.78439],[13.38586,56.78436],[13.38578,56.7843],[13.38546,56.78422],[13.3853,56.78414],[13.3851,56.78412],[13.38492,56.78414],[13.38489,56.78413],[13.38459,56.78395],[13.38452,56.78394],[13.38449,56.78393],[13.38446,56.78392],[13.38442,56.78391],[13.38436,56.78375],[13.38401,56.78349],[13.38393,56.7833],[13.38397,56.78323],[13.38512,56.78284],[13.38555,56.78255],[13.38555,56.78255],[13.38555,56.78255],[13.38555,56.78255],[13.38459,56.78245],[13.38441,56.78205],[13.38441,56.78205],[13.38441,56.78205],[13.38384,56.78201],[13.38349,56.78101],[13.38561,56.78157],[13.38561,56.78157],[13.38561,56.78157],[13.38561,56.78157],[13.38578,56.7798],[13.38578,56.77979],[13.37168,56.77583],[13.37048,56.77411],[13.37316,56.77386],[13.37433,56.77374],[13.37525,56.77455],[13.37631,56.77502],[13.37618,56.77519],[13.37618,56.77519],[13.37618,56.77519],[13.37673,56.77546],[13.37697,56.77554],[13.37655,56.77612],[13.37655,56.77612],[13.37714,56.77646],[13.37743,56.77664],[13.37767,56.77681],[13.37767,56.77681],[13.37767,56.77681],[13.37834,56.77653],[13.37894,56.77637],[13.37968,56.77636],[13.37957,56.77669],[13.37937,56.77685],[13.37904,56.77692],[13.37843,56.777],[13.37843,56.777],[13.37843,56.777],[13.3786,56.77743],[13.3786,56.77743],[13.37917,56.77757],[13.37994,56.77777],[13.37995,56.77777],[13.37995,56.77777],[13.38073,56.77737],[13.38129,56.77705],[13.38194,56.77728],[13.38234,56.77741],[13.38235,56.77741],[13.3829,56.77735],[13.38337,56.77736],[13.38349,56.77777],[13.38349,56.77777],[13.38365,56.77789],[13.38441,56.77816],[13.38441,56.77816],[13.3848,56.77802],[13.38518,56.77791],[13.38545,56.77778],[13.38555,56.77768],[13.38564,56.77753],[13.38562,56.77728],[13.38572,56.77721],[13.38606,56.77716],[13.38662,56.77731],[13.38705,56.77736],[13.38705,56.77736],[13.38733,56.77732],[13.38733,56.77732],[13.38733,56.77732],[13.38729,56.77706],[13.38729,56.77706],[13.38701,56.77683],[13.38665,56.7766],[13.38621,56.77639],[13.38597,56.77628],[13.38574,56.77585],[13.38601,56.77555],[13.38669,56.77546],[13.38669,56.77546],[13.38669,56.77546],[13.38673,56.77515],[13.38677,56.77447],[13.38723,56.77448],[13.388,56.77479],[13.388,56.77479],[13.388,56.77479],[13.388,56.77479],[13.38848,56.77433],[13.38848,56.77433],[13.38834,56.77409],[13.38809,56.77388],[13.38762,56.77308],[13.38757,56.77247],[13.3885,56.7725],[13.3885,56.7725],[13.3885,56.7725],[13.3885,56.77233],[13.38849,56.77218],[13.38858,56.77206],[13.38865,56.77194],[13.38865,56.77183],[13.38859,56.77176],[13.38844,56.77162],[13.38826,56.7715],[13.38801,56.77135],[13.38795,56.77121],[13.38798,56.77107],[13.38804,56.77097],[13.38806,56.77084],[13.388,56.77075],[13.38783,56.7705],[13.38782,56.77036],[13.38779,56.77026],[13.3877,56.77017],[13.3876,56.7701],[13.38743,56.77003],[13.38703,56.76974],[13.3869,56.76967],[13.38669,56.76959],[13.38637,56.76949],[13.38624,56.76941],[13.38616,56.76932],[13.38607,56.7692],[13.38599,56.76904],[13.38597,56.76902],[13.38593,56.76897],[13.38577,56.76887],[13.38571,56.7688],[13.38548,56.76845],[13.38549,56.76836],[13.38557,56.76816],[13.38559,56.76804],[13.38555,56.76791],[13.38551,56.76784],[13.38542,56.76772],[13.38536,56.7676],[13.38534,56.76749],[13.38534,56.76749],[13.38534,56.76749],[13.38534,56.76749],[13.38534,56.76749],[13.38524,56.76756],[13.38498,56.76776],[13.38479,56.76789],[13.38461,56.76805],[13.38445,56.76816],[13.38422,56.76831],[13.38416,56.76836],[13.38391,56.76849],[13.38374,56.76856],[13.38355,56.76863],[13.38339,56.7687],[13.38311,56.7688],[13.3828,56.76891],[13.38246,56.76898],[13.38216,56.76901],[13.38177,56.76902],[13.38144,56.76903],[13.381,56.76906],[13.38056,56.76907],[13.38019,56.76907],[13.37954,56.76908],[13.37696,56.76914],[13.37572,56.76912],[13.37523,56.76914],[13.37468,56.76922],[13.37387,56.76936],[13.37308,56.7695],[13.37265,56.76958],[13.37218,56.76966],[13.37159,56.76976],[13.37141,56.76977],[13.37073,56.76977],[13.37014,56.76973],[13.3694,56.76968],[13.36886,56.76961],[13.36825,56.76947],[13.36801,56.76938],[13.36766,56.76926],[13.36743,56.76915],[13.36726,56.76904],[13.36703,56.76885],[13.36681,56.76869],[13.36655,56.76847],[13.36642,56.76837],[13.36592,56.76799],[13.3655,56.76766],[13.3653,56.7675],[13.36494,56.76722],[13.36484,56.76714],[13.36468,56.76701],[13.36447,56.76685],[13.36422,56.76667],[13.364,56.7665],[13.36381,56.76637],[13.36337,56.76614],[13.36316,56.76605],[13.36284,56.76592],[13.36262,56.7659],[13.36245,56.7659],[13.36225,56.76592],[13.36206,56.76597],[13.36175,56.76607],[13.36149,56.76621],[13.36129,56.76632],[13.36098,56.7665],[13.36054,56.76675],[13.35914,56.76753],[13.35859,56.76784],[13.35832,56.76799],[13.35764,56.76837],[13.35716,56.76865],[13.35652,56.76896],[13.35612,56.76916],[13.35586,56.76929],[13.35486,56.76978],[13.35368,56.77035],[13.35319,56.77057],[13.3527,56.7708],[13.35197,56.77114],[13.35197,56.77114],[13.35215,56.77382],[13.35215,56.77385],[13.35213,56.77387],[13.34967,56.77623],[13.34967,56.77623],[13.34967,56.77623],[13.34968,56.77623],[13.35639,56.77723],[13.35639,56.77723],[13.35639,56.77723],[13.35641,56.7767]]]},"properties":{"NVRID":"2064301","NAMN":"Hunnsberget","SKYDDSTYP":"Naturreservat","LAN":"Kronobergs Län","KOMMUN":"Ljungby","IUCNKATEGORI":"IV, Habitat/Artskyddsområde (Habitat/Species Management Area)","FORVALTARE":"Länsstyrelsen i Kronobergs län","AREA_HA":349.865,"URSPR_BESLUTSDATUM":""}},{"type":"Feature","geometry":{"type":"Polygon","coordinates":[[[14.09273,57.03368],[14.09273,57.03368],[14.09273,57.03369],[14.07837,57.04434],[14.07837,57.04434],[14.07837,57.04435],[14.07837,57.04435],[14.07837,57.04435],[14.08794,57.04191],[14.09101,57.04112],[14.10019,57.03488],[14.10019,57.03488],[14.10019,57.03488],[14.09273,57.03368]]]},"properties":{"NVRID":"2002551","NAMN":"Skilsnäs","SKYDDSTYP":"Naturreservat","LAN":"Kronobergs Län","KOMMUN":"Ljungby, Värnamo","IUCNKATEGORI":"IV, Habitat/Artskyddsområde (Habitat/Species Management Area)","FORVALTARE":"Länsstyrelsen i Jönköpings län","AREA_HA":49.337,"URSPR_BESLUTSDATUM":""}},{"type":"Feature","geometry":{"type":"Polygon","coordinates":[[[14.24586,56.80647],[14.24555,56.80593],[14.24555,56.80593],[14.24555,56.80593],[14.24555,56.80593],[14.24554,56.80593],[14.24543,56.80626],[14.24529,56.80667],[14.24465,56.80801],[14.24463,56.80804],[14.24463,56.80805],[14.24463,56.80805],[14.25293,56.80851],[14.25198,56.81102],[14.25177,56.81157],[14.25146,56.81247],[14.25134,56.81282],[14.25119,56.81318],[14.25104,56.81358],[14.25092,56.81391],[14.25079,56.81425],[14.2507,56.81452],[14.25064,56.81477],[14.25053,56.81503],[14.25045,56.81537],[14.25038,56.81567],[14.25036,56.81593],[14.25035,56.81624],[14.25035,56.81654],[14.25035,56.81686],[14.25036,56.81715],[14.25037,56.8176],[14.25035,56.81841],[14.25037,56.81865],[14.25043,56.81895],[14.25067,56.81974],[14.25076,56.82004],[14.25083,56.82028],[14.25112,56.82082],[14.25128,56.82121],[14.2514,56.82145],[14.25143,56.82155],[14.25143,56.82155],[14.25145,56.82155],[14.253,56.82163],[14.25376,56.82163],[14.25461,56.8216],[14.25607,56.82176],[14.25763,56.82172],[14.25997,56.82165],[14.26177,56.82175],[14.26207,56.82171],[14.26271,56.82158],[14.26334,56.82174],[14.26372,56.82183],[14.26422,56.82188],[14.26486,56.82188],[14.26486,56.82188],[14.26486,56.82188],[14.26486,56.82188],[14.2648,56.82162],[14.2648,56.82159],[14.26482,56.82156],[14.26485,56.82152],[14.26505,56.82139],[14.26514,56.82132],[14.26521,56.82124],[14.26531,56.82109],[14.26535,56.82101],[14.2654,56.82093],[14.26544,56.8209],[14.26548,56.82087],[14.26554,56.82085],[14.26561,56.82084],[14.26579,56.82083],[14.26585,56.82081],[14.2659,56.82079],[14.26595,56.82076],[14.26605,56.82067],[14.26608,56.82064],[14.26608,56.82061],[14.26604,56.82054],[14.26601,56.8205],[14.26578,56.82033],[14.26559,56.82022],[14.26559,56.82021],[14.26559,56.82021],[14.2654,56.82009],[14.26533,56.82003],[14.26526,56.81994],[14.26522,56.81985],[14.26522,56.81979],[14.26524,56.81976],[14.26527,56.81974],[14.26531,56.81972],[14.26564,56.81963],[14.26568,56.81961],[14.26571,56.81958],[14.26573,56.81955],[14.26581,56.8193],[14.26586,56.81917],[14.26585,56.81909],[14.26571,56.81871],[14.26571,56.81871],[14.26559,56.81863],[14.26552,56.81855],[14.26549,56.81846],[14.26556,56.81813],[14.26575,56.81784],[14.26573,56.81771],[14.26554,56.81749],[14.26527,56.8173],[14.26515,56.81725],[14.2644,56.81723],[14.2644,56.81723],[14.2643,56.81726],[14.26403,56.81749],[14.26369,56.81764],[14.26357,56.81763],[14.2631,56.81748],[14.26292,56.81731],[14.2616,56.81644],[14.2615,56.81633],[14.26122,56.81616],[14.26113,56.81611],[14.26113,56.81611],[14.26067,56.81606],[14.26065,56.81603],[14.25878,56.81276],[14.25856,56.81238],[14.25856,56.81238],[14.25856,56.81238],[14.25797,56.81243],[14.25796,56.81243],[14.2574,56.81312],[14.25677,56.8132],[14.25622,56.81319],[14.25556,56.81312],[14.25545,56.81311],[14.25594,56.81272],[14.25594,56.81272],[14.25594,56.81272],[14.25594,56.81272],[14.25486,56.81283],[14.25418,56.81249],[14.25418,56.81238],[14.25402,56.81206],[14.25477,56.81204],[14.25523,56.81198],[14.25562,56.81194],[14.25665,56.81146],[14.25679,56.81138],[14.25747,56.81133],[14.25747,56.81133],[14.25747,56.81133],[14.25751,56.81124],[14.25755,56.81103],[14.25759,56.81081],[14.25759,56.81072],[14.25762,56.81056],[14.25778,56.81022],[14.25778,56.81022],[14.25778,56.81022],[14.25778,56.81022],[14.25727,56.81019],[14.25695,56.8098],[14.25669,56.80957],[14.25632,56.80926],[14.2559,56.8089],[14.25674,56.80868],[14.25756,56.80851],[14.25756,56.80851],[14.25756,56.80851],[14.25764,56.8082],[14.25857,56.80815],[14.26275,56.80991],[14.26275,56.80991],[14.26275,56.80991],[14.26275,56.80991],[14.26275,56.80991],[14.26223,56.80588],[14.26216,56.80537],[14.26216,56.80536],[14.26216,56.80536],[14.26216,56.80536],[14.26216,56.80536],[14.26215,56.80537],[14.26126,56.80665],[14.26043,56.80678],[14.26045,56.8067],[14.26042,56.80667],[14.25996,56.80651],[14.25967,56.8062],[14.25946,56.80583],[14.25931,56.80572],[14.25908,56.80568],[14.25891,56.80571],[14.25891,56.80571],[14.25878,56.80582],[14.25856,56.80604],[14.25817,56.80616],[14.25739,56.8064],[14.25722,56.80639],[14.25722,56.80639],[14.25722,56.80639],[14.25719,56.80642],[14.25714,56.80649],[14.25704,56.80653],[14.25704,56.80654],[14.25704,56.80656],[14.25733,56.80685],[14.25744,56.80696],[14.2573,56.80708],[14.2573,56.80708],[14.25764,56.80761],[14.25646,56.80783],[14.25613,56.8073],[14.2554,56.80673],[14.25539,56.80673],[14.25482,56.80666],[14.25372,56.80654],[14.25382,56.80628],[14.25382,56.80628],[14.25368,56.80618],[14.25368,56.80618],[14.25188,56.80633],[14.25188,56.80633],[14.25174,56.80676],[14.25067,56.80701],[14.24912,56.80518],[14.24912,56.80518],[14.24912,56.80518],[14.24912,56.80518],[14.24586,56.80647]],[[14.25313,56.80806],[14.25336,56.80746],[14.25443,56.80759],[14.25414,56.80818],[14.25313,56.80806]]]},"properties":{"NVRID":"2058661","NAMN":"Långhult","SKYDDSTYP":"Naturreservat","LAN":"Kronobergs Län","KOMMUN":"Ljungby","IUCNKATEGORI":"IV, Habitat/Artskyddsområde (Habitat/Species Management Area)","FORVALTARE":"Länsstyrelsen i Kronobergs län","AREA_HA":111.03,"URSPR_BESLUTSDATUM":""}},{"type":"Feature","geometry":{"type":"Polygon","coordinates":[[[15.13783,56.65206],[15.13783,56.65207],[15.13783,56.65207],[15.14074,56.65577],[15.14027,56.65928],[15.14001,56.65951],[15.14006,56.65999],[15.13992,56.66032],[15.13997,56.66202],[15.13997,56.66202],[15.13997,56.66202],[15.1424,56.66263],[15.13991,56.66456],[15.13981,56.66463],[15.13981,56.66463],[15.13981,56.66463],[15.14345,56.66681],[15.14345,56.66681],[15.14346,56.66681],[15.14916,56.66442],[15.1559,56.66157],[15.15666,56.65765],[15.15784,56.65664],[15.15784,56.65663],[15.15704,56.65569],[15.15718,56.65495],[15.15734,56.65448],[15.15754,56.65423],[15.15754,56.65423],[15.15754,56.65423],[15.15733,56.65412],[15.15708,56.65398],[15.15708,56.65398],[15.15301,56.6542],[15.15045,56.65298],[15.15044,56.65298],[15.15044,56.65298],[15.15044,56.65298],[15.15044,56.65298],[15.14949,56.65489],[15.14932,56.65524],[15.14831,56.65554],[15.14831,56.65554],[15.14821,56.65596],[15.14747,56.65594],[15.14325,56.65396],[15.14627,56.65167],[15.14627,56.65167],[15.14627,56.65167],[15.14411,56.65123],[15.14585,56.64858],[15.14585,56.64858],[15.14585,56.64858],[15.14585,56.64858],[15.13957,56.64808],[15.13957,56.64808],[15.13957,56.64808],[15.13957,56.64808],[15.1409,56.65014],[15.13783,56.65206]]]},"properties":{"NVRID":"2002581","NAMN":"Ljuva mon","SKYDDSTYP":"Naturreservat","LAN":"Kronobergs Län","KOMMUN":"Tingsryd","IUCNKATEGORI":"III, Naturmonument (Natural Monument)","FORVALTARE":"Svenska Kyrkan","AREA_HA":132.588,"URSPR_BESLUTSDATUM":""}},{"type":"Feature","geometry":{"type":"MultiPolygon","coordinates":[[[[13.86876,56.4428],[13.86876,56.4428],[13.86876,56.4428],[13.86847,56.44331],[13.86847,56.44331],[13.86847,56.44331],[13.8692,56.44345],[13.87065,56.44373],[13.87065,56.44373],[13.87065,56.44373],[13.87099,56.44303],[13.87117,56.44286],[13.87117,56.44286],[13.87117,56.44286],[13.87061,56.44264],[13.87061,56.44264],[13.87038,56.44262],[13.86876,56.4428]]],[[[13.86748,56.44743],[13.86784,56.44757],[13.86812,56.44759],[13.86883,56.44751],[13.86886,56.44757],[13.86857,56.44841],[13.86857,56.44841],[13.86857,56.44841],[13.86892,56.44847],[13.86894,56.4489],[13.86894,56.4489],[13.86911,56.44906],[13.86925,56.44919],[13.86986,56.44946],[13.86987,56.44946],[13.87056,56.44927],[13.87095,56.44949],[13.87137,56.44973],[13.87141,56.44979],[13.87151,56.45024],[13.87151,56.45024],[13.87151,56.45024],[13.87151,56.45024],[13.87263,56.45008],[13.87398,56.4498],[13.87417,56.45017],[13.87227,56.45044],[13.87227,56.45044],[13.87227,56.45044],[13.87227,56.45044],[13.87243,56.45076],[13.87202,56.45119],[13.87189,56.45142],[13.87183,56.45145],[13.87088,56.45128],[13.8705,56.45117],[13.87032,56.45115],[13.87006,56.45121],[13.86962,56.45153],[13.86926,56.45179],[13.86898,56.45192],[13.86898,56.45192],[13.86898,56.45192],[13.8693,56.45242],[13.86931,56.45242],[13.86931,56.45242],[13.87148,56.45198],[13.87158,56.45206],[13.87187,56.45221],[13.87194,56.45231],[13.87201,56.45267],[13.87201,56.45267],[13.87219,56.45283],[13.87244,56.45302],[13.87276,56.45323],[13.87277,56.45323],[13.87277,56.45323],[13.87296,56.4532],[13.87817,56.45221],[13.87946,56.45349],[13.87946,56.45349],[13.87946,56.45349],[13.8819,56.45325],[13.8819,56.45325],[13.8819,56.45325],[13.88138,56.4516],[13.88374,56.45115],[13.88403,56.45113],[13.88486,56.45135],[13.88536,56.45179],[13.88602,56.45205],[13.88611,56.45225],[13.88618,56.45262],[13.88643,56.45288],[13.88654,56.453],[13.88654,56.453],[13.88654,56.453],[13.88698,56.453],[13.88698,56.45299],[13.89001,56.45152],[13.89001,56.45152],[13.88986,56.45103],[13.88974,56.45067],[13.88961,56.45033],[13.8895,56.44999],[13.88916,56.44952],[13.88881,56.44907],[13.88847,56.44873],[13.88808,56.44838],[13.88776,56.44815],[13.88746,56.44797],[13.88697,56.44767],[13.88662,56.44743],[13.88622,56.44719],[13.88586,56.44698],[13.88564,56.44685],[13.88536,56.44663],[13.88489,56.44617],[13.88455,56.44582],[13.88428,56.44548],[13.88403,56.44522],[13.88393,56.44514],[13.8837,56.44498],[13.88337,56.4448],[13.88293,56.44452],[13.88273,56.44436],[13.88242,56.44403],[13.88222,56.44383],[13.88203,56.44367],[13.88183,56.44358],[13.88152,56.44346],[13.88135,56.44334],[13.88125,56.44316],[13.88108,56.44287],[13.8809,56.44267],[13.88064,56.44243],[13.88047,56.44221],[13.88045,56.44209],[13.8805,56.44178],[13.88064,56.44124],[13.8807,56.4411],[13.88074,56.44086],[13.88074,56.44086],[13.88058,56.44067],[13.88058,56.44067],[13.88058,56.44067],[13.88026,56.44071],[13.8788,56.44105],[13.87834,56.44116],[13.87805,56.44116],[13.87789,56.44105],[13.87789,56.44105],[13.87789,56.44105],[13.87067,56.44212],[13.87067,56.44212],[13.87067,56.44212],[13.87073,56.44245],[13.87073,56.44245],[13.87073,56.44245],[13.8727,56.44264],[13.87301,56.44364],[13.87206,56.44376],[13.87127,56.44385],[13.87127,56.44385],[13.87127,56.44385],[13.87127,56.44385],[13.87127,56.44385],[13.87369,56.44432],[13.87474,56.44452],[13.87452,56.44454],[13.87292,56.44482],[13.86421,56.44628],[13.86421,56.44628],[13.86402,56.44652],[13.86377,56.44683],[13.86372,56.44688],[13.86351,56.44702],[13.8628,56.44741],[13.86232,56.44762],[13.86223,56.44768],[13.86219,56.44775],[13.86218,56.4478],[13.86219,56.44788],[13.86231,56.44815],[13.86231,56.44815],[13.86231,56.44815],[13.86748,56.44743]],[[13.8701,56.44599],[13.87013,56.44594],[13.87091,56.44583],[13.87121,56.44604],[13.87223,56.44675],[13.87195,56.44682],[13.87141,56.44689],[13.87101,56.44662],[13.8701,56.44599]]]]},"properties":{"NVRID":"2048208","NAMN":"Hallaböke","SKYDDSTYP":"Naturreservat","LAN":"Kronobergs Län","KOMMUN":"Osby, Älmhult","IUCNKATEGORI":"IV, Habitat/Artskyddsområde (Habitat/Species Management Area)","FORVALTARE":"Länsstyrelsen i Kronobergs län","AREA_HA":121.207,"URSPR_BESLUTSDATUM":""}},{"type":"Feature","geometry":{"type":"Polygon","coordinates":[[[14.78435,56.98348],[14.78938,56.98475],[14.78939,56.98475],[14.78939,56.98475],[14.79784,56.97008],[14.80318,56.97075],[14.80319,56.97075],[14.80319,56.97075],[14.80319,56.97075],[14.80838,56.96152],[14.82467,56.94061],[14.82467,56.94061],[14.82467,56.94061],[14.81409,56.93815],[14.81409,56.93815],[14.81409,56.93815],[14.80667,56.9417],[14.80564,56.9411],[14.80564,56.9411],[14.80564,56.9411],[14.80453,56.94142],[14.80409,56.94103],[14.804,56.94095],[14.804,56.94094],[14.80399,56.94094],[14.80335,56.94105],[14.80321,56.94107],[14.80297,56.94093],[14.80289,56.94088],[14.80277,56.94052],[14.80277,56.94052],[14.80277,56.94052],[14.80333,56.94034],[14.80337,56.94033],[14.80337,56.94033],[14.80322,56.9397],[14.80322,56.9397],[14.80322,56.9397],[14.80129,56.9403],[14.80091,56.94066],[14.80078,56.94078],[14.80059,56.94096],[14.80044,56.94111],[14.8005,56.94147],[14.8004,56.94173],[14.80025,56.94186],[14.79929,56.9417],[14.79866,56.94174],[14.79653,56.9419],[14.79653,56.9419],[14.79489,56.94283],[14.79364,56.94284],[14.78945,56.9431],[14.78945,56.9431],[14.78945,56.94311],[14.78914,56.94378],[14.78483,56.95266],[14.78676,56.9555],[14.78676,56.9555],[14.79159,56.95626],[14.79153,56.95812],[14.78892,56.96176],[14.78849,56.96393],[14.78834,56.96417],[14.78834,56.96417],[14.78834,56.96417],[14.79056,56.9652],[14.79,56.96639],[14.78964,56.96664],[14.78631,56.96757],[14.78631,56.96757],[14.78572,56.96858],[14.78381,56.97197],[14.78243,56.97443],[14.78316,56.9789],[14.78249,56.9819],[14.78289,56.98266],[14.7829,56.98266],[14.78435,56.98348]]]},"properties":{"NVRID":"2002397","NAMN":"Hissö","SKYDDSTYP":"Naturreservat","LAN":"Kronobergs Län","KOMMUN":"Växjö","IUCNKATEGORI":"Ia, Strikt naturreservat (Strict Nature Reserve)","FORVALTARE":"Länsstyrelsen i Kronobergs län","AREA_HA":604.567,"URSPR_BESLUTSDATUM":""}},{"type":"Feature","geometry":{"type":"Polygon","coordinates":[[[15.01921,57.06676],[15.0192,57.06676],[15.0192,57.06676],[15.0192,57.06676],[15.0192,57.06676],[15.01966,57.06725],[15.02031,57.06803],[15.02086,57.06833],[15.02122,57.06864],[15.02132,57.06884],[15.02138,57.06915],[15.02153,57.06961],[15.02163,57.07005],[15.02169,57.07039],[15.02218,57.07118],[15.02229,57.07141],[15.02244,57.07229],[15.02195,57.07282],[15.02195,57.07282],[15.02195,57.07282],[15.02248,57.07303],[15.0226,57.07314],[15.02261,57.0733],[15.02252,57.07357],[15.02236,57.07381],[15.022,57.07403],[15.0213,57.07441],[15.02099,57.07459],[15.02074,57.07489],[15.02062,57.07518],[15.02061,57.07556],[15.02076,57.07593],[15.02105,57.0764],[15.02087,57.07671],[15.02048,57.07711],[15.02048,57.07711],[15.02048,57.07711],[15.02061,57.07717],[15.02065,57.07726],[15.02055,57.07752],[15.0204,57.07778],[15.0204,57.07778],[15.0204,57.07778],[15.0204,57.07778],[15.0204,57.07778],[15.02053,57.07776],[15.02066,57.07775],[15.02066,57.07775],[15.02072,57.07772],[15.02092,57.07755],[15.02136,57.07694],[15.02191,57.07623],[15.02217,57.07593],[15.02228,57.07579],[15.02253,57.07564],[15.02281,57.07543],[15.02323,57.07524],[15.02323,57.07524],[15.02332,57.07504],[15.02321,57.07483],[15.02306,57.07467],[15.02301,57.07445],[15.02303,57.07421],[15.02335,57.07342],[15.02345,57.07311],[15.02353,57.07271],[15.0235,57.07225],[15.02341,57.07179],[15.02332,57.07145],[15.02333,57.07133],[15.02354,57.07125],[15.02381,57.07117],[15.02396,57.0712],[15.02399,57.07126],[15.02412,57.0713],[15.02413,57.0713],[15.02413,57.0713],[15.02422,57.07125],[15.02422,57.07125],[15.02423,57.0712],[15.02429,57.07108],[15.02429,57.07108],[15.02418,57.071],[15.0239,57.07074],[15.02363,57.07047],[15.02356,57.07028],[15.02371,57.07003],[15.02392,57.06982],[15.02423,57.06968],[15.02458,57.0696],[15.02492,57.06955],[15.02528,57.06954],[15.02546,57.06967],[15.02564,57.06985],[15.02592,57.07002],[15.02592,57.07002],[15.02619,57.07007],[15.02658,57.07007],[15.02695,57.07006],[15.02754,57.0701],[15.02795,57.07017],[15.02846,57.07023],[15.02858,57.07034],[15.02853,57.07041],[15.02855,57.07048],[15.02846,57.07058],[15.0284,57.07075],[15.02834,57.07084],[15.02821,57.07096],[15.02814,57.07106],[15.02812,57.07121],[15.02805,57.07124],[15.02805,57.07124],[15.02803,57.07138],[15.02795,57.0715],[15.02789,57.07165],[15.02789,57.07165],[15.02806,57.07181],[15.02816,57.07191],[15.0282,57.07205],[15.02826,57.0722],[15.02826,57.0722],[15.02826,57.0722],[15.02842,57.07219],[15.02842,57.07219],[15.02854,57.07213],[15.029,57.07183],[15.02924,57.07174],[15.02942,57.07177],[15.02951,57.07188],[15.02951,57.07208],[15.02939,57.07221],[15.02925,57.07221],[15.02911,57.07222],[15.02911,57.07222],[15.02911,57.07222],[15.02906,57.07236],[15.02909,57.07252],[15.02925,57.07261],[15.02925,57.07261],[15.02958,57.07263],[15.02993,57.07267],[15.0302,57.07267],[15.03037,57.07279],[15.03026,57.07293],[15.03012,57.07295],[15.03011,57.07295],[15.03007,57.07305],[15.03007,57.07305],[15.03025,57.07316],[15.03043,57.07331],[15.03044,57.07331],[15.03061,57.07333],[15.03083,57.0733],[15.03111,57.07328],[15.03134,57.07334],[15.03148,57.07347],[15.03144,57.07358],[15.03133,57.07363],[15.03127,57.07367],[15.03127,57.07367],[15.03131,57.07371],[15.03131,57.07371],[15.03149,57.07374],[15.03164,57.07379],[15.03181,57.07402],[15.03173,57.07417],[15.03173,57.07417],[15.03194,57.07441],[15.03195,57.07456],[15.03192,57.07463],[15.03198,57.07476],[15.03198,57.07497],[15.03192,57.07517],[15.03182,57.07529],[15.03183,57.07538],[15.03183,57.07538],[15.03196,57.07541],[15.03217,57.07541],[15.03218,57.07541],[15.03229,57.07536],[15.03229,57.07536],[15.03231,57.07525],[15.03241,57.07511],[15.0328,57.07487],[15.03323,57.07468],[15.03351,57.07452],[15.03385,57.07406],[15.03407,57.0738],[15.03422,57.07373],[15.03434,57.07379],[15.03445,57.07385],[15.03464,57.0739],[15.03472,57.07398],[15.03462,57.07409],[15.03456,57.07422],[15.03455,57.07445],[15.03466,57.07457],[15.03466,57.07457],[15.03466,57.07457],[15.03466,57.07457],[15.03483,57.07453],[15.03483,57.07453],[15.03509,57.07428],[15.03519,57.07411],[15.03519,57.07411],[15.03509,57.07394],[15.03502,57.07384],[15.03507,57.07378],[15.03516,57.07375],[15.03522,57.07372],[15.03522,57.07372],[15.03519,57.07364],[15.03519,57.07364],[15.03504,57.07358],[15.03493,57.07358],[15.03473,57.07363],[15.03465,57.07362],[15.03461,57.07357],[15.03462,57.07348],[15.03479,57.07334],[15.03508,57.07313],[15.0351,57.07302],[15.03506,57.07296],[15.03506,57.07288],[15.03518,57.07279],[15.03536,57.07256],[15.03554,57.07215],[15.03567,57.07204],[15.03574,57.07192],[15.0357,57.07157],[15.03563,57.07137],[15.03569,57.07105],[15.03562,57.0709],[15.03552,57.07072],[15.03546,57.07058],[15.03553,57.07033],[15.03551,57.07009],[15.03542,57.06987],[15.03533,57.06973],[15.03531,57.06958],[15.03543,57.0695],[15.03562,57.0694],[15.03572,57.06926],[15.03572,57.06908],[15.03565,57.06893],[15.03561,57.06878],[15.0357,57.06864],[15.03575,57.0685],[15.03575,57.0685],[15.03561,57.06837],[15.03558,57.06826],[15.03575,57.06816],[15.03611,57.06802],[15.0364,57.06781],[15.03663,57.06752],[15.03671,57.06717],[15.03671,57.06717],[15.03648,57.06681],[15.03645,57.0666],[15.03634,57.06643],[15.03625,57.06639],[15.03628,57.0663],[15.03636,57.06632],[15.03651,57.0663],[15.03652,57.0663],[15.03656,57.06622],[15.03651,57.06613],[15.03643,57.06604],[15.03648,57.06592],[15.03644,57.06579],[15.03636,57.06571],[15.03644,57.06559],[15.03708,57.06523],[15.03719,57.06504],[15.03723,57.06466],[15.03711,57.06449],[15.03709,57.06438],[15.03703,57.06426],[15.03696,57.06415],[15.03707,57.0641],[15.03744,57.06407],[15.03762,57.06411],[15.03774,57.06439],[15.03785,57.06444],[15.03785,57.06444],[15.03785,57.06444],[15.03803,57.06438],[15.03803,57.06438],[15.03813,57.06423],[15.03823,57.06412],[15.03842,57.064],[15.03873,57.06387],[15.03873,57.06387],[15.03873,57.06387],[15.03873,57.06387],[15.03873,57.06387],[15.03589,57.06359],[15.03407,57.06342],[15.03293,57.06331],[15.03118,57.06236],[15.0291,57.06124],[15.03028,57.06019],[15.03116,57.05956],[15.03116,57.05956],[15.03116,57.05956],[15.02979,57.05877],[15.02979,57.05877],[15.0271,57.05894],[15.02666,57.05742],[15.02666,57.05742],[15.02666,57.05742],[15.0239,57.05722],[15.02389,57.05722],[15.02389,57.05722],[15.02399,57.05828],[15.02446,57.05863],[15.02442,57.05924],[15.02424,57.05983],[15.02416,57.06004],[15.02382,57.06018],[15.02374,57.06035],[15.02378,57.06052],[15.02392,57.06073],[15.02397,57.06092],[15.02394,57.06106],[15.02392,57.06122],[15.02381,57.06135],[15.0237,57.06149],[15.02371,57.06164],[15.02385,57.06183],[15.02396,57.06194],[15.02403,57.06207],[15.02397,57.06227],[15.02397,57.06241],[15.02395,57.06259],[15.02425,57.06288],[15.02452,57.06303],[15.02477,57.06316],[15.0249,57.06329],[15.02502,57.06353],[15.02497,57.06383],[15.02494,57.06386],[15.02494,57.06386],[15.02539,57.06449],[15.02471,57.0651],[15.02405,57.06511],[15.02406,57.06394],[15.02406,57.06394],[15.02406,57.06394],[15.02406,57.06394],[15.02406,57.06394],[15.02129,57.0642],[15.02128,57.0642],[15.02128,57.0642],[15.02134,57.06434],[15.02145,57.06467],[15.0215,57.06481],[15.02157,57.06499],[15.02161,57.06511],[15.02162,57.06513],[15.02171,57.06539],[15.02172,57.06542],[15.02184,57.06576],[15.02185,57.0658],[15.02193,57.066],[15.02198,57.06617],[15.02202,57.06626],[15.02205,57.06635],[15.0221,57.06647],[15.02212,57.06652],[15.02168,57.06656],[15.02133,57.06659],[15.02095,57.06661],[15.02062,57.06665],[15.02058,57.06665],[15.01963,57.06672],[15.01941,57.06674],[15.01921,57.06676]],[[15.03064,57.06353],[15.03098,57.06308],[15.03164,57.06337],[15.03128,57.06376],[15.03064,57.06353]],[[15.02867,57.06235],[15.02941,57.06231],[15.02991,57.06284],[15.0297,57.06293],[15.0293,57.06306],[15.02882,57.06318],[15.02879,57.06312],[15.02867,57.06235]],[[15.02482,57.06614],[15.02546,57.06538],[15.02546,57.06538],[15.02546,57.06538],[15.02517,57.0653],[15.02603,57.06467],[15.0263,57.06489],[15.0263,57.06489],[15.0263,57.06489],[15.02686,57.06478],[15.02715,57.06482],[15.02715,57.06482],[15.02715,57.06482],[15.0274,57.06441],[15.02786,57.06449],[15.02766,57.0649],[15.02766,57.0649],[15.02766,57.0649],[15.02835,57.06501],[15.02816,57.06541],[15.02773,57.06553],[15.02773,57.06553],[15.02644,57.06665],[15.02482,57.06614]]]},"properties":{"NVRID":"2002557","NAMN":"Braås Park","SKYDDSTYP":"Naturreservat","LAN":"Kronobergs Län","KOMMUN":"Växjö","IUCNKATEGORI":"0, Områden som ej kan klassificeras enligt IUCN: s system.","FORVALTARE":"Växjö kommun","AREA_HA":109.733,"URSPR_BESLUTSDATUM":""}},{"type":"Feature","geometry":{"type":"Polygon","coordinates":[[[15.24087,56.87035],[15.23742,56.87016],[15.23397,56.87065],[15.23257,56.8711],[15.23257,56.8711],[15.23252,56.87136],[15.2324,56.87174],[15.23223,56.87203],[15.23194,56.87237],[15.23137,56.87287],[15.23118,56.87304],[15.23118,56.87304],[15.23152,56.8737],[15.23165,56.87395],[15.23184,56.8743],[15.23208,56.87471],[15.23245,56.87525],[15.23253,56.87533],[15.23254,56.87533],[15.23262,56.87536],[15.2328,56.87538],[15.23318,56.87542],[15.23371,56.87549],[15.23409,56.87558],[15.23442,56.8757],[15.23486,56.87589],[15.2354,56.87616],[15.23622,56.87656],[15.2366,56.8767],[15.23704,56.87686],[15.23757,56.87702],[15.23823,56.87726],[15.23875,56.87741],[15.23923,56.87748],[15.23999,56.87755],[15.2409,56.87763],[15.24158,56.87775],[15.24236,56.87795],[15.24296,56.87809],[15.24333,56.87815],[15.24383,56.87815],[15.24432,56.87811],[15.24485,56.87799],[15.24542,56.87782],[15.24608,56.87767],[15.24663,56.87763],[15.24728,56.87765],[15.24807,56.87776],[15.24898,56.87784],[15.2497,56.87779],[15.25054,56.87771],[15.25129,56.87764],[15.25179,56.8776],[15.25218,56.87755],[15.25236,56.87752],[15.25288,56.87736],[15.25313,56.87722],[15.25354,56.87697],[15.25385,56.87682],[15.25422,56.87662],[15.2547,56.87642],[15.25503,56.87624],[15.25541,56.87585],[15.25559,56.87571],[15.25583,56.87559],[15.2559,56.87551],[15.25794,56.87277],[15.25923,56.87287],[15.25923,56.87287],[15.2604,56.87266],[15.2612,56.8723],[15.26344,56.87243],[15.26344,56.87243],[15.26344,56.87243],[15.26314,56.87097],[15.26305,56.87056],[15.26293,56.87001],[15.26278,56.86973],[15.26253,56.86946],[15.26222,56.8692],[15.26147,56.86875],[15.26038,56.86804],[15.26015,56.86788],[15.26001,56.86769],[15.25991,56.86749],[15.25989,56.86731],[15.25989,56.86731],[15.25989,56.86731],[15.25989,56.86731],[15.25953,56.86737],[15.25851,56.8676],[15.25844,56.86762],[15.258,56.86772],[15.25783,56.86777],[15.25746,56.86796],[15.25633,56.86476],[15.25633,56.86476],[15.25633,56.86476],[15.25577,56.86467],[15.25509,56.86455],[15.25472,56.86451],[15.2543,56.86455],[15.25408,56.86461],[15.25394,56.86469],[15.2536,56.86497],[15.25332,56.86516],[15.25295,56.86531],[15.25229,56.86554],[15.25229,56.86554],[15.2513,56.86718],[15.24816,56.8685],[15.24755,56.8684],[15.24587,56.86819],[15.24587,56.86819],[15.24234,56.86916],[15.24087,56.87035]]]},"properties":{"NVRID":"2014776","NAMN":"Hedasjön","SKYDDSTYP":"Naturreservat","LAN":"Kronobergs Län","KOMMUN":"Uppvidinge","IUCNKATEGORI":"Ia, Strikt naturreservat (Strict Nature Reserve)","FORVALTARE":"Länsstyrelsen i Kronobergs län","AREA_HA":165.074,"URSPR_BESLUTSDATUM":""}},{"type":"Feature","geometry":{"type":"Polygon","coordinates":[[[14.11721,56.57256],[14.11766,56.57225],[14.11819,56.57216],[14.11853,56.57234],[14.11853,56.57234],[14.12135,56.57243],[14.12175,56.57264],[14.12175,56.57264],[14.12175,56.57264],[14.12213,56.57246],[14.12295,56.57177],[14.12327,56.57171],[14.12327,56.5718],[14.12317,56.57214],[14.12272,56.57261],[14.12263,56.57265],[14.12263,56.57265],[14.12219,56.57316],[14.1216,56.57377],[14.1216,56.57377],[14.1216,56.57378],[14.12163,56.57379],[14.12163,56.57379],[14.12163,56.57379],[14.12221,56.57374],[14.12221,56.57374],[14.12307,56.57304],[14.12386,56.57221],[14.12398,56.57209],[14.12398,56.57209],[14.12398,56.57202],[14.12398,56.57188],[14.124,56.5718],[14.12405,56.57177],[14.12409,56.57169],[14.12412,56.57158],[14.12415,56.57147],[14.12415,56.57147],[14.12415,56.57147],[14.12415,56.57147],[14.12271,56.57172],[14.12256,56.57174],[14.12162,56.572],[14.11906,56.57212],[14.11668,56.57211],[14.11668,56.57211],[14.11603,56.57256],[14.11603,56.57256],[14.11665,56.57383],[14.11703,56.5746],[14.11723,56.57501],[14.11767,56.57588],[14.11767,56.57588],[14.11885,56.57612],[14.11944,56.57675],[14.11979,56.5771],[14.12082,56.57748],[14.12082,56.57748],[14.12182,56.5775],[14.12419,56.57803],[14.12419,56.57803],[14.12419,56.57803],[14.12428,56.57795],[14.12428,56.57787],[14.12428,56.57787],[14.12414,56.57779],[14.12407,56.57772],[14.12412,56.57745],[14.12407,56.57736],[14.12407,56.57736],[14.12391,56.57734],[14.12333,56.57732],[14.12254,56.57705],[14.12247,56.57652],[14.12247,56.57652],[14.12247,56.57652],[14.1219,56.57644],[14.1219,56.57644],[14.12099,56.57693],[14.11997,56.57662],[14.11952,56.57608],[14.11922,56.5755],[14.11936,56.57486],[14.11874,56.57445],[14.11871,56.57434],[14.11872,56.57421],[14.11877,56.57405],[14.11883,56.57381],[14.11885,56.57361],[14.11886,56.5734],[14.11882,56.57328],[14.11878,56.57316],[14.11869,56.57306],[14.1186,56.57298],[14.11852,56.57293],[14.11851,56.57292],[14.1183,56.57288],[14.11721,56.57256]],[[14.11722,56.57455],[14.11798,56.5743],[14.11809,56.57477],[14.11743,56.57495],[14.11722,56.57455]]]},"properties":{"NVRID":"2025827","NAMN":"Hökhult","SKYDDSTYP":"Naturreservat","LAN":"Kronobergs Län","KOMMUN":"Älmhult","IUCNKATEGORI":"IV, Habitat/Artskyddsområde (Habitat/Species Management Area)","FORVALTARE":"Länsstyrelsen i Kronobergs län","AREA_HA":9.596,"URSPR_BESLUTSDATUM":""}},{"type":"Feature","geometry":{"type":"Polygon","coordinates":[[[14.59672,56.70219],[14.59678,56.70239],[14.59695,56.70274],[14.59727,56.70319],[14.59763,56.70348],[14.59796,56.70376],[14.59827,56.70407],[14.59859,56.70419],[14.59905,56.70443],[14.59923,56.70453],[14.59933,56.70487],[14.59931,56.70508],[14.59931,56.70508],[14.59931,56.70508],[14.59931,56.70508],[14.60173,56.70488],[14.60173,56.70488],[14.60173,56.70488],[14.60173,56.70488],[14.60172,56.70482],[14.60169,56.70473],[14.60169,56.7047],[14.60161,56.70464],[14.60146,56.70458],[14.60139,56.70454],[14.60135,56.70447],[14.60138,56.70445],[14.60146,56.70445],[14.60148,56.70446],[14.60149,56.70448],[14.60151,56.70454],[14.60152,56.70454],[14.60158,56.70455],[14.60158,56.70455],[14.60158,56.70455],[14.60159,56.70448],[14.60153,56.70441],[14.60151,56.70435],[14.60142,56.70431],[14.60137,56.70424],[14.60138,56.7042],[14.60138,56.70412],[14.60136,56.70407],[14.60129,56.70403],[14.60116,56.70394],[14.60104,56.7039],[14.6009,56.70378],[14.60063,56.70366],[14.60035,56.70358],[14.60023,56.70351],[14.60015,56.7034],[14.60014,56.70328],[14.6001,56.7032],[14.59997,56.7031],[14.59982,56.70294],[14.59973,56.70285],[14.59972,56.70273],[14.59966,56.70268],[14.59966,56.70262],[14.59961,56.70254],[14.59952,56.70249],[14.59941,56.70247],[14.59941,56.70247],[14.59931,56.70252],[14.59926,56.70258],[14.59918,56.70257],[14.59911,56.70252],[14.59907,56.70232],[14.59911,56.70227],[14.59921,56.70222],[14.59929,56.70213],[14.59931,56.70207],[14.5993,56.70201],[14.59921,56.70189],[14.59918,56.70185],[14.59917,56.7018],[14.59913,56.70176],[14.5991,56.7017],[14.59911,56.70167],[14.59906,56.70163],[14.59903,56.70159],[14.59901,56.70151],[14.5989,56.70139],[14.59874,56.7013],[14.59872,56.70125],[14.59877,56.70118],[14.59885,56.70109],[14.59885,56.70109],[14.59882,56.70103],[14.59887,56.70091],[14.59895,56.70091],[14.59895,56.70091],[14.59908,56.70085],[14.59926,56.70075],[14.59933,56.70066],[14.59935,56.7006],[14.59934,56.70054],[14.59935,56.70048],[14.59937,56.70043],[14.59937,56.70043],[14.59935,56.7004],[14.59934,56.7004],[14.59924,56.70038],[14.59916,56.70036],[14.59913,56.70026],[14.59914,56.70018],[14.59917,56.70013],[14.59926,56.70012],[14.59933,56.7001],[14.59934,56.7001],[14.59938,56.70005],[14.59938,56.69996],[14.59936,56.69992],[14.59939,56.69985],[14.59945,56.69982],[14.59945,56.69982],[14.59943,56.69973],[14.59939,56.69966],[14.59941,56.69961],[14.59947,56.69953],[14.59954,56.69948],[14.59954,56.69948],[14.59952,56.69944],[14.59942,56.69938],[14.59953,56.69929],[14.5996,56.69926],[14.59966,56.69929],[14.59971,56.69932],[14.59971,56.69932],[14.59971,56.69932],[14.59984,56.69931],[14.59995,56.69928],[14.60003,56.69921],[14.60007,56.69911],[14.60005,56.69907],[14.60008,56.69901],[14.60015,56.69897],[14.60015,56.69897],[14.60012,56.69892],[14.60014,56.69886],[14.60023,56.69885],[14.60023,56.69885],[14.60023,56.69885],[14.60021,56.69875],[14.60033,56.69868],[14.60055,56.69863],[14.6007,56.69858],[14.6007,56.69858],[14.60077,56.6985],[14.60078,56.69841],[14.60083,56.69838],[14.6009,56.69832],[14.60097,56.69823],[14.60097,56.69823],[14.60095,56.69814],[14.60093,56.69809],[14.60093,56.69809],[14.60083,56.69808],[14.60076,56.69807],[14.60076,56.69807],[14.60076,56.69807],[14.60072,56.69811],[14.60069,56.69816],[14.60069,56.69823],[14.60064,56.69823],[14.60058,56.69821],[14.60059,56.69812],[14.60062,56.69804],[14.60074,56.69803],[14.60091,56.69802],[14.60099,56.69799],[14.60108,56.69792],[14.60111,56.69785],[14.60107,56.69777],[14.60102,56.69772],[14.60103,56.69765],[14.60104,56.6976],[14.60115,56.69758],[14.60125,56.69753],[14.60125,56.69753],[14.6013,56.69742],[14.60129,56.69735],[14.60133,56.69727],[14.60144,56.69719],[14.60153,56.69714],[14.60163,56.69713],[14.60174,56.6971],[14.60181,56.69705],[14.60188,56.69699],[14.60195,56.6969],[14.60194,56.69686],[14.60193,56.69686],[14.60188,56.69685],[14.60193,56.69674],[14.602,56.69672],[14.602,56.69672],[14.60209,56.69658],[14.6022,56.69648],[14.60234,56.69641],[14.60246,56.69635],[14.60259,56.69637],[14.60265,56.69639],[14.60274,56.69642],[14.60283,56.6965],[14.603,56.69658],[14.603,56.69658],[14.60315,56.69658],[14.60321,56.69655],[14.60345,56.69647],[14.60357,56.69634],[14.60378,56.69628],[14.60398,56.69634],[14.60398,56.69634],[14.60398,56.69634],[14.60414,56.69624],[14.60426,56.69613],[14.60426,56.69606],[14.60423,56.69593],[14.60423,56.69593],[14.6041,56.69589],[14.60392,56.69586],[14.60375,56.69587],[14.60381,56.69576],[14.60381,56.69563],[14.604,56.69558],[14.60419,56.69557],[14.60425,56.69555],[14.60425,56.69554],[14.60425,56.69554],[14.60425,56.69554],[14.60329,56.69534],[14.6028,56.69525],[14.60254,56.6952],[14.6027,56.69485],[14.6027,56.69485],[14.60237,56.69459],[14.60177,56.69443],[14.60194,56.69422],[14.60194,56.69422],[14.60194,56.69422],[14.60194,56.69422],[14.60149,56.69409],[14.60186,56.6937],[14.60213,56.69342],[14.60213,56.69342],[14.60213,56.69342],[14.60138,56.69321],[14.60016,56.69286],[14.60035,56.69266],[14.60054,56.69246],[14.60111,56.69186],[14.60126,56.69191],[14.60126,56.69191],[14.60127,56.69191],[14.60161,56.69155],[14.6034,56.69207],[14.60344,56.69208],[14.60344,56.69208],[14.6035,56.69205],[14.6035,56.69205],[14.60401,56.69149],[14.60418,56.69129],[14.60449,56.69094],[14.60449,56.69094],[14.60449,56.69094],[14.60241,56.69019],[14.60181,56.68996],[14.60163,56.6899],[14.60157,56.68989],[14.60157,56.68989],[14.60147,56.68993],[14.60098,56.69022],[14.60064,56.69041],[14.59965,56.69099],[14.59921,56.69126],[14.59901,56.69139],[14.59886,56.69154],[14.59875,56.69168],[14.59868,56.69177],[14.59868,56.69178],[14.59867,56.69181],[14.59853,56.69213],[14.59845,56.69245],[14.5984,56.69265],[14.59835,56.6929],[14.59809,56.69389],[14.59806,56.69399],[14.59793,56.69439],[14.59788,56.69464],[14.59784,56.69485],[14.59783,56.69488],[14.59783,56.69488],[14.59783,56.69488],[14.59821,56.69495],[14.59869,56.69509],[14.59874,56.69518],[14.59878,56.69528],[14.59877,56.69537],[14.59879,56.69541],[14.59879,56.69541],[14.59879,56.69541],[14.59925,56.6955],[14.59971,56.69562],[14.60043,56.6956],[14.601,56.69562],[14.60109,56.69565],[14.60141,56.69573],[14.60203,56.69587],[14.6021,56.6959],[14.60231,56.69607],[14.60241,56.69623],[14.6023,56.69628],[14.60207,56.69621],[14.60207,56.69621],[14.60207,56.69621],[14.60113,56.69718],[14.60033,56.69704],[14.60033,56.69704],[14.60033,56.69704],[14.59984,56.69762],[14.59936,56.69821],[14.59927,56.69815],[14.59931,56.6981],[14.59931,56.6981],[14.59931,56.6981],[14.5988,56.69792],[14.59841,56.69777],[14.59807,56.69761],[14.59748,56.69739],[14.59719,56.69725],[14.59701,56.69716],[14.59676,56.69707],[14.59643,56.69696],[14.59615,56.69683],[14.59605,56.69677],[14.59605,56.69677],[14.59605,56.69677],[14.59595,56.69686],[14.59569,56.69709],[14.59558,56.69718],[14.59548,56.69729],[14.59542,56.69736],[14.59539,56.6974],[14.59529,56.69756],[14.59523,56.69769],[14.5952,56.69781],[14.59518,56.69792],[14.59517,56.69806],[14.59519,56.69825],[14.59524,56.69849],[14.59532,56.6988],[14.59537,56.69902],[14.59543,56.69929],[14.59546,56.69944],[14.59546,56.69955],[14.59545,56.69961],[14.59545,56.69961],[14.59767,56.70042],[14.59777,56.70047],[14.59722,56.70128],[14.59666,56.70209],[14.59661,56.70216],[14.59661,56.70216],[14.59661,56.70216],[14.59672,56.70219]],[[14.6013,56.70453],[14.60132,56.70454],[14.60134,56.70456],[14.6013,56.70453]]]},"properties":{"NVRID":"2031310","NAMN":"Torne bokskog","SKYDDSTYP":"Naturreservat","LAN":"Kronobergs Län","KOMMUN":"Alvesta","IUCNKATEGORI":"IV, Habitat/Artskyddsområde (Habitat/Species Management Area)","FORVALTARE":"Länsstyrelsen i Kronobergs län","AREA_HA":31.576,"URSPR_BESLUTSDATUM":""}},{"type":"Feature","geometry":{"type":"Polygon","coordinates":[[[15.25273,56.90167],[15.2513,56.90083],[15.24993,56.90005],[15.24993,56.90005],[15.24875,56.90021],[15.24516,56.9007],[15.24516,56.9007],[15.24516,56.9007],[15.24516,56.9007],[15.24631,56.90282],[15.2482,56.90636],[15.25054,56.91074],[15.25105,56.9117],[15.25177,56.91306],[15.25183,56.91314],[15.25182,56.91322],[15.25163,56.91492],[15.2516,56.91511],[15.25143,56.91616],[15.25125,56.91806],[15.25107,56.92],[15.25074,56.92421],[15.25078,56.92501],[15.2509,56.92561],[15.2511,56.92732],[15.2515,56.93075],[15.25174,56.93254],[15.25177,56.93281],[15.25173,56.93304],[15.25152,56.93408],[15.25152,56.93408],[15.25152,56.93408],[15.25529,56.93398],[15.25516,56.93436],[15.25498,56.93491],[15.25483,56.9354],[15.25472,56.93571],[15.25472,56.93572],[15.25475,56.93608],[15.25464,56.93741],[15.25536,56.93937],[15.25515,56.94483],[15.25515,56.94483],[15.25515,56.94483],[15.25521,56.94484],[15.25537,56.94487],[15.25566,56.94494],[15.25572,56.94497],[15.25574,56.94497],[15.25574,56.94497],[15.25573,56.94497],[15.25573,56.94497],[15.25573,56.94497],[15.25573,56.94497],[15.25586,56.94502],[15.25603,56.94511],[15.25653,56.94543],[15.25693,56.94569],[15.25712,56.94582],[15.25737,56.94593],[15.25754,56.94599],[15.25768,56.94603],[15.25792,56.94607],[15.25806,56.9461],[15.25827,56.94612],[15.25866,56.94615],[15.25977,56.94619],[15.26042,56.94623],[15.26083,56.94629],[15.26132,56.9464],[15.26181,56.94657],[15.2623,56.94676],[15.26247,56.94688],[15.26258,56.947],[15.26261,56.94709],[15.26264,56.94714],[15.26265,56.94721],[15.26265,56.94729],[15.26262,56.94743],[15.26252,56.94778],[15.26243,56.9482],[15.26234,56.94856],[15.26227,56.94878],[15.26225,56.94886],[15.26223,56.94894],[15.26223,56.949],[15.26222,56.9491],[15.26228,56.94935],[15.26236,56.94952],[15.26243,56.94963],[15.26275,56.94995],[15.26287,56.95009],[15.26289,56.95013],[15.2629,56.95016],[15.26534,56.95231],[15.26854,56.95513],[15.26907,56.95561],[15.26907,56.95561],[15.26985,56.95577],[15.26987,56.95578],[15.27058,56.95586],[15.27115,56.95593],[15.27201,56.95596],[15.27247,56.956],[15.27283,56.95609],[15.27287,56.95615],[15.27296,56.95626],[15.27313,56.95639],[15.27336,56.95665],[15.27347,56.95679],[15.27347,56.95679],[15.27347,56.95679],[15.27347,56.95679],[15.27373,56.95663],[15.27383,56.95654],[15.27387,56.95648],[15.27393,56.95642],[15.27396,56.95638],[15.27402,56.95624],[15.27409,56.95607],[15.27461,56.9555],[15.2747,56.95544],[15.27491,56.95528],[15.27534,56.95494],[15.27564,56.95467],[15.27587,56.95442],[15.27599,56.95421],[15.27608,56.95399],[15.27614,56.9538],[15.27613,56.95374],[15.27595,56.95354],[15.27578,56.95341],[15.27563,56.95329],[15.27552,56.95323],[15.2753,56.95313],[15.27517,56.95305],[15.27483,56.95278],[15.27468,56.95255],[15.27458,56.95228],[15.27464,56.95206],[15.27465,56.95194],[15.27463,56.95172],[15.27455,56.95127],[15.27453,56.95115],[15.27442,56.95065],[15.27442,56.95052],[15.2745,56.95041],[15.27499,56.95036],[15.27499,56.95036],[15.2751,56.95021],[15.27519,56.95005],[15.27518,56.94985],[15.27513,56.94934],[15.27501,56.94876],[15.27501,56.94867],[15.27501,56.94861],[15.27507,56.94855],[15.28292,56.94746],[15.28292,56.94746],[15.283,56.94734],[15.28317,56.94718],[15.28329,56.94707],[15.28334,56.947],[15.28336,56.94695],[15.28342,56.94671],[15.28344,56.94639],[15.28344,56.94611],[15.28339,56.94593],[15.28339,56.9458],[15.28338,56.94567],[15.28336,56.94559],[15.28336,56.94534],[15.28327,56.94503],[15.28326,56.94481],[15.28751,56.94061],[15.28761,56.94045],[15.28769,56.94024],[15.28789,56.93987],[15.28803,56.93946],[15.28828,56.93899],[15.28848,56.93871],[15.28867,56.93846],[15.28879,56.93829],[15.28887,56.93812],[15.28896,56.93788],[15.28902,56.93767],[15.28903,56.9374],[15.28901,56.93719],[15.28901,56.93707],[15.28905,56.93696],[15.28915,56.93682],[15.2894,56.93652],[15.2897,56.9362],[15.28986,56.93609],[15.29005,56.93601],[15.29029,56.93589],[15.29055,56.93582],[15.29087,56.93571],[15.2913,56.93554],[15.29212,56.93523],[15.2929,56.93496],[15.29315,56.93486],[15.29321,56.93485],[15.29336,56.93483],[15.29882,56.93375],[15.29882,56.93375],[15.29882,56.93375],[15.29881,56.93365],[15.2989,56.93353],[15.29894,56.93347],[15.29896,56.93344],[15.29913,56.93321],[15.2993,56.93298],[15.29935,56.93287],[15.29936,56.93277],[15.29934,56.93267],[15.2993,56.93256],[15.29927,56.93239],[15.29929,56.93227],[15.29938,56.93213],[15.29962,56.93191],[15.29985,56.93169],[15.29987,56.9316],[15.2999,56.93147],[15.29989,56.93138],[15.29979,56.93133],[15.29972,56.93127],[15.29964,56.93116],[15.29956,56.93103],[15.29952,56.93092],[15.29948,56.93084],[15.29941,56.93071],[15.29932,56.9306],[15.29922,56.93052],[15.29904,56.93044],[15.29888,56.93039],[15.29884,56.93035],[15.29883,56.92996],[15.29886,56.92975],[15.29892,56.92953],[15.29894,56.92939],[15.29904,56.92926],[15.29916,56.92918],[15.29973,56.92885],[15.30005,56.92868],[15.30021,56.92861],[15.30047,56.92837],[15.3007,56.92821],[15.30094,56.92803],[15.30106,56.92795],[15.30124,56.92791],[15.3015,56.9278],[15.30324,56.92969],[15.30324,56.92969],[15.30691,56.9301],[15.30895,56.92971],[15.3095,56.92957],[15.3095,56.92957],[15.3095,56.92957],[15.3095,56.92957],[15.3095,56.92957],[15.30947,56.92957],[15.30934,56.92957],[15.30924,56.92958],[15.30908,56.92957],[15.30893,56.92954],[15.30891,56.92949],[15.30893,56.9294],[15.30891,56.9293],[15.30886,56.92923],[15.3088,56.92916],[15.3088,56.92915],[15.30871,56.92911],[15.3086,56.92909],[15.30855,56.92905],[15.30848,56.92901],[15.30833,56.92895],[15.30825,56.9289],[15.30814,56.92886],[15.308,56.92881],[15.30791,56.9288],[15.30778,56.92875],[15.30749,56.92863],[15.30734,56.92858],[15.30717,56.92854],[15.30708,56.92854],[15.30702,56.92849],[15.30698,56.92844],[15.30686,56.9284],[15.30674,56.92834],[15.30666,56.92825],[15.30669,56.92819],[15.30682,56.92813],[15.30683,56.92805],[15.30683,56.92805],[15.30673,56.92796],[15.30658,56.92789],[15.30656,56.92787],[15.30655,56.92787],[15.30655,56.92787],[15.3065,56.92789],[15.30642,56.9279],[15.30638,56.92785],[15.30646,56.92784],[15.30653,56.92782],[15.30664,56.92778],[15.30674,56.92778],[15.30684,56.92776],[15.30713,56.92775],[15.30724,56.92772],[15.30731,56.92766],[15.30748,56.9276],[15.30758,56.92755],[15.30762,56.92749],[15.30771,56.92739],[15.30776,56.92734],[15.30785,56.9273],[15.30812,56.9273],[15.30823,56.9273],[15.30839,56.92728],[15.30855,56.92729],[15.30869,56.92729],[15.30882,56.92726],[15.30895,56.92728],[15.30902,56.9273],[15.30903,56.9273],[15.30927,56.92728],[15.3094,56.92726],[15.30957,56.92725],[15.30968,56.92724],[15.30988,56.92718],[15.31007,56.92713],[15.3102,56.92714],[15.31028,56.92712],[15.31028,56.92712],[15.31033,56.92706],[15.31044,56.92701],[15.31057,56.927],[15.31063,56.92703],[15.31065,56.92709],[15.31065,56.92714],[15.31065,56.92714],[15.31065,56.92714],[15.31161,56.9271],[15.31268,56.92705],[15.3157,56.92692],[15.3157,56.92692],[15.3157,56.92692],[15.31552,56.92609],[15.31546,56.92578],[15.31527,56.92486],[15.31519,56.92449],[15.31622,56.92357],[15.32021,56.9232],[15.32021,56.9232],[15.32021,56.92319],[15.32021,56.92319],[15.31571,56.92175],[15.31117,56.91839],[15.30915,56.91618],[15.30613,56.91286],[15.30613,56.91286],[15.30613,56.91286],[15.29159,56.91517],[15.28991,56.90442],[15.28981,56.90393],[15.2898,56.90393],[15.2898,56.90393],[15.28426,56.90392],[15.28183,56.90395],[15.28134,56.90394],[15.28095,56.90395],[15.27843,56.90397],[15.27515,56.904],[15.27291,56.90402],[15.26787,56.90225],[15.26787,56.90225],[15.26787,56.90225],[15.26787,56.90225],[15.26721,56.90304],[15.26654,56.90386],[15.26534,56.90508],[15.26407,56.90473],[15.26407,56.90473],[15.26407,56.90473],[15.26392,56.90488],[15.26275,56.90609],[15.25894,56.90469],[15.25931,56.90404],[15.25966,56.90344],[15.25966,56.90344],[15.25966,56.90344],[15.2575,56.90305],[15.2558,56.90275],[15.25541,56.90268],[15.25526,56.90244],[15.25471,56.90158],[15.25455,56.90133],[15.25455,56.90133],[15.25454,56.90133],[15.25273,56.90167]]]},"properties":{"NVRID":"2002398","NAMN":"Storasjöområdet","SKYDDSTYP":"Naturreservat","LAN":"Kronobergs Län","KOMMUN":"Uppvidinge","IUCNKATEGORI":"Ib, Vildmarksområde (Wilderness Area)","FORVALTARE":"Länsstyrelsen i Kronobergs län","AREA_HA":1433.415,"URSPR_BESLUTSDATUM":""}},{"type":"Feature","geometry":{"type":"Polygon","coordinates":[[[14.86844,56.9148],[14.86844,56.9148],[14.86844,56.9148],[14.87387,56.91967],[14.87214,56.92479],[14.87214,56.92479],[14.8773,56.92739],[14.87731,56.92739],[14.87731,56.92739],[14.8837,56.92497],[14.88522,56.92496],[14.89124,56.92493],[14.89396,56.92493],[14.89514,56.92492],[14.89554,56.92492],[14.89554,56.92492],[14.89554,56.92492],[14.89604,56.92406],[14.89809,56.92052],[14.89924,56.91853],[14.89642,56.91256],[14.89599,56.91164],[14.89506,56.90965],[14.89468,56.90885],[14.89467,56.90885],[14.89416,56.9087],[14.8925,56.90823],[14.89054,56.90768],[14.8907,56.90626],[14.8907,56.90626],[14.8907,56.90626],[14.8907,56.90626],[14.8907,56.90626],[14.88905,56.90687],[14.88893,56.90692],[14.88729,56.90753],[14.8865,56.90778],[14.88598,56.90794],[14.88416,56.90807],[14.88411,56.90807],[14.88034,56.90785],[14.88029,56.90785],[14.88029,56.90785],[14.88018,56.90797],[14.88001,56.90808],[14.87979,56.90817],[14.87962,56.90824],[14.87941,56.90825],[14.87931,56.90826],[14.87931,56.90826],[14.87931,56.90826],[14.87593,56.91074],[14.86978,56.91314],[14.86844,56.9148]]]},"properties":{"NVRID":"2014536","NAMN":"Notteryd","SKYDDSTYP":"Naturreservat","LAN":"Kronobergs Län","KOMMUN":"Växjö","IUCNKATEGORI":"Ia, Strikt naturreservat (Strict Nature Reserve)","FORVALTARE":"Länsstyrelsen i Kronobergs län","AREA_HA":288.857,"URSPR_BESLUTSDATUM":""}},{"type":"Feature","geometry":{"type":"Polygon","coordinates":[[[13.51328,56.80328],[13.51293,56.80407],[13.51235,56.80535],[13.51199,56.80617],[13.51237,56.80666],[13.51258,56.80717],[13.5138,56.80783],[13.51477,56.80834],[13.51593,56.80895],[13.51677,56.8094],[13.51566,56.81025],[13.51566,56.81026],[13.51576,56.81087],[13.51495,56.8113],[13.51495,56.8113],[13.51495,56.8113],[13.51785,56.81318],[13.52121,56.81369],[13.52287,56.81383],[13.52287,56.81383],[13.52287,56.81383],[13.52266,56.81239],[13.52251,56.81137],[13.52244,56.81094],[13.52242,56.81077],[13.52282,56.81067],[13.52405,56.81037],[13.52509,56.81011],[13.5256,56.80998],[13.52654,56.80847],[13.5262,56.80783],[13.5283,56.80705],[13.52835,56.80711],[13.52846,56.80809],[13.52846,56.80811],[13.52846,56.80811],[13.52846,56.80811],[13.52993,56.80848],[13.532,56.809],[13.532,56.809],[13.53515,56.80777],[13.53725,56.80781],[13.53901,56.80782],[13.54018,56.80782],[13.53992,56.8088],[13.53863,56.80952],[13.53756,56.8101],[13.53649,56.81068],[13.53649,56.81068],[13.53751,56.81195],[13.53751,56.81195],[13.53752,56.81195],[13.53752,56.81195],[13.53909,56.81146],[13.54141,56.81074],[13.54374,56.8112],[13.54374,56.8112],[13.54375,56.8112],[13.54536,56.8093],[13.54639,56.80795],[13.54639,56.80795],[13.54639,56.80795],[13.54414,56.80747],[13.54377,56.80702],[13.54329,56.80644],[13.54328,56.80551],[13.54324,56.80375],[13.54324,56.80375],[13.54215,56.80317],[13.54224,56.80274],[13.5423,56.80248],[13.5423,56.80248],[13.5423,56.80248],[13.542,56.80243],[13.54159,56.80231],[13.54113,56.80212],[13.54076,56.80202],[13.54039,56.80196],[13.53968,56.80175],[13.53869,56.80137],[13.53809,56.80118],[13.5378,56.80109],[13.53709,56.80077],[13.53637,56.80032],[13.53621,56.8001],[13.5363,56.79993],[13.53694,56.79964],[13.53754,56.79921],[13.53759,56.79907],[13.53741,56.7988],[13.53741,56.7988],[13.53704,56.79862],[13.53664,56.79851],[13.53534,56.79832],[13.53451,56.79807],[13.53402,56.79776],[13.53402,56.79776],[13.52517,56.79743],[13.52156,56.79105],[13.52156,56.79105],[13.52156,56.79105],[13.52148,56.79105],[13.51729,56.79093],[13.50831,56.79067],[13.50831,56.79067],[13.50831,56.79067],[13.50831,56.79067],[13.50831,56.79067],[13.514,56.79397],[13.51169,56.79406],[13.51004,56.79413],[13.5086,56.7942],[13.50721,56.79426],[13.50575,56.79432],[13.50426,56.79437],[13.50426,56.79437],[13.50426,56.79437],[13.5041,56.7951],[13.50401,56.79551],[13.50383,56.7963],[13.50374,56.79677],[13.50429,56.79755],[13.50491,56.79841],[13.50534,56.79901],[13.50587,56.79975],[13.50646,56.80057],[13.50768,56.80105],[13.50894,56.80154],[13.51107,56.8024],[13.51328,56.80328]]]},"properties":{"NVRID":"2002381","NAMN":"Rocknenområdet","SKYDDSTYP":"Naturreservat","LAN":"Kronobergs Län","KOMMUN":"Ljungby","IUCNKATEGORI":"III, Naturmonument (Natural Monument)","FORVALTARE":"Länsstyrelsen i Kronobergs län","AREA_HA":334.376,"URSPR_BESLUTSDATUM":""}},{"type":"Feature","geometry":{"type":"Polygon","coordinates":[[[15.20816,56.64072],[15.20865,56.64066],[15.20966,56.64063],[15.2119,56.64071],[15.2119,56.64071],[15.2119,56.64071],[15.21137,56.63836],[15.21134,56.63702],[15.21134,56.63702],[15.20759,56.6354],[15.20759,56.6354],[15.20759,56.6354],[15.20546,56.63568],[15.20234,56.63548],[15.1962,56.63588],[15.1962,56.63588],[15.1962,56.63588],[15.19607,56.64068],[15.19606,56.641],[15.20129,56.64381],[15.20129,56.64381],[15.20129,56.64381],[15.20792,56.6409],[15.20816,56.64072]]]},"properties":{"NVRID":"2048699","NAMN":"Näsen","SKYDDSTYP":"Naturreservat","LAN":"Kronobergs Län","KOMMUN":"Tingsryd","IUCNKATEGORI":"IV, Habitat/Artskyddsområde (Habitat/Species Management Area)","FORVALTARE":"Länsstyrelsen i Kronobergs län","AREA_HA":65.155,"URSPR_BESLUTSDATUM":""}},{"type":"Feature","geometry":{"type":"Polygon","coordinates":[[[14.54184,56.91096],[14.54119,56.9107],[14.54094,56.91066],[14.54094,56.91066],[14.54094,56.91066],[14.53968,56.91596],[14.53968,56.91596],[14.54112,56.91819],[14.54113,56.91819],[14.54616,56.91812],[14.54741,56.91822],[14.54741,56.91822],[14.54741,56.91822],[14.54761,56.91776],[14.54772,56.91772],[14.55076,56.91745],[14.55135,56.91753],[14.55215,56.9178],[14.55293,56.91795],[14.5538,56.91821],[14.5538,56.91821],[14.55447,56.91813],[14.55447,56.91813],[14.55447,56.91813],[14.55447,56.91813],[14.55345,56.91656],[14.55326,56.91591],[14.55326,56.91591],[14.54877,56.91505],[14.54908,56.91248],[14.54908,56.91248],[14.54908,56.91248],[14.54754,56.91253],[14.54758,56.91127],[14.54758,56.91127],[14.54758,56.91127],[14.5472,56.91126],[14.54582,56.91086],[14.54602,56.91023],[14.54602,56.91023],[14.54602,56.91023],[14.54602,56.91023],[14.54386,56.91011],[14.54386,56.91011],[14.54386,56.91011],[14.54408,56.91097],[14.54184,56.91096]]]},"properties":{"NVRID":"2061081","NAMN":"Björnholmarna","SKYDDSTYP":"Naturreservat","LAN":"Kronobergs Län","KOMMUN":"Alvesta","IUCNKATEGORI":"IV, Habitat/Artskyddsområde (Habitat/Species Management Area)","FORVALTARE":"Alvesta kommun","AREA_HA":48.275,"URSPR_BESLUTSDATUM":""}},{"type":"Feature","geometry":{"type":"Polygon","coordinates":[[[15.22718,57.1698],[15.22736,57.17053],[15.22736,57.17053],[15.22736,57.17053],[15.22756,57.17053],[15.23072,57.1704],[15.23361,57.17138],[15.23451,57.1718],[15.2352,57.17215],[15.23659,57.17267],[15.23902,57.17354],[15.24043,57.17408],[15.24286,57.17505],[15.24286,57.17505],[15.24286,57.17505],[15.24301,57.17501],[15.24314,57.17497],[15.24329,57.175],[15.24355,57.175],[15.24369,57.17497],[15.24377,57.17495],[15.24377,57.17495],[15.24384,57.17489],[15.24391,57.17482],[15.24396,57.17475],[15.24402,57.1747],[15.24409,57.17466],[15.24412,57.17461],[15.24415,57.17454],[15.24415,57.17448],[15.24424,57.17401],[15.24448,57.174],[15.24478,57.17396],[15.24539,57.17393],[15.24565,57.17393],[15.24581,57.17394],[15.24608,57.17398],[15.24638,57.17404],[15.24672,57.17413],[15.24699,57.17419],[15.24757,57.17432],[15.2479,57.17438],[15.24794,57.17449],[15.24794,57.17449],[15.24838,57.17463],[15.24838,57.17496],[15.24841,57.17512],[15.24845,57.17531],[15.24847,57.17542],[15.24852,57.17552],[15.24857,57.17566],[15.24859,57.17571],[15.24862,57.17575],[15.24862,57.17575],[15.24868,57.17577],[15.24877,57.17578],[15.24887,57.17577],[15.24893,57.17575],[15.24898,57.17573],[15.24902,57.17573],[15.24904,57.17573],[15.2491,57.17584],[15.24913,57.17588],[15.24915,57.17592],[15.24919,57.17594],[15.24931,57.17597],[15.24949,57.17601],[15.24965,57.17604],[15.2498,57.17608],[15.25018,57.17619],[15.25041,57.17627],[15.25051,57.17632],[15.25068,57.17637],[15.25068,57.17637],[15.25073,57.17638],[15.25075,57.17642],[15.25079,57.17645],[15.25079,57.17645],[15.25082,57.17645],[15.25095,57.17644],[15.25102,57.17642],[15.25109,57.1764],[15.25117,57.17635],[15.25128,57.17631],[15.2514,57.17627],[15.25149,57.17625],[15.25158,57.17624],[15.25165,57.17624],[15.25176,57.17625],[15.2519,57.17631],[15.25193,57.17635],[15.25193,57.17636],[15.25193,57.17636],[15.25193,57.17636],[15.25193,57.17635],[15.25163,57.17018],[15.25163,57.17018],[15.25163,57.17018],[15.23877,57.16848],[15.23896,57.16834],[15.24105,57.16683],[15.24279,57.16556],[15.24347,57.16503],[15.24373,57.16487],[15.24382,57.16483],[15.24386,57.1648],[15.24387,57.16473],[15.24381,57.16464],[15.24377,57.16457],[15.24379,57.1645],[15.2438,57.1644],[15.24386,57.16432],[15.24414,57.16383],[15.24414,57.16383],[15.24414,57.16383],[15.24026,57.16287],[15.23576,57.16392],[15.23441,57.16332],[15.23431,57.16294],[15.23431,57.16294],[15.23431,57.16294],[15.23107,57.16334],[15.22782,57.16372],[15.22771,57.16373],[15.22337,57.16409],[15.21949,57.16735],[15.21949,57.16735],[15.22008,57.16902],[15.22008,57.16902],[15.22008,57.16903],[15.22568,57.16953],[15.22718,57.1698]]]},"properties":{"NVRID":"2054302","NAMN":"Horshaga fly","SKYDDSTYP":"Naturreservat","LAN":"Kronobergs Län","KOMMUN":"Uppvidinge","IUCNKATEGORI":"IV, Habitat/Artskyddsområde (Habitat/Species Management Area)","FORVALTARE":"Länsstyrelsen i Kronobergs län","AREA_HA":144.612,"URSPR_BESLUTSDATUM":""}},{"type":"Feature","geometry":{"type":"Polygon","coordinates":[[[14.82749,57.18843],[14.82229,57.18776],[14.82229,57.18776],[14.82229,57.18776],[14.82197,57.18806],[14.82197,57.18806],[14.82302,57.18906],[14.82472,57.19185],[14.82472,57.19185],[14.82472,57.19185],[14.82794,57.19131],[14.82922,57.19084],[14.82922,57.19084],[14.82922,57.19084],[14.82922,57.19084],[14.82831,57.19017],[14.8275,57.18843],[14.82749,57.18843]]]},"properties":{"NVRID":"2002564","NAMN":"Asa domänreservat","SKYDDSTYP":"Naturreservat","LAN":"Kronobergs Län","KOMMUN":"Växjö","IUCNKATEGORI":"Ia, Strikt naturreservat (Strict Nature Reserve)","FORVALTARE":"Länsstyrelsen i Kronobergs län","AREA_HA":11.047,"URSPR_BESLUTSDATUM":""}},{"type":"Feature","geometry":{"type":"Polygon","coordinates":[[[14.77676,56.62127],[14.77524,56.62107],[14.7747,56.62099],[14.76586,56.62029],[14.76586,56.62029],[14.76586,56.62029],[14.74979,56.6404],[14.74979,56.6404],[14.74979,56.6404],[14.74979,56.6404],[14.7498,56.6404],[14.76997,56.63397],[14.80067,56.6287],[14.80067,56.6287],[14.80382,56.61477],[14.80382,56.61477],[14.79274,56.60977],[14.79274,56.60977],[14.79274,56.60977],[14.78511,56.61379],[14.78034,56.61633],[14.77804,56.61696],[14.77804,56.61696],[14.77804,56.61696],[14.77972,56.61824],[14.77974,56.61827],[14.77994,56.61924],[14.78017,56.6195],[14.77893,56.6199],[14.77893,56.6199],[14.77893,56.6199],[14.77962,56.6207],[14.77708,56.62037],[14.77708,56.62037],[14.77708,56.62037],[14.77708,56.62037],[14.77676,56.62127]]]},"properties":{"NVRID":"2050240","NAMN":"Förarm","SKYDDSTYP":"Naturreservat","LAN":"Kronobergs Län","KOMMUN":"Tingsryd, Växjö","IUCNKATEGORI":"Ia, Strikt naturreservat (Strict Nature Reserve)","FORVALTARE":"Länsstyrelsen i Kronobergs län","AREA_HA":478.162,"URSPR_BESLUTSDATUM":""}},{"type":"Feature","geometry":{"type":"Polygon","coordinates":[[[15.24128,56.49849],[15.24136,56.4986],[15.24103,56.49891],[15.24072,56.49903],[15.24072,56.49903],[15.24072,56.49903],[15.24082,56.49952],[15.24082,56.49952],[15.24082,56.49952],[15.24131,56.4995],[15.24145,56.49977],[15.24165,56.50021],[15.24176,56.50085],[15.24187,56.50126],[15.2419,56.50159],[15.24179,56.50159],[15.24179,56.50159],[15.24179,56.50159],[15.24179,56.50159],[15.24193,56.50199],[15.24206,56.50237],[15.2414,56.50259],[15.2414,56.50259],[15.2414,56.50259],[15.24173,56.50303],[15.24192,56.50328],[15.24236,56.50388],[15.24263,56.50425],[15.24303,56.50479],[15.24345,56.50536],[15.24385,56.50589],[15.24333,56.50615],[15.24333,56.50615],[15.24333,56.50615],[15.2435,56.50648],[15.24366,56.50677],[15.24386,56.50715],[15.24428,56.50794],[15.24428,56.50794],[15.24428,56.50794],[15.24436,56.50794],[15.2445,56.50792],[15.24463,56.50792],[15.24471,56.50791],[15.2448,56.5079],[15.24486,56.50787],[15.24498,56.50781],[15.24507,56.50778],[15.24513,56.50774],[15.24518,56.50771],[15.24525,56.50765],[15.24545,56.50759],[15.24564,56.50749],[15.24585,56.50738],[15.24597,56.50721],[15.24634,56.50667],[15.24642,56.50562],[15.24726,56.50337],[15.24726,56.50337],[15.24603,56.50204],[15.24697,56.50022],[15.24762,56.49448],[15.24762,56.49448],[15.24762,56.49448],[15.24408,56.49361],[15.23898,56.49473],[15.23898,56.49474],[15.23898,56.49474],[15.2405,56.49815],[15.24041,56.49841],[15.24041,56.49841],[15.24041,56.49841],[15.24041,56.49841],[15.24128,56.49849]]]},"properties":{"NVRID":"2054861","NAMN":"Kinnanäs","SKYDDSTYP":"Naturreservat","LAN":"Kronobergs Län","KOMMUN":"Tingsryd","IUCNKATEGORI":"IV, Habitat/Artskyddsområde (Habitat/Species Management Area)","FORVALTARE":"Länsstyrelsen i Kronobergs län","AREA_HA":50.15,"URSPR_BESLUTSDATUM":""}},{"type":"Feature","geometry":{"type":"Polygon","coordinates":[[[14.84132,56.42248],[14.8415,56.42242],[14.84177,56.42233],[14.842,56.42227],[14.84215,56.42226],[14.8424,56.42224],[14.84255,56.42221],[14.84267,56.42219],[14.84291,56.4222],[14.84303,56.42222],[14.84315,56.42221],[14.84324,56.42217],[14.84335,56.42217],[14.84357,56.42216],[14.84376,56.42214],[14.84394,56.42211],[14.84409,56.4221],[14.84432,56.42212],[14.84447,56.42214],[14.84474,56.42214],[14.84514,56.42211],[14.84534,56.42212],[14.84551,56.42208],[14.8457,56.422],[14.84591,56.42194],[14.84604,56.42192],[14.84618,56.42194],[14.84635,56.42193],[14.84647,56.4219],[14.84662,56.42187],[14.84677,56.4219],[14.84686,56.42193],[14.84694,56.42196],[14.84694,56.42196],[14.84706,56.42196],[14.84712,56.42194],[14.84712,56.42194],[14.84712,56.42194],[14.84712,56.42194],[14.84708,56.42188],[14.84695,56.42176],[14.84684,56.42164],[14.84681,56.42152],[14.84683,56.42133],[14.84678,56.42117],[14.8467,56.42094],[14.84666,56.4207],[14.84668,56.42059],[14.84671,56.42057],[14.84671,56.42056],[14.84671,56.42056],[14.84655,56.42051],[14.84642,56.4205],[14.84623,56.42045],[14.84614,56.42042],[14.84601,56.42036],[14.84593,56.42028],[14.84576,56.42014],[14.84556,56.42005],[14.84534,56.41994],[14.84521,56.41988],[14.84509,56.41977],[14.84503,56.41965],[14.84503,56.41965],[14.84493,56.41959],[14.84471,56.41945],[14.84454,56.41933],[14.84439,56.41922],[14.84426,56.41915],[14.84412,56.41906],[14.84404,56.41897],[14.84391,56.41891],[14.84391,56.41891],[14.84377,56.41889],[14.84365,56.41888],[14.84352,56.41885],[14.84339,56.41882],[14.84326,56.41882],[14.84304,56.41884],[14.84282,56.41882],[14.84273,56.41877],[14.84273,56.41869],[14.84269,56.41863],[14.84261,56.4186],[14.84243,56.41856],[14.84214,56.41858],[14.84189,56.41861],[14.84157,56.41868],[14.84157,56.41868],[14.84153,56.41874],[14.8414,56.4188],[14.84122,56.41888],[14.84097,56.41898],[14.84074,56.41904],[14.8406,56.41905],[14.84055,56.4191],[14.84057,56.4192],[14.84054,56.4193],[14.84054,56.41952],[14.84049,56.41969],[14.84044,56.41982],[14.84038,56.42004],[14.84034,56.4202],[14.84037,56.42034],[14.84038,56.42054],[14.84036,56.42067],[14.84038,56.4208],[14.84045,56.42095],[14.84045,56.42107],[14.8404,56.42123],[14.84035,56.42137],[14.84038,56.42146],[14.84048,56.4216],[14.84057,56.42178],[14.84063,56.42197],[14.8407,56.42209],[14.84075,56.4224],[14.84076,56.42252],[14.8408,56.42261],[14.8408,56.42261],[14.8409,56.42263],[14.84114,56.4226],[14.84131,56.42252],[14.84131,56.42252],[14.84132,56.42248]]]},"properties":{"NVRID":"2002347","NAMN":"Ramsö","SKYDDSTYP":"Naturreservat","LAN":"Kronobergs Län","KOMMUN":"Tingsryd","IUCNKATEGORI":"III, Naturmonument (Natural Monument)","FORVALTARE":"Länsstyrelsen i Kronobergs län","AREA_HA":12.609,"URSPR_BESLUTSDATUM":""}},{"type":"Feature","geometry":{"type":"Polygon","coordinates":[[[13.38351,56.74765],[13.38264,56.74706],[13.38264,56.74706],[13.38264,56.74706],[13.38264,56.74706],[13.38217,56.74733],[13.38217,56.74733],[13.38203,56.74911],[13.38203,56.74911],[13.38203,56.74911],[13.38587,56.74908],[13.38654,56.75048],[13.38662,56.75268],[13.38665,56.75314],[13.38749,56.75532],[13.38759,56.75561],[13.38812,56.7565],[13.3883,56.75685],[13.38833,56.757],[13.38832,56.7581],[13.38878,56.75902],[13.38904,56.75922],[13.39018,56.76017],[13.39032,56.76038],[13.39045,56.76075],[13.39051,56.76085],[13.39055,56.76108],[13.39055,56.76108],[13.39095,56.76122],[13.39127,56.76137],[13.39173,56.76157],[13.39178,56.76193],[13.39181,56.76217],[13.39172,56.76264],[13.39172,56.76264],[13.39234,56.76324],[13.39305,56.76348],[13.3931,56.76353],[13.3935,56.76369],[13.3937,56.7638],[13.39366,56.76387],[13.39366,56.76396],[13.39363,56.76415],[13.39377,56.76434],[13.3939,56.76442],[13.39399,56.76455],[13.39394,56.76458],[13.39394,56.76458],[13.39396,56.76474],[13.39387,56.76486],[13.39392,56.76501],[13.39391,56.7651],[13.39391,56.7652],[13.3941,56.76533],[13.3941,56.76533],[13.39429,56.76535],[13.39436,56.76543],[13.39479,56.76557],[13.39495,56.76556],[13.3955,56.76563],[13.39573,56.76564],[13.39591,56.76576],[13.3961,56.76602],[13.39616,56.76621],[13.39611,56.76642],[13.39609,56.76657],[13.39615,56.76669],[13.39637,56.7668],[13.39662,56.7669],[13.39686,56.76693],[13.39706,56.76694],[13.39719,56.76698],[13.39723,56.76708],[13.39722,56.76719],[13.39713,56.76736],[13.39706,56.76754],[13.39698,56.76769],[13.3969,56.76785],[13.39688,56.76801],[13.39691,56.76814],[13.39691,56.76814],[13.39712,56.76825],[13.39731,56.76836],[13.39746,56.76849],[13.39751,56.76868],[13.39754,56.76886],[13.39758,56.76899],[13.39767,56.76907],[13.3977,56.76916],[13.39764,56.76926],[13.3975,56.76947],[13.39726,56.76971],[13.39687,56.77003],[13.39662,56.77021],[13.39651,56.7703],[13.39646,56.77041],[13.39636,56.7705],[13.39639,56.77061],[13.3964,56.77074],[13.3964,56.77074],[13.39655,56.77079],[13.39666,56.77086],[13.39666,56.77086],[13.39673,56.77086],[13.39696,56.77089],[13.39697,56.77097],[13.39697,56.77097],[13.39713,56.77102],[13.39729,56.77109],[13.39734,56.77117],[13.39729,56.77123],[13.39719,56.77123],[13.39695,56.77117],[13.39681,56.77111],[13.39681,56.77111],[13.39671,56.77113],[13.39671,56.77113],[13.39671,56.77113],[13.39667,56.77117],[13.39667,56.77117],[13.39675,56.77128],[13.39682,56.77134],[13.39681,56.77143],[13.39673,56.77155],[13.39659,56.77156],[13.39648,56.77158],[13.39648,56.77159],[13.3964,56.77167],[13.39636,56.77178],[13.39633,56.77193],[13.39623,56.77197],[13.39619,56.77204],[13.39624,56.77219],[13.3963,56.77233],[13.3963,56.77233],[13.39647,56.77237],[13.39664,56.77244],[13.39691,56.77251],[13.39709,56.7726],[13.39726,56.77267],[13.39746,56.77278],[13.39755,56.7728],[13.39766,56.77291],[13.39781,56.77301],[13.39781,56.77301],[13.39795,56.773],[13.39795,56.773],[13.39805,56.77288],[13.39809,56.77273],[13.39818,56.77266],[13.3986,56.77258],[13.39878,56.7725],[13.39902,56.7725],[13.39923,56.77256],[13.39944,56.77274],[13.39949,56.77289],[13.39953,56.77302],[13.39957,56.77313],[13.39968,56.77327],[13.39979,56.77343],[13.39979,56.77358],[13.39984,56.77378],[13.39992,56.77391],[13.4,56.77404],[13.39988,56.77415],[13.39966,56.77424],[13.39952,56.77436],[13.39932,56.77451],[13.39908,56.77464],[13.39894,56.77485],[13.39887,56.77509],[13.39884,56.77529],[13.39889,56.77553],[13.399,56.77572],[13.39906,56.77586],[13.39904,56.77599],[13.39901,56.77616],[13.39907,56.77633],[13.39925,56.77653],[13.39948,56.77677],[13.39977,56.77689],[13.40039,56.777],[13.40092,56.77703],[13.40141,56.77702],[13.40173,56.77702],[13.40192,56.77707],[13.40222,56.77707],[13.40289,56.77704],[13.40317,56.77703],[13.40321,56.77711],[13.40323,56.77747],[13.40276,56.77821],[13.40146,56.77861],[13.39977,56.77982],[13.39977,56.77982],[13.39977,56.77982],[13.39977,56.77982],[13.40014,56.77992],[13.40213,56.78004],[13.40264,56.7808],[13.40264,56.7808],[13.4044,56.78109],[13.40518,56.7819],[13.40503,56.78239],[13.40496,56.78253],[13.40493,56.78252],[13.40493,56.78252],[13.40476,56.7826],[13.40446,56.78269],[13.4043,56.78279],[13.40419,56.78293],[13.40411,56.78308],[13.4039,56.78326],[13.40379,56.78341],[13.40377,56.78361],[13.40387,56.7838],[13.40402,56.78397],[13.40421,56.78413],[13.40462,56.78436],[13.40498,56.78448],[13.40519,56.78452],[13.40522,56.78462],[13.40528,56.78481],[13.40517,56.78497],[13.40493,56.7852],[13.40499,56.78557],[13.40497,56.78578],[13.40384,56.78658],[13.40298,56.78664],[13.40174,56.78625],[13.40137,56.78592],[13.40125,56.78573],[13.40114,56.78412],[13.40114,56.78411],[13.40114,56.78411],[13.40114,56.78411],[13.39793,56.78468],[13.39712,56.78448],[13.396,56.7835],[13.396,56.7835],[13.396,56.7835],[13.396,56.7835],[13.39512,56.7843],[13.39512,56.78431],[13.39776,56.78629],[13.39776,56.78629],[13.39776,56.78629],[13.39827,56.78607],[13.39924,56.78619],[13.39982,56.78637],[13.39974,56.78654],[13.39974,56.78654],[13.39974,56.78654],[13.40102,56.78716],[13.40102,56.78716],[13.40102,56.78716],[13.40166,56.78677],[13.40209,56.78691],[13.402,56.78759],[13.402,56.78759],[13.402,56.78759],[13.40282,56.7877],[13.40353,56.78852],[13.40369,56.78908],[13.40372,56.78957],[13.40372,56.78957],[13.40695,56.79063],[13.40745,56.79138],[13.40745,56.79138],[13.40764,56.79145],[13.40773,56.79146],[13.40785,56.79159],[13.40792,56.79173],[13.40794,56.79184],[13.40801,56.79191],[13.40804,56.79202],[13.4081,56.79212],[13.4081,56.79212],[13.40822,56.79215],[13.40833,56.79219],[13.40836,56.79228],[13.40837,56.79234],[13.40824,56.7924],[13.40813,56.79251],[13.40811,56.79264],[13.40814,56.79273],[13.40808,56.79275],[13.40802,56.79274],[13.40801,56.79274],[13.40786,56.79278],[13.40786,56.79278],[13.40778,56.7929],[13.40778,56.7929],[13.40778,56.7929],[13.40787,56.79291],[13.40803,56.79292],[13.4087,56.79294],[13.4087,56.79294],[13.40883,56.79282],[13.40895,56.79273],[13.40905,56.79272],[13.40911,56.79276],[13.40921,56.79277],[13.40921,56.79277],[13.4093,56.79274],[13.40938,56.79275],[13.4094,56.79278],[13.4094,56.79278],[13.4095,56.7928],[13.40965,56.79283],[13.4099,56.79284],[13.41002,56.79285],[13.41017,56.79295],[13.41038,56.79299],[13.41064,56.79299],[13.41082,56.79302],[13.41098,56.79304],[13.41117,56.79303],[13.41126,56.79302],[13.41142,56.79304],[13.41157,56.79303],[13.41186,56.79302],[13.41204,56.79302],[13.41216,56.79304],[13.41232,56.7931],[13.41248,56.79317],[13.41268,56.79328],[13.41284,56.79339],[13.41301,56.79346],[13.41322,56.79351],[13.41335,56.79356],[13.41356,56.79366],[13.41385,56.79377],[13.41404,56.7938],[13.41404,56.7938],[13.41409,56.79378],[13.41483,56.79403],[13.41499,56.79403],[13.41515,56.79401],[13.41541,56.79402],[13.41564,56.79402],[13.41564,56.79402],[13.41573,56.79397],[13.4158,56.79395],[13.4159,56.79398],[13.41595,56.79403],[13.41594,56.79408],[13.41597,56.79413],[13.41597,56.79413],[13.41613,56.79415],[13.41631,56.79417],[13.41644,56.7942],[13.41654,56.79422],[13.41666,56.79419],[13.41674,56.79413],[13.41687,56.79414],[13.41698,56.79413],[13.41709,56.79413],[13.41722,56.79411],[13.41731,56.79409],[13.41747,56.79404],[13.41769,56.79393],[13.41798,56.79378],[13.41816,56.7937],[13.41833,56.79369],[13.41833,56.79369],[13.41861,56.79357],[13.41888,56.79343],[13.41917,56.79323],[13.41936,56.79306],[13.41949,56.79294],[13.41955,56.79286],[13.41966,56.79286],[13.41975,56.79285],[13.41975,56.79285],[13.41983,56.7928],[13.41989,56.79281],[13.41992,56.79291],[13.41996,56.79296],[13.42013,56.79303],[13.42024,56.7931],[13.4204,56.79318],[13.42067,56.79325],[13.42085,56.79327],[13.42102,56.79324],[13.42117,56.79324],[13.42132,56.79328],[13.42147,56.79326],[13.42168,56.79323],[13.42182,56.79319],[13.42205,56.79315],[13.42223,56.79315],[13.42238,56.79318],[13.42248,56.79325],[13.42255,56.79339],[13.42268,56.79358],[13.42281,56.79376],[13.42294,56.79385],[13.42294,56.79385],[13.42309,56.79388],[13.42326,56.79389],[13.42333,56.79392],[13.42344,56.79395],[13.42344,56.79395],[13.42352,56.79395],[13.4237,56.79402],[13.42394,56.79406],[13.42403,56.79408],[13.42413,56.79417],[13.42426,56.79424],[13.42454,56.79431],[13.42469,56.79431],[13.42488,56.79427],[13.42506,56.79424],[13.42526,56.79426],[13.42538,56.7943],[13.42547,56.79438],[13.42553,56.79439],[13.42554,56.79439],[13.42567,56.79436],[13.42581,56.79431],[13.42589,56.79431],[13.42599,56.79434],[13.42599,56.79434],[13.42618,56.79435],[13.42626,56.79434],[13.42626,56.79434],[13.42639,56.79427],[13.42642,56.79422],[13.42642,56.79422],[13.42642,56.79422],[13.42632,56.79419],[13.42629,56.79415],[13.42635,56.79411],[13.42638,56.79407],[13.42651,56.79403],[13.42667,56.79401],[13.42667,56.79401],[13.42671,56.79395],[13.42681,56.79388],[13.4269,56.79384],[13.42706,56.79381],[13.42719,56.79382],[13.42719,56.79382],[13.42719,56.79381],[13.42719,56.79381],[13.42711,56.79375],[13.42713,56.79371],[13.42713,56.79371],[13.42705,56.79365],[13.427,56.79358],[13.42683,56.79352],[13.42672,56.79349],[13.42658,56.79345],[13.42653,56.79339],[13.42647,56.79328],[13.42644,56.79314],[13.4265,56.79299],[13.42659,56.79284],[13.4267,56.79269],[13.42678,56.79256],[13.42677,56.79245],[13.4267,56.7923],[13.42665,56.79217],[13.42652,56.79201],[13.42649,56.79192],[13.42656,56.79186],[13.42666,56.79184],[13.42679,56.79182],[13.4269,56.79179],[13.4269,56.79179],[13.42707,56.7914],[13.43113,56.79199],[13.43114,56.79199],[13.4329,56.7908],[13.43302,56.79089],[13.43352,56.79131],[13.43421,56.79172],[13.43476,56.79211],[13.4349,56.79245],[13.43512,56.79274],[13.43528,56.79297],[13.43554,56.79313],[13.43586,56.79323],[13.43586,56.79323],[13.43888,56.7933],[13.43929,56.79314],[13.4393,56.79314],[13.43964,56.79044],[13.44011,56.7901],[13.44063,56.79179],[13.44116,56.79322],[13.44116,56.79322],[13.44116,56.79322],[13.44252,56.79311],[13.44649,56.7933],[13.44649,56.7933],[13.44684,56.79318],[13.44684,56.79318],[13.44684,56.79318],[13.44683,56.79265],[13.44727,56.79223],[13.44759,56.79214],[13.44759,56.79214],[13.44759,56.79214],[13.44691,56.79061],[13.44803,56.79005],[13.44876,56.78901],[13.44876,56.78901],[13.44876,56.78901],[13.44777,56.78859],[13.44865,56.78844],[13.44865,56.78844],[13.44875,56.78759],[13.44989,56.78756],[13.44989,56.78756],[13.44989,56.78756],[13.44985,56.78734],[13.45078,56.78752],[13.45096,56.78747],[13.45204,56.78735],[13.45204,56.78735],[13.45204,56.78735],[13.45189,56.78626],[13.45151,56.78437],[13.45134,56.78356],[13.45218,56.78303],[13.45218,56.78303],[13.45194,56.78174],[13.45296,56.78158],[13.45296,56.78158],[13.45296,56.78158],[13.45265,56.78021],[13.45087,56.7792],[13.45207,56.77836],[13.45207,56.77836],[13.45069,56.77726],[13.45113,56.77645],[13.45014,56.7749],[13.45014,56.7749],[13.44976,56.77477],[13.44834,56.77423],[13.44784,56.77411],[13.44683,56.77378],[13.44683,56.77378],[13.44683,56.77378],[13.44672,56.77382],[13.44672,56.77382],[13.44673,56.77389],[13.44664,56.77397],[13.44642,56.77407],[13.44624,56.77421],[13.44593,56.77435],[13.44584,56.77452],[13.4457,56.77456],[13.4457,56.77456],[13.44564,56.77465],[13.44557,56.7747],[13.44541,56.77475],[13.44541,56.77475],[13.44535,56.77484],[13.44535,56.77492],[13.44519,56.77499],[13.4451,56.775],[13.4451,56.775],[13.4451,56.775],[13.44505,56.77509],[13.44503,56.77527],[13.44492,56.77539],[13.44441,56.77547],[13.44093,56.77594],[13.44021,56.77551],[13.43919,56.77491],[13.43938,56.7746],[13.4397,56.77459],[13.43983,56.7747],[13.43983,56.77471],[13.44003,56.77478],[13.44003,56.77478],[13.44018,56.77478],[13.4406,56.77467],[13.44074,56.77455],[13.441,56.77442],[13.44121,56.77439],[13.44129,56.7744],[13.4413,56.7744],[13.44161,56.77418],[13.44161,56.77418],[13.44161,56.77418],[13.44161,56.77418],[13.44143,56.77413],[13.44136,56.77388],[13.441,56.77367],[13.44089,56.77351],[13.44088,56.77351],[13.44088,56.77351],[13.44074,56.77352],[13.44074,56.77352],[13.44059,56.77361],[13.44039,56.77356],[13.44026,56.7734],[13.44026,56.7734],[13.44005,56.7734],[13.43997,56.77332],[13.44021,56.7732],[13.44048,56.77319],[13.44048,56.77319],[13.44048,56.77319],[13.44056,56.77302],[13.44056,56.77302],[13.44038,56.7728],[13.44038,56.7728],[13.44038,56.7728],[13.44022,56.77283],[13.4399,56.77277],[13.43985,56.77267],[13.43985,56.77267],[13.43963,56.77258],[13.43963,56.77258],[13.43963,56.77258],[13.43946,56.77265],[13.43922,56.77269],[13.43914,56.77276],[13.43893,56.77277],[13.43879,56.77287],[13.43859,56.77289],[13.43832,56.77275],[13.4384,56.77261],[13.43866,56.77242],[13.43882,56.77238],[13.43882,56.77238],[13.43882,56.77238],[13.4388,56.77227],[13.439,56.77202],[13.439,56.77202],[13.439,56.77202],[13.4387,56.77188],[13.43837,56.77171],[13.43807,56.77163],[13.43777,56.77161],[13.43777,56.77161],[13.43755,56.77166],[13.43734,56.77161],[13.43718,56.77152],[13.43709,56.77143],[13.43713,56.77127],[13.43706,56.77104],[13.43704,56.77076],[13.43714,56.77076],[13.43714,56.77076],[13.43714,56.77076],[13.4371,56.76965],[13.43785,56.76921],[13.43785,56.76921],[13.4379,56.76764],[13.43865,56.76744],[13.43972,56.76754],[13.43972,56.76754],[13.44006,56.7673],[13.44001,56.76706],[13.44001,56.76706],[13.43939,56.76671],[13.43832,56.7665],[13.43832,56.7665],[13.43731,56.76662],[13.43693,56.76598],[13.43584,56.7653],[13.43374,56.7635],[13.4338,56.7635],[13.43402,56.76346],[13.43426,56.76351],[13.43442,56.76351],[13.43442,56.76351],[13.43442,56.7635],[13.43445,56.76345],[13.43445,56.76345],[13.43422,56.76334],[13.43403,56.76319],[13.4341,56.76309],[13.4341,56.76309],[13.434,56.763],[13.43407,56.76294],[13.43405,56.76288],[13.43405,56.76288],[13.43391,56.76284],[13.43364,56.76261],[13.43371,56.76247],[13.43379,56.76235],[13.43377,56.76221],[13.43369,56.76215],[13.43369,56.76215],[13.43353,56.76212],[13.43353,56.76212],[13.43345,56.76215],[13.43338,56.76211],[13.4334,56.76207],[13.4334,56.76207],[13.43329,56.76198],[13.43332,56.76195],[13.43342,56.76194],[13.43352,56.76199],[13.43363,56.762],[13.43363,56.762],[13.4337,56.76196],[13.4337,56.76196],[13.43376,56.76186],[13.43388,56.76181],[13.43397,56.76173],[13.43397,56.76173],[13.43393,56.76165],[13.43393,56.7616],[13.43401,56.76157],[13.4341,56.76156],[13.43411,56.76156],[13.43426,56.76139],[13.43429,56.76129],[13.43447,56.76117],[13.43476,56.76117],[13.43511,56.76111],[13.43549,56.76104],[13.43578,56.76105],[13.43601,56.76106],[13.43601,56.76106],[13.43608,56.76097],[13.43608,56.76097],[13.43608,56.76097],[13.43591,56.76089],[13.43573,56.76082],[13.43556,56.76079],[13.4355,56.7607],[13.43557,56.7606],[13.43575,56.76055],[13.4362,56.76052],[13.43647,56.7606],[13.43663,56.76068],[13.43683,56.76067],[13.43683,56.76067],[13.43698,56.76058],[13.43707,56.76052],[13.43707,56.76052],[13.43707,56.76052],[13.43692,56.76045],[13.43664,56.76036],[13.4364,56.76024],[13.43634,56.76013],[13.43621,56.75999],[13.43609,56.75982],[13.43591,56.75976],[13.43566,56.75975],[13.43554,56.75978],[13.43553,56.75978],[13.43546,56.75991],[13.43538,56.76003],[13.43518,56.76009],[13.43499,56.7601],[13.4348,56.76],[13.43467,56.75985],[13.4346,56.75975],[13.4346,56.75975],[13.43451,56.75971],[13.4345,56.75971],[13.43436,56.75971],[13.43425,56.75974],[13.43416,56.7597],[13.43415,56.75959],[13.4343,56.75942],[13.4344,56.75927],[13.43443,56.75908],[13.43439,56.75899],[13.44779,56.75097],[13.44779,56.75097],[13.44779,56.75097],[13.44775,56.75094],[13.44773,56.75082],[13.44775,56.75072],[13.44776,56.75065],[13.44771,56.75057],[13.44753,56.75053],[13.44724,56.75055],[13.44672,56.75063],[13.44588,56.75081],[13.44533,56.75088],[13.44491,56.75089],[13.44456,56.75089],[13.44421,56.7509],[13.44387,56.75084],[13.44352,56.75081],[13.44352,56.75081],[13.44339,56.75085],[13.44339,56.75085],[13.44335,56.7509],[13.44328,56.75101],[13.44315,56.75113],[13.44292,56.75117],[13.44251,56.7512],[13.44223,56.75123],[13.44196,56.75134],[13.44176,56.75141],[13.44151,56.75156],[13.44127,56.75177],[13.44101,56.75194],[13.44101,56.75194],[13.441,56.752],[13.44097,56.75205],[13.44092,56.75208],[13.44083,56.75207],[13.44073,56.75203],[13.44067,56.75199],[13.44065,56.75197],[13.44058,56.75194],[13.44061,56.7519],[13.44068,56.75188],[13.44068,56.75188],[13.44068,56.75188],[13.44064,56.75181],[13.44068,56.75171],[13.44067,56.75161],[13.44062,56.75153],[13.4405,56.7514],[13.44027,56.75132],[13.44027,56.75132],[13.44011,56.75138],[13.44011,56.75138],[13.44011,56.75138],[13.44011,56.75146],[13.44022,56.75159],[13.44028,56.75168],[13.44026,56.75178],[13.44008,56.75183],[13.43988,56.75181],[13.43962,56.7517],[13.43937,56.75154],[13.43909,56.75136],[13.43881,56.75126],[13.43862,56.75122],[13.43836,56.7512],[13.43836,56.7512],[13.4382,56.75125],[13.438,56.75144],[13.43773,56.75165],[13.4376,56.75175],[13.43742,56.75179],[13.43724,56.75176],[13.4371,56.75174],[13.43692,56.75167],[13.43681,56.75156],[13.43682,56.75148],[13.43688,56.75135],[13.43696,56.75123],[13.43699,56.75104],[13.43697,56.75095],[13.43698,56.75076],[13.43689,56.75067],[13.43665,56.75064],[13.43647,56.75065],[13.43614,56.75078],[13.43592,56.75093],[13.43583,56.75103],[13.43565,56.75112],[13.4355,56.75115],[13.43532,56.75115],[13.43515,56.75109],[13.43501,56.75101],[13.43483,56.75093],[13.4347,56.75082],[13.43452,56.75078],[13.43451,56.75078],[13.43427,56.75086],[13.43413,56.751],[13.43393,56.7511],[13.43374,56.7511],[13.43354,56.75092],[13.43329,56.75078],[13.43298,56.75069],[13.43278,56.75055],[13.43252,56.75035],[13.43233,56.75013],[13.43198,56.74977],[13.43187,56.74966],[13.43187,56.74966],[13.43173,56.74963],[13.43173,56.74963],[13.43158,56.74965],[13.43143,56.74969],[13.43143,56.74969],[13.43137,56.74975],[13.43131,56.74986],[13.43126,56.75],[13.43121,56.75012],[13.4311,56.75018],[13.43092,56.75021],[13.43081,56.75019],[13.43072,56.7501],[13.43068,56.74997],[13.43059,56.74976],[13.43044,56.74966],[13.43044,56.74966],[13.43022,56.74968],[13.43022,56.74968],[13.43006,56.74978],[13.42999,56.74989],[13.42984,56.75002],[13.42965,56.75009],[13.42948,56.75011],[13.42933,56.75005],[13.42921,56.74995],[13.42919,56.7498],[13.4292,56.74966],[13.4293,56.74953],[13.42932,56.74935],[13.42928,56.74922],[13.42914,56.7491],[13.42894,56.74904],[13.42894,56.74904],[13.42868,56.74907],[13.42851,56.74917],[13.42829,56.74935],[13.42804,56.74948],[13.42783,56.74966],[13.42771,56.74982],[13.42776,56.75004],[13.42751,56.75024],[13.4272,56.75031],[13.42676,56.7504],[13.42651,56.75044],[13.42629,56.75043],[13.42548,56.75043],[13.4253,56.75045],[13.42529,56.75045],[13.42518,56.75058],[13.42518,56.75058],[13.42517,56.75073],[13.42521,56.75094],[13.42524,56.7511],[13.42514,56.75122],[13.42486,56.75135],[13.42457,56.7515],[13.42427,56.75169],[13.42402,56.75176],[13.42354,56.75176],[13.42324,56.7518],[13.42298,56.75182],[13.42274,56.75176],[13.42261,56.75166],[13.42237,56.75154],[13.42214,56.75138],[13.42203,56.75131],[13.4216,56.75126],[13.42126,56.7512],[13.42096,56.75114],[13.42068,56.75108],[13.42061,56.75106],[13.42053,56.75096],[13.42033,56.75084],[13.42013,56.75076],[13.41985,56.75071],[13.41958,56.75069],[13.41938,56.75063],[13.41933,56.75057],[13.41927,56.75042],[13.41922,56.7503],[13.41922,56.7503],[13.41906,56.75019],[13.41875,56.75006],[13.41839,56.74993],[13.41808,56.74985],[13.41768,56.74978],[13.41736,56.74979],[13.41715,56.74983],[13.41693,56.74984],[13.4167,56.74989],[13.4165,56.74985],[13.4164,56.74975],[13.41635,56.74961],[13.41647,56.74941],[13.41649,56.74928],[13.41649,56.74928],[13.4164,56.74925],[13.4164,56.74925],[13.4158,56.74921],[13.41574,56.74912],[13.41575,56.74901],[13.41575,56.7489],[13.41571,56.74877],[13.41571,56.74877],[13.41558,56.74868],[13.41546,56.7486],[13.41525,56.74856],[13.41506,56.74854],[13.41495,56.74846],[13.41524,56.74823],[13.4154,56.74819],[13.41564,56.74814],[13.41593,56.7481],[13.41609,56.74802],[13.41611,56.74792],[13.41611,56.74792],[13.41602,56.74783],[13.41583,56.74769],[13.41562,56.7475],[13.41557,56.74739],[13.41565,56.74735],[13.4158,56.74736],[13.41598,56.74745],[13.41615,56.74745],[13.41615,56.74745],[13.4163,56.74735],[13.41641,56.74717],[13.41645,56.74692],[13.41652,56.7466],[13.41657,56.74632],[13.41661,56.74613],[13.41676,56.7461],[13.4169,56.74606],[13.41711,56.74601],[13.41711,56.74601],[13.41719,56.74592],[13.41719,56.74592],[13.41711,56.74583],[13.41711,56.74583],[13.41697,56.74576],[13.41675,56.74571],[13.41666,56.74559],[13.41655,56.74543],[13.41632,56.74533],[13.41596,56.74523],[13.41563,56.74516],[13.41521,56.74508],[13.41475,56.74502],[13.41471,56.745],[13.41457,56.74493],[13.41442,56.74461],[13.41434,56.74432],[13.41442,56.74422],[13.41461,56.74413],[13.41482,56.74403],[13.41493,56.74392],[13.41496,56.74381],[13.415,56.7437],[13.41504,56.74364],[13.41519,56.74364],[13.41535,56.74375],[13.41551,56.74382],[13.41551,56.74382],[13.4156,56.74382],[13.41561,56.74382],[13.41573,56.74375],[13.41577,56.7437],[13.41571,56.74357],[13.41558,56.74332],[13.41558,56.74332],[13.41546,56.74325],[13.41509,56.74317],[13.41493,56.74313],[13.4148,56.74305],[13.41471,56.74291],[13.41472,56.74277],[13.41485,56.74264],[13.41492,56.74254],[13.41492,56.74254],[13.41489,56.74247],[13.41469,56.7424],[13.41426,56.74233],[13.41372,56.74221],[13.41354,56.74213],[13.41325,56.7419],[13.41294,56.74168],[13.41244,56.74137],[13.41206,56.74125],[13.41176,56.74118],[13.41141,56.74112],[13.41135,56.74103],[13.41127,56.74088],[13.41114,56.74077],[13.4111,56.74064],[13.4111,56.74064],[13.41086,56.74055],[13.41085,56.74055],[13.41059,56.74057],[13.41033,56.74061],[13.41026,56.74062],[13.41026,56.74062],[13.41018,56.74073],[13.41007,56.74081],[13.40976,56.74085],[13.40962,56.74081],[13.40953,56.74076],[13.40953,56.74076],[13.4092,56.74079],[13.40846,56.74085],[13.40788,56.74071],[13.40775,56.74068],[13.40737,56.74061],[13.40737,56.74061],[13.40716,56.74065],[13.40697,56.74062],[13.40689,56.74049],[13.4069,56.74044],[13.40695,56.74021],[13.40693,56.74001],[13.40694,56.73988],[13.40691,56.73978],[13.4069,56.73978],[13.40684,56.73974],[13.40676,56.73969],[13.4063,56.73952],[13.40606,56.73946],[13.40564,56.73949],[13.40543,56.73952],[13.40532,56.73948],[13.4053,56.73939],[13.40529,56.73929],[13.40521,56.73922],[13.40521,56.73922],[13.40521,56.73922],[13.40495,56.73921],[13.40479,56.73923],[13.40439,56.73938],[13.40422,56.73946],[13.40419,56.73948],[13.40376,56.73951],[13.40354,56.73955],[13.40337,56.7396],[13.40301,56.73994],[13.40287,56.74014],[13.40278,56.74023],[13.40262,56.74027],[13.40249,56.74026],[13.40237,56.74017],[13.40229,56.7401],[13.40229,56.7401],[13.40177,56.74001],[13.4013,56.73995],[13.40085,56.73981],[13.40052,56.73977],[13.40009,56.73984],[13.39969,56.7399],[13.39939,56.74],[13.3991,56.74013],[13.3989,56.74028],[13.39862,56.74037],[13.39832,56.74042],[13.398,56.74051],[13.39778,56.74056],[13.39753,56.74056],[13.39728,56.74052],[13.39697,56.7404],[13.39638,56.74012],[13.39605,56.74003],[13.39551,56.73999],[13.3951,56.74],[13.39486,56.74],[13.39426,56.74004],[13.3939,56.74016],[13.39369,56.74019],[13.39352,56.74007],[13.39339,56.73998],[13.39326,56.73981],[13.39319,56.73972],[13.39308,56.73958],[13.39301,56.73951],[13.39202,56.73902],[13.3915,56.73874],[13.39145,56.73867],[13.39145,56.73858],[13.39142,56.73849],[13.39142,56.73849],[13.39114,56.73842],[13.39074,56.73835],[13.39057,56.73835],[13.39015,56.73844],[13.38987,56.73847],[13.38969,56.73845],[13.38966,56.7383],[13.38969,56.73802],[13.38969,56.73802],[13.38962,56.73796],[13.38962,56.73796],[13.38916,56.73785],[13.38893,56.7378],[13.38879,56.7377],[13.38875,56.73763],[13.38847,56.73717],[13.38831,56.73705],[13.38813,56.73701],[13.38756,56.73699],[13.38685,56.7369],[13.38685,56.7369],[13.38685,56.7369],[13.38252,56.74035],[13.38252,56.74035],[13.38252,56.74035],[13.38259,56.74039],[13.38352,56.74127],[13.38535,56.74212],[13.3873,56.74261],[13.38766,56.74353],[13.38742,56.74414],[13.38825,56.74485],[13.38816,56.74518],[13.38681,56.74538],[13.38681,56.74538],[13.38569,56.7462],[13.38532,56.74613],[13.38562,56.7458],[13.38562,56.7458],[13.38562,56.7458],[13.38561,56.7458],[13.38432,56.74583],[13.38432,56.74583],[13.38432,56.74583],[13.38432,56.74583],[13.38473,56.74668],[13.38456,56.7474],[13.38351,56.74765]],[[13.393,56.74894],[13.39309,56.74815],[13.39571,56.74854],[13.39639,56.74902],[13.39671,56.74934],[13.39586,56.75068],[13.39586,56.75068],[13.39586,56.75068],[13.39586,56.75068],[13.39668,56.75074],[13.39743,56.75123],[13.39796,56.75303],[13.39829,56.75414],[13.39844,56.75461],[13.39965,56.75863],[13.39867,56.75866],[13.39499,56.75764],[13.39499,56.75764],[13.39499,56.75764],[13.3947,56.75773],[13.39368,56.75638],[13.3941,56.75609],[13.39432,56.75582],[13.39427,56.75555],[13.39425,56.75429],[13.39425,56.75429],[13.39425,56.75429],[13.3932,56.75383],[13.39401,56.75339],[13.39441,56.75305],[13.39441,56.75305],[13.39432,56.7529],[13.39428,56.75257],[13.39428,56.75257],[13.39407,56.75236],[13.3938,56.75215],[13.39359,56.75188],[13.39332,56.75166],[13.39303,56.75151],[13.39295,56.75139],[13.39297,56.75122],[13.393,56.75105],[13.39311,56.75097],[13.39317,56.75091],[13.39317,56.7509],[13.39312,56.75087],[13.39305,56.75081],[13.39302,56.75068],[13.39312,56.75055],[13.39401,56.75003],[13.39417,56.74976],[13.39417,56.74976],[13.39365,56.74952],[13.393,56.74894]],[[13.40603,56.77494],[13.40624,56.77487],[13.40624,56.77487],[13.40634,56.77469],[13.40641,56.77452],[13.40652,56.77444],[13.40652,56.77444],[13.4065,56.77434],[13.40634,56.77418],[13.40622,56.77403],[13.40625,56.77392],[13.40637,56.77385],[13.40648,56.7738],[13.4065,56.77381],[13.4065,56.77381],[13.4065,56.77381],[13.40741,56.77339],[13.40848,56.77309],[13.40947,56.77314],[13.41015,56.77325],[13.41054,56.77349],[13.41031,56.77389],[13.41031,56.77389],[13.41093,56.77415],[13.41075,56.77616],[13.41075,56.77616],[13.41279,56.77716],[13.41279,56.77716],[13.41463,56.77718],[13.41534,56.77731],[13.41597,56.77764],[13.41556,56.77849],[13.41443,56.77815],[13.41443,56.77815],[13.41443,56.77815],[13.41435,56.78098],[13.41368,56.78132],[13.41368,56.78132],[13.41368,56.78133],[13.41394,56.78155],[13.41394,56.78155],[13.41394,56.78155],[13.41503,56.78138],[13.4153,56.78186],[13.41414,56.78193],[13.41324,56.78198],[13.41324,56.78198],[13.41324,56.78198],[13.41324,56.78198],[13.41402,56.78281],[13.41498,56.7834],[13.41323,56.78353],[13.4103,56.78419],[13.40864,56.78224],[13.40868,56.78077],[13.40968,56.78028],[13.40968,56.78028],[13.40968,56.78028],[13.40854,56.77951],[13.40766,56.77898],[13.40718,56.7783],[13.40693,56.7776],[13.40668,56.77688],[13.40656,56.77633],[13.40656,56.77631],[13.40603,56.77494]]]},"properties":{"NVRID":"2002378","NAMN":"Årshultsmyren","SKYDDSTYP":"Naturreservat","LAN":"Kronobergs Län","KOMMUN":"Ljungby","IUCNKATEGORI":"Ib, Vildmarksområde (Wilderness Area)","FORVALTARE":"Länsstyrelsen i Kronobergs län","AREA_HA":1499.576,"URSPR_BESLUTSDATUM":""}},{"type":"Feature","geometry":{"type":"Polygon","coordinates":[[[14.74941,56.91066],[14.74987,56.91066],[14.7499,56.91066],[14.7499,56.91066],[14.75069,56.91017],[14.75074,56.91],[14.75085,56.91],[14.75085,56.91],[14.75086,56.91],[14.75115,56.90929],[14.7513,56.90891],[14.75163,56.90895],[14.75164,56.90895],[14.75164,56.90895],[14.75164,56.90894],[14.75162,56.90887],[14.75156,56.9088],[14.75156,56.90873],[14.75156,56.90873],[14.75149,56.9087],[14.75143,56.90869],[14.75143,56.90869],[14.7514,56.90873],[14.75136,56.90877],[14.75128,56.90878],[14.75119,56.90875],[14.75118,56.90867],[14.75114,56.90859],[14.75115,56.90853],[14.75121,56.90846],[14.75124,56.90838],[14.75125,56.90831],[14.75131,56.90827],[14.7514,56.90824],[14.75147,56.90825],[14.75152,56.9083],[14.75152,56.90836],[14.75152,56.90836],[14.75153,56.90836],[14.7516,56.90837],[14.75161,56.90837],[14.75166,56.90833],[14.7517,56.90826],[14.75172,56.90815],[14.75172,56.90808],[14.7517,56.90796],[14.75167,56.90786],[14.7516,56.90781],[14.75156,56.90774],[14.75153,56.90767],[14.75149,56.90762],[14.75149,56.90751],[14.75146,56.90739],[14.75146,56.9073],[14.75143,56.90725],[14.7514,56.90716],[14.75135,56.90708],[14.75136,56.90697],[14.75134,56.90685],[14.75137,56.90676],[14.75141,56.90664],[14.75142,56.90653],[14.75147,56.90645],[14.75152,56.90638],[14.75157,56.90626],[14.75163,56.90614],[14.75166,56.90603],[14.75166,56.90593],[14.75168,56.90585],[14.75166,56.90579],[14.75161,56.9057],[14.75156,56.90564],[14.75148,56.90556],[14.75144,56.90548],[14.75145,56.90542],[14.75144,56.90536],[14.75139,56.90531],[14.75132,56.90522],[14.75126,56.90512],[14.75123,56.90506],[14.75116,56.90499],[14.75103,56.90488],[14.75091,56.90477],[14.75086,56.9047],[14.75086,56.9047],[14.75085,56.9047],[14.75081,56.90471],[14.75075,56.90472],[14.75075,56.90472],[14.75073,56.90481],[14.75071,56.9049],[14.75068,56.90501],[14.75064,56.90507],[14.7506,56.90518],[14.75056,56.90526],[14.75052,56.90532],[14.75051,56.90538],[14.75054,56.90549],[14.75059,56.90554],[14.75065,56.9056],[14.75065,56.9056],[14.75075,56.90563],[14.75084,56.90564],[14.75095,56.90568],[14.75098,56.90574],[14.75097,56.90579],[14.75098,56.9059],[14.75096,56.90596],[14.751,56.90607],[14.75098,56.90615],[14.75102,56.9063],[14.75106,56.9064],[14.75115,56.90653],[14.75123,56.90666],[14.75125,56.90677],[14.75124,56.90685],[14.75118,56.90696],[14.75103,56.9071],[14.75097,56.90724],[14.75091,56.90731],[14.75085,56.90738],[14.75077,56.90741],[14.75068,56.90749],[14.75063,56.9076],[14.75054,56.9077],[14.75047,56.90781],[14.75045,56.9079],[14.75045,56.90801],[14.75037,56.9081],[14.75029,56.90818],[14.75019,56.90827],[14.75009,56.90837],[14.75001,56.90843],[14.74997,56.9085],[14.7499,56.90856],[14.74976,56.90863],[14.74966,56.90865],[14.74966,56.90865],[14.74957,56.90883],[14.74953,56.9091],[14.74953,56.90937],[14.74957,56.90945],[14.74959,56.9095],[14.74959,56.90956],[14.74956,56.90969],[14.74953,56.90974],[14.74946,56.90981],[14.74939,56.90987],[14.74935,56.90991],[14.74931,56.90997],[14.74925,56.91011],[14.7492,56.91026],[14.74919,56.91032],[14.74919,56.91038],[14.7492,56.91049],[14.74922,56.91054],[14.74928,56.91067],[14.74928,56.91067],[14.74928,56.91067],[14.74941,56.91066]]]},"properties":{"NVRID":"2002584","NAMN":"Dragsåsen","SKYDDSTYP":"Naturreservat","LAN":"Kronobergs Län","KOMMUN":"Växjö","IUCNKATEGORI":"III, Naturmonument (Natural Monument)","FORVALTARE":"Växjö kommun","AREA_HA":3.917,"URSPR_BESLUTSDATUM":""}},{"type":"Feature","geometry":{"type":"Polygon","coordinates":[[[14.25363,56.77611],[14.25477,56.77885],[14.25477,56.77885],[14.25537,56.77911],[14.25609,56.77942],[14.25827,56.78039],[14.26012,56.7812],[14.26012,56.7812],[14.26816,56.78217],[14.27047,56.78254],[14.27047,56.78254],[14.27047,56.78254],[14.27047,56.78254],[14.27047,56.78254],[14.27031,56.78247],[14.27004,56.78239],[14.26944,56.78222],[14.26924,56.78213],[14.26907,56.78203],[14.26886,56.78188],[14.26849,56.7816],[14.26812,56.78131],[14.26784,56.78108],[14.26758,56.78091],[14.26729,56.78075],[14.26698,56.78057],[14.26669,56.78037],[14.26653,56.78019],[14.26646,56.78003],[14.26645,56.77989],[14.26649,56.77972],[14.26658,56.77955],[14.26688,56.77919],[14.26708,56.77898],[14.26735,56.77868],[14.26755,56.77846],[14.26765,56.77832],[14.26769,56.7782],[14.26769,56.77807],[14.26764,56.77788],[14.26755,56.7776],[14.26749,56.77734],[14.26741,56.77707],[14.26736,56.77684],[14.26735,56.77664],[14.26739,56.7765],[14.26742,56.77641],[14.26755,56.77624],[14.26771,56.77604],[14.26786,56.7758],[14.26802,56.77558],[14.26818,56.77532],[14.26823,56.77512],[14.26827,56.77489],[14.26828,56.77464],[14.26829,56.77445],[14.26832,56.77426],[14.26833,56.77397],[14.26832,56.77372],[14.26836,56.77345],[14.26836,56.77345],[14.26584,56.77237],[14.26252,56.77096],[14.26252,56.77096],[14.26002,56.77122],[14.25851,56.7703],[14.25806,56.76987],[14.25594,56.76956],[14.25591,56.76952],[14.25586,56.76938],[14.25585,56.76923],[14.25586,56.7691],[14.25593,56.76891],[14.25604,56.76865],[14.25604,56.76865],[14.25604,56.76865],[14.25489,56.76873],[14.25488,56.76873],[14.25488,56.76873],[14.25492,56.769],[14.25502,56.76919],[14.25509,56.76942],[14.25517,56.76962],[14.2553,56.77022],[14.25547,56.77112],[14.25432,56.77223],[14.2542,56.77231],[14.25401,56.77281],[14.25394,56.77323],[14.25388,56.77377],[14.25363,56.77611]],[[14.26564,56.77608],[14.26569,56.77527],[14.26582,56.77525],[14.26656,56.77576],[14.26671,56.7759],[14.26684,56.77597],[14.26676,56.77632],[14.26615,56.77638],[14.26601,56.77608],[14.26601,56.77608],[14.26601,56.77608],[14.26564,56.77608]]]},"properties":{"NVRID":"2014931","NAMN":"Granhultsberget","SKYDDSTYP":"Naturreservat","LAN":"Kronobergs Län","KOMMUN":"Ljungby","IUCNKATEGORI":"IV, Habitat/Artskyddsområde (Habitat/Species Management Area)","FORVALTARE":"Länsstyrelsen i Kronobergs län","AREA_HA":90.289,"URSPR_BESLUTSDATUM":""}},{"type":"Feature","geometry":{"type":"Polygon","coordinates":[[[14.92244,56.57617],[14.92246,56.57621],[14.92247,56.57634],[14.92242,56.57639],[14.92245,56.57648],[14.92245,56.57648],[14.92256,56.57656],[14.92271,56.57669],[14.92278,56.57685],[14.92282,56.57703],[14.92281,56.57716],[14.92281,56.57716],[14.92291,56.5772],[14.92307,56.57733],[14.92328,56.57752],[14.92349,56.57762],[14.92374,56.57768],[14.92398,56.57767],[14.92398,56.57767],[14.9241,56.57762],[14.92429,56.5775],[14.92448,56.57744],[14.92469,56.57735],[14.92484,56.57728],[14.92513,56.57725],[14.92535,56.57729],[14.92552,56.57739],[14.92576,56.57747],[14.92601,56.5775],[14.92601,56.5775],[14.92618,56.57744],[14.92631,56.57735],[14.92651,56.57728],[14.92663,56.57719],[14.92671,56.57707],[14.92686,56.57697],[14.9271,56.57688],[14.92734,56.57684],[14.92775,56.57676],[14.92804,56.5767],[14.92827,56.57664],[14.92862,56.57656],[14.92865,56.57664],[14.92865,56.57664],[14.9287,56.57665],[14.92887,56.57666],[14.92901,56.57665],[14.92916,56.57663],[14.92943,56.57661],[14.92966,56.5766],[14.92975,56.57659],[14.92975,56.57659],[14.92985,56.57648],[14.92993,56.57635],[14.92999,56.57628],[14.93016,56.57625],[14.93031,56.57622],[14.93055,56.57615],[14.93081,56.57609],[14.93091,56.57604],[14.931,56.57604],[14.93112,56.57606],[14.93119,56.57608],[14.93119,56.57608],[14.93119,56.57608],[14.93129,56.576],[14.93169,56.57547],[14.93169,56.57547],[14.93169,56.57547],[14.93138,56.57545],[14.9313,56.5754],[14.93125,56.57528],[14.9313,56.57526],[14.9313,56.57526],[14.9313,56.57526],[14.93118,56.57519],[14.93117,56.57512],[14.93122,56.57506],[14.93122,56.57506],[14.93116,56.575],[14.93114,56.57491],[14.93122,56.57484],[14.93126,56.57475],[14.93126,56.57475],[14.93117,56.5747],[14.93115,56.57463],[14.93143,56.57453],[14.9315,56.57447],[14.9315,56.57441],[14.93149,56.57439],[14.93149,56.57439],[14.93149,56.57439],[14.92932,56.57419],[14.92758,56.57302],[14.92758,56.57302],[14.92758,56.57302],[14.92755,56.57303],[14.92736,56.57314],[14.92718,56.57317],[14.92704,56.57317],[14.92704,56.57317],[14.92701,56.57321],[14.927,56.57328],[14.9269,56.5733],[14.92687,56.57333],[14.92686,56.57338],[14.92686,56.57338],[14.92693,56.57342],[14.92689,56.57345],[14.92672,56.57353],[14.92655,56.57363],[14.92636,56.57373],[14.92626,56.57375],[14.92597,56.57366],[14.92585,56.57357],[14.92586,56.57346],[14.92594,56.57334],[14.92601,56.57321],[14.92608,56.57321],[14.92612,56.57319],[14.92612,56.57319],[14.92611,56.57314],[14.92604,56.57311],[14.92604,56.57304],[14.92602,56.57296],[14.92602,56.57296],[14.92592,56.5729],[14.92574,56.57287],[14.92563,56.57289],[14.92552,56.57295],[14.92539,56.57298],[14.92528,56.57293],[14.92513,56.57291],[14.92496,56.57284],[14.9248,56.57276],[14.92464,56.57274],[14.92463,56.57274],[14.92456,56.57278],[14.92443,56.57281],[14.92422,56.57284],[14.92395,56.57291],[14.92379,56.57293],[14.92379,56.57293],[14.92374,56.573],[14.92374,56.57313],[14.92364,56.57322],[14.9236,56.57334],[14.92359,56.5735],[14.92364,56.57362],[14.92377,56.57375],[14.92375,56.57381],[14.92375,56.57381],[14.92375,56.57381],[14.92384,56.57384],[14.92374,56.5739],[14.92357,56.57388],[14.92357,56.57388],[14.92345,56.57396],[14.92329,56.57402],[14.92314,56.57413],[14.92309,56.57422],[14.92309,56.57422],[14.92309,56.57422],[14.92319,56.5743],[14.92315,56.57445],[14.92309,56.57455],[14.92294,56.57467],[14.92293,56.57477],[14.9229,56.57489],[14.92279,56.57502],[14.92274,56.57516],[14.9228,56.5755],[14.92271,56.57564],[14.92265,56.57583],[14.9226,56.57592],[14.92241,56.57604],[14.92237,56.57615],[14.92237,56.57615],[14.92237,56.57615],[14.92244,56.57617]]]},"properties":{"NVRID":"2043486","NAMN":"Hyllesbolsö","SKYDDSTYP":"Naturreservat","LAN":"Kronobergs Län","KOMMUN":"Tingsryd","IUCNKATEGORI":"Ia, Strikt naturreservat (Strict Nature Reserve)","FORVALTARE":"Länsstyrelsen i Kronobergs län","AREA_HA":19.693,"URSPR_BESLUTSDATUM":""}},{"type":"Feature","geometry":{"type":"MultiPolygon","coordinates":[[[[14.4522,57.01261],[14.45236,57.01291],[14.45236,57.01291],[14.45243,57.01294],[14.45287,57.01308],[14.45285,57.01312],[14.45258,57.01346],[14.45249,57.01368],[14.45249,57.01368],[14.45249,57.01368],[14.45298,57.01381],[14.45376,57.01377],[14.45376,57.01377],[14.45415,57.01345],[14.45429,57.01308],[14.45453,57.01273],[14.4546,57.01272],[14.4546,57.01272],[14.45505,57.0124],[14.45516,57.01231],[14.45526,57.01211],[14.45529,57.01187],[14.4553,57.01175],[14.4553,57.01175],[14.4553,57.01175],[14.4553,57.01175],[14.4512,57.01148],[14.4512,57.01148],[14.4512,57.01148],[14.4512,57.01149],[14.45114,57.01186],[14.4511,57.01216],[14.45109,57.01228],[14.4511,57.01253],[14.4511,57.01253],[14.4511,57.01253],[14.45168,57.01253],[14.4522,57.01261]]],[[[14.45352,57.01043],[14.45342,57.01048],[14.45342,57.01048],[14.45342,57.01049],[14.45404,57.01061],[14.45478,57.01076],[14.45491,57.01077],[14.45535,57.0108],[14.45554,57.01081],[14.45577,57.01088],[14.45587,57.01091],[14.45591,57.01092],[14.45624,57.0111],[14.45624,57.0111],[14.45631,57.01111],[14.45631,57.01111],[14.45631,57.01111],[14.45631,57.01111],[14.45631,57.01041],[14.4575,57.01047],[14.4575,57.01047],[14.4575,57.01047],[14.45748,57.01023],[14.45748,57.01023],[14.45748,57.01023],[14.45637,57.01022],[14.45668,57.00953],[14.45677,57.00931],[14.45737,57.00932],[14.4574,57.00932],[14.45745,57.00932],[14.4575,57.00966],[14.45752,57.00977],[14.45752,57.00996],[14.45755,57.01014],[14.45757,57.01023],[14.45759,57.01038],[14.45759,57.01047],[14.45759,57.01047],[14.45759,57.01047],[14.45759,57.01047],[14.45778,57.01048],[14.4599,57.01048],[14.45992,57.01048],[14.45992,57.01048],[14.45992,57.01048],[14.45992,57.01048],[14.45988,57.0104],[14.45981,57.01029],[14.45975,57.01018],[14.45968,57.01011],[14.45934,57.00994],[14.45953,57.00967],[14.45977,57.00939],[14.45993,57.00921],[14.46006,57.00906],[14.46022,57.00887],[14.46038,57.00869],[14.46076,57.00866],[14.46076,57.00866],[14.46151,57.00792],[14.46158,57.00713],[14.46205,57.00708],[14.46205,57.00708],[14.46205,57.00708],[14.46192,57.00682],[14.46184,57.00668],[14.46172,57.00642],[14.46172,57.00642],[14.46172,57.00642],[14.46154,57.00647],[14.46055,57.00686],[14.45965,57.00719],[14.45938,57.00728],[14.45709,57.00762],[14.45709,57.00762],[14.45709,57.00762],[14.45705,57.00768],[14.45704,57.00772],[14.45585,57.00781],[14.45567,57.00719],[14.45567,57.00719],[14.45567,57.00719],[14.45529,57.00725],[14.45529,57.00722],[14.45527,57.00719],[14.45542,57.00712],[14.45556,57.00703],[14.45577,57.00683],[14.45598,57.00676],[14.45629,57.00672],[14.45629,57.00672],[14.45629,57.00672],[14.45629,57.00672],[14.45627,57.00669],[14.45627,57.00669],[14.4562,57.00668],[14.45606,57.00666],[14.45574,57.00657],[14.45549,57.00651],[14.45511,57.00644],[14.45486,57.00638],[14.45456,57.00631],[14.45456,57.00631],[14.45456,57.00631],[14.45456,57.00631],[14.45449,57.00664],[14.4544,57.00712],[14.45411,57.00858],[14.45411,57.00883],[14.45409,57.00916],[14.45395,57.00932],[14.4538,57.00947],[14.45374,57.00964],[14.45364,57.00982],[14.45354,57.01006],[14.4535,57.01015],[14.45347,57.01023],[14.45352,57.01043]],[[14.45716,57.00834],[14.45721,57.00833],[14.45721,57.00833],[14.45721,57.00833],[14.45732,57.00833],[14.45842,57.00825],[14.4585,57.00862],[14.45789,57.00868],[14.45737,57.00873],[14.45727,57.00874],[14.457,57.00876],[14.45716,57.00834]]]]},"properties":{"NVRID":"2046914","NAMN":"Hakatorp","SKYDDSTYP":"Naturreservat","LAN":"Kronobergs Län","KOMMUN":"Alvesta","IUCNKATEGORI":"IV, Habitat/Artskyddsområde (Habitat/Species Management Area)","FORVALTARE":"Länsstyrelsen i Kronobergs län","AREA_HA":18.345,"URSPR_BESLUTSDATUM":""}},{"type":"Feature","geometry":{"type":"Polygon","coordinates":[[[14.6795,56.56661],[14.6795,56.56661],[14.6795,56.56661],[14.67795,56.56655],[14.67795,56.56655],[14.67675,56.56811],[14.67675,56.56812],[14.67675,56.56812],[14.67676,56.56812],[14.67921,56.56849],[14.67921,56.56849],[14.67921,56.56849],[14.67921,56.56849],[14.6795,56.56661]]]},"properties":{"NVRID":"2002355","NAMN":"Toftåsa myr","SKYDDSTYP":"Naturreservat","LAN":"Kronobergs Län","KOMMUN":"Tingsryd","IUCNKATEGORI":"Ia, Strikt naturreservat (Strict Nature Reserve)","FORVALTARE":"Länsstyrelsen i Kronobergs län","AREA_HA":2.482,"URSPR_BESLUTSDATUM":""}},{"type":"Feature","geometry":{"type":"Polygon","coordinates":[[[14.75448,56.54659],[14.75385,56.54755],[14.75383,56.54793],[14.75383,56.54793],[14.75451,56.54871],[14.75451,56.54871],[14.75451,56.54871],[14.7555,56.54855],[14.7569,56.54831],[14.7583,56.54808],[14.75983,56.54781],[14.76153,56.54751],[14.76444,56.54701],[14.76444,56.54701],[14.76444,56.54701],[14.76444,56.54701],[14.76438,56.54698],[14.7641,56.54683],[14.76402,56.54671],[14.76402,56.5465],[14.76408,56.54631],[14.76422,56.54604],[14.76431,56.54572],[14.76431,56.54557],[14.76427,56.54536],[14.76431,56.5451],[14.76435,56.54505],[14.76443,56.54496],[14.76456,56.54489],[14.76463,56.54481],[14.76459,56.5447],[14.76456,56.54457],[14.76451,56.54443],[14.76435,56.54429],[14.76409,56.54418],[14.76388,56.54413],[14.76357,56.5441],[14.76332,56.54407],[14.76327,56.54406],[14.76278,56.54393],[14.76262,56.54385],[14.76247,56.54374],[14.76233,56.5436],[14.76228,56.54352],[14.76211,56.54333],[14.76194,56.5431],[14.76181,56.54289],[14.76165,56.54279],[14.76141,56.54267],[14.76114,56.54257],[14.76093,56.54254],[14.76064,56.54256],[14.76054,56.54261],[14.76047,56.54268],[14.76032,56.54273],[14.76011,56.54274],[14.7599,56.54272],[14.7597,56.54268],[14.75959,56.54265],[14.75951,56.54248],[14.75951,56.54248],[14.7582,56.54194],[14.75813,56.54192],[14.75808,56.54191],[14.75798,56.5419],[14.75678,56.54172],[14.75645,56.54152],[14.75632,56.54141],[14.75666,56.54132],[14.75667,56.54132],[14.75686,56.54065],[14.75686,56.54065],[14.75686,56.54065],[14.75554,56.54038],[14.7551,56.54037],[14.75151,56.54063],[14.75151,56.54063],[14.75151,56.54063],[14.75175,56.54156],[14.75194,56.54214],[14.75236,56.54267],[14.75363,56.54295],[14.75436,56.54334],[14.75534,56.54336],[14.75613,56.54354],[14.756,56.5436],[14.75577,56.54374],[14.7557,56.54379],[14.75531,56.54405],[14.75506,56.54425],[14.75486,56.54439],[14.75467,56.54458],[14.75449,56.54476],[14.75432,56.54489],[14.75406,56.5451],[14.75374,56.54525],[14.75343,56.54538],[14.75308,56.54554],[14.75282,56.54563],[14.75247,56.54577],[14.75246,56.54577],[14.75246,56.54577],[14.75247,56.54577],[14.75448,56.54659]],[[14.76221,56.54609],[14.76252,56.54597],[14.76277,56.54597],[14.76296,56.54607],[14.76301,56.54617],[14.763,56.5463],[14.76295,56.54642],[14.76291,56.54645],[14.76274,56.5465],[14.76254,56.54651],[14.7624,56.54648],[14.76223,56.54637],[14.76216,56.54622],[14.76221,56.54609]],[[14.76118,56.54422],[14.76122,56.54411],[14.7614,56.54403],[14.7616,56.54401],[14.76172,56.54401],[14.76188,56.54399],[14.76203,56.54399],[14.76212,56.54402],[14.76215,56.5441],[14.76227,56.54417],[14.76227,56.54417],[14.76241,56.54419],[14.76257,56.54426],[14.76258,56.54436],[14.7624,56.54447],[14.76212,56.54451],[14.76185,56.54452],[14.76168,56.5445],[14.7614,56.54439],[14.76118,56.54422]]]},"properties":{"NVRID":"2041696","NAMN":"Ekefors","SKYDDSTYP":"Naturreservat","LAN":"Kronobergs Län","KOMMUN":"Tingsryd","IUCNKATEGORI":"IV, Habitat/Artskyddsområde (Habitat/Species Management Area)","FORVALTARE":"Länsstyrelsen i Kronobergs län","AREA_HA":42.271,"URSPR_BESLUTSDATUM":""}},{"type":"Feature","geometry":{"type":"MultiPolygon","coordinates":[[[[13.8047,56.86396],[13.80707,56.86408],[13.80707,56.86408],[13.80763,56.86381],[13.80864,56.86369],[13.81173,56.86481],[13.81343,56.86626],[13.81343,56.86626],[13.8161,56.86589],[13.81977,56.86538],[13.82001,56.86598],[13.82001,56.86598],[13.82001,56.86598],[13.82254,56.86563],[13.82254,56.86563],[13.82254,56.86563],[13.82225,56.86502],[13.82591,56.86422],[13.8289,56.86409],[13.83016,56.86408],[13.83406,56.86394],[13.83406,56.86394],[13.83499,56.8628],[13.83506,56.86271],[13.83509,56.86264],[13.83503,56.86243],[13.83492,56.86226],[13.83463,56.86194],[13.83424,56.8616],[13.83398,56.8614],[13.83369,56.86123],[13.8331,56.86097],[13.83236,56.86066],[13.83198,56.86055],[13.83165,56.8605],[13.83165,56.8605],[13.83065,56.86113],[13.82671,56.85941],[13.82833,56.85849],[13.82833,56.85849],[13.82818,56.8583],[13.82813,56.85813],[13.82824,56.85788],[13.82841,56.85766],[13.82856,56.85749],[13.82876,56.85731],[13.82891,56.85723],[13.82922,56.85709],[13.82942,56.857],[13.82957,56.85688],[13.82962,56.85674],[13.82961,56.85662],[13.82954,56.85644],[13.82945,56.85635],[13.82945,56.85635],[13.82945,56.85635],[13.82774,56.85712],[13.82592,56.85605],[13.82651,56.85509],[13.82651,56.85509],[13.82651,56.85509],[13.82538,56.85431],[13.82537,56.85431],[13.82433,56.85429],[13.82237,56.85303],[13.82092,56.85211],[13.82091,56.85211],[13.82091,56.85211],[13.81767,56.85369],[13.81414,56.85116],[13.81414,56.85116],[13.81414,56.85116],[13.81093,56.85152],[13.81006,56.85237],[13.8095,56.85292],[13.8095,56.85292],[13.81032,56.85555],[13.81078,56.8568],[13.81034,56.85698],[13.81034,56.85698],[13.81034,56.85698],[13.80979,56.86102],[13.80814,56.86152],[13.80814,56.86152],[13.80806,56.86219],[13.80634,56.86309],[13.80383,56.86284],[13.80383,56.86284],[13.80322,56.86305],[13.80322,56.86305],[13.80319,56.86361],[13.80319,56.86361],[13.8047,56.86396]]],[[[13.79328,56.83303],[13.79317,56.83292],[13.79317,56.83292],[13.79317,56.83292],[13.79317,56.83292],[13.79195,56.83377],[13.79195,56.83377],[13.79195,56.83377],[13.79374,56.83504],[13.79419,56.83536],[13.79363,56.83565],[13.79363,56.83565],[13.79363,56.83565],[13.80127,56.84121],[13.80454,56.84282],[13.80454,56.84282],[13.80524,56.84284],[13.80677,56.84288],[13.80914,56.84294],[13.81272,56.84303],[13.81471,56.84269],[13.82101,56.84429],[13.82105,56.84431],[13.82105,56.84431],[13.82105,56.84431],[13.82147,56.84411],[13.82189,56.84389],[13.82296,56.84339],[13.82296,56.84339],[13.82254,56.84211],[13.82285,56.84171],[13.82453,56.83852],[13.82453,56.83852],[13.82453,56.83852],[13.82381,56.83816],[13.82381,56.83816],[13.82381,56.83816],[13.81851,56.84016],[13.81765,56.84049],[13.81403,56.84027],[13.81311,56.84022],[13.81278,56.83956],[13.81386,56.83916],[13.81514,56.83869],[13.81983,56.83697],[13.81983,56.83697],[13.81983,56.83697],[13.81792,56.83559],[13.81796,56.83559],[13.81812,56.83558],[13.81825,56.83552],[13.81832,56.83547],[13.81833,56.83544],[13.81839,56.83545],[13.81972,56.83565],[13.82052,56.83578],[13.82151,56.83633],[13.82351,56.83745],[13.82351,56.83745],[13.82586,56.83707],[13.82586,56.83707],[13.82688,56.83488],[13.82688,56.83488],[13.82527,56.83398],[13.82669,56.83309],[13.8266,56.83199],[13.8266,56.83199],[13.8248,56.83145],[13.82432,56.83024],[13.82584,56.82961],[13.82584,56.82961],[13.82584,56.82961],[13.82565,56.82926],[13.8255,56.82911],[13.8253,56.82898],[13.82516,56.8289],[13.82499,56.82883],[13.82481,56.82875],[13.82464,56.82868],[13.8244,56.82856],[13.82425,56.82847],[13.82411,56.82836],[13.824,56.82825],[13.82383,56.82808],[13.82365,56.82797],[13.82363,56.82796],[13.82317,56.82779],[13.82261,56.82767],[13.82252,56.82763],[13.82251,56.82763],[13.82251,56.82763],[13.82218,56.82781],[13.8219,56.82787],[13.82144,56.82791],[13.82136,56.82792],[13.82133,56.82792],[13.82109,56.82794],[13.82078,56.82793],[13.82059,56.82796],[13.82043,56.828],[13.82,56.82812],[13.81992,56.82815],[13.81974,56.8282],[13.81905,56.82866],[13.81874,56.82975],[13.82028,56.834],[13.81618,56.8338],[13.81333,56.8324],[13.81343,56.83022],[13.81274,56.82906],[13.81274,56.82906],[13.81274,56.82906],[13.81098,56.82878],[13.81098,56.82878],[13.81098,56.82878],[13.80989,56.83042],[13.80852,56.83047],[13.8074,56.83051],[13.80511,56.83145],[13.80511,56.83145],[13.80511,56.83145],[13.80594,56.83206],[13.80569,56.83222],[13.805,56.8327],[13.80321,56.83254],[13.80217,56.83265],[13.80107,56.83194],[13.80107,56.83194],[13.80107,56.83195],[13.80083,56.83207],[13.79683,56.83054],[13.79683,56.83054],[13.79683,56.83054],[13.79683,56.83054],[13.79328,56.83303]]]]},"properties":{"NVRID":"2002388","NAMN":"Ronamossen/Klockesjömyren","SKYDDSTYP":"Naturreservat","LAN":"Kronobergs Län","KOMMUN":"Ljungby","IUCNKATEGORI":"Ia, Strikt naturreservat (Strict Nature Reserve)","FORVALTARE":"Länsstyrelsen i Kronobergs län","AREA_HA":384.777,"URSPR_BESLUTSDATUM":""}},{"type":"Feature","geometry":{"type":"Polygon","coordinates":[[[13.57708,56.66504],[13.57708,56.66503],[13.57708,56.66503],[13.57648,56.66429],[13.57648,56.66429],[13.57648,56.66429],[13.5756,56.66432],[13.57386,56.66464],[13.57386,56.66464],[13.57386,56.66464],[13.57386,56.66464],[13.57485,56.66597],[13.57485,56.66597],[13.57485,56.66597],[13.57485,56.66597],[13.57708,56.66504]]]},"properties":{"NVRID":"2002366","NAMN":"Ekön Domänreservat","SKYDDSTYP":"Naturreservat","LAN":"Kronobergs Län","KOMMUN":"Markaryd","IUCNKATEGORI":"IV, Habitat/Artskyddsområde (Habitat/Species Management Area)","FORVALTARE":"Länsstyrelsen i Kronobergs län","AREA_HA":2.147,"URSPR_BESLUTSDATUM":""}},{"type":"Feature","geometry":{"type":"Polygon","coordinates":[[[14.166,56.6039],[14.166,56.6039],[14.166,56.6039],[14.166,56.6039],[14.16721,56.60481],[14.16779,56.60609],[14.16789,56.60628],[14.16789,56.60629],[14.16789,56.60629],[14.16789,56.60629],[14.16789,56.60629],[14.16819,56.60622],[14.16819,56.60622],[14.16819,56.60622],[14.16819,56.60621],[14.16822,56.606],[14.16822,56.60588],[14.16823,56.60579],[14.16839,56.60559],[14.1684,56.60559],[14.1684,56.60559],[14.1684,56.60559],[14.16871,56.60544],[14.17065,56.6057],[14.17138,56.60626],[14.17148,56.60642],[14.17148,56.60642],[14.17148,56.60642],[14.1715,56.60642],[14.1715,56.60642],[14.17354,56.60497],[14.17764,56.6024],[14.17764,56.6024],[14.17764,56.6024],[14.17674,56.60179],[14.17673,56.60179],[14.17673,56.60179],[14.1761,56.60192],[14.17578,56.60198],[14.1755,56.60208],[14.17531,56.60213],[14.17351,56.60244],[14.17204,56.60269],[14.17154,56.60279],[14.17097,56.6029],[14.16942,56.60316],[14.16873,56.60326],[14.166,56.6039]]]},"properties":{"NVRID":"2014759","NAMN":"Stockanäs","SKYDDSTYP":"Naturreservat","LAN":"Kronobergs Län","KOMMUN":"Älmhult","IUCNKATEGORI":"Ia, Strikt naturreservat (Strict Nature Reserve)","FORVALTARE":"Länsstyrelsen i Kronobergs län","AREA_HA":16.599,"URSPR_BESLUTSDATUM":""}},{"type":"Feature","geometry":{"type":"Polygon","coordinates":[[[13.63876,56.8105],[13.63914,56.81023],[13.63918,56.81005],[13.63918,56.81005],[13.63918,56.81005],[13.6391,56.81003],[13.63898,56.80997],[13.63881,56.80985],[13.63858,56.80974],[13.63844,56.80974],[13.63831,56.80977],[13.63814,56.80983],[13.63797,56.80988],[13.63779,56.80989],[13.63759,56.80986],[13.63737,56.80982],[13.637,56.80968],[13.63676,56.80962],[13.63655,56.80959],[13.63635,56.80961],[13.63612,56.80964],[13.63612,56.80964],[13.63578,56.80999],[13.63578,56.80999],[13.63578,56.80999],[13.6358,56.81],[13.63597,56.81004],[13.63614,56.81006],[13.63634,56.81012],[13.63658,56.81019],[13.63703,56.81031],[13.63719,56.81038],[13.63789,56.81058],[13.63812,56.81062],[13.63831,56.81066],[13.63851,56.81072],[13.63868,56.81079],[13.63907,56.81095],[13.63918,56.81101],[13.63932,56.81107],[13.63956,56.8112],[13.63983,56.81135],[13.64007,56.81147],[13.64021,56.81153],[13.6404,56.81158],[13.64061,56.81168],[13.64077,56.81178],[13.64088,56.81183],[13.64103,56.81188],[13.64112,56.81192],[13.64113,56.81192],[13.64128,56.81192],[13.64141,56.81193],[13.64158,56.812],[13.64166,56.81204],[13.64186,56.81213],[13.64206,56.81222],[13.64221,56.81227],[13.64259,56.81232],[13.64274,56.81235],[13.64292,56.81243],[13.64308,56.81251],[13.64331,56.81265],[13.64347,56.81275],[13.64361,56.81284],[13.64378,56.81288],[13.64399,56.81297],[13.64441,56.81314],[13.64464,56.81325],[13.64493,56.81337],[13.64512,56.81347],[13.64535,56.81361],[13.64557,56.81372],[13.64574,56.81381],[13.64594,56.81391],[13.64609,56.81398],[13.64629,56.81405],[13.64642,56.81412],[13.64656,56.81423],[13.64678,56.81446],[13.64689,56.81457],[13.64703,56.81465],[13.64715,56.81473],[13.64734,56.81482],[13.64751,56.81493],[13.64767,56.815],[13.64772,56.81511],[13.64795,56.8153],[13.64822,56.81547],[13.64841,56.81557],[13.64856,56.81567],[13.64863,56.81576],[13.64867,56.81583],[13.64875,56.81591],[13.64889,56.816],[13.64905,56.81609],[13.64922,56.81618],[13.64947,56.81626],[13.64965,56.81633],[13.64985,56.81638],[13.65003,56.81644],[13.65031,56.81653],[13.65062,56.81661],[13.65088,56.81668],[13.65104,56.81669],[13.65123,56.81666],[13.65137,56.81661],[13.65155,56.81651],[13.65165,56.81641],[13.65165,56.81641],[13.65159,56.81626],[13.65157,56.81613],[13.6515,56.81587],[13.65148,56.81576],[13.6515,56.81565],[13.65142,56.81537],[13.65136,56.81518],[13.65135,56.81506],[13.65131,56.8149],[13.65126,56.8147],[13.65123,56.81454],[13.65113,56.81434],[13.65102,56.81421],[13.65099,56.81414],[13.65102,56.81407],[13.651,56.81401],[13.65093,56.81393],[13.65079,56.81382],[13.65066,56.81371],[13.6503,56.81351],[13.6502,56.81341],[13.65012,56.81339],[13.65001,56.81327],[13.64995,56.81317],[13.64951,56.81287],[13.64918,56.81269],[13.64901,56.81257],[13.64893,56.81247],[13.64887,56.81241],[13.64881,56.81236],[13.64878,56.81228],[13.64867,56.8122],[13.64856,56.8121],[13.64844,56.81201],[13.64843,56.81193],[13.64843,56.81193],[13.64825,56.81183],[13.64814,56.81173],[13.64809,56.81166],[13.64794,56.81159],[13.64769,56.81151],[13.64744,56.81141],[13.64703,56.81132],[13.64687,56.81129],[13.64667,56.81122],[13.64645,56.81115],[13.64629,56.8111],[13.64613,56.81103],[13.64594,56.81094],[13.6458,56.8109],[13.64554,56.81082],[13.64537,56.81073],[13.64512,56.81059],[13.64491,56.81047],[13.64479,56.81037],[13.64471,56.81032],[13.64456,56.81025],[13.64435,56.81012],[13.64417,56.81001],[13.64415,56.80999],[13.64415,56.80999],[13.64414,56.80999],[13.64414,56.80999],[13.64365,56.81028],[13.64229,56.81138],[13.64127,56.811],[13.64127,56.811],[13.64127,56.811],[13.64081,56.81129],[13.63876,56.8105]]]},"properties":{"NVRID":"2002382","NAMN":"Norrnäs udde","SKYDDSTYP":"Naturreservat","LAN":"Kronobergs Län","KOMMUN":"Ljungby","IUCNKATEGORI":"Ia, Strikt naturreservat (Strict Nature Reserve)","FORVALTARE":"Länsstyrelsen i Kronobergs län","AREA_HA":20.913,"URSPR_BESLUTSDATUM":""}},{"type":"Feature","geometry":{"type":"Polygon","coordinates":[[[14.23551,56.82203],[14.23705,56.8219],[14.23705,56.8219],[14.23711,56.82179],[14.23711,56.82179],[14.23693,56.82158],[14.2383,56.82122],[14.23831,56.82122],[14.23831,56.82122],[14.23832,56.82118],[14.23886,56.82119],[14.24301,56.82093],[14.24301,56.82092],[14.24315,56.82081],[14.24358,56.82042],[14.2438,56.81981],[14.24386,56.81958],[14.242,56.81621],[14.242,56.81621],[14.242,56.81621],[14.242,56.81621],[14.24096,56.81646],[14.24005,56.81659],[14.23844,56.81681],[14.23769,56.81702],[14.23769,56.81702],[14.23694,56.81785],[14.23618,56.81837],[14.23573,56.81858],[14.23481,56.81892],[14.23423,56.81928],[14.2334,56.81978],[14.23329,56.81985],[14.23329,56.81985],[14.23329,56.81985],[14.23344,56.81994],[14.23363,56.82014],[14.23381,56.8204],[14.23393,56.82061],[14.23403,56.82088],[14.23411,56.82105],[14.23424,56.82118],[14.23474,56.82153],[14.23487,56.82168],[14.23498,56.82185],[14.23504,56.82207],[14.23504,56.82225],[14.23504,56.82225],[14.23504,56.82225],[14.23504,56.82225],[14.23528,56.82223],[14.23533,56.82222],[14.23539,56.82218],[14.23551,56.82203]],[[14.23645,56.82059],[14.23778,56.82017],[14.23808,56.82053],[14.2381,56.82084],[14.23697,56.82116],[14.23645,56.82059]]]},"properties":{"NVRID":"2048559","NAMN":"Hässlebacken","SKYDDSTYP":"Naturreservat","LAN":"Kronobergs Län","KOMMUN":"Ljungby","IUCNKATEGORI":"IV, Habitat/Artskyddsområde (Habitat/Species Management Area)","FORVALTARE":"Länsstyrelsen i Kronobergs län","AREA_HA":24.804,"URSPR_BESLUTSDATUM":""}},{"type":"Feature","geometry":{"type":"MultiPolygon","coordinates":[[[[14.03242,56.81219],[14.03255,56.81203],[14.03255,56.81203],[14.03245,56.81186],[14.03237,56.81178],[14.03234,56.81174],[14.03231,56.81167],[14.0323,56.81167],[14.03176,56.8116],[14.03149,56.81156],[14.03074,56.81146],[14.03038,56.81139],[14.03013,56.81134],[14.03013,56.81134],[14.03013,56.81134],[14.03013,56.81134],[14.03013,56.81134],[14.03056,56.81176],[14.03072,56.81206],[14.03081,56.81233],[14.03111,56.81265],[14.03193,56.81341],[14.0322,56.81383],[14.03282,56.81467],[14.03296,56.81528],[14.03358,56.81655],[14.03386,56.81749],[14.03386,56.81749],[14.03386,56.81749],[14.03509,56.81753],[14.03509,56.81753],[14.03509,56.81753],[14.03382,56.8142],[14.03409,56.81418],[14.03421,56.81413],[14.03432,56.81408],[14.03443,56.81398],[14.03452,56.81387],[14.03459,56.8137],[14.03482,56.81344],[14.03487,56.81342],[14.03487,56.81342],[14.03477,56.81304],[14.03464,56.81285],[14.03454,56.8128],[14.03437,56.81269],[14.03424,56.81258],[14.03407,56.81248],[14.03398,56.81245],[14.03398,56.81245],[14.03366,56.81246],[14.03351,56.81245],[14.03319,56.81246],[14.03272,56.81247],[14.03257,56.81241],[14.0325,56.81237],[14.03246,56.81231],[14.03242,56.81219]]],[[[14.01309,56.80607],[14.0132,56.8061],[14.01337,56.80643],[14.01337,56.80643],[14.01337,56.80643],[14.01337,56.80643],[14.01402,56.80618],[14.01422,56.80613],[14.01438,56.80619],[14.01458,56.80648],[14.01471,56.80678],[14.01494,56.80708],[14.01512,56.80725],[14.01531,56.80737],[14.01531,56.80737],[14.01584,56.80749],[14.01613,56.80755],[14.01628,56.80763],[14.01651,56.80768],[14.01679,56.80765],[14.01702,56.80763],[14.01736,56.80776],[14.01769,56.80792],[14.01799,56.80802],[14.0182,56.80815],[14.01826,56.80825],[14.01815,56.80834],[14.01796,56.8084],[14.01775,56.80848],[14.01762,56.80854],[14.01762,56.80854],[14.0176,56.80863],[14.01761,56.8087],[14.01772,56.80878],[14.01788,56.80887],[14.01794,56.80897],[14.01794,56.80904],[14.01794,56.80904],[14.01794,56.80904],[14.0188,56.80906],[14.01909,56.80906],[14.01911,56.80911],[14.01921,56.80915],[14.01921,56.80916],[14.01971,56.80923],[14.02053,56.80932],[14.02154,56.80933],[14.02154,56.80933],[14.02154,56.80933],[14.02161,56.80922],[14.02166,56.80915],[14.02166,56.80915],[14.02162,56.80903],[14.02154,56.80895],[14.02154,56.80886],[14.02163,56.80877],[14.02165,56.80868],[14.02163,56.80856],[14.02207,56.80838],[14.02221,56.80846],[14.02232,56.80851],[14.02241,56.80854],[14.02256,56.80856],[14.02271,56.80856],[14.02283,56.80854],[14.02294,56.8085],[14.02308,56.80845],[14.02318,56.8084],[14.02326,56.80835],[14.02332,56.80833],[14.02345,56.80831],[14.02357,56.80832],[14.02374,56.80835],[14.02385,56.80839],[14.02389,56.80848],[14.02387,56.80859],[14.02384,56.80864],[14.02384,56.80864],[14.02384,56.80864],[14.02384,56.80864],[14.02943,56.80877],[14.02944,56.80885],[14.02931,56.80956],[14.02931,56.80957],[14.02944,56.80975],[14.02945,56.80999],[14.02939,56.81023],[14.02912,56.81054],[14.02888,56.81076],[14.02864,56.81101],[14.02864,56.81101],[14.02864,56.81101],[14.02981,56.81123],[14.0304,56.81136],[14.03076,56.81142],[14.03151,56.81152],[14.0323,56.81164],[14.03231,56.81164],[14.03231,56.81164],[14.03229,56.81156],[14.03227,56.81148],[14.03231,56.81139],[14.03231,56.81133],[14.03283,56.81125],[14.03305,56.81104],[14.03372,56.81068],[14.03372,56.81068],[14.03361,56.81053],[14.03336,56.81013],[14.03319,56.80966],[14.0331,56.80925],[14.03302,56.80889],[14.03294,56.80855],[14.03284,56.80821],[14.0327,56.80784],[14.03264,56.80761],[14.03264,56.80747],[14.03263,56.80714],[14.03265,56.80692],[14.03272,56.80653],[14.03284,56.80612],[14.03291,56.80586],[14.03304,56.80563],[14.03319,56.8054],[14.03353,56.80494],[14.03369,56.80479],[14.03399,56.80455],[14.03408,56.80435],[14.03411,56.80422],[14.0341,56.8041],[14.03402,56.80388],[14.03346,56.80318],[14.03222,56.80061],[14.03222,56.80061],[14.03137,56.80039],[14.02951,56.80035],[14.02951,56.80035],[14.01345,56.80581],[14.01261,56.80602],[14.01261,56.80602],[14.0126,56.80602],[14.0126,56.80603],[14.01274,56.80617],[14.01274,56.80617],[14.01274,56.80617],[14.01274,56.80617],[14.01309,56.80607]]]]},"properties":{"NVRID":"2002379","NAMN":"Bräkentorp","SKYDDSTYP":"Naturreservat","LAN":"Kronobergs Län","KOMMUN":"Ljungby","IUCNKATEGORI":"III, Naturmonument (Natural Monument)","FORVALTARE":"Länsstyrelsen i Kronobergs län","AREA_HA":92.165,"URSPR_BESLUTSDATUM":""}},{"type":"Feature","geometry":{"type":"Polygon","coordinates":[[[14.51179,57.08842],[14.51179,57.08842],[14.51179,57.08842],[14.51182,57.09069],[14.51197,57.09314],[14.51197,57.09314],[14.51197,57.09314],[14.51197,57.09314],[14.51261,57.0931],[14.5152,57.09297],[14.51784,57.09288],[14.51813,57.09289],[14.51802,57.09306],[14.51779,57.09325],[14.51765,57.09338],[14.5175,57.09355],[14.51737,57.09369],[14.51727,57.09385],[14.51725,57.09398],[14.51717,57.0942],[14.51716,57.09449],[14.51718,57.09478],[14.51719,57.09511],[14.51721,57.0954],[14.51724,57.09561],[14.51729,57.09575],[14.5174,57.09597],[14.51746,57.09611],[14.5176,57.09625],[14.51768,57.09637],[14.51787,57.09664],[14.518,57.09697],[14.51814,57.09755],[14.51841,57.09834],[14.51848,57.09852],[14.51854,57.09875],[14.51856,57.09888],[14.51862,57.09912],[14.51874,57.09944],[14.51889,57.09977],[14.51905,57.09997],[14.51934,57.10016],[14.51964,57.10034],[14.51986,57.10046],[14.52018,57.10059],[14.52027,57.10074],[14.5204,57.10096],[14.5205,57.10108],[14.52052,57.10121],[14.52055,57.10135],[14.52106,57.10208],[14.52146,57.10246],[14.5218,57.10281],[14.52215,57.10322],[14.5224,57.1035],[14.52257,57.10378],[14.52261,57.10408],[14.52263,57.10426],[14.52263,57.10426],[14.52279,57.1044],[14.52327,57.10451],[14.52335,57.10488],[14.52288,57.10488],[14.52288,57.10488],[14.52288,57.10488],[14.52297,57.10651],[14.52323,57.10692],[14.52323,57.10693],[14.52511,57.10736],[14.52481,57.10778],[14.52424,57.10932],[14.52455,57.11039],[14.52464,57.11189],[14.52464,57.11189],[14.5251,57.11202],[14.5251,57.11202],[14.527,57.11203],[14.52756,57.1128],[14.52801,57.11346],[14.52765,57.11413],[14.52765,57.11413],[14.52765,57.11413],[14.52765,57.11413],[14.52827,57.11422],[14.52954,57.11445],[14.53032,57.11457],[14.53032,57.11457],[14.53095,57.11444],[14.53145,57.11429],[14.53188,57.11422],[14.53216,57.11419],[14.53259,57.11422],[14.53311,57.11425],[14.53356,57.11427],[14.5338,57.11426],[14.53444,57.11419],[14.53514,57.11413],[14.53606,57.11423],[14.5365,57.11429],[14.53686,57.11432],[14.53728,57.11435],[14.53764,57.11432],[14.53811,57.11428],[14.53845,57.11426],[14.53887,57.11424],[14.53931,57.11424],[14.53976,57.11418],[14.53998,57.1141],[14.54031,57.11397],[14.54056,57.11388],[14.54092,57.11388],[14.54141,57.11402],[14.54141,57.11402],[14.54403,57.11375],[14.55394,57.1167],[14.55472,57.1169],[14.55472,57.1169],[14.55472,57.1169],[14.55472,57.1169],[14.55483,57.11653],[14.55521,57.11489],[14.55748,57.11263],[14.55811,57.11032],[14.55811,57.11032],[14.55758,57.10986],[14.55703,57.10501],[14.5614,57.10486],[14.56249,57.10651],[14.56362,57.10762],[14.56225,57.10871],[14.56224,57.10872],[14.56225,57.10872],[14.56337,57.10912],[14.56338,57.10912],[14.56338,57.10912],[14.56338,57.10912],[14.56375,57.10838],[14.56492,57.10768],[14.56493,57.10768],[14.56366,57.10624],[14.56366,57.10624],[14.56344,57.10618],[14.56337,57.1061],[14.56331,57.10593],[14.56313,57.1058],[14.56293,57.10537],[14.56442,57.10511],[14.56442,57.10511],[14.56442,57.10511],[14.558,57.09682],[14.55799,57.09682],[14.55799,57.09682],[14.55668,57.09705],[14.55625,57.09714],[14.55537,57.09643],[14.55591,57.09601],[14.5563,57.09467],[14.5563,57.09467],[14.55585,57.09452],[14.55567,57.09443],[14.55546,57.09433],[14.55525,57.09417],[14.55511,57.09388],[14.55493,57.09351],[14.55487,57.09332],[14.55481,57.09312],[14.55481,57.09298],[14.55483,57.09279],[14.55481,57.09263],[14.55474,57.0924],[14.55468,57.0922],[14.55458,57.09208],[14.55395,57.09177],[14.55381,57.09144],[14.55374,57.09128],[14.55368,57.0911],[14.55358,57.09094],[14.55346,57.0908],[14.55321,57.0906],[14.55299,57.09053],[14.55266,57.09044],[14.55224,57.09031],[14.55165,57.09008],[14.55153,57.08996],[14.55153,57.08996],[14.55112,57.08982],[14.55062,57.08974],[14.55023,57.08968],[14.54994,57.08963],[14.54967,57.08958],[14.54944,57.0895],[14.5492,57.08941],[14.54878,57.08929],[14.54846,57.08919],[14.54811,57.08909],[14.54774,57.08892],[14.54739,57.08868],[14.54717,57.08852],[14.54683,57.08829],[14.54647,57.08807],[14.54623,57.08789],[14.54597,57.08772],[14.54573,57.08749],[14.54557,57.08726],[14.54546,57.08705],[14.54538,57.08684],[14.54531,57.08654],[14.54525,57.08619],[14.54523,57.08598],[14.54529,57.0858],[14.54542,57.08567],[14.54567,57.08545],[14.54587,57.08531],[14.54607,57.08519],[14.54635,57.08507],[14.54653,57.08496],[14.54669,57.08477],[14.54681,57.08461],[14.54684,57.08448],[14.54682,57.0843],[14.54685,57.08409],[14.54692,57.08385],[14.54701,57.0835],[14.54706,57.08326],[14.54718,57.08307],[14.54735,57.08287],[14.54751,57.08276],[14.54761,57.08262],[14.54771,57.0825],[14.54771,57.0825],[14.54766,57.08227],[14.54727,57.08183],[14.5471,57.08161],[14.54689,57.08127],[14.54668,57.08085],[14.54644,57.08043],[14.5462,57.07988],[14.5458,57.07905],[14.54559,57.0788],[14.54559,57.0788],[14.54559,57.0788],[14.54474,57.07881],[14.54473,57.07837],[14.54473,57.07837],[14.54473,57.07837],[14.54393,57.07819],[14.54414,57.07756],[14.54456,57.07666],[14.54487,57.07557],[14.54487,57.07557],[14.54487,57.07557],[14.54486,57.07557],[14.54374,57.07547],[14.54378,57.07475],[14.54378,57.07475],[14.54378,57.07475],[14.54201,57.07479],[14.5419,57.07408],[14.54189,57.07399],[14.54151,57.0733],[14.54144,57.07276],[14.54094,57.07251],[14.54016,57.07236],[14.54026,57.0721],[14.54026,57.0721],[14.54017,57.07204],[14.54035,57.07133],[14.54055,57.07064],[14.54075,57.06967],[14.54088,57.06918],[14.541,57.06897],[14.54127,57.06867],[14.54145,57.06837],[14.54149,57.06814],[14.5415,57.06782],[14.54154,57.06726],[14.53513,57.06277],[14.53513,57.06277],[14.53466,57.0627],[14.53421,57.0626],[14.53358,57.06237],[14.53321,57.06202],[14.53254,57.06183],[14.53254,57.06183],[14.53254,57.06183],[14.52813,57.06369],[14.52791,57.06379],[14.52773,57.06389],[14.52716,57.0645],[14.52674,57.06492],[14.52663,57.06509],[14.52616,57.06561],[14.52554,57.0661],[14.52538,57.06619],[14.52521,57.06629],[14.52472,57.06641],[14.52417,57.06658],[14.52378,57.06671],[14.52333,57.06681],[14.52297,57.06714],[14.52283,57.06739],[14.52285,57.06752],[14.52288,57.06775],[14.52298,57.06801],[14.52307,57.06826],[14.52306,57.06859],[14.52302,57.0688],[14.52298,57.06997],[14.52283,57.07019],[14.52262,57.07045],[14.52227,57.07065],[14.52195,57.07082],[14.52174,57.07095],[14.52156,57.07108],[14.52149,57.07121],[14.52148,57.07141],[14.52155,57.07156],[14.52171,57.07174],[14.52191,57.07185],[14.52211,57.072],[14.52242,57.07223],[14.52282,57.07242],[14.52323,57.07261],[14.5236,57.07281],[14.52388,57.07296],[14.52397,57.07319],[14.52392,57.0733],[14.52149,57.07338],[14.52149,57.07338],[14.52149,57.07338],[14.51692,57.08347],[14.51625,57.08738],[14.5158,57.08741],[14.51556,57.08745],[14.51524,57.08755],[14.51508,57.08766],[14.51486,57.08777],[14.51398,57.088],[14.51342,57.08815],[14.51297,57.08824],[14.51249,57.08832],[14.51179,57.08842]]]},"properties":{"NVRID":"2002561","NAMN":"Fiolenområdet","SKYDDSTYP":"Naturreservat","LAN":"Kronobergs Län","KOMMUN":"Alvesta, Växjö","IUCNKATEGORI":"Ia, Strikt naturreservat (Strict Nature Reserve)","FORVALTARE":"Länsstyrelsen i Kronobergs län","AREA_HA":1049.9,"URSPR_BESLUTSDATUM":""}},{"type":"Feature","geometry":{"type":"MultiPolygon","coordinates":[[[[15.39357,57.12673],[15.39241,57.12739],[15.39241,57.12739],[15.39241,57.12739],[15.39242,57.1274],[15.39285,57.12756],[15.39426,57.12808],[15.39461,57.12821],[15.39461,57.12821],[15.3965,57.12784],[15.39961,57.12723],[15.40116,57.12693],[15.40155,57.12685],[15.40155,57.12685],[15.40172,57.12655],[15.4022,57.12568],[15.4022,57.12568],[15.4022,57.12568],[15.4022,57.12568],[15.40211,57.1257],[15.40197,57.12572],[15.40169,57.12575],[15.40143,57.12575],[15.40125,57.12571],[15.40092,57.12563],[15.40058,57.12555],[15.40019,57.12549],[15.39931,57.12539],[15.3984,57.12533],[15.39812,57.12537],[15.39467,57.12586],[15.39427,57.12591],[15.39381,57.12589],[15.39381,57.12589],[15.3936,57.12607],[15.39357,57.12673]]],[[[15.40415,57.1284],[15.40459,57.12878],[15.40459,57.12878],[15.40459,57.12878],[15.40561,57.12869],[15.40554,57.12896],[15.40545,57.12905],[15.40541,57.12915],[15.40543,57.12926],[15.40551,57.12937],[15.40562,57.12948],[15.40574,57.12959],[15.40589,57.12971],[15.40602,57.12985],[15.40605,57.12995],[15.40605,57.12995],[15.40605,57.12995],[15.40622,57.12991],[15.40625,57.12991],[15.40667,57.12981],[15.40697,57.12974],[15.40732,57.12967],[15.40768,57.12957],[15.40785,57.12951],[15.40821,57.12935],[15.40833,57.12929],[15.40845,57.12924],[15.40865,57.1292],[15.40898,57.12914],[15.40905,57.12909],[15.40915,57.12898],[15.40927,57.12881],[15.40928,57.12879],[15.40944,57.12862],[15.40962,57.12851],[15.40984,57.12844],[15.41008,57.12842],[15.41008,57.12842],[15.41008,57.12842],[15.41011,57.12835],[15.41025,57.12783],[15.41035,57.12725],[15.41048,57.1256],[15.41048,57.1256],[15.41048,57.1256],[15.41048,57.1256],[15.41048,57.1256],[15.40996,57.12573],[15.40995,57.12562],[15.40979,57.12391],[15.40974,57.12325],[15.4097,57.12272],[15.4097,57.12272],[15.4097,57.12272],[15.4097,57.12272],[15.40806,57.12301],[15.40719,57.12313],[15.40421,57.12325],[15.40359,57.1232],[15.40359,57.1232],[15.40359,57.1232],[15.40315,57.12398],[15.40267,57.12484],[15.40226,57.12557],[15.40226,57.12557],[15.40226,57.12557],[15.40227,57.12557],[15.40249,57.12553],[15.40282,57.12547],[15.40304,57.12543],[15.40327,57.12538],[15.40348,57.12534],[15.40369,57.12532],[15.40388,57.1253],[15.40418,57.12529],[15.40441,57.12532],[15.40483,57.1254],[15.40543,57.12553],[15.40556,57.12555],[15.40456,57.12629],[15.40307,57.12731],[15.40333,57.12834],[15.40333,57.12834],[15.40333,57.12834],[15.40415,57.1284]],[[15.40614,57.12674],[15.40614,57.12674],[15.40622,57.12645],[15.40631,57.12627],[15.40659,57.12581],[15.40754,57.12593],[15.40696,57.12648],[15.40696,57.12648],[15.40696,57.12648],[15.40758,57.12692],[15.40774,57.12722],[15.40731,57.12731],[15.40676,57.12735],[15.40631,57.12735],[15.40614,57.1274],[15.40614,57.1274],[15.40612,57.12746],[15.40543,57.12732],[15.40614,57.12674]]]]},"properties":{"NVRID":"2041804","NAMN":"Ekhorva","SKYDDSTYP":"Naturreservat","LAN":"Kronobergs Län","KOMMUN":"Uppvidinge","IUCNKATEGORI":"IV, Habitat/Artskyddsområde (Habitat/Species Management Area)","FORVALTARE":"Länsstyrelsen i Kronobergs län","AREA_HA":36.69,"URSPR_BESLUTSDATUM":""}},{"type":"Feature","geometry":{"type":"Polygon","coordinates":[[[15.22616,57.18816],[15.22635,57.18869],[15.2261,57.18927],[15.2261,57.18927],[15.2268,57.18965],[15.2268,57.18965],[15.22765,57.18955],[15.22765,57.18955],[15.22774,57.1893],[15.23074,57.18887],[15.23074,57.18887],[15.23113,57.18823],[15.23285,57.18734],[15.23389,57.18714],[15.2345,57.18728],[15.23482,57.18795],[15.23482,57.18795],[15.23482,57.18795],[15.23587,57.18804],[15.23587,57.18804],[15.23587,57.18804],[15.23591,57.18781],[15.23627,57.18738],[15.23646,57.18718],[15.23698,57.18695],[15.23719,57.18689],[15.23779,57.1868],[15.23849,57.18658],[15.23849,57.18658],[15.23849,57.18658],[15.23845,57.18646],[15.23845,57.18646],[15.23845,57.18646],[15.23845,57.18646],[15.23845,57.18646],[15.23795,57.18544],[15.23795,57.18544],[15.23795,57.18544],[15.23662,57.18534],[15.23507,57.18522],[15.23504,57.18497],[15.23585,57.1845],[15.23648,57.18396],[15.23778,57.18377],[15.23778,57.18377],[15.24028,57.18236],[15.24403,57.18024],[15.24403,57.18024],[15.24398,57.17988],[15.24398,57.17988],[15.24398,57.17988],[15.24027,57.17929],[15.24012,57.17863],[15.24011,57.17862],[15.24011,57.17862],[15.23753,57.17863],[15.23494,57.17906],[15.23247,57.1802],[15.23012,57.18114],[15.22853,57.17865],[15.22853,57.17865],[15.22852,57.17865],[15.22852,57.17865],[15.22852,57.17865],[15.22305,57.18371],[15.22305,57.18371],[15.22305,57.18371],[15.22305,57.18371],[15.22766,57.18372],[15.22741,57.18731],[15.22564,57.18735],[15.22514,57.18752],[15.22421,57.1877],[15.22421,57.1877],[15.22421,57.1877],[15.22421,57.1877],[15.22421,57.1877],[15.22616,57.18816]]]},"properties":{"NVRID":"2014886","NAMN":"Ösjöbol","SKYDDSTYP":"Naturreservat","LAN":"Kronobergs Län","KOMMUN":"Uppvidinge","IUCNKATEGORI":"Ia, Strikt naturreservat (Strict Nature Reserve)","FORVALTARE":"Länsstyrelsen i Kronobergs län","AREA_HA":76.816,"URSPR_BESLUTSDATUM":""}},{"type":"Feature","geometry":{"type":"Polygon","coordinates":[[[14.0097,57.02813],[14.00977,57.0281],[14.00989,57.02807],[14.01003,57.02807],[14.01022,57.0281],[14.01032,57.02815],[14.01037,57.02819],[14.01038,57.02819],[14.01038,57.02819],[14.01038,57.02819],[14.01038,57.02818],[14.01067,57.02797],[14.01127,57.02748],[14.01184,57.02733],[14.01337,57.02694],[14.01437,57.02668],[14.01437,57.02668],[14.01437,57.02668],[14.01372,57.02491],[14.01449,57.02478],[14.01511,57.02514],[14.01649,57.02654],[14.01649,57.02654],[14.01649,57.02654],[14.01649,57.02654],[14.0167,57.02647],[14.01761,57.02594],[14.01819,57.02579],[14.01921,57.02606],[14.01893,57.02637],[14.01893,57.02637],[14.01939,57.02689],[14.01935,57.02703],[14.01801,57.02738],[14.01772,57.02704],[14.01772,57.02704],[14.01772,57.02704],[14.01772,57.02704],[14.01738,57.02716],[14.01738,57.02717],[14.01738,57.02717],[14.01758,57.0273],[14.01902,57.02814],[14.02189,57.02983],[14.02293,57.03041],[14.02399,57.03092],[14.02471,57.03125],[14.0255,57.03151],[14.0262,57.03173],[14.02689,57.0319],[14.02775,57.03209],[14.02775,57.03209],[14.02775,57.03209],[14.02775,57.03209],[14.02775,57.03205],[14.02764,57.03195],[14.02746,57.03182],[14.0273,57.03169],[14.02719,57.03156],[14.02711,57.03137],[14.02707,57.03124],[14.0271,57.03113],[14.02711,57.03102],[14.02709,57.03089],[14.02707,57.03071],[14.02707,57.03054],[14.02711,57.03044],[14.02716,57.03036],[14.02726,57.0303],[14.02744,57.03022],[14.0276,57.03017],[14.02775,57.03014],[14.02801,57.0301],[14.02833,57.03006],[14.02858,57.02999],[14.0288,57.0299],[14.02894,57.02981],[14.02905,57.0297],[14.02906,57.02957],[14.02906,57.02944],[14.02903,57.02933],[14.02913,57.02924],[14.0292,57.02911],[14.02925,57.02897],[14.02927,57.02878],[14.02928,57.02868],[14.02926,57.0286],[14.0292,57.02852],[14.02912,57.02847],[14.02895,57.02839],[14.02867,57.02832],[14.02849,57.02825],[14.02827,57.02817],[14.02806,57.02808],[14.02791,57.02802],[14.02778,57.02794],[14.02763,57.02785],[14.02748,57.02774],[14.02733,57.02761],[14.02723,57.02748],[14.02723,57.02748],[14.02722,57.02748],[14.02685,57.02751],[14.02631,57.02741],[14.02302,57.02372],[14.02232,57.02294],[14.02232,57.02294],[14.024,57.02282],[14.02555,57.02271],[14.02578,57.02269],[14.0266,57.02263],[14.02684,57.02261],[14.027,57.02259],[14.0272,57.02253],[14.02732,57.02246],[14.02745,57.02233],[14.02794,57.02186],[14.02803,57.02178],[14.02809,57.02171],[14.02807,57.02157],[14.02788,57.02149],[14.02783,57.02131],[14.02787,57.02111],[14.02807,57.02099],[14.02831,57.02087],[14.02831,57.02087],[14.02831,57.02086],[14.02748,57.01971],[14.02717,57.01931],[14.02684,57.01891],[14.02562,57.01736],[14.02542,57.01709],[14.02537,57.01703],[14.02537,57.01703],[14.02537,57.01703],[14.02427,57.01729],[14.02427,57.01729],[14.02427,57.01729],[14.02427,57.01729],[14.02455,57.01756],[14.02526,57.0182],[14.02524,57.01851],[14.025,57.01857],[14.025,57.01857],[14.025,57.01858],[14.02511,57.01895],[14.02457,57.01962],[14.02408,57.01989],[14.02106,57.0192],[14.02087,57.01842],[14.02168,57.01662],[14.02197,57.01655],[14.02197,57.01655],[14.02197,57.01654],[14.02197,57.01654],[14.02003,57.01518],[14.02003,57.01518],[14.02002,57.01518],[14.00943,57.01872],[14.00579,57.01895],[14.00579,57.01895],[14.00579,57.01895],[14.00671,57.02136],[14.00877,57.02401],[14.00826,57.02761],[14.01152,57.03251],[14.01418,57.03494],[14.01378,57.03742],[14.01378,57.03742],[14.01842,57.03945],[14.02015,57.04006],[14.02015,57.04006],[14.02052,57.04006],[14.02052,57.04006],[14.02052,57.04006],[14.02054,57.03988],[14.02061,57.03966],[14.02073,57.03947],[14.0209,57.0393],[14.02111,57.03917],[14.02132,57.03908],[14.02156,57.039],[14.02188,57.03892],[14.02212,57.03885],[14.02241,57.03875],[14.02265,57.03862],[14.02276,57.03853],[14.02276,57.03853],[14.02279,57.0384],[14.0228,57.03824],[14.02273,57.03804],[14.02274,57.03784],[14.02279,57.03763],[14.02297,57.03742],[14.02323,57.03724],[14.02355,57.03704],[14.02384,57.03685],[14.02389,57.03676],[14.02398,57.03658],[14.02411,57.03648],[14.02431,57.03637],[14.02461,57.03625],[14.02488,57.03618],[14.02522,57.0361],[14.02555,57.03605],[14.02587,57.03597],[14.02608,57.03585],[14.02608,57.0357],[14.026,57.0355],[14.026,57.0355],[14.02578,57.03538],[14.02556,57.03531],[14.02538,57.03529],[14.02519,57.03529],[14.02498,57.03525],[14.02489,57.03519],[14.02474,57.0351],[14.0246,57.03497],[14.02454,57.03486],[14.02464,57.03474],[14.02485,57.03467],[14.0254,57.0345],[14.02572,57.03439],[14.026,57.03424],[14.0263,57.034],[14.02673,57.03349],[14.02712,57.03318],[14.02739,57.03294],[14.02753,57.03279],[14.02765,57.03263],[14.02775,57.03245],[14.02777,57.0323],[14.02777,57.03229],[14.02777,57.03228],[14.02705,57.03213],[14.02575,57.0318],[14.02519,57.03162],[14.02472,57.03146],[14.02385,57.0311],[14.0235,57.03094],[14.02297,57.03067],[14.02271,57.03062],[14.02221,57.03055],[14.02211,57.03047],[14.02202,57.03028],[14.022,57.03013],[14.022,57.03013],[14.02111,57.02964],[14.0188,57.02828],[14.01879,57.02828],[14.01879,57.02828],[14.01879,57.02828],[14.0183,57.02859],[14.01766,57.02882],[14.01696,57.0284],[14.01696,57.0284],[14.01696,57.0284],[14.01551,57.02901],[14.01435,57.02949],[14.01409,57.0296],[14.01409,57.0296],[14.01397,57.02989],[14.01286,57.03032],[14.01276,57.03034],[14.01276,57.03034],[14.01276,57.03034],[14.01276,57.03034],[14.01263,57.03035],[14.01263,57.03035],[14.01263,57.03035],[14.01263,57.03035],[14.01265,57.03037],[14.01265,57.0304],[14.01268,57.03042],[14.01269,57.03046],[14.01269,57.03049],[14.01266,57.03052],[14.01256,57.03056],[14.01231,57.03058],[14.01226,57.03061],[14.01226,57.03061],[14.0122,57.03069],[14.01215,57.0308],[14.01211,57.03084],[14.01206,57.03087],[14.01195,57.0309],[14.01186,57.03086],[14.01167,57.03076],[14.01157,57.03072],[14.01152,57.03068],[14.01144,57.03067],[14.01143,57.03062],[14.01143,57.03062],[14.01137,57.03059],[14.01136,57.03051],[14.01132,57.03041],[14.01117,57.03022],[14.0111,57.0301],[14.01104,57.02997],[14.01099,57.02988],[14.0108,57.02966],[14.0107,57.02955],[14.01055,57.0294],[14.0102,57.02893],[14.0101,57.02875],[14.01007,57.02868],[14.01002,57.02862],[14.00987,57.02849],[14.00971,57.02831],[14.00967,57.02821],[14.0097,57.02813]],[[14.00911,57.0208],[14.00913,57.02079],[14.00916,57.02077],[14.00917,57.02075],[14.00925,57.02059],[14.00924,57.02052],[14.01008,57.02063],[14.01012,57.02068],[14.00998,57.02092],[14.00911,57.0208]],[[14.0094,57.0195],[14.00985,57.01946],[14.01012,57.01942],[14.01014,57.01952],[14.01019,57.01955],[14.01027,57.01984],[14.0096,57.01995],[14.00957,57.01992],[14.00953,57.01989],[14.00947,57.01987],[14.00944,57.01985],[14.00942,57.01978],[14.00941,57.01972],[14.0094,57.01967],[14.0094,57.0195]],[[14.00832,57.02123],[14.00938,57.02125],[14.00931,57.02162],[14.00864,57.02173],[14.00863,57.02172],[14.00861,57.02169],[14.00861,57.02165],[14.00858,57.02149],[14.00857,57.02147],[14.00854,57.02144],[14.00849,57.0214],[14.00839,57.02132],[14.00833,57.02126],[14.00832,57.02123]],[[14.00941,57.02301],[14.00944,57.02298],[14.00957,57.02292],[14.00961,57.0229],[14.00963,57.02288],[14.00965,57.02285],[14.00964,57.02283],[14.00954,57.0227],[14.00951,57.02268],[14.01002,57.02262],[14.01042,57.02279],[14.01054,57.02302],[14.00978,57.02323],[14.00975,57.02318],[14.00974,57.02318],[14.0097,57.02317],[14.00959,57.02315],[14.00953,57.02314],[14.00946,57.02311],[14.00943,57.02307],[14.00941,57.02301]],[[14.01835,57.02334],[14.01994,57.02332],[14.02031,57.02375],[14.02032,57.02375],[14.02032,57.02375],[14.0211,57.02369],[14.02168,57.02424],[14.02077,57.0248],[14.02031,57.02509],[14.01835,57.02334]]]},"properties":{"NVRID":"2002550","NAMN":"Toftaholm","SKYDDSTYP":"Naturreservat","LAN":"Kronobergs Län","KOMMUN":"Ljungby","IUCNKATEGORI":"IV, Habitat/Artskyddsområde (Habitat/Species Management Area)","FORVALTARE":"Länsstyrelsen i Kronobergs län","AREA_HA":211.121,"URSPR_BESLUTSDATUM":""}},{"type":"Feature","geometry":{"type":"Polygon","coordinates":[[[14.15277,56.67224],[14.15277,56.67224],[14.15347,56.67485],[14.15437,56.69541],[14.15437,56.69541],[14.16888,56.70119],[14.16906,56.70126],[14.16906,56.70126],[14.17686,56.70057],[14.17696,56.70069],[14.17709,56.70083],[14.17728,56.70097],[14.17752,56.70109],[14.17762,56.70112],[14.1777,56.70111],[14.17785,56.70122],[14.17798,56.70128],[14.17812,56.70129],[14.1782,56.70129],[14.1782,56.70129],[14.1782,56.70129],[14.1782,56.70129],[14.1782,56.70129],[14.17814,56.70122],[14.17809,56.70116],[14.17825,56.70116],[14.17836,56.70116],[14.17844,56.70113],[14.17852,56.70111],[14.17859,56.70121],[14.17874,56.70137],[14.17889,56.70149],[14.17897,56.70161],[14.17905,56.70172],[14.17915,56.70178],[14.17934,56.70184],[14.1795,56.70188],[14.17964,56.70189],[14.1799,56.70191],[14.18012,56.70195],[14.18028,56.702],[14.18036,56.70208],[14.18042,56.70214],[14.1805,56.70218],[14.1805,56.70218],[14.18051,56.70218],[14.18063,56.70217],[14.18075,56.7022],[14.18086,56.70226],[14.18091,56.70235],[14.18095,56.70247],[14.181,56.70261],[14.18109,56.70278],[14.18111,56.7029],[14.1811,56.70303],[14.18102,56.70321],[14.18097,56.70327],[14.18106,56.70342],[14.1813,56.70348],[14.18159,56.70351],[14.18189,56.70349],[14.18219,56.70348],[14.18234,56.70346],[14.18249,56.70346],[14.18254,56.70343],[14.18261,56.70335],[14.18266,56.7033],[14.18277,56.70324],[14.18288,56.70325],[14.18309,56.70323],[14.18327,56.70319],[14.18328,56.70319],[14.1834,56.70307],[14.1835,56.70292],[14.18358,56.70278],[14.18361,56.70263],[14.18358,56.70247],[14.18344,56.70231],[14.18331,56.70219],[14.18314,56.70213],[14.18299,56.70206],[14.18284,56.70195],[14.18276,56.70188],[14.18268,56.70187],[14.18253,56.70187],[14.1823,56.70182],[14.18212,56.70169],[14.18203,56.70156],[14.18202,56.70146],[14.18202,56.70127],[14.18202,56.70112],[14.18201,56.701],[14.18194,56.70089],[14.18194,56.70089],[14.1817,56.7008],[14.18143,56.70068],[14.18132,56.70058],[14.18117,56.7004],[14.18103,56.70024],[14.18603,56.69985],[14.18603,56.69985],[14.18603,56.69985],[14.18532,56.69267],[14.1977,56.67438],[14.1977,56.67438],[14.1977,56.67438],[14.16137,56.66817],[14.15552,56.66716],[14.15552,56.66716],[14.15551,56.66716],[14.15277,56.67224]],[[14.16301,56.69548],[14.16321,56.69525],[14.16363,56.69533],[14.16368,56.69559],[14.16346,56.69557],[14.16327,56.69557],[14.16309,56.69553],[14.16301,56.69548]],[[14.15621,56.68593],[14.15681,56.68584],[14.15699,56.68618],[14.15648,56.68631],[14.15648,56.68623],[14.1565,56.68609],[14.15658,56.68604],[14.15658,56.68604],[14.15658,56.68604],[14.15656,56.68599],[14.15656,56.68599],[14.15656,56.68599],[14.15641,56.68598],[14.15622,56.68593],[14.15621,56.68593]],[[14.15726,56.68055],[14.15778,56.68049],[14.15779,56.68049],[14.15877,56.67968],[14.15985,56.67821],[14.16076,56.6779],[14.16077,56.6779],[14.16079,56.67783],[14.16139,56.67774],[14.16264,56.67757],[14.16317,56.6775],[14.16403,56.67701],[14.1644,56.67686],[14.16474,56.67674],[14.16542,56.67658],[14.16609,56.67648],[14.16644,56.67645],[14.16672,56.67639],[14.16737,56.67618],[14.16782,56.67598],[14.168,56.67587],[14.16844,56.67556],[14.16897,56.67513],[14.16927,56.67479],[14.16935,56.6748],[14.16951,56.67482],[14.16967,56.67487],[14.16969,56.67498],[14.16969,56.67499],[14.16984,56.67505],[14.17002,56.67507],[14.1702,56.6752],[14.17039,56.67527],[14.17051,56.67541],[14.17062,56.67553],[14.1708,56.67564],[14.17084,56.67573],[14.17084,56.67573],[14.17099,56.67578],[14.17099,56.67578],[14.17099,56.67578],[14.17108,56.67566],[14.17129,56.67564],[14.17144,56.67574],[14.17139,56.67588],[14.17139,56.67588],[14.17151,56.67598],[14.1717,56.67607],[14.17183,56.67621],[14.17184,56.6763],[14.17195,56.67645],[14.17219,56.67662],[14.17231,56.67675],[14.17238,56.6769],[14.17252,56.67708],[14.17258,56.67725],[14.17263,56.67733],[14.17278,56.67748],[14.17284,56.67769],[14.17287,56.67782],[14.17306,56.67796],[14.1732,56.67804],[14.17323,56.67815],[14.17319,56.67823],[14.17306,56.67823],[14.17282,56.67833],[14.17282,56.67833],[14.17282,56.67833],[14.17289,56.67846],[14.17299,56.67859],[14.17306,56.67867],[14.17315,56.67873],[14.17315,56.67873],[14.17336,56.67872],[14.17345,56.67874],[14.17351,56.67886],[14.17353,56.67894],[14.17363,56.67904],[14.17365,56.67907],[14.17354,56.67913],[14.17347,56.67915],[14.17347,56.67915],[14.17347,56.67915],[14.17355,56.67921],[14.17361,56.67923],[14.17366,56.67928],[14.17363,56.67936],[14.17363,56.67936],[14.17363,56.67936],[14.17367,56.67937],[14.17378,56.67938],[14.17382,56.67943],[14.17389,56.67957],[14.17398,56.67968],[14.17409,56.67975],[14.17417,56.67978],[14.17419,56.67981],[14.17415,56.67993],[14.17405,56.67997],[14.17399,56.68001],[14.17399,56.68002],[14.174,56.68005],[14.174,56.68005],[14.174,56.68005],[14.17405,56.68005],[14.17412,56.68004],[14.17419,56.68004],[14.17427,56.68008],[14.17431,56.68017],[14.17424,56.68024],[14.17415,56.68028],[14.17406,56.6803],[14.17397,56.68031],[14.17397,56.68031],[14.17395,56.68036],[14.17395,56.68036],[14.17404,56.68043],[14.17404,56.68043],[14.17413,56.68043],[14.17418,56.68041],[14.17428,56.68041],[14.17433,56.68044],[14.1743,56.68049],[14.17428,56.68057],[14.17427,56.68063],[14.17431,56.6807],[14.17436,56.68076],[14.17436,56.68085],[14.17441,56.68101],[14.17437,56.68121],[14.17436,56.68141],[14.17441,56.68154],[14.17449,56.6816],[14.17446,56.68172],[14.17446,56.68172],[14.17452,56.68182],[14.1747,56.68195],[14.17491,56.68207],[14.17506,56.68219],[14.17516,56.68235],[14.17523,56.6825],[14.17533,56.68262],[14.17533,56.68262],[14.17561,56.68271],[14.17578,56.68273],[14.17585,56.68277],[14.1759,56.68281],[14.1759,56.68281],[14.17602,56.68284],[14.1761,56.68281],[14.1761,56.68281],[14.17612,56.68278],[14.17612,56.68278],[14.17609,56.68276],[14.17609,56.68276],[14.17603,56.68275],[14.17601,56.68267],[14.17602,56.68257],[14.17599,56.68244],[14.17598,56.68238],[14.17614,56.68231],[14.17614,56.6823],[14.17614,56.6823],[14.17614,56.68221],[14.17617,56.68209],[14.17631,56.68199],[14.17645,56.68206],[14.17645,56.68206],[14.17657,56.68207],[14.17694,56.68204],[14.177,56.68204],[14.17712,56.68208],[14.17712,56.68208],[14.17712,56.68208],[14.17739,56.68198],[14.17739,56.68198],[14.17744,56.68186],[14.17742,56.68173],[14.17739,56.68159],[14.1774,56.68149],[14.17751,56.68139],[14.17758,56.68136],[14.17774,56.68133],[14.17787,56.68129],[14.17794,56.68135],[14.17794,56.68136],[14.17795,56.68136],[14.17805,56.68135],[14.17805,56.68135],[14.17817,56.68124],[14.17832,56.68129],[14.17836,56.68138],[14.17835,56.68141],[14.17826,56.68142],[14.17826,56.68142],[14.17826,56.68142],[14.17824,56.68148],[14.17824,56.68148],[14.17828,56.6815],[14.17839,56.68152],[14.17849,56.6816],[14.17852,56.68171],[14.17867,56.68181],[14.17881,56.68191],[14.17888,56.68197],[14.17881,56.68207],[14.17879,56.6822],[14.17877,56.68231],[14.17875,56.68238],[14.17875,56.68238],[14.17887,56.68244],[14.17891,56.68254],[14.17884,56.68258],[14.17866,56.68262],[14.17858,56.68263],[14.17858,56.68263],[14.17854,56.68267],[14.17854,56.68267],[14.17856,56.68273],[14.17856,56.68273],[14.17864,56.68276],[14.17875,56.68278],[14.17876,56.68283],[14.17876,56.68291],[14.17866,56.683],[14.17854,56.68302],[14.17854,56.68302],[14.17854,56.68302],[14.17862,56.68312],[14.17849,56.68314],[14.17832,56.68315],[14.17832,56.68315],[14.17832,56.68315],[14.17832,56.68315],[14.1784,56.68324],[14.17839,56.6833],[14.17839,56.6833],[14.17848,56.68335],[14.17853,56.68339],[14.17854,56.68339],[14.17854,56.68338],[14.17862,56.68333],[14.17865,56.68338],[14.1786,56.68342],[14.17845,56.68346],[14.17845,56.68346],[14.17845,56.68346],[14.17845,56.68353],[14.17838,56.68356],[14.17818,56.68359],[14.17818,56.68359],[14.17806,56.6837],[14.17801,56.68379],[14.17791,56.68387],[14.17791,56.68387],[14.17795,56.68393],[14.17795,56.68393],[14.17803,56.68395],[14.1782,56.68394],[14.17827,56.68393],[14.17828,56.68393],[14.17832,56.68386],[14.17837,56.68382],[14.17845,56.68382],[14.17859,56.68386],[14.17865,56.68392],[14.17865,56.68392],[14.17868,56.68394],[14.17866,56.68401],[14.1787,56.68406],[14.17887,56.68411],[14.17917,56.68424],[14.1793,56.68438],[14.17933,56.68457],[14.1793,56.68472],[14.1793,56.6849],[14.17937,56.68502],[14.17937,56.68507],[14.17932,56.68514],[14.17932,56.68514],[14.17932,56.68514],[14.17936,56.68517],[14.17951,56.6852],[14.17955,56.68524],[14.17954,56.68531],[14.17958,56.68537],[14.17954,56.68541],[14.17948,56.68543],[14.17948,56.68544],[14.17948,56.68544],[14.17953,56.68549],[14.17953,56.68549],[14.1797,56.68552],[14.17977,56.68558],[14.17979,56.68563],[14.17978,56.68567],[14.17972,56.68568],[14.17966,56.6857],[14.17966,56.6857],[14.17966,56.6857],[14.17966,56.68574],[14.17971,56.68582],[14.1798,56.68592],[14.17984,56.68601],[14.17975,56.68616],[14.17974,56.6863],[14.17972,56.68637],[14.17969,56.68639],[14.17951,56.6864],[14.1794,56.68641],[14.1794,56.68641],[14.17937,56.68647],[14.17917,56.6865],[14.17916,56.68645],[14.17916,56.68645],[14.17916,56.68645],[14.17906,56.68644],[14.17905,56.68644],[14.17889,56.68647],[14.17875,56.68646],[14.17849,56.68632],[14.17823,56.68619],[14.17803,56.68611],[14.17786,56.68595],[14.17774,56.68575],[14.17766,56.68564],[14.17759,56.68558],[14.17746,56.6855],[14.17737,56.68536],[14.17727,56.68524],[14.17713,56.68517],[14.177,56.68513],[14.1769,56.68512],[14.1769,56.68512],[14.1769,56.68512],[14.17682,56.68517],[14.17682,56.68517],[14.1768,56.68524],[14.17681,56.68537],[14.17679,56.68548],[14.17668,56.68563],[14.17659,56.68578],[14.17655,56.68587],[14.17658,56.68595],[14.17656,56.68606],[14.17656,56.68606],[14.17664,56.68609],[14.17673,56.68618],[14.17673,56.68626],[14.17666,56.68636],[14.17653,56.68634],[14.17639,56.68633],[14.17627,56.68629],[14.17621,56.68627],[14.17611,56.68624],[14.17611,56.68624],[14.17611,56.68624],[14.1761,56.68624],[14.17606,56.68633],[14.17604,56.68644],[14.17604,56.68644],[14.17604,56.68644],[14.17604,56.68644],[14.17604,56.68644],[14.17624,56.68639],[14.17639,56.6864],[14.17646,56.68642],[14.17649,56.68648],[14.17647,56.68653],[14.17641,56.68655],[14.17641,56.68655],[14.17643,56.68661],[14.17643,56.68661],[14.17643,56.68661],[14.17651,56.68661],[14.17657,56.68669],[14.17648,56.68671],[14.17639,56.68681],[14.17639,56.68682],[14.17645,56.6869],[14.17645,56.6869],[14.17645,56.6869],[14.17675,56.68691],[14.17709,56.68692],[14.17724,56.68693],[14.17733,56.68695],[14.17745,56.68702],[14.17758,56.68709],[14.17759,56.68718],[14.17759,56.68718],[14.1777,56.68725],[14.17786,56.68732],[14.17803,56.68739],[14.17823,56.68745],[14.17845,56.68754],[14.1786,56.68763],[14.1787,56.68774],[14.17886,56.68789],[14.17899,56.68801],[14.17894,56.68813],[14.17887,56.68832],[14.17894,56.68848],[14.17894,56.68848],[14.17894,56.68848],[14.17906,56.6885],[14.1792,56.68856],[14.17922,56.68865],[14.17916,56.6887],[14.17913,56.68876],[14.17911,56.68882],[14.17904,56.68884],[14.17884,56.68877],[14.17884,56.68877],[14.17884,56.68877],[14.17884,56.68877],[14.17884,56.68877],[14.17889,56.68885],[14.17858,56.68891],[14.17841,56.68896],[14.17841,56.68897],[14.17827,56.68916],[14.17825,56.68927],[14.17826,56.68937],[14.17829,56.68949],[14.17828,56.68962],[14.17827,56.68976],[14.17824,56.68981],[14.17799,56.68987],[14.17771,56.68993],[14.17746,56.69004],[14.17729,56.69017],[14.17718,56.69032],[14.17722,56.69049],[14.17733,56.69065],[14.17744,56.69069],[14.17766,56.69074],[14.17792,56.69081],[14.17819,56.69091],[14.17826,56.69097],[14.17826,56.69101],[14.17829,56.69113],[14.17831,56.69132],[14.17828,56.6914],[14.1782,56.69153],[14.17814,56.69166],[14.17813,56.69176],[14.17806,56.69181],[14.17788,56.69189],[14.17774,56.69202],[14.17768,56.69213],[14.17757,56.69218],[14.17743,56.69223],[14.17721,56.69234],[14.17703,56.69247],[14.177,56.69256],[14.17692,56.69257],[14.17684,56.6926],[14.17676,56.69271],[14.17676,56.69271],[14.17678,56.69284],[14.17682,56.69302],[14.17692,56.69314],[14.17704,56.69321],[14.17712,56.69331],[14.17723,56.69337],[14.17726,56.69342],[14.17721,56.6935],[14.1772,56.69357],[14.17715,56.69362],[14.17706,56.69362],[14.17694,56.69355],[14.17694,56.69355],[14.17683,56.69354],[14.17683,56.69354],[14.17678,56.69357],[14.17678,56.69357],[14.17678,56.69357],[14.17682,56.69362],[14.17689,56.69366],[14.1769,56.69368],[14.17686,56.6937],[14.17677,56.6937],[14.17668,56.69374],[14.17661,56.69368],[14.1766,56.69368],[14.1766,56.69368],[14.1766,56.69368],[14.17654,56.69378],[14.17648,56.6939],[14.17638,56.69403],[14.17638,56.69413],[14.17633,56.69412],[14.17623,56.69406],[14.17622,56.69406],[14.17622,56.69406],[14.17614,56.6941],[14.1761,56.69416],[14.17399,56.69386],[14.17188,56.69371],[14.17188,56.69371],[14.17187,56.69371],[14.17187,56.69371],[14.1719,56.69414],[14.17176,56.69429],[14.17176,56.69444],[14.17197,56.69476],[14.17166,56.69523],[14.171,56.69589],[14.17008,56.69618],[14.17007,56.69618],[14.17001,56.69664],[14.17001,56.69664],[14.17015,56.69673],[14.1703,56.69703],[14.1697,56.69706],[14.1697,56.69706],[14.1697,56.69706],[14.16954,56.69742],[14.16955,56.69742],[14.16955,56.69742],[14.16969,56.69749],[14.17006,56.69755],[14.17019,56.69825],[14.16954,56.69867],[14.16907,56.69923],[14.16907,56.69923],[14.16927,56.69958],[14.16933,56.69967],[14.16959,56.69985],[14.16977,56.69988],[14.16982,56.69995],[14.16969,56.69999],[14.16955,56.70003],[14.16944,56.70002],[14.16934,56.7],[14.16934,56.7],[14.16914,56.70004],[14.16898,56.70006],[14.16883,56.70008],[14.16868,56.70011],[14.16856,56.70001],[14.16851,56.69987],[14.16842,56.69977],[14.16842,56.69977],[14.16823,56.69972],[14.16823,56.69972],[14.16811,56.69977],[14.16792,56.69978],[14.16774,56.69978],[14.16774,56.69978],[14.16774,56.69978],[14.16774,56.69978],[14.16773,56.69989],[14.16763,56.69995],[14.1678,56.69926],[14.16735,56.69872],[14.1668,56.69789],[14.16681,56.69728],[14.16689,56.69693],[14.16785,56.69683],[14.16785,56.69683],[14.16785,56.69683],[14.16791,56.69638],[14.16735,56.69603],[14.16743,56.69534],[14.16811,56.69527],[14.16913,56.6952],[14.16914,56.6952],[14.16914,56.6952],[14.16915,56.69513],[14.16927,56.6949],[14.16948,56.69459],[14.16969,56.69432],[14.16995,56.69406],[14.17021,56.69385],[14.17053,56.69363],[14.17075,56.69354],[14.17127,56.69334],[14.17127,56.69334],[14.17124,56.69312],[14.17124,56.69312],[14.17124,56.69312],[14.17032,56.69327],[14.16827,56.69312],[14.16647,56.69278],[14.16452,56.69236],[14.16428,56.69214],[14.16412,56.69202],[14.16394,56.69191],[14.1638,56.69184],[14.16296,56.69146],[14.16226,56.6912],[14.16175,56.69091],[14.1615,56.69059],[14.16148,56.69051],[14.16145,56.69039],[14.16141,56.69014],[14.16138,56.69003],[14.16131,56.68994],[14.16122,56.68986],[14.16048,56.68941],[14.16021,56.68917],[14.16009,56.68899],[14.15993,56.68867],[14.15985,56.6885],[14.15949,56.68732],[14.15941,56.68713],[14.15919,56.68669],[14.15908,56.68651],[14.15888,56.68624],[14.15857,56.68591],[14.1585,56.68584],[14.15839,56.68573],[14.15834,56.68565],[14.15834,56.68565],[14.15782,56.68567],[14.15763,56.68566],[14.15762,56.68548],[14.15828,56.68548],[14.15829,56.68548],[14.15829,56.68547],[14.15828,56.68543],[14.15827,56.68527],[14.15825,56.6851],[14.1582,56.68491],[14.15807,56.68466],[14.15778,56.68421],[14.15758,56.68391],[14.15751,56.68377],[14.15748,56.6837],[14.15744,56.68356],[14.15742,56.68348],[14.15722,56.68187],[14.15718,56.68141],[14.15717,56.68117],[14.15718,56.68099],[14.1572,56.68082],[14.15726,56.68055]]]},"properties":{"NVRID":"2002371","NAMN":"Marsholm","SKYDDSTYP":"Naturreservat","LAN":"Kronobergs Län","KOMMUN":"Ljungby, Älmhult","IUCNKATEGORI":"Ia, Strikt naturreservat (Strict Nature Reserve)","FORVALTARE":"Länsstyrelsen i Kronobergs län","AREA_HA":527.521,"URSPR_BESLUTSDATUM":""}},{"type":"Feature","geometry":{"type":"Polygon","coordinates":[[[14.16049,56.63158],[14.15837,56.63385],[14.15837,56.63385],[14.16046,56.63637],[14.16571,56.6425],[14.16571,56.64251],[14.16571,56.64251],[14.16918,56.64104],[14.16918,56.64104],[14.17014,56.63788],[14.17014,56.63788],[14.16975,56.63749],[14.16936,56.63698],[14.16946,56.63623],[14.17012,56.63621],[14.17013,56.63621],[14.17013,56.63621],[14.17021,56.63562],[14.17031,56.63558],[14.17051,56.63547],[14.17058,56.6354],[14.1708,56.63523],[14.17091,56.6351],[14.17102,56.63492],[14.17104,56.63478],[14.17101,56.63469],[14.17095,56.63456],[14.17088,56.63444],[14.17078,56.63411],[14.1707,56.63395],[14.17068,56.63377],[14.17066,56.63369],[14.17056,56.63348],[14.17047,56.63322],[14.17048,56.63281],[14.17049,56.63263],[14.17059,56.63236],[14.17059,56.63215],[14.17059,56.63204],[14.17058,56.6315],[14.17055,56.63137],[14.17038,56.63113],[14.17027,56.63098],[14.17016,56.63083],[14.17003,56.63021],[14.17003,56.62998],[14.17005,56.62983],[14.17005,56.62983],[14.17005,56.62983],[14.17,56.62983],[14.16993,56.6297],[14.16987,56.62962],[14.16983,56.62957],[14.16973,56.62952],[14.16963,56.62946],[14.16959,56.62941],[14.16935,56.62937],[14.16931,56.62929],[14.16931,56.62929],[14.16931,56.62929],[14.16875,56.62939],[14.16872,56.62934],[14.16846,56.62901],[14.16846,56.62857],[14.16786,56.62804],[14.16821,56.62756],[14.16829,56.62741],[14.16829,56.62731],[14.16828,56.62731],[14.16797,56.62707],[14.16802,56.6268],[14.16798,56.62673],[14.16791,56.62661],[14.16788,56.62646],[14.16778,56.62634],[14.16772,56.62625],[14.16767,56.6262],[14.16764,56.62611],[14.16765,56.62605],[14.16777,56.62592],[14.16778,56.62583],[14.16774,56.62567],[14.16767,56.6256],[14.1676,56.62539],[14.16755,56.62524],[14.16747,56.62511],[14.16741,56.625],[14.16733,56.62485],[14.16723,56.62476],[14.16713,56.62462],[14.16706,56.62452],[14.16692,56.62443],[14.16685,56.62434],[14.16669,56.62425],[14.16656,56.62421],[14.16634,56.62401],[14.16627,56.62388],[14.16617,56.62377],[14.16605,56.62368],[14.16599,56.62352],[14.16588,56.62336],[14.16576,56.62323],[14.16572,56.62316],[14.16564,56.62305],[14.16551,56.62292],[14.16546,56.62284],[14.16544,56.62268],[14.16549,56.62259],[14.16551,56.62248],[14.16552,56.62239],[14.16553,56.6223],[14.16557,56.62216],[14.16554,56.62201],[14.16548,56.6219],[14.16528,56.62175],[14.16521,56.62162],[14.16522,56.62151],[14.1652,56.62133],[14.16514,56.62116],[14.16492,56.62088],[14.16487,56.62069],[14.16487,56.62053],[14.16489,56.62043],[14.16487,56.6203],[14.16482,56.62016],[14.16474,56.62004],[14.16463,56.61992],[14.16435,56.61981],[14.16415,56.61976],[14.16404,56.6197],[14.16399,56.61964],[14.16399,56.61964],[14.16399,56.61964],[14.16395,56.61964],[14.16395,56.61964],[14.16392,56.61967],[14.16392,56.61967],[14.16392,56.61967],[14.16405,56.61974],[14.1641,56.61986],[14.16412,56.61999],[14.16404,56.62009],[14.16398,56.62013],[14.16384,56.62011],[14.16376,56.62011],[14.16358,56.62008],[14.16352,56.62005],[14.16349,56.62001],[14.16349,56.61998],[14.16351,56.61995],[14.16351,56.61995],[14.16351,56.61995],[14.16338,56.61989],[14.16327,56.61985],[14.16327,56.61985],[14.16327,56.61985],[14.1632,56.61987],[14.16044,56.62019],[14.1603,56.62022],[14.1603,56.62022],[14.16003,56.62068],[14.16023,56.62357],[14.16021,56.62415],[14.16045,56.62504],[14.16049,56.63158]]]},"properties":{"NVRID":"2002360","NAMN":"Taxås","SKYDDSTYP":"Naturreservat","LAN":"Kronobergs Län","KOMMUN":"Älmhult","IUCNKATEGORI":"IV, Habitat/Artskyddsområde (Habitat/Species Management Area)","FORVALTARE":"Länsstyrelsen i Kronobergs län","AREA_HA":117.669,"URSPR_BESLUTSDATUM":""}},{"type":"Feature","geometry":{"type":"Polygon","coordinates":[[[15.66727,57.04253],[15.66622,57.04268],[15.66622,57.04268],[15.66622,57.04268],[15.6662,57.04307],[15.6662,57.04307],[15.6662,57.04307],[15.6662,57.04307],[15.66651,57.04304],[15.66698,57.04305],[15.66748,57.04314],[15.66739,57.04339],[15.6672,57.04353],[15.6672,57.04353],[15.6672,57.04353],[15.6672,57.04353],[15.66762,57.04364],[15.66833,57.0438],[15.66834,57.0438],[15.66834,57.0438],[15.66834,57.0438],[15.66868,57.04302],[15.66929,57.04307],[15.66957,57.04305],[15.66981,57.04301],[15.67014,57.04297],[15.6703,57.04299],[15.67037,57.04302],[15.67038,57.0431],[15.66992,57.04373],[15.66992,57.04373],[15.66992,57.04373],[15.67043,57.04381],[15.67098,57.04391],[15.67121,57.04398],[15.67133,57.04402],[15.67139,57.04403],[15.67164,57.04412],[15.67185,57.04421],[15.67185,57.04421],[15.67186,57.04421],[15.67228,57.04422],[15.67269,57.04422],[15.67319,57.04411],[15.67345,57.04402],[15.67345,57.04402],[15.67343,57.04385],[15.67381,57.04349],[15.67381,57.04349],[15.67381,57.04349],[15.67381,57.04349],[15.67255,57.0432],[15.67253,57.04293],[15.67373,57.04285],[15.67618,57.04271],[15.67672,57.04288],[15.67672,57.04288],[15.67717,57.04277],[15.67717,57.04277],[15.68068,57.04038],[15.68099,57.04014],[15.68099,57.04014],[15.68099,57.04014],[15.68099,57.04014],[15.67944,57.0398],[15.67631,57.0391],[15.67631,57.0391],[15.67533,57.03932],[15.67518,57.03937],[15.67485,57.03957],[15.6745,57.03986],[15.67422,57.03994],[15.67398,57.04003],[15.67341,57.04023],[15.67341,57.04023],[15.67341,57.04028],[15.67341,57.04028],[15.67341,57.04028],[15.67416,57.04054],[15.67451,57.04058],[15.67452,57.04063],[15.67422,57.04106],[15.67423,57.04114],[15.67441,57.04141],[15.67434,57.04153],[15.67406,57.04152],[15.67391,57.04154],[15.67391,57.04154],[15.67375,57.04169],[15.67352,57.04173],[15.67298,57.04175],[15.67257,57.04169],[15.67233,57.04161],[15.67232,57.04161],[15.672,57.04161],[15.66739,57.0416],[15.66739,57.0416],[15.66739,57.0416],[15.66733,57.04213],[15.66727,57.04253]]]},"properties":{"NVRID":"2002585","NAMN":"Ideboås","SKYDDSTYP":"Naturreservat","LAN":"Kronobergs Län","KOMMUN":"Uppvidinge","IUCNKATEGORI":"Ia, Strikt naturreservat (Strict Nature Reserve)","FORVALTARE":"Länsstyrelsen i Kronobergs län","AREA_HA":20.804,"URSPR_BESLUTSDATUM":""}},{"type":"Feature","geometry":{"type":"Polygon","coordinates":[[[13.3726,56.69338],[13.37245,56.69349],[13.3724,56.69351],[13.37221,56.69361],[13.37188,56.69383],[13.37186,56.69398],[13.37202,56.69436],[13.37213,56.69448],[13.3723,56.69467],[13.37242,56.69485],[13.37242,56.69502],[13.37245,56.69516],[13.37253,56.69529],[13.3726,56.69544],[13.3727,56.6955],[13.37292,56.6956],[13.37309,56.69574],[13.37325,56.69591],[13.37338,56.6961],[13.37332,56.69623],[13.37329,56.69648],[13.37334,56.69667],[13.37343,56.69689],[13.37368,56.69719],[13.37396,56.69743],[13.37417,56.69756],[13.37441,56.6977],[13.37472,56.69789],[13.37489,56.69803],[13.37494,56.69813],[13.375,56.69826],[13.37508,56.69847],[13.37524,56.69862],[13.37545,56.69872],[13.37556,56.69877],[13.37577,56.69892],[13.37585,56.6991],[13.37592,56.6995],[13.37596,56.69973],[13.37593,56.69989],[13.37582,56.70008],[13.37585,56.70031],[13.37589,56.70041],[13.37613,56.70077],[13.37619,56.70088],[13.37617,56.70099],[13.37609,56.70111],[13.37607,56.70127],[13.37613,56.70151],[13.37613,56.70151],[13.37633,56.70167],[13.37654,56.70178],[13.37673,56.7019],[13.37682,56.70199],[13.37699,56.70214],[13.37715,56.70233],[13.37735,56.70257],[13.37735,56.70257],[13.37816,56.70264],[13.3811,56.70268],[13.38186,56.70258],[13.38285,56.70233],[13.38331,56.7021],[13.38416,56.70165],[13.38597,56.70058],[13.38668,56.70176],[13.38766,56.70341],[13.38823,56.70434],[13.38823,56.70434],[13.38823,56.70434],[13.38823,56.70434],[13.39643,56.70269],[13.39725,56.70331],[13.39725,56.70331],[13.40111,56.70266],[13.40522,56.70347],[13.40522,56.70347],[13.40522,56.70347],[13.40536,56.70238],[13.40536,56.70238],[13.40261,56.70026],[13.40257,56.69972],[13.40284,56.69948],[13.40392,56.69906],[13.40603,56.69852],[13.40603,56.69852],[13.40603,56.69852],[13.40532,56.69633],[13.40518,56.69623],[13.40478,56.69598],[13.40437,56.69572],[13.40397,56.69547],[13.40367,56.69528],[13.40323,56.69498],[13.40312,56.69491],[13.40292,56.69474],[13.40277,56.69459],[13.40247,56.69435],[13.40218,56.69413],[13.40209,56.69407],[13.40169,56.69379],[13.40141,56.6936],[13.40118,56.69344],[13.40106,56.69334],[13.40084,56.69319],[13.40064,56.69307],[13.40058,56.69303],[13.40041,56.69292],[13.40031,56.69286],[13.40017,56.69278],[13.40013,56.69276],[13.39988,56.6926],[13.39977,56.69253],[13.39955,56.69235],[13.39939,56.69223],[13.39901,56.69195],[13.3989,56.69189],[13.39881,56.69183],[13.39864,56.69174],[13.39855,56.69169],[13.39845,56.69164],[13.39835,56.69159],[13.39811,56.69147],[13.39803,56.69143],[13.39794,56.69138],[13.39772,56.69129],[13.39753,56.6912],[13.3975,56.69118],[13.39681,56.69083],[13.3967,56.69078],[13.39651,56.69068],[13.39643,56.69063],[13.39631,56.69058],[13.39623,56.69055],[13.39623,56.69055],[13.39602,56.69056],[13.39559,56.69061],[13.39533,56.69064],[13.39465,56.69072],[13.39332,56.69087],[13.3926,56.69095],[13.39198,56.69102],[13.3917,56.69105],[13.39138,56.69108],[13.39115,56.69109],[13.39092,56.69109],[13.39048,56.69106],[13.39017,56.69097],[13.39007,56.69094],[13.3899,56.69088],[13.38972,56.6908],[13.38945,56.69069],[13.38935,56.69065],[13.38907,56.69057],[13.38874,56.69051],[13.38841,56.69046],[13.38763,56.69038],[13.38711,56.69032],[13.38676,56.69028],[13.38605,56.6902],[13.38564,56.69015],[13.38499,56.69008],[13.38452,56.69003],[13.38387,56.68996],[13.38382,56.68995],[13.38367,56.68993],[13.38338,56.6899],[13.38232,56.68979],[13.38193,56.68975],[13.38097,56.68964],[13.38017,56.68955],[13.37999,56.68953],[13.37978,56.68951],[13.37958,56.68948],[13.37933,56.68944],[13.3791,56.68939],[13.37896,56.68937],[13.37885,56.68933],[13.37867,56.68927],[13.37844,56.68919],[13.37807,56.68906],[13.37769,56.68893],[13.37749,56.68887],[13.37742,56.68884],[13.37692,56.68869],[13.37692,56.68869],[13.37273,56.68998],[13.37273,56.68998],[13.37267,56.691],[13.3727,56.69111],[13.37276,56.69126],[13.37274,56.69174],[13.37272,56.69192],[13.37273,56.69207],[13.37274,56.69236],[13.37273,56.69264],[13.37269,56.6929],[13.37266,56.69306],[13.37263,56.69323],[13.3726,56.69338]]]},"properties":{"NVRID":"2046008","NAMN":"Ljungsjömyren","SKYDDSTYP":"Naturreservat","LAN":"Kronobergs Län","KOMMUN":"Ljungby","IUCNKATEGORI":"Ia, Strikt naturreservat (Strict Nature Reserve)","FORVALTARE":"Länsstyrelsen i Kronobergs län","AREA_HA":249.653,"URSPR_BESLUTSDATUM":""}},{"type":"Feature","geometry":{"type":"Polygon","coordinates":[[[14.21128,56.51391],[14.21128,56.51391],[14.21128,56.51391],[14.21128,56.51391],[14.21127,56.51391],[14.20954,56.51511],[14.20954,56.51511],[14.21049,56.51667],[14.21049,56.51667],[14.2105,56.51667],[14.2127,56.5162],[14.21525,56.51821],[14.21846,56.52075],[14.21846,56.52075],[14.22028,56.52126],[14.22028,56.52126],[14.22109,56.52112],[14.22109,56.52112],[14.22109,56.52112],[14.22109,56.52112],[14.22092,56.52088],[14.2222,56.51987],[14.22463,56.51902],[14.2302,56.52476],[14.2302,56.52476],[14.24901,56.52321],[14.25412,56.52448],[14.25412,56.52448],[14.25643,56.52399],[14.26499,56.52742],[14.26499,56.52742],[14.2697,56.52697],[14.2697,56.52697],[14.2697,56.52697],[14.26972,56.52684],[14.27065,56.52596],[14.27318,56.52476],[14.27318,56.52476],[14.27357,56.52286],[14.27357,56.52286],[14.26973,56.51681],[14.26999,56.51638],[14.26999,56.51638],[14.26999,56.51638],[14.26999,56.51638],[14.26999,56.51638],[14.26957,56.51638],[14.26957,56.51638],[14.26957,56.51638],[14.26943,56.51654],[14.26935,56.51665],[14.26921,56.51551],[14.26971,56.51507],[14.26971,56.51507],[14.26822,56.51221],[14.2678,56.51085],[14.26922,56.51088],[14.26922,56.51088],[14.26922,56.51088],[14.26944,56.51045],[14.26944,56.51045],[14.26944,56.51045],[14.26944,56.51045],[14.26849,56.51047],[14.26972,56.5093],[14.26972,56.5093],[14.26893,56.50803],[14.26893,56.50803],[14.26793,56.50802],[14.26799,56.50677],[14.26799,56.50677],[14.26799,56.50677],[14.26799,56.50677],[14.26745,56.50683],[14.26616,56.50621],[14.26305,56.50464],[14.25813,56.50219],[14.24663,56.49659],[14.24161,56.49414],[14.24109,56.49388],[14.24109,56.49388],[14.24109,56.49388],[14.24109,56.49389],[14.24109,56.49389],[14.24111,56.49405],[14.24126,56.49424],[14.24114,56.49471],[14.24093,56.49485],[14.24085,56.49494],[14.24083,56.49503],[14.24075,56.49516],[14.24047,56.49534],[14.24038,56.49548],[14.23904,56.49663],[14.23904,56.49705],[14.23896,56.49761],[14.23913,56.49827],[14.2389,56.49926],[14.23786,56.50024],[14.23781,56.50047],[14.23752,56.50077],[14.2374,56.50092],[14.23739,56.50106],[14.23742,56.50124],[14.23585,56.50142],[14.23508,56.50119],[14.23289,56.49863],[14.23208,56.49697],[14.23208,56.49697],[14.23208,56.49697],[14.23207,56.49697],[14.23205,56.49699],[14.2296,56.49893],[14.22846,56.49897],[14.22726,56.49882],[14.22628,56.49826],[14.23206,56.49694],[14.23206,56.49694],[14.23206,56.49694],[14.23187,56.49664],[14.23111,56.49604],[14.23104,56.49554],[14.23138,56.49513],[14.23138,56.49513],[14.23129,56.49452],[14.23128,56.49448],[14.23126,56.49432],[14.23119,56.4939],[14.23117,56.49369],[14.23115,56.49354],[14.23112,56.49328],[14.23111,56.49317],[14.23109,56.49315],[14.23109,56.49305],[14.23108,56.49295],[14.23109,56.49289],[14.23108,56.49283],[14.23107,56.49281],[14.23107,56.49281],[14.23107,56.49281],[14.23106,56.49281],[14.2299,56.49298],[14.22978,56.493],[14.22967,56.49301],[14.22962,56.49302],[14.22958,56.49303],[14.22933,56.49306],[14.22901,56.49311],[14.22881,56.49314],[14.22873,56.49315],[14.22844,56.49319],[14.22791,56.49327],[14.22747,56.49333],[14.22708,56.49339],[14.22659,56.49346],[14.22633,56.4935],[14.22615,56.49352],[14.22612,56.49352],[14.22564,56.49359],[14.22525,56.49365],[14.22478,56.49372],[14.22441,56.49377],[14.22402,56.49383],[14.22381,56.49385],[14.21857,56.49455],[14.21824,56.4946],[14.21819,56.49461],[14.21815,56.49461],[14.218,56.49464],[14.21752,56.49471],[14.21638,56.49486],[14.21611,56.4949],[14.21576,56.49494],[14.21538,56.49499],[14.21505,56.49502],[14.21447,56.49508],[14.21423,56.49511],[14.21386,56.49515],[14.21385,56.49515],[14.21385,56.49515],[14.21385,56.49524],[14.21381,56.49597],[14.21379,56.4962],[14.21379,56.4964],[14.21378,56.4967],[14.21425,56.49835],[14.2143,56.49854],[14.21434,56.49866],[14.21437,56.49875],[14.21439,56.49882],[14.21442,56.49893],[14.21439,56.49904],[14.21435,56.49917],[14.21432,56.49924],[14.21426,56.49932],[14.21418,56.49942],[14.21411,56.49952],[14.21404,56.49962],[14.2139,56.49985],[14.21368,56.5002],[14.21353,56.50044],[14.21341,56.50064],[14.21333,56.50077],[14.21324,56.50089],[14.21317,56.50101],[14.21301,56.50128],[14.21303,56.50149],[14.21305,56.50163],[14.21309,56.50183],[14.21312,56.50203],[14.21314,56.50215],[14.21317,56.50236],[14.21322,56.50258],[14.21326,56.50284],[14.21329,56.50313],[14.21334,56.50343],[14.21341,56.50385],[14.21344,56.50411],[14.21351,56.50457],[14.21357,56.50493],[14.21361,56.50514],[14.21377,56.50591],[14.21343,56.51174],[14.21343,56.51174],[14.21343,56.51174],[14.21397,56.51189],[14.21397,56.51189],[14.21564,56.51152],[14.2176,56.51169],[14.21893,56.51193],[14.21956,56.51233],[14.21938,56.51282],[14.21878,56.51305],[14.21667,56.51337],[14.21575,56.51355],[14.21456,56.5139],[14.21338,56.5143],[14.21186,56.5147],[14.21128,56.51391]]]},"properties":{"NVRID":"2002352","NAMN":"Vakö myr","SKYDDSTYP":"Naturreservat","LAN":"Kronobergs Län","KOMMUN":"Osby, Älmhult","IUCNKATEGORI":"Ib, Vildmarksområde (Wilderness Area)","FORVALTARE":"Länsstyrelsen i Kronobergs län","AREA_HA":968.017,"URSPR_BESLUTSDATUM":""}},{"type":"Feature","geometry":{"type":"Polygon","coordinates":[[[15.08781,57.14678],[15.08781,57.14678],[15.08781,57.14678],[15.08883,57.14824],[15.08978,57.14912],[15.08978,57.14912],[15.08978,57.14912],[15.09064,57.14908],[15.09049,57.15063],[15.09049,57.15063],[15.09049,57.15063],[15.09145,57.15093],[15.09164,57.15129],[15.09164,57.15129],[15.09312,57.15152],[15.09313,57.15152],[15.09816,57.14886],[15.09866,57.14924],[15.09866,57.14924],[15.09866,57.14924],[15.10038,57.14852],[15.10224,57.1476],[15.1037,57.14671],[15.10655,57.14584],[15.108,57.14496],[15.10819,57.14441],[15.11081,57.14374],[15.11106,57.14329],[15.11139,57.14258],[15.11139,57.14258],[15.11139,57.14258],[15.11139,57.14258],[15.11077,57.14253],[15.11028,57.14247],[15.10985,57.14244],[15.10944,57.14241],[15.1091,57.14237],[15.10881,57.14233],[15.10858,57.14228],[15.10867,57.14215],[15.10867,57.14199],[15.10855,57.14185],[15.10834,57.1417],[15.10815,57.14159],[15.10803,57.14146],[15.10801,57.14128],[15.10802,57.14126],[15.10802,57.14126],[15.10802,57.14126],[15.10802,57.14126],[15.10791,57.14125],[15.10785,57.14118],[15.10785,57.14118],[15.10676,57.14108],[15.10647,57.14114],[15.10612,57.14111],[15.10576,57.14116],[15.10555,57.14118],[15.1044,57.1415],[15.10337,57.14184],[15.10196,57.14233],[15.10122,57.14251],[15.10045,57.14261],[15.09874,57.14305],[15.09791,57.1434],[15.09753,57.14363],[15.0971,57.14394],[15.09572,57.14456],[15.09511,57.14475],[15.09365,57.14519],[15.09272,57.14529],[15.09136,57.14553],[15.0908,57.14578],[15.09026,57.14603],[15.08899,57.14632],[15.08781,57.14678]],[[15.09012,57.14793],[15.09043,57.14767],[15.09105,57.14788],[15.09068,57.14824],[15.09012,57.14793]]]},"properties":{"NVRID":"2002563","NAMN":"Libbhults ängar","SKYDDSTYP":"Naturreservat","LAN":"Kronobergs Län","KOMMUN":"Uppvidinge, Växjö","IUCNKATEGORI":"IV, Habitat/Artskyddsområde (Habitat/Species Management Area)","FORVALTARE":"Länsstyrelsen i Kronobergs län","AREA_HA":71.313,"URSPR_BESLUTSDATUM":""}},{"type":"Feature","geometry":{"type":"Polygon","coordinates":[[[14.66514,56.64017],[14.66441,56.64014],[14.66214,56.6394],[14.66094,56.63938],[14.66094,56.63938],[14.66094,56.63938],[14.66142,56.64393],[14.66142,56.64442],[14.66142,56.64442],[14.66143,56.64442],[14.66587,56.64512],[14.66588,56.64512],[14.66588,56.64512],[14.6663,56.64461],[14.66833,56.64475],[14.66795,56.64546],[14.66792,56.64561],[14.66794,56.6457],[14.66796,56.64575],[14.66801,56.64582],[14.66815,56.64601],[14.66821,56.64612],[14.66822,56.6462],[14.66821,56.64629],[14.66809,56.64662],[14.66794,56.64724],[14.66784,56.64767],[14.66783,56.64779],[14.66783,56.64779],[14.66797,56.6479],[14.66832,56.64822],[14.66832,56.64823],[14.66837,56.64824],[14.66837,56.64824],[14.66837,56.64824],[14.66855,56.6481],[14.66902,56.6478],[14.66933,56.64761],[14.66971,56.64737],[14.67018,56.64707],[14.67051,56.64684],[14.67098,56.64654],[14.6714,56.64627],[14.67179,56.646],[14.67212,56.64579],[14.67231,56.64572],[14.67256,56.64562],[14.67302,56.64552],[14.67352,56.64544],[14.6746,56.64522],[14.67523,56.6451],[14.67597,56.64497],[14.67597,56.64497],[14.67597,56.64497],[14.67597,56.64497],[14.67472,56.64388],[14.6769,56.64228],[14.6769,56.64228],[14.67449,56.63931],[14.67449,56.63931],[14.67449,56.63931],[14.67157,56.6402],[14.67045,56.63994],[14.66574,56.63998],[14.66574,56.63998],[14.66514,56.64017]],[[14.66928,56.64011],[14.66995,56.64005],[14.67007,56.64042],[14.66939,56.64048],[14.66928,56.64011]]]},"properties":{"NVRID":"2002361","NAMN":"Bjurkärr","SKYDDSTYP":"Naturreservat","LAN":"Kronobergs Län","KOMMUN":"Alvesta","IUCNKATEGORI":"IV, Habitat/Artskyddsområde (Habitat/Species Management Area)","FORVALTARE":"Länsstyrelsen i Kronobergs län","AREA_HA":56.47,"URSPR_BESLUTSDATUM":""}},{"type":"Feature","geometry":{"type":"Polygon","coordinates":[[[13.52801,56.88989],[13.52801,56.88989],[13.52801,56.88989],[13.52803,56.8899],[13.52809,56.89001],[13.5281,56.89008],[13.52807,56.89017],[13.52805,56.89027],[13.52808,56.89034],[13.52815,56.89038],[13.52828,56.89043],[13.52841,56.89046],[13.52872,56.89065],[13.52872,56.89065],[13.52872,56.89065],[13.52873,56.89065],[13.52874,56.89063],[13.52883,56.89053],[13.52899,56.89053],[13.52906,56.89048],[13.52913,56.89039],[13.52922,56.89032],[13.52936,56.89032],[13.52951,56.89035],[13.52967,56.89043],[13.52975,56.89051],[13.5298,56.8906],[13.5298,56.8906],[13.52991,56.89063],[13.53007,56.89063],[13.53019,56.8906],[13.53034,56.89052],[13.53047,56.89042],[13.53052,56.89036],[13.53049,56.89028],[13.53045,56.89018],[13.53043,56.89008],[13.53039,56.88989],[13.5304,56.88979],[13.53043,56.88966],[13.53042,56.88954],[13.5304,56.88946],[13.53049,56.8894],[13.53068,56.88933],[13.53081,56.88925],[13.53091,56.88925],[13.53101,56.88921],[13.53116,56.8892],[13.53116,56.8892],[13.53116,56.8892],[13.53113,56.88915],[13.53114,56.88911],[13.53112,56.88902],[13.53101,56.88889],[13.53084,56.88874],[13.5307,56.88864],[13.53066,56.88843],[13.53071,56.88835],[13.53082,56.88831],[13.531,56.88828],[13.53129,56.88825],[13.53146,56.88826],[13.53159,56.88831],[13.53179,56.88849],[13.53204,56.88865],[13.53219,56.88876],[13.53219,56.88876],[13.53226,56.88877],[13.53226,56.88877],[13.53233,56.88873],[13.53234,56.8887],[13.53234,56.8887],[13.53234,56.8887],[13.53212,56.88853],[13.53186,56.88837],[13.53165,56.88815],[13.53157,56.88804],[13.53153,56.88791],[13.53151,56.88783],[13.53154,56.88777],[13.53154,56.88777],[13.53152,56.8877],[13.53146,56.88761],[13.53149,56.88747],[13.53154,56.88734],[13.53155,56.88725],[13.53145,56.88715],[13.5312,56.88703],[13.53114,56.887],[13.53114,56.887],[13.52979,56.88718],[13.52919,56.88742],[13.52879,56.88767],[13.52879,56.88767],[13.52876,56.88912],[13.52883,56.88967],[13.52801,56.88989]]]},"properties":{"NVRID":"2002393","NAMN":"Ushults Domänreservat","SKYDDSTYP":"Naturreservat","LAN":"Kronobergs Län","KOMMUN":"Ljungby","IUCNKATEGORI":"IV, Habitat/Artskyddsområde (Habitat/Species Management Area)","FORVALTARE":"Länsstyrelsen i Kronobergs län","AREA_HA":5.23,"URSPR_BESLUTSDATUM":""}},{"type":"Feature","geometry":{"type":"Polygon","coordinates":[[[15.4406,57.03084],[15.4406,57.03084],[15.4406,57.03084],[15.44124,57.03138],[15.44221,57.03223],[15.44309,57.03302],[15.4435,57.03331],[15.44387,57.03347],[15.4471,57.03422],[15.44796,57.03437],[15.44833,57.03437],[15.4488,57.0343],[15.44943,57.03412],[15.45044,57.03386],[15.45081,57.0338],[15.45118,57.03381],[15.45156,57.03391],[15.4519,57.03406],[15.4523,57.03432],[15.45273,57.03471],[15.45273,57.03471],[15.45273,57.03471],[15.45273,57.03471],[15.45434,57.03381],[15.45549,57.03316],[15.45664,57.0325],[15.45893,57.03122],[15.45893,57.03122],[15.45859,57.03061],[15.45844,57.03033],[15.45767,57.02892],[15.45719,57.02814],[15.45706,57.02781],[15.45706,57.02781],[15.45415,57.02715],[15.45437,57.0266],[15.45455,57.02612],[15.45476,57.02559],[15.45532,57.02416],[15.45594,57.02257],[15.45607,57.02224],[15.45607,57.02224],[15.45607,57.02224],[15.45607,57.02224],[15.45433,57.02205],[15.45432,57.02205],[15.45432,57.02205],[15.45432,57.02205],[15.45383,57.02325],[15.45372,57.02354],[15.45353,57.02381],[15.45327,57.02406],[15.45286,57.02431],[15.45244,57.02454],[15.45217,57.02472],[15.45183,57.02512],[15.45148,57.02539],[15.45127,57.02562],[15.4511,57.02591],[15.45103,57.02598],[15.45087,57.02606],[15.4507,57.02608],[15.45037,57.02609],[15.44995,57.02608],[15.44959,57.02608],[15.44921,57.02612],[15.44801,57.02628],[15.44786,57.02632],[15.44761,57.02645],[15.447,57.02686],[15.44633,57.02728],[15.44623,57.02736],[15.44577,57.02792],[15.44474,57.029],[15.44441,57.02942],[15.4443,57.02953],[15.44407,57.02969],[15.44376,57.02981],[15.44312,57.02996],[15.44258,57.03008],[15.44222,57.03021],[15.44168,57.03044],[15.44112,57.03067],[15.44071,57.03079],[15.4406,57.03084]]]},"properties":{"NVRID":"2002549","NAMN":"Våraskruv","SKYDDSTYP":"Naturreservat","LAN":"Kronobergs Län","KOMMUN":"Uppvidinge","IUCNKATEGORI":"IV, Habitat/Artskyddsområde (Habitat/Species Management Area)","FORVALTARE":"Länsstyrelsen i Kronobergs län","AREA_HA":75.356,"URSPR_BESLUTSDATUM":""}},{"type":"Feature","geometry":{"type":"Polygon","coordinates":[[[15.46477,56.83346],[15.46382,56.83378],[15.46382,56.83379],[15.46442,56.83524],[15.46527,56.83599],[15.46604,56.83629],[15.46789,56.83869],[15.46757,56.83879],[15.46757,56.83879],[15.46757,56.83879],[15.46777,56.83916],[15.46777,56.83916],[15.46778,56.83916],[15.46794,56.83915],[15.46865,56.83909],[15.46915,56.83907],[15.46974,56.83904],[15.47033,56.83901],[15.47048,56.83901],[15.4707,56.83899],[15.47117,56.83898],[15.47117,56.83898],[15.47117,56.83898],[15.47117,56.83898],[15.47073,56.83844],[15.47194,56.83789],[15.47194,56.83789],[15.47133,56.83704],[15.47115,56.8369],[15.47107,56.83681],[15.47106,56.83671],[15.47114,56.8366],[15.4713,56.83652],[15.4713,56.83652],[15.4713,56.83652],[15.4713,56.83652],[15.46931,56.83556],[15.469,56.83489],[15.4685,56.83346],[15.46792,56.83313],[15.46792,56.83313],[15.46419,56.83304],[15.46419,56.83304],[15.46419,56.83304],[15.46419,56.83304],[15.46477,56.83346]]]},"properties":{"NVRID":"2002384","NAMN":"Lövsjö ängar Domänreservat","SKYDDSTYP":"Naturreservat","LAN":"Kronobergs Län","KOMMUN":"Lessebo","IUCNKATEGORI":"IV, Habitat/Artskyddsområde (Habitat/Species Management Area)","FORVALTARE":"Länsstyrelsen i Kronobergs län","AREA_HA":17.911,"URSPR_BESLUTSDATUM":""}},{"type":"Feature","geometry":{"type":"MultiPolygon","coordinates":[[[[14.76223,56.54637],[14.7624,56.54648],[14.76254,56.54651],[14.76274,56.5465],[14.76291,56.54645],[14.76295,56.54642],[14.763,56.5463],[14.76301,56.54617],[14.76296,56.54607],[14.76277,56.54597],[14.76252,56.54597],[14.76252,56.54597],[14.76221,56.54609],[14.76221,56.54609],[14.76216,56.54622],[14.76223,56.54637],[14.76223,56.54637]]],[[[14.76141,56.54403],[14.7614,56.54403],[14.76122,56.54411],[14.76118,56.54422],[14.7614,56.54439],[14.76168,56.5445],[14.76185,56.54453],[14.76212,56.54451],[14.7624,56.54447],[14.7624,56.54447],[14.76258,56.54436],[14.76258,56.54436],[14.76257,56.54426],[14.76257,56.54426],[14.76241,56.54419],[14.76227,56.54417],[14.76215,56.5441],[14.76212,56.54402],[14.76203,56.54399],[14.76203,56.54399],[14.76188,56.54399],[14.76172,56.54401],[14.7616,56.54401],[14.76141,56.54403]]],[[[14.73508,56.5276],[14.73385,56.52773],[14.73381,56.52773],[14.73365,56.52776],[14.73277,56.52784],[14.72846,56.52908],[14.72846,56.52908],[14.72846,56.52908],[14.72846,56.52908],[14.73086,56.53121],[14.7318,56.53155],[14.73718,56.53373],[14.74539,56.53593],[14.74807,56.53726],[14.74846,56.53885],[14.75151,56.54063],[14.75151,56.54063],[14.7551,56.54037],[14.75554,56.54038],[14.75686,56.54065],[14.75667,56.54132],[14.75667,56.54132],[14.75667,56.54132],[14.75667,56.54132],[14.75667,56.54132],[14.7577,56.54087],[14.75812,56.54112],[14.75912,56.54124],[14.75939,56.54133],[14.75949,56.5414],[14.75951,56.54149],[14.75953,56.54165],[14.75897,56.5416],[14.75874,56.54165],[14.75848,56.54168],[14.75829,56.54179],[14.75809,56.54191],[14.75809,56.54191],[14.75809,56.54191],[14.75809,56.54191],[14.75813,56.54192],[14.7582,56.54194],[14.75951,56.54248],[14.75959,56.54265],[14.75959,56.54265],[14.7597,56.54268],[14.7599,56.54272],[14.76011,56.54274],[14.76032,56.54273],[14.76047,56.54268],[14.76054,56.54261],[14.76064,56.54256],[14.76093,56.54254],[14.76114,56.54257],[14.76141,56.54267],[14.76165,56.54279],[14.7618,56.54289],[14.76194,56.5431],[14.76211,56.54333],[14.76228,56.54352],[14.76233,56.5436],[14.76247,56.54374],[14.76262,56.54385],[14.76278,56.54393],[14.76326,56.54406],[14.76332,56.54407],[14.76357,56.5441],[14.76388,56.54413],[14.76409,56.54418],[14.76435,56.54429],[14.76451,56.54443],[14.76456,56.54457],[14.76459,56.5447],[14.76463,56.54481],[14.76456,56.54489],[14.76443,56.54496],[14.76435,56.54505],[14.76431,56.5451],[14.76427,56.54536],[14.76431,56.54557],[14.76431,56.54572],[14.76422,56.54604],[14.76408,56.54631],[14.76402,56.5465],[14.76402,56.54671],[14.7641,56.54683],[14.7641,56.54683],[14.76438,56.54698],[14.76461,56.54711],[14.7648,56.54732],[14.76502,56.54748],[14.76547,56.54758],[14.76568,56.54758],[14.76587,56.54756],[14.76656,56.54744],[14.76689,56.54745],[14.76705,56.5475],[14.76708,56.54763],[14.76708,56.54764],[14.76745,56.54779],[14.76759,56.54787],[14.76748,56.548],[14.76735,56.5481],[14.76717,56.54819],[14.767,56.54831],[14.76687,56.54843],[14.76677,56.5486],[14.76651,56.54871],[14.76642,56.54873],[14.76642,56.54873],[14.76642,56.54873],[14.76642,56.54887],[14.76626,56.54896],[14.76609,56.54903],[14.76609,56.54903],[14.76607,56.5491],[14.76607,56.5491],[14.7662,56.54916],[14.76632,56.54929],[14.7664,56.5494],[14.76678,56.54958],[14.76684,56.54963],[14.76702,56.54969],[14.76702,56.54969],[14.76722,56.54966],[14.76742,56.54965],[14.76768,56.54968],[14.76779,56.54971],[14.76826,56.54992],[14.76855,56.55003],[14.76877,56.55007],[14.76877,56.55007],[14.76887,56.55003],[14.76898,56.54996],[14.76908,56.54977],[14.76918,56.54961],[14.76924,56.54915],[14.76933,56.54889],[14.76937,56.54871],[14.7695,56.54858],[14.76966,56.54846],[14.76966,56.54846],[14.76967,56.54836],[14.76951,56.5481],[14.76934,56.54796],[14.76931,56.54785],[14.76958,56.54755],[14.76963,56.54741],[14.76959,56.5472],[14.76948,56.54708],[14.7692,56.54691],[14.76901,56.54673],[14.76895,56.54659],[14.76895,56.54642],[14.76899,56.5463],[14.769,56.54613],[14.76892,56.54595],[14.76885,56.54587],[14.76884,56.54587],[14.7686,56.54583],[14.76841,56.54586],[14.76809,56.54588],[14.76786,56.54584],[14.76776,56.54565],[14.76779,56.54555],[14.76791,56.54534],[14.76814,56.5451],[14.76838,56.54502],[14.76858,56.54501],[14.76876,56.54497],[14.76901,56.54482],[14.76907,56.5447],[14.76905,56.54454],[14.76902,56.5443],[14.76902,56.54421],[14.7691,56.54401],[14.76941,56.54385],[14.76968,56.54375],[14.76987,56.54369],[14.76987,56.54369],[14.77009,56.54346],[14.77015,56.54335],[14.77005,56.54316],[14.76979,56.54305],[14.76951,56.54294],[14.76933,56.54291],[14.769,56.54279],[14.769,56.54279],[14.769,56.54279],[14.76875,56.5429],[14.76687,56.54216],[14.76549,56.53835],[14.76111,56.53426],[14.76111,56.53426],[14.76111,56.53426],[14.76087,56.53429],[14.76087,56.53429],[14.76074,56.53438],[14.76045,56.53452],[14.76036,56.53454],[14.76026,56.53455],[14.76011,56.53456],[14.75989,56.53457],[14.75968,56.53458],[14.75951,56.53459],[14.75934,56.53459],[14.75919,56.53461],[14.75903,56.53463],[14.75887,56.53467],[14.75865,56.53475],[14.75836,56.53485],[14.75818,56.53491],[14.75803,56.53495],[14.75794,56.53497],[14.75784,56.53498],[14.7577,56.53498],[14.75732,56.53499],[14.75508,56.53522],[14.7509,56.53235],[14.75089,56.53235],[14.74983,56.53239],[14.74986,56.53132],[14.75263,56.53091],[14.75263,56.53091],[14.75271,56.53085],[14.75271,56.53085],[14.75265,56.53075],[14.75249,56.53046],[14.7524,56.5303],[14.75225,56.53002],[14.75208,56.52973],[14.75195,56.5295],[14.75174,56.52914],[14.75165,56.52897],[14.75148,56.52858],[14.75151,56.52842],[14.75126,56.52794],[14.75047,56.527],[14.75019,56.52686],[14.75019,56.52686],[14.75019,56.52686],[14.75019,56.52686],[14.75016,56.5269],[14.74994,56.52698],[14.74978,56.52699],[14.74958,56.52697],[14.74939,56.52692],[14.74925,56.52686],[14.74914,56.52677],[14.74905,56.52664],[14.74891,56.52651],[14.74882,56.52639],[14.74868,56.52625],[14.74854,56.52615],[14.74835,56.52605],[14.74808,56.52598],[14.74775,56.52585],[14.74756,56.52582],[14.74748,56.52574],[14.74741,56.52568],[14.74731,56.52561],[14.7473,56.52552],[14.7473,56.52552],[14.74713,56.52545],[14.74704,56.52543],[14.74689,56.52545],[14.74674,56.5255],[14.74652,56.52563],[14.74637,56.52567],[14.74629,56.52564],[14.74628,56.5256],[14.74628,56.5256],[14.7461,56.52559],[14.7461,56.52559],[14.7461,56.52559],[14.74523,56.52671],[14.74523,56.52671],[14.74529,56.52693],[14.74535,56.527],[14.74553,56.52711],[14.74566,56.5272],[14.74565,56.5273],[14.74551,56.52741],[14.74504,56.52758],[14.74463,56.52764],[14.74395,56.52765],[14.74368,56.52609],[14.74483,56.52606],[14.74483,56.52606],[14.74483,56.52606],[14.74527,56.52552],[14.74527,56.52552],[14.74527,56.52551],[14.74527,56.52551],[14.74515,56.52552],[14.74506,56.52551],[14.74489,56.5254],[14.74475,56.5253],[14.74453,56.52518],[14.74433,56.52506],[14.74418,56.52495],[14.74394,56.52485],[14.74369,56.52478],[14.74351,56.5247],[14.74308,56.52444],[14.74305,56.52442],[14.74305,56.52442],[14.74305,56.52442],[14.74305,56.52442],[14.74303,56.52443],[14.74137,56.52505],[14.73992,56.52573],[14.73893,56.52616],[14.73867,56.52632],[14.73789,56.5267],[14.7369,56.52711],[14.73514,56.52753],[14.73513,56.52753],[14.73508,56.5276]]]]},"properties":{"NVRID":"2031089","NAMN":"Hackekvarn","SKYDDSTYP":"Naturreservat","LAN":"Kronobergs Län","KOMMUN":"Tingsryd","IUCNKATEGORI":"IV, Habitat/Artskyddsområde (Habitat/Species Management Area)","FORVALTARE":"Länsstyrelsen i Kronobergs län","AREA_HA":209.962,"URSPR_BESLUTSDATUM":""}},{"type":"Feature","geometry":{"type":"Polygon","coordinates":[[[13.39727,56.61574],[13.39761,56.61726],[13.39762,56.61726],[13.39976,56.618],[13.40116,56.61827],[13.40378,56.61985],[13.40406,56.62008],[13.40413,56.62026],[13.40426,56.62038],[13.40446,56.6205],[13.40461,56.62058],[13.40461,56.62058],[13.40461,56.62058],[13.4048,56.62043],[13.40598,56.61936],[13.40645,56.61955],[13.40903,56.62053],[13.41204,56.62167],[13.41062,56.62281],[13.41062,56.62281],[13.41062,56.62281],[13.41236,56.62341],[13.41306,56.62372],[13.41439,56.62428],[13.41685,56.62552],[13.41837,56.62625],[13.41837,56.62625],[13.41837,56.62625],[13.41837,56.62625],[13.42068,56.62321],[13.42763,56.62291],[13.42763,56.62291],[13.42763,56.62291],[13.42856,56.61793],[13.43356,56.6179],[13.4341,56.61789],[13.43891,56.61848],[13.43891,56.61848],[13.44076,56.61711],[13.44161,56.61754],[13.44161,56.61754],[13.44161,56.61754],[13.44231,56.61672],[13.44292,56.61602],[13.44301,56.61592],[13.44301,56.61592],[13.44301,56.61591],[13.44259,56.61579],[13.44214,56.61565],[13.43646,56.61389],[13.4361,56.61357],[13.4361,56.61357],[13.43482,56.6132],[13.43266,56.61274],[13.43263,56.61212],[13.43263,56.61212],[13.43152,56.61168],[13.43152,56.61168],[13.4307,56.61178],[13.42957,56.61239],[13.42433,56.61159],[13.42223,56.61129],[13.41851,56.61068],[13.41573,56.61023],[13.41043,56.60918],[13.41161,56.60843],[13.41212,56.60766],[13.41322,56.60682],[13.41434,56.60593],[13.41533,56.60583],[13.41533,56.60583],[13.41533,56.60583],[13.41553,56.6046],[13.41494,56.60384],[13.41464,56.60308],[13.41229,56.59937],[13.4123,56.59932],[13.41234,56.5992],[13.4124,56.59903],[13.41247,56.59892],[13.41256,56.59883],[13.41268,56.59874],[13.41282,56.59863],[13.41302,56.59849],[13.4132,56.59835],[13.41342,56.59812],[13.41362,56.59793],[13.41377,56.59778],[13.41389,56.59767],[13.41405,56.59754],[13.41417,56.59746],[13.41444,56.59732],[13.41458,56.59726],[13.41469,56.59725],[13.41484,56.59726],[13.41484,56.59726],[13.41494,56.59722],[13.415,56.59718],[13.41503,56.59712],[13.41507,56.59699],[13.41515,56.59682],[13.41526,56.59669],[13.41545,56.59649],[13.41559,56.59629],[13.41576,56.59604],[13.41592,56.59594],[13.41612,56.59584],[13.41626,56.59579],[13.41639,56.59577],[13.41661,56.59576],[13.41671,56.59576],[13.41671,56.59576],[13.41671,56.59576],[13.41671,56.59576],[13.41671,56.59569],[13.41686,56.59523],[13.41686,56.59522],[13.41652,56.59494],[13.41615,56.59471],[13.41497,56.59446],[13.41495,56.59446],[13.41495,56.59446],[13.41465,56.59456],[13.41182,56.59562],[13.40942,56.59447],[13.4099,56.5938],[13.41466,56.59218],[13.41466,56.59218],[13.41466,56.59218],[13.41442,56.59083],[13.41469,56.59063],[13.41469,56.59063],[13.41469,56.59063],[13.41469,56.59063],[13.41455,56.59057],[13.41437,56.59049],[13.41421,56.59043],[13.41387,56.59032],[13.41357,56.59022],[13.41338,56.59014],[13.41311,56.59003],[13.41294,56.58993],[13.41278,56.58984],[13.41261,56.58967],[13.41249,56.58947],[13.41237,56.58917],[13.41228,56.58893],[13.41218,56.58863],[13.41207,56.58827],[13.41205,56.58818],[13.41202,56.58807],[13.41198,56.58792],[13.41195,56.58786],[13.4119,56.58781],[13.41184,56.58777],[13.41172,56.58773],[13.41159,56.5877],[13.41141,56.58767],[13.41117,56.58766],[13.4109,56.58768],[13.41055,56.58771],[13.41035,56.58775],[13.41015,56.58779],[13.40992,56.58784],[13.40979,56.58787],[13.40961,56.58791],[13.40934,56.58797],[13.40903,56.58802],[13.40886,56.58806],[13.40886,56.58806],[13.4088,56.58813],[13.40868,56.58849],[13.40743,56.58896],[13.40711,56.58944],[13.40682,56.58953],[13.4059,56.59006],[13.40517,56.59058],[13.40442,56.59154],[13.40412,56.59207],[13.4037,56.59221],[13.40328,56.59237],[13.40285,56.59245],[13.40253,56.59249],[13.40253,56.59249],[13.40253,56.59249],[13.40248,56.59262],[13.40255,56.59283],[13.40271,56.59308],[13.40279,56.59332],[13.40257,56.59346],[13.40257,56.59346],[13.40256,56.59373],[13.40258,56.59395],[13.40267,56.59417],[13.40267,56.59417],[13.40426,56.59489],[13.39816,56.60765],[13.39758,56.60885],[13.39727,56.61574]],[[13.42198,56.61436],[13.42313,56.61426],[13.42402,56.61434],[13.42402,56.61434],[13.42515,56.61367],[13.42615,56.61357],[13.42656,56.61412],[13.42679,56.61439],[13.42685,56.61451],[13.42698,56.61474],[13.42714,56.61502],[13.42669,56.61498],[13.42598,56.61502],[13.42598,56.61502],[13.42573,56.61521],[13.42534,56.61529],[13.42523,56.6151],[13.42523,56.6151],[13.42523,56.6151],[13.42478,56.61515],[13.422,56.61517],[13.42198,56.61436]],[[13.4007,56.60692],[13.401,56.60647],[13.40182,56.60545],[13.40246,56.60451],[13.40313,56.60339],[13.40406,56.60176],[13.4054,56.60008],[13.40622,56.6002],[13.40705,56.60026],[13.4077,56.60044],[13.40648,56.60188],[13.4061,56.60233],[13.40558,56.60294],[13.40501,56.60361],[13.40447,56.60424],[13.40384,56.60498],[13.40336,56.60555],[13.40265,56.60633],[13.40238,56.6067],[13.4007,56.60692]]]},"properties":{"NVRID":"2002913","NAMN":"Rönnö","SKYDDSTYP":"Naturreservat","LAN":"Kronobergs Län","KOMMUN":"Laholm, Ljungby, Markaryd","IUCNKATEGORI":"Ia, Strikt naturreservat (Strict Nature Reserve)","FORVALTARE":"Länsstyrelsen i Kronobergs län","AREA_HA":441.302,"URSPR_BESLUTSDATUM":""}},{"type":"Feature","geometry":{"type":"Polygon","coordinates":[[[14.78078,57.21077],[14.78077,57.21077],[14.78078,57.21077],[14.78151,57.21136],[14.77432,57.21174],[14.77432,57.21174],[14.77432,57.21174],[14.77432,57.21174],[14.77481,57.21214],[14.77498,57.21228],[14.77525,57.21253],[14.77547,57.21273],[14.77558,57.21283],[14.77574,57.213],[14.77582,57.2131],[14.77589,57.21323],[14.77599,57.21342],[14.77608,57.21362],[14.77616,57.21378],[14.77623,57.2139],[14.7763,57.214],[14.77636,57.21405],[14.77645,57.21412],[14.77657,57.21419],[14.77677,57.2143],[14.77699,57.21441],[14.77743,57.21462],[14.77785,57.21483],[14.77811,57.21499],[14.77838,57.21518],[14.77849,57.21528],[14.7786,57.21539],[14.7787,57.2155],[14.77881,57.21564],[14.77886,57.21573],[14.77903,57.21597],[14.77916,57.21635],[14.77922,57.21649],[14.77933,57.2167],[14.77948,57.21694],[14.77965,57.21725],[14.77986,57.21761],[14.7799,57.21767],[14.77993,57.21773],[14.77996,57.21784],[14.77998,57.21793],[14.78,57.21811],[14.78001,57.21825],[14.78002,57.21836],[14.78004,57.21843],[14.78007,57.2185],[14.78011,57.21856],[14.78018,57.21864],[14.78025,57.21868],[14.78031,57.21873],[14.78044,57.2188],[14.78059,57.21888],[14.78075,57.21896],[14.78088,57.21902],[14.78099,57.21909],[14.78106,57.21913],[14.78114,57.21919],[14.78119,57.21924],[14.78125,57.21931],[14.78133,57.21942],[14.7814,57.21952],[14.78155,57.21968],[14.78167,57.21979],[14.7818,57.2199],[14.78199,57.22006],[14.78205,57.22011],[14.78216,57.2202],[14.78225,57.22028],[14.78232,57.22035],[14.78238,57.22041],[14.78242,57.22047],[14.78242,57.22047],[14.78242,57.22047],[14.78248,57.22047],[14.78297,57.22044],[14.78324,57.22067],[14.78352,57.22091],[14.78391,57.22123],[14.78425,57.22152],[14.78425,57.22152],[14.78425,57.22152],[14.78425,57.22152],[14.78467,57.22122],[14.78498,57.22097],[14.78519,57.22077],[14.78566,57.2203],[14.78613,57.2205],[14.78657,57.2207],[14.78763,57.22117],[14.78743,57.22135],[14.78685,57.22166],[14.7864,57.22186],[14.7864,57.22186],[14.7864,57.22186],[14.7864,57.22186],[14.7871,57.22197],[14.78772,57.22206],[14.78821,57.22214],[14.78873,57.22222],[14.78917,57.22229],[14.78966,57.22237],[14.79018,57.22245],[14.79048,57.2225],[14.79046,57.22282],[14.79045,57.22308],[14.79045,57.22328],[14.79044,57.22359],[14.79043,57.22379],[14.79042,57.2241],[14.79041,57.22423],[14.79041,57.22423],[14.79041,57.22423],[14.79062,57.22424],[14.79838,57.22272],[14.80096,57.2222],[14.80096,57.2222],[14.80096,57.2222],[14.80118,57.22188],[14.8062,57.21449],[14.8062,57.21449],[14.8062,57.21449],[14.8062,57.21449],[14.80272,57.21397],[14.80316,57.21344],[14.80316,57.21344],[14.80316,57.21344],[14.80316,57.21344],[14.79633,57.21243],[14.79255,57.21186],[14.79313,57.20585],[14.79317,57.20537],[14.79317,57.20537],[14.79277,57.20512],[14.78952,57.20316],[14.78952,57.20316],[14.78952,57.20316],[14.78619,57.20496],[14.7834,57.20468],[14.7834,57.20468],[14.7834,57.20468],[14.7834,57.20468],[14.7834,57.20505],[14.78338,57.20532],[14.78331,57.20593],[14.78325,57.20609],[14.78316,57.20634],[14.78316,57.20634],[14.78332,57.20648],[14.78346,57.20661],[14.78355,57.20672],[14.78328,57.20707],[14.78315,57.20724],[14.78315,57.20724],[14.78369,57.20775],[14.78416,57.20797],[14.78431,57.20828],[14.7844,57.20847],[14.78456,57.20881],[14.78456,57.20881],[14.78456,57.20881],[14.78484,57.2088],[14.785,57.20922],[14.78199,57.20963],[14.78078,57.21077]]]},"properties":{"NVRID":"2002565","NAMN":"Kråketorpsskogen","SKYDDSTYP":"Naturreservat","LAN":"Kronobergs Län","KOMMUN":"Växjö","IUCNKATEGORI":"Ia, Strikt naturreservat (Strict Nature Reserve)","FORVALTARE":"Länsstyrelsen i Kronobergs län","AREA_HA":217.716,"URSPR_BESLUTSDATUM":""}},{"type":"Feature","geometry":{"type":"Polygon","coordinates":[[[14.67852,56.64057],[14.67852,56.64057],[14.67852,56.64057],[14.67852,56.64057],[14.67852,56.64057],[14.68555,56.64364],[14.68555,56.64364],[14.68719,56.64327],[14.6881,56.64353],[14.68888,56.64388],[14.6935,56.64931],[14.69351,56.64931],[14.69351,56.64931],[14.69351,56.64931],[14.69351,56.64931],[14.69507,56.64452],[14.6992,56.64279],[14.70395,56.64237],[14.70755,56.64009],[14.70755,56.64009],[14.70755,56.64009],[14.70374,56.63832],[14.70374,56.63832],[14.70117,56.63835],[14.70117,56.63835],[14.70079,56.63906],[14.70029,56.63891],[14.70029,56.63891],[14.70029,56.63891],[14.70029,56.63891],[14.7002,56.63919],[14.6992,56.6398],[14.69888,56.63976],[14.69862,56.63969],[14.69851,56.63952],[14.69851,56.63952],[14.69797,56.63944],[14.69753,56.63948],[14.69715,56.6395],[14.69615,56.63956],[14.69608,56.63954],[14.69557,56.63924],[14.69545,56.63896],[14.69627,56.63882],[14.69627,56.63882],[14.69627,56.63882],[14.69618,56.63844],[14.69668,56.63788],[14.69697,56.63851],[14.69697,56.63851],[14.69697,56.63851],[14.69804,56.63827],[14.69805,56.63827],[14.69827,56.63802],[14.69828,56.63787],[14.69831,56.63766],[14.69831,56.63766],[14.69831,56.63766],[14.69831,56.63766],[14.69821,56.63766],[14.69717,56.63736],[14.69713,56.63733],[14.6971,56.6371],[14.6971,56.63709],[14.69587,56.6366],[14.69587,56.6366],[14.69559,56.63661],[14.69559,56.63661],[14.69525,56.63693],[14.69525,56.63693],[14.69547,56.63718],[14.69547,56.63719],[14.69534,56.63718],[14.69472,56.63713],[14.6943,56.63708],[14.69409,56.63706],[14.69378,56.63702],[14.69359,56.63701],[14.69329,56.63696],[14.69307,56.63691],[14.69281,56.63683],[14.6926,56.63676],[14.69247,56.63673],[14.69227,56.63669],[14.69208,56.63663],[14.69194,56.6365],[14.69191,56.63632],[14.6919,56.63622],[14.69184,56.63607],[14.69167,56.63593],[14.69155,56.63588],[14.69139,56.63584],[14.69116,56.63581],[14.69093,56.63579],[14.6906,56.63578],[14.69051,56.63578],[14.69039,56.63576],[14.69029,56.63574],[14.69021,56.63565],[14.69021,56.63549],[14.69026,56.63535],[14.69027,56.63521],[14.69023,56.63507],[14.69014,56.63496],[14.69002,56.63486],[14.6898,56.63478],[14.68962,56.63472],[14.68937,56.63466],[14.68913,56.63463],[14.68894,56.63463],[14.68884,56.63463],[14.68863,56.63461],[14.68848,56.63456],[14.6883,56.63448],[14.68811,56.6344],[14.68798,56.63435],[14.68798,56.63432],[14.68798,56.63432],[14.68798,56.63432],[14.68582,56.63413],[14.68476,56.63413],[14.68476,56.63413],[14.68476,56.63413],[14.68476,56.63413],[14.68525,56.63582],[14.68558,56.63708],[14.68544,56.63841],[14.67852,56.64057]]]},"properties":{"NVRID":"2005565","NAMN":"Hunshult","SKYDDSTYP":"Naturreservat","LAN":"Kronobergs Län","KOMMUN":"Tingsryd, Växjö","IUCNKATEGORI":"Ia, Strikt naturreservat (Strict Nature Reserve)","FORVALTARE":"Naturvårdsverket","AREA_HA":111.164,"URSPR_BESLUTSDATUM":""}},{"type":"Feature","geometry":{"type":"Polygon","coordinates":[[[15.04678,57.07246],[15.04831,57.07355],[15.04832,57.07355],[15.04832,57.07355],[15.04832,57.07355],[15.0493,57.07321],[15.04957,57.07306],[15.05097,57.07232],[15.05121,57.07218],[15.05298,57.07245],[15.05276,57.07324],[15.05276,57.07325],[15.05371,57.07372],[15.05434,57.07466],[15.05594,57.07516],[15.05622,57.07543],[15.05779,57.07617],[15.05856,57.07658],[15.05951,57.07711],[15.06041,57.07757],[15.06118,57.07797],[15.06118,57.07797],[15.06149,57.07793],[15.0617,57.07786],[15.062,57.07772],[15.06218,57.07769],[15.06218,57.07769],[15.06218,57.07769],[15.06207,57.07747],[15.06183,57.07696],[15.06183,57.07696],[15.06168,57.07692],[15.06158,57.07675],[15.06158,57.07674],[15.06158,57.07674],[15.06158,57.07674],[15.06157,57.07674],[15.06088,57.07685],[15.06021,57.07655],[15.05927,57.07583],[15.05842,57.07533],[15.05757,57.07484],[15.05741,57.07462],[15.0574,57.07461],[15.0574,57.07461],[15.0574,57.07462],[15.05727,57.07481],[15.0569,57.07423],[15.05687,57.07377],[15.05696,57.07316],[15.05749,57.07285],[15.05749,57.07285],[15.05749,57.07285],[15.05361,57.0696],[15.0427,57.06648],[15.0427,57.06648],[15.0427,57.06648],[15.0427,57.06648],[15.03965,57.07292],[15.03965,57.07292],[15.03965,57.07292],[15.03966,57.07292],[15.04235,57.0731],[15.04678,57.07246]],[[15.04386,57.0711],[15.04387,57.07108],[15.04391,57.07107],[15.04395,57.07106],[15.04404,57.07103],[15.04409,57.07101],[15.04414,57.071],[15.04419,57.07099],[15.04423,57.07097],[15.04428,57.07094],[15.04432,57.07092],[15.04437,57.0709],[15.04441,57.07088],[15.04445,57.07085],[15.04448,57.07083],[15.04452,57.07082],[15.04454,57.0708],[15.04456,57.07077],[15.0446,57.07076],[15.04486,57.07093],[15.04488,57.07126],[15.04482,57.07125],[15.04478,57.07125],[15.04473,57.07124],[15.04468,57.07123],[15.04463,57.07122],[15.04458,57.07122],[15.04452,57.07121],[15.04447,57.0712],[15.04442,57.07119],[15.04437,57.07118],[15.04432,57.07117],[15.04428,57.07117],[15.04423,57.07117],[15.04418,57.07117],[15.04413,57.07118],[15.04408,57.07118],[15.04403,57.07117],[15.04399,57.07117],[15.04397,57.07116],[15.04393,57.07114],[15.04389,57.07112],[15.04386,57.0711]]]},"properties":{"NVRID":"2048538","NAMN":"Sjösåsa näs","SKYDDSTYP":"Naturreservat","LAN":"Kronobergs Län","KOMMUN":"Växjö","IUCNKATEGORI":"IV, Habitat/Artskyddsområde (Habitat/Species Management Area)","FORVALTARE":"Länsstyrelsen i Kronobergs län","AREA_HA":54.526,"URSPR_BESLUTSDATUM":""}},{"type":"Feature","geometry":{"type":"Polygon","coordinates":[[[14.78472,56.96232],[14.77,56.97169],[14.77,56.97169],[14.77,56.97169],[14.77075,56.97194],[14.77075,56.97194],[14.77075,56.97194],[14.78964,56.96664],[14.79,56.96639],[14.79056,56.9652],[14.79056,56.9652],[14.79056,56.9652],[14.78834,56.96417],[14.78783,56.96235],[14.78783,56.96235],[14.78746,56.96226],[14.78658,56.96204],[14.78472,56.96232],[14.78472,56.96232]]]},"properties":{"NVRID":"2002400","NAMN":"Jägaregaps domänreservat","SKYDDSTYP":"Naturreservat","LAN":"Kronobergs Län","KOMMUN":"Växjö","IUCNKATEGORI":"Ia, Strikt naturreservat (Strict Nature Reserve)","FORVALTARE":"Länsstyrelsen i Kronobergs län","AREA_HA":45.956,"URSPR_BESLUTSDATUM":""}},{"type":"Feature","geometry":{"type":"Polygon","coordinates":[[[15.05015,56.48671],[15.05015,56.48671],[15.05015,56.48671],[15.05015,56.48671],[15.05196,56.48717],[15.06558,56.48757],[15.06558,56.48757],[15.06559,56.48757],[15.06622,56.48712],[15.06622,56.48712],[15.06878,56.48084],[15.06918,56.47983],[15.06754,56.47743],[15.06663,56.47685],[15.06663,56.47685],[15.06663,56.47685],[15.06535,56.47717],[15.06515,56.47695],[15.06515,56.47694],[15.06492,56.47692],[15.06329,56.47657],[15.06261,56.47649],[15.06251,56.47645],[15.06192,56.47636],[15.06148,56.47635],[15.061,56.47633],[15.06078,56.47604],[15.06078,56.47604],[15.06078,56.47604],[15.06057,56.47605],[15.06057,56.47605],[15.05975,56.47634],[15.05966,56.47643],[15.05956,56.47661],[15.05956,56.47681],[15.0598,56.47734],[15.05968,56.47882],[15.05922,56.47925],[15.05924,56.47944],[15.05927,56.47965],[15.05892,56.48073],[15.05882,56.48079],[15.05766,56.48107],[15.05742,56.48104],[15.05742,56.48104],[15.05742,56.48104],[15.05742,56.48104],[15.05725,56.48129],[15.05697,56.48166],[15.05656,56.48189],[15.05607,56.48213],[15.05568,56.48234],[15.05536,56.48247],[15.05518,56.4825],[15.0549,56.48251],[15.0549,56.48251],[15.0549,56.48251],[15.05331,56.48359],[15.05123,56.48505],[15.05123,56.48505],[15.05123,56.48505],[15.052,56.48538],[15.05015,56.48671]]]},"properties":{"NVRID":"2002350","NAMN":"Grönvik","SKYDDSTYP":"Naturreservat","LAN":"Kronobergs Län","KOMMUN":"Tingsryd","IUCNKATEGORI":"0, Områden som ej kan klassificeras enligt IUCN: s system.","FORVALTARE":"Länsstyrelsen i Kronobergs län","AREA_HA":88.584,"URSPR_BESLUTSDATUM":""}},{"type":"Feature","geometry":{"type":"Polygon","coordinates":[[[14.67451,56.52076],[14.67442,56.5208],[14.67442,56.5208],[14.6744,56.52089],[14.67437,56.52097],[14.67441,56.52107],[14.67441,56.52107],[14.67455,56.52114],[14.67456,56.52114],[14.67475,56.52115],[14.67475,56.52115],[14.67475,56.52115],[14.67483,56.52105],[14.6749,56.52099],[14.67493,56.52091],[14.67494,56.52087],[14.67498,56.52083],[14.67511,56.52074],[14.67518,56.52074],[14.67525,56.52077],[14.67527,56.52085],[14.67518,56.52098],[14.67501,56.5211],[14.67493,56.52115],[14.67493,56.52115],[14.67492,56.52121],[14.67492,56.52129],[14.67491,56.52139],[14.67493,56.52145],[14.67489,56.52157],[14.67492,56.52172],[14.67491,56.52177],[14.67493,56.52196],[14.67493,56.52196],[14.67496,56.52199],[14.67498,56.52209],[14.67497,56.52216],[14.67488,56.52225],[14.67489,56.52234],[14.67489,56.5224],[14.6749,56.52244],[14.67489,56.52244],[14.67489,56.52244],[14.67489,56.52244],[14.67489,56.52246],[14.67466,56.5225],[14.67461,56.52254],[14.67445,56.52263],[14.67436,56.52275],[14.67439,56.52294],[14.67444,56.52323],[14.67447,56.52341],[14.67445,56.52358],[14.67445,56.52392],[14.67443,56.52435],[14.67448,56.52458],[14.67451,56.5247],[14.67456,56.52497],[14.67458,56.5253],[14.67462,56.52537],[14.67465,56.52586],[14.67464,56.52609],[14.67468,56.52619],[14.67471,56.52647],[14.67471,56.52647],[14.67471,56.52647],[14.67553,56.52646],[14.67579,56.52645],[14.67579,56.52645],[14.67611,56.52619],[14.67632,56.52624],[14.67649,56.52641],[14.6766,56.5266],[14.67667,56.52664],[14.67667,56.52664],[14.67667,56.52664],[14.67667,56.52664],[14.67671,56.52662],[14.67775,56.52636],[14.67793,56.52632],[14.67861,56.52621],[14.67887,56.52617],[14.67922,56.52611],[14.67943,56.52607],[14.67964,56.52604],[14.6803,56.52593],[14.68138,56.52576],[14.68171,56.52571],[14.68233,56.52562],[14.68233,56.52562],[14.68233,56.52562],[14.68234,56.52548],[14.68314,56.52535],[14.68314,56.52535],[14.68341,56.52509],[14.68341,56.52509],[14.68337,56.52461],[14.68312,56.52428],[14.68314,56.52383],[14.68137,56.52269],[14.68073,56.52259],[14.68074,56.52242],[14.68076,56.52227],[14.68089,56.52204],[14.68103,56.52177],[14.68103,56.52177],[14.68103,56.52177],[14.68103,56.52177],[14.6805,56.52176],[14.67951,56.52193],[14.67929,56.52196],[14.67879,56.52193],[14.67819,56.52185],[14.67705,56.52172],[14.67761,56.52137],[14.67819,56.52107],[14.67896,56.52081],[14.67954,56.52072],[14.68011,56.5206],[14.68088,56.52036],[14.68204,56.52],[14.68257,56.51978],[14.68283,56.5196],[14.68305,56.51913],[14.68323,56.51899],[14.68361,56.51875],[14.68392,56.51868],[14.68424,56.51861],[14.68487,56.5184],[14.68523,56.51804],[14.68561,56.51821],[14.68603,56.51838],[14.6862,56.51855],[14.68643,56.51873],[14.68668,56.5189],[14.68716,56.519],[14.68769,56.51903],[14.68794,56.519],[14.68841,56.51893],[14.68941,56.51869],[14.68957,56.51854],[14.68953,56.51821],[14.69011,56.51821],[14.69163,56.51791],[14.69163,56.5179],[14.6918,56.51773],[14.6918,56.51773],[14.69134,56.51697],[14.69134,56.51697],[14.69047,56.51669],[14.69056,56.51658],[14.69057,56.51658],[14.69057,56.51658],[14.69062,56.51652],[14.69075,56.51635],[14.69091,56.51622],[14.69113,56.51614],[14.69134,56.51599],[14.69144,56.51589],[14.69165,56.51565],[14.69165,56.51564],[14.6916,56.51554],[14.69151,56.51526],[14.69169,56.51517],[14.69226,56.5147],[14.69226,56.5147],[14.69187,56.514],[14.69182,56.51347],[14.69192,56.51273],[14.69246,56.51262],[14.69246,56.51262],[14.69258,56.51226],[14.6926,56.51208],[14.69285,56.51191],[14.69329,56.51146],[14.69329,56.51146],[14.693,56.51103],[14.69383,56.51041],[14.6943,56.51017],[14.6943,56.51017],[14.69413,56.50994],[14.69413,56.50994],[14.69309,56.5098],[14.69198,56.50973],[14.6915,56.50982],[14.69101,56.50867],[14.6911,56.50837],[14.69117,56.50817],[14.69123,56.50797],[14.69178,56.50782],[14.69206,56.50753],[14.69259,56.50757],[14.69286,56.50753],[14.6933,56.50722],[14.69381,56.50736],[14.69437,56.50731],[14.69429,56.50752],[14.6942,56.50788],[14.69448,56.50823],[14.69467,56.5083],[14.69447,56.50874],[14.69447,56.50874],[14.69447,56.50874],[14.69447,56.50874],[14.69447,56.50874],[14.69561,56.50824],[14.6972,56.508],[14.69842,56.50805],[14.69884,56.50798],[14.69932,56.50806],[14.69932,56.50806],[14.69932,56.50806],[14.69965,56.50776],[14.69965,56.50776],[14.69965,56.50776],[14.69943,56.50766],[14.6993,56.50749],[14.69958,56.50723],[14.70048,56.50728],[14.70102,56.50701],[14.70146,56.50686],[14.70186,56.50687],[14.70249,56.50673],[14.70249,56.50673],[14.70249,56.50673],[14.70249,56.50673],[14.70234,56.50645],[14.70186,56.50606],[14.70186,56.50606],[14.70135,56.50605],[14.70089,56.50605],[14.70035,56.50615],[14.69995,56.50611],[14.70004,56.50572],[14.70032,56.50566],[14.70094,56.5054],[14.7015,56.50526],[14.7015,56.50526],[14.7015,56.50526],[14.7013,56.5049],[14.7013,56.5049],[14.7013,56.5049],[14.70129,56.5049],[14.69921,56.50516],[14.69474,56.50406],[14.69474,56.50406],[14.69474,56.50406],[14.69474,56.50407],[14.69503,56.50488],[14.68984,56.5042],[14.68984,56.5042],[14.6896,56.50438],[14.68943,56.50464],[14.68942,56.50465],[14.68941,56.50466],[14.68941,56.50466],[14.68912,56.50488],[14.68875,56.50507],[14.68874,56.50507],[14.68874,56.50507],[14.68884,56.50518],[14.68901,56.50526],[14.68904,56.50545],[14.6891,56.50558],[14.68862,56.50569],[14.68862,56.50569],[14.68837,56.506],[14.68815,56.5062],[14.68792,56.50649],[14.68769,56.50653],[14.68709,56.50648],[14.68537,56.50624],[14.68537,56.50624],[14.68536,56.50624],[14.68477,56.50671],[14.68477,56.50671],[14.68477,56.50671],[14.68663,56.50704],[14.68722,56.50713],[14.68539,56.50958],[14.68539,56.50958],[14.68539,56.50958],[14.68539,56.50958],[14.68731,56.51002],[14.68851,56.50977],[14.68917,56.50967],[14.68938,56.5104],[14.68936,56.51072],[14.68947,56.51149],[14.68966,56.51224],[14.68966,56.51239],[14.68948,56.51244],[14.68871,56.51259],[14.68818,56.5128],[14.68818,56.5128],[14.68806,56.51304],[14.68806,56.51315],[14.68806,56.51315],[14.68806,56.51315],[14.68925,56.51326],[14.68978,56.51329],[14.68951,56.5148],[14.68906,56.51521],[14.68866,56.51519],[14.68814,56.5152],[14.68782,56.51526],[14.68748,56.51541],[14.68717,56.51566],[14.68658,56.51558],[14.68561,56.51552],[14.68479,56.51543],[14.68429,56.51528],[14.68396,56.51519],[14.68396,56.51519],[14.68367,56.51519],[14.68354,56.51488],[14.68317,56.51463],[14.68317,56.51463],[14.68271,56.51456],[14.68209,56.51464],[14.68159,56.5146],[14.68126,56.51461],[14.68094,56.51464],[14.68046,56.51445],[14.67992,56.51445],[14.67938,56.51446],[14.67938,56.51446],[14.67891,56.51469],[14.67791,56.51567],[14.6777,56.51596],[14.6777,56.51596],[14.6777,56.51596],[14.6777,56.51596],[14.6777,56.51596],[14.67809,56.51596],[14.67824,56.51608],[14.67829,56.51621],[14.67826,56.51629],[14.67807,56.51641],[14.67784,56.51656],[14.67772,56.51675],[14.6776,56.51696],[14.67755,56.51714],[14.67752,56.51736],[14.67754,56.51757],[14.67765,56.51778],[14.67781,56.51796],[14.67795,56.51815],[14.67796,56.51823],[14.67791,56.51832],[14.6779,56.5184],[14.6779,56.5184],[14.67807,56.51848],[14.67819,56.51852],[14.67829,56.5186],[14.67839,56.51866],[14.67839,56.51866],[14.67857,56.51868],[14.67878,56.51868],[14.67896,56.51869],[14.67908,56.51865],[14.6793,56.5186],[14.67957,56.51849],[14.68001,56.51832],[14.6801,56.51832],[14.68017,56.51836],[14.68023,56.51843],[14.68026,56.51847],[14.68016,56.51859],[14.67987,56.51872],[14.6795,56.51891],[14.67922,56.51904],[14.67898,56.51917],[14.67869,56.51936],[14.67854,56.51948],[14.67842,56.51954],[14.67831,56.51956],[14.67821,56.51954],[14.67807,56.51942],[14.67784,56.51927],[14.67756,56.51917],[14.67736,56.51916],[14.67711,56.51921],[14.67663,56.51938],[14.67626,56.51951],[14.67591,56.51963],[14.6756,56.51971],[14.67536,56.51983],[14.67516,56.51998],[14.67484,56.52028],[14.67449,56.52057],[14.67449,56.52057],[14.67448,56.52067],[14.67451,56.52076]]]},"properties":{"NVRID":"2063361","NAMN":"Ålshult","SKYDDSTYP":"Naturreservat","LAN":"Kronobergs Län","KOMMUN":"Tingsryd","IUCNKATEGORI":"IV, Habitat/Artskyddsområde (Habitat/Species Management Area)","FORVALTARE":"Länsstyrelsen i Kronobergs län","AREA_HA":114.65,"URSPR_BESLUTSDATUM":""}},{"type":"Feature","geometry":{"type":"Polygon","coordinates":[[[15.22625,57.1152],[15.22625,57.1152],[15.22651,57.11571],[15.22597,57.1163],[15.22597,57.1163],[15.22651,57.11717],[15.22651,57.11717],[15.22652,57.11717],[15.22718,57.11716],[15.22718,57.11716],[15.22718,57.11716],[15.22718,57.11627],[15.2293,57.11607],[15.2305,57.11642],[15.23044,57.11736],[15.23044,57.11736],[15.23111,57.11759],[15.23111,57.11759],[15.23111,57.11759],[15.23216,57.11689],[15.23519,57.11776],[15.23629,57.11808],[15.23629,57.11808],[15.23629,57.11808],[15.24068,57.11715],[15.24133,57.11764],[15.24133,57.11764],[15.24296,57.11749],[15.24296,57.11749],[15.24296,57.11749],[15.24294,57.11733],[15.24295,57.11726],[15.24295,57.11726],[15.24288,57.11719],[15.2429,57.11711],[15.243,57.11706],[15.24301,57.11706],[15.24299,57.11696],[15.24297,57.11687],[15.24295,57.11677],[15.24296,57.11668],[15.24302,57.11663],[15.24304,57.1166],[15.243,57.11653],[15.24299,57.1164],[15.24298,57.1163],[15.2429,57.1162],[15.24292,57.11609],[15.24291,57.11599],[15.24283,57.1158],[15.24274,57.11571],[15.24266,57.11568],[15.24266,57.11564],[15.24279,57.11557],[15.24359,57.11577],[15.2458,57.11577],[15.2458,57.11577],[15.2458,57.11577],[15.24438,57.11234],[15.24438,57.11225],[15.24437,57.11225],[15.24269,57.11187],[15.24221,57.11175],[15.24234,57.11162],[15.24243,57.11151],[15.24245,57.11142],[15.24246,57.11129],[15.24246,57.11122],[15.24252,57.11113],[15.24253,57.11109],[15.24269,57.11106],[15.24284,57.11105],[15.24284,57.11105],[15.24284,57.11105],[15.24247,57.11044],[15.24282,57.11039],[15.24338,57.11041],[15.24404,57.11024],[15.2445,57.11002],[15.24477,57.10982],[15.24502,57.10961],[15.24509,57.10937],[15.24509,57.10937],[15.24411,57.10891],[15.24411,57.10891],[15.24189,57.10913],[15.23831,57.10955],[15.23831,57.10955],[15.23831,57.10955],[15.23811,57.1101],[15.23746,57.11016],[15.23678,57.10993],[15.23678,57.10993],[15.23678,57.10993],[15.23509,57.111],[15.23469,57.11101],[15.23411,57.11101],[15.23285,57.11094],[15.23224,57.11086],[15.23173,57.11075],[15.23058,57.11048],[15.22984,57.11059],[15.22923,57.11065],[15.22835,57.11075],[15.22835,57.11075],[15.22762,57.11229],[15.22648,57.11471],[15.22625,57.1152]]]},"properties":{"NVRID":"2002560","NAMN":"Fagraholms fly","SKYDDSTYP":"Naturreservat","LAN":"Kronobergs Län","KOMMUN":"Uppvidinge","IUCNKATEGORI":"0, Områden som ej kan klassificeras enligt IUCN: s system.","FORVALTARE":"Länsstyrelsen i Kronobergs län","AREA_HA":81.646,"URSPR_BESLUTSDATUM":""}},{"type":"Feature","geometry":{"type":"MultiPolygon","coordinates":[[[[14.23423,56.73294],[14.23423,56.73294],[14.23423,56.73294],[14.23423,56.73294],[14.23459,56.73324],[14.2346,56.73337],[14.23455,56.73344],[14.23445,56.73355],[14.23437,56.73368],[14.23434,56.73381],[14.23437,56.734],[14.23444,56.73426],[14.23442,56.73438],[14.23442,56.73448],[14.23442,56.7345],[14.23442,56.7345],[14.23442,56.73451],[14.23442,56.73451],[14.23593,56.73443],[14.23603,56.73443],[14.23603,56.73443],[14.23603,56.73443],[14.23603,56.73443],[14.23507,56.73271],[14.23507,56.73271],[14.23507,56.73271],[14.23423,56.73294]]],[[[14.24688,56.76381],[14.2467,56.76378],[14.24659,56.76373],[14.24643,56.76365],[14.24635,56.76357],[14.24625,56.76352],[14.24614,56.76346],[14.24606,56.76343],[14.24606,56.76343],[14.24589,56.76347],[14.24589,56.76347],[14.24584,56.76352],[14.24584,56.76352],[14.24596,56.7637],[14.24616,56.76388],[14.24652,56.76411],[14.2469,56.76423],[14.24727,56.76431],[14.24768,56.76437],[14.24806,56.76451],[14.24827,56.76459],[14.24847,56.76464],[14.2487,56.76473],[14.24889,56.76481],[14.24915,56.76491],[14.24954,56.76488],[14.24983,56.76485],[14.25015,56.76479],[14.2504,56.76471],[14.25068,56.76458],[14.25184,56.76462],[14.25185,56.76462],[14.25185,56.76462],[14.25306,56.76238],[14.25313,56.76081],[14.25335,56.75875],[14.25335,56.75875],[14.25335,56.75875],[14.25062,56.75824],[14.24659,56.75769],[14.24289,56.75781],[14.24288,56.75781],[14.24288,56.75781],[14.24288,56.75781],[14.24299,56.75791],[14.24308,56.75797],[14.24317,56.75806],[14.24325,56.75815],[14.24334,56.75825],[14.24342,56.75834],[14.24349,56.75844],[14.2436,56.75854],[14.24376,56.75864],[14.24394,56.75871],[14.24428,56.7588],[14.24452,56.75887],[14.24465,56.7589],[14.24478,56.75898],[14.24497,56.75916],[14.24501,56.75928],[14.24513,56.75955],[14.2452,56.75995],[14.24528,56.76025],[14.24532,56.76041],[14.24537,56.76052],[14.2454,56.76062],[14.24544,56.76081],[14.24549,56.76092],[14.24572,56.76114],[14.24585,56.76124],[14.24598,56.76135],[14.24602,56.76141],[14.24603,56.76145],[14.24603,56.7615],[14.24603,56.7616],[14.24606,56.76167],[14.24603,56.76178],[14.24609,56.76186],[14.24618,56.76197],[14.24627,56.76209],[14.24638,56.76219],[14.24644,56.76227],[14.24647,56.76239],[14.24651,56.76256],[14.24655,56.7627],[14.24665,56.76283],[14.24672,56.76295],[14.2468,56.76302],[14.24688,56.76313],[14.24699,56.76331],[14.24703,56.76348],[14.24705,56.76352],[14.24708,56.76359],[14.24712,56.76366],[14.24714,56.76371],[14.24705,56.76378],[14.24698,56.76381],[14.24688,56.76381]]],[[[14.23462,56.73503],[14.23438,56.73491],[14.23438,56.73491],[14.23438,56.73491],[14.23438,56.73491],[14.23437,56.73501],[14.23433,56.73513],[14.2343,56.73522],[14.23424,56.73535],[14.23421,56.7355],[14.23423,56.73566],[14.23428,56.73583],[14.23433,56.73597],[14.23438,56.73612],[14.23445,56.73626],[14.2346,56.73648],[14.23466,56.73664],[14.23471,56.73679],[14.23474,56.73696],[14.23474,56.73707],[14.23471,56.73719],[14.23469,56.73731],[14.23468,56.73744],[14.23474,56.73755],[14.23483,56.73768],[14.23491,56.73779],[14.23494,56.73793],[14.23493,56.73808],[14.23481,56.73816],[14.23468,56.73827],[14.23454,56.73836],[14.23453,56.73841],[14.23453,56.73841],[14.23453,56.73841],[14.23471,56.73842],[14.23457,56.73914],[14.2345,56.73953],[14.23447,56.73975],[14.23451,56.73987],[14.23451,56.73997],[14.23455,56.74009],[14.23467,56.74034],[14.23472,56.74051],[14.23479,56.74072],[14.23494,56.74114],[14.23509,56.74151],[14.23517,56.7417],[14.23526,56.74183],[14.23536,56.74197],[14.23554,56.74212],[14.23562,56.74223],[14.2357,56.74237],[14.23574,56.74254],[14.2358,56.74285],[14.23587,56.74322],[14.23594,56.74354],[14.23601,56.74388],[14.23607,56.74415],[14.23612,56.74435],[14.23644,56.74517],[14.23687,56.74582],[14.23709,56.74618],[14.23724,56.74639],[14.23729,56.7465],[14.23736,56.7467],[14.23735,56.74685],[14.23731,56.747],[14.23727,56.74715],[14.23714,56.74763],[14.23714,56.74763],[14.23714,56.74763],[14.23886,56.74734],[14.24087,56.74722],[14.24073,56.74784],[14.24073,56.74784],[14.24126,56.74798],[14.24105,56.74822],[14.24062,56.74876],[14.24062,56.74876],[14.24088,56.74911],[14.23896,56.74917],[14.23863,56.74836],[14.23842,56.74819],[14.23842,56.74819],[14.23694,56.74801],[14.23694,56.74802],[14.23694,56.74802],[14.2369,56.74806],[14.23674,56.74823],[14.23666,56.74831],[14.23651,56.74848],[14.23643,56.74856],[14.23623,56.74878],[14.23617,56.74883],[14.23612,56.74889],[14.23604,56.74897],[14.23591,56.74911],[14.23587,56.74916],[14.23577,56.74928],[14.23576,56.7493],[14.23572,56.74935],[14.23567,56.74943],[14.23567,56.74944],[14.2356,56.74955],[14.23559,56.74959],[14.23555,56.74968],[14.23555,56.74972],[14.23551,56.74984],[14.23548,56.74996],[14.23548,56.75009],[14.23549,56.75026],[14.23554,56.75037],[14.23571,56.75067],[14.23607,56.75125],[14.23657,56.75202],[14.23701,56.75284],[14.23706,56.75294],[14.23718,56.75319],[14.23729,56.75335],[14.23749,56.75355],[14.23768,56.75379],[14.23804,56.7542],[14.23836,56.75465],[14.23853,56.75486],[14.23901,56.75544],[14.23938,56.75588],[14.23962,56.756],[14.23969,56.75605],[14.23969,56.75605],[14.23969,56.75605],[14.2454,56.75438],[14.24609,56.75482],[14.24699,56.75486],[14.24699,56.75486],[14.24858,56.75437],[14.24858,56.75437],[14.24858,56.75437],[14.24659,56.75237],[14.24652,56.75223],[14.2454,56.75101],[14.24523,56.75088],[14.24511,56.75079],[14.24495,56.75062],[14.24483,56.75047],[14.24469,56.75029],[14.24464,56.75007],[14.24453,56.74973],[14.24446,56.74945],[14.24438,56.74921],[14.24432,56.74898],[14.24422,56.74873],[14.24414,56.74854],[14.24409,56.74837],[14.24405,56.74823],[14.24392,56.74782],[14.24403,56.74766],[14.24398,56.74721],[14.24381,56.74687],[14.24362,56.74667],[14.24355,56.74663],[14.24348,56.74643],[14.24348,56.74643],[14.24348,56.74643],[14.24312,56.74646],[14.24274,56.74649],[14.24251,56.7465],[14.24233,56.74649],[14.24184,56.74644],[14.24102,56.74632],[14.24068,56.74628],[14.24044,56.74627],[14.24019,56.74627],[14.23958,56.7463],[14.23926,56.74632],[14.23894,56.74632],[14.23878,56.74631],[14.23851,56.74635],[14.23833,56.74638],[14.23825,56.74621],[14.23808,56.74603],[14.2379,56.74593],[14.23763,56.74586],[14.23765,56.74576],[14.23764,56.74576],[14.23735,56.74567],[14.23715,56.74529],[14.23812,56.74525],[14.23811,56.74571],[14.23811,56.74571],[14.23811,56.74571],[14.23811,56.74571],[14.23861,56.74561],[14.23862,56.74561],[14.23862,56.74561],[14.23856,56.74485],[14.23856,56.74485],[14.23856,56.74485],[14.23856,56.74485],[14.23808,56.74485],[14.23793,56.74454],[14.23793,56.74454],[14.23728,56.74427],[14.23705,56.74412],[14.23742,56.74338],[14.24094,56.74314],[14.24094,56.74314],[14.24095,56.74314],[14.24117,56.74158],[14.24117,56.74158],[14.24117,56.74158],[14.24059,56.7415],[14.24059,56.7415],[14.23985,56.74182],[14.23823,56.74263],[14.23762,56.74264],[14.23688,56.7397],[14.23688,56.7397],[14.23601,56.73936],[14.2357,56.73873],[14.23545,56.73722],[14.23612,56.73635],[14.23609,56.73496],[14.23609,56.73496],[14.23609,56.73496],[14.2359,56.73497],[14.2359,56.73497],[14.2359,56.73497],[14.23589,56.73503],[14.23532,56.73503],[14.23462,56.73503]]]]},"properties":{"NVRID":"2047683","NAMN":"Fagerhult","SKYDDSTYP":"Naturreservat","LAN":"Kronobergs Län","KOMMUN":"Ljungby","IUCNKATEGORI":"IV, Habitat/Artskyddsområde (Habitat/Species Management Area)","FORVALTARE":"Länsstyrelsen i Kronobergs län","AREA_HA":98.244,"URSPR_BESLUTSDATUM":""}},{"type":"Feature","geometry":{"type":"Polygon","coordinates":[[[15.5437,57.13342],[15.5432,57.13374],[15.54301,57.13389],[15.54253,57.13412],[15.54232,57.13434],[15.54223,57.13452],[15.54223,57.13452],[15.54234,57.13466],[15.5426,57.13483],[15.54288,57.13492],[15.54336,57.13505],[15.5439,57.13514],[15.54439,57.13529],[15.54434,57.13556],[15.54395,57.13582],[15.54386,57.13599],[15.54386,57.13599],[15.54387,57.13599],[15.5441,57.13605],[15.54479,57.13642],[15.54481,57.13674],[15.54475,57.13702],[15.54475,57.13702],[15.54476,57.13702],[15.54571,57.13705],[15.54571,57.13705],[15.54571,57.13705],[15.5458,57.13676],[15.54591,57.13647],[15.54611,57.13601],[15.54626,57.1357],[15.5465,57.1352],[15.54664,57.13492],[15.54688,57.13443],[15.54694,57.13431],[15.5471,57.13395],[15.54715,57.13379],[15.54718,57.13357],[15.54718,57.13357],[15.54718,57.13357],[15.54696,57.13357],[15.54674,57.13352],[15.54578,57.13339],[15.54534,57.13333],[15.54508,57.13333],[15.54468,57.13327],[15.54457,57.13295],[15.54441,57.1328],[15.54418,57.13278],[15.54371,57.13279],[15.54371,57.13279],[15.54371,57.13279],[15.5437,57.13342]]]},"properties":{"NVRID":"2200074","NAMN":"Södra Mösjöhult","SKYDDSTYP":"Naturreservat","LAN":"Kronobergs Län","KOMMUN":"Uppvidinge","IUCNKATEGORI":"0, Områden som ej kan klassificeras enligt IUCN: s system.","FORVALTARE":"Länsstyrelsen i Kronobergs län","AREA_HA":7.27,"URSPR_BESLUTSDATUM":""}},{"type":"Feature","geometry":{"type":"Polygon","coordinates":[[[15.80035,56.93798],[15.7989,56.93808],[15.798,56.93813],[15.798,56.93813],[15.798,56.93813],[15.79819,56.94246],[15.79819,56.94246],[15.79819,56.94246],[15.80125,56.94175],[15.80335,56.94388],[15.80418,56.94515],[15.80418,56.94515],[15.80617,56.9458],[15.80617,56.9458],[15.80617,56.9458],[15.80617,56.94579],[15.80617,56.94579],[15.80531,56.94476],[15.80531,56.94476],[15.80495,56.94461],[15.80512,56.94345],[15.80684,56.94304],[15.80684,56.94304],[15.80684,56.94304],[15.80669,56.9421],[15.80585,56.94072],[15.80684,56.94034],[15.80684,56.94034],[15.80684,56.94034],[15.80674,56.94023],[15.80651,56.93997],[15.80618,56.93943],[15.80604,56.93901],[15.80595,56.93838],[15.80595,56.93838],[15.80595,56.93838],[15.8034,56.9383],[15.80288,56.93787],[15.80399,56.9375],[15.80399,56.9375],[15.80399,56.9375],[15.80368,56.93735],[15.80367,56.93735],[15.80367,56.93735],[15.8017,56.93781],[15.80091,56.93794],[15.80035,56.93798]]]},"properties":{"NVRID":"2002566","NAMN":"Hinkaryd","SKYDDSTYP":"Naturreservat","LAN":"Kronobergs Län","KOMMUN":"Uppvidinge","IUCNKATEGORI":"Ia, Strikt naturreservat (Strict Nature Reserve)","FORVALTARE":"Länsstyrelsen i Kronobergs län","AREA_HA":28.428,"URSPR_BESLUTSDATUM":""}},{"type":"Feature","geometry":{"type":"Polygon","coordinates":[[[14.7328,56.98368],[14.73141,56.98653],[14.73141,56.98653],[14.73141,56.98653],[14.74134,56.98866],[14.7413,56.9888],[14.74137,56.98895],[14.74158,56.98918],[14.74175,56.98927],[14.74232,56.98942],[14.74311,56.98946],[14.74382,56.98966],[14.74445,56.98977],[14.74481,56.98979],[14.74536,56.98978],[14.74627,56.98965],[14.74734,56.98953],[14.74735,56.98953],[14.74791,56.98905],[14.74821,56.98869],[14.74838,56.98845],[14.7488,56.98808],[14.74934,56.98743],[14.7497,56.98699],[14.75003,56.98654],[14.75016,56.98639],[14.75061,56.98615],[14.75075,56.98611],[14.75075,56.98611],[14.75075,56.98611],[14.74916,56.98511],[14.74916,56.98511],[14.74916,56.98511],[14.74863,56.98521],[14.74863,56.98521],[14.74817,56.98662],[14.74779,56.98726],[14.74714,56.98792],[14.74655,56.98855],[14.7454,56.98828],[14.74555,56.98734],[14.74572,56.98646],[14.74572,56.98646],[14.74572,56.98646],[14.74483,56.98621],[14.74464,56.98562],[14.74464,56.98562],[14.73951,56.98217],[14.73907,56.98095],[14.73997,56.97946],[14.73974,56.97848],[14.73993,56.97813],[14.73997,56.97783],[14.74041,56.97715],[14.74051,56.97636],[14.74062,56.97579],[14.74188,56.97569],[14.74222,56.97642],[14.74267,56.97723],[14.74267,56.97723],[14.74418,56.97727],[14.74487,56.9781],[14.745,56.97872],[14.74482,56.97976],[14.74482,56.97976],[14.74482,56.97976],[14.74482,56.97976],[14.74482,56.97976],[14.74532,56.97968],[14.74732,56.9793],[14.74765,56.97925],[14.74765,56.97925],[14.74765,56.97925],[14.74765,56.97913],[14.74768,56.97905],[14.74788,56.97867],[14.74796,56.97888],[14.74796,56.97888],[14.74813,56.97901],[14.74847,56.97916],[14.74878,56.97934],[14.74901,56.97954],[14.74927,56.97967],[14.74959,56.97972],[14.74983,56.97994],[14.74983,56.97994],[14.75012,56.97994],[14.75012,56.97994],[14.75012,56.97994],[14.75012,56.97994],[14.74917,56.97214],[14.76383,56.9719],[14.76383,56.9719],[14.76383,56.9719],[14.76498,56.96647],[14.76498,56.96647],[14.76498,56.96647],[14.76498,56.96647],[14.72896,56.96357],[14.72896,56.96357],[14.72896,56.96357],[14.71788,56.98062],[14.71788,56.98062],[14.71788,56.98062],[14.7328,56.98368]],[[14.72227,56.98107],[14.72235,56.98096],[14.72247,56.98093],[14.72263,56.98092],[14.72276,56.98085],[14.72284,56.9807],[14.72298,56.98059],[14.7232,56.98048],[14.72346,56.98036],[14.72363,56.98029],[14.72374,56.98021],[14.72383,56.98016],[14.72396,56.98009],[14.72412,56.98001],[14.72423,56.97996],[14.72433,56.97995],[14.72444,56.9799],[14.72453,56.97984],[14.72467,56.9798],[14.72479,56.97972],[14.72494,56.97953],[14.72501,56.97942],[14.72518,56.97936],[14.72529,56.97933],[14.7254,56.97923],[14.72548,56.97909],[14.72556,56.97893],[14.72571,56.97887],[14.72583,56.97884],[14.72598,56.97879],[14.7261,56.97876],[14.72626,56.97869],[14.72636,56.97868],[14.72647,56.97862],[14.72647,56.97862],[14.72656,56.97848],[14.72664,56.97834],[14.72684,56.97813],[14.72709,56.97796],[14.72726,56.97788],[14.72737,56.97788],[14.72748,56.97792],[14.72763,56.97794],[14.72782,56.97795],[14.72803,56.97795],[14.72824,56.97795],[14.72836,56.97794],[14.72847,56.97788],[14.72853,56.9778],[14.72852,56.9777],[14.72854,56.97764],[14.72865,56.97765],[14.72872,56.97769],[14.72875,56.97776],[14.72874,56.97786],[14.72877,56.97791],[14.72877,56.97791],[14.72886,56.97791],[14.72886,56.97791],[14.72886,56.97791],[14.72892,56.97787],[14.72895,56.97776],[14.72893,56.97764],[14.72887,56.97754],[14.72874,56.97745],[14.7286,56.97742],[14.72849,56.97741],[14.72838,56.9774],[14.72828,56.97744],[14.7282,56.97747],[14.72806,56.97743],[14.72791,56.97734],[14.72783,56.97724],[14.72785,56.97717],[14.72787,56.97709],[14.72798,56.97703],[14.72806,56.97701],[14.72806,56.97701],[14.72809,56.97695],[14.72809,56.97684],[14.72812,56.97677],[14.72817,56.97676],[14.72823,56.97676],[14.72825,56.97679],[14.72826,56.97684],[14.72827,56.97693],[14.7283,56.97699],[14.72838,56.97706],[14.72838,56.97706],[14.72852,56.97709],[14.72871,56.97709],[14.72889,56.97708],[14.72908,56.97704],[14.7292,56.97699],[14.72928,56.97692],[14.72926,56.97685],[14.72919,56.97679],[14.72919,56.97664],[14.72923,56.9765],[14.7293,56.97642],[14.72947,56.97635],[14.72959,56.97639],[14.72973,56.97644],[14.72984,56.97646],[14.72991,56.97652],[14.72992,56.97663],[14.72992,56.97674],[14.72994,56.97685],[14.72996,56.97696],[14.72996,56.97707],[14.73003,56.97716],[14.73007,56.97725],[14.73005,56.97733],[14.73007,56.97745],[14.73003,56.97753],[14.72997,56.97762],[14.73,56.9777],[14.72999,56.9778],[14.7299,56.97786],[14.72975,56.97792],[14.7296,56.97804],[14.72952,56.97815],[14.7295,56.97827],[14.72951,56.9784],[14.72953,56.97853],[14.72963,56.97864],[14.72977,56.97874],[14.72981,56.97882],[14.72977,56.97888],[14.72968,56.97893],[14.72953,56.97892],[14.72918,56.97892],[14.72884,56.97895],[14.72857,56.97895],[14.72828,56.97894],[14.7281,56.97892],[14.7281,56.97892],[14.7281,56.97892],[14.72788,56.97894],[14.72769,56.97898],[14.72751,56.97904],[14.72735,56.97915],[14.72735,56.97915],[14.72732,56.97922],[14.72725,56.97928],[14.72722,56.97938],[14.72718,56.97945],[14.72707,56.97947],[14.72692,56.9795],[14.72678,56.97958],[14.72666,56.97967],[14.72646,56.97975],[14.72632,56.97985],[14.7261,56.97998],[14.72566,56.9802],[14.72537,56.98036],[14.72512,56.98042],[14.72491,56.98044],[14.72474,56.98051],[14.72457,56.98062],[14.72437,56.98081],[14.72424,56.98096],[14.72415,56.98109],[14.72401,56.98126],[14.72376,56.98151],[14.72359,56.98163],[14.7234,56.98162],[14.72314,56.98157],[14.72298,56.98153],[14.72297,56.98147],[14.72295,56.98143],[14.72287,56.98137],[14.72258,56.98132],[14.72238,56.98132],[14.72227,56.98128],[14.72226,56.98121],[14.72229,56.98115],[14.72227,56.98107]]]},"properties":{"NVRID":"2054765","NAMN":"Skälsnäs","SKYDDSTYP":"Naturreservat","LAN":"Kronobergs Län","KOMMUN":"Växjö","IUCNKATEGORI":"IV, Habitat/Artskyddsområde (Habitat/Species Management Area)","FORVALTARE":"Länsstyrelsen i Kronobergs län","AREA_HA":403.189,"URSPR_BESLUTSDATUM":""}},{"type":"Feature","geometry":{"type":"Polygon","coordinates":[[[14.58227,56.7623],[14.58218,56.76237],[14.58205,56.76241],[14.58197,56.76245],[14.58186,56.76249],[14.5818,56.76252],[14.58172,56.76259],[14.58163,56.76271],[14.58154,56.76287],[14.58151,56.76312],[14.58147,56.76365],[14.58144,56.76383],[14.58141,56.76404],[14.58138,56.76413],[14.58135,56.76419],[14.58129,56.76424],[14.58122,56.76428],[14.58066,56.7645],[14.57995,56.76466],[14.57971,56.76469],[14.57966,56.7647],[14.57966,56.7647],[14.57966,56.7647],[14.58002,56.76536],[14.58012,56.76555],[14.58017,56.76568],[14.58022,56.76583],[14.58026,56.76594],[14.5803,56.76613],[14.58034,56.76645],[14.58035,56.76663],[14.58034,56.7668],[14.58031,56.76745],[14.58032,56.76777],[14.58037,56.76861],[14.58041,56.76917],[14.58048,56.76941],[14.58052,56.7695],[14.58059,56.76962],[14.58068,56.76976],[14.58208,56.77157],[14.58231,56.77187],[14.58261,56.7722],[14.58281,56.7724],[14.58311,56.77269],[14.58387,56.77346],[14.58455,56.77416],[14.58463,56.77425],[14.5847,56.77434],[14.58479,56.77447],[14.58496,56.77475],[14.58505,56.77492],[14.58505,56.77492],[14.58505,56.77492],[14.58514,56.7749],[14.58529,56.77495],[14.58535,56.77501],[14.58592,56.77562],[14.58661,56.77644],[14.58683,56.77671],[14.58707,56.77702],[14.58717,56.77716],[14.58734,56.77748],[14.58734,56.77748],[14.58734,56.77748],[14.58734,56.77748],[14.58737,56.77746],[14.5874,56.77742],[14.58748,56.7774],[14.58756,56.7774],[14.58756,56.7774],[14.58765,56.77735],[14.58773,56.77729],[14.5878,56.77723],[14.58787,56.77717],[14.58797,56.77715],[14.58806,56.77714],[14.58814,56.77715],[14.58823,56.77716],[14.58829,56.77718],[14.58838,56.7772],[14.58839,56.7772],[14.58847,56.77715],[14.58855,56.77712],[14.58864,56.7771],[14.58874,56.77706],[14.58882,56.77704],[14.58885,56.77706],[14.58889,56.7771],[14.58889,56.7771],[14.58898,56.77713],[14.58906,56.77712],[14.58906,56.77712],[14.5891,56.77708],[14.58916,56.77706],[14.58921,56.77704],[14.58933,56.77703],[14.58936,56.77701],[14.58939,56.77696],[14.58939,56.77696],[14.58939,56.77696],[14.58933,56.77696],[14.58922,56.77699],[14.58916,56.77702],[14.58902,56.77704],[14.58896,56.77704],[14.58895,56.77701],[14.58903,56.77696],[14.58907,56.77692],[14.58911,56.77686],[14.58917,56.77684],[14.58925,56.77684],[14.58931,56.77691],[14.58934,56.77692],[14.58934,56.77692],[14.58935,56.77692],[14.58941,56.77688],[14.58943,56.77684],[14.58949,56.77681],[14.58953,56.77683],[14.58957,56.77685],[14.58957,56.77685],[14.58957,56.77685],[14.58964,56.77683],[14.58978,56.77679],[14.58978,56.77679],[14.58982,56.77674],[14.58985,56.7767],[14.58985,56.77664],[14.58986,56.77659],[14.58999,56.77651],[14.59014,56.77645],[14.59032,56.77639],[14.59044,56.77637],[14.59062,56.77635],[14.59079,56.77636],[14.59092,56.77636],[14.59109,56.77636],[14.5912,56.77636],[14.59134,56.77631],[14.59146,56.77627],[14.59161,56.77623],[14.59168,56.77621],[14.59179,56.77618],[14.59188,56.77617],[14.59194,56.77617],[14.59204,56.77617],[14.59218,56.77617],[14.59231,56.77616],[14.59249,56.77613],[14.59269,56.77609],[14.59294,56.77605],[14.59297,56.77605],[14.59338,56.77599],[14.59367,56.77593],[14.59392,56.77586],[14.59414,56.77579],[14.59438,56.7757],[14.59455,56.77563],[14.59468,56.77555],[14.5948,56.77547],[14.59492,56.77538],[14.59502,56.77526],[14.59511,56.77516],[14.59513,56.77508],[14.59513,56.77502],[14.59514,56.77496],[14.59513,56.7749],[14.59506,56.77482],[14.59501,56.77477],[14.59502,56.77471],[14.59505,56.77464],[14.59512,56.77462],[14.59512,56.77462],[14.59512,56.77462],[14.59496,56.77422],[14.59479,56.77361],[14.5947,56.77307],[14.59461,56.77255],[14.59463,56.77197],[14.59474,56.77145],[14.59494,56.77097],[14.59517,56.77048],[14.59531,56.77015],[14.59531,56.76987],[14.59511,56.76957],[14.59462,56.76913],[14.59389,56.76855],[14.59321,56.76796],[14.59249,56.76745],[14.59189,56.76701],[14.5915,56.76672],[14.59125,56.76649],[14.59127,56.76607],[14.59162,56.76537],[14.5918,56.76486],[14.59192,56.76439],[14.592,56.76404],[14.59233,56.76368],[14.59268,56.76342],[14.593,56.76314],[14.59315,56.76292],[14.59325,56.76266],[14.59341,56.76243],[14.59357,56.76227],[14.59388,56.76221],[14.59416,56.76221],[14.59454,56.7622],[14.59519,56.76213],[14.59562,56.76197],[14.59562,56.76197],[14.59572,56.76167],[14.59564,56.76143],[14.59548,56.7612],[14.59537,56.76087],[14.59538,56.76037],[14.59541,56.75994],[14.59555,56.75957],[14.59582,56.75928],[14.59601,56.7591],[14.59611,56.75901],[14.59617,56.75892],[14.59617,56.75892],[14.5961,56.75886],[14.5961,56.75886],[14.5961,56.75886],[14.59567,56.75889],[14.59538,56.75902],[14.59505,56.75914],[14.59469,56.75923],[14.5942,56.7593],[14.59387,56.75929],[14.59352,56.75926],[14.59323,56.75925],[14.59271,56.75927],[14.59234,56.75929],[14.59142,56.75937],[14.59015,56.7597],[14.59007,56.7597],[14.5898,56.75971],[14.58913,56.75973],[14.58906,56.75973],[14.58751,56.75978],[14.58717,56.76003],[14.58617,56.76101],[14.58567,56.76134],[14.58505,56.76174],[14.58451,56.76215],[14.58372,56.7627],[14.58367,56.76274],[14.58364,56.76275],[14.58358,56.76276],[14.58351,56.76277],[14.58282,56.76275],[14.58261,56.76273],[14.58255,56.76272],[14.58252,56.76271],[14.58249,56.76269],[14.58247,56.76267],[14.58247,56.76264],[14.58248,56.76261],[14.5825,56.76259],[14.58253,56.76257],[14.5827,56.76252],[14.58277,56.76249],[14.58279,56.76246],[14.5828,56.76244],[14.58279,56.76243],[14.58279,56.76242],[14.58278,56.76242],[14.5827,56.7624],[14.58263,56.76238],[14.58256,56.76235],[14.58248,56.7623],[14.58245,56.76222],[14.58242,56.76214],[14.58242,56.76214],[14.58234,56.76212],[14.58224,56.76212],[14.58223,56.76212],[14.58223,56.76212],[14.58222,56.76214],[14.58228,56.76224],[14.58227,56.7623]]]},"properties":{"NVRID":"2002373","NAMN":"Husebymaden","SKYDDSTYP":"Naturreservat","LAN":"Kronobergs Län","KOMMUN":"Alvesta","IUCNKATEGORI":"IV, Habitat/Artskyddsområde (Habitat/Species Management Area)","FORVALTARE":"Länsstyrelsen i Kronobergs län","AREA_HA":130.446,"URSPR_BESLUTSDATUM":""}},{"type":"Feature","geometry":{"type":"Polygon","coordinates":[[[14.06935,56.81344],[14.06935,56.81344],[14.06935,56.81344],[14.06935,56.81344],[14.06935,56.81344],[14.06987,56.81344],[14.07002,56.81344],[14.07059,56.81352],[14.07097,56.81376],[14.07167,56.81474],[14.07175,56.8149],[14.07231,56.81538],[14.07299,56.81621],[14.07357,56.81685],[14.07375,56.81695],[14.07448,56.81792],[14.07474,56.81839],[14.07422,56.81856],[14.07422,56.81856],[14.07422,56.81856],[14.07422,56.81856],[14.07443,56.81874],[14.07395,56.81885],[14.07078,56.81939],[14.07027,56.81939],[14.06951,56.81964],[14.06951,56.81964],[14.06951,56.81964],[14.0702,56.82092],[14.0711,56.82217],[14.07186,56.82322],[14.07206,56.8235],[14.07206,56.8235],[14.07206,56.8235],[14.08025,56.82332],[14.08048,56.82332],[14.08042,56.82361],[14.08041,56.82363],[14.08052,56.82387],[14.08021,56.82388],[14.08021,56.82388],[14.08021,56.82388],[14.08007,56.8242],[14.08011,56.82467],[14.08011,56.82475],[14.07997,56.82476],[14.07996,56.82476],[14.07987,56.82482],[14.07983,56.82489],[14.07993,56.82531],[14.08004,56.82609],[14.08024,56.82643],[14.08011,56.8266],[14.07988,56.82675],[14.07988,56.82687],[14.07999,56.82706],[14.07999,56.82706],[14.07999,56.82706],[14.08092,56.82705],[14.08109,56.8271],[14.0813,56.82764],[14.08102,56.82772],[14.08102,56.82772],[14.08102,56.82772],[14.081,56.82796],[14.08111,56.82829],[14.08118,56.82856],[14.08105,56.82857],[14.08065,56.82858],[14.08064,56.82858],[14.08064,56.82858],[14.0799,56.83137],[14.0799,56.83137],[14.08088,56.83177],[14.08131,56.83331],[14.08122,56.83365],[14.08122,56.83365],[14.08353,56.8354],[14.0839,56.83574],[14.0839,56.83574],[14.08428,56.83577],[14.08516,56.83586],[14.08584,56.83627],[14.08467,56.83672],[14.08467,56.83672],[14.08463,56.83742],[14.08339,56.83763],[14.08339,56.83763],[14.08339,56.83763],[14.08421,56.83925],[14.08421,56.83925],[14.08421,56.83925],[14.08621,56.83907],[14.08487,56.84201],[14.08458,56.84267],[14.08442,56.84577],[14.08442,56.84577],[14.08442,56.84577],[14.08443,56.84577],[14.08474,56.84571],[14.08524,56.84564],[14.09021,56.84482],[14.09429,56.84405],[14.09451,56.84449],[14.09451,56.84449],[14.09451,56.84449],[14.09572,56.84431],[14.09582,56.84447],[14.09582,56.84447],[14.09582,56.84447],[14.09754,56.84429],[14.09754,56.84429],[14.09754,56.84429],[14.09725,56.8433],[14.09904,56.84272],[14.09986,56.84248],[14.10122,56.8428],[14.10147,56.84284],[14.10188,56.84283],[14.10285,56.84271],[14.10336,56.84269],[14.10377,56.8427],[14.10423,56.84276],[14.10423,56.84276],[14.10423,56.84275],[14.10407,56.84225],[14.10664,56.84214],[14.10664,56.84214],[14.10664,56.84214],[14.10684,56.84127],[14.10716,56.83988],[14.1074,56.83886],[14.10752,56.83835],[14.10781,56.83711],[14.10934,56.8363],[14.10934,56.8363],[14.10934,56.8363],[14.10934,56.8363],[14.10668,56.8355],[14.10613,56.83487],[14.10636,56.83252],[14.10643,56.83188],[14.10651,56.83108],[14.1066,56.83019],[14.10667,56.82942],[14.10742,56.82932],[14.10766,56.82929],[14.10801,56.82905],[14.10808,56.82884],[14.10801,56.82857],[14.10799,56.82855],[14.10799,56.82855],[14.10799,56.82855],[14.10672,56.8289],[14.10683,56.828],[14.10702,56.82653],[14.10716,56.82541],[14.10594,56.82403],[14.10586,56.82396],[14.10572,56.82383],[14.10533,56.82338],[14.10476,56.82274],[14.10289,56.82212],[14.10173,56.82173],[14.10207,56.82091],[14.10243,56.82004],[14.10279,56.81918],[14.10322,56.81814],[14.1029,56.81763],[14.1022,56.81653],[14.10224,56.81573],[14.10224,56.81573],[14.10224,56.81573],[14.10224,56.81573],[14.09693,56.81547],[14.09715,56.81517],[14.09715,56.81517],[14.09715,56.81517],[14.09711,56.81517],[14.09501,56.81501],[14.09496,56.81417],[14.09574,56.81383],[14.09574,56.81383],[14.09582,56.81286],[14.09588,56.81199],[14.09588,56.81199],[14.09588,56.81199],[14.09481,56.81209],[14.0947,56.81121],[14.09458,56.81026],[14.09443,56.80917],[14.09431,56.80817],[14.09419,56.80723],[14.09407,56.80628],[14.09394,56.80531],[14.09394,56.80531],[14.09394,56.80531],[14.0906,56.80545],[14.09034,56.80264],[14.09022,56.80129],[14.09009,56.79993],[14.08999,56.79886],[14.09,56.79881],[14.09,56.79881],[14.09,56.79881],[14.0895,56.79865],[14.08988,56.7973],[14.08988,56.7973],[14.08988,56.7973],[14.08933,56.79737],[14.08953,56.79612],[14.08964,56.79553],[14.09321,56.79536],[14.09491,56.79529],[14.09491,56.79529],[14.09491,56.79528],[14.09473,56.7941],[14.09473,56.7941],[14.09293,56.7929],[14.0918,56.79191],[14.08935,56.7908],[14.08985,56.79067],[14.09017,56.7905],[14.09017,56.7905],[14.08978,56.78944],[14.08803,56.78672],[14.08537,56.78161],[14.08537,56.78161],[14.08536,56.78161],[14.08484,56.78159],[14.08484,56.78159],[14.08484,56.78159],[14.08511,56.78318],[14.08439,56.78499],[14.08274,56.78453],[14.0815,56.7845],[14.0815,56.7845],[14.0815,56.7845],[14.08076,56.7858],[14.08076,56.7858],[14.08334,56.78929],[14.08298,56.78937],[14.08263,56.78948],[14.08238,56.78954],[14.08227,56.78955],[14.08227,56.78955],[14.08017,56.7923],[14.08017,56.7923],[14.08075,56.79298],[14.0807,56.79322],[14.08042,56.79343],[14.07998,56.79369],[14.07998,56.79369],[14.07998,56.79369],[14.0813,56.79562],[14.08064,56.79673],[14.07718,56.79783],[14.07718,56.79783],[14.07718,56.79783],[14.07718,56.79783],[14.07831,56.79893],[14.07884,56.79944],[14.07855,56.79988],[14.078,56.80076],[14.078,56.80076],[14.078,56.80076],[14.078,56.80076],[14.078,56.80076],[14.07969,56.79993],[14.08031,56.80039],[14.07919,56.80176],[14.07924,56.80207],[14.07938,56.80285],[14.07849,56.80302],[14.07849,56.80303],[14.07849,56.80303],[14.07942,56.80387],[14.08028,56.80464],[14.08094,56.80524],[14.08264,56.80676],[14.08248,56.80908],[14.08241,56.80908],[14.08241,56.80908],[14.08241,56.80908],[14.08155,56.80973],[14.08113,56.80955],[14.08113,56.80954],[14.08113,56.80955],[14.07998,56.81004],[14.07879,56.81062],[14.07801,56.81109],[14.07762,56.81145],[14.07396,56.81171],[14.07395,56.81171],[14.07395,56.81171],[14.07404,56.81226],[14.07134,56.81212],[14.07134,56.81212],[14.0711,56.81228],[14.07064,56.81257],[14.06935,56.81344]]]},"properties":{"NVRID":"2013309","NAMN":"Horsnäsamossen","SKYDDSTYP":"Naturreservat","LAN":"Kronobergs Län","KOMMUN":"Ljungby","IUCNKATEGORI":"IV, Habitat/Artskyddsområde (Habitat/Species Management Area)","FORVALTARE":"Länsstyrelsen i Kronobergs län","AREA_HA":766.827,"URSPR_BESLUTSDATUM":""}},{"type":"Feature","geometry":{"type":"Polygon","coordinates":[[[13.63085,56.78312],[13.63109,56.78336],[13.63149,56.78344],[13.63171,56.78382],[13.63171,56.78382],[13.63202,56.78389],[13.63202,56.78389],[13.63256,56.78381],[13.63304,56.78386],[13.63386,56.78393],[13.63386,56.78393],[13.63386,56.78393],[13.63403,56.78377],[13.63457,56.78409],[13.63493,56.78419],[13.63493,56.78419],[13.63588,56.78381],[13.63642,56.78413],[13.63642,56.78413],[13.63759,56.78408],[13.63816,56.78405],[13.63816,56.78405],[13.63826,56.78401],[13.64009,56.78408],[13.64136,56.78431],[13.6429,56.78489],[13.6429,56.78489],[13.6429,56.78489],[13.6429,56.78489],[13.6429,56.78488],[13.6431,56.78479],[13.6433,56.7847],[13.64343,56.78465],[13.64356,56.7846],[13.64414,56.78466],[13.64423,56.78474],[13.64431,56.78478],[13.64431,56.78478],[13.64431,56.78478],[13.64443,56.78477],[13.64453,56.78474],[13.64466,56.7847],[13.64477,56.78465],[13.64511,56.78452],[13.64523,56.78446],[13.64542,56.78443],[13.64562,56.78445],[13.64602,56.78446],[13.64634,56.78441],[13.64634,56.78441],[13.64648,56.78431],[13.64659,56.78425],[13.64667,56.78422],[13.6468,56.78421],[13.6468,56.78421],[13.6468,56.78421],[13.64681,56.78414],[13.64676,56.78407],[13.64679,56.78404],[13.64686,56.78402],[13.64686,56.78402],[13.64686,56.78402],[13.64684,56.78398],[13.64694,56.78396],[13.64696,56.78394],[13.64706,56.78393],[13.64706,56.78393],[13.64706,56.78393],[13.64708,56.78388],[13.64728,56.78386],[13.64728,56.78386],[13.64728,56.78386],[13.64722,56.78378],[13.64722,56.78378],[13.64722,56.78378],[13.64708,56.78379],[13.64698,56.78377],[13.64699,56.78375],[13.64706,56.78373],[13.64706,56.78373],[13.64712,56.78367],[13.64712,56.78367],[13.64711,56.78366],[13.64711,56.78366],[13.64227,56.78219],[13.64076,56.78095],[13.64076,56.78095],[13.63918,56.78103],[13.63746,56.78048],[13.63717,56.77991],[13.63612,56.77945],[13.63612,56.77945],[13.63557,56.77948],[13.63556,56.77948],[13.63471,56.77992],[13.63446,56.78023],[13.63463,56.78082],[13.6341,56.78133],[13.633,56.78106],[13.633,56.78106],[13.63225,56.78124],[13.63128,56.78139],[13.63128,56.78139],[13.631,56.78178],[13.62973,56.78204],[13.62973,56.78204],[13.62973,56.78204],[13.62979,56.78266],[13.62979,56.78266],[13.62999,56.78278],[13.63018,56.78304],[13.63018,56.78304],[13.63085,56.78312]]]},"properties":{"NVRID":"2002375","NAMN":"Svartebro Domänreservat","SKYDDSTYP":"Naturreservat","LAN":"Kronobergs Län","KOMMUN":"Ljungby","IUCNKATEGORI":"Ia, Strikt naturreservat (Strict Nature Reserve)","FORVALTARE":"Länsstyrelsen i Kronobergs län","AREA_HA":31.112,"URSPR_BESLUTSDATUM":""}},{"type":"Feature","geometry":{"type":"Polygon","coordinates":[[[14.54924,56.45486],[14.54652,56.45611],[14.54546,56.45627],[14.54545,56.45627],[14.54545,56.45627],[14.54545,56.45627],[14.54545,56.45627],[14.54979,56.4584],[14.55393,56.46003],[14.55642,56.46094],[14.55642,56.46094],[14.55642,56.46094],[14.55814,56.46043],[14.55814,56.46043],[14.55842,56.45954],[14.55922,56.45911],[14.55922,56.45911],[14.55922,56.45911],[14.55877,56.45587],[14.55875,56.45565],[14.55879,56.45541],[14.55885,56.4551],[14.55888,56.4548],[14.55888,56.45463],[14.55886,56.45444],[14.55882,56.45421],[14.55878,56.45405],[14.5587,56.45376],[14.55861,56.45345],[14.55852,56.45317],[14.55846,56.45294],[14.55847,56.45278],[14.55851,56.45265],[14.55858,56.45252],[14.55866,56.45241],[14.55884,56.45221],[14.55902,56.45202],[14.55918,56.45185],[14.55924,56.45173],[14.55924,56.45161],[14.55917,56.45148],[14.55908,56.45133],[14.55904,56.45118],[14.55906,56.45106],[14.55916,56.45089],[14.55934,56.45066],[14.55954,56.4504],[14.55984,56.45001],[14.56005,56.44968],[14.56014,56.44952],[14.56027,56.44937],[14.56046,56.44926],[14.56069,56.44918],[14.5611,56.44905],[14.56132,56.44897],[14.56143,56.44892],[14.56151,56.44884],[14.56155,56.44876],[14.56155,56.44876],[14.56155,56.44876],[14.56155,56.44876],[14.56085,56.4487],[14.56057,56.44871],[14.55962,56.44875],[14.55962,56.44875],[14.55939,56.44883],[14.55849,56.44896],[14.55725,56.44911],[14.5571,56.44912],[14.55599,56.44934],[14.55562,56.4495],[14.55558,56.44952],[14.55536,56.44975],[14.55479,56.44988],[14.55406,56.45004],[14.55313,56.45022],[14.5519,56.45069],[14.55043,56.4515],[14.54954,56.45191],[14.54838,56.45237],[14.54718,56.45274],[14.54718,56.45274],[14.54718,56.45274],[14.54719,56.45276],[14.5483,56.45403],[14.54924,56.45486]]]},"properties":{"NVRID":"2002349","NAMN":"Siggaboda","SKYDDSTYP":"Naturreservat","LAN":"Kronobergs Län","KOMMUN":"Älmhult","IUCNKATEGORI":"Ia, Strikt naturreservat (Strict Nature Reserve)","FORVALTARE":"Länsstyrelsen i Kronobergs län","AREA_HA":71.631,"URSPR_BESLUTSDATUM":""}},{"type":"Feature","geometry":{"type":"MultiPolygon","coordinates":[[[[14.64899,56.63444],[14.64898,56.63444],[14.64898,56.63445],[14.64898,56.63445],[14.64898,56.63445],[14.65128,56.63446],[14.65921,56.63451],[14.65921,56.63451],[14.65921,56.63451],[14.65921,56.63451],[14.65921,56.63451],[14.65408,56.62744],[14.65408,56.62744],[14.64652,56.62762],[14.64651,56.62762],[14.63362,56.64173],[14.63362,56.64174],[14.63623,56.65064],[14.63623,56.65064],[14.63623,56.65065],[14.63623,56.65065],[14.63623,56.65065],[14.64558,56.6475],[14.64558,56.6475],[14.64756,56.64325],[14.64349,56.6344],[14.64899,56.63444]]],[[[14.67468,56.62888],[14.67561,56.63355],[14.67474,56.63784],[14.67611,56.63882],[14.67851,56.64057],[14.67851,56.64057],[14.67851,56.64057],[14.68544,56.63841],[14.68544,56.63841],[14.68558,56.63708],[14.68527,56.63595],[14.68521,56.63569],[14.68461,56.63372],[14.6923,56.62086],[14.6923,56.62086],[14.6923,56.62086],[14.6923,56.62086],[14.6923,56.62086],[14.67855,56.62096],[14.66895,56.6191],[14.66895,56.6191],[14.66895,56.61911],[14.66895,56.61911],[14.66894,56.61911],[14.66891,56.6251],[14.67468,56.62888]]]]},"properties":{"NVRID":"2002359","NAMN":"Västra Åsnens övärld","SKYDDSTYP":"Naturreservat","LAN":"Kronobergs Län","KOMMUN":"Alvesta, Tingsryd","IUCNKATEGORI":"V, Skyddat landskap/havsområde (Protected Landscape/Seascape)","FORVALTARE":"Länsstyrelsen i Kronobergs län","AREA_HA":350.92,"URSPR_BESLUTSDATUM":""}},{"type":"Feature","geometry":{"type":"Polygon","coordinates":[[[14.70352,56.95349],[14.70356,56.95354],[14.70358,56.95356],[14.70374,56.95371],[14.70373,56.95371],[14.70373,56.95371],[14.70373,56.95371],[14.70382,56.95387],[14.70421,56.95453],[14.70421,56.95453],[14.70421,56.95453],[14.70439,56.95449],[14.70488,56.95553],[14.70432,56.95574],[14.70432,56.95574],[14.70432,56.95574],[14.70432,56.95574],[14.70442,56.9558],[14.70466,56.95601],[14.70466,56.95601],[14.70611,56.95589],[14.70922,56.95562],[14.70929,56.95561],[14.70929,56.95561],[14.70929,56.95561],[14.70929,56.95561],[14.70929,56.95561],[14.70922,56.95554],[14.70917,56.95551],[14.70913,56.95548],[14.70908,56.95543],[14.70905,56.9554],[14.70902,56.95537],[14.70898,56.95532],[14.70892,56.95527],[14.70886,56.95523],[14.70881,56.95518],[14.70877,56.95512],[14.70872,56.95505],[14.70868,56.95499],[14.70863,56.95492],[14.70859,56.95487],[14.70857,56.95482],[14.70856,56.95477],[14.70853,56.9547],[14.7085,56.9546],[14.70848,56.95456],[14.70845,56.95451],[14.70842,56.95447],[14.70838,56.95444],[14.70835,56.95439],[14.70833,56.95434],[14.70831,56.95431],[14.70828,56.95426],[14.70827,56.95423],[14.70827,56.95423],[14.70825,56.95422],[14.70823,56.95407],[14.70821,56.95401],[14.70825,56.95398],[14.70831,56.95395],[14.70835,56.95395],[14.70835,56.95395],[14.70842,56.95392],[14.70846,56.95389],[14.70846,56.95389],[14.70846,56.95386],[14.70845,56.95382],[14.70844,56.95379],[14.70839,56.95376],[14.70837,56.95374],[14.70834,56.95369],[14.70831,56.95367],[14.70827,56.95364],[14.70825,56.95361],[14.70822,56.95358],[14.7082,56.95356],[14.70819,56.95355],[14.70816,56.95353],[14.70815,56.95351],[14.70813,56.95345],[14.7081,56.95342],[14.70806,56.95337],[14.70804,56.95332],[14.708,56.95323],[14.70794,56.95312],[14.70792,56.95306],[14.7079,56.95302],[14.70789,56.95298],[14.70785,56.95288],[14.70783,56.95282],[14.70782,56.95277],[14.70779,56.95262],[14.70774,56.95249],[14.70773,56.95243],[14.70775,56.9524],[14.70778,56.95238],[14.70787,56.95231],[14.70791,56.95229],[14.70793,56.95225],[14.70794,56.95222],[14.70792,56.9522],[14.70794,56.95217],[14.70792,56.95212],[14.70782,56.95207],[14.7077,56.95202],[14.70762,56.952],[14.70757,56.95198],[14.7075,56.95194],[14.70744,56.95191],[14.70739,56.95188],[14.70731,56.95185],[14.70726,56.95181],[14.70723,56.95177],[14.7072,56.95173],[14.70717,56.9517],[14.70713,56.95165],[14.7071,56.9516],[14.70709,56.95156],[14.70707,56.95153],[14.70704,56.9515],[14.70703,56.95146],[14.70701,56.95143],[14.70697,56.95139],[14.70691,56.95135],[14.70684,56.95133],[14.70678,56.9513],[14.70671,56.95127],[14.70667,56.95125],[14.70656,56.95119],[14.70651,56.95115],[14.70646,56.95111],[14.70642,56.95108],[14.70641,56.95104],[14.70638,56.95101],[14.70635,56.95098],[14.70631,56.95095],[14.70631,56.95095],[14.7063,56.95095],[14.7056,56.95117],[14.70519,56.95128],[14.70519,56.95128],[14.70501,56.95147],[14.70503,56.95162],[14.70503,56.95167],[14.70502,56.95171],[14.70491,56.95192],[14.70488,56.95196],[14.70484,56.952],[14.70478,56.95204],[14.70452,56.95217],[14.70447,56.95221],[14.70422,56.95245],[14.70411,56.95258],[14.70391,56.95276],[14.70368,56.95296],[14.70364,56.95301],[14.70335,56.95297],[14.70335,56.95297],[14.70335,56.95297],[14.70335,56.95309],[14.70336,56.95311],[14.70338,56.9532],[14.70342,56.95331],[14.70343,56.95334],[14.70345,56.95341],[14.70347,56.95345],[14.7035,56.95349],[14.7035,56.95349],[14.7035,56.95349],[14.70352,56.95349]]]},"properties":{"NVRID":"2044828","NAMN":"Hågeryd","SKYDDSTYP":"Naturreservat","LAN":"Kronobergs Län","KOMMUN":"Växjö","IUCNKATEGORI":"IV, Habitat/Artskyddsområde (Habitat/Species Management Area)","FORVALTARE":"Länsstyrelsen i Kronobergs län","AREA_HA":12.021,"URSPR_BESLUTSDATUM":""}},{"type":"Feature","geometry":{"type":"MultiPolygon","coordinates":[[[[14.9547,56.58986],[14.95456,56.58997],[14.95456,56.58997],[14.95456,56.58997],[14.95456,56.58997],[14.95646,56.59032],[14.95647,56.59032],[14.95647,56.59032],[14.95647,56.59032],[14.95654,56.59014],[14.95671,56.58968],[14.95694,56.58917],[14.95704,56.58895],[14.95767,56.58902],[14.95767,56.58902],[14.95768,56.58902],[14.9582,56.58856],[14.95879,56.5879],[14.95933,56.58636],[14.95922,56.58614],[14.95906,56.58598],[14.95892,56.58575],[14.95865,56.5854],[14.95865,56.5854],[14.95843,56.58534],[14.95843,56.58534],[14.95843,56.58534],[14.95834,56.58544],[14.95808,56.58572],[14.95803,56.58601],[14.95797,56.58639],[14.9579,56.5866],[14.95612,56.58644],[14.95612,56.58644],[14.95612,56.58644],[14.95564,56.58866],[14.95544,56.58866],[14.95544,56.58866],[14.95544,56.58866],[14.95544,56.58866],[14.95544,56.58872],[14.9554,56.58888],[14.95538,56.58898],[14.95532,56.58901],[14.95516,56.58902],[14.95511,56.58906],[14.95509,56.58911],[14.95505,56.5892],[14.955,56.58936],[14.95499,56.58956],[14.95494,56.58968],[14.95479,56.5897],[14.95466,56.58973],[14.95466,56.58974],[14.95466,56.58974],[14.9547,56.58986]]],[[[14.9587,56.58538],[14.95897,56.58574],[14.95912,56.58597],[14.95915,56.58601],[14.95915,56.58601],[14.95916,56.58601],[14.95916,56.58601],[14.95916,56.58601],[14.95908,56.58586],[14.96111,56.58429],[14.96372,56.58513],[14.96498,56.58494],[14.96571,56.58531],[14.96571,56.58531],[14.96686,56.585],[14.96697,56.58497],[14.96697,56.58497],[14.96697,56.58497],[14.96691,56.58488],[14.96686,56.58476],[14.96681,56.58461],[14.96674,56.58443],[14.96674,56.58443],[14.96674,56.58443],[14.96668,56.58443],[14.96659,56.5844],[14.96646,56.58428],[14.96639,56.58418],[14.9663,56.58403],[14.96625,56.58389],[14.96615,56.58376],[14.96609,56.58365],[14.96606,56.58354],[14.96607,56.58343],[14.96607,56.58332],[14.96604,56.58324],[14.96601,56.58316],[14.96596,56.58312],[14.96584,56.58303],[14.96577,56.58292],[14.96558,56.58276],[14.96549,56.58272],[14.96531,56.58266],[14.96531,56.58266],[14.9649,56.58273],[14.96466,56.58267],[14.96442,56.58264],[14.96422,56.58259],[14.96397,56.58251],[14.96374,56.58245],[14.96354,56.58236],[14.96332,56.58229],[14.96309,56.58221],[14.96287,56.58212],[14.96257,56.58194],[14.96237,56.58179],[14.9622,56.58163],[14.96205,56.58143],[14.96192,56.58116],[14.96185,56.58095],[14.96176,56.58071],[14.96174,56.58049],[14.96175,56.58023],[14.96177,56.58004],[14.96183,56.57984],[14.96193,56.57964],[14.96208,56.57949],[14.96217,56.57935],[14.96225,56.5792],[14.96232,56.57905],[14.96235,56.57894],[14.96244,56.57879],[14.9626,56.57864],[14.9626,56.57864],[14.96258,56.57859],[14.96268,56.57851],[14.96292,56.57838],[14.96304,56.57825],[14.96318,56.57814],[14.96318,56.57814],[14.96318,56.57814],[14.96318,56.57814],[14.96283,56.5781],[14.96261,56.57808],[14.96158,56.57796],[14.96158,56.57796],[14.96158,56.57796],[14.96148,56.57812],[14.96139,56.57821],[14.96139,56.57833],[14.96136,56.57844],[14.96125,56.57852],[14.96112,56.57866],[14.96111,56.57883],[14.96111,56.57895],[14.96112,56.57905],[14.96107,56.57923],[14.96101,56.57941],[14.96094,56.57958],[14.96082,56.57983],[14.96076,56.58004],[14.96067,56.58032],[14.96064,56.58049],[14.96057,56.5808],[14.96057,56.58097],[14.96058,56.5811],[14.96062,56.58122],[14.96071,56.58141],[14.96084,56.58162],[14.9609,56.5818],[14.96104,56.58201],[14.96117,56.58218],[14.96127,56.58228],[14.96139,56.58238],[14.96159,56.5825],[14.9617,56.58261],[14.96154,56.58272],[14.96141,56.5828],[14.96128,56.58291],[14.96123,56.58305],[14.96116,56.58325],[14.96117,56.58338],[14.96089,56.58359],[14.96075,56.58373],[14.96045,56.58396],[14.96031,56.58406],[14.96019,56.58413],[14.96006,56.5842],[14.95981,56.58428],[14.95965,56.58435],[14.95946,56.58442],[14.9592,56.58464],[14.9591,56.58473],[14.95896,56.5848],[14.95877,56.58492],[14.95869,56.58506],[14.95854,56.58521],[14.95846,56.58531],[14.95846,56.58531],[14.95846,56.58531],[14.9587,56.58538]]],[[[14.96607,56.58926],[14.96532,56.58928],[14.96532,56.58928],[14.96531,56.58929],[14.96494,56.58952],[14.9648,56.5896],[14.9648,56.5896],[14.9648,56.5896],[14.96481,56.58961],[14.96505,56.58974],[14.96528,56.58985],[14.96613,56.59029],[14.96663,56.59068],[14.96695,56.59103],[14.96729,56.59127],[14.9676,56.59141],[14.96795,56.5915],[14.96846,56.59169],[14.96847,56.59169],[14.96936,56.59148],[14.96984,56.59143],[14.97005,56.5914],[14.97028,56.59134],[14.9706,56.59121],[14.97079,56.59112],[14.97104,56.59098],[14.97126,56.59083],[14.97245,56.59041],[14.9726,56.59049],[14.9726,56.59049],[14.9726,56.59049],[14.97342,56.59027],[14.97342,56.59027],[14.97342,56.59027],[14.97297,56.58822],[14.97296,56.58821],[14.9729,56.58816],[14.97285,56.58808],[14.97283,56.58796],[14.97284,56.58781],[14.97285,56.58766],[14.97283,56.5875],[14.97276,56.58737],[14.97266,56.5873],[14.97267,56.58714],[14.97259,56.58691],[14.9725,56.5868],[14.97239,56.58672],[14.97213,56.58661],[14.97193,56.58655],[14.97176,56.58656],[14.97176,56.58656],[14.9717,56.5866],[14.97152,56.58664],[14.97129,56.58665],[14.97115,56.58663],[14.97108,56.58657],[14.97106,56.58649],[14.97106,56.58649],[14.97096,56.58642],[14.97079,56.58638],[14.97061,56.58636],[14.97049,56.58638],[14.9702,56.58631],[14.9702,56.58628],[14.9702,56.58628],[14.9702,56.58628],[14.96987,56.58622],[14.96987,56.58622],[14.96986,56.58622],[14.96979,56.58626],[14.96968,56.58626],[14.96946,56.58624],[14.96927,56.58621],[14.96914,56.58618],[14.96914,56.58618],[14.96914,56.58618],[14.96914,56.58618],[14.96847,56.5872],[14.96828,56.58741],[14.96732,56.58799],[14.96732,56.58799],[14.96741,56.58811],[14.96743,56.58864],[14.96607,56.58926]]]]},"properties":{"NVRID":"2200072","NAMN":"Ekeryd","SKYDDSTYP":"Naturreservat","LAN":"Kronobergs Län","KOMMUN":"Tingsryd","IUCNKATEGORI":"Ia, Strikt naturreservat (Strict Nature Reserve)","FORVALTARE":"Länsstyrelsen i Kronobergs län","AREA_HA":40.088,"URSPR_BESLUTSDATUM":""}},{"type":"Feature","geometry":{"type":"Polygon","coordinates":[[[15.03495,56.96754],[15.03451,56.96756],[15.03374,56.9676],[15.03185,56.96771],[15.03143,56.96773],[15.03116,56.96773],[15.03116,56.96773],[15.03116,56.96773],[15.03095,56.96866],[15.03061,56.97039],[15.03054,56.97076],[15.03003,56.97317],[15.02979,56.97437],[15.02979,56.97437],[15.02979,56.97437],[15.03098,56.97456],[15.03098,56.97456],[15.03194,56.97436],[15.03293,56.97432],[15.03413,56.97428],[15.03557,56.97424],[15.03557,56.97424],[15.03557,56.97424],[15.03575,56.97399],[15.03724,56.97388],[15.03765,56.97384],[15.03765,56.97384],[15.03765,56.97384],[15.03845,56.97268],[15.0392,56.97135],[15.0392,56.97135],[15.03891,56.97092],[15.03869,56.97066],[15.03867,56.97064],[15.03855,56.97058],[15.03839,56.97051],[15.03831,56.97047],[15.0383,56.97047],[15.03789,56.97047],[15.03751,56.9705],[15.03738,56.97048],[15.03708,56.9704],[15.03678,56.97034],[15.03663,56.97022],[15.03638,56.97009],[15.03637,56.97009],[15.03611,56.97005],[15.03617,56.97],[15.03628,56.96989],[15.03646,56.96979],[15.03662,56.9697],[15.0368,56.96959],[15.03703,56.96946],[15.03724,56.96934],[15.03728,56.96933],[15.03731,56.96929],[15.03736,56.96921],[15.03742,56.96906],[15.03744,56.96897],[15.03743,56.96887],[15.03742,56.96877],[15.03739,56.96864],[15.03738,56.96855],[15.03737,56.96846],[15.0374,56.96835],[15.03744,56.96825],[15.0374,56.96813],[15.03733,56.96805],[15.03723,56.96794],[15.03712,56.96784],[15.03699,56.9677],[15.03691,56.9676],[15.03683,56.96752],[15.03675,56.96743],[15.03667,56.96733],[15.03649,56.96712],[15.03644,56.967],[15.03638,56.96693],[15.03631,56.96688],[15.03623,56.96685],[15.03612,56.96682],[15.03598,56.9668],[15.03587,56.96679],[15.03577,56.96678],[15.03562,56.96677],[15.03549,56.96676],[15.03549,56.96676],[15.03549,56.96677],[15.03545,56.96689],[15.03542,56.96698],[15.0354,56.96704],[15.03532,56.96714],[15.03528,56.96724],[15.03521,56.96731],[15.03512,56.96738],[15.035,56.96748],[15.03495,56.96754]]]},"properties":{"NVRID":"2002401","NAMN":"Skårtaryds urskog","SKYDDSTYP":"Naturreservat","LAN":"Kronobergs Län","KOMMUN":"Växjö","IUCNKATEGORI":"Ia, Strikt naturreservat (Strict Nature Reserve)","FORVALTARE":"Länsstyrelsen i Kronobergs län","AREA_HA":33.741,"URSPR_BESLUTSDATUM":""}},{"type":"Feature","geometry":{"type":"Polygon","coordinates":[[[14.77311,56.92357],[14.77606,56.92356],[14.77606,56.92356],[14.77606,56.92356],[14.77606,56.92356],[14.77605,56.92353],[14.77605,56.92352],[14.77606,56.9235],[14.77606,56.92348],[14.77606,56.92346],[14.77604,56.92343],[14.77602,56.9234],[14.77599,56.92338],[14.77596,56.92337],[14.77594,56.92335],[14.77593,56.92333],[14.77593,56.9233],[14.77591,56.92329],[14.77588,56.92326],[14.77586,56.92325],[14.77585,56.92323],[14.77584,56.92321],[14.77583,56.92319],[14.77582,56.92318],[14.77579,56.92317],[14.77577,56.92315],[14.77573,56.92314],[14.77569,56.92312],[14.77565,56.92311],[14.77561,56.9231],[14.77552,56.92308],[14.77551,56.92308],[14.77548,56.92306],[14.77544,56.92304],[14.77537,56.92301],[14.77529,56.92296],[14.7752,56.92293],[14.77515,56.92291],[14.77511,56.92289],[14.77505,56.92287],[14.775,56.92286],[14.77496,56.92285],[14.77492,56.92284],[14.77484,56.92284],[14.77478,56.92284],[14.77472,56.92283],[14.77466,56.92283],[14.7746,56.92283],[14.77453,56.92283],[14.77447,56.92283],[14.77441,56.92283],[14.77437,56.92282],[14.77433,56.92282],[14.77425,56.92282],[14.77418,56.92282],[14.77411,56.92282],[14.77405,56.92281],[14.77394,56.92279],[14.77388,56.92278],[14.77384,56.92277],[14.7738,56.92276],[14.77374,56.92274],[14.77368,56.92271],[14.7736,56.92268],[14.77355,56.92264],[14.77351,56.92261],[14.77348,56.92259],[14.77344,56.92255],[14.77342,56.92253],[14.77338,56.92249],[14.77331,56.92244],[14.77327,56.92241],[14.77324,56.92238],[14.77318,56.92233],[14.77311,56.92229],[14.77305,56.92224],[14.77301,56.92221],[14.77296,56.92217],[14.77292,56.92211],[14.77288,56.92207],[14.77284,56.92203],[14.7728,56.92198],[14.77278,56.92195],[14.77276,56.92193],[14.77276,56.9219],[14.77276,56.92187],[14.77276,56.92182],[14.77275,56.92179],[14.77274,56.92177],[14.77276,56.92172],[14.77279,56.92165],[14.7728,56.92163],[14.77281,56.92161],[14.77283,56.92159],[14.77284,56.92156],[14.77285,56.92154],[14.77284,56.92149],[14.77283,56.92145],[14.77281,56.92141],[14.77281,56.92141],[14.76383,56.9209],[14.76383,56.9209],[14.76383,56.9209],[14.76383,56.9209],[14.76917,56.93],[14.7767,56.94283],[14.77671,56.94283],[14.77671,56.94283],[14.78599,56.94273],[14.78945,56.9431],[14.79364,56.94284],[14.79364,56.94284],[14.79364,56.94284],[14.79364,56.94284],[14.79364,56.94284],[14.79254,56.94206],[14.79364,56.93996],[14.79451,56.93998],[14.79493,56.93999],[14.79493,56.93999],[14.79593,56.93964],[14.79649,56.93951],[14.79665,56.93959],[14.79627,56.93993],[14.79622,56.94041],[14.79622,56.94041],[14.79622,56.94041],[14.79688,56.9404],[14.79687,56.94058],[14.7969,56.94083],[14.79653,56.94189],[14.79653,56.9419],[14.79653,56.9419],[14.79653,56.9419],[14.79866,56.94174],[14.79866,56.94174],[14.79866,56.94174],[14.7991,56.94056],[14.79913,56.94032],[14.79913,56.94031],[14.79912,56.94031],[14.79871,56.93981],[14.79924,56.93959],[14.79924,56.93959],[14.79924,56.93959],[14.79916,56.93952],[14.79916,56.93952],[14.79908,56.93942],[14.79907,56.93942],[14.79907,56.93941],[14.79901,56.93925],[14.79898,56.93912],[14.79894,56.93903],[14.7989,56.93896],[14.79882,56.93889],[14.79864,56.93876],[14.79858,56.93872],[14.79858,56.93872],[14.79858,56.93872],[14.79858,56.93872],[14.79816,56.93889],[14.79797,56.93904],[14.79721,56.93907],[14.79703,56.93907],[14.79706,56.93903],[14.79722,56.93884],[14.79744,56.93857],[14.79747,56.93853],[14.7976,56.93835],[14.79768,56.93825],[14.7977,56.93817],[14.7977,56.93814],[14.79794,56.93812],[14.79795,56.93812],[14.79886,56.93754],[14.79886,56.93754],[14.79855,56.93696],[14.79885,56.93665],[14.80039,56.93564],[14.80158,56.93542],[14.80159,56.93542],[14.80159,56.93542],[14.80155,56.93539],[14.80155,56.93538],[14.80155,56.93538],[14.80147,56.93516],[14.80141,56.93496],[14.80135,56.93474],[14.80129,56.93457],[14.80125,56.93452],[14.80119,56.93449],[14.80119,56.93449],[14.80106,56.93448],[14.80093,56.93449],[14.8008,56.93451],[14.80069,56.93456],[14.80045,56.93473],[14.80044,56.93473],[14.80033,56.9348],[14.80032,56.9348],[14.80014,56.93488],[14.80013,56.93488],[14.79994,56.93495],[14.79972,56.93503],[14.7994,56.93512],[14.79916,56.93518],[14.79903,56.93523],[14.79897,56.93517],[14.79886,56.93501],[14.7988,56.93474],[14.79857,56.93377],[14.7985,56.93341],[14.79841,56.93289],[14.79832,56.93243],[14.79824,56.93203],[14.79918,56.93125],[14.79915,56.93039],[14.79893,56.93004],[14.7989,56.92949],[14.7989,56.92949],[14.7989,56.92949],[14.79803,56.92929],[14.79733,56.92867],[14.79724,56.92852],[14.79703,56.92663],[14.79703,56.92663],[14.79703,56.92662],[14.79655,56.92661],[14.79498,56.92658],[14.795,56.9265],[14.79502,56.92615],[14.79506,56.92585],[14.79509,56.92555],[14.79513,56.92522],[14.79541,56.92427],[14.79559,56.92375],[14.79575,56.92317],[14.7958,56.92276],[14.7958,56.92276],[14.7958,56.92276],[14.79579,56.92276],[14.79484,56.92282],[14.79418,56.92278],[14.7931,56.92322],[14.79272,56.92318],[14.79272,56.92318],[14.79272,56.92318],[14.79272,56.92318],[14.79253,56.9236],[14.79176,56.92522],[14.79101,56.92513],[14.78368,56.92426],[14.78368,56.92426],[14.78368,56.92426],[14.78101,56.92668],[14.7791,56.92753],[14.77311,56.92357]],[[14.784,56.94111],[14.78415,56.94022],[14.78541,56.94057],[14.78586,56.94071],[14.78586,56.94071],[14.78586,56.94071],[14.78636,56.94019],[14.78668,56.93971],[14.78668,56.93971],[14.78667,56.9397],[14.78667,56.9397],[14.78451,56.93903],[14.787,56.93676],[14.78877,56.93715],[14.78877,56.93715],[14.78877,56.93715],[14.78877,56.93715],[14.78902,56.93641],[14.78904,56.93637],[14.78904,56.93625],[14.78911,56.93609],[14.7891,56.93569],[14.78911,56.93511],[14.78899,56.93478],[14.78899,56.93478],[14.78862,56.93455],[14.78849,56.9343],[14.78829,56.93383],[14.7887,56.9332],[14.78849,56.93235],[14.78809,56.93212],[14.78759,56.93203],[14.78742,56.93183],[14.78717,56.9313],[14.7871,56.93098],[14.7868,56.93047],[14.78662,56.93028],[14.78653,56.93002],[14.78677,56.93003],[14.78704,56.93002],[14.78704,56.93002],[14.78704,56.93002],[14.78704,56.93002],[14.78706,56.9298],[14.78706,56.9298],[14.78648,56.92912],[14.78588,56.92834],[14.78588,56.92834],[14.78587,56.92834],[14.7856,56.92838],[14.78514,56.92773],[14.78472,56.92734],[14.78442,56.92725],[14.78423,56.92696],[14.78478,56.92635],[14.78542,56.92626],[14.78629,56.9276],[14.78667,56.9282],[14.78667,56.9282],[14.78667,56.9282],[14.78891,56.9279],[14.78891,56.92792],[14.789,56.92846],[14.7891,56.92905],[14.7891,56.92905],[14.7907,56.92943],[14.79077,56.92946],[14.79077,56.92946],[14.79077,56.92946],[14.79077,56.92946],[14.7909,56.92913],[14.79108,56.92853],[14.79136,56.92761],[14.79139,56.92761],[14.79144,56.92762],[14.79145,56.92762],[14.79412,56.9273],[14.7947,56.92727],[14.7947,56.92727],[14.7947,56.92727],[14.7947,56.92726],[14.79473,56.92726],[14.79501,56.92733],[14.79574,56.92739],[14.79572,56.92837],[14.79557,56.92913],[14.7954,56.92912],[14.79539,56.92912],[14.79539,56.92912],[14.79529,56.92979],[14.79529,56.9298],[14.79529,56.9298],[14.79529,56.9298],[14.79561,56.92978],[14.79655,56.92972],[14.79826,56.92956],[14.79841,56.92955],[14.79861,56.93043],[14.79824,56.9314],[14.79718,56.93133],[14.79718,56.93133],[14.79718,56.93133],[14.79721,56.93182],[14.79719,56.93228],[14.79711,56.93298],[14.79697,56.93389],[14.79688,56.93401],[14.79665,56.93414],[14.79638,56.9343],[14.79598,56.93438],[14.7957,56.93432],[14.7957,56.93432],[14.7957,56.93432],[14.79553,56.93445],[14.79533,56.93464],[14.79504,56.93458],[14.79467,56.93447],[14.79467,56.93447],[14.79467,56.93447],[14.79196,56.93641],[14.79148,56.93675],[14.79148,56.93675],[14.79148,56.93675],[14.79206,56.93705],[14.7921,56.93721],[14.78646,56.94175],[14.784,56.94111]]]},"properties":{"NVRID":"2002396","NAMN":"Kronoberg","SKYDDSTYP":"Naturreservat","LAN":"Kronobergs Län","KOMMUN":"Växjö","IUCNKATEGORI":"0, Områden som ej kan klassificeras enligt IUCN: s system.","FORVALTARE":"Länsstyrelsen i Kronobergs län","AREA_HA":274.779,"URSPR_BESLUTSDATUM":""}},{"type":"Feature","geometry":{"type":"Polygon","coordinates":[[[14.15329,56.61047],[14.15308,56.61049],[14.15308,56.61049],[14.15308,56.61049],[14.15319,56.61077],[14.15385,56.61221],[14.15397,56.61239],[14.15418,56.61256],[14.15465,56.61278],[14.15465,56.61278],[14.15465,56.61278],[14.15567,56.61253],[14.15619,56.61241],[14.1563,56.6124],[14.15704,56.61222],[14.15721,56.61219],[14.15721,56.61219],[14.15721,56.61219],[14.15721,56.61213],[14.15704,56.61202],[14.15695,56.61188],[14.15697,56.61168],[14.15701,56.61153],[14.15707,56.61126],[14.15707,56.61114],[14.15686,56.61096],[14.15673,56.61075],[14.15669,56.61064],[14.15668,56.61045],[14.15664,56.6103],[14.15656,56.61023],[14.15654,56.61015],[14.15655,56.60999],[14.15649,56.60978],[14.15642,56.60967],[14.1563,56.60952],[14.15617,56.60928],[14.15617,56.60928],[14.15606,56.60922],[14.15602,56.60914],[14.15599,56.60904],[14.15597,56.60895],[14.15594,56.60887],[14.15576,56.60863],[14.15569,56.60855],[14.15567,56.60849],[14.15564,56.60839],[14.15558,56.60828],[14.1555,56.60817],[14.1554,56.60808],[14.15529,56.60797],[14.15522,56.60791],[14.15516,56.60785],[14.15513,56.60777],[14.15499,56.60771],[14.15494,56.60762],[14.1549,56.6075],[14.15479,56.60734],[14.15482,56.60722],[14.15481,56.60715],[14.15481,56.60715],[14.15481,56.60715],[14.15481,56.60715],[14.1533,56.60754],[14.1533,56.60755],[14.15332,56.60768],[14.15332,56.60768],[14.15332,56.60768],[14.15364,56.60766],[14.15374,56.60768],[14.15413,56.6079],[14.15417,56.60795],[14.1542,56.60814],[14.15431,56.60827],[14.15437,56.60837],[14.15455,56.60853],[14.15458,56.60873],[14.15442,56.60886],[14.15437,56.60905],[14.15428,56.60911],[14.15394,56.60918],[14.1537,56.60935],[14.15358,56.60953],[14.15351,56.60969],[14.15347,56.60996],[14.15329,56.61025],[14.15329,56.61047]]]},"properties":{"NVRID":"2002356","NAMN":"Kronan","SKYDDSTYP":"Naturreservat","LAN":"Kronobergs Län","KOMMUN":"Älmhult","IUCNKATEGORI":"IV, Habitat/Artskyddsområde (Habitat/Species Management Area)","FORVALTARE":"Länsstyrelsen i Kronobergs län","AREA_HA":9.105,"URSPR_BESLUTSDATUM":""}},{"type":"Feature","geometry":{"type":"Polygon","coordinates":[[[14.14315,56.70429],[14.1435,56.70473],[14.1424,56.70733],[14.1424,56.70733],[14.1424,56.70733],[14.14303,56.70761],[14.14346,56.70798],[14.14346,56.70798],[14.14346,56.70798],[14.14375,56.70788],[14.14415,56.70745],[14.14516,56.70756],[14.14529,56.70809],[14.14506,56.70851],[14.14506,56.70851],[14.14506,56.70851],[14.1457,56.70874],[14.14571,56.7089],[14.14491,56.70914],[14.14491,56.70914],[14.14443,56.70954],[14.14395,56.70991],[14.14339,56.7106],[14.14339,56.7106],[14.14383,56.71174],[14.14358,56.71219],[14.14358,56.71219],[14.1441,56.71297],[14.14536,56.71329],[14.14569,56.71575],[14.14569,56.71575],[14.14682,56.71607],[14.14682,56.71752],[14.14682,56.71752],[14.14682,56.71752],[14.14784,56.71742],[14.14901,56.71746],[14.14901,56.71746],[14.14901,56.71746],[14.14901,56.71746],[14.14901,56.71746],[14.14892,56.71737],[14.14889,56.71715],[14.14903,56.71678],[14.14903,56.71678],[14.14887,56.71668],[14.14888,56.71649],[14.14907,56.71622],[14.14911,56.7161],[14.14944,56.71581],[14.14988,56.71576],[14.14988,56.71576],[14.14991,56.71565],[14.14994,56.71564],[14.14995,56.71564],[14.15,56.71527],[14.14997,56.7152],[14.1499,56.71512],[14.14966,56.71493],[14.14974,56.71486],[14.14974,56.71486],[14.14955,56.71464],[14.14937,56.71399],[14.14905,56.71289],[14.15004,56.71286],[14.1508,56.71289],[14.15239,56.71279],[14.15224,56.71298],[14.15229,56.71321],[14.15201,56.71343],[14.15185,56.71379],[14.15182,56.71416],[14.15182,56.71416],[14.15182,56.71416],[14.15182,56.71416],[14.15203,56.71413],[14.15203,56.71413],[14.15203,56.71413],[14.15204,56.71409],[14.1525,56.714],[14.1528,56.71401],[14.15285,56.71402],[14.15294,56.71441],[14.15295,56.71465],[14.15311,56.71489],[14.15344,56.71507],[14.15344,56.71507],[14.15386,56.71508],[14.15418,56.71519],[14.15452,56.71533],[14.15461,56.71544],[14.15469,56.71547],[14.15496,56.71548],[14.15496,56.71548],[14.15535,56.71531],[14.15547,56.71534],[14.15538,56.71561],[14.15526,56.71593],[14.15505,56.71616],[14.15489,56.71635],[14.15472,56.71654],[14.15472,56.71654],[14.15472,56.71654],[14.15492,56.71681],[14.15622,56.719],[14.15662,56.71926],[14.15836,56.72018],[14.15679,56.72048],[14.15679,56.72048],[14.15679,56.72048],[14.15673,56.72075],[14.15689,56.72102],[14.15695,56.72117],[14.15724,56.72129],[14.15758,56.72149],[14.15773,56.72172],[14.15786,56.72186],[14.1579,56.72199],[14.15827,56.72224],[14.15836,56.72239],[14.1583,56.72248],[14.1583,56.72248],[14.15843,56.72273],[14.15834,56.72282],[14.15791,56.72291],[14.15791,56.72291],[14.15791,56.72291],[14.15797,56.723],[14.15814,56.7232],[14.1583,56.72339],[14.15843,56.72361],[14.15848,56.72385],[14.15842,56.72407],[14.15837,56.72419],[14.15836,56.72433],[14.1584,56.7244],[14.15843,56.72444],[14.15857,56.72453],[14.15863,56.72457],[14.1587,56.72461],[14.1588,56.72468],[14.15892,56.72476],[14.159,56.72483],[14.15902,56.72485],[14.1591,56.72494],[14.15935,56.72549],[14.15935,56.72549],[14.16022,56.72559],[14.16081,56.72637],[14.16127,56.72674],[14.16166,56.72713],[14.16175,56.72762],[14.16211,56.7282],[14.16235,56.7285],[14.16191,56.72894],[14.1613,56.72923],[14.16074,56.72951],[14.16017,56.72968],[14.15945,56.72946],[14.15881,56.7293],[14.15806,56.72928],[14.15767,56.72888],[14.15727,56.72834],[14.15643,56.72719],[14.15643,56.72719],[14.15643,56.72718],[14.15459,56.7272],[14.15289,56.72634],[14.15288,56.72634],[14.15288,56.72634],[14.15234,56.72672],[14.15173,56.72651],[14.15109,56.72525],[14.15221,56.72518],[14.1534,56.72513],[14.15386,56.72512],[14.15386,56.72512],[14.15386,56.72512],[14.15386,56.725],[14.15344,56.72296],[14.15343,56.72296],[14.15343,56.72296],[14.15335,56.72296],[14.15298,56.72259],[14.1532,56.72253],[14.15321,56.72253],[14.15321,56.72253],[14.15295,56.72234],[14.15285,56.72222],[14.15283,56.72217],[14.15288,56.72208],[14.15304,56.72196],[14.15304,56.72196],[14.15302,56.72181],[14.15295,56.72172],[14.15299,56.72143],[14.15299,56.72143],[14.15288,56.72128],[14.15273,56.7212],[14.15266,56.72105],[14.15269,56.72101],[14.15269,56.721],[14.15269,56.721],[14.15249,56.72095],[14.15256,56.72081],[14.15256,56.72081],[14.15256,56.72081],[14.15256,56.72081],[14.15224,56.72076],[14.15192,56.72068],[14.15154,56.72054],[14.15131,56.72047],[14.15131,56.72047],[14.15121,56.72047],[14.1512,56.72047],[14.14979,56.72138],[14.14835,56.72235],[14.14732,56.72306],[14.14667,56.72357],[14.14639,56.72402],[14.14628,56.72432],[14.14625,56.72445],[14.14626,56.72473],[14.14629,56.725],[14.14627,56.7251],[14.14621,56.72523],[14.14618,56.72541],[14.14605,56.72567],[14.14589,56.72591],[14.14589,56.72591],[14.14589,56.72592],[14.14616,56.72597],[14.14598,56.72679],[14.14559,56.7271],[14.14559,56.7271],[14.1455,56.72776],[14.14558,56.72822],[14.14548,56.72858],[14.14546,56.72933],[14.14572,56.72975],[14.14572,56.72975],[14.14603,56.72985],[14.14705,56.73241],[14.14748,56.73296],[14.14731,56.73299],[14.14731,56.73299],[14.14731,56.73299],[14.14744,56.73333],[14.14721,56.73386],[14.14734,56.73427],[14.14766,56.73477],[14.14766,56.73477],[14.14785,56.73482],[14.14829,56.73483],[14.15003,56.73481],[14.16153,56.73521],[14.16153,56.73521],[14.16154,56.73521],[14.16153,56.73521],[14.15744,56.73136],[14.16015,56.73019],[14.16031,56.73019],[14.16031,56.73019],[14.16061,56.72991],[14.16105,56.7298],[14.16185,56.72944],[14.16261,56.72923],[14.16286,56.72904],[14.16325,56.72872],[14.16325,56.72872],[14.16308,56.72816],[14.16288,56.72722],[14.16248,56.72657],[14.16194,56.72598],[14.16142,56.72569],[14.16128,56.72478],[14.16192,56.72442],[14.16192,56.72442],[14.16169,56.72401],[14.16148,56.72385],[14.16154,56.7237],[14.16184,56.72348],[14.16194,56.72323],[14.16124,56.72206],[14.16075,56.72135],[14.16067,56.72085],[14.16085,56.71979],[14.16108,56.71927],[14.16122,56.71872],[14.16119,56.71811],[14.16119,56.71811],[14.16085,56.71776],[14.16089,56.71629],[14.16075,56.71496],[14.16064,56.71463],[14.16064,56.71463],[14.16064,56.71463],[14.15971,56.71459],[14.15957,56.71379],[14.15956,56.71309],[14.15931,56.71131],[14.15927,56.71057],[14.15928,56.71038],[14.15943,56.71022],[14.15943,56.71022],[14.15929,56.7101],[14.15926,56.70992],[14.15932,56.70972],[14.1592,56.70935],[14.1592,56.70915],[14.15935,56.70906],[14.16049,56.70905],[14.16049,56.70905],[14.16049,56.70905],[14.16049,56.70866],[14.16032,56.70851],[14.16023,56.70831],[14.16019,56.70781],[14.16042,56.70768],[14.16067,56.70766],[14.16067,56.70766],[14.16082,56.70751],[14.16086,56.70679],[14.16208,56.70658],[14.16209,56.70668],[14.16209,56.70668],[14.16209,56.70668],[14.16456,56.70674],[14.16456,56.70674],[14.1665,56.70526],[14.1665,56.70526],[14.16637,56.70509],[14.16633,56.70465],[14.16769,56.7047],[14.16769,56.7047],[14.16769,56.7047],[14.16834,56.70384],[14.16878,56.70327],[14.16926,56.70268],[14.1691,56.70212],[14.16895,56.70161],[14.16882,56.70116],[14.16882,56.70116],[14.15437,56.69542],[14.15437,56.69542],[14.1458,56.69588],[14.14548,56.69589],[14.14516,56.69593],[14.14496,56.696],[14.14489,56.69606],[14.14489,56.69606],[14.14486,56.69616],[14.14482,56.69628],[14.14486,56.69637],[14.14478,56.6966],[14.14481,56.69677],[14.14477,56.69692],[14.14477,56.69693],[14.14482,56.69695],[14.14778,56.69812],[14.14739,56.69885],[14.14676,56.6988],[14.14676,56.6988],[14.14676,56.6988],[14.1466,56.69914],[14.1466,56.69914],[14.1466,56.69914],[14.14722,56.69919],[14.14772,56.70024],[14.14802,56.7008],[14.14829,56.70119],[14.14798,56.70135],[14.14752,56.70117],[14.14706,56.70105],[14.14676,56.70093],[14.14622,56.70046],[14.14584,56.70031],[14.14558,56.70018],[14.14513,56.69985],[14.14436,56.69937],[14.14436,56.69937],[14.14436,56.69937],[14.14436,56.69937],[14.1437,56.70034],[14.14312,56.70082],[14.14201,56.70148],[14.14119,56.70305],[14.14123,56.70377],[14.14115,56.70432],[14.14115,56.70433],[14.14115,56.70433],[14.14206,56.70481],[14.14206,56.70481],[14.14206,56.70481],[14.14315,56.70429]],[[14.15927,56.70395],[14.1593,56.70364],[14.16045,56.70356],[14.16059,56.7038],[14.1602,56.70393],[14.15927,56.70395]]]},"properties":{"NVRID":"2002972","NAMN":"Vedåsa","SKYDDSTYP":"Naturreservat","LAN":"Kronobergs Län","KOMMUN":"Ljungby","IUCNKATEGORI":"IV, Habitat/Artskyddsområde (Habitat/Species Management Area)","FORVALTARE":"Länsstyrelsen i Kronobergs län","AREA_HA":367.666,"URSPR_BESLUTSDATUM":""}},{"type":"Feature","geometry":{"type":"Polygon","coordinates":[[[14.24302,56.82095],[14.24434,56.8226],[14.24434,56.8226],[14.24434,56.8226],[14.2452,56.82245],[14.24551,56.82247],[14.24528,56.8233],[14.2443,56.82325],[14.2443,56.82325],[14.24429,56.82325],[14.24426,56.82409],[14.24401,56.82425],[14.24401,56.82425],[14.24401,56.82425],[14.24401,56.82425],[14.24401,56.82425],[14.2467,56.82426],[14.24637,56.8256],[14.24345,56.82593],[14.24344,56.82593],[14.24344,56.82593],[14.24364,56.82645],[14.24384,56.82667],[14.24381,56.82738],[14.24402,56.82802],[14.24402,56.82802],[14.24402,56.82802],[14.24525,56.82812],[14.24693,56.82824],[14.24748,56.82828],[14.24731,56.82845],[14.24731,56.82845],[14.24731,56.82845],[14.24731,56.82845],[14.2479,56.8286],[14.24729,56.82938],[14.24705,56.82936],[14.24663,56.82931],[14.24663,56.82931],[14.24663,56.82931],[14.24658,56.82939],[14.24651,56.8295],[14.24645,56.82959],[14.24641,56.82967],[14.24636,56.82977],[14.24623,56.83006],[14.24619,56.83017],[14.24618,56.83022],[14.24618,56.83027],[14.24617,56.83031],[14.24618,56.83035],[14.24619,56.8304],[14.2462,56.83045],[14.24622,56.83054],[14.24626,56.83065],[14.24632,56.8308],[14.24634,56.83086],[14.24638,56.83095],[14.24648,56.8313],[14.24653,56.83143],[14.24656,56.8315],[14.24659,56.83156],[14.24663,56.83161],[14.24666,56.83166],[14.24673,56.83172],[14.24676,56.83175],[14.2468,56.83178],[14.24683,56.8318],[14.24686,56.83182],[14.24693,56.83186],[14.24704,56.83193],[14.24715,56.83199],[14.24722,56.83203],[14.24731,56.83208],[14.24743,56.83214],[14.24743,56.83214],[14.24743,56.83214],[14.2485,56.83174],[14.24872,56.83196],[14.24872,56.83196],[14.24872,56.83196],[14.24872,56.83196],[14.24923,56.83174],[14.24972,56.83206],[14.24972,56.83206],[14.24972,56.83206],[14.24978,56.83204],[14.24982,56.83202],[14.24986,56.83201],[14.24993,56.832],[14.25,56.83198],[14.25009,56.83197],[14.25024,56.83195],[14.2504,56.83192],[14.25057,56.83189],[14.25065,56.83187],[14.2508,56.83184],[14.25088,56.83183],[14.25093,56.83182],[14.25097,56.83182],[14.25103,56.83182],[14.25108,56.83182],[14.25127,56.83182],[14.25193,56.83187],[14.2527,56.8319],[14.25324,56.83195],[14.25324,56.83195],[14.25324,56.83195],[14.25325,56.83194],[14.25397,56.83158],[14.25462,56.83142],[14.25506,56.83214],[14.25521,56.83233],[14.25525,56.83238],[14.25216,56.83313],[14.25216,56.83313],[14.25216,56.83313],[14.25223,56.83324],[14.25227,56.83332],[14.25265,56.83389],[14.25134,56.83415],[14.25054,56.83432],[14.25021,56.83383],[14.25021,56.83383],[14.25021,56.83383],[14.25009,56.83386],[14.25009,56.83386],[14.25009,56.83386],[14.25009,56.83386],[14.25045,56.83439],[14.25062,56.83552],[14.25062,56.83552],[14.25062,56.83552],[14.25063,56.83552],[14.25267,56.8352],[14.25546,56.8346],[14.25614,56.83447],[14.25675,56.83437],[14.25689,56.83434],[14.25689,56.83434],[14.25689,56.83434],[14.25694,56.83426],[14.25754,56.83413],[14.2576,56.83422],[14.2576,56.83422],[14.2576,56.83422],[14.25784,56.83421],[14.25873,56.83407],[14.25943,56.83394],[14.26077,56.8337],[14.26077,56.8337],[14.26077,56.8337],[14.26077,56.83368],[14.26078,56.83358],[14.26082,56.83346],[14.26081,56.83335],[14.2608,56.83329],[14.26076,56.83324],[14.26067,56.83315],[14.26061,56.83312],[14.26056,56.83307],[14.26054,56.83304],[14.26053,56.83295],[14.26051,56.83288],[14.26046,56.83283],[14.26042,56.83277],[14.26043,56.83272],[14.26047,56.83262],[14.26054,56.83251],[14.2606,56.83243],[14.26061,56.83235],[14.26061,56.83228],[14.26058,56.83222],[14.26058,56.83221],[14.26058,56.83221],[14.26057,56.83221],[14.26057,56.83221],[14.2605,56.83223],[14.26041,56.83225],[14.26031,56.83225],[14.26023,56.83224],[14.26014,56.83223],[14.26007,56.83221],[14.25987,56.83214],[14.25969,56.83207],[14.25956,56.83201],[14.2595,56.83199],[14.25945,56.83198],[14.25945,56.83198],[14.25944,56.83198],[14.25944,56.83198],[14.25973,56.83251],[14.25893,56.83264],[14.25846,56.83271],[14.25824,56.83229],[14.25821,56.83224],[14.25818,56.83218],[14.25816,56.83215],[14.25795,56.83175],[14.25872,56.83157],[14.25919,56.83146],[14.2596,56.83136],[14.2603,56.83119],[14.2603,56.83119],[14.2603,56.83119],[14.2603,56.83119],[14.26024,56.83111],[14.26024,56.83111],[14.26022,56.83107],[14.26017,56.83101],[14.26012,56.8309],[14.25987,56.83077],[14.25979,56.8307],[14.25976,56.83064],[14.25991,56.83048],[14.26014,56.83022],[14.26027,56.83011],[14.26029,56.83002],[14.26022,56.82991],[14.26019,56.82982],[14.2602,56.82975],[14.26028,56.82964],[14.26029,56.82951],[14.26025,56.8294],[14.2603,56.8293],[14.26049,56.82912],[14.26074,56.82897],[14.26097,56.82884],[14.26118,56.82871],[14.26125,56.82861],[14.26125,56.82851],[14.26125,56.82851],[14.26116,56.82842],[14.26095,56.82829],[14.2609,56.82818],[14.26093,56.82808],[14.26082,56.82786],[14.26085,56.82775],[14.26088,56.82761],[14.26089,56.8274],[14.26103,56.82731],[14.26151,56.82715],[14.26179,56.82705],[14.26205,56.827],[14.26234,56.82698],[14.26252,56.82693],[14.26252,56.82693],[14.26255,56.82684],[14.26255,56.82684],[14.26239,56.82657],[14.26226,56.8263],[14.26222,56.82616],[14.26227,56.8259],[14.2623,56.8257],[14.26227,56.82562],[14.26208,56.82545],[14.26193,56.82535],[14.26132,56.82517],[14.26082,56.82501],[14.2606,56.82492],[14.26046,56.82473],[14.26042,56.82452],[14.2604,56.82431],[14.26051,56.82417],[14.26081,56.82411],[14.26109,56.82408],[14.26124,56.82402],[14.26157,56.82396],[14.26188,56.82393],[14.26217,56.82387],[14.26238,56.82378],[14.26255,56.82358],[14.26278,56.82334],[14.2629,56.82317],[14.2631,56.82305],[14.26341,56.82298],[14.26341,56.82298],[14.26341,56.82298],[14.26341,56.82298],[14.26341,56.82297],[14.2634,56.82297],[14.26156,56.82304],[14.26144,56.82173],[14.26144,56.82173],[14.26144,56.82173],[14.25997,56.82165],[14.25763,56.82172],[14.25607,56.82176],[14.25461,56.8216],[14.25376,56.82163],[14.253,56.82163],[14.25145,56.82155],[14.25071,56.82144],[14.25037,56.82137],[14.24908,56.82106],[14.2478,56.82062],[14.24664,56.82029],[14.24414,56.81987],[14.24384,56.81982],[14.24384,56.81982],[14.24384,56.81982],[14.2438,56.81993],[14.24375,56.82012],[14.24369,56.82022],[14.24345,56.82051],[14.24298,56.82095],[14.24298,56.82095],[14.24298,56.82095],[14.24298,56.82095],[14.24302,56.82095]],[[14.25367,56.83298],[14.25368,56.83295],[14.25425,56.83282],[14.25444,56.83306],[14.25394,56.83318],[14.25367,56.83298]],[[14.25302,56.83311],[14.2535,56.83299],[14.25357,56.833],[14.25385,56.8332],[14.25321,56.83335],[14.25302,56.83311]],[[14.24776,56.82761],[14.2477,56.8269],[14.24772,56.82688],[14.24776,56.82683],[14.2478,56.8268],[14.24787,56.82677],[14.24827,56.8267],[14.24876,56.82657],[14.24906,56.82645],[14.24916,56.82647],[14.2483,56.8273],[14.24794,56.82761],[14.24776,56.82761]],[[14.24938,56.82372],[14.25039,56.82375],[14.25039,56.82375],[14.25039,56.82375],[14.25031,56.82337],[14.25147,56.82331],[14.25156,56.82361],[14.25158,56.82408],[14.25122,56.82424],[14.25047,56.82425],[14.24965,56.82425],[14.24938,56.82372]]]},"properties":{"NVRID":"2002385","NAMN":"Målaskogsberg","SKYDDSTYP":"Naturreservat","LAN":"Kronobergs Län","KOMMUN":"Ljungby","IUCNKATEGORI":"IV, Habitat/Artskyddsområde (Habitat/Species Management Area)","FORVALTARE":"Länsstyrelsen i Kronobergs län","AREA_HA":125.897,"URSPR_BESLUTSDATUM":""}},{"type":"Feature","geometry":{"type":"MultiPolygon","coordinates":[[[[14.17645,56.60818],[14.17537,56.60807],[14.17537,56.60807],[14.17537,56.60807],[14.17537,56.60807],[14.17534,56.60814],[14.17484,56.6086],[14.17484,56.6086],[14.17484,56.6086],[14.17484,56.6086],[14.17749,56.60937],[14.1781,56.61018],[14.17876,56.61074],[14.17876,56.61074],[14.17876,56.61074],[14.17919,56.61062],[14.18028,56.61044],[14.18028,56.61044],[14.18028,56.61044],[14.18015,56.60996],[14.18153,56.60986],[14.18153,56.60986],[14.18153,56.60985],[14.18204,56.60645],[14.18204,56.60645],[14.18204,56.60645],[14.18204,56.60645],[14.17958,56.60653],[14.17917,56.60649],[14.17922,56.6062],[14.17919,56.60603],[14.17925,56.60579],[14.17925,56.60579],[14.17925,56.60579],[14.1792,56.60579],[14.17809,56.60595],[14.17809,56.60595],[14.17796,56.60617],[14.17639,56.60574],[14.17638,56.60574],[14.17638,56.60574],[14.17611,56.60583],[14.17611,56.60583],[14.17578,56.6068],[14.1756,56.60737],[14.1756,56.60738],[14.1756,56.60738],[14.17627,56.60744],[14.17645,56.60818]],[[14.17798,56.60654],[14.17868,56.6072],[14.1788,56.60804],[14.17929,56.60857],[14.17927,56.60862],[14.1792,56.60865],[14.17897,56.60867],[14.17897,56.60867],[14.17891,56.60871],[14.17848,56.6088],[14.17815,56.60866],[14.17815,56.60866],[14.17742,56.60876],[14.17714,56.60808],[14.17688,56.60731],[14.17677,56.60656],[14.17798,56.60654]]],[[[14.18896,56.60753],[14.1889,56.60759],[14.1889,56.60759],[14.1889,56.6076],[14.19179,56.61079],[14.1945,56.61375],[14.1945,56.61375],[14.19451,56.61375],[14.19575,56.61315],[14.19629,56.61189],[14.19635,56.61138],[14.19631,56.61071],[14.19595,56.6096],[14.19523,56.60873],[14.19495,56.60848],[14.19436,56.60822],[14.19361,56.6079],[14.19361,56.6079],[14.19361,56.6079],[14.19358,56.60792],[14.19333,56.60803],[14.19255,56.60836],[14.19231,56.60807],[14.19231,56.60807],[14.19171,56.6079],[14.19192,56.60776],[14.19205,56.60768],[14.19244,56.60771],[14.19244,56.60771],[14.1928,56.6075],[14.1928,56.6075],[14.1928,56.6075],[14.19272,56.60744],[14.19251,56.60732],[14.19202,56.60723],[14.19132,56.60724],[14.19108,56.60726],[14.19108,56.60726],[14.19108,56.60726],[14.19108,56.60726],[14.19126,56.60764],[14.19021,56.60756],[14.18945,56.60749],[14.18886,56.60742],[14.18886,56.60742],[14.18884,56.60742],[14.18884,56.60742],[14.18884,56.60742],[14.18884,56.60742],[14.18884,56.60742],[14.18888,56.60744],[14.18896,56.60753]]],[[[14.18594,56.61181],[14.18682,56.61358],[14.18774,56.61541],[14.18774,56.61541],[14.18774,56.61541],[14.18774,56.61541],[14.18804,56.61524],[14.1882,56.61508],[14.18837,56.61494],[14.1885,56.61482],[14.18872,56.61468],[14.18887,56.61453],[14.189,56.61447],[14.18912,56.61438],[14.18924,56.6143],[14.18935,56.6142],[14.18938,56.61415],[14.19164,56.61465],[14.19234,56.61503],[14.19439,56.61569],[14.1958,56.61561],[14.1958,56.61561],[14.1958,56.61561],[14.1958,56.61561],[14.19336,56.61285],[14.19335,56.61285],[14.19335,56.61285],[14.19317,56.61284],[14.193,56.61267],[14.19314,56.61259],[14.19314,56.61259],[14.19314,56.61259],[14.19307,56.61248],[14.19306,56.61248],[14.19306,56.61248],[14.19306,56.61248],[14.19306,56.61248],[14.19265,56.61302],[14.19183,56.61321],[14.19075,56.6127],[14.19123,56.61227],[14.19255,56.61191],[14.19256,56.6119],[14.19256,56.6119],[14.19225,56.6116],[14.19204,56.61146],[14.19206,56.61136],[14.19206,56.61136],[14.18852,56.60749],[14.18852,56.60749],[14.18852,56.60749],[14.18852,56.60749],[14.18824,56.60763],[14.18824,56.60763],[14.18821,56.60789],[14.18812,56.60869],[14.18807,56.60904],[14.18801,56.60959],[14.18797,56.60976],[14.18783,56.60985],[14.1876,56.60994],[14.18748,56.60996],[14.18727,56.61006],[14.18698,56.61015],[14.18666,56.6103],[14.18636,56.6104],[14.18604,56.61069],[14.18583,56.6109],[14.18563,56.61103],[14.18556,56.61108],[14.18554,56.61098],[14.18538,56.61087],[14.18531,56.61083],[14.18529,56.61074],[14.18525,56.61063],[14.18513,56.61037],[14.18503,56.61018],[14.18499,56.61004],[14.18498,56.60979],[14.18502,56.60961],[14.18505,56.60948],[14.18506,56.60935],[14.18511,56.60927],[14.18511,56.60927],[14.18511,56.60927],[14.18511,56.60927],[14.18511,56.60927],[14.18503,56.6093],[14.18453,56.60953],[14.1841,56.60964],[14.18343,56.60981],[14.1832,56.60991],[14.18205,56.61012],[14.18172,56.61016],[14.18172,56.61016],[14.18172,56.61016],[14.18173,56.61027],[14.18175,56.61049],[14.1818,56.61074],[14.18187,56.611],[14.18212,56.61155],[14.18216,56.61165],[14.18216,56.61165],[14.18216,56.61165],[14.18409,56.61142],[14.1852,56.61135],[14.18594,56.61181]]]]},"properties":{"NVRID":"2014758","NAMN":"Stenbrohult","SKYDDSTYP":"Naturreservat","LAN":"Kronobergs Län","KOMMUN":"Älmhult","IUCNKATEGORI":"IV, Habitat/Artskyddsområde (Habitat/Species Management Area)","FORVALTARE":"Länsstyrelsen i Kronobergs län","AREA_HA":56.773,"URSPR_BESLUTSDATUM":""}},{"type":"Feature","geometry":{"type":"Polygon","coordinates":[[[14.91216,56.89127],[14.91048,56.89262],[14.90942,56.89392],[14.90942,56.89392],[14.90942,56.89392],[14.91182,56.89427],[14.9126,56.89437],[14.91405,56.8943],[14.91755,56.89458],[14.91797,56.89469],[14.91864,56.89497],[14.91928,56.89515],[14.91928,56.89515],[14.91928,56.89515],[14.9194,56.8951],[14.92032,56.89514],[14.92039,56.89526],[14.92039,56.89526],[14.9233,56.896],[14.92369,56.89601],[14.92394,56.89592],[14.92477,56.89559],[14.9248,56.89558],[14.92533,56.89535],[14.92599,56.89498],[14.92659,56.89443],[14.92671,56.8941],[14.92669,56.89387],[14.92647,56.8925],[14.92643,56.89018],[14.92712,56.88843],[14.92712,56.88843],[14.92712,56.88842],[14.9234,56.88755],[14.92286,56.88742],[14.92169,56.88715],[14.92169,56.88715],[14.92169,56.88715],[14.92169,56.88715],[14.92135,56.88848],[14.92037,56.89078],[14.91978,56.89099],[14.91731,56.89183],[14.91637,56.89137],[14.91557,56.89103],[14.91476,56.89072],[14.91406,56.89042],[14.91311,56.89028],[14.91271,56.89031],[14.91181,56.89057],[14.9118,56.89057],[14.9118,56.89057],[14.9118,56.89057],[14.91216,56.89127]],[[14.91594,56.89227],[14.91641,56.89212],[14.91683,56.89252],[14.91634,56.89267],[14.91594,56.89227]],[[14.92016,56.89405],[14.9205,56.89411],[14.92093,56.89408],[14.92093,56.89408],[14.92125,56.89397],[14.92135,56.89432],[14.92097,56.89441],[14.92018,56.89438],[14.92016,56.89405]],[[14.91741,56.89407],[14.91768,56.89309],[14.91834,56.89306],[14.91904,56.8934],[14.9185,56.89407],[14.91741,56.89407]]]},"properties":{"NVRID":"2004564","NAMN":"Gårdsby och Hemmesjö Bökeskog","SKYDDSTYP":"Naturreservat","LAN":"Kronobergs Län","KOMMUN":"Växjö","IUCNKATEGORI":"Ia, Strikt naturreservat (Strict Nature Reserve)","FORVALTARE":"Länsstyrelsen i Kronobergs län","AREA_HA":53.642,"URSPR_BESLUTSDATUM":""}},{"type":"Feature","geometry":{"type":"Polygon","coordinates":[[[13.64189,56.78968],[13.6396,56.79214],[13.6396,56.79214],[13.64036,56.79298],[13.64126,56.79398],[13.64239,56.79523],[13.643,56.79591],[13.643,56.79591],[13.643,56.79591],[13.64465,56.79585],[13.64578,56.79582],[13.6478,56.79575],[13.64929,56.7956],[13.64976,56.79645],[13.65455,56.80153],[13.65455,56.80153],[13.65455,56.80153],[13.65455,56.80153],[13.66084,56.79684],[13.66084,56.79684],[13.66084,56.79684],[13.64639,56.78757],[13.64639,56.78757],[13.64599,56.78761],[13.64357,56.78794],[13.64338,56.78798],[13.64338,56.78798],[13.64325,56.78825],[13.6433,56.78833],[13.6433,56.78833],[13.64347,56.78838],[13.6436,56.78847],[13.64377,56.78854],[13.64398,56.78869],[13.64406,56.78878],[13.64408,56.78885],[13.64409,56.78892],[13.64411,56.78895],[13.64189,56.78968]],[[13.64424,56.79398],[13.64573,56.79382],[13.64615,56.79451],[13.64549,56.79459],[13.64428,56.79454],[13.64424,56.79398]]]},"properties":{"NVRID":"2014554","NAMN":"Sundranäs","SKYDDSTYP":"Naturreservat","LAN":"Kronobergs Län","KOMMUN":"Ljungby","IUCNKATEGORI":"IV, Habitat/Artskyddsområde (Habitat/Species Management Area)","FORVALTARE":"Länsstyrelsen i Kronobergs län","AREA_HA":85.658,"URSPR_BESLUTSDATUM":""}},{"type":"Feature","geometry":{"type":"Polygon","coordinates":[[[13.69026,56.66244],[13.69026,56.66244],[13.69072,56.66298],[13.69072,56.66298],[13.69073,56.66298],[13.69135,56.6629],[13.69195,56.66264],[13.69297,56.66243],[13.69391,56.66224],[13.69391,56.66224],[13.69391,56.66224],[13.69399,56.66179],[13.69426,56.66149],[13.69463,56.66121],[13.69473,56.6611],[13.69473,56.66101],[13.69469,56.66092],[13.69476,56.6607],[13.69476,56.66069],[13.69476,56.66069],[13.69476,56.66069],[13.69397,56.66071],[13.69309,56.66072],[13.69265,56.66048],[13.69212,56.6602],[13.69125,56.65975],[13.69125,56.65975],[13.69125,56.65975],[13.69125,56.65975],[13.69116,56.65997],[13.69084,56.66083],[13.69046,56.66187],[13.69026,56.66244]]]},"properties":{"NVRID":"2002363","NAMN":"Nöttja bokskogs domänreservat","SKYDDSTYP":"Naturreservat","LAN":"Kronobergs Län","KOMMUN":"Ljungby","IUCNKATEGORI":"IV, Habitat/Artskyddsområde (Habitat/Species Management Area)","FORVALTARE":"Länsstyrelsen i Kronobergs län","AREA_HA":5.536,"URSPR_BESLUTSDATUM":""}},{"type":"Feature","geometry":{"type":"MultiPolygon","coordinates":[[[[13.74205,56.76814],[13.74222,56.76807],[13.74241,56.768],[13.74263,56.76798],[13.74279,56.76798],[13.7429,56.76797],[13.7429,56.76797],[13.74294,56.76795],[13.74294,56.76795],[13.74294,56.76795],[13.74292,56.76792],[13.74292,56.76792],[13.74271,56.76792],[13.74238,56.76793],[13.74179,56.76794],[13.74168,56.76794],[13.74132,56.76798],[13.74107,56.768],[13.74094,56.76802],[13.74094,56.76802],[13.74084,56.76809],[13.74084,56.76809],[13.74084,56.76811],[13.74085,56.76824],[13.74099,56.76854],[13.74107,56.76875],[13.74114,56.76896],[13.74112,56.76918],[13.74103,56.76938],[13.74088,56.76952],[13.74071,56.76963],[13.74057,56.76972],[13.74043,56.76978],[13.74036,56.76987],[13.74032,56.7701],[13.74034,56.77024],[13.7404,56.77031],[13.7404,56.77031],[13.74053,56.77034],[13.74053,56.77034],[13.74071,56.77033],[13.74085,56.7703],[13.74101,56.77026],[13.74122,56.77025],[13.74141,56.77026],[13.7416,56.77028],[13.74183,56.77028],[13.74183,56.77028],[13.74193,56.77025],[13.74202,56.77023],[13.74219,56.77024],[13.74219,56.77024],[13.74219,56.77024],[13.74219,56.77024],[13.74268,56.77042],[13.74289,56.77051],[13.74316,56.77058],[13.74345,56.7706],[13.74345,56.7706],[13.74351,56.77056],[13.74351,56.77056],[13.74351,56.77056],[13.74349,56.77052],[13.74334,56.77043],[13.74322,56.77036],[13.74314,56.77031],[13.74315,56.77023],[13.74334,56.77014],[13.74356,56.77011],[13.74386,56.77013],[13.74408,56.77017],[13.74418,56.77026],[13.74419,56.77034],[13.74419,56.77034],[13.74431,56.77041],[13.74432,56.77041],[13.74458,56.77039],[13.74481,56.77036],[13.74514,56.77037],[13.74545,56.7704],[13.74578,56.77046],[13.74609,56.77047],[13.7462,56.77045],[13.7464,56.77043],[13.74666,56.77043],[13.74683,56.77041],[13.74713,56.77039],[13.74735,56.77037],[13.74751,56.77037],[13.74768,56.77036],[13.74768,56.77036],[13.74775,56.77033],[13.74776,56.77033],[13.74776,56.77033],[13.74773,56.7703],[13.74764,56.77028],[13.74742,56.7703],[13.74712,56.77035],[13.74681,56.77036],[13.74656,56.77033],[13.74638,56.77029],[13.74625,56.77022],[13.74616,56.77013],[13.74603,56.77006],[13.74591,56.77001],[13.74581,56.76999],[13.74566,56.76999],[13.74543,56.76999],[13.74523,56.76999],[13.7451,56.76995],[13.74513,56.76988],[13.74523,56.76984],[13.74536,56.76978],[13.74541,56.76973],[13.74545,56.76967],[13.74556,56.76962],[13.74559,56.76957],[13.74559,56.76957],[13.74559,56.76957],[13.74552,56.76953],[13.74539,56.76952],[13.74527,56.76949],[13.74513,56.76949],[13.745,56.76952],[13.74494,56.76956],[13.74491,56.76963],[13.74483,56.7697],[13.74472,56.76973],[13.74457,56.76976],[13.7444,56.7698],[13.74421,56.76981],[13.74399,56.76982],[13.74377,56.76984],[13.74363,56.76987],[13.74346,56.76992],[13.74323,56.76994],[13.74291,56.76993],[13.74277,56.76993],[13.74266,56.76989],[13.74265,56.76976],[13.74266,56.76965],[13.74262,56.76958],[13.74262,56.76958],[13.74254,56.76954],[13.7424,56.76951],[13.74223,56.76952],[13.74211,56.76955],[13.74201,56.76955],[13.74196,56.76952],[13.74207,56.76945],[13.74222,56.76942],[13.7424,56.76942],[13.74258,56.76947],[13.74274,56.76949],[13.74274,56.76949],[13.74281,56.76946],[13.74286,56.76945],[13.74301,56.76937],[13.74309,56.7693],[13.7431,56.7693],[13.74309,56.76921],[13.74303,56.76913],[13.74303,56.76904],[13.74311,56.76896],[13.74317,56.76889],[13.74321,56.76878],[13.74319,56.76865],[13.74318,56.76863],[13.74317,56.76856],[13.74314,56.76846],[13.74316,56.76839],[13.74313,56.76831],[13.74303,56.76824],[13.74283,56.76819],[13.74264,56.76821],[13.74249,56.76829],[13.74244,56.76838],[13.74244,56.76844],[13.74245,56.76848],[13.74246,56.76855],[13.74237,56.76857],[13.7422,56.76847],[13.74198,56.76826],[13.74205,56.76814]]],[[[13.72723,56.75716],[13.72723,56.75718],[13.7271,56.75727],[13.72702,56.75746],[13.72684,56.7577],[13.72682,56.75776],[13.72678,56.75779],[13.72666,56.758],[13.72656,56.75812],[13.72623,56.75866],[13.72614,56.75882],[13.72612,56.7589],[13.72606,56.75896],[13.72607,56.75903],[13.72613,56.75909],[13.72613,56.75923],[13.72627,56.75935],[13.72628,56.75939],[13.72627,56.75948],[13.72632,56.75953],[13.72636,56.75971],[13.72714,56.76115],[13.727,56.76155],[13.72749,56.76191],[13.72769,56.76227],[13.72859,56.76305],[13.73024,56.76399],[13.73059,56.76519],[13.73059,56.76519],[13.73059,56.76519],[13.73059,56.76519],[13.73065,56.76519],[13.73081,56.76519],[13.73093,56.76515],[13.73107,56.76515],[13.7313,56.76517],[13.73158,56.76515],[13.73174,56.76512],[13.73218,56.76509],[13.73257,56.76508],[13.7328,56.7651],[13.73303,56.76516],[13.73325,56.76524],[13.73339,56.76532],[13.73353,56.76542],[13.73363,56.76552],[13.73375,56.76568],[13.73383,56.7658],[13.73385,56.76591],[13.73387,56.76604],[13.73391,56.76617],[13.73404,56.76627],[13.73413,56.76632],[13.73423,56.76641],[13.73435,56.7665],[13.73469,56.76665],[13.73521,56.76683],[13.73554,56.76694],[13.73572,56.76696],[13.73597,56.76695],[13.73612,56.76691],[13.73622,56.76687],[13.73648,56.76681],[13.73671,56.76676],[13.73697,56.76669],[13.73733,56.76664],[13.73776,56.7666],[13.73808,56.76659],[13.73827,56.76654],[13.73842,56.76651],[13.7386,56.76654],[13.73885,56.76663],[13.73909,56.76672],[13.73929,56.76683],[13.73937,56.76693],[13.73938,56.76702],[13.73941,56.76713],[13.73949,56.76725],[13.73959,56.7673],[13.73976,56.76736],[13.74,56.76747],[13.74012,56.76756],[13.74032,56.76767],[13.74049,56.7678],[13.74063,56.76788],[13.74079,56.76788],[13.74096,56.76785],[13.74113,56.76785],[13.74129,56.76786],[13.7415,56.76786],[13.74188,56.76784],[13.74215,56.76784],[13.74249,56.76783],[13.74285,56.76782],[13.74317,56.76778],[13.74331,56.76776],[13.74331,56.76776],[13.74337,56.76771],[13.74347,56.76761],[13.74356,56.76754],[13.7438,56.76742],[13.74403,56.76727],[13.74424,56.76712],[13.74442,56.76695],[13.74448,56.76681],[13.74446,56.76668],[13.74434,56.76654],[13.74421,56.7664],[13.74409,56.76628],[13.7439,56.76611],[13.74377,56.76599],[13.74373,56.76581],[13.74375,56.76566],[13.74376,56.76548],[13.7437,56.76536],[13.74374,56.76525],[13.74376,56.76507],[13.7437,56.76504],[13.74357,56.76502],[13.74337,56.76498],[13.7432,56.76495],[13.74311,56.76488],[13.74296,56.7648],[13.74292,56.76467],[13.74297,56.76446],[13.74302,56.7644],[13.74299,56.76435],[13.74291,56.76433],[13.7429,56.76423],[13.74297,56.76416],[13.74301,56.76409],[13.74301,56.76409],[13.74294,56.76405],[13.74287,56.76399],[13.74284,56.76393],[13.74291,56.76382],[13.743,56.76373],[13.74312,56.7637],[13.74315,56.76367],[13.74313,56.76358],[13.74313,56.76357],[13.74307,56.76354],[13.74312,56.76342],[13.74322,56.76333],[13.74331,56.76331],[13.74348,56.76323],[13.74365,56.76318],[13.74365,56.76318],[13.74369,56.76312],[13.74374,56.76305],[13.74373,56.76296],[13.74383,56.76282],[13.74392,56.76272],[13.74411,56.76258],[13.74414,56.76249],[13.7441,56.7624],[13.74404,56.76226],[13.74411,56.7622],[13.74424,56.76217],[13.74438,56.76214],[13.74447,56.76201],[13.74456,56.76197],[13.74467,56.76193],[13.74467,56.76193],[13.74467,56.76181],[13.74462,56.76173],[13.74457,56.76164],[13.74464,56.76152],[13.74467,56.76148],[13.74478,56.76142],[13.74488,56.76137],[13.74504,56.76132],[13.74511,56.76131],[13.74532,56.76128],[13.74551,56.76132],[13.7457,56.76135],[13.7457,56.76135],[13.74585,56.76133],[13.74585,56.76133],[13.74599,56.76126],[13.74606,56.76116],[13.74618,56.76111],[13.74649,56.76112],[13.74674,56.76118],[13.74704,56.7612],[13.74714,56.76124],[13.7472,56.76126],[13.74733,56.76137],[13.74735,56.76147],[13.74727,56.76152],[13.74718,56.76154],[13.74718,56.76154],[13.74718,56.76164],[13.74718,56.76164],[13.74731,56.76169],[13.74743,56.76169],[13.74745,56.76174],[13.74749,56.76178],[13.7475,56.76178],[13.7475,56.76178],[13.74759,56.76175],[13.74769,56.76178],[13.74778,56.76184],[13.74778,56.76184],[13.74779,56.76184],[13.74886,56.76145],[13.74913,56.76135],[13.74914,56.76135],[13.74914,56.76135],[13.74898,56.76057],[13.74894,56.76049],[13.74888,56.76039],[13.74879,56.76023],[13.74876,56.76001],[13.7487,56.75988],[13.74852,56.75968],[13.74822,56.75937],[13.74736,56.75857],[13.74732,56.75853],[13.74718,56.7584],[13.74697,56.75828],[13.74687,56.75823],[13.74652,56.75808],[13.74637,56.75801],[13.74634,56.75799],[13.74627,56.75796],[13.74621,56.75792],[13.74614,56.75785],[13.74603,56.75776],[13.74533,56.75723],[13.74518,56.75713],[13.74475,56.75682],[13.74457,56.75668],[13.74384,56.75614],[13.74347,56.75592],[13.74347,56.75592],[13.73777,56.75568],[13.73381,56.75556],[13.73054,56.75551],[13.72689,56.75549],[13.72689,56.75549],[13.72689,56.75549],[13.7269,56.75558],[13.7269,56.75571],[13.72693,56.75582],[13.72698,56.75589],[13.72698,56.75589],[13.72698,56.75589],[13.72745,56.75581],[13.72751,56.75592],[13.72747,56.75606],[13.72752,56.75612],[13.72753,56.75622],[13.72749,56.75629],[13.72747,56.75644],[13.72759,56.75662],[13.7276,56.75672],[13.72759,56.75679],[13.72748,56.75689],[13.72737,56.75694],[13.72724,56.75701],[13.72715,56.75704],[13.72715,56.75704],[13.72714,56.75712],[13.72714,56.75712],[13.72714,56.75712],[13.72717,56.75712],[13.72723,56.75716]]],[[[13.70666,56.72833],[13.70666,56.72833],[13.70666,56.72833],[13.70671,56.72854],[13.70671,56.72854],[13.70971,56.72987],[13.71005,56.73016],[13.71096,56.73097],[13.71043,56.73151],[13.70929,56.73245],[13.70898,56.73258],[13.70898,56.73258],[13.70913,56.73299],[13.70913,56.73299],[13.70913,56.73299],[13.70927,56.73299],[13.71053,56.73371],[13.711,56.73382],[13.71202,56.7343],[13.71337,56.73514],[13.71429,56.73563],[13.71414,56.73589],[13.71407,56.73643],[13.71399,56.73652],[13.71356,56.73672],[13.71293,56.73688],[13.71193,56.73706],[13.71045,56.73731],[13.71045,56.73731],[13.71045,56.73731],[13.71318,56.73895],[13.71439,56.73967],[13.7152,56.741],[13.71577,56.74194],[13.71637,56.74295],[13.71708,56.74412],[13.71728,56.74502],[13.71709,56.74591],[13.71709,56.74591],[13.71795,56.74632],[13.71929,56.74745],[13.72157,56.74791],[13.72213,56.74862],[13.72049,56.74901],[13.72049,56.74901],[13.72049,56.74901],[13.72212,56.75051],[13.72383,56.75101],[13.72392,56.75116],[13.72428,56.7514],[13.72428,56.75173],[13.72442,56.75231],[13.72398,56.75308],[13.72398,56.75308],[13.72514,56.75374],[13.72433,56.75493],[13.72433,56.75493],[13.72433,56.75493],[13.72433,56.75493],[13.72433,56.75493],[13.72676,56.75489],[13.72677,56.75489],[13.72677,56.75489],[13.72677,56.75489],[13.72673,56.75474],[13.72654,56.75448],[13.72656,56.75447],[13.72796,56.75384],[13.72796,56.75384],[13.72796,56.75384],[13.72719,56.75308],[13.72739,56.75277],[13.72806,56.7528],[13.72831,56.753],[13.72831,56.753],[13.73013,56.75299],[13.73015,56.7532],[13.73015,56.7532],[13.73015,56.7532],[13.73015,56.7532],[13.73241,56.75296],[13.73331,56.75274],[13.73515,56.75275],[13.73532,56.7527],[13.73573,56.75265],[13.736,56.75262],[13.73654,56.75256],[13.73693,56.75251],[13.73712,56.75248],[13.73744,56.75247],[13.73768,56.75251],[13.73774,56.75251],[13.73799,56.75253],[13.73819,56.75251],[13.73842,56.75242],[13.7386,56.7523],[13.73881,56.75214],[13.73883,56.75212],[13.73912,56.75203],[13.73949,56.75195],[13.73992,56.75194],[13.74035,56.75196],[13.74075,56.75198],[13.74095,56.75197],[13.74095,56.75197],[13.74095,56.75197],[13.74095,56.75197],[13.73989,56.75083],[13.74043,56.75063],[13.74043,56.75062],[13.74043,56.75062],[13.73995,56.75006],[13.73954,56.74958],[13.73842,56.74745],[13.73794,56.7464],[13.74543,56.74397],[13.74543,56.74397],[13.74543,56.74397],[13.74026,56.73924],[13.74102,56.73706],[13.74274,56.73642],[13.74274,56.73642],[13.74274,56.73642],[13.74035,56.73378],[13.73915,56.72982],[13.73768,56.72695],[13.73867,56.72492],[13.73871,56.72482],[13.73859,56.72327],[13.73829,56.72244],[13.73879,56.7215],[13.73812,56.7203],[13.73898,56.71981],[13.73898,56.71981],[13.73829,56.7189],[13.73855,56.71878],[13.73857,56.71853],[13.73857,56.71853],[13.73857,56.71853],[13.73718,56.71815],[13.73776,56.71741],[13.73809,56.7172],[13.73809,56.7172],[13.73801,56.71566],[13.7383,56.7153],[13.73851,56.71491],[13.7386,56.71472],[13.73874,56.71435],[13.73889,56.71405],[13.73912,56.71345],[13.73982,56.71318],[13.74071,56.71213],[13.74071,56.71213],[13.7405,56.71185],[13.7405,56.71185],[13.74029,56.71177],[13.7399,56.71164],[13.73958,56.71154],[13.73922,56.71144],[13.73893,56.71135],[13.73893,56.71135],[13.73855,56.71145],[13.73825,56.71151],[13.73786,56.71152],[13.73766,56.71153],[13.73737,56.71158],[13.73708,56.71155],[13.73678,56.71152],[13.73643,56.71151],[13.73616,56.71149],[13.73593,56.71141],[13.73573,56.71132],[13.73557,56.71121],[13.7354,56.71103],[13.73568,56.71072],[13.73568,56.71072],[13.73303,56.70838],[13.73583,56.70682],[13.73583,56.70682],[13.73583,56.70682],[13.7352,56.70598],[13.7352,56.70598],[13.7352,56.70598],[13.73496,56.70606],[13.73479,56.70583],[13.735,56.70577],[13.735,56.70577],[13.735,56.70577],[13.73475,56.70546],[13.73463,56.70535],[13.73463,56.70535],[13.73463,56.70535],[13.73173,56.70668],[13.72996,56.70782],[13.72882,56.70855],[13.72806,56.70829],[13.72731,56.70804],[13.72666,56.70781],[13.72611,56.70762],[13.72541,56.70738],[13.72474,56.70715],[13.72384,56.70684],[13.72331,56.70666],[13.72331,56.70666],[13.72331,56.70666],[13.72256,56.70714],[13.72121,56.70783],[13.72042,56.70814],[13.72013,56.70838],[13.72013,56.70838],[13.72028,56.70854],[13.72015,56.70863],[13.7199,56.70862],[13.7199,56.70862],[13.7199,56.70862],[13.71956,56.70884],[13.71907,56.70929],[13.7184,56.70959],[13.71797,56.70973],[13.71598,56.71007],[13.71536,56.71023],[13.71398,56.71093],[13.71283,56.71152],[13.71224,56.71192],[13.71224,56.71192],[13.71224,56.71192],[13.71655,56.71391],[13.71887,56.71496],[13.71848,56.71524],[13.71848,56.71524],[13.71848,56.71524],[13.71966,56.71571],[13.72164,56.7165],[13.72403,56.71744],[13.72403,56.71744],[13.72403,56.71744],[13.72476,56.71703],[13.72543,56.71768],[13.72478,56.71856],[13.72478,56.71856],[13.72701,56.72143],[13.72479,56.72347],[13.72324,56.72442],[13.72322,56.72443],[13.71906,56.72366],[13.71906,56.72366],[13.71748,56.7243],[13.71748,56.7243],[13.71716,56.7247],[13.71748,56.72515],[13.71716,56.72582],[13.71678,56.72611],[13.71332,56.72569],[13.71332,56.72569],[13.71332,56.72569],[13.71225,56.72765],[13.71124,56.728],[13.7087,56.72683],[13.7087,56.72683],[13.7079,56.72684],[13.70789,56.72684],[13.70789,56.72684],[13.70874,56.72827],[13.70874,56.72827],[13.70666,56.72833]]]]},"properties":{"NVRID":"2014867","NAMN":"Flymossen","SKYDDSTYP":"Naturreservat","LAN":"Kronobergs Län","KOMMUN":"Ljungby","IUCNKATEGORI":"IV, Habitat/Artskyddsområde (Habitat/Species Management Area)","FORVALTARE":"Länsstyrelsen i Kronobergs län","AREA_HA":824.54,"URSPR_BESLUTSDATUM":""}},{"type":"Feature","geometry":{"type":"Polygon","coordinates":[[[13.6517,56.67567],[13.6517,56.67567],[13.6517,56.67567],[13.65191,56.67576],[13.65211,56.67598],[13.65199,56.67618],[13.65223,56.6768],[13.65223,56.6768],[13.65223,56.6768],[13.65281,56.67679],[13.65281,56.67679],[13.65643,56.67341],[13.65643,56.67341],[13.65643,56.67341],[13.6564,56.6734],[13.65631,56.67338],[13.65589,56.67327],[13.6557,56.67307],[13.65543,56.67289],[13.65543,56.67289],[13.65507,56.67285],[13.65466,56.67288],[13.65466,56.67288],[13.65465,56.67289],[13.65332,56.67436],[13.65332,56.67436],[13.65335,56.67469],[13.65247,56.67518],[13.6517,56.67567]]]},"properties":{"NVRID":"2002369","NAMN":"Nöttja Urskogs domänreservat","SKYDDSTYP":"Naturreservat","LAN":"Kronobergs Län","KOMMUN":"Ljungby","IUCNKATEGORI":"Ia, Strikt naturreservat (Strict Nature Reserve)","FORVALTARE":"Länsstyrelsen i Kronobergs län","AREA_HA":4.753,"URSPR_BESLUTSDATUM":""}},{"type":"Feature","geometry":{"type":"Polygon","coordinates":[[[14.29009,56.82746],[14.29013,56.82748],[14.29015,56.82751],[14.29017,56.82754],[14.29016,56.82758],[14.29014,56.82763],[14.29008,56.82771],[14.29,56.82778],[14.28985,56.8279],[14.28963,56.82808],[14.28953,56.82814],[14.28948,56.82818],[14.28935,56.82832],[14.28928,56.82842],[14.28927,56.82847],[14.28926,56.82861],[14.28927,56.82867],[14.28929,56.82872],[14.28934,56.82882],[14.28942,56.82892],[14.28952,56.82902],[14.28959,56.82906],[14.28966,56.8291],[14.28974,56.82913],[14.28984,56.82914],[14.28994,56.82916],[14.29011,56.82918],[14.29027,56.82923],[14.29037,56.82925],[14.29046,56.82926],[14.29053,56.82925],[14.2906,56.82923],[14.29073,56.82919],[14.29087,56.82915],[14.29093,56.82912],[14.29097,56.82909],[14.29109,56.82899],[14.29115,56.82896],[14.29123,56.82895],[14.29131,56.82896],[14.29138,56.82898],[14.29143,56.82902],[14.29152,56.82909],[14.29156,56.82913],[14.29156,56.82913],[14.29156,56.82913],[14.29222,56.82893],[14.29374,56.82857],[14.29436,56.8284],[14.29477,56.8283],[14.29525,56.8282],[14.29576,56.82818],[14.29638,56.82816],[14.29705,56.82819],[14.29792,56.82818],[14.29849,56.82818],[14.29912,56.82817],[14.29955,56.82821],[14.29997,56.82826],[14.3003,56.82827],[14.30032,56.82827],[14.30032,56.82827],[14.30032,56.82827],[14.30032,56.82827],[14.30032,56.82824],[14.3002,56.82712],[14.3002,56.82712],[14.3002,56.82712],[14.29973,56.82709],[14.29975,56.82561],[14.30063,56.82531],[14.30217,56.82435],[14.30217,56.82435],[14.30148,56.8226],[14.30385,56.82259],[14.30385,56.82259],[14.30385,56.82259],[14.30397,56.82132],[14.3093,56.82125],[14.3093,56.82125],[14.3093,56.82125],[14.3093,56.82125],[14.30908,56.82103],[14.30905,56.82093],[14.30905,56.82084],[14.30912,56.8207],[14.30915,56.82065],[14.30915,56.82065],[14.30914,56.82056],[14.30903,56.82041],[14.30901,56.82033],[14.30902,56.82025],[14.30915,56.81986],[14.30921,56.81973],[14.30929,56.81964],[14.30942,56.81953],[14.30949,56.81943],[14.30955,56.81928],[14.30957,56.81926],[14.30957,56.81926],[14.30945,56.8191],[14.30945,56.81901],[14.30948,56.81897],[14.30948,56.81897],[14.30947,56.81897],[14.30947,56.81897],[14.30932,56.81894],[14.30932,56.81894],[14.30845,56.81904],[14.30756,56.81836],[14.30739,56.8179],[14.30739,56.8179],[14.30739,56.8179],[14.30369,56.81823],[14.30049,56.81919],[14.29573,56.81896],[14.29573,56.81896],[14.29573,56.81896],[14.29553,56.81975],[14.29547,56.82076],[14.2952,56.82134],[14.29553,56.82216],[14.29545,56.82292],[14.29528,56.82304],[14.29528,56.82304],[14.29541,56.82336],[14.29544,56.82342],[14.29166,56.8238],[14.29165,56.82381],[14.29122,56.82419],[14.29122,56.82419],[14.29122,56.82425],[14.29122,56.82425],[14.29122,56.82425],[14.29128,56.82427],[14.29144,56.82433],[14.2919,56.82445],[14.29209,56.8245],[14.29234,56.82452],[14.29258,56.82459],[14.29266,56.8246],[14.29274,56.82462],[14.2928,56.82466],[14.29282,56.82474],[14.29278,56.82477],[14.29268,56.82484],[14.2926,56.8249],[14.2925,56.825],[14.2924,56.8251],[14.29238,56.82511],[14.29229,56.82511],[14.29219,56.8251],[14.29219,56.8251],[14.29204,56.82513],[14.29189,56.82518],[14.29189,56.82518],[14.29186,56.82532],[14.29172,56.82543],[14.29166,56.82546],[14.29153,56.82552],[14.29103,56.82553],[14.29098,56.82546],[14.2909,56.82542],[14.2909,56.82542],[14.29071,56.82541],[14.29065,56.82543],[14.29043,56.82552],[14.29036,56.82554],[14.29023,56.82558],[14.29012,56.82564],[14.29003,56.8257],[14.28999,56.82574],[14.28997,56.82578],[14.28996,56.82582],[14.28997,56.8259],[14.28994,56.82595],[14.2899,56.82599],[14.28985,56.82604],[14.28969,56.82615],[14.28964,56.8262],[14.28956,56.82629],[14.28954,56.82634],[14.28953,56.82638],[14.28953,56.82647],[14.28957,56.82661],[14.28972,56.8269],[14.28975,56.82695],[14.28987,56.8271],[14.28992,56.82719],[14.28993,56.82723],[14.28991,56.82727],[14.28989,56.82731],[14.28988,56.82736],[14.28989,56.8274],[14.28993,56.82743],[14.28998,56.82744],[14.29009,56.82746]],[[14.29579,56.82332],[14.29891,56.8229],[14.29911,56.82336],[14.29812,56.8237],[14.29763,56.82414],[14.29581,56.82397],[14.29579,56.82332]]]},"properties":{"NVRID":"2021050","NAMN":"Kroxnäs","SKYDDSTYP":"Naturreservat","LAN":"Kronobergs Län","KOMMUN":"Alvesta, Ljungby","IUCNKATEGORI":"Ia, Strikt naturreservat (Strict Nature Reserve)","FORVALTARE":"Länsstyrelsen i Kronobergs län","AREA_HA":67.878,"URSPR_BESLUTSDATUM":""}},{"type":"Feature","geometry":{"type":"Polygon","coordinates":[[[14.04688,56.77316],[14.04608,56.7728],[14.04608,56.7728],[14.04608,56.7728],[14.0444,56.7738],[14.0444,56.7738],[14.0444,56.7738],[14.0444,56.7738],[14.05066,56.77702],[14.04929,56.77898],[14.04848,56.78013],[14.04848,56.78013],[14.05025,56.78112],[14.05042,56.78123],[14.05056,56.78135],[14.05066,56.78149],[14.0509,56.782],[14.05103,56.78219],[14.05136,56.78254],[14.05155,56.7827],[14.05129,56.783],[14.05106,56.7832],[14.05079,56.78337],[14.05055,56.78351],[14.05055,56.78351],[14.05055,56.78351],[14.05206,56.78455],[14.05206,56.78455],[14.0538,56.78451],[14.05671,56.78494],[14.05868,56.78579],[14.05882,56.78625],[14.05882,56.78626],[14.0609,56.78728],[14.0609,56.78728],[14.06133,56.78732],[14.06341,56.78824],[14.06396,56.78887],[14.06336,56.79069],[14.06336,56.79069],[14.06336,56.79069],[14.0643,56.79106],[14.06458,56.79117],[14.0648,56.79121],[14.06541,56.79128],[14.06579,56.79137],[14.06612,56.7915],[14.06641,56.7917],[14.0668,56.79217],[14.0668,56.79217],[14.06691,56.7922],[14.06876,56.79216],[14.06948,56.79212],[14.06988,56.79209],[14.07016,56.79209],[14.07104,56.79223],[14.07151,56.79228],[14.07187,56.79229],[14.07221,56.79229],[14.07282,56.79227],[14.07316,56.79224],[14.07348,56.7922],[14.07385,56.79212],[14.07403,56.79203],[14.07429,56.79189],[14.0746,56.79182],[14.07576,56.79171],[14.07606,56.79165],[14.07647,56.79148],[14.0769,56.79118],[14.07726,56.79103],[14.07779,56.79085],[14.07881,56.79058],[14.07909,56.79046],[14.07949,56.79027],[14.07977,56.79004],[14.07993,56.78992],[14.08054,56.78963],[14.08079,56.78958],[14.08107,56.78955],[14.08202,56.78957],[14.08238,56.78954],[14.08264,56.78948],[14.08298,56.78937],[14.08334,56.78929],[14.08334,56.78929],[14.08334,56.78929],[14.08334,56.78929],[14.08076,56.7858],[14.0815,56.7845],[14.08274,56.78453],[14.08439,56.78499],[14.08439,56.78499],[14.08439,56.78499],[14.08511,56.78318],[14.08484,56.78159],[14.08583,56.7816],[14.08583,56.7816],[14.08605,56.78139],[14.08611,56.78107],[14.08995,56.78177],[14.08995,56.78177],[14.08995,56.78177],[14.08995,56.78177],[14.08995,56.78177],[14.08978,56.78154],[14.08944,56.78107],[14.08883,56.78049],[14.08773,56.77972],[14.08773,56.77972],[14.08773,56.77972],[14.08762,56.77974],[14.08747,56.77936],[14.08807,56.77925],[14.08807,56.77925],[14.08807,56.77925],[14.08802,56.7792],[14.08791,56.77904],[14.08778,56.77881],[14.08768,56.77862],[14.08759,56.77838],[14.08753,56.77821],[14.08738,56.77768],[14.08731,56.7775],[14.08719,56.77723],[14.08684,56.7766],[14.0865,56.7761],[14.08601,56.77556],[14.086,56.77556],[14.08556,56.77518],[14.08519,56.77497],[14.0847,56.77465],[14.0843,56.77435],[14.08403,56.77424],[14.08359,56.77417],[14.08306,56.77415],[14.08238,56.77428],[14.08183,56.7744],[14.08145,56.7744],[14.08111,56.77439],[14.0803,56.77418],[14.07932,56.77386],[14.07878,56.7737],[14.07812,56.77358],[14.07764,56.77346],[14.0772,56.77329],[14.07682,56.77307],[14.07648,56.77289],[14.07602,56.77269],[14.07571,56.77253],[14.07555,56.77237],[14.07469,56.77159],[14.07446,56.77137],[14.0744,56.77129],[14.07431,56.77113],[14.07429,56.77091],[14.07432,56.77076],[14.07432,56.77076],[14.0733,56.77039],[14.0733,56.77039],[14.0733,56.77039],[14.0712,56.77105],[14.06984,56.77148],[14.06984,56.77148],[14.06984,56.77148],[14.06986,56.77189],[14.06985,56.772],[14.06978,56.77213],[14.06974,56.77217],[14.06957,56.77235],[14.06945,56.77249],[14.06917,56.77279],[14.06898,56.77292],[14.06859,56.77312],[14.06817,56.77332],[14.06771,56.77344],[14.06749,56.77349],[14.0673,56.7736],[14.0632,56.77297],[14.06235,56.77205],[14.06235,56.77205],[14.06235,56.77205],[14.06135,56.77218],[14.05999,56.77202],[14.05999,56.77202],[14.05999,56.77202],[14.05966,56.77243],[14.05942,56.77272],[14.05761,56.77251],[14.05761,56.77251],[14.05717,56.77277],[14.05717,56.77277],[14.05732,56.77318],[14.05654,56.77334],[14.05654,56.77334],[14.05654,56.77335],[14.05753,56.77486],[14.05703,56.77496],[14.05514,56.77429],[14.05514,56.77429],[14.05514,56.77429],[14.05394,56.77492],[14.05076,56.77122],[14.05076,56.77122],[14.05076,56.77122],[14.04817,56.77151],[14.04817,56.77151],[14.04688,56.77316]]]},"properties":{"NVRID":"2002376","NAMN":"Gölsjömyren","SKYDDSTYP":"Naturreservat","LAN":"Kronobergs Län","KOMMUN":"Ljungby","IUCNKATEGORI":"Ia, Strikt naturreservat (Strict Nature Reserve)","FORVALTARE":"Länsstyrelsen i Kronobergs län","AREA_HA":392.406,"URSPR_BESLUTSDATUM":""}},{"type":"Feature","geometry":{"type":"Polygon","coordinates":[[[15.39791,56.88747],[15.39777,56.88749],[15.39776,56.88749],[15.39776,56.88749],[15.39691,56.89338],[15.39691,56.89338],[15.39691,56.89338],[15.39692,56.89338],[15.39905,56.89307],[15.39986,56.89368],[15.40158,56.89432],[15.40994,56.89459],[15.41402,56.89364],[15.41402,56.89364],[15.41402,56.89364],[15.41244,56.89076],[15.41244,56.89076],[15.41051,56.89027],[15.40954,56.88865],[15.41082,56.88451],[15.41192,56.88421],[15.41217,56.88453],[15.41217,56.88453],[15.41217,56.88453],[15.41436,56.88437],[15.41599,56.88422],[15.4174,56.88465],[15.41984,56.88628],[15.41984,56.88628],[15.41985,56.88628],[15.42167,56.88565],[15.42408,56.88544],[15.42917,56.8874],[15.42917,56.8874],[15.43301,56.88731],[15.43301,56.88731],[15.43301,56.88731],[15.43301,56.88731],[15.43193,56.88522],[15.43228,56.88445],[15.43293,56.88438],[15.43769,56.88682],[15.4377,56.88682],[15.4377,56.88682],[15.44063,56.88579],[15.44063,56.88579],[15.44063,56.88579],[15.43775,56.88293],[15.4351,56.88114],[15.4351,56.88114],[15.43111,56.88026],[15.42996,56.87831],[15.43183,56.8776],[15.43183,56.87759],[15.43183,56.87759],[15.43019,56.87526],[15.43052,56.8745],[15.43052,56.87449],[15.42962,56.87315],[15.42958,56.8731],[15.42888,56.87269],[15.42851,56.8724],[15.42814,56.872],[15.428,56.87172],[15.42791,56.8714],[15.4279,56.87113],[15.4279,56.87113],[15.42774,56.87107],[15.42569,56.87028],[15.42502,56.87017],[15.42472,56.87006],[15.42472,56.87006],[15.42242,56.87048],[15.42242,56.87048],[15.42192,56.87094],[15.42118,56.87314],[15.41996,56.87322],[15.4184,56.87223],[15.41978,56.87179],[15.41978,56.87179],[15.41978,56.87179],[15.41978,56.87179],[15.41842,56.87136],[15.41717,56.87106],[15.41958,56.87044],[15.41958,56.87044],[15.41958,56.87043],[15.41904,56.86994],[15.41904,56.86994],[15.41771,56.86971],[15.41644,56.86957],[15.41659,56.86917],[15.41659,56.86917],[15.41659,56.86917],[15.41659,56.86917],[15.41628,56.86922],[15.41584,56.86922],[15.4156,56.86918],[15.41534,56.86915],[15.41505,56.86916],[15.41478,56.86921],[15.41478,56.86921],[15.41478,56.86921],[15.41478,56.86921],[15.41499,56.86943],[15.41472,56.86967],[15.4141,56.86988],[15.4141,56.86988],[15.41407,56.87009],[15.41405,56.8702],[15.41405,56.8702],[15.41456,56.8708],[15.41434,56.87102],[15.41419,56.87099],[15.41409,56.87101],[15.41399,56.87099],[15.41386,56.87101],[15.41364,56.87106],[15.41356,56.87115],[15.41343,56.87113],[15.41343,56.87113],[15.4132,56.87125],[15.41286,56.87112],[15.41286,56.87112],[15.41265,56.87114],[15.41247,56.87108],[15.41246,56.87094],[15.41266,56.87077],[15.41273,56.87059],[15.41273,56.87059],[15.41267,56.87044],[15.41274,56.87032],[15.41284,56.87021],[15.41295,56.87005],[15.41295,56.87005],[15.41295,56.87005],[15.4128,56.87003],[15.41162,56.86982],[15.411,56.86973],[15.41033,56.86961],[15.40984,56.86952],[15.40961,56.86944],[15.40961,56.86944],[15.40961,56.86944],[15.40921,56.86976],[15.40815,56.86943],[15.40803,56.86939],[15.40803,56.86939],[15.40803,56.86939],[15.40803,56.86939],[15.40751,56.86981],[15.40751,56.86981],[15.40819,56.87765],[15.40583,56.87719],[15.40583,56.87719],[15.40583,56.87719],[15.40574,56.88181],[15.40615,56.88267],[15.40615,56.88267],[15.40864,56.8828],[15.40913,56.88491],[15.40765,56.88585],[15.40207,56.88497],[15.402,56.88496],[15.402,56.88496],[15.402,56.88496],[15.40137,56.88575],[15.40057,56.88682],[15.40049,56.8869],[15.4003,56.88698],[15.39913,56.88704],[15.39874,56.88707],[15.39847,56.88714],[15.39824,56.8873],[15.39791,56.88747]]]},"properties":{"NVRID":"2002390","NAMN":"Visjön","SKYDDSTYP":"Naturreservat","LAN":"Kronobergs Län","KOMMUN":"Lessebo","IUCNKATEGORI":"Ia, Strikt naturreservat (Strict Nature Reserve)","FORVALTARE":"Länsstyrelsen i Kronobergs län","AREA_HA":339.672,"URSPR_BESLUTSDATUM":""}},{"type":"Feature","geometry":{"type":"MultiPolygon","coordinates":[[[[15.4685,56.82812],[15.46843,56.82813],[15.46838,56.82816],[15.46838,56.82816],[15.46838,56.82816],[15.46844,56.82821],[15.46859,56.8283],[15.46868,56.82833],[15.46884,56.82839],[15.46899,56.82845],[15.46914,56.8285],[15.46926,56.82851],[15.46935,56.82852],[15.46941,56.82851],[15.46941,56.82851],[15.46942,56.82847],[15.46945,56.82844],[15.46948,56.82841],[15.46946,56.82837],[15.46946,56.82837],[15.46938,56.82834],[15.46932,56.8283],[15.4693,56.82825],[15.46923,56.82819],[15.46918,56.82817],[15.46918,56.82817],[15.46918,56.82817],[15.46914,56.82819],[15.46907,56.82819],[15.46892,56.82817],[15.46885,56.82816],[15.46881,56.82815],[15.4688,56.82812],[15.4688,56.82812],[15.46873,56.82808],[15.46873,56.82808],[15.46867,56.82808],[15.46862,56.82811],[15.46856,56.82814],[15.4685,56.82812]]],[[[15.46792,56.83313],[15.46792,56.83313],[15.46792,56.83313],[15.46737,56.83007],[15.46737,56.83007],[15.46718,56.82995],[15.46701,56.82987],[15.46686,56.82984],[15.46676,56.82984],[15.46649,56.82991],[15.46637,56.82992],[15.46614,56.82994],[15.46598,56.82994],[15.46561,56.82995],[15.46552,56.82993],[15.46532,56.82985],[15.46532,56.82985],[15.46377,56.83032],[15.46325,56.83042],[15.46325,56.83042],[15.46309,56.8326],[15.46382,56.83378],[15.46382,56.83378],[15.46382,56.83378],[15.46477,56.83346],[15.46477,56.83346],[15.46477,56.83346],[15.46419,56.83304],[15.46792,56.83313]]],[[[15.46533,56.8227],[15.46395,56.8225],[15.46395,56.8225],[15.46395,56.8225],[15.46395,56.8225],[15.46397,56.82353],[15.46397,56.82353],[15.4655,56.82401],[15.4655,56.82401],[15.46551,56.82401],[15.46554,56.82399],[15.46565,56.82401],[15.46586,56.8241],[15.46601,56.82418],[15.46613,56.8243],[15.4662,56.82451],[15.46639,56.82471],[15.46656,56.8249],[15.4668,56.82505],[15.46692,56.82513],[15.46711,56.82536],[15.46724,56.82561],[15.46726,56.82565],[15.46735,56.82577],[15.46736,56.82582],[15.46738,56.8259],[15.46744,56.82599],[15.46752,56.82606],[15.46767,56.82611],[15.46783,56.82615],[15.46797,56.82619],[15.46869,56.82638],[15.46888,56.82643],[15.46906,56.82645],[15.46927,56.82647],[15.46964,56.82652],[15.46972,56.82653],[15.46989,56.8266],[15.47005,56.82664],[15.47024,56.8267],[15.47043,56.82672],[15.47059,56.82674],[15.47074,56.82678],[15.47088,56.82683],[15.47096,56.82685],[15.47105,56.82687],[15.47119,56.82688],[15.4713,56.82692],[15.4714,56.82698],[15.47146,56.82706],[15.47151,56.82714],[15.47162,56.82733],[15.4717,56.82741],[15.47182,56.82754],[15.47181,56.82761],[15.47175,56.82764],[15.47165,56.82759],[15.47165,56.82759],[15.47165,56.82759],[15.47162,56.82761],[15.47162,56.82761],[15.47162,56.82761],[15.47165,56.82764],[15.47171,56.82772],[15.47171,56.82777],[15.47167,56.82779],[15.47167,56.82779],[15.47167,56.82782],[15.4717,56.82786],[15.47167,56.82787],[15.4716,56.82787],[15.47156,56.82788],[15.47156,56.82788],[15.47152,56.82791],[15.47143,56.82791],[15.47134,56.82793],[15.47134,56.82793],[15.47129,56.828],[15.47127,56.82807],[15.47126,56.82813],[15.47126,56.82823],[15.47127,56.82828],[15.47127,56.82828],[15.47139,56.82834],[15.4714,56.82837],[15.47132,56.82847],[15.47131,56.82854],[15.47132,56.82858],[15.47139,56.82863],[15.47149,56.82871],[15.47162,56.82879],[15.47169,56.82884],[15.47172,56.8289],[15.47173,56.82893],[15.47173,56.82893],[15.47173,56.82893],[15.47173,56.82893],[15.47174,56.82893],[15.4718,56.82886],[15.47266,56.82814],[15.47318,56.82783],[15.47318,56.82783],[15.47316,56.8276],[15.47491,56.82749],[15.47528,56.82811],[15.47634,56.8291],[15.47634,56.8291],[15.47839,56.82934],[15.47948,56.82977],[15.48434,56.83292],[15.48434,56.83292],[15.49037,56.83278],[15.49037,56.83278],[15.49037,56.83278],[15.49057,56.83196],[15.49057,56.83196],[15.48771,56.83119],[15.48676,56.83],[15.48375,56.82943],[15.48254,56.82847],[15.48438,56.82832],[15.48438,56.82831],[15.48493,56.82758],[15.48493,56.82758],[15.48493,56.82758],[15.48493,56.82758],[15.48385,56.8275],[15.48471,56.82678],[15.48696,56.82678],[15.4904,56.82657],[15.4904,56.82657],[15.4904,56.82657],[15.4904,56.82657],[15.48949,56.82567],[15.48921,56.82321],[15.4928,56.82284],[15.4928,56.82284],[15.4928,56.82284],[15.4928,56.82284],[15.49252,56.82145],[15.49252,56.82145],[15.49252,56.82145],[15.4855,56.82141],[15.48497,56.82082],[15.48576,56.82028],[15.48666,56.81931],[15.48666,56.8193],[15.48666,56.8193],[15.48666,56.8193],[15.48406,56.81921],[15.48406,56.81921],[15.47918,56.82227],[15.47567,56.82377],[15.47567,56.82377],[15.47573,56.82386],[15.47576,56.82392],[15.4758,56.82398],[15.4762,56.82457],[15.47636,56.82478],[15.47655,56.82499],[15.47659,56.82508],[15.47663,56.82521],[15.47665,56.8256],[15.47435,56.82504],[15.47435,56.82504],[15.47359,56.8254],[15.47293,56.82483],[15.47309,56.82466],[15.47309,56.82466],[15.47309,56.82466],[15.46945,56.82288],[15.46779,56.8216],[15.46779,56.8216],[15.46779,56.8216],[15.46779,56.8216],[15.46533,56.8227]]]]},"properties":{"NVRID":"2002380","NAMN":"Tiafly","SKYDDSTYP":"Naturreservat","LAN":"Kronobergs Län","KOMMUN":"Lessebo","IUCNKATEGORI":"Ia, Strikt naturreservat (Strict Nature Reserve)","FORVALTARE":"Länsstyrelsen i Kronobergs län","AREA_HA":117.09,"URSPR_BESLUTSDATUM":""}},{"type":"Feature","geometry":{"type":"Polygon","coordinates":[[[14.81817,56.37414],[14.81817,56.37414],[14.81817,56.37414],[14.81817,56.37414],[14.81817,56.37414],[14.81939,56.37451],[14.82002,56.3746],[14.82002,56.3746],[14.82002,56.3746],[14.82063,56.37405],[14.82058,56.3736],[14.82094,56.37323],[14.82126,56.37289],[14.82207,56.37274],[14.82277,56.37261],[14.82277,56.37261],[14.82277,56.37261],[14.82256,56.37184],[14.82256,56.37183],[14.82256,56.37183],[14.82256,56.37183],[14.82192,56.37189],[14.82084,56.37221],[14.82026,56.37246],[14.81991,56.37279],[14.81926,56.37328],[14.81926,56.37328],[14.81926,56.37328],[14.81931,56.37331],[14.81933,56.37342],[14.8193,56.37351],[14.81921,56.37361],[14.81913,56.37365],[14.81904,56.37367],[14.81893,56.3737],[14.81883,56.37379],[14.81881,56.37385],[14.81872,56.37388],[14.8187,56.3739],[14.8185,56.37399],[14.81832,56.37407],[14.81817,56.37414]]]},"properties":{"NVRID":"2002346","NAMN":"Midingsbråte","SKYDDSTYP":"Naturreservat","LAN":"Kronobergs Län","KOMMUN":"Tingsryd","IUCNKATEGORI":"Ia, Strikt naturreservat (Strict Nature Reserve)","FORVALTARE":"Länsstyrelsen i Kronobergs län","AREA_HA":3.179,"URSPR_BESLUTSDATUM":""}},{"type":"Feature","geometry":{"type":"Polygon","coordinates":[[[15.4785,57.11405],[15.4785,57.11405],[15.4785,57.11405],[15.4785,57.11405],[15.4785,57.11405],[15.47882,57.11414],[15.47893,57.11425],[15.47975,57.11494],[15.48149,57.11628],[15.48168,57.11646],[15.48177,57.11704],[15.48219,57.1175],[15.48801,57.12328],[15.48801,57.12328],[15.48801,57.12328],[15.48801,57.12328],[15.49743,57.12058],[15.49875,57.12022],[15.49875,57.12022],[15.49875,57.12022],[15.498,57.11881],[15.49381,57.11702],[15.49345,57.11695],[15.49321,57.11687],[15.49304,57.11679],[15.49284,57.11665],[15.49275,57.11657],[15.49266,57.11639],[15.49286,57.11549],[15.49291,57.11525],[15.49287,57.11483],[15.49272,57.11424],[15.49249,57.11385],[15.49218,57.1135],[15.49191,57.11337],[15.49083,57.1131],[15.48991,57.11291],[15.48895,57.11262],[15.48861,57.1125],[15.48827,57.11234],[15.4876,57.11181],[15.48722,57.11161],[15.48665,57.1113],[15.48602,57.11094],[15.48543,57.11069],[15.48525,57.11061],[15.48507,57.11055],[15.48507,57.11055],[15.48453,57.11061],[15.48392,57.11064],[15.48352,57.11062],[15.48303,57.11057],[15.4825,57.11054],[15.4825,57.11054],[15.4825,57.11054],[15.48243,57.11063],[15.48237,57.11067],[15.48235,57.11072],[15.48235,57.11081],[15.48245,57.11093],[15.48244,57.11102],[15.48238,57.1111],[15.48229,57.1112],[15.48224,57.11126],[15.48216,57.11142],[15.48215,57.1115],[15.48219,57.1116],[15.48235,57.11177],[15.48243,57.11183],[15.48252,57.11187],[15.48255,57.11192],[15.48302,57.11271],[15.48286,57.11343],[15.48168,57.11368],[15.47889,57.1139],[15.47889,57.1139],[15.4785,57.11405]]]},"properties":{"NVRID":"2014569","NAMN":"Berga fly","SKYDDSTYP":"Naturreservat","LAN":"Kronobergs Län","KOMMUN":"Uppvidinge","IUCNKATEGORI":"Ia, Strikt naturreservat (Strict Nature Reserve)","FORVALTARE":"Länsstyrelsen i Kronobergs län","AREA_HA":83.883,"URSPR_BESLUTSDATUM":""}},{"type":"Feature","geometry":{"type":"Polygon","coordinates":[[[14.34344,57.03327],[14.3427,57.0342],[14.3427,57.0342],[14.3427,57.0342],[14.34495,57.03472],[14.34496,57.03472],[14.34496,57.03472],[14.34532,57.03431],[14.34664,57.03465],[14.34664,57.03465],[14.34664,57.03465],[14.34664,57.03465],[14.34699,57.03411],[14.34718,57.03415],[14.34762,57.03425],[14.34762,57.03425],[14.34762,57.03425],[14.34788,57.03315],[14.34788,57.03315],[14.34741,57.03286],[14.34722,57.03088],[14.34833,57.03091],[14.34833,57.03091],[14.34833,57.03091],[14.34864,57.02924],[14.35036,57.02705],[14.34996,57.02641],[14.34973,57.02553],[14.34964,57.02507],[14.34968,57.02483],[14.34981,57.02469],[14.34989,57.02462],[14.34989,57.02462],[14.34989,57.02462],[14.34966,57.0245],[14.34972,57.02322],[14.35026,57.02287],[14.35085,57.02307],[14.35085,57.02307],[14.35237,57.02254],[14.35425,57.02172],[14.35509,57.02092],[14.35509,57.02092],[14.35509,57.02092],[14.35509,57.02091],[14.35466,57.02094],[14.35209,57.02108],[14.34853,57.02129],[14.34609,57.0204],[14.34609,57.0204],[14.34609,57.0204],[14.34365,57.02195],[14.34365,57.02196],[14.34456,57.0294],[14.34472,57.03078],[14.34307,57.03111],[14.34246,57.03116],[14.34246,57.03116],[14.34246,57.03116],[14.34296,57.03316],[14.34296,57.03316],[14.34344,57.03327]]]},"properties":{"NVRID":"2024569","NAMN":"Brotorpabäck","SKYDDSTYP":"Naturreservat","LAN":"Kronobergs Län","KOMMUN":"Alvesta","IUCNKATEGORI":"Ia, Strikt naturreservat (Strict Nature Reserve)","FORVALTARE":"Länsstyrelsen i Kronobergs län","AREA_HA":51.373,"URSPR_BESLUTSDATUM":""}},{"type":"Feature","geometry":{"type":"Polygon","coordinates":[[[14.71279,56.6052],[14.71276,56.60604],[14.71276,56.60604],[14.71276,56.60604],[14.71357,56.60648],[14.71413,56.60691],[14.71451,56.60706],[14.71451,56.60706],[14.71486,56.60701],[14.71544,56.60693],[14.71678,56.6072],[14.71678,56.60939],[14.71851,56.61348],[14.71934,56.61535],[14.72115,56.61702],[14.72115,56.61702],[14.72115,56.61702],[14.72116,56.61702],[14.72316,56.61503],[14.72373,56.61445],[14.72578,56.6124],[14.72756,56.61062],[14.72849,56.60969],[14.72897,56.6092],[14.72923,56.60895],[14.72923,56.60894],[14.72923,56.60894],[14.72641,56.6086],[14.72555,56.60833],[14.72586,56.60749],[14.72586,56.60749],[14.72586,56.60749],[14.72512,56.60736],[14.72516,56.60715],[14.72519,56.60673],[14.72531,56.60641],[14.7256,56.60592],[14.72577,56.6056],[14.72579,56.60518],[14.72659,56.60492],[14.72686,56.60449],[14.72719,56.60417],[14.72776,56.60476],[14.72776,56.60476],[14.72804,56.60478],[14.72806,56.60485],[14.72787,56.60494],[14.72787,56.60494],[14.72783,56.60523],[14.72783,56.60523],[14.72783,56.60523],[14.72824,56.60533],[14.72817,56.60573],[14.72817,56.60573],[14.72818,56.60573],[14.72896,56.60562],[14.72896,56.60562],[14.73031,56.60427],[14.73064,56.60438],[14.73109,56.60445],[14.7316,56.6045],[14.73186,56.6045],[14.73204,56.60447],[14.73229,56.60447],[14.73229,56.60447],[14.73229,56.60447],[14.73104,56.60126],[14.73082,56.60067],[14.73172,56.59995],[14.73172,56.59995],[14.73131,56.59921],[14.73141,56.59845],[14.73141,56.59845],[14.7298,56.59795],[14.72996,56.59757],[14.72986,56.59703],[14.72965,56.59681],[14.72841,56.59582],[14.72841,56.59582],[14.72841,56.59582],[14.72684,56.59684],[14.72394,56.59596],[14.72394,56.59596],[14.72393,56.59596],[14.72226,56.59749],[14.71931,56.60118],[14.71587,56.60094],[14.71587,56.60094],[14.71116,56.60248],[14.71116,56.60248],[14.71051,56.60395],[14.71051,56.60395],[14.71279,56.6052]]]},"properties":{"NVRID":"2057701","NAMN":"Sydvästra Sirkön","SKYDDSTYP":"Naturreservat","LAN":"Kronobergs Län","KOMMUN":"Tingsryd","IUCNKATEGORI":"IV, Habitat/Artskyddsområde (Habitat/Species Management Area)","FORVALTARE":"Länsstyrelsen i Kronobergs län","AREA_HA":149.379,"URSPR_BESLUTSDATUM":""}},{"type":"Feature","geometry":{"type":"Polygon","coordinates":[[[13.95004,56.84414],[13.94909,56.84462],[13.94909,56.84462],[13.94909,56.84462],[13.94938,56.8448],[13.95213,56.84672],[13.95524,56.8499],[13.95526,56.84992],[13.95527,56.84992],[13.95761,56.84951],[13.95954,56.84924],[13.96076,56.84901],[13.96076,56.84901],[13.96076,56.84901],[13.96078,56.84842],[13.96223,56.84828],[13.96497,56.84715],[13.96497,56.84715],[13.96514,56.8469],[13.96514,56.8469],[13.9649,56.8465],[13.96827,56.84486],[13.96827,56.84485],[13.96798,56.84444],[13.96798,56.84444],[13.96798,56.84444],[13.96573,56.84401],[13.96516,56.84403],[13.9642,56.84392],[13.96324,56.84367],[13.96231,56.84329],[13.96126,56.84283],[13.96054,56.84268],[13.95961,56.8426],[13.95891,56.84267],[13.95819,56.8428],[13.95759,56.84299],[13.95695,56.8431],[13.95582,56.84312],[13.9546,56.84314],[13.95359,56.84315],[13.95237,56.84325],[13.94992,56.84381],[13.94992,56.84381],[13.9498,56.844],[13.94981,56.844],[13.95004,56.84414]]]},"properties":{"NVRID":"2046111","NAMN":"Kronoskogen","SKYDDSTYP":"Naturreservat","LAN":"Kronobergs Län","KOMMUN":"Ljungby","IUCNKATEGORI":"0, Områden som ej kan klassificeras enligt IUCN: s system.","FORVALTARE":"Ljungby kommun","AREA_HA":55.543,"URSPR_BESLUTSDATUM":""}},{"type":"Feature","geometry":{"type":"Polygon","coordinates":[[[15.15239,57.05287],[15.15174,57.05275],[15.15131,57.05269],[15.15084,57.05262],[15.15049,57.05261],[15.14988,57.05266],[15.14865,57.05282],[15.14802,57.05292],[15.14754,57.05297],[15.14722,57.053],[15.14693,57.0531],[15.14667,57.05325],[15.14646,57.05346],[15.14639,57.05349],[15.14608,57.05353],[15.14529,57.05363],[15.14419,57.05396],[15.14393,57.05401],[15.14375,57.05408],[15.14345,57.0542],[15.14314,57.05436],[15.14248,57.05476],[15.14244,57.0548],[15.14247,57.05489],[15.14253,57.05507],[15.14257,57.05527],[15.14268,57.05549],[15.14288,57.05572],[15.14297,57.05593],[15.14304,57.05614],[15.14305,57.05633],[15.143,57.05645],[15.14294,57.05665],[15.14277,57.05687],[15.14251,57.05713],[15.14213,57.0574],[15.14192,57.05754],[15.14192,57.05754],[15.1419,57.0576],[15.14191,57.05769],[15.14212,57.05806],[15.14231,57.05845],[15.14243,57.05862],[15.14256,57.05876],[15.14257,57.05876],[15.1503,57.05958],[15.15204,57.05976],[15.15204,57.05976],[15.15204,57.05976],[15.15398,57.05822],[15.15467,57.05722],[15.15453,57.05616],[15.15442,57.05521],[15.15434,57.05468],[15.15431,57.05448],[15.15442,57.05422],[15.15469,57.05345],[15.15503,57.05253],[15.15509,57.05237],[15.15509,57.05237],[15.15509,57.05237],[15.15509,57.05237],[15.15509,57.05237],[15.15509,57.05237],[15.15503,57.0524],[15.15474,57.05251],[15.15431,57.05273],[15.15411,57.05286],[15.15394,57.05293],[15.15379,57.05295],[15.15326,57.0529],[15.15286,57.05286],[15.15255,57.05283],[15.15254,57.05283],[15.15247,57.05286],[15.15239,57.05287]]]},"properties":{"NVRID":"2002553","NAMN":"Soldatmossen","SKYDDSTYP":"Naturreservat","LAN":"Kronobergs Län","KOMMUN":"Uppvidinge, Växjö","IUCNKATEGORI":"Ia, Strikt naturreservat (Strict Nature Reserve)","FORVALTARE":"Länsstyrelsen i Kronobergs län","AREA_HA":48.428,"URSPR_BESLUTSDATUM":""}},{"type":"Feature","geometry":{"type":"Polygon","coordinates":[[[14.38759,57.09409],[14.38613,57.09307],[14.38588,57.0929],[14.38588,57.0929],[14.38588,57.0929],[14.38588,57.0929],[14.38572,57.093],[14.38327,57.09445],[14.38327,57.09445],[14.38327,57.09445],[14.38385,57.09535],[14.38534,57.0962],[14.38534,57.0962],[14.38739,57.09633],[14.38853,57.09623],[14.38854,57.09623],[14.38855,57.09622],[14.38891,57.09562],[14.39023,57.09502],[14.39086,57.09476],[14.39086,57.09476],[14.39212,57.09327],[14.39243,57.09283],[14.39254,57.09239],[14.3926,57.09215],[14.39286,57.09208],[14.39297,57.09205],[14.39297,57.09205],[14.393,57.09202],[14.39302,57.09196],[14.39303,57.09191],[14.39304,57.09179],[14.39313,57.09171],[14.39322,57.09168],[14.39337,57.09166],[14.39351,57.09165],[14.3936,57.09165],[14.3936,57.09165],[14.3936,57.09164],[14.39361,57.09158],[14.39355,57.09151],[14.39356,57.09145],[14.3936,57.09142],[14.39368,57.09139],[14.39377,57.09138],[14.39383,57.09138],[14.3939,57.09136],[14.39403,57.09131],[14.39409,57.09126],[14.39415,57.09118],[14.39416,57.09112],[14.39417,57.09104],[14.39417,57.09099],[14.39424,57.09093],[14.39441,57.09087],[14.39449,57.09085],[14.39454,57.09081],[14.39458,57.09077],[14.39545,57.08831],[14.39382,57.08564],[14.39383,57.08556],[14.39386,57.08548],[14.39396,57.08535],[14.39403,57.08528],[14.39407,57.08519],[14.39412,57.08514],[14.39418,57.08504],[14.39421,57.08498],[14.39425,57.08488],[14.39427,57.08481],[14.39431,57.08477],[14.3944,57.08469],[14.3944,57.08413],[14.3944,57.08413],[14.3944,57.08413],[14.39329,57.08402],[14.39332,57.08366],[14.39332,57.08366],[14.39294,57.08352],[14.39243,57.08349],[14.39242,57.08349],[14.39242,57.08349],[14.39204,57.08427],[14.39202,57.08441],[14.39208,57.08573],[14.3921,57.08585],[14.39214,57.08599],[14.39224,57.08624],[14.39246,57.08674],[14.39223,57.0873],[14.39223,57.0873],[14.39244,57.08754],[14.39273,57.08791],[14.39273,57.08793],[14.3907,57.09199],[14.39037,57.09262],[14.38968,57.09274],[14.38968,57.09274],[14.38957,57.09328],[14.38759,57.09409]]]},"properties":{"NVRID":"2002559","NAMN":"Förebergsåsen","SKYDDSTYP":"Naturreservat","LAN":"Kronobergs Län","KOMMUN":"Alvesta","IUCNKATEGORI":"III, Naturmonument (Natural Monument)","FORVALTARE":"Länsstyrelsen i Kronobergs län","AREA_HA":28.059,"URSPR_BESLUTSDATUM":""}},{"type":"Feature","geometry":{"type":"Polygon","coordinates":[[[14.00881,57.04353],[14.01207,57.04843],[14.0168,57.05182],[14.0168,57.05182],[14.0168,57.05182],[14.01977,57.05057],[14.01995,57.05053],[14.02272,57.05013],[14.02407,57.05181],[14.02407,57.05181],[14.02407,57.05181],[14.02503,57.05174],[14.02601,57.05163],[14.0314,57.05095],[14.0314,57.05095],[14.0314,57.05094],[14.02782,57.04508],[14.02357,57.04128],[14.02357,57.04128],[14.01842,57.03945],[14.01378,57.03742],[14.01418,57.03494],[14.01152,57.03251],[14.00826,57.02761],[14.00877,57.02401],[14.00671,57.02136],[14.00579,57.01895],[14.00372,57.01705],[14.0018,57.01613],[13.99877,57.0153],[13.98521,57.01525],[13.98521,57.01525],[13.98521,57.01525],[13.98869,57.02158],[13.98999,57.02935],[13.99507,57.03279],[14.00881,57.04353]]]},"properties":{"NVRID":"2002554","NAMN":"Färjansö-Långö","SKYDDSTYP":"Naturreservat","LAN":"Kronobergs Län","KOMMUN":"Ljungby, Värnamo","IUCNKATEGORI":"0, Områden som ej kan klassificeras enligt IUCN: s system.","FORVALTARE":"Länsstyrelsen i Kronobergs län","AREA_HA":420.136,"URSPR_BESLUTSDATUM":""}},{"type":"Feature","geometry":{"type":"MultiPolygon","coordinates":[[[[15.19528,56.62537],[15.19528,56.62537],[15.19528,56.62537],[15.19493,56.62646],[15.19524,56.62693],[15.19573,56.62774],[15.19589,56.62795],[15.19698,56.62942],[15.198,56.63078],[15.19801,56.6308],[15.19801,56.6308],[15.19919,56.63136],[15.19919,56.63136],[15.1992,56.63136],[15.1992,56.63136],[15.1992,56.63136],[15.19926,56.63115],[15.19919,56.63087],[15.19904,56.63059],[15.19862,56.63023],[15.19812,56.62989],[15.19769,56.6296],[15.19751,56.62937],[15.19736,56.62899],[15.19717,56.62797],[15.19718,56.62753],[15.1973,56.62713],[15.19722,56.62681],[15.19731,56.62655],[15.19751,56.6263],[15.19765,56.62615],[15.19765,56.62615],[15.1972,56.62585],[15.197,56.62573],[15.19687,56.62563],[15.19684,56.62545],[15.19686,56.62543],[15.19686,56.62543],[15.19686,56.62543],[15.19686,56.62543],[15.19627,56.62537],[15.19661,56.625],[15.19677,56.62494],[15.19678,56.62494],[15.19702,56.62395],[15.19797,56.62395],[15.19797,56.62395],[15.19797,56.62395],[15.1981,56.62367],[15.19826,56.62331],[15.19796,56.6219],[15.19789,56.62179],[15.19789,56.62179],[15.19789,56.62179],[15.19789,56.62179],[15.19784,56.62181],[15.19777,56.62185],[15.19771,56.62188],[15.19765,56.62191],[15.19758,56.62195],[15.19751,56.62198],[15.19745,56.62202],[15.19739,56.62205],[15.19734,56.62208],[15.19728,56.62212],[15.19723,56.62215],[15.19716,56.6222],[15.1971,56.62223],[15.19705,56.62227],[15.19699,56.62231],[15.19694,56.62235],[15.19687,56.6224],[15.19677,56.62248],[15.19672,56.62252],[15.19668,56.62256],[15.1966,56.62262],[15.19655,56.62267],[15.19649,56.62273],[15.19645,56.62277],[15.19632,56.6229],[15.19628,56.62295],[15.19614,56.62312],[15.1959,56.62341],[15.19573,56.62376],[15.19561,56.62426],[15.19561,56.62426],[15.19561,56.62426],[15.19592,56.62427],[15.19596,56.6243],[15.19583,56.62469],[15.19589,56.62497],[15.19582,56.62539],[15.19528,56.62537]]],[[[15.19573,56.62327],[15.19573,56.62327],[15.19573,56.62327],[15.19573,56.62327],[15.19573,56.62327],[15.19581,56.62315],[15.19587,56.62306],[15.19602,56.62288],[15.19606,56.62283],[15.19619,56.62269],[15.19624,56.62265],[15.1963,56.62258],[15.19635,56.62254],[15.19643,56.62247],[15.19648,56.62243],[15.19653,56.62239],[15.19658,56.62235],[15.19663,56.6223],[15.19671,56.62225],[15.19676,56.62221],[15.19682,56.62217],[15.19688,56.62213],[15.19694,56.62209],[15.197,56.62205],[15.19706,56.62201],[15.19712,56.62198],[15.19718,56.62194],[15.19724,56.62191],[15.1973,56.62187],[15.19737,56.62183],[15.19745,56.62179],[15.19751,56.62176],[15.19758,56.62173],[15.19765,56.62169],[15.19771,56.62166],[15.19779,56.62163],[15.1978,56.62162],[15.1978,56.62162],[15.1978,56.62162],[15.19768,56.62142],[15.19749,56.62128],[15.19726,56.62116],[15.19712,56.62105],[15.19705,56.62088],[15.19698,56.62055],[15.1969,56.62021],[15.19688,56.61995],[15.1969,56.61975],[15.19695,56.6195],[15.19719,56.61926],[15.19735,56.61912],[15.19768,56.61898],[15.19815,56.61886],[15.19846,56.61882],[15.19876,56.61883],[15.19897,56.61889],[15.19914,56.61888],[15.19932,56.61883],[15.19932,56.61883],[15.1994,56.61868],[15.19932,56.61857],[15.19925,56.61848],[15.19927,56.61841],[15.19939,56.61833],[15.19952,56.61834],[15.19967,56.61834],[15.19967,56.61834],[15.20006,56.61822],[15.2003,56.61811],[15.20046,56.61799],[15.20046,56.61799],[15.20051,56.61784],[15.20052,56.61768],[15.2006,56.61755],[15.20062,56.61741],[15.20081,56.61728],[15.20107,56.61718],[15.20124,56.61716],[15.20151,56.6171],[15.20186,56.61721],[15.2021,56.6173],[15.20232,56.61732],[15.20256,56.61729],[15.20256,56.61729],[15.20277,56.61715],[15.20293,56.61698],[15.20311,56.61682],[15.20318,56.61669],[15.20315,56.61658],[15.20315,56.61657],[15.20299,56.61646],[15.20284,56.61641],[15.20261,56.6164],[15.20224,56.6164],[15.20205,56.61636],[15.20196,56.61627],[15.20197,56.61618],[15.20214,56.61606],[15.20244,56.61598],[15.20265,56.61589],[15.20285,56.61577],[15.20295,56.61567],[15.20294,56.61547],[15.20271,56.61518],[15.20249,56.61492],[15.20248,56.61467],[15.20256,56.61441],[15.20263,56.61416],[15.20271,56.61398],[15.20294,56.61387],[15.2032,56.61369],[15.2032,56.61369],[15.2032,56.61369],[15.2032,56.61369],[15.2032,56.61369],[15.1984,56.61383],[15.19679,56.61417],[15.19634,56.6143],[15.1946,56.61464],[15.1946,56.61464],[15.19438,56.61717],[15.1944,56.61755],[15.19451,56.61792],[15.19484,56.61868],[15.19501,56.61892],[15.1951,56.61913],[15.19513,56.61932],[15.19513,56.61973],[15.19504,56.62052],[15.1951,56.62079],[15.19527,56.62116],[15.19521,56.62205],[15.19526,56.62233],[15.19524,56.6227],[15.19531,56.62287],[15.19542,56.62302],[15.19573,56.62327]]]]},"properties":{"NVRID":"2002357","NAMN":"Korrö","SKYDDSTYP":"Naturreservat","LAN":"Kronobergs Län","KOMMUN":"Tingsryd","IUCNKATEGORI":"III, Naturmonument (Natural Monument)","FORVALTARE":"Tingsryds kommun","AREA_HA":38.202,"URSPR_BESLUTSDATUM":""}},{"type":"Feature","geometry":{"type":"Polygon","coordinates":[[[14.16571,56.64251],[14.16304,56.63938],[14.16304,56.63938],[14.16304,56.63938],[14.16304,56.63938],[14.15933,56.64023],[14.15933,56.64023],[14.15933,56.64023],[14.16387,56.65123],[14.16387,56.65123],[14.16757,56.65314],[14.16958,56.65809],[14.16845,56.65896],[14.1683,56.65905],[14.1663,56.65985],[14.16137,56.66816],[14.16137,56.66817],[14.16137,56.66817],[14.16137,56.66817],[14.17406,56.67032],[14.1977,56.67438],[14.1977,56.67438],[14.1977,56.67438],[14.1977,56.67438],[14.19181,56.66269],[14.18772,56.66054],[14.18599,56.65917],[14.18394,56.65622],[14.17461,56.65027],[14.16571,56.64251]],[[14.177,56.65482],[14.17707,56.65479],[14.17727,56.65477],[14.1775,56.65476],[14.1777,56.65478],[14.17787,56.65482],[14.17813,56.65493],[14.17828,56.65499],[14.17828,56.65499],[14.17843,56.65498],[14.17853,56.65496],[14.17853,56.65496],[14.17859,56.6549],[14.17868,56.65487],[14.17861,56.65498],[14.17825,56.6557],[14.17793,56.65575],[14.17759,56.65577],[14.1774,56.65576],[14.17714,56.6557],[14.177,56.65564],[14.17691,56.65538],[14.177,56.65482]],[[14.18277,56.66206],[14.18388,56.66165],[14.18398,56.66173],[14.18417,56.66178],[14.18431,56.66182],[14.18444,56.6619],[14.18457,56.662],[14.18465,56.66208],[14.18473,56.66218],[14.1848,56.66235],[14.18326,56.66274],[14.18286,56.66247],[14.1828,56.66238],[14.18277,56.66206]],[[14.17175,56.653],[14.17219,56.65285],[14.17259,56.65263],[14.17333,56.65257],[14.17483,56.6526],[14.17496,56.6526],[14.17675,56.65482],[14.17636,56.655],[14.1751,56.65516],[14.17465,56.65523],[14.17393,56.65534],[14.17321,56.6549],[14.17192,56.65455],[14.17175,56.653]]]},"properties":{"NVRID":"2002365","NAMN":"Höö","SKYDDSTYP":"Naturreservat","LAN":"Kronobergs Län","KOMMUN":"Älmhult","IUCNKATEGORI":"V, Skyddat landskap/havsområde (Protected Landscape/Seascape)","FORVALTARE":"Länsstyrelsen i Kronobergs län","AREA_HA":365.335,"URSPR_BESLUTSDATUM":""}},{"type":"Feature","geometry":{"type":"MultiPolygon","coordinates":[[[[14.12586,56.67514],[14.12571,56.67491],[14.12566,56.67479],[14.12564,56.67465],[14.12572,56.67447],[14.12578,56.67431],[14.12585,56.67398],[14.12594,56.67367],[14.12594,56.67366],[14.12594,56.67366],[14.12594,56.67366],[14.12408,56.67369],[14.12408,56.67369],[14.12407,56.67369],[14.12408,56.67369],[14.12597,56.67584],[14.12597,56.67584],[14.12597,56.67584],[14.12598,56.67584],[14.12598,56.67584],[14.12598,56.67583],[14.12603,56.67565],[14.12602,56.67546],[14.12586,56.67514]]],[[[14.13004,56.6701],[14.13004,56.6701],[14.13004,56.6701],[14.12996,56.67015],[14.12988,56.67027],[14.12983,56.67041],[14.1298,56.67049],[14.12987,56.67068],[14.12998,56.67082],[14.1302,56.67104],[14.13038,56.67122],[14.13057,56.67132],[14.13057,56.67132],[14.13075,56.67134],[14.13075,56.67134],[14.13092,56.67128],[14.13113,56.67119],[14.13146,56.67115],[14.13166,56.67114],[14.13166,56.67114],[14.13178,56.67106],[14.13191,56.67104],[14.13214,56.67122],[14.13233,56.67132],[14.13252,56.67136],[14.13276,56.67151],[14.13292,56.67156],[14.13292,56.67156],[14.13312,56.67154],[14.1332,56.67149],[14.1332,56.67149],[14.13323,56.67134],[14.13312,56.67115],[14.13306,56.67104],[14.13312,56.6709],[14.13328,56.67075],[14.13335,56.67061],[14.13335,56.67061],[14.13328,56.67048],[14.13328,56.67048],[14.13328,56.67048],[14.13313,56.67047],[14.13313,56.67047],[14.13292,56.67055],[14.13279,56.67043],[14.13277,56.67021],[14.13254,56.67004],[14.13249,56.66988],[14.13242,56.66979],[14.13227,56.66973],[14.13227,56.66973],[14.13226,56.66973],[14.13212,56.66975],[14.13212,56.66975],[14.13204,56.66989],[14.13188,56.66991],[14.13169,56.66985],[14.13171,56.66973],[14.13175,56.66956],[14.13191,56.66951],[14.13191,56.66951],[14.13199,56.66942],[14.13204,56.66929],[14.1322,56.66913],[14.13224,56.66894],[14.1322,56.66879],[14.13226,56.66868],[14.1323,56.66856],[14.13247,56.66839],[14.1326,56.66824],[14.1326,56.66824],[14.13245,56.66811],[14.13223,56.66803],[14.13218,56.66791],[14.1324,56.66792],[14.1324,56.66792],[14.1324,56.66792],[14.13246,56.66782],[14.13246,56.66781],[14.13233,56.66769],[14.13233,56.66769],[14.13233,56.66769],[14.13217,56.66772],[14.13204,56.66784],[14.13184,56.66779],[14.13177,56.66764],[14.1317,56.66754],[14.1317,56.66754],[14.13169,56.66754],[14.13153,56.66757],[14.13139,56.6675],[14.13139,56.6675],[14.13139,56.6675],[14.13128,56.66753],[14.13128,56.66753],[14.13128,56.66753],[14.13134,56.6677],[14.13141,56.66784],[14.13138,56.66796],[14.13124,56.66812],[14.13105,56.66815],[14.13084,56.66804],[14.13082,56.6679],[14.13059,56.66778],[14.13048,56.66764],[14.13042,56.66753],[14.13026,56.66745],[14.13026,56.66745],[14.13025,56.66745],[14.13018,56.66749],[14.13018,56.66749],[14.13018,56.66757],[14.13026,56.66782],[14.13034,56.66806],[14.13052,56.66821],[14.13058,56.66838],[14.13049,56.66848],[14.13049,56.66848],[14.1305,56.66864],[14.1305,56.66883],[14.13056,56.66905],[14.13054,56.66923],[14.13065,56.66943],[14.1308,56.66957],[14.13094,56.66974],[14.13088,56.66981],[14.13071,56.66987],[14.13049,56.67002],[14.13023,56.67013],[14.13004,56.6701]]],[[[14.1221,56.67352],[14.1221,56.67352],[14.1221,56.67352],[14.12348,56.67356],[14.12407,56.67369],[14.12407,56.67369],[14.12407,56.67369],[14.12445,56.67327],[14.12431,56.67123],[14.12675,56.6709],[14.12675,56.6709],[14.12675,56.6709],[14.12653,56.67055],[14.12627,56.67007],[14.1262,56.66974],[14.1261,56.66955],[14.12585,56.6692],[14.12568,56.66889],[14.12546,56.66845],[14.12523,56.66802],[14.12504,56.66774],[14.12491,56.66754],[14.12484,56.66737],[14.12482,56.66718],[14.12478,56.66701],[14.1247,56.66687],[14.12452,56.66672],[14.12429,56.66659],[14.12495,56.66601],[14.12495,56.66601],[14.12495,56.66601],[14.12458,56.66585],[14.12532,56.66539],[14.12594,56.66499],[14.12594,56.66499],[14.12594,56.66499],[14.12574,56.66481],[14.12574,56.66481],[14.12574,56.66481],[14.12574,56.66481],[14.12553,56.6649],[14.1254,56.66496],[14.12512,56.66505],[14.12489,56.66508],[14.12465,56.66502],[14.12427,56.66494],[14.12408,56.66477],[14.12391,56.66466],[14.1239,56.66438],[14.12393,56.66422],[14.12394,56.66413],[14.12394,56.66413],[14.12381,56.66403],[14.12381,56.66403],[14.12348,56.66409],[14.12348,56.66409],[14.12348,56.66409],[14.12284,56.66505],[14.12252,56.66553],[14.12252,56.66553],[14.1232,56.66581],[14.12348,56.66595],[14.12387,56.66619],[14.12205,56.66636],[14.12205,56.66636],[14.12205,56.66636],[14.1221,56.66653],[14.12225,56.66683],[14.12239,56.66702],[14.12267,56.66736],[14.1228,56.66752],[14.12296,56.66782],[14.123,56.66806],[14.12301,56.66819],[14.12301,56.66841],[14.12299,56.66852],[14.12303,56.66866],[14.12307,56.66882],[14.12307,56.66882],[14.12307,56.66882],[14.12496,56.66893],[14.12417,56.67062],[14.12298,56.67098],[14.12145,56.67145],[14.12089,56.67164],[14.12049,56.67177],[14.12049,56.67177],[14.12049,56.67177],[14.12078,56.67214],[14.1209,56.67287],[14.1209,56.67287],[14.12205,56.67323],[14.1221,56.67352]]],[[[14.12679,56.67971],[14.12679,56.67971],[14.12679,56.67971],[14.13378,56.67723],[14.13687,56.67621],[14.13687,56.6762],[14.13687,56.6762],[14.13553,56.67493],[14.13552,56.67493],[14.13221,56.67457],[14.13221,56.67457],[14.13086,56.67518],[14.12825,56.67545],[14.12824,56.67545],[14.12755,56.67627],[14.12606,56.67658],[14.12606,56.67658],[14.12606,56.67658],[14.12616,56.67695],[14.12623,56.67711],[14.12637,56.67727],[14.12662,56.67755],[14.12703,56.67816],[14.12708,56.67836],[14.12696,56.67864],[14.12674,56.67884],[14.12665,56.67889],[14.12614,56.6792],[14.12614,56.6792],[14.12614,56.6792],[14.12679,56.67971]]]]},"properties":{"NVRID":"2002364","NAMN":"Byvärma","SKYDDSTYP":"Naturreservat","LAN":"Kronobergs Län","KOMMUN":"Ljungby","IUCNKATEGORI":"IV, Habitat/Artskyddsområde (Habitat/Species Management Area)","FORVALTARE":"Länsstyrelsen i Kronobergs län","AREA_HA":40.014,"URSPR_BESLUTSDATUM":""}},{"type":"Feature","geometry":{"type":"Polygon","coordinates":[[[14.9379,56.88388],[14.93785,56.884],[14.93785,56.884],[14.93785,56.884],[14.93834,56.88414],[14.93883,56.88422],[14.94023,56.88419],[14.94024,56.88419],[14.94024,56.88419],[14.94024,56.88394],[14.94024,56.88389],[14.94024,56.88389],[14.94024,56.88389],[14.9391,56.88393],[14.93949,56.88173],[14.94091,56.8806],[14.94091,56.88059],[14.94091,56.88059],[14.94091,56.88059],[14.94017,56.88045],[14.94017,56.88045],[14.93976,56.8806],[14.93727,56.87954],[14.93726,56.87954],[14.93563,56.88014],[14.93563,56.88014],[14.93577,56.88164],[14.93589,56.88294],[14.93591,56.88315],[14.93591,56.88315],[14.93591,56.88315],[14.9379,56.88388]]]},"properties":{"NVRID":"2051222","NAMN":"Risinge Bökeskog","SKYDDSTYP":"Naturreservat","LAN":"Kronobergs Län","KOMMUN":"Växjö","IUCNKATEGORI":"IV, Habitat/Artskyddsområde (Habitat/Species Management Area)","FORVALTARE":"Länsstyrelsen i Kronobergs län","AREA_HA":10.197,"URSPR_BESLUTSDATUM":""}},{"type":"Feature","geometry":{"type":"Polygon","coordinates":[[[14.95973,56.47293],[14.95978,56.47292],[14.95982,56.47295],[14.95982,56.473],[14.95983,56.47304],[14.95988,56.47308],[14.95994,56.4731],[14.96002,56.4731],[14.96012,56.4731],[14.96015,56.47312],[14.96017,56.47318],[14.96019,56.4732],[14.96018,56.47325],[14.96014,56.47329],[14.96007,56.47334],[14.95999,56.47338],[14.95991,56.4734],[14.95985,56.4734],[14.95985,56.4734],[14.95983,56.47342],[14.95991,56.47351],[14.95992,56.47356],[14.95996,56.47361],[14.96,56.47367],[14.96011,56.47372],[14.96018,56.47376],[14.96029,56.47378],[14.96029,56.47378],[14.96029,56.47378],[14.96103,56.47268],[14.96103,56.47268],[14.96103,56.47268],[14.96089,56.47265],[14.96023,56.47259],[14.96139,56.47194],[14.96143,56.47194],[14.96143,56.47194],[14.96143,56.47194],[14.96147,56.47182],[14.96144,56.4717],[14.96136,56.47162],[14.96118,56.4715],[14.96112,56.47139],[14.96115,56.4713],[14.96126,56.47121],[14.96138,56.47114],[14.96169,56.4711],[14.96226,56.47112],[14.96253,56.47109],[14.96297,56.47105],[14.96376,56.47103],[14.9644,56.47097],[14.9644,56.47097],[14.96465,56.47087],[14.96512,56.47077],[14.96535,56.47073],[14.96569,56.47069],[14.96595,56.47068],[14.96624,56.47065],[14.96647,56.4706],[14.96661,56.47055],[14.96666,56.4705],[14.96666,56.4705],[14.96662,56.4703],[14.96661,56.47014],[14.96658,56.47],[14.96661,56.46993],[14.96661,56.46993],[14.96661,56.46993],[14.96661,56.46992],[14.96651,56.46982],[14.96644,56.46971],[14.96645,56.46958],[14.96651,56.46943],[14.96663,56.46925],[14.96668,56.46914],[14.96684,56.46905],[14.96709,56.46902],[14.96738,56.46899],[14.96758,56.46893],[14.96779,56.46888],[14.96793,56.46877],[14.9681,56.46865],[14.96821,56.46851],[14.9684,56.46836],[14.96857,56.46819],[14.96872,56.46804],[14.9688,56.46792],[14.96884,56.46783],[14.96886,56.46771],[14.96886,56.46762],[14.96881,56.46752],[14.96881,56.46742],[14.96885,56.46736],[14.96882,56.46725],[14.96881,56.46714],[14.96952,56.46711],[14.96998,56.46709],[14.96999,56.46709],[14.96999,56.46709],[14.9701,56.46555],[14.97067,56.46461],[14.97067,56.46461],[14.97004,56.46421],[14.96999,56.46393],[14.97075,56.46368],[14.97075,56.46368],[14.97084,56.46361],[14.97119,56.46375],[14.97119,56.46375],[14.97119,56.46375],[14.97159,56.4635],[14.97159,56.4635],[14.97145,56.46321],[14.97145,56.46321],[14.97055,56.46279],[14.97054,56.46279],[14.96986,56.46304],[14.96971,56.46336],[14.96967,56.46344],[14.96908,56.46337],[14.9688,56.46339],[14.96773,56.46354],[14.96657,56.4637],[14.9665,56.46363],[14.96647,56.4634],[14.96652,56.46335],[14.96671,56.46335],[14.96677,56.46334],[14.96684,56.46334],[14.96684,56.46334],[14.96689,56.46329],[14.96713,56.46333],[14.96747,56.46328],[14.96747,56.46328],[14.96747,56.46328],[14.96747,56.46328],[14.96734,56.46305],[14.9672,56.46294],[14.96702,56.46282],[14.96688,56.46271],[14.96717,56.46269],[14.96717,56.46269],[14.96717,56.46269],[14.96717,56.46269],[14.96492,56.46108],[14.96486,56.46015],[14.96592,56.45927],[14.96754,56.45912],[14.96755,56.45912],[14.968,56.45848],[14.96877,56.45755],[14.97,56.45804],[14.97075,56.45813],[14.97093,56.45816],[14.97091,56.45842],[14.9709,56.45857],[14.97085,56.45898],[14.97077,56.45922],[14.97061,56.4596],[14.97035,56.46003],[14.97011,56.4604],[14.96994,56.46078],[14.96976,56.46106],[14.96952,56.46137],[14.96932,56.46166],[14.96909,56.46193],[14.96909,56.46193],[14.96909,56.46193],[14.96909,56.46193],[14.9723,56.46205],[14.9723,56.46205],[14.9723,56.46205],[14.97249,56.46173],[14.97292,56.46169],[14.97292,56.46169],[14.97307,56.46158],[14.97413,56.46142],[14.97419,56.46141],[14.97419,56.46141],[14.97419,56.46141],[14.97419,56.46141],[14.97389,56.46065],[14.97394,56.46006],[14.97367,56.45921],[14.97335,56.45883],[14.97325,56.45811],[14.97332,56.45726],[14.97299,56.45687],[14.97261,56.45657],[14.97261,56.45657],[14.97261,56.45657],[14.97123,56.45707],[14.97058,56.45711],[14.96966,56.45715],[14.96957,56.45668],[14.96958,56.45657],[14.96958,56.45657],[14.96958,56.45657],[14.96952,56.45656],[14.96952,56.45655],[14.96959,56.45656],[14.96959,56.45656],[14.97008,56.45645],[14.97022,56.45638],[14.97022,56.45638],[14.97027,56.45613],[14.97025,56.45608],[14.97041,56.45593],[14.97041,56.45593],[14.97041,56.45593],[14.97041,56.45593],[14.97029,56.4559],[14.97029,56.4559],[14.97029,56.4559],[14.97014,56.45605],[14.96993,56.45622],[14.96969,56.45632],[14.96957,56.45633],[14.96922,56.45627],[14.96935,56.45615],[14.97015,56.45563],[14.97033,56.45569],[14.97048,56.45572],[14.97048,56.45572],[14.97048,56.45572],[14.9706,56.45561],[14.97064,56.45547],[14.9707,56.45522],[14.97082,56.45508],[14.97099,56.45491],[14.97124,56.45473],[14.97148,56.45454],[14.97171,56.4543],[14.97193,56.454],[14.972,56.45379],[14.97197,56.45369],[14.97187,56.45355],[14.97182,56.45338],[14.97192,56.45312],[14.97194,56.45281],[14.97358,56.45315],[14.97358,56.45315],[14.97358,56.45315],[14.97385,56.45282],[14.97385,56.45281],[14.97359,56.45248],[14.9732,56.45233],[14.97284,56.4522],[14.97283,56.45217],[14.9725,56.45193],[14.9725,56.45193],[14.97236,56.45191],[14.97221,56.45191],[14.97221,56.45191],[14.97221,56.45191],[14.97213,56.45201],[14.97208,56.45234],[14.97142,56.45197],[14.97142,56.45197],[14.97142,56.45197],[14.97092,56.45199],[14.97052,56.45205],[14.97052,56.45205],[14.97043,56.45233],[14.97021,56.45255],[14.97008,56.45285],[14.96978,56.45314],[14.96978,56.45338],[14.96969,56.45366],[14.96954,56.45385],[14.96938,56.45395],[14.96911,56.45415],[14.96905,56.45421],[14.969,56.45432],[14.969,56.45448],[14.969,56.45448],[14.96909,56.45453],[14.96925,56.4546],[14.9693,56.45462],[14.96937,56.45473],[14.96929,56.45483],[14.96926,56.45495],[14.96918,56.45506],[14.96893,56.45511],[14.96871,56.45513],[14.96833,56.4552],[14.96806,56.45518],[14.96746,56.45504],[14.96723,56.45505],[14.96688,56.4551],[14.96671,56.45511],[14.9663,56.4551],[14.96608,56.45511],[14.96586,56.4551],[14.96566,56.45507],[14.96557,56.45505],[14.96557,56.45505],[14.96557,56.45505],[14.96557,56.45505],[14.96461,56.45583],[14.96284,56.45574],[14.96284,56.45574],[14.96284,56.45574],[14.96204,56.45643],[14.96204,56.45643],[14.96248,56.45857],[14.96268,56.46008],[14.96268,56.46008],[14.9632,56.46033],[14.96345,56.4605],[14.96366,56.46075],[14.96393,56.4611],[14.96394,56.46111],[14.96394,56.46111],[14.96434,56.46099],[14.9645,56.46135],[14.9645,56.46145],[14.96448,56.46148],[14.96448,56.46148],[14.96448,56.46148],[14.96457,56.46152],[14.96461,56.46157],[14.96465,56.46168],[14.96463,56.46177],[14.96468,56.46183],[14.9647,56.46195],[14.96475,56.46198],[14.96478,56.4621],[14.96476,56.46217],[14.96473,56.46222],[14.96473,56.46223],[14.96484,56.46227],[14.96488,56.46234],[14.96494,56.46237],[14.96499,56.46246],[14.96516,56.46259],[14.96574,56.46315],[14.96578,56.46317],[14.96583,56.46322],[14.96597,56.46332],[14.96597,56.46332],[14.96597,56.46332],[14.96608,56.4633],[14.96611,56.46333],[14.96614,56.46342],[14.96637,56.46355],[14.96644,56.46364],[14.96642,56.4637],[14.96619,56.46373],[14.96563,56.46381],[14.96523,56.46385],[14.96495,56.46387],[14.96476,56.46386],[14.96451,56.46381],[14.96425,56.46371],[14.96376,56.46357],[14.9635,56.46351],[14.9635,56.46351],[14.96349,56.46351],[14.96359,56.46416],[14.96571,56.46706],[14.96419,56.46743],[14.96419,56.46743],[14.96419,56.46743],[14.96451,56.46852],[14.96383,56.46913],[14.96382,56.4702],[14.96304,56.47025],[14.96304,56.47025],[14.96304,56.47025],[14.9631,56.47062],[14.9609,56.47075],[14.9609,56.47075],[14.95932,56.47316],[14.95931,56.47317],[14.95931,56.47317],[14.95931,56.47317],[14.95931,56.47317],[14.95931,56.47317],[14.95935,56.47317],[14.95947,56.47315],[14.95947,56.47315],[14.95955,56.4731],[14.9596,56.47306],[14.9597,56.473],[14.95971,56.47296],[14.95973,56.47293]]]},"properties":{"NVRID":"2020087","NAMN":"Stenfors","SKYDDSTYP":"Naturreservat","LAN":"Kronobergs Län","KOMMUN":"Tingsryd","IUCNKATEGORI":"IV, Habitat/Artskyddsområde (Habitat/Species Management Area)","FORVALTARE":"Länsstyrelsen i Kronobergs län","AREA_HA":65.926,"URSPR_BESLUTSDATUM":""}}]}