{"type":"FeatureCollection","features":[{"type":"Feature","geometry":{"type":"Polygon","coordinates":[[[15.82795,56.14977],[15.82273,56.14998],[15.82273,56.14998],[15.82273,56.14998],[15.82282,56.15026],[15.82158,56.1503],[15.81909,56.15035],[15.81909,56.15035],[15.81909,56.15035],[15.8183,56.15331],[15.81736,56.15585],[15.81736,56.15585],[15.81736,56.15585],[15.81737,56.15585],[15.81918,56.15608],[15.82609,56.15651],[15.82556,56.1588],[15.82556,56.1588],[15.82556,56.1588],[15.82709,56.15903],[15.82605,56.16105],[15.82605,56.16105],[15.82605,56.16105],[15.82653,56.1612],[15.82654,56.1612],[15.82785,56.16103],[15.82884,56.16142],[15.82884,56.16142],[15.82914,56.16139],[15.82914,56.16139],[15.82914,56.16139],[15.82903,56.16095],[15.82895,56.16055],[15.82892,56.16024],[15.8289,56.15983],[15.82889,56.15905],[15.82886,56.15851],[15.82882,56.1567],[15.82882,56.1567],[15.82881,56.1567],[15.82702,56.15654],[15.82691,56.15547],[15.82877,56.15559],[15.82878,56.15559],[15.82878,56.15559],[15.82878,56.15559],[15.82872,56.1533],[15.82872,56.15312],[15.82871,56.15297],[15.82871,56.15285],[15.82868,56.15268],[15.82864,56.15251],[15.82861,56.15241],[15.82858,56.15231],[15.82853,56.15216],[15.82844,56.15193],[15.82837,56.15174],[15.8283,56.15158],[15.82825,56.15143],[15.82821,56.15129],[15.82817,56.15111],[15.82813,56.15091],[15.82806,56.1506],[15.82803,56.15042],[15.82799,56.15025],[15.82797,56.1501],[15.82795,56.14994],[15.82796,56.14977],[15.82795,56.14977],[15.82795,56.14977]],[[15.82701,56.15243],[15.82728,56.15197],[15.82766,56.15197],[15.82806,56.15265],[15.82722,56.15265],[15.82701,56.15243]]]},"properties":{"NVRID":"2000060","NAMN":"Hallarumsviken","SKYDDSTYP":"Naturreservat","LAN":"Blekinge Län","KOMMUN":"Karlskrona","IUCNKATEGORI":"IV, Habitat/Artskyddsområde (Habitat/Species Management Area)","FORVALTARE":"Länsstyrelsen i Blekinge län","AREA_HA":51.377,"URSPR_BESLUTSDATUM":"1973-05-07"}},{"type":"Feature","geometry":{"type":"Polygon","coordinates":[[[14.88,56.22987],[14.88043,56.2299],[14.88057,56.2299],[14.88071,56.22989],[14.88081,56.22986],[14.88168,56.22952],[14.88172,56.22981],[14.88217,56.23011],[14.88197,56.23035],[14.8817,56.23101],[14.88131,56.23109],[14.88131,56.23109],[14.88131,56.23109],[14.88238,56.23233],[14.88238,56.23233],[14.88299,56.23243],[14.88299,56.23243],[14.88351,56.23216],[14.88351,56.23216],[14.88356,56.23195],[14.88347,56.23174],[14.88412,56.23136],[14.88412,56.23136],[14.88412,56.23136],[14.88412,56.23136],[14.88407,56.23134],[14.88402,56.23125],[14.88372,56.23106],[14.88355,56.23089],[14.88349,56.23072],[14.88332,56.23043],[14.8833,56.2303],[14.8833,56.23018],[14.8833,56.22993],[14.88316,56.22978],[14.88311,56.22963],[14.88333,56.22948],[14.88416,56.22952],[14.88416,56.22952],[14.88416,56.22952],[14.88416,56.22952],[14.88418,56.22934],[14.88432,56.22911],[14.88447,56.22905],[14.88457,56.22887],[14.88473,56.22876],[14.88471,56.22863],[14.88475,56.22854],[14.88461,56.2284],[14.88442,56.2283],[14.88392,56.22824],[14.8837,56.22826],[14.88359,56.22827],[14.88359,56.22827],[14.88359,56.22827],[14.88357,56.2283],[14.88339,56.22844],[14.88241,56.22842],[14.88207,56.22845],[14.88187,56.22843],[14.88187,56.22843],[14.88157,56.22868],[14.88142,56.22873],[14.88074,56.22913],[14.88047,56.22967],[14.88042,56.22985],[14.88011,56.22983],[14.87984,56.22983],[14.87957,56.22985],[14.87957,56.22985],[14.87957,56.22985],[14.87957,56.22985],[14.87974,56.22996],[14.87974,56.22996],[14.87974,56.22996],[14.88,56.22987]]]},"properties":{"NVRID":"2200001","NAMN":"Tararps jättegrytor","SKYDDSTYP":"Naturreservat","LAN":"Blekinge Län","KOMMUN":"Karlshamn","IUCNKATEGORI":"IV, Habitat/Artskyddsområde (Habitat/Species Management Area)","FORVALTARE":"Länsstyrelsen i Blekinge län","AREA_HA":6.098,"URSPR_BESLUTSDATUM":"2025-07-08"}},{"type":"Feature","geometry":{"type":"MultiPolygon","coordinates":[[[[15.4259,56.22678],[15.42601,56.22666],[15.42615,56.22637],[15.4275,56.22614],[15.4275,56.22614],[15.4275,56.22614],[15.4275,56.22614],[15.4275,56.22613],[15.42738,56.2261],[15.42748,56.22594],[15.42748,56.22593],[15.4271,56.22534],[15.4277,56.2251],[15.42883,56.22405],[15.42939,56.22356],[15.42989,56.22349],[15.4299,56.22349],[15.43012,56.22309],[15.43079,56.22233],[15.43069,56.22172],[15.43087,56.22113],[15.4314,56.2207],[15.4314,56.2207],[15.4314,56.2207],[15.4314,56.2207],[15.43139,56.2207],[15.43085,56.22081],[15.43051,56.22093],[15.43051,56.22093],[15.43033,56.22112],[15.43028,56.22132],[15.43033,56.22161],[15.43033,56.22186],[15.43027,56.2222],[15.43019,56.22238],[15.43007,56.22251],[15.4292,56.2232],[15.42849,56.22377],[15.42789,56.22425],[15.42747,56.22457],[15.42709,56.22497],[15.42695,56.22504],[15.42678,56.22512],[15.42626,56.2253],[15.42576,56.22545],[15.42496,56.22565],[15.42459,56.22578],[15.42439,56.22587],[15.42399,56.22609],[15.4235,56.22638],[15.42288,56.22658],[15.42215,56.22686],[15.42215,56.22686],[15.42215,56.22686],[15.42215,56.22686],[15.42215,56.22686],[15.42349,56.22715],[15.42365,56.22719],[15.4253,56.22758],[15.42569,56.22767],[15.42569,56.22767],[15.42569,56.22767],[15.42579,56.22752],[15.4259,56.22678]]],[[[15.42261,56.2266],[15.42261,56.2266],[15.42261,56.2266],[15.42261,56.2266],[15.42261,56.2266],[15.42334,56.22636],[15.42383,56.22613],[15.42404,56.22599],[15.42445,56.22579],[15.42459,56.2257],[15.42484,56.22558],[15.42497,56.22554],[15.42593,56.22532],[15.42665,56.22506],[15.42691,56.22492],[15.42744,56.22451],[15.42781,56.22422],[15.42844,56.22372],[15.42914,56.22317],[15.42995,56.22252],[15.43012,56.22231],[15.43019,56.22209],[15.43025,56.2217],[15.4302,56.22132],[15.43023,56.2211],[15.43033,56.22095],[15.43058,56.22083],[15.43144,56.22064],[15.43181,56.22053],[15.4321,56.22041],[15.43234,56.22023],[15.43251,56.22004],[15.4327,56.21974],[15.43283,56.21956],[15.43297,56.21945],[15.43365,56.21899],[15.43394,56.21882],[15.43394,56.21882],[15.43394,56.21882],[15.43328,56.21853],[15.43165,56.21781],[15.43106,56.21755],[15.43052,56.2173],[15.43036,56.21717],[15.43036,56.21717],[15.43035,56.21716],[15.43035,56.21717],[15.43019,56.21734],[15.43006,56.21764],[15.43006,56.21764],[15.43006,56.21764],[15.43069,56.21778],[15.43037,56.218],[15.42949,56.21852],[15.42907,56.21831],[15.42907,56.21831],[15.42907,56.21831],[15.42852,56.21906],[15.42852,56.21946],[15.42876,56.21994],[15.42872,56.22069],[15.42837,56.22103],[15.42826,56.22143],[15.4282,56.22179],[15.42795,56.22223],[15.42731,56.22225],[15.42731,56.22225],[15.42731,56.22225],[15.42706,56.22417],[15.42627,56.22415],[15.42389,56.22411],[15.42372,56.22408],[15.42372,56.22408],[15.42372,56.22408],[15.42372,56.22408],[15.42372,56.22408],[15.42403,56.22444],[15.42402,56.22502],[15.424,56.22519],[15.424,56.2254],[15.42405,56.22554],[15.42406,56.22585],[15.4236,56.22613],[15.42323,56.22628],[15.42284,56.22641],[15.42267,56.22649],[15.42257,56.22652],[15.42257,56.22652],[15.42257,56.22652],[15.42263,56.22657],[15.42261,56.2266]]]]},"properties":{"NVRID":"2000046","NAMN":"Grindstugan","SKYDDSTYP":"Naturreservat","LAN":"Blekinge Län","KOMMUN":"Ronneby","IUCNKATEGORI":"IV, Habitat/Artskyddsområde (Habitat/Species Management Area)","FORVALTARE":"Länsstyrelsen i Blekinge län","AREA_HA":21.516,"URSPR_BESLUTSDATUM":"1981-01-21"}},{"type":"Feature","geometry":{"type":"Polygon","coordinates":[[[14.63617,56.00978],[14.63635,56.00978],[14.63772,56.00952],[14.63893,56.00918],[14.64018,56.00883],[14.64036,56.0088],[14.6407,56.00917],[14.64188,56.01037],[14.64188,56.01037],[14.64188,56.01037],[14.6425,56.01018],[14.6427,56.01042],[14.6433,56.01104],[14.64265,56.01117],[14.64265,56.01117],[14.64265,56.01117],[14.64265,56.01117],[14.64319,56.01173],[14.64319,56.01173],[14.64319,56.01173],[14.64484,56.01154],[14.64484,56.01154],[14.64484,56.01154],[14.64462,56.01125],[14.64565,56.01105],[14.64565,56.01104],[14.64565,56.01104],[14.64554,56.01091],[14.64648,56.01077],[14.64669,56.01104],[14.64669,56.01104],[14.64669,56.01104],[14.64848,56.01083],[14.64857,56.01109],[14.64857,56.01109],[14.64858,56.01109],[14.65,56.01092],[14.65308,56.01056],[14.65308,56.01056],[14.65308,56.01056],[14.65155,56.00479],[14.65155,56.00479],[14.65155,56.00479],[14.65058,56.00487],[14.64955,56.00498],[14.64812,56.0052],[14.64604,56.00523],[14.64146,56.00628],[14.63837,56.00699],[14.6372,56.00577],[14.6372,56.00577],[14.6372,56.00577],[14.6372,56.00577],[14.63653,56.00598],[14.63548,56.00624],[14.63472,56.00643],[14.6337,56.0066],[14.6337,56.0066],[14.6337,56.0066],[14.63353,56.00711],[14.63349,56.00724],[14.63349,56.00724],[14.63341,56.00751],[14.63334,56.00769],[14.63325,56.00794],[14.63292,56.00892],[14.63292,56.00892],[14.63292,56.00892],[14.63374,56.00918],[14.63453,56.00939],[14.63617,56.00978],[14.63617,56.00978],[14.63617,56.00978]],[[14.64852,56.00825],[14.64943,56.00821],[14.64945,56.00826],[14.6495,56.00843],[14.64959,56.00868],[14.64871,56.00859],[14.64865,56.00847],[14.64855,56.0083],[14.64852,56.00825]]]},"properties":{"NVRID":"2052425","NAMN":"Västra Torsö","SKYDDSTYP":"Naturreservat","LAN":"Blekinge Län","KOMMUN":"Sölvesborg","IUCNKATEGORI":"IV, Habitat/Artskyddsområde (Habitat/Species Management Area)","FORVALTARE":"Länsstyrelsen i Blekinge län","AREA_HA":58.744,"URSPR_BESLUTSDATUM":"2019-12-04"}},{"type":"Feature","geometry":{"type":"Polygon","coordinates":[[[15.06662,56.35048],[15.06722,56.35059],[15.06805,56.35076],[15.06805,56.35076],[15.06805,56.35076],[15.06809,56.35072],[15.0685,56.35067],[15.06869,56.35064],[15.06916,56.35067],[15.06944,56.35065],[15.06958,56.35073],[15.06959,56.35073],[15.06959,56.35073],[15.06959,56.35073],[15.06988,56.35052],[15.07033,56.35036],[15.07068,56.35069],[15.07068,56.35069],[15.07199,56.35054],[15.07196,56.35074],[15.07175,56.35088],[15.07155,56.35093],[15.07136,56.35102],[15.07131,56.35113],[15.07134,56.35167],[15.07139,56.35183],[15.07124,56.35235],[15.07126,56.35249],[15.0713,56.35275],[15.07155,56.35295],[15.07168,56.35323],[15.07172,56.35388],[15.07176,56.35397],[15.07176,56.35431],[15.07171,56.35443],[15.07159,56.35453],[15.07159,56.35453],[15.07161,56.35466],[15.07175,56.35476],[15.07175,56.35476],[15.07217,56.35479],[15.07233,56.3548],[15.07233,56.3548],[15.07247,56.35466],[15.07246,56.35459],[15.07274,56.35451],[15.07297,56.35453],[15.07308,56.35465],[15.07321,56.35495],[15.07334,56.35509],[15.07393,56.35532],[15.07391,56.35538],[15.07394,56.3555],[15.07382,56.35568],[15.07379,56.35583],[15.07389,56.35594],[15.07389,56.35594],[15.07409,56.35604],[15.07427,56.35606],[15.07431,56.35616],[15.07418,56.35624],[15.07382,56.35632],[15.07359,56.35642],[15.07325,56.35653],[15.07233,56.35671],[15.07211,56.35675],[15.07187,56.35655],[15.07167,56.35614],[15.07167,56.35614],[15.07167,56.35614],[15.07167,56.35614],[15.07129,56.3563],[15.0707,56.35661],[15.06932,56.35708],[15.06932,56.35708],[15.0693,56.3571],[15.06839,56.35741],[15.06839,56.35741],[15.06839,56.35741],[15.06839,56.35742],[15.06893,56.35758],[15.06954,56.35769],[15.07012,56.35776],[15.07066,56.35782],[15.07128,56.35789],[15.07188,56.35809],[15.07209,56.35824],[15.07233,56.35862],[15.07242,56.35882],[15.07254,56.35894],[15.07274,56.35906],[15.0729,56.35911],[15.07309,56.35914],[15.07318,56.35914],[15.07336,56.35911],[15.07358,56.35909],[15.07367,56.35907],[15.07378,56.35906],[15.07424,56.35903],[15.07478,56.35902],[15.07495,56.35903],[15.07551,56.35903],[15.07551,56.35903],[15.07552,56.35903],[15.07618,56.35904],[15.07624,56.35904],[15.07693,56.35902],[15.07693,56.35903],[15.07693,56.35903],[15.07693,56.35903],[15.0778,56.35905],[15.0778,56.35905],[15.0778,56.35905],[15.0778,56.35905],[15.07779,56.35899],[15.07782,56.35894],[15.07785,56.35877],[15.07786,56.35869],[15.07808,56.35849],[15.07853,56.35799],[15.07901,56.35762],[15.07909,56.35722],[15.07912,56.35679],[15.07925,56.35642],[15.07928,56.35634],[15.07928,56.35634],[15.07889,56.35616],[15.07878,56.35612],[15.07866,56.35607],[15.07847,56.35599],[15.07832,56.35593],[15.078,56.35579],[15.0777,56.35566],[15.07769,56.35566],[15.07725,56.35585],[15.07701,56.35592],[15.07668,56.35589],[15.07638,56.35562],[15.07614,56.35528],[15.07612,56.35518],[15.07605,56.35479],[15.07605,56.35465],[15.076,56.3545],[15.07578,56.35403],[15.07561,56.35373],[15.07515,56.35318],[15.07559,56.35318],[15.0756,56.35318],[15.0756,56.35317],[15.0756,56.35317],[15.07547,56.35286],[15.0756,56.35274],[15.0756,56.35274],[15.07499,56.35231],[15.07483,56.35213],[15.07537,56.35171],[15.07586,56.35165],[15.0762,56.35149],[15.0762,56.35149],[15.07619,56.35126],[15.07619,56.35126],[15.07619,56.35126],[15.07596,56.35119],[15.0759,56.35081],[15.0759,56.35081],[15.07568,56.35075],[15.07555,56.35067],[15.07528,56.35046],[15.07522,56.35035],[15.07559,56.35033],[15.07559,56.35033],[15.07559,56.35033],[15.07559,56.35032],[15.07541,56.35019],[15.07507,56.34995],[15.07502,56.34993],[15.07494,56.34972],[15.07503,56.34932],[15.07495,56.34896],[15.07494,56.34877],[15.07491,56.34866],[15.07473,56.34817],[15.07475,56.34805],[15.07484,56.34772],[15.0747,56.34743],[15.07465,56.34719],[15.07456,56.34711],[15.07456,56.34711],[15.07387,56.34711],[15.0728,56.34706],[15.07243,56.34707],[15.07133,56.34712],[15.07131,56.34695],[15.07124,56.34686],[15.07111,56.34673],[15.07097,56.34666],[15.07061,56.34659],[15.07023,56.34658],[15.06996,56.34648],[15.06993,56.34642],[15.06998,56.34632],[15.07004,56.34623],[15.07014,56.34619],[15.07017,56.34622],[15.07017,56.34622],[15.07017,56.34622],[15.07036,56.34616],[15.07036,56.34616],[15.07036,56.34615],[15.07033,56.34612],[15.07023,56.34605],[15.07046,56.34582],[15.07058,56.34582],[15.07058,56.34582],[15.07058,56.34582],[15.07062,56.34576],[15.07059,56.3457],[15.07073,56.34552],[15.07262,56.34556],[15.07342,56.34558],[15.07374,56.34559],[15.07431,56.3456],[15.07526,56.34563],[15.07844,56.34571],[15.07844,56.34571],[15.07844,56.34571],[15.07844,56.34571],[15.07868,56.34398],[15.07868,56.34398],[15.07867,56.34398],[15.07867,56.34398],[15.07812,56.34406],[15.07786,56.34411],[15.0776,56.34415],[15.07713,56.34415],[15.077,56.34407],[15.07691,56.34393],[15.07691,56.34393],[15.07691,56.34393],[15.07533,56.34393],[15.07527,56.34393],[15.07487,56.34396],[15.07364,56.34406],[15.07361,56.34375],[15.07349,56.34361],[15.07309,56.34317],[15.07308,56.34317],[15.07202,56.34318],[15.07202,56.34318],[15.07202,56.34318],[15.07129,56.34437],[15.06978,56.34424],[15.06978,56.34424],[15.06978,56.34424],[15.06978,56.34424],[15.06978,56.34424],[15.07004,56.3447],[15.07008,56.34496],[15.06982,56.34521],[15.06968,56.34558],[15.06968,56.34558],[15.06969,56.34559],[15.0696,56.34569],[15.06955,56.34599],[15.06943,56.34618],[15.06905,56.34643],[15.06905,56.34643],[15.06903,56.34679],[15.06893,56.34692],[15.06876,56.34736],[15.06879,56.34747],[15.06849,56.34765],[15.06848,56.34767],[15.06819,56.34789],[15.06797,56.34809],[15.06748,56.34832],[15.06724,56.34842],[15.06712,56.34846],[15.06694,56.34859],[15.06678,56.34877],[15.0665,56.349],[15.06606,56.34916],[15.06595,56.34927],[15.06583,56.34933],[15.06565,56.34979],[15.06528,56.35007],[15.06447,56.35035],[15.06447,56.35035],[15.06425,56.3507],[15.06357,56.35111],[15.06362,56.35172],[15.06362,56.35172],[15.06362,56.35172],[15.06362,56.35172],[15.06362,56.35172],[15.06431,56.35127],[15.06455,56.3511],[15.06507,56.35089],[15.0654,56.3508],[15.06604,56.35061],[15.06616,56.35059],[15.06637,56.35057],[15.06637,56.35057],[15.06646,56.35051],[15.06662,56.35048]],[[15.06901,56.34807],[15.06912,56.34799],[15.06912,56.34799],[15.06912,56.34799],[15.06908,56.34796],[15.06918,56.34791],[15.06934,56.348],[15.0691,56.34811],[15.06901,56.34807]]]},"properties":{"NVRID":"2045458","NAMN":"Hålabäcksmaderna","SKYDDSTYP":"Naturreservat","LAN":"Blekinge Län","KOMMUN":"Ronneby","IUCNKATEGORI":"IV, Habitat/Artskyddsområde (Habitat/Species Management Area)","FORVALTARE":"Länsstyrelsen i Blekinge län","AREA_HA":61.501,"URSPR_BESLUTSDATUM":"2016-06-21"}},{"type":"Feature","geometry":{"type":"MultiPolygon","coordinates":[[[[15.4376,56.3553],[15.43759,56.3553],[15.43759,56.3553],[15.4376,56.35594],[15.43768,56.35634],[15.43772,56.35662],[15.43788,56.35704],[15.43813,56.35792],[15.43829,56.35865],[15.43833,56.35888],[15.43833,56.35888],[15.43834,56.35888],[15.4401,56.35842],[15.4401,56.35842],[15.4401,56.35842],[15.43955,56.35714],[15.43926,56.35606],[15.43979,56.35563],[15.441,56.35543],[15.441,56.35543],[15.44123,56.35521],[15.44137,56.35513],[15.44165,56.35495],[15.44176,56.35485],[15.44189,56.35467],[15.44188,56.35459],[15.44174,56.35446],[15.44141,56.35435],[15.44107,56.35432],[15.43997,56.35438],[15.43952,56.35437],[15.43931,56.35437],[15.43912,56.35434],[15.43894,56.35428],[15.4387,56.35422],[15.43861,56.35419],[15.43861,56.35419],[15.43861,56.35419],[15.43861,56.35419],[15.43849,56.35514],[15.43833,56.35524],[15.4376,56.3553]]],[[[15.42669,56.35518],[15.42669,56.35518],[15.42669,56.35517],[15.42675,56.35452],[15.42774,56.35405],[15.42774,56.35405],[15.42776,56.35402],[15.42797,56.3539],[15.42802,56.35382],[15.42804,56.35376],[15.42803,56.35359],[15.42801,56.35339],[15.42798,56.35323],[15.4279,56.35299],[15.42791,56.35278],[15.42793,56.35254],[15.42796,56.35239],[15.42801,56.35223],[15.4281,56.35209],[15.4281,56.35209],[15.4281,56.35209],[15.42775,56.35203],[15.42782,56.35169],[15.42821,56.35132],[15.42855,56.3514],[15.42855,56.3514],[15.42855,56.35139],[15.42863,56.35133],[15.4287,56.3512],[15.42877,56.35104],[15.42886,56.3508],[15.42894,56.35056],[15.42905,56.35031],[15.42912,56.35018],[15.42924,56.35003],[15.42967,56.3495],[15.42997,56.34906],[15.43004,56.3489],[15.43006,56.34874],[15.43005,56.34854],[15.43001,56.34838],[15.42994,56.34822],[15.42982,56.3481],[15.42963,56.34794],[15.42942,56.34774],[15.42942,56.34774],[15.42942,56.34774],[15.42902,56.34782],[15.4288,56.34751],[15.42867,56.34725],[15.42872,56.34722],[15.42911,56.3472],[15.42911,56.3472],[15.42911,56.3472],[15.42914,56.34715],[15.42918,56.34702],[15.42927,56.3468],[15.4293,56.34671],[15.42963,56.34592],[15.42976,56.34561],[15.42976,56.3456],[15.42976,56.3456],[15.42913,56.34552],[15.42927,56.34516],[15.42991,56.34524],[15.42991,56.34524],[15.42991,56.34524],[15.43015,56.34467],[15.43029,56.34436],[15.43035,56.34419],[15.43038,56.34406],[15.43041,56.34393],[15.43041,56.34393],[15.42882,56.3431],[15.42882,56.3431],[15.42881,56.3431],[15.42881,56.3431],[15.42801,56.34407],[15.42781,56.34441],[15.42717,56.34523],[15.42706,56.3454],[15.42684,56.34579],[15.42678,56.34593],[15.42672,56.34614],[15.4267,56.34655],[15.42662,56.34696],[15.42654,56.34741],[15.42643,56.3477],[15.42636,56.34795],[15.42606,56.34847],[15.42561,56.34914],[15.42519,56.34976],[15.42482,56.35026],[15.42465,56.35052],[15.42452,56.35071],[15.42441,56.35097],[15.42428,56.3513],[15.42418,56.35158],[15.42423,56.3519],[15.42424,56.35215],[15.42432,56.35234],[15.42512,56.35344],[15.42528,56.35382],[15.42549,56.35411],[15.4257,56.35441],[15.42578,56.3546],[15.42583,56.35471],[15.42592,56.35491],[15.42609,56.35522],[15.42608,56.35557],[15.42613,56.35609],[15.4262,56.35621],[15.42616,56.35666],[15.42619,56.35733],[15.42632,56.35847],[15.4264,56.35947],[15.4264,56.35976],[15.42641,56.35976],[15.42641,56.35976],[15.42689,56.35973],[15.42689,56.35973],[15.42689,56.35973],[15.42685,56.35957],[15.42681,56.35944],[15.42679,56.35927],[15.42676,56.35905],[15.42673,56.35855],[15.42665,56.35808],[15.4266,56.35742],[15.42656,56.35721],[15.42651,56.35694],[15.42647,56.35657],[15.42644,56.35635],[15.42643,56.35623],[15.42638,56.35607],[15.42633,56.35599],[15.42638,56.35588],[15.42648,56.35572],[15.42648,56.35572],[15.42641,56.35567],[15.4261,56.35554],[15.42616,56.3552],[15.42669,56.35518]]],[[[15.42774,56.35848],[15.42774,56.35848],[15.42764,56.35876],[15.42802,56.35913],[15.4281,56.35941],[15.42805,56.35952],[15.42791,56.35967],[15.42791,56.35967],[15.42791,56.35967],[15.42791,56.35967],[15.43127,56.35948],[15.43296,56.36024],[15.43315,56.36086],[15.43315,56.36086],[15.43434,56.36126],[15.43608,56.36146],[15.43609,56.36146],[15.43609,56.36146],[15.43609,56.36146],[15.43609,56.36146],[15.43544,56.36083],[15.43658,56.35934],[15.43813,56.35894],[15.43813,56.35894],[15.43813,56.35894],[15.43807,56.35866],[15.43791,56.35794],[15.43767,56.35707],[15.43751,56.35664],[15.43746,56.35635],[15.43738,56.35595],[15.43732,56.3554],[15.43731,56.355],[15.43731,56.355],[15.43609,56.35464],[15.43609,56.35464],[15.43609,56.35464],[15.43609,56.35464],[15.43609,56.35464],[15.43626,56.35489],[15.43604,56.35525],[15.43615,56.35555],[15.43606,56.35579],[15.43652,56.35676],[15.4365,56.35714],[15.43611,56.35805],[15.4359,56.3585],[15.43537,56.359],[15.43468,56.35928],[15.4327,56.35925],[15.43196,56.35855],[15.43115,56.35764],[15.4324,56.35736],[15.4324,56.35736],[15.4324,56.35736],[15.43192,56.35682],[15.43192,56.35626],[15.4329,56.35593],[15.43411,56.35593],[15.43411,56.35593],[15.43411,56.35593],[15.4342,56.35552],[15.43432,56.35517],[15.43451,56.35476],[15.43484,56.35445],[15.43521,56.35414],[15.43533,56.35407],[15.43534,56.35406],[15.43534,56.35406],[15.43533,56.35406],[15.43473,56.35386],[15.43442,56.35371],[15.43395,56.35348],[15.43395,56.35332],[15.43395,56.35332],[15.43395,56.35332],[15.43378,56.3533],[15.4333,56.35333],[15.43289,56.35324],[15.4327,56.35312],[15.43245,56.35304],[15.4321,56.35294],[15.43172,56.35292],[15.43158,56.35297],[15.43119,56.35308],[15.43066,56.353],[15.43045,56.35289],[15.4303,56.35275],[15.42986,56.35245],[15.42978,56.35228],[15.42983,56.35211],[15.42983,56.35211],[15.42966,56.35201],[15.42965,56.35201],[15.42915,56.35201],[15.42879,56.35204],[15.42832,56.35209],[15.42823,56.35209],[15.42823,56.35209],[15.42814,56.35225],[15.42809,56.35241],[15.42806,56.35255],[15.42804,56.35278],[15.42804,56.35299],[15.42809,56.35322],[15.42815,56.35344],[15.42817,56.35377],[15.42812,56.35386],[15.42812,56.35386],[15.42843,56.35422],[15.42862,56.35459],[15.42901,56.3551],[15.42901,56.3551],[15.42934,56.35523],[15.42949,56.35533],[15.42966,56.35547],[15.42971,56.35574],[15.42959,56.3561],[15.42951,56.35652],[15.42934,56.35725],[15.42921,56.35738],[15.42881,56.35755],[15.42881,56.35755],[15.42881,56.3577],[15.42857,56.35793],[15.42848,56.35817],[15.42774,56.35848]]],[[[15.42634,56.36823],[15.42633,56.36823],[15.42573,56.36835],[15.4253,56.36836],[15.42489,56.36833],[15.42418,56.36814],[15.42418,56.36814],[15.42418,56.36814],[15.42418,56.36814],[15.42407,56.36844],[15.42405,56.36855],[15.42405,56.36855],[15.42494,56.36894],[15.42578,56.36914],[15.42628,56.36933],[15.42651,56.36952],[15.42736,56.3698],[15.42767,56.37035],[15.42768,56.37036],[15.42768,56.37036],[15.42807,56.37033],[15.42826,56.37033],[15.42854,56.37031],[15.42868,56.37031],[15.42884,56.37071],[15.42871,56.3709],[15.42871,56.3709],[15.42871,56.3709],[15.42891,56.37102],[15.42834,56.37129],[15.42834,56.37129],[15.42834,56.37129],[15.42834,56.37129],[15.42898,56.37151],[15.42935,56.37198],[15.42935,56.37198],[15.42935,56.37198],[15.43039,56.37167],[15.43078,56.37166],[15.43104,56.37254],[15.43112,56.37294],[15.42997,56.37302],[15.42997,56.37302],[15.42997,56.37302],[15.42996,56.37302],[15.43,56.37319],[15.43012,56.37336],[15.43011,56.37363],[15.42994,56.37376],[15.43001,56.37392],[15.43001,56.37392],[15.43001,56.37392],[15.43042,56.37391],[15.43043,56.37391],[15.4306,56.37378],[15.43119,56.37368],[15.43119,56.37368],[15.43119,56.37368],[15.43115,56.37323],[15.43134,56.37322],[15.43274,56.37309],[15.43312,56.37305],[15.43312,56.37305],[15.4337,56.37237],[15.43366,56.37215],[15.433,56.37135],[15.43298,56.37132],[15.4328,56.37111],[15.43272,56.37085],[15.43274,56.37074],[15.43257,56.37041],[15.43275,56.37029],[15.43359,56.3701],[15.43359,56.37009],[15.43359,56.37009],[15.43364,56.36985],[15.43356,56.36955],[15.43356,56.36955],[15.43277,56.36914],[15.43239,56.36914],[15.43197,56.36915],[15.43179,56.36884],[15.4317,56.36868],[15.43155,56.36854],[15.43137,56.36833],[15.43128,56.36827],[15.43131,56.36809],[15.43159,56.36781],[15.43169,56.36751],[15.43164,56.36726],[15.43147,56.36671],[15.43145,56.36641],[15.43145,56.36641],[15.43131,56.36636],[15.43112,56.36625],[15.43103,56.36603],[15.43096,56.36586],[15.43096,56.36586],[15.43076,56.36576],[15.4306,56.3656],[15.43054,56.36536],[15.43024,56.36506],[15.43012,56.36481],[15.43041,56.36463],[15.43041,56.36463],[15.43035,56.36449],[15.43101,56.36439],[15.43102,56.36439],[15.43102,56.36439],[15.43051,56.36288],[15.42986,56.36225],[15.42975,56.36211],[15.42951,56.36177],[15.4294,56.36158],[15.42905,56.3612],[15.42895,56.36095],[15.42878,56.36086],[15.42813,56.36061],[15.42796,56.36012],[15.42784,56.35984],[15.42767,56.35969],[15.42767,56.35968],[15.42767,56.35968],[15.42698,56.35973],[15.42697,56.35973],[15.42697,56.35973],[15.42708,56.36002],[15.42712,56.36011],[15.42733,56.36053],[15.42743,56.3607],[15.42751,56.36085],[15.4277,56.3612],[15.42764,56.36125],[15.4269,56.36128],[15.4269,56.36128],[15.4269,56.36128],[15.42746,56.36839],[15.42687,56.36843],[15.42634,56.36823]],[[15.42878,56.36271],[15.42861,56.36241],[15.42886,56.36237],[15.42908,56.36263],[15.42878,56.36271]]],[[[15.41929,56.35249],[15.41965,56.35256],[15.42032,56.35268],[15.42084,56.35271],[15.42101,56.3527],[15.42173,56.35261],[15.42123,56.35292],[15.42102,56.35341],[15.42071,56.35393],[15.4201,56.35448],[15.41976,56.35469],[15.41976,56.35469],[15.41976,56.35469],[15.41976,56.35469],[15.4229,56.35631],[15.42214,56.35721],[15.42176,56.35747],[15.42176,56.35747],[15.42218,56.3581],[15.42215,56.35825],[15.42215,56.35825],[15.42215,56.35825],[15.42345,56.3586],[15.42414,56.35921],[15.42563,56.35942],[15.42569,56.36006],[15.42569,56.36006],[15.42595,56.36012],[15.42614,56.36012],[15.42614,56.36012],[15.42614,56.36012],[15.42614,56.3601],[15.42611,56.35967],[15.42611,56.35932],[15.42599,56.35833],[15.42592,56.35764],[15.42578,56.35674],[15.42576,56.35656],[15.42575,56.35555],[15.42547,56.35468],[15.42514,56.35405],[15.42419,56.35286],[15.42395,56.35253],[15.42392,56.35227],[15.42381,56.35186],[15.42384,56.35129],[15.42396,56.35089],[15.4243,56.35023],[15.42509,56.34923],[15.42559,56.34849],[15.4258,56.34815],[15.42602,56.34765],[15.42604,56.34727],[15.4261,56.34696],[15.42615,56.34657],[15.42627,56.34602],[15.42639,56.34575],[15.42702,56.34495],[15.4273,56.34454],[15.42859,56.34299],[15.42859,56.34298],[15.42859,56.34298],[15.42811,56.34274],[15.42811,56.34274],[15.42811,56.34274],[15.42805,56.34277],[15.4279,56.34289],[15.42757,56.34347],[15.42728,56.34384],[15.42693,56.34421],[15.42629,56.34533],[15.42611,56.34554],[15.42593,56.34568],[15.42463,56.34561],[15.42352,56.3454],[15.42352,56.3454],[15.42352,56.3454],[15.42159,56.34731],[15.42159,56.34731],[15.42159,56.34731],[15.42238,56.3477],[15.42214,56.3478],[15.4219,56.34792],[15.4219,56.34792],[15.4219,56.34792],[15.42217,56.34815],[15.42181,56.34836],[15.42147,56.34855],[15.42122,56.34884],[15.42135,56.34907],[15.42087,56.3495],[15.4207,56.34962],[15.42015,56.34979],[15.41973,56.35026],[15.41914,56.35055],[15.41914,56.35055],[15.41914,56.35055],[15.41933,56.35073],[15.41928,56.3508],[15.41917,56.35092],[15.41915,56.351],[15.41921,56.35114],[15.41927,56.35129],[15.41933,56.35139],[15.41934,56.35147],[15.41921,56.35162],[15.41891,56.35179],[15.41859,56.35195],[15.41829,56.35213],[15.41788,56.35234],[15.41752,56.35247],[15.41724,56.35258],[15.41707,56.35266],[15.41685,56.35273],[15.41661,56.35298],[15.4166,56.35299],[15.41656,56.35305],[15.41656,56.35305],[15.41694,56.35324],[15.41694,56.35324],[15.41694,56.35324],[15.41823,56.35245],[15.41847,56.35237],[15.41929,56.35249]]]]},"properties":{"NVRID":"2000034","NAMN":"Alnaryd","SKYDDSTYP":"Naturreservat","LAN":"Blekinge Län","KOMMUN":"Karlskrona","IUCNKATEGORI":"IV, Habitat/Artskyddsområde (Habitat/Species Management Area)","FORVALTARE":"Länsstyrelsen i Blekinge län","AREA_HA":136.013,"URSPR_BESLUTSDATUM":"1981-02-02"}},{"type":"Feature","geometry":{"type":"Polygon","coordinates":[[[15.08136,56.15289],[15.08133,56.1529],[15.0813,56.15292],[15.0813,56.15292],[15.0813,56.15292],[15.08247,56.15334],[15.08321,56.15361],[15.08389,56.15386],[15.08389,56.15407],[15.08389,56.15407],[15.08389,56.15407],[15.0844,56.15421],[15.0844,56.15421],[15.0844,56.15421],[15.08447,56.15417],[15.08457,56.15417],[15.08457,56.1543],[15.08461,56.15438],[15.08463,56.15443],[15.08466,56.15446],[15.08473,56.15452],[15.0848,56.15457],[15.08496,56.15467],[15.08504,56.15472],[15.08511,56.15478],[15.08518,56.15483],[15.08526,56.15485],[15.08535,56.15486],[15.08554,56.15485],[15.08568,56.15484],[15.08581,56.15481],[15.086,56.15474],[15.08622,56.15468],[15.08633,56.15464],[15.08645,56.15457],[15.08656,56.15455],[15.0867,56.15452],[15.08704,56.15457],[15.08725,56.15457],[15.08752,56.15458],[15.08769,56.15459],[15.08774,56.15459],[15.08794,56.15459],[15.08797,56.15459],[15.08799,56.15459],[15.08808,56.15457],[15.08838,56.15457],[15.08875,56.15456],[15.08909,56.15445],[15.08909,56.15445],[15.08909,56.15445],[15.08907,56.1543],[15.08904,56.1539],[15.089,56.15343],[15.08898,56.15315],[15.08955,56.15309],[15.08997,56.15302],[15.09029,56.15296],[15.0906,56.15293],[15.09071,56.15293],[15.09094,56.15297],[15.09122,56.15302],[15.09142,56.15304],[15.09142,56.15304],[15.09145,56.15302],[15.09166,56.15299],[15.09208,56.15289],[15.09238,56.15285],[15.09317,56.15266],[15.09346,56.15265],[15.09375,56.15264],[15.0957,56.1526],[15.09571,56.1526],[15.09571,56.15261],[15.09571,56.15261],[15.09571,56.1526],[15.0958,56.15255],[15.09589,56.15252],[15.09604,56.15252],[15.09616,56.15249],[15.09625,56.15248],[15.09625,56.15248],[15.09629,56.15241],[15.09628,56.15233],[15.09621,56.15223],[15.0962,56.15215],[15.0963,56.15207],[15.09637,56.15207],[15.09644,56.15213],[15.09647,56.1522],[15.09655,56.15223],[15.09674,56.15222],[15.09692,56.15221],[15.0971,56.15219],[15.09723,56.15216],[15.09729,56.15217],[15.09729,56.15217],[15.09729,56.15217],[15.09741,56.15207],[15.09745,56.15202],[15.09745,56.15196],[15.09745,56.15196],[15.0974,56.15194],[15.0974,56.15194],[15.0974,56.15194],[15.09735,56.15198],[15.09718,56.15196],[15.09707,56.15199],[15.09699,56.15204],[15.09691,56.15206],[15.09679,56.15205],[15.09667,56.15205],[15.09653,56.15205],[15.09648,56.15201],[15.09646,56.15192],[15.09645,56.15188],[15.09645,56.15188],[15.09645,56.15188],[15.09637,56.15189],[15.09631,56.15192],[15.09618,56.15194],[15.09605,56.15194],[15.09596,56.15194],[15.09596,56.15194],[15.09596,56.15194],[15.09595,56.15197],[15.09589,56.15202],[15.09586,56.15205],[15.09574,56.152],[15.09566,56.15193],[15.09551,56.15181],[15.09535,56.15174],[15.0952,56.15166],[15.09505,56.15159],[15.09491,56.15151],[15.09477,56.15144],[15.09459,56.15135],[15.09445,56.15129],[15.09429,56.15125],[15.09411,56.15123],[15.09393,56.15123],[15.09376,56.15124],[15.09363,56.15124],[15.09345,56.15128],[15.09324,56.15129],[15.093,56.15129],[15.09284,56.15129],[15.09264,56.15128],[15.09252,56.15126],[15.09236,56.15119],[15.09219,56.15111],[15.09205,56.15103],[15.0919,56.15097],[15.09179,56.15095],[15.09165,56.15093],[15.09166,56.15086],[15.09167,56.15079],[15.09167,56.15079],[15.09161,56.15075],[15.09161,56.15075],[15.09151,56.15077],[15.09151,56.15077],[15.09148,56.15081],[15.09146,56.15086],[15.09143,56.15088],[15.09131,56.15089],[15.09125,56.1509],[15.09107,56.15093],[15.09092,56.15098],[15.09079,56.15101],[15.09068,56.15104],[15.09058,56.15102],[15.09056,56.15096],[15.09062,56.15092],[15.09075,56.15094],[15.09075,56.15094],[15.09084,56.15089],[15.0909,56.15086],[15.09099,56.15084],[15.09099,56.15084],[15.091,56.1508],[15.091,56.1508],[15.091,56.1508],[15.09087,56.15079],[15.09071,56.1508],[15.0906,56.15082],[15.09052,56.15084],[15.09046,56.15087],[15.09046,56.15088],[15.09045,56.15092],[15.09041,56.15091],[15.09036,56.15086],[15.09028,56.15082],[15.09021,56.1508],[15.09011,56.1508],[15.09,56.15083],[15.09,56.15083],[15.08999,56.15083],[15.09,56.15087],[15.09002,56.15092],[15.09002,56.15092],[15.09011,56.15093],[15.09019,56.15095],[15.09016,56.15101],[15.09009,56.15106],[15.09007,56.15109],[15.09006,56.15112],[15.09006,56.15116],[15.09004,56.15121],[15.09003,56.15129],[15.09003,56.15129],[15.09003,56.15129],[15.09011,56.1513],[15.09014,56.15135],[15.09009,56.15139],[15.09002,56.15142],[15.09002,56.15142],[15.08999,56.15149],[15.08997,56.15156],[15.08992,56.15163],[15.08986,56.15168],[15.08975,56.15173],[15.08968,56.15175],[15.08961,56.15171],[15.08955,56.15168],[15.08955,56.15168],[15.08946,56.1517],[15.08932,56.15169],[15.08919,56.15168],[15.08912,56.15165],[15.08913,56.1516],[15.08925,56.1516],[15.08933,56.15159],[15.08945,56.1516],[15.08956,56.15157],[15.08968,56.15156],[15.0897,56.15154],[15.0897,56.15154],[15.08967,56.15144],[15.08959,56.15139],[15.08949,56.15138],[15.08939,56.15136],[15.08926,56.15138],[15.08915,56.15134],[15.08905,56.15131],[15.08894,56.15126],[15.08891,56.15123],[15.0889,56.15123],[15.08887,56.15118],[15.08885,56.15113],[15.08877,56.15108],[15.08873,56.15103],[15.08874,56.15098],[15.0888,56.15097],[15.0888,56.15097],[15.08885,56.15091],[15.08885,56.15091],[15.08882,56.15086],[15.08882,56.15086],[15.08875,56.15084],[15.0886,56.1508],[15.0886,56.1508],[15.08846,56.15082],[15.08835,56.15083],[15.08826,56.15087],[15.08826,56.15087],[15.08822,56.15095],[15.08822,56.15095],[15.08827,56.15102],[15.08827,56.15102],[15.08834,56.15103],[15.08842,56.15106],[15.08849,56.15109],[15.08858,56.15114],[15.0886,56.15118],[15.08856,56.15127],[15.08856,56.15127],[15.08865,56.15133],[15.0888,56.15139],[15.08887,56.15148],[15.0889,56.15154],[15.08886,56.15161],[15.0888,56.15166],[15.08861,56.15166],[15.08845,56.15168],[15.08828,56.1517],[15.08814,56.15169],[15.08799,56.15167],[15.08788,56.15167],[15.08781,56.15166],[15.08773,56.15166],[15.08773,56.15166],[15.08767,56.15171],[15.08762,56.15178],[15.08762,56.15178],[15.08763,56.15182],[15.08751,56.15183],[15.08741,56.15184],[15.08734,56.15179],[15.08725,56.15175],[15.08725,56.15175],[15.08711,56.15176],[15.08696,56.15174],[15.08688,56.15173],[15.08679,56.15168],[15.08668,56.15166],[15.08664,56.15165],[15.08664,56.15165],[15.08653,56.15168],[15.0864,56.15171],[15.08626,56.15172],[15.08612,56.15172],[15.08598,56.15168],[15.08591,56.15157],[15.08589,56.15149],[15.08584,56.1514],[15.08584,56.15134],[15.08603,56.15134],[15.08616,56.15139],[15.0863,56.15141],[15.08643,56.15141],[15.08655,56.15136],[15.08655,56.15136],[15.08658,56.15128],[15.08657,56.15116],[15.08652,56.15109],[15.08645,56.15106],[15.08645,56.15106],[15.08629,56.15106],[15.08628,56.15106],[15.08616,56.15111],[15.0861,56.15111],[15.0861,56.15111],[15.08605,56.15116],[15.08604,56.15122],[15.08595,56.15124],[15.08576,56.15122],[15.08558,56.15118],[15.08547,56.15117],[15.08537,56.15118],[15.08525,56.15121],[15.08516,56.15128],[15.08512,56.15133],[15.08502,56.15136],[15.08482,56.15138],[15.08458,56.1514],[15.08443,56.15142],[15.08423,56.15143],[15.08404,56.15147],[15.08394,56.1515],[15.08381,56.15153],[15.08366,56.15158],[15.08355,56.15163],[15.08342,56.15164],[15.08326,56.15165],[15.08316,56.15164],[15.08309,56.15161],[15.08305,56.15158],[15.08305,56.15158],[15.08305,56.15158],[15.08292,56.1516],[15.08277,56.15163],[15.08259,56.15165],[15.08241,56.15168],[15.0822,56.15172],[15.08202,56.15173],[15.08179,56.15173],[15.08167,56.15173],[15.08167,56.15173],[15.08156,56.15179],[15.08132,56.15182],[15.08114,56.15186],[15.08101,56.15189],[15.08083,56.15193],[15.08071,56.15197],[15.08064,56.15201],[15.08058,56.15204],[15.08047,56.15206],[15.08038,56.15208],[15.08038,56.15208],[15.08033,56.15216],[15.08029,56.15224],[15.08022,56.1523],[15.08022,56.1523],[15.08024,56.15233],[15.08025,56.15238],[15.08023,56.15246],[15.08024,56.15255],[15.08032,56.1526],[15.08039,56.15267],[15.08051,56.15271],[15.08064,56.15273],[15.08081,56.15274],[15.08096,56.15277],[15.08106,56.15279],[15.08112,56.15282],[15.08112,56.15282],[15.08141,56.15282],[15.08141,56.15284],[15.08136,56.15289]]]},"properties":{"NVRID":"2043228","NAMN":"Garnanäs","SKYDDSTYP":"Naturreservat","LAN":"Blekinge Län","KOMMUN":"Ronneby","IUCNKATEGORI":"IV, Habitat/Artskyddsområde (Habitat/Species Management Area)","FORVALTARE":"Länsstyrelsen i Blekinge län","AREA_HA":22.263,"URSPR_BESLUTSDATUM":"2014-12-10"}},{"type":"Feature","geometry":{"type":"Polygon","coordinates":[[[14.51703,56.30152],[14.51703,56.30152],[14.51741,56.30145],[14.51755,56.30147],[14.51755,56.30147],[14.5186,56.30114],[14.51911,56.30121],[14.51975,56.3012],[14.52027,56.3012],[14.52105,56.30119],[14.52105,56.30119],[14.52105,56.30119],[14.52105,56.3011],[14.52318,56.30108],[14.52318,56.30108],[14.52318,56.30108],[14.52328,56.30075],[14.52348,56.30034],[14.52324,56.29963],[14.52288,56.29899],[14.52257,56.29858],[14.5223,56.29831],[14.52219,56.29806],[14.5218,56.29742],[14.52146,56.29688],[14.5213,56.29666],[14.52108,56.2965],[14.52108,56.2965],[14.52108,56.2965],[14.52108,56.2965],[14.52009,56.29689],[14.51984,56.29689],[14.5195,56.29696],[14.51787,56.29781],[14.5178,56.29803],[14.5179,56.2984],[14.51764,56.29884],[14.51745,56.29924],[14.51722,56.29949],[14.51713,56.29992],[14.51697,56.30036],[14.51687,56.30079],[14.51675,56.30105],[14.51676,56.30143],[14.51676,56.30144],[14.51703,56.30152]]]},"properties":{"NVRID":"2000453","NAMN":"Holje","SKYDDSTYP":"Naturreservat","LAN":"Blekinge Län","KOMMUN":"Olofström","IUCNKATEGORI":"IV, Habitat/Artskyddsområde (Habitat/Species Management Area)","FORVALTARE":"Länsstyrelsen i Blekinge län","AREA_HA":15.311,"URSPR_BESLUTSDATUM":"2002-11-11"}},{"type":"Feature","geometry":{"type":"Polygon","coordinates":[[[15.72589,56.08974],[15.72601,56.08729],[15.72601,56.08729],[15.72493,56.08678],[15.72438,56.08657],[15.72438,56.08657],[15.72101,56.08665],[15.71703,56.08617],[15.71703,56.08617],[15.71389,56.0875],[15.70886,56.08888],[15.70704,56.08937],[15.70704,56.08937],[15.70704,56.08937],[15.70886,56.09187],[15.71145,56.09521],[15.71915,56.09833],[15.71915,56.09833],[15.72498,56.098],[15.72779,56.09606],[15.7288,56.09175],[15.7288,56.09174],[15.72589,56.08974]],[[15.71437,56.09294],[15.71521,56.09226],[15.71537,56.09248],[15.71537,56.09248],[15.71537,56.09248],[15.71766,56.09176],[15.71806,56.09189],[15.71844,56.09201],[15.71864,56.09251],[15.71826,56.09253],[15.71802,56.09261],[15.71802,56.09261],[15.71802,56.09261],[15.71814,56.09284],[15.71696,56.09301],[15.71579,56.09309],[15.71579,56.09309],[15.71539,56.09341],[15.71489,56.09318],[15.71437,56.09294]]]},"properties":{"NVRID":"2000068","NAMN":"Järkö","SKYDDSTYP":"Naturreservat","LAN":"Blekinge Län","KOMMUN":"Karlskrona","IUCNKATEGORI":"IV, Habitat/Artskyddsområde (Habitat/Species Management Area)","FORVALTARE":"Länsstyrelsen i Blekinge län","AREA_HA":124.174,"URSPR_BESLUTSDATUM":"1975-06-24"}},{"type":"Feature","geometry":{"type":"MultiPolygon","coordinates":[[[[16.02721,56.30407],[16.02628,56.30438],[16.02628,56.30439],[16.02629,56.30446],[16.02635,56.30463],[16.0264,56.30476],[16.02651,56.30512],[16.02652,56.30515],[16.02652,56.30515],[16.02652,56.30515],[16.02653,56.30515],[16.02661,56.30512],[16.02681,56.30501],[16.02712,56.30486],[16.02768,56.30454],[16.02793,56.30439],[16.02833,56.30414],[16.02866,56.3039],[16.02921,56.30352],[16.02957,56.30327],[16.02987,56.30302],[16.03015,56.30275],[16.03049,56.30227],[16.03067,56.30205],[16.0309,56.30182],[16.0311,56.30167],[16.03162,56.30141],[16.03162,56.30141],[16.03162,56.30141],[16.03162,56.30141],[16.03154,56.3014],[16.03107,56.30139],[16.03094,56.3014],[16.03077,56.30141],[16.03041,56.30142],[16.02952,56.30146],[16.02921,56.30148],[16.02834,56.30153],[16.02819,56.30154],[16.02819,56.30154],[16.02819,56.30154],[16.02819,56.30154],[16.02869,56.30219],[16.02811,56.30231],[16.0274,56.30264],[16.0269,56.30281],[16.02681,56.30292],[16.02681,56.30292],[16.02695,56.30308],[16.02704,56.30325],[16.02716,56.30348],[16.02722,56.30367],[16.02725,56.30375],[16.02723,56.30391],[16.02721,56.30407]]],[[[16.02865,56.30845],[16.02879,56.3083],[16.02906,56.30791],[16.0291,56.30789],[16.0291,56.30789],[16.02902,56.30759],[16.02944,56.3073],[16.02999,56.30681],[16.02999,56.30681],[16.02995,56.30666],[16.03005,56.30644],[16.03009,56.30612],[16.0301,56.30593],[16.03025,56.30553],[16.03064,56.30492],[16.03069,56.3043],[16.03087,56.3039],[16.03142,56.30323],[16.03165,56.30329],[16.03165,56.30329],[16.03165,56.30329],[16.03188,56.30268],[16.03198,56.30246],[16.03226,56.30179],[16.03233,56.30165],[16.03239,56.30157],[16.03245,56.30151],[16.03243,56.30143],[16.03243,56.30143],[16.03243,56.30142],[16.03196,56.30141],[16.03195,56.30141],[16.03172,56.30151],[16.03144,56.30164],[16.03124,56.30174],[16.03105,56.30187],[16.03083,56.3021],[16.03065,56.30231],[16.03031,56.30279],[16.03019,56.30291],[16.03002,56.30308],[16.02989,56.30318],[16.02971,56.30333],[16.02935,56.30358],[16.02914,56.30372],[16.0288,56.30396],[16.02846,56.3042],[16.02828,56.30432],[16.02806,56.30445],[16.02798,56.3045],[16.02781,56.30461],[16.0276,56.30473],[16.02738,56.30485],[16.02724,56.30493],[16.02667,56.30523],[16.02636,56.30542],[16.026,56.3057],[16.02557,56.30638],[16.02481,56.30735],[16.02481,56.30735],[16.02481,56.30735],[16.0252,56.30748],[16.02592,56.30772],[16.02661,56.30795],[16.02712,56.30815],[16.02766,56.30833],[16.02799,56.30845],[16.02854,56.30862],[16.02854,56.30862],[16.02854,56.30862],[16.02867,56.30847],[16.02867,56.30847],[16.02867,56.30847],[16.02865,56.30845]]]]},"properties":{"NVRID":"2045810","NAMN":"Björkelycke","SKYDDSTYP":"Naturreservat","LAN":"Blekinge Län","KOMMUN":"Karlskrona","IUCNKATEGORI":"IV, Habitat/Artskyddsområde (Habitat/Species Management Area)","FORVALTARE":"Länsstyrelsen i Blekinge län","AREA_HA":18.56,"URSPR_BESLUTSDATUM":"2016-09-26"}},{"type":"Feature","geometry":{"type":"Polygon","coordinates":[[[15.06322,56.13454],[15.0712,56.13423],[15.0712,56.13423],[15.07403,56.12835],[15.08639,56.12884],[15.09079,56.12741],[15.09885,56.12814],[15.11687,56.1281],[15.11705,56.12811],[15.13898,56.13811],[15.13848,56.13965],[15.13848,56.13965],[15.13848,56.13965],[15.15324,56.13957],[15.16027,56.13739],[15.17226,56.13748],[15.17562,56.14023],[15.17996,56.14255],[15.17996,56.14258],[15.17996,56.14258],[15.17996,56.14258],[15.18005,56.14259],[15.18344,56.14255],[15.18344,56.14255],[15.18344,56.14255],[15.1843,56.13809],[15.1862,56.13792],[15.19418,56.13705],[15.19664,56.13779],[15.19717,56.13801],[15.19717,56.13801],[15.20481,56.13702],[15.20957,56.13525],[15.21949,56.13553],[15.22336,56.13671],[15.23569,56.1365],[15.23569,56.1365],[15.23569,56.1365],[15.23853,56.12936],[15.24369,56.12918],[15.24742,56.12914],[15.26139,56.13499],[15.26139,56.13499],[15.26139,56.13499],[15.26139,56.13499],[15.26196,56.13435],[15.2668,56.12894],[15.26589,56.12114],[15.29039,56.10589],[15.29128,56.10585],[15.32757,56.10408],[15.32173,56.11848],[15.32173,56.11848],[15.32173,56.11848],[15.34044,56.11903],[15.34044,56.11903],[15.34044,56.11903],[15.34135,56.11815],[15.3421,56.11745],[15.34361,56.117],[15.34378,56.11694],[15.3456,56.11688],[15.34746,56.11695],[15.34814,56.1169],[15.34959,56.11667],[15.3508,56.11644],[15.35104,56.11646],[15.35245,56.11735],[15.35417,56.11777],[15.35427,56.11786],[15.35498,56.11853],[15.35516,56.11863],[15.35516,56.11863],[15.35516,56.11863],[15.35988,56.11604],[15.37294,56.11679],[15.39036,56.11451],[15.39036,56.11451],[15.39036,56.11451],[15.39004,56.11002],[15.40258,56.10975],[15.41168,56.10965],[15.41168,56.10965],[15.41168,56.10965],[15.41256,56.10515],[15.41611,56.10221],[15.42183,56.10059],[15.42579,56.10061],[15.42579,56.10061],[15.42794,56.09971],[15.4325,56.09749],[15.43771,56.09145],[15.44275,56.09102],[15.45436,56.094],[15.45437,56.094],[15.45716,56.09337],[15.45716,56.09337],[15.45716,56.09337],[15.45765,56.08699],[15.46765,56.08125],[15.50533,56.08355],[15.50533,56.08355],[15.50533,56.08355],[15.51442,56.06004],[15.51442,56.06004],[15.51169,56.05389],[15.49729,56.04337],[15.49729,56.04337],[15.48731,56.04312],[15.40895,56.05833],[15.30878,56.06371],[15.21924,56.08472],[15.20933,56.08432],[15.20933,56.08432],[15.18681,56.09256],[15.17462,56.09022],[15.17457,56.09021],[15.17457,56.09021],[15.17457,56.09021],[15.15279,56.10018],[15.13403,56.10047],[15.12735,56.09467],[15.12003,56.08402],[15.12003,56.08402],[15.10134,56.08059],[15.10134,56.08059],[15.08607,56.08654],[15.08607,56.08654],[15.07074,56.10682],[15.04753,56.1375],[15.04752,56.1375],[15.04844,56.14424],[15.04844,56.14424],[15.04844,56.14424],[15.04844,56.14424],[15.06084,56.13909],[15.06084,56.13909],[15.06322,56.13454]]]},"properties":{"NVRID":"2054521","NAMN":"Ronneby blåmusselbankar","SKYDDSTYP":"Naturreservat","LAN":"Blekinge Län","KOMMUN":"Karlshamn, Karlskrona, Ronneby","IUCNKATEGORI":"Ia, Strikt naturreservat (Strict Nature Reserve)","FORVALTARE":"Länsstyrelsen i Blekinge län","AREA_HA":14179.722,"URSPR_BESLUTSDATUM":"2020-12-17"}},{"type":"Feature","geometry":{"type":"Polygon","coordinates":[[[15.08078,56.19457],[15.08024,56.19493],[15.08024,56.19493],[15.08024,56.19493],[15.08043,56.19498],[15.08079,56.19514],[15.08103,56.19525],[15.08133,56.1953],[15.08164,56.19533],[15.08195,56.19537],[15.08254,56.19527],[15.08272,56.19525],[15.08294,56.19529],[15.08309,56.1954],[15.08318,56.19562],[15.08324,56.19582],[15.08335,56.19597],[15.08369,56.19627],[15.08369,56.19627],[15.08369,56.19627],[15.08369,56.19627],[15.08418,56.19601],[15.08418,56.19601],[15.08411,56.19593],[15.08408,56.19586],[15.08397,56.19558],[15.08385,56.19536],[15.08371,56.19521],[15.08347,56.19508],[15.08314,56.19494],[15.08296,56.1949],[15.08275,56.19488],[15.08234,56.19485],[15.08195,56.19482],[15.08155,56.19474],[15.08125,56.19468],[15.08078,56.19457],[15.08078,56.19457]]]},"properties":{"NVRID":"2000051","NAMN":"Pagelsborg","SKYDDSTYP":"Naturreservat","LAN":"Blekinge Län","KOMMUN":"Ronneby","IUCNKATEGORI":"III, Naturmonument (Natural Monument)","FORVALTARE":"Länsstyrelsen i Blekinge län","AREA_HA":1.495,"URSPR_BESLUTSDATUM":"1987-03-02"}},{"type":"Feature","geometry":{"type":"Polygon","coordinates":[[[15.23231,56.26321],[15.2323,56.26331],[15.23241,56.26351],[15.23241,56.26351],[15.23241,56.26351],[15.23581,56.26341],[15.23581,56.26341],[15.23581,56.26341],[15.23632,56.26287],[15.23623,56.26238],[15.23598,56.26227],[15.23561,56.26204],[15.23561,56.26204],[15.23451,56.26196],[15.23441,56.26191],[15.23363,56.26165],[15.23381,56.2614],[15.23409,56.26142],[15.23433,56.26131],[15.23433,56.26131],[15.23433,56.26131],[15.2342,56.26087],[15.23415,56.26056],[15.23439,56.26015],[15.23439,56.26015],[15.23439,56.26015],[15.23361,56.25981],[15.23387,56.25939],[15.23387,56.25939],[15.23387,56.25939],[15.23387,56.25939],[15.22925,56.25964],[15.22925,56.25964],[15.22925,56.25964],[15.22931,56.25993],[15.22929,56.26015],[15.22936,56.26032],[15.22944,56.26046],[15.22978,56.26098],[15.23024,56.26152],[15.23096,56.2622],[15.23132,56.26259],[15.23148,56.26274],[15.23171,56.26285],[15.23185,56.26291],[15.23231,56.26321]]]},"properties":{"NVRID":"2050379","NAMN":"Skarup","SKYDDSTYP":"Naturreservat","LAN":"Blekinge Län","KOMMUN":"Ronneby","IUCNKATEGORI":"IV, Habitat/Artskyddsområde (Habitat/Species Management Area)","FORVALTARE":"Länsstyrelsen i Blekinge län","AREA_HA":11.932,"URSPR_BESLUTSDATUM":"2018-12-06"}},{"type":"Feature","geometry":{"type":"Polygon","coordinates":[[[15.67273,56.18351],[15.67282,56.18468],[15.67283,56.18489],[15.67185,56.18577],[15.67095,56.18655],[15.67022,56.18717],[15.67022,56.18717],[15.67022,56.18717],[15.67057,56.1878],[15.67109,56.18871],[15.67109,56.18871],[15.67109,56.18871],[15.67165,56.18863],[15.67205,56.18857],[15.67262,56.18855],[15.67318,56.18854],[15.67433,56.18839],[15.6745,56.1884],[15.67468,56.18845],[15.67467,56.18871],[15.67451,56.18892],[15.67397,56.18933],[15.67358,56.18951],[15.67339,56.18969],[15.67319,56.19032],[15.67319,56.19056],[15.67326,56.19068],[15.67348,56.19095],[15.6745,56.19181],[15.67483,56.19195],[15.67531,56.19233],[15.67582,56.19243],[15.67582,56.19243],[15.67582,56.19243],[15.67582,56.19243],[15.67599,56.192],[15.67646,56.19218],[15.67749,56.19244],[15.67825,56.19268],[15.67845,56.19272],[15.67873,56.19275],[15.68051,56.19287],[15.68051,56.19287],[15.6812,56.19261],[15.6812,56.19261],[15.6812,56.19261],[15.68114,56.19254],[15.68156,56.19246],[15.68183,56.19245],[15.68204,56.19239],[15.68225,56.19228],[15.68225,56.19228],[15.68225,56.19228],[15.68155,56.19162],[15.68222,56.19153],[15.68287,56.19153],[15.68315,56.19159],[15.68336,56.19175],[15.68336,56.19175],[15.68337,56.19175],[15.68337,56.19175],[15.6837,56.19151],[15.68379,56.1914],[15.68379,56.1914],[15.68362,56.191],[15.68349,56.19062],[15.6833,56.1903],[15.68315,56.19011],[15.68315,56.19011],[15.68315,56.19011],[15.68315,56.19011],[15.68274,56.19023],[15.68236,56.19042],[15.68201,56.19053],[15.68134,56.19069],[15.68119,56.19051],[15.68119,56.19051],[15.68119,56.19051],[15.68079,56.19053],[15.68068,56.19051],[15.68051,56.19043],[15.68035,56.19018],[15.68057,56.19015],[15.68057,56.19015],[15.68057,56.19015],[15.68055,56.19011],[15.68037,56.18988],[15.68107,56.18973],[15.68107,56.18973],[15.68107,56.18973],[15.68107,56.18973],[15.68073,56.18931],[15.68067,56.18923],[15.68066,56.18923],[15.67953,56.18916],[15.67916,56.18918],[15.67861,56.18936],[15.6779,56.1894],[15.6779,56.1894],[15.6779,56.1894],[15.67792,56.18946],[15.67754,56.18949],[15.67721,56.189],[15.67666,56.18817],[15.67651,56.18797],[15.6764,56.18782],[15.67616,56.18747],[15.67601,56.18733],[15.67545,56.18644],[15.67506,56.18578],[15.67449,56.18489],[15.67425,56.18454],[15.67276,56.18235],[15.67276,56.18235],[15.67276,56.18235],[15.67276,56.18235],[15.67161,56.18274],[15.6716,56.18274],[15.6716,56.18274],[15.67161,56.18274],[15.67273,56.18351]]]},"properties":{"NVRID":"2013489","NAMN":"Prästamarken","SKYDDSTYP":"Naturreservat","LAN":"Blekinge Län","KOMMUN":"Karlskrona","IUCNKATEGORI":"IV, Habitat/Artskyddsområde (Habitat/Species Management Area)","FORVALTARE":"Länsstyrelsen i Blekinge län","AREA_HA":32.999,"URSPR_BESLUTSDATUM":"2007-12-18"}},{"type":"Feature","geometry":{"type":"Polygon","coordinates":[[[14.91912,56.27056],[14.91882,56.27092],[14.91876,56.27134],[14.91876,56.27134],[14.91876,56.27134],[14.91979,56.27147],[14.91964,56.27272],[14.91944,56.27301],[14.91946,56.27317],[14.91933,56.27326],[14.91933,56.27327],[14.91933,56.27327],[14.91933,56.27327],[14.91947,56.27333],[14.91952,56.27344],[14.91951,56.27363],[14.91978,56.27384],[14.91984,56.274],[14.91972,56.27406],[14.91972,56.27406],[14.91965,56.27431],[14.91987,56.27466],[14.91987,56.27495],[14.91975,56.27506],[14.91975,56.2753],[14.91964,56.27555],[14.91963,56.27564],[14.91963,56.27564],[14.91963,56.27564],[14.92003,56.27578],[14.92009,56.27618],[14.91981,56.27623],[14.9197,56.27634],[14.9197,56.27634],[14.9197,56.27634],[14.9197,56.27634],[14.92004,56.2764],[14.92038,56.27675],[14.92038,56.27675],[14.92038,56.27675],[14.92039,56.27675],[14.9227,56.27523],[14.9227,56.27523],[14.9227,56.27523],[14.9227,56.27523],[14.92213,56.27521],[14.92132,56.27501],[14.92199,56.27463],[14.9224,56.27411],[14.92265,56.27399],[14.92363,56.27374],[14.9246,56.27336],[14.92508,56.27368],[14.92508,56.27368],[14.92508,56.27368],[14.92902,56.2711],[14.92902,56.2711],[14.92902,56.2711],[14.92902,56.2711],[14.92902,56.2711],[14.92902,56.2711],[14.92723,56.27147],[14.92213,56.27254],[14.9211,56.27271],[14.92039,56.27281],[14.92111,56.26996],[14.92569,56.26858],[14.92888,56.26762],[14.92969,56.26738],[14.92969,56.26737],[14.92969,56.26737],[14.9295,56.26716],[14.9295,56.26716],[14.92949,56.26715],[14.9283,56.26706],[14.92708,56.26685],[14.92599,56.2667],[14.92599,56.2667],[14.92498,56.26761],[14.92432,56.26664],[14.92475,56.26638],[14.92475,56.26638],[14.92475,56.26638],[14.92429,56.26597],[14.924,56.26569],[14.9236,56.26537],[14.92369,56.26529],[14.92374,56.2652],[14.92365,56.26504],[14.92365,56.26482],[14.92365,56.26482],[14.92365,56.26482],[14.92365,56.26482],[14.91314,56.26919],[14.91282,56.26933],[14.91282,56.26933],[14.91282,56.26933],[14.91347,56.27014],[14.9139,56.27041],[14.91494,56.27073],[14.91568,56.2712],[14.9161,56.27147],[14.9161,56.27147],[14.91611,56.27147],[14.91912,56.27056]]]},"properties":{"NVRID":"2032929","NAMN":"Långehall","SKYDDSTYP":"Naturreservat","LAN":"Blekinge Län","KOMMUN":"Karlshamn","IUCNKATEGORI":"IV, Habitat/Artskyddsområde (Habitat/Species Management Area)","FORVALTARE":"Länsstyrelsen i Blekinge län","AREA_HA":44.466,"URSPR_BESLUTSDATUM":"2012-11-28"}},{"type":"Feature","geometry":{"type":"Polygon","coordinates":[[[15.42883,56.17546],[15.43268,56.17617],[15.43268,56.17617],[15.43514,56.17449],[15.4381,56.17312],[15.44003,56.16995],[15.4398,56.16906],[15.43932,56.1686],[15.43601,56.16725],[15.434,56.1657],[15.43223,56.16359],[15.43223,56.16359],[15.42013,56.16397],[15.41459,56.16469],[15.41459,56.16469],[15.4133,56.16729],[15.4133,56.16729],[15.4133,56.16729],[15.41533,56.16894],[15.41642,56.17136],[15.41646,56.17509],[15.41646,56.17509],[15.41646,56.17509],[15.42056,56.17579],[15.42481,56.17611],[15.42883,56.17546]],[[15.42581,56.16823],[15.42599,56.16817],[15.42599,56.16817],[15.42599,56.16817],[15.42599,56.16817],[15.42586,56.16806],[15.42581,56.16794],[15.42584,56.16793],[15.42584,56.16793],[15.42584,56.16793],[15.42582,56.16782],[15.42585,56.16782],[15.42602,56.16796],[15.42608,56.16804],[15.42616,56.16809],[15.42616,56.16809],[15.42616,56.16809],[15.42622,56.16804],[15.42629,56.168],[15.42634,56.16798],[15.42669,56.16807],[15.4266,56.16832],[15.42654,56.16844],[15.42654,56.16845],[15.42664,56.16873],[15.42651,56.16899],[15.42638,56.16917],[15.42609,56.16914],[15.42608,56.16908],[15.42599,56.1689],[15.42599,56.1689],[15.42591,56.16885],[15.42581,56.16823]]]},"properties":{"NVRID":"2000055","NAMN":"Kvalmsö","SKYDDSTYP":"Naturreservat","LAN":"Blekinge Län","KOMMUN":"Ronneby","IUCNKATEGORI":"IV, Habitat/Artskyddsområde (Habitat/Species Management Area)","FORVALTARE":"Länsstyrelsen i Blekinge län","AREA_HA":174.363,"URSPR_BESLUTSDATUM":"1986-11-04"}},{"type":"Feature","geometry":{"type":"Polygon","coordinates":[[[15.43402,56.38533],[15.43381,56.38535],[15.43381,56.38535],[15.43381,56.38535],[15.43408,56.38605],[15.43451,56.38654],[15.43451,56.38654],[15.43491,56.38651],[15.43471,56.38672],[15.43455,56.3869],[15.43429,56.38732],[15.43423,56.38753],[15.43422,56.38777],[15.4343,56.38795],[15.43444,56.38814],[15.43462,56.38836],[15.43496,56.38875],[15.43516,56.38898],[15.43527,56.38911],[15.43534,56.38921],[15.43533,56.38931],[15.43533,56.38943],[15.43535,56.38962],[15.4354,56.38972],[15.4355,56.38981],[15.43552,56.3899],[15.43549,56.39006],[15.43548,56.39022],[15.43551,56.39032],[15.4356,56.39042],[15.43568,56.39064],[15.43567,56.39082],[15.43563,56.39088],[15.43563,56.39088],[15.43563,56.39088],[15.43563,56.39088],[15.43597,56.39088],[15.43684,56.39078],[15.43684,56.39078],[15.43685,56.39078],[15.43658,56.39021],[15.43632,56.38969],[15.43652,56.38948],[15.43713,56.38962],[15.43725,56.38981],[15.43725,56.38981],[15.43725,56.38981],[15.43762,56.38978],[15.43762,56.38978],[15.43762,56.38978],[15.43762,56.38978],[15.4376,56.38962],[15.43778,56.38936],[15.43917,56.3896],[15.43917,56.3896],[15.43917,56.3896],[15.43917,56.3896],[15.43917,56.3896],[15.43909,56.38927],[15.43909,56.38927],[15.43797,56.3889],[15.43759,56.38841],[15.43672,56.38755],[15.43652,56.38722],[15.43649,56.38672],[15.43883,56.38779],[15.43883,56.38779],[15.43883,56.38779],[15.44131,56.38475],[15.44136,56.38391],[15.44136,56.38391],[15.44136,56.38391],[15.44136,56.38391],[15.44093,56.38408],[15.43874,56.38423],[15.43874,56.38423],[15.43839,56.38438],[15.43813,56.38435],[15.4362,56.38424],[15.43619,56.38424],[15.43595,56.38429],[15.43469,56.38457],[15.4345,56.38461],[15.4345,56.38461],[15.43443,56.38477],[15.43425,56.38487],[15.43425,56.38487],[15.43402,56.38533]]]},"properties":{"NVRID":"2028829","NAMN":"Finnamaden","SKYDDSTYP":"Naturreservat","LAN":"Blekinge Län","KOMMUN":"Karlskrona","IUCNKATEGORI":"IV, Habitat/Artskyddsområde (Habitat/Species Management Area)","FORVALTARE":"Länsstyrelsen i Blekinge län","AREA_HA":18.349,"URSPR_BESLUTSDATUM":"2011-12-06"}},{"type":"Feature","geometry":{"type":"Polygon","coordinates":[[[15.07921,56.28516],[15.07971,56.28553],[15.0791,56.28608],[15.0791,56.28608],[15.0791,56.28608],[15.08115,56.28695],[15.08092,56.28727],[15.08092,56.28727],[15.08092,56.28727],[15.08092,56.28727],[15.08155,56.2874],[15.08139,56.28764],[15.08139,56.28764],[15.08139,56.28764],[15.0817,56.28774],[15.08175,56.28776],[15.08184,56.28775],[15.08184,56.28775],[15.08207,56.28763],[15.08245,56.28746],[15.08301,56.28723],[15.0831,56.2872],[15.0831,56.2872],[15.0831,56.2872],[15.0831,56.2872],[15.08304,56.28708],[15.08306,56.28688],[15.0833,56.28652],[15.0835,56.28623],[15.08406,56.28589],[15.08429,56.2857],[15.08442,56.28559],[15.08449,56.28556],[15.08452,56.28552],[15.08456,56.28547],[15.08457,56.28537],[15.08454,56.28526],[15.08454,56.28507],[15.08455,56.2848],[15.08456,56.28474],[15.08453,56.28461],[15.0844,56.28434],[15.08432,56.28426],[15.08415,56.28412],[15.08386,56.28392],[15.08385,56.28388],[15.08374,56.28382],[15.0837,56.28378],[15.0837,56.28378],[15.08366,56.28378],[15.08345,56.28368],[15.08304,56.28353],[15.0823,56.28324],[15.08209,56.28318],[15.08161,56.28295],[15.08149,56.28284],[15.08138,56.28273],[15.08137,56.28267],[15.08143,56.28261],[15.08153,56.28256],[15.08161,56.28247],[15.08166,56.28237],[15.08171,56.28225],[15.0818,56.28213],[15.08184,56.28205],[15.08192,56.28183],[15.08195,56.28168],[15.08199,56.28157],[15.08207,56.28127],[15.0821,56.28117],[15.08212,56.28107],[15.08212,56.28099],[15.08209,56.2808],[15.08206,56.28053],[15.08215,56.28037],[15.0823,56.28014],[15.0823,56.28014],[15.0822,56.28002],[15.0822,56.28002],[15.0822,56.28002],[15.0822,56.28002],[15.08208,56.28006],[15.08171,56.28028],[15.08152,56.28052],[15.0814,56.28082],[15.08132,56.28115],[15.08116,56.28166],[15.08097,56.282],[15.08076,56.28223],[15.08066,56.28237],[15.08045,56.28259],[15.08022,56.28282],[15.08005,56.28299],[15.07989,56.28318],[15.07977,56.28337],[15.07966,56.28356],[15.07959,56.28367],[15.07934,56.28387],[15.079,56.2841],[15.07871,56.28433],[15.07838,56.28462],[15.07806,56.28489],[15.07786,56.28508],[15.07786,56.28508],[15.07786,56.28508],[15.07921,56.28516]]]},"properties":{"NVRID":"2000040","NAMN":"Björkeryd","SKYDDSTYP":"Naturreservat","LAN":"Blekinge Län","KOMMUN":"Ronneby","IUCNKATEGORI":"IV, Habitat/Artskyddsområde (Habitat/Species Management Area)","FORVALTARE":"Länsstyrelsen i Blekinge län","AREA_HA":14.443,"URSPR_BESLUTSDATUM":"1979-10-12"}},{"type":"Feature","geometry":{"type":"Polygon","coordinates":[[[14.55202,56.06515],[14.55196,56.06514],[14.55196,56.06514],[14.55196,56.06514],[14.55188,56.06529],[14.55188,56.06529],[14.55226,56.06546],[14.55243,56.06552],[14.55245,56.06553],[14.55245,56.06553],[14.55251,56.06553],[14.55278,56.06552],[14.55291,56.06553],[14.55305,56.06557],[14.55316,56.06567],[14.55324,56.06579],[14.55331,56.0659],[14.55351,56.06603],[14.55363,56.06611],[14.55367,56.06618],[14.55374,56.06627],[14.55381,56.06634],[14.55374,56.06648],[14.55382,56.06671],[14.55385,56.06694],[14.55389,56.0672],[14.5539,56.0674],[14.55396,56.06771],[14.55398,56.06786],[14.55402,56.06813],[14.55407,56.06824],[14.55411,56.06852],[14.55247,56.07593],[14.55247,56.07593],[14.55527,56.07853],[14.55527,56.07853],[14.55527,56.07853],[14.55527,56.07853],[14.55527,56.07853],[14.55487,56.0773],[14.5548,56.07659],[14.55478,56.07651],[14.55554,56.07655],[14.5559,56.07667],[14.5567,56.07682],[14.55732,56.07677],[14.55828,56.0767],[14.55852,56.07665],[14.55852,56.07665],[14.55852,56.07665],[14.55854,56.07638],[14.55848,56.07613],[14.55851,56.07497],[14.55847,56.07423],[14.55854,56.07395],[14.5585,56.07362],[14.55843,56.0734],[14.55839,56.07325],[14.55836,56.07317],[14.5583,56.07308],[14.55821,56.073],[14.55792,56.07273],[14.55778,56.0726],[14.5576,56.0725],[14.55768,56.07246],[14.5579,56.07249],[14.55835,56.0725],[14.55879,56.07251],[14.55894,56.07251],[14.55911,56.0725],[14.55949,56.07251],[14.55975,56.07251],[14.56016,56.07253],[14.56144,56.07255],[14.56232,56.07257],[14.56232,56.07257],[14.56232,56.07257],[14.56258,56.07229],[14.56272,56.07222],[14.56358,56.0723],[14.56392,56.07231],[14.56406,56.07236],[14.56415,56.07238],[14.56415,56.07238],[14.56427,56.07232],[14.56459,56.0723],[14.5646,56.0723],[14.56482,56.0721],[14.56549,56.07193],[14.56561,56.07188],[14.5657,56.07176],[14.56576,56.07117],[14.56576,56.07116],[14.56576,56.07116],[14.56319,56.07086],[14.56199,56.07037],[14.56203,56.06974],[14.56215,56.06962],[14.56218,56.06956],[14.5622,56.06946],[14.5622,56.06946],[14.5622,56.06946],[14.5622,56.06946],[14.56069,56.06929],[14.56091,56.06853],[14.56136,56.06864],[14.56136,56.06864],[14.56136,56.06864],[14.56136,56.06864],[14.56172,56.06787],[14.56208,56.06792],[14.56208,56.06792],[14.56208,56.06791],[14.56214,56.06742],[14.56216,56.06696],[14.56399,56.06674],[14.56399,56.06674],[14.56399,56.06674],[14.56399,56.06674],[14.56368,56.06651],[14.56327,56.06624],[14.56286,56.06613],[14.56236,56.06594],[14.56192,56.06594],[14.56122,56.06605],[14.56076,56.06608],[14.56036,56.06609],[14.55907,56.06598],[14.55889,56.06567],[14.55897,56.06561],[14.55912,56.06556],[14.55947,56.06558],[14.55948,56.06558],[14.55948,56.06558],[14.55947,56.06521],[14.55947,56.06521],[14.55947,56.06521],[14.55928,56.06523],[14.55924,56.06507],[14.55931,56.06493],[14.55953,56.06469],[14.55961,56.06464],[14.55961,56.06464],[14.55949,56.06453],[14.5591,56.06446],[14.5569,56.06438],[14.55621,56.06447],[14.55582,56.06446],[14.5555,56.06447],[14.55544,56.06448],[14.55435,56.0646],[14.554,56.06468],[14.5529,56.06491],[14.55208,56.06513],[14.55202,56.06515]]]},"properties":{"NVRID":"2043969","NAMN":"Siesjö östra","SKYDDSTYP":"Naturreservat","LAN":"Blekinge Län","KOMMUN":"Bromölla, Sölvesborg","IUCNKATEGORI":"IV, Habitat/Artskyddsområde (Habitat/Species Management Area)","FORVALTARE":"Länsstyrelsen i Blekinge län","AREA_HA":64.576,"URSPR_BESLUTSDATUM":"2015-06-15"}},{"type":"Feature","geometry":{"type":"Polygon","coordinates":[[[14.7481,56.05405],[14.7481,56.05405],[14.7481,56.05405],[14.74823,56.05446],[14.74922,56.05536],[14.7506,56.05578],[14.7518,56.056],[14.75325,56.05584],[14.7535,56.05638],[14.7535,56.05638],[14.7535,56.05638],[14.75356,56.05637],[14.7538,56.0563],[14.75404,56.0563],[14.7542,56.05623],[14.75435,56.05625],[14.75456,56.05631],[14.75473,56.05627],[14.75489,56.05624],[14.75489,56.05624],[14.75498,56.05616],[14.75517,56.05603],[14.75527,56.05592],[14.75527,56.05592],[14.75525,56.05583],[14.75533,56.05571],[14.75537,56.05559],[14.75538,56.05546],[14.75535,56.05535],[14.75525,56.05528],[14.75538,56.05518],[14.75551,56.05504],[14.75561,56.05494],[14.75584,56.05482],[14.75597,56.05473],[14.75597,56.05473],[14.756,56.05465],[14.756,56.05465],[14.75587,56.05457],[14.75591,56.05444],[14.75596,56.05431],[14.75609,56.05422],[14.75615,56.05415],[14.75615,56.05415],[14.75615,56.05408],[14.75613,56.05399],[14.75613,56.05387],[14.75606,56.05379],[14.75604,56.05376],[14.75619,56.05373],[14.75637,56.05371],[14.75657,56.05369],[14.75679,56.05368],[14.75692,56.05362],[14.75709,56.05358],[14.75724,56.05353],[14.75736,56.05349],[14.75736,56.05349],[14.75736,56.05349],[14.75736,56.05349],[14.75729,56.05346],[14.75729,56.05346],[14.75715,56.05345],[14.75701,56.05344],[14.75691,56.05346],[14.75681,56.05348],[14.7567,56.0535],[14.75655,56.05352],[14.75636,56.05355],[14.75616,56.05358],[14.75614,56.05349],[14.75611,56.05341],[14.75608,56.05333],[14.75608,56.05327],[14.75607,56.05324],[14.75606,56.05321],[14.75606,56.05321],[14.75596,56.05319],[14.75596,56.05319],[14.75585,56.0532],[14.74841,56.05401],[14.7481,56.05405]]]},"properties":{"NVRID":"2000079","NAMN":"Spraglehall","SKYDDSTYP":"Naturreservat","LAN":"Blekinge Län","KOMMUN":"Sölvesborg","IUCNKATEGORI":"IV, Habitat/Artskyddsområde (Habitat/Species Management Area)","FORVALTARE":"Länsstyrelsen i Blekinge län","AREA_HA":11.576,"URSPR_BESLUTSDATUM":"1971-10-11"}},{"type":"Feature","geometry":{"type":"MultiPolygon","coordinates":[[[[15.43048,56.27363],[15.43048,56.27363],[15.43022,56.27372],[15.43022,56.27372],[15.43022,56.27373],[15.43022,56.27373],[15.43136,56.27397],[15.43136,56.27397],[15.43137,56.27397],[15.43137,56.27397],[15.43126,56.27374],[15.43126,56.27374],[15.43101,56.27365],[15.43048,56.27363]]],[[[15.42544,56.25615],[15.42549,56.2565],[15.42549,56.2565],[15.42588,56.25657],[15.42588,56.25657],[15.42588,56.25657],[15.42588,56.25657],[15.42613,56.25595],[15.42613,56.25595],[15.42613,56.25595],[15.42613,56.25595],[15.42544,56.25615],[15.42544,56.25615],[15.42544,56.25615]]],[[[15.42617,56.2439],[15.42617,56.2439],[15.42617,56.2439],[15.4255,56.24402],[15.42513,56.24418],[15.42513,56.24418],[15.42513,56.24418],[15.42513,56.24418],[15.42603,56.24445],[15.42651,56.24469],[15.42651,56.24469],[15.42651,56.24469],[15.42651,56.24469],[15.4267,56.24454],[15.4267,56.24454],[15.4267,56.24454],[15.42653,56.24437],[15.42641,56.2442],[15.42617,56.2439]]],[[[15.4277,56.27294],[15.4277,56.27294],[15.42772,56.27331],[15.42772,56.27331],[15.42772,56.27331],[15.42818,56.27338],[15.42874,56.27345],[15.42928,56.27353],[15.42966,56.27359],[15.42966,56.27359],[15.42966,56.27359],[15.42966,56.27359],[15.42966,56.27359],[15.42944,56.27332],[15.42944,56.27332],[15.42915,56.2733],[15.42846,56.27296],[15.42846,56.27296],[15.4277,56.27294],[15.4277,56.27294],[15.4277,56.27294]]],[[[15.42825,56.2538],[15.42826,56.2538],[15.42826,56.2538],[15.42889,56.25366],[15.4289,56.25366],[15.42921,56.25337],[15.42921,56.25337],[15.42917,56.2532],[15.42899,56.25288],[15.42867,56.25272],[15.42865,56.25261],[15.4287,56.25221],[15.4287,56.25221],[15.42841,56.2518],[15.42817,56.25155],[15.42816,56.25155],[15.42816,56.25155],[15.42816,56.25155],[15.42816,56.25155],[15.42806,56.25185],[15.42806,56.25185],[15.42834,56.25197],[15.42856,56.25235],[15.42842,56.25271],[15.42811,56.253],[15.42811,56.253],[15.42808,56.25331],[15.42825,56.25379],[15.42825,56.2538]]],[[[15.42851,56.26548],[15.42892,56.26607],[15.42892,56.26607],[15.42892,56.26607],[15.42892,56.26607],[15.42892,56.26607],[15.42894,56.26585],[15.42867,56.26546],[15.42863,56.26536],[15.42837,56.26515],[15.42835,56.26501],[15.42858,56.26477],[15.42855,56.26437],[15.42831,56.264],[15.42818,56.26369],[15.42787,56.26278],[15.42787,56.26278],[15.42787,56.26278],[15.4275,56.26281],[15.4275,56.26281],[15.4275,56.26281],[15.42752,56.26299],[15.42764,56.26341],[15.42768,56.26375],[15.42782,56.26417],[15.42796,56.26454],[15.42825,56.26512],[15.42847,56.26541],[15.42851,56.26548]]],[[[15.42644,56.25571],[15.42608,56.25665],[15.42608,56.25665],[15.42608,56.25666],[15.42609,56.25666],[15.42709,56.25648],[15.42774,56.25631],[15.42807,56.25609],[15.42824,56.25579],[15.42824,56.25579],[15.42791,56.25553],[15.4276,56.25539],[15.4276,56.25539],[15.4276,56.25539],[15.42644,56.25571],[15.42644,56.25571],[15.42644,56.25571]]],[[[15.43207,56.27318],[15.432,56.27342],[15.43199,56.2736],[15.43176,56.27403],[15.43177,56.27403],[15.43177,56.27403],[15.43199,56.274],[15.43224,56.27395],[15.43253,56.27391],[15.43253,56.27391],[15.43272,56.27364],[15.43318,56.27313],[15.4333,56.27313],[15.4333,56.27312],[15.4333,56.27312],[15.43322,56.27294],[15.43318,56.27285],[15.43314,56.2728],[15.43302,56.27265],[15.4329,56.27253],[15.43284,56.27246],[15.43267,56.27223],[15.43249,56.27197],[15.43234,56.27183],[15.43234,56.27183],[15.43231,56.27183],[15.4323,56.27183],[15.4323,56.27183],[15.43221,56.27187],[15.43219,56.2719],[15.43204,56.27214],[15.43205,56.27221],[15.43211,56.27232],[15.43219,56.27251],[15.43215,56.27304],[15.43214,56.27308],[15.43207,56.27318]]],[[[15.42552,56.26065],[15.42626,56.26072],[15.42674,56.26072],[15.42674,56.26072],[15.42674,56.26072],[15.42639,56.2598],[15.42639,56.2598],[15.42639,56.2598],[15.42565,56.25981],[15.4251,56.25967],[15.4251,56.25967],[15.4245,56.25992],[15.42426,56.26003],[15.42426,56.26003],[15.42426,56.26003],[15.42426,56.26003],[15.4245,56.26012],[15.42467,56.26027],[15.42499,56.2605],[15.42552,56.26065]]],[[[15.42819,56.26769],[15.42826,56.2678],[15.42835,56.2679],[15.4284,56.26795],[15.42846,56.268],[15.42855,56.26806],[15.42911,56.2683],[15.4293,56.2684],[15.4294,56.26844],[15.4295,56.26844],[15.42956,56.26843],[15.42956,56.26843],[15.42956,56.26843],[15.42956,56.26843],[15.42945,56.26814],[15.42916,56.2673],[15.42914,56.26728],[15.42907,56.26711],[15.42906,56.26707],[15.429,56.26685],[15.42881,56.26638],[15.42854,56.26583],[15.4282,56.26531],[15.4282,56.26531],[15.4282,56.26531],[15.4282,56.26531],[15.42819,56.26531],[15.4282,56.26579],[15.42817,56.26603],[15.42828,56.26619],[15.42838,56.2663],[15.4284,56.26648],[15.42834,56.26667],[15.42821,56.26686],[15.42797,56.26718],[15.4281,56.26752],[15.42812,56.26758],[15.42819,56.26769]]],[[[15.40603,56.22739],[15.40603,56.22739],[15.40603,56.22739],[15.40737,56.22734],[15.40871,56.22732],[15.40871,56.22732],[15.40871,56.22731],[15.40818,56.22671],[15.40773,56.22626],[15.40773,56.22626],[15.40773,56.22626],[15.40548,56.22686],[15.40548,56.22686],[15.40548,56.22686],[15.40594,56.22712],[15.40603,56.22739]]],[[[15.41927,56.24205],[15.4195,56.24226],[15.41959,56.24232],[15.41984,56.24248],[15.42034,56.24281],[15.42087,56.24317],[15.42148,56.24359],[15.42175,56.24377],[15.42211,56.24402],[15.42211,56.24402],[15.42223,56.24404],[15.42223,56.24404],[15.42223,56.24404],[15.42223,56.24404],[15.42224,56.24399],[15.42221,56.24397],[15.42225,56.24393],[15.42247,56.2437],[15.42251,56.24362],[15.42251,56.24362],[15.4225,56.2436],[15.42242,56.24348],[15.42202,56.24331],[15.42182,56.24321],[15.42154,56.24305],[15.42116,56.24281],[15.4209,56.24264],[15.4206,56.24242],[15.42034,56.24227],[15.42008,56.24208],[15.41976,56.24183],[15.41962,56.24168],[15.41933,56.24128],[15.41904,56.24084],[15.41903,56.24084],[15.41903,56.24084],[15.41875,56.24092],[15.41875,56.24092],[15.41879,56.24117],[15.41876,56.24149],[15.41879,56.24156],[15.41881,56.24161],[15.41889,56.24173],[15.41893,56.24176],[15.41899,56.24184],[15.41927,56.24205]]],[[[15.41118,56.22898],[15.41095,56.22895],[15.41048,56.22904],[15.41048,56.22904],[15.41048,56.22904],[15.41084,56.22943],[15.41151,56.23013],[15.41151,56.23013],[15.41195,56.23014],[15.41194,56.23018],[15.41194,56.23018],[15.41194,56.23018],[15.41213,56.23025],[15.41217,56.23026],[15.41231,56.23025],[15.41237,56.23028],[15.41245,56.2303],[15.41258,56.23033],[15.41258,56.23033],[15.41276,56.23029],[15.41295,56.23023],[15.41312,56.2302],[15.41329,56.23015],[15.41338,56.23011],[15.41354,56.23003],[15.41354,56.23003],[15.41354,56.23003],[15.41347,56.22995],[15.41335,56.2299],[15.41324,56.2299],[15.41305,56.22988],[15.41289,56.22986],[15.41282,56.22981],[15.41272,56.22972],[15.41268,56.22964],[15.41267,56.2296],[15.41274,56.22952],[15.41316,56.22946],[15.41316,56.22946],[15.41318,56.22932],[15.41316,56.22922],[15.41316,56.22922],[15.41294,56.22916],[15.41255,56.22915],[15.41234,56.22915],[15.41233,56.22911],[15.41233,56.22911],[15.41182,56.22901],[15.41182,56.22901],[15.41128,56.22912],[15.41118,56.22898],[15.41118,56.22898],[15.41118,56.22898]]],[[[15.40844,56.22679],[15.4089,56.22731],[15.4089,56.22731],[15.40891,56.22731],[15.40912,56.22731],[15.40932,56.22746],[15.40949,56.22772],[15.40959,56.22796],[15.40969,56.22816],[15.41036,56.22893],[15.41037,56.22893],[15.41037,56.22893],[15.41054,56.22892],[15.41098,56.22881],[15.41098,56.22881],[15.41098,56.22881],[15.41073,56.2286],[15.41067,56.2285],[15.41064,56.22828],[15.41075,56.22827],[15.41075,56.22827],[15.41075,56.22827],[15.41085,56.22788],[15.41067,56.22744],[15.41067,56.22744],[15.41067,56.22744],[15.4101,56.22753],[15.40989,56.22716],[15.40981,56.2271],[15.40951,56.22647],[15.40951,56.22647],[15.40951,56.22647],[15.40845,56.22665],[15.40839,56.22667],[15.40839,56.22667],[15.40839,56.22667],[15.40839,56.22667],[15.40839,56.22667],[15.40851,56.22675],[15.40844,56.22679],[15.40844,56.22679]]],[[[15.4124,56.2309],[15.4124,56.2309],[15.4124,56.2309],[15.41232,56.23094],[15.41232,56.23094],[15.41232,56.23094],[15.41291,56.23149],[15.41308,56.23168],[15.41322,56.2318],[15.41336,56.23197],[15.41336,56.23198],[15.41339,56.23199],[15.41354,56.23216],[15.4136,56.23218],[15.41374,56.23233],[15.41374,56.23233],[15.41374,56.23233],[15.41429,56.23216],[15.41505,56.23255],[15.41543,56.23296],[15.41455,56.23321],[15.41455,56.23321],[15.41455,56.23321],[15.41476,56.23343],[15.41484,56.23354],[15.41478,56.23355],[15.41478,56.23355],[15.41478,56.23355],[15.41492,56.23383],[15.41494,56.23386],[15.41499,56.23389],[15.41503,56.2339],[15.41508,56.2339],[15.41518,56.23389],[15.41522,56.23388],[15.41536,56.23384],[15.41545,56.23378],[15.41545,56.23377],[15.41551,56.2337],[15.41555,56.23367],[15.41555,56.23367],[15.41555,56.23362],[15.41569,56.23357],[15.41569,56.23357],[15.41569,56.23354],[15.41582,56.23341],[15.41591,56.23325],[15.41599,56.23315],[15.41602,56.23311],[15.41608,56.23305],[15.41608,56.23305],[15.41602,56.23299],[15.41602,56.23293],[15.41605,56.23281],[15.41605,56.23281],[15.41557,56.23251],[15.41545,56.23245],[15.41521,56.23232],[15.41512,56.23227],[15.41457,56.23196],[15.41451,56.23193],[15.41408,56.2317],[15.41405,56.23169],[15.41364,56.23136],[15.41336,56.23113],[15.41336,56.23113],[15.41336,56.23113],[15.41336,56.23113],[15.41334,56.23115],[15.41311,56.23103],[15.4128,56.23099],[15.4126,56.23098],[15.4124,56.2309]]],[[[15.4077,56.22326],[15.4077,56.22326],[15.40749,56.2225],[15.4072,56.22202],[15.40713,56.22189],[15.40698,56.22165],[15.40698,56.22165],[15.40698,56.22165],[15.40697,56.22165],[15.40607,56.22237],[15.40607,56.22237],[15.4067,56.22373],[15.40669,56.22376],[15.40669,56.22376],[15.40695,56.22417],[15.40737,56.22483],[15.40738,56.2249],[15.40738,56.2249],[15.40738,56.2249],[15.40803,56.22482],[15.40803,56.22482],[15.40803,56.22482],[15.40788,56.22442],[15.40776,56.22417],[15.40766,56.224],[15.4075,56.2236],[15.40739,56.22332],[15.4077,56.22327],[15.4077,56.22326]]],[[[15.43219,56.26952],[15.4321,56.26922],[15.43207,56.26912],[15.43208,56.26903],[15.43208,56.26903],[15.43208,56.26903],[15.43204,56.26901],[15.43074,56.26912],[15.43028,56.26921],[15.43028,56.26922],[15.43028,56.26922],[15.43028,56.26926],[15.4303,56.26932],[15.43036,56.26942],[15.4305,56.26957],[15.43081,56.26994],[15.43101,56.27016],[15.4311,56.27033],[15.43151,56.2707],[15.432,56.27119],[15.432,56.27119],[15.43201,56.27119],[15.43251,56.27102],[15.43255,56.27127],[15.43215,56.27136],[15.43215,56.27136],[15.43215,56.27136],[15.43221,56.27143],[15.43239,56.2716],[15.43248,56.27167],[15.4327,56.27183],[15.4327,56.27183],[15.4327,56.27183],[15.4327,56.27183],[15.4327,56.27183],[15.43276,56.27167],[15.43282,56.27167],[15.43283,56.27167],[15.43283,56.27167],[15.43294,56.27153],[15.43297,56.27149],[15.43305,56.27145],[15.43359,56.27123],[15.43359,56.27123],[15.43364,56.27118],[15.43364,56.27118],[15.43351,56.27085],[15.43347,56.27071],[15.43328,56.27045],[15.43327,56.27045],[15.43327,56.27045],[15.43257,56.27061],[15.43222,56.27038],[15.43196,56.2702],[15.43202,56.26992],[15.43219,56.26952]]],[[[15.4049,56.22337],[15.40458,56.22355],[15.40458,56.22355],[15.40458,56.22355],[15.40521,56.2244],[15.40537,56.22477],[15.40589,56.2253],[15.40615,56.2255],[15.40615,56.2255],[15.40616,56.2255],[15.4066,56.22542],[15.4066,56.22542],[15.4066,56.22542],[15.40666,56.22501],[15.40722,56.22492],[15.40722,56.22492],[15.40722,56.22492],[15.40653,56.22376],[15.40628,56.22327],[15.40589,56.22241],[15.40589,56.22241],[15.40588,56.22241],[15.40499,56.22258],[15.40499,56.22258],[15.40499,56.22258],[15.40499,56.22258],[15.40524,56.22286],[15.4049,56.22337]]],[[[15.41908,56.24062],[15.41908,56.24063],[15.41909,56.24063],[15.41943,56.24049],[15.41956,56.24041],[15.41963,56.24033],[15.41974,56.23999],[15.41974,56.23989],[15.41961,56.23962],[15.41948,56.23936],[15.41937,56.23911],[15.41928,56.23892],[15.4192,56.2388],[15.41911,56.23867],[15.41905,56.23859],[15.41848,56.23807],[15.41842,56.23799],[15.41818,56.23761],[15.41793,56.23724],[15.41771,56.23692],[15.41749,56.23662],[15.41743,56.23654],[15.41735,56.23635],[15.41726,56.23619],[15.41726,56.23619],[15.41726,56.23619],[15.41656,56.23633],[15.41621,56.2364],[15.41621,56.2364],[15.41621,56.2364],[15.4167,56.23712],[15.41685,56.23729],[15.41691,56.23741],[15.41747,56.23824],[15.41823,56.23932],[15.41847,56.23968],[15.41908,56.24062]]],[[[15.427,56.26075],[15.427,56.2608],[15.42705,56.261],[15.42707,56.26107],[15.42714,56.26125],[15.42732,56.26179],[15.42736,56.26191],[15.42743,56.2621],[15.42743,56.2621],[15.42757,56.26211],[15.42809,56.26197],[15.42821,56.26196],[15.42888,56.26183],[15.4293,56.26173],[15.43046,56.26165],[15.43081,56.26166],[15.43081,56.26166],[15.43081,56.26166],[15.43081,56.26166],[15.43075,56.26154],[15.43075,56.26154],[15.43075,56.26154],[15.43049,56.26156],[15.43015,56.26159],[15.42984,56.26156],[15.42984,56.26156],[15.42975,56.26165],[15.42929,56.26168],[15.42919,56.26139],[15.42964,56.26118],[15.42964,56.26118],[15.42967,56.26102],[15.42967,56.26101],[15.42915,56.26087],[15.42858,56.26046],[15.42875,56.26028],[15.42894,56.26012],[15.42901,56.26009],[15.42937,56.25981],[15.42959,56.25963],[15.42963,56.25958],[15.42963,56.25958],[15.42963,56.25958],[15.42955,56.25956],[15.42854,56.25947],[15.42849,56.25947],[15.42824,56.25942],[15.42815,56.25935],[15.42789,56.25922],[15.4275,56.25918],[15.42747,56.25918],[15.42743,56.25918],[15.42724,56.25932],[15.42707,56.25942],[15.42704,56.2596],[15.42698,56.2598],[15.42707,56.26014],[15.42735,56.26052],[15.427,56.26075],[15.427,56.26075]]],[[[15.42549,56.25023],[15.4251,56.25039],[15.42484,56.25049],[15.42461,56.25064],[15.42456,56.25069],[15.42444,56.2508],[15.42444,56.2508],[15.42444,56.2508],[15.42454,56.25084],[15.42493,56.25105],[15.4251,56.25114],[15.42528,56.25122],[15.4254,56.25126],[15.42554,56.25129],[15.42568,56.25132],[15.42579,56.25132],[15.42599,56.25131],[15.42618,56.2513],[15.42644,56.25129],[15.42674,56.25131],[15.42704,56.25134],[15.42708,56.25138],[15.42729,56.25147],[15.42739,56.25149],[15.42755,56.25149],[15.42794,56.2515],[15.42794,56.2515],[15.42794,56.2515],[15.42819,56.2508],[15.42819,56.2508],[15.42813,56.25071],[15.42815,56.25068],[15.4282,56.25066],[15.42826,56.25065],[15.42826,56.25065],[15.42826,56.25065],[15.42836,56.25046],[15.4284,56.25025],[15.42839,56.24985],[15.42837,56.24969],[15.42833,56.2496],[15.42832,56.24951],[15.42812,56.24912],[15.42803,56.24882],[15.428,56.24876],[15.42778,56.24839],[15.42775,56.2483],[15.42769,56.24788],[15.42769,56.24758],[15.42755,56.24716],[15.42746,56.24699],[15.42728,56.24635],[15.42722,56.2461],[15.4272,56.24594],[15.42717,56.24575],[15.42708,56.24552],[15.42701,56.2454],[15.42691,56.24525],[15.42679,56.24515],[15.42657,56.24496],[15.42632,56.24481],[15.4261,56.24469],[15.42582,56.24456],[15.42562,56.24448],[15.4254,56.24442],[15.42518,56.24437],[15.42487,56.24425],[15.42483,56.24422],[15.42448,56.24412],[15.42367,56.24389],[15.42286,56.24362],[15.42286,56.24362],[15.42278,56.24364],[15.42266,56.24369],[15.4225,56.2438],[15.42246,56.24383],[15.42238,56.24391],[15.42226,56.24411],[15.42214,56.24431],[15.42214,56.24431],[15.42233,56.24448],[15.42306,56.24474],[15.42364,56.24487],[15.42421,56.2448],[15.42492,56.24466],[15.42508,56.24466],[15.42517,56.24467],[15.42524,56.24469],[15.42538,56.24477],[15.42582,56.24507],[15.42599,56.2452],[15.42609,56.24529],[15.4262,56.24539],[15.42631,56.24551],[15.42653,56.24592],[15.42662,56.24605],[15.42665,56.24616],[15.42666,56.24631],[15.42667,56.24645],[15.42671,56.24694],[15.42675,56.24736],[15.42679,56.24788],[15.42691,56.24839],[15.42698,56.24854],[15.42735,56.24897],[15.42739,56.24904],[15.42744,56.24914],[15.42751,56.24939],[15.42753,56.24951],[15.42751,56.24956],[15.42734,56.24963],[15.42697,56.24973],[15.42645,56.24991],[15.42637,56.24997],[15.42636,56.25003],[15.42613,56.25006],[15.42583,56.25013],[15.42549,56.25023]]]]},"properties":{"NVRID":"2000031","NAMN":"Johannishus åsar","SKYDDSTYP":"Naturreservat","LAN":"Blekinge Län","KOMMUN":"Ronneby","IUCNKATEGORI":"IV, Habitat/Artskyddsområde (Habitat/Species Management Area)","FORVALTARE":"Länsstyrelsen i Blekinge län","AREA_HA":37.854,"URSPR_BESLUTSDATUM":"1982-02-10"}},{"type":"Feature","geometry":{"type":"Polygon","coordinates":[[[15.67962,56.07562],[15.68036,56.07689],[15.68301,56.08138],[15.6848,56.0845],[15.68555,56.08588],[15.68665,56.08781],[15.68665,56.08781],[15.68665,56.08781],[15.6873,56.08776],[15.6875,56.08818],[15.6875,56.08818],[15.6875,56.08818],[15.68768,56.08818],[15.68768,56.08818],[15.68768,56.08818],[15.68619,56.08588],[15.68553,56.08483],[15.6848,56.08253],[15.68441,56.08139],[15.68295,56.07689],[15.68195,56.07378],[15.68195,56.07378],[15.68195,56.07378],[15.68087,56.0736],[15.67789,56.07221],[15.67789,56.07221],[15.67789,56.07221],[15.67789,56.07221],[15.67588,56.07381],[15.67588,56.07381],[15.67588,56.07381],[15.67962,56.07562]]]},"properties":{"NVRID":"2000071","NAMN":"Uttorp","SKYDDSTYP":"Naturreservat","LAN":"Blekinge Län","KOMMUN":"Karlskrona","IUCNKATEGORI":"IV, Habitat/Artskyddsområde (Habitat/Species Management Area)","FORVALTARE":"Länsstyrelsen i Blekinge län","AREA_HA":21.088,"URSPR_BESLUTSDATUM":"1980-01-11"}},{"type":"Feature","geometry":{"type":"Polygon","coordinates":[[[15.73232,56.06859],[15.72656,56.06846],[15.72656,56.06847],[15.72492,56.0704],[15.72492,56.0704],[15.72492,56.0704],[15.73148,56.07773],[15.73268,56.07841],[15.73345,56.07893],[15.7341,56.07947],[15.73469,56.07998],[15.73567,56.08082],[15.73591,56.08115],[15.73612,56.08145],[15.73624,56.08174],[15.73656,56.0824],[15.73683,56.083],[15.73696,56.08329],[15.73706,56.08344],[15.73717,56.08357],[15.73733,56.08374],[15.7376,56.08404],[15.73807,56.08457],[15.73878,56.08538],[15.73932,56.08599],[15.74058,56.08727],[15.74058,56.08727],[15.75237,56.09194],[15.75635,56.0976],[15.75635,56.0976],[15.75635,56.0976],[15.75635,56.0976],[15.75635,56.0976],[15.76014,56.09511],[15.76563,56.0923],[15.76593,56.09234],[15.7661,56.09234],[15.76612,56.09234],[15.7665,56.09236],[15.76691,56.09235],[15.76773,56.09235],[15.76855,56.09236],[15.76904,56.09237],[15.76962,56.09238],[15.77022,56.09238],[15.77113,56.09239],[15.7716,56.09239],[15.77218,56.09234],[15.77218,56.09234],[15.77218,56.09234],[15.77212,56.09206],[15.77236,56.09199],[15.77236,56.09199],[15.77236,56.09199],[15.77234,56.09193],[15.7729,56.09179],[15.7729,56.09179],[15.7729,56.09179],[15.77276,56.0916],[15.77305,56.09153],[15.77327,56.09153],[15.77327,56.09153],[15.77327,56.09153],[15.77327,56.09153],[15.77326,56.09139],[15.77531,56.09126],[15.77531,56.09126],[15.77531,56.09126],[15.77531,56.09126],[15.77527,56.09102],[15.7756,56.0909],[15.77571,56.09078],[15.77581,56.09048],[15.77593,56.09017],[15.77597,56.08979],[15.7759,56.0893],[15.7759,56.0893],[15.77574,56.08926],[15.77543,56.08893],[15.77512,56.08842],[15.77564,56.08829],[15.77638,56.0884],[15.7769,56.08848],[15.77789,56.08864],[15.77786,56.08884],[15.77787,56.0892],[15.7779,56.08949],[15.7779,56.08949],[15.77793,56.08952],[15.77775,56.09045],[15.77775,56.09045],[15.77775,56.09045],[15.78017,56.0906],[15.78017,56.0906],[15.78017,56.0906],[15.78026,56.09028],[15.78838,56.08968],[15.78838,56.08968],[15.78838,56.08968],[15.78838,56.08968],[15.78496,56.08715],[15.78456,56.08483],[15.78456,56.08483],[15.78093,56.08417],[15.77708,56.07996],[15.77708,56.07996],[15.77708,56.07996],[15.77111,56.08145],[15.77111,56.08145],[15.77071,56.08248],[15.76579,56.08124],[15.76546,56.08117],[15.7649,56.08108],[15.7649,56.08108],[15.7649,56.08108],[15.76488,56.08133],[15.76484,56.08181],[15.76482,56.08199],[15.76423,56.08203],[15.76365,56.08169],[15.76365,56.08169],[15.76365,56.08169],[15.76365,56.08169],[15.763,56.08245],[15.76285,56.08241],[15.76249,56.08199],[15.76232,56.08173],[15.76232,56.08173],[15.76231,56.08173],[15.76206,56.08177],[15.76155,56.08187],[15.76155,56.08187],[15.76155,56.08187],[15.76158,56.08192],[15.76164,56.08197],[15.76166,56.08204],[15.76164,56.08207],[15.76161,56.08208],[15.76155,56.08207],[15.76148,56.08202],[15.76142,56.08198],[15.76136,56.08187],[15.76134,56.08184],[15.7613,56.08183],[15.76129,56.08183],[15.76129,56.08183],[15.76126,56.08185],[15.76089,56.0811],[15.76115,56.08085],[15.76156,56.08068],[15.76157,56.08068],[15.76157,56.08068],[15.76154,56.08053],[15.76118,56.08011],[15.76092,56.0797],[15.76082,56.07951],[15.76119,56.07948],[15.76119,56.07948],[15.76119,56.07948],[15.76117,56.07927],[15.76113,56.07902],[15.76113,56.07902],[15.76113,56.07902],[15.76089,56.07895],[15.76054,56.07844],[15.76065,56.07833],[15.76134,56.0782],[15.76174,56.07813],[15.76207,56.07833],[15.76227,56.07845],[15.76227,56.07845],[15.76227,56.07845],[15.76304,56.07819],[15.76309,56.07817],[15.76309,56.07817],[15.76309,56.07817],[15.76309,56.07815],[15.76369,56.07811],[15.76392,56.07835],[15.764,56.07841],[15.764,56.07841],[15.76422,56.07842],[15.76427,56.07846],[15.76427,56.07846],[15.76427,56.07846],[15.76485,56.07836],[15.76486,56.07836],[15.76502,56.07824],[15.76509,56.07825],[15.76523,56.07825],[15.76533,56.07823],[15.76573,56.07823],[15.76612,56.07824],[15.76612,56.07824],[15.76612,56.07824],[15.76612,56.07824],[15.76618,56.07794],[15.76633,56.07791],[15.76667,56.07793],[15.76666,56.07804],[15.76666,56.07804],[15.76666,56.07804],[15.76764,56.07802],[15.76764,56.07801],[15.76796,56.07766],[15.76833,56.07777],[15.76843,56.0778],[15.76837,56.07807],[15.76837,56.07807],[15.76837,56.07807],[15.76864,56.07811],[15.76912,56.07809],[15.76922,56.07808],[15.76937,56.07797],[15.77028,56.07768],[15.77708,56.07996],[15.77708,56.07996],[15.77708,56.07996],[15.78256,56.07835],[15.78257,56.07835],[15.78257,56.07835],[15.78257,56.07835],[15.78073,56.07699],[15.78029,56.07665],[15.77885,56.07553],[15.77873,56.07141],[15.78473,56.07134],[15.78485,56.07589],[15.78485,56.07589],[15.78886,56.07859],[15.78886,56.07859],[15.78886,56.07859],[15.79396,56.07659],[15.79522,56.07375],[15.80524,56.07097],[15.8088,56.06999],[15.8088,56.06999],[15.8088,56.06999],[15.8088,56.06999],[15.8088,56.06999],[15.80525,56.06936],[15.79699,56.06784],[15.79236,56.06535],[15.79484,56.06037],[15.78997,56.05336],[15.78997,56.05336],[15.78997,56.05335],[15.78163,56.05178],[15.77779,56.04661],[15.77779,56.04661],[15.77779,56.04661],[15.77778,56.04661],[15.77778,56.04661],[15.77639,56.05051],[15.77842,56.05443],[15.77807,56.05697],[15.77744,56.05938],[15.77805,56.06112],[15.77836,56.06205],[15.7785,56.06248],[15.77866,56.06295],[15.77877,56.06326],[15.77899,56.06386],[15.77947,56.06526],[15.7689,56.06688],[15.7643,56.06516],[15.76363,56.06443],[15.7632,56.06397],[15.7629,56.06363],[15.76276,56.0635],[15.76242,56.06317],[15.76111,56.06208],[15.76102,56.06202],[15.7607,56.06184],[15.75482,56.05874],[15.75482,56.05874],[15.75482,56.05874],[15.74881,56.06127],[15.73508,56.06684],[15.73232,56.06859]],[[15.76411,56.0766],[15.76427,56.07645],[15.76448,56.07652],[15.76431,56.07667],[15.76411,56.0766]],[[15.74723,56.07281],[15.7475,56.07272],[15.74767,56.07288],[15.74739,56.07297],[15.74723,56.07281]],[[15.74674,56.074],[15.74724,56.07363],[15.74744,56.0737],[15.74701,56.0741],[15.74674,56.074]],[[15.76528,56.08862],[15.76559,56.08846],[15.76616,56.08871],[15.76584,56.08877],[15.76553,56.08889],[15.76528,56.08862]],[[15.77689,56.0867],[15.77733,56.0866],[15.77753,56.08708],[15.77707,56.08716],[15.77689,56.0867]],[[15.75806,56.08993],[15.75857,56.08958],[15.75907,56.0898],[15.75856,56.09015],[15.75806,56.08993]],[[15.74298,56.07725],[15.74345,56.07691],[15.74359,56.07688],[15.74409,56.0774],[15.74394,56.07744],[15.74298,56.07725]],[[15.76312,56.08871],[15.76365,56.08881],[15.76395,56.0892],[15.76366,56.08932],[15.76317,56.08931],[15.76312,56.08871]],[[15.77664,56.08536],[15.77681,56.0847],[15.7774,56.08457],[15.77775,56.08493],[15.77739,56.08525],[15.77664,56.08536]],[[15.75912,56.09044],[15.75926,56.0903],[15.76023,56.0904],[15.76093,56.09056],[15.76017,56.09092],[15.7596,56.0907],[15.75912,56.09044]],[[15.77314,56.08839],[15.77317,56.0884],[15.77361,56.08876],[15.77403,56.08966],[15.7732,56.08981],[15.77314,56.08839]],[[15.7677,56.08888],[15.7682,56.08886],[15.76821,56.08928],[15.76821,56.08928],[15.76822,56.08928],[15.76822,56.08928],[15.76933,56.08899],[15.76983,56.08915],[15.76823,56.08961],[15.7678,56.08973],[15.7677,56.08888]],[[15.76538,56.08294],[15.76625,56.08292],[15.76678,56.08291],[15.76682,56.08294],[15.76682,56.08294],[15.76687,56.08296],[15.76694,56.08298],[15.76701,56.08299],[15.76706,56.08301],[15.76708,56.08303],[15.76712,56.08305],[15.76714,56.08307],[15.76715,56.08308],[15.76715,56.0831],[15.76716,56.08314],[15.76716,56.08316],[15.76718,56.08319],[15.7672,56.08321],[15.76723,56.08325],[15.76726,56.08329],[15.7673,56.08332],[15.76732,56.08335],[15.76732,56.08337],[15.76611,56.08346],[15.76541,56.0834],[15.76538,56.08294]],[[15.76292,56.08666],[15.76355,56.08638],[15.76387,56.08661],[15.76451,56.08707],[15.76436,56.08714],[15.76436,56.08714],[15.76446,56.08784],[15.76381,56.08738],[15.76388,56.08735],[15.76388,56.08735],[15.76388,56.08734],[15.76324,56.08688],[15.76292,56.08666]],[[15.73814,56.07539],[15.73815,56.07536],[15.73928,56.07449],[15.74002,56.07474],[15.73953,56.07573],[15.73834,56.07592],[15.73832,56.0759],[15.73832,56.07586],[15.73834,56.07582],[15.73835,56.07577],[15.73833,56.07569],[15.73816,56.07544],[15.73816,56.07542],[15.73814,56.07539]],[[15.74011,56.07737],[15.74015,56.07736],[15.7422,56.07704],[15.7422,56.07704],[15.74236,56.07678],[15.74236,56.07678],[15.74192,56.0762],[15.74268,56.07542],[15.74268,56.07542],[15.74268,56.07542],[15.74264,56.07539],[15.74379,56.07478],[15.74405,56.07501],[15.74356,56.07527],[15.74356,56.07527],[15.74356,56.07527],[15.74356,56.07527],[15.74395,56.07551],[15.74374,56.07562],[15.74324,56.07575],[15.74324,56.07575],[15.74227,56.07736],[15.74152,56.07748],[15.74147,56.07748],[15.74147,56.07748],[15.74124,56.07753],[15.74121,56.07755],[15.74109,56.07756],[15.74109,56.07756],[15.74107,56.07757],[15.74103,56.07759],[15.74097,56.07758],[15.74089,56.07755],[15.74083,56.07753],[15.74064,56.0775],[15.74053,56.07747],[15.74053,56.07747],[15.7404,56.07754],[15.7404,56.07754],[15.7404,56.07754],[15.74049,56.07759],[15.74039,56.07764],[15.74026,56.07757],[15.74038,56.07749],[15.74038,56.07749],[15.74038,56.07749],[15.74032,56.07746],[15.74023,56.07745],[15.74019,56.07744],[15.74015,56.07741],[15.74014,56.07739],[15.74011,56.07737],[15.74011,56.07737]],[[15.74031,56.07403],[15.74043,56.07332],[15.74064,56.07292],[15.74137,56.07251],[15.74205,56.07311],[15.74177,56.07321],[15.74177,56.07321],[15.74167,56.07417],[15.74222,56.0745],[15.74233,56.07456],[15.74209,56.07469],[15.74175,56.07487],[15.74151,56.07499],[15.74129,56.07486],[15.74152,56.07474],[15.74152,56.07474],[15.74152,56.07474],[15.74108,56.07448],[15.74031,56.07403]]]},"properties":{"NVRID":"2000069","NAMN":"Hästholmen-Ytterön","SKYDDSTYP":"Naturreservat","LAN":"Blekinge Län","KOMMUN":"Karlskrona","IUCNKATEGORI":"IV, Habitat/Artskyddsområde (Habitat/Species Management Area)","FORVALTARE":"Länsstyrelsen i Blekinge län","AREA_HA":1151.314,"URSPR_BESLUTSDATUM":"1975-12-01"}},{"type":"Feature","geometry":{"type":"Polygon","coordinates":[[[15.76367,56.3449],[15.76381,56.34472],[15.76397,56.34458],[15.7644,56.34433],[15.76458,56.34438],[15.7647,56.3445],[15.76492,56.3446],[15.76492,56.3446],[15.76492,56.3446],[15.76501,56.34456],[15.76509,56.34448],[15.76537,56.3444],[15.76553,56.34443],[15.76553,56.34443],[15.76553,56.34443],[15.76581,56.34422],[15.76612,56.34401],[15.76665,56.34428],[15.76659,56.34446],[15.76664,56.34463],[15.76664,56.34463],[15.76708,56.34479],[15.768,56.34525],[15.76797,56.34538],[15.76751,56.34572],[15.7672,56.34586],[15.76692,56.3461],[15.76662,56.34617],[15.76615,56.34656],[15.76536,56.34675],[15.76516,56.34647],[15.76516,56.34647],[15.76516,56.34647],[15.76482,56.34653],[15.76451,56.3465],[15.76451,56.3465],[15.76451,56.3465],[15.76451,56.3465],[15.76451,56.3465],[15.76769,56.35004],[15.76769,56.35004],[15.76769,56.35004],[15.76818,56.34988],[15.7684,56.34963],[15.76869,56.34956],[15.76884,56.34951],[15.76965,56.34966],[15.77006,56.3498],[15.77006,56.3498],[15.77006,56.3498],[15.77006,56.3498],[15.77011,56.34973],[15.77011,56.34973],[15.76983,56.34932],[15.77029,56.349],[15.7705,56.34884],[15.77073,56.34889],[15.77074,56.34889],[15.77116,56.34858],[15.77169,56.3485],[15.77202,56.34833],[15.77202,56.34833],[15.77205,56.34798],[15.77238,56.34724],[15.77238,56.34724],[15.77238,56.34724],[15.77196,56.34717],[15.77047,56.34657],[15.77123,56.34608],[15.77164,56.34595],[15.77193,56.34578],[15.77193,56.34578],[15.77187,56.34542],[15.77237,56.3453],[15.77316,56.3452],[15.77426,56.34496],[15.77426,56.34496],[15.77426,56.34496],[15.77426,56.34496],[15.76779,56.34126],[15.76779,56.34125],[15.76778,56.34125],[15.76778,56.34126],[15.76762,56.34137],[15.76756,56.34146],[15.76668,56.34247],[15.7664,56.34272],[15.76592,56.34321],[15.76581,56.34329],[15.76554,56.34345],[15.76533,56.34354],[15.7651,56.3436],[15.76469,56.34376],[15.76425,56.34397],[15.76405,56.3441],[15.76385,56.34422],[15.7635,56.34457],[15.76338,56.34476],[15.76327,56.34491],[15.76311,56.34505],[15.76311,56.34505],[15.76349,56.34542],[15.76349,56.34542],[15.76349,56.34542],[15.7642,56.34521],[15.7642,56.34521],[15.7642,56.34521],[15.7642,56.34521],[15.7642,56.3452],[15.76402,56.34517],[15.76375,56.34516],[15.76367,56.3449]]]},"properties":{"NVRID":"2048442","NAMN":"Östra Flymen","SKYDDSTYP":"Naturreservat","LAN":"Blekinge Län","KOMMUN":"Karlskrona","IUCNKATEGORI":"IV, Habitat/Artskyddsområde (Habitat/Species Management Area)","FORVALTARE":"Länsstyrelsen i Blekinge län","AREA_HA":29.146,"URSPR_BESLUTSDATUM":"2017-12-20"}},{"type":"Feature","geometry":{"type":"MultiPolygon","coordinates":[[[[15.30924,56.14006],[15.30924,56.14006],[15.30924,56.14006],[15.30924,56.14006],[15.30923,56.14006],[15.30885,56.14003],[15.30838,56.14005],[15.30838,56.14005],[15.30838,56.14005],[15.30803,56.14054],[15.30794,56.14059],[15.30774,56.14076],[15.30774,56.14076],[15.30774,56.14076],[15.30774,56.14076],[15.30774,56.14076],[15.30798,56.14066],[15.30924,56.14006]]],[[[15.31205,56.14114],[15.31205,56.14114],[15.31205,56.14114],[15.31242,56.14119],[15.31242,56.14119],[15.31242,56.14119],[15.31268,56.14094],[15.3127,56.14092],[15.3127,56.14092],[15.3127,56.14092],[15.3127,56.14092],[15.31174,56.14047],[15.3117,56.14046],[15.3117,56.14046],[15.3117,56.14046],[15.3117,56.14046],[15.31158,56.1407],[15.31158,56.1407],[15.31158,56.1407],[15.31203,56.14084],[15.31214,56.14087],[15.31225,56.1409],[15.31205,56.14114],[15.31205,56.14114]]],[[[15.28175,56.14259],[15.28175,56.14259],[15.28175,56.14259],[15.28247,56.14284],[15.28247,56.14284],[15.28306,56.14267],[15.28306,56.14267],[15.28306,56.14267],[15.28292,56.1423],[15.28292,56.1423],[15.28292,56.1423],[15.2828,56.14232],[15.28198,56.1425],[15.28184,56.14255],[15.28181,56.14256],[15.28175,56.14259]]],[[[15.31107,56.14011],[15.31107,56.14011],[15.31107,56.14011],[15.3109,56.13934],[15.3109,56.13934],[15.3109,56.13934],[15.31089,56.13934],[15.31089,56.13934],[15.3106,56.13951],[15.31014,56.13975],[15.30981,56.13993],[15.30963,56.14001],[15.30962,56.14001],[15.30962,56.14001],[15.30963,56.14001],[15.31107,56.14011],[15.31107,56.14011]]],[[[15.30957,56.13921],[15.30957,56.13921],[15.30889,56.13953],[15.30871,56.13964],[15.30844,56.13998],[15.30844,56.13998],[15.30844,56.13998],[15.30844,56.13998],[15.3086,56.13997],[15.30906,56.13998],[15.30939,56.14],[15.30939,56.14],[15.30964,56.13987],[15.31035,56.13952],[15.31064,56.13936],[15.31082,56.13922],[15.3109,56.13915],[15.3109,56.13915],[15.3109,56.13915],[15.3109,56.13915],[15.30984,56.13921],[15.30957,56.13921]]],[[[15.31105,56.13936],[15.31115,56.13991],[15.31119,56.14007],[15.31123,56.14012],[15.31134,56.1402],[15.31171,56.14037],[15.31255,56.14076],[15.31255,56.14076],[15.31255,56.14076],[15.31255,56.14076],[15.31275,56.1405],[15.31275,56.14027],[15.31256,56.13998],[15.31246,56.13921],[15.31193,56.13853],[15.31184,56.13835],[15.31184,56.13835],[15.31148,56.13828],[15.31148,56.13828],[15.31148,56.13828],[15.31145,56.1385],[15.31142,56.13868],[15.31137,56.13881],[15.31132,56.13892],[15.3111,56.13916],[15.311,56.13926],[15.311,56.13926],[15.311,56.13926],[15.31102,56.13927],[15.31105,56.13936]]],[[[15.30407,56.14245],[15.30467,56.14257],[15.30467,56.14257],[15.30467,56.14257],[15.30484,56.14245],[15.30529,56.14249],[15.30529,56.14249],[15.30549,56.14242],[15.30569,56.14225],[15.30569,56.14225],[15.30569,56.14225],[15.3056,56.14218],[15.30578,56.14199],[15.30635,56.14177],[15.30662,56.14189],[15.30662,56.14189],[15.30719,56.14185],[15.30719,56.14185],[15.30901,56.14093],[15.30901,56.14093],[15.30909,56.14055],[15.30927,56.14047],[15.30974,56.14008],[15.30974,56.14008],[15.30974,56.14008],[15.30974,56.14008],[15.30974,56.14008],[15.30949,56.14008],[15.30949,56.14008],[15.30817,56.14073],[15.30654,56.14153],[15.30595,56.1418],[15.30568,56.14193],[15.30522,56.14209],[15.30472,56.14222],[15.30414,56.1423],[15.30313,56.1424],[15.30224,56.14248],[15.30224,56.14248],[15.30224,56.14248],[15.30246,56.14272],[15.30246,56.14272],[15.30246,56.14272],[15.30332,56.14264],[15.30332,56.14264],[15.30339,56.14253],[15.30381,56.14253],[15.30407,56.14245]]],[[[15.31844,56.13296],[15.31788,56.13078],[15.31788,56.13078],[15.31788,56.13078],[15.31787,56.13078],[15.31391,56.13136],[15.31302,56.13142],[15.31148,56.13149],[15.31148,56.13149],[15.31148,56.13149],[15.31142,56.13174],[15.31138,56.13193],[15.31133,56.13224],[15.31132,56.13247],[15.31135,56.1328],[15.3114,56.13326],[15.31162,56.13467],[15.31169,56.13507],[15.31169,56.13507],[15.31169,56.13507],[15.31191,56.13503],[15.31451,56.13435],[15.31561,56.13406],[15.31658,56.13381],[15.31711,56.13374],[15.31761,56.13371],[15.3189,56.13368],[15.3189,56.13368],[15.3189,56.13368],[15.3189,56.13368],[15.31889,56.13368],[15.319,56.13368],[15.319,56.13368],[15.319,56.13368],[15.319,56.13368],[15.31893,56.13358],[15.31893,56.1335],[15.31886,56.13337],[15.31875,56.13324],[15.31844,56.13296]]],[[[15.25696,56.13995],[15.25718,56.14551],[15.2604,56.14831],[15.26461,56.15462],[15.26461,56.15462],[15.27065,56.15493],[15.27921,56.15815],[15.2923,56.15724],[15.29819,56.15926],[15.29819,56.15926],[15.30656,56.15538],[15.31544,56.15716],[15.31729,56.15708],[15.31806,56.15703],[15.32059,56.15813],[15.32059,56.15813],[15.32188,56.15777],[15.3249,56.15802],[15.32643,56.15817],[15.32643,56.15817],[15.32643,56.15817],[15.32644,56.15817],[15.32655,56.15768],[15.32655,56.15768],[15.32612,56.15739],[15.32614,56.15723],[15.32603,56.15688],[15.32606,56.15679],[15.32662,56.15683],[15.32662,56.15683],[15.32662,56.15683],[15.3266,56.1561],[15.327,56.15557],[15.3278,56.15398],[15.32779,56.15322],[15.32779,56.15322],[15.32779,56.15322],[15.32435,56.15303],[15.32427,56.15301],[15.32374,56.15277],[15.32358,56.15266],[15.32335,56.1525],[15.32313,56.15228],[15.32299,56.15205],[15.32275,56.15165],[15.32265,56.15145],[15.3226,56.151],[15.32253,56.15047],[15.32245,56.14987],[15.32237,56.14954],[15.32225,56.14923],[15.32205,56.14896],[15.32175,56.14862],[15.32166,56.14852],[15.32161,56.14843],[15.32162,56.14824],[15.32161,56.14812],[15.32154,56.14797],[15.32145,56.14782],[15.32136,56.14769],[15.32117,56.14749],[15.32108,56.14743],[15.32083,56.14726],[15.32056,56.1471],[15.32034,56.14704],[15.32009,56.14699],[15.3199,56.14693],[15.31981,56.1469],[15.31971,56.14684],[15.31953,56.14668],[15.31942,56.14655],[15.31987,56.14636],[15.32026,56.14625],[15.32075,56.14606],[15.32085,56.14605],[15.32085,56.14605],[15.32214,56.14555],[15.32222,56.14551],[15.32248,56.14544],[15.3227,56.14535],[15.32392,56.14568],[15.32457,56.14565],[15.32645,56.1456],[15.32645,56.1456],[15.32647,56.14561],[15.32656,56.14567],[15.32657,56.14567],[15.32669,56.14565],[15.32678,56.1457],[15.32681,56.14577],[15.32679,56.14582],[15.32679,56.14582],[15.32695,56.14593],[15.327,56.14605],[15.32702,56.14615],[15.32704,56.14624],[15.32704,56.14624],[15.32714,56.14631],[15.32714,56.14631],[15.32714,56.14631],[15.32723,56.14631],[15.32737,56.1463],[15.32751,56.14631],[15.32762,56.14635],[15.32762,56.14635],[15.32764,56.14635],[15.32773,56.14638],[15.32773,56.14638],[15.32773,56.14638],[15.32777,56.14633],[15.32783,56.14627],[15.32783,56.14627],[15.32783,56.14623],[15.32777,56.14619],[15.32775,56.14615],[15.3278,56.14612],[15.32781,56.14609],[15.32781,56.14609],[15.32781,56.14609],[15.32775,56.14606],[15.32776,56.14598],[15.32785,56.14595],[15.32792,56.14599],[15.32797,56.14602],[15.32797,56.14602],[15.32797,56.14602],[15.32802,56.14599],[15.32808,56.14599],[15.32813,56.14604],[15.32811,56.14607],[15.32811,56.14607],[15.32818,56.14613],[15.32825,56.14616],[15.32833,56.14617],[15.32844,56.14615],[15.32845,56.14615],[15.32849,56.14611],[15.32852,56.14603],[15.32856,56.14601],[15.32867,56.14598],[15.32882,56.14598],[15.32897,56.14601],[15.32897,56.14601],[15.32903,56.146],[15.32912,56.14595],[15.32921,56.14593],[15.32928,56.14594],[15.32936,56.14594],[15.32945,56.14592],[15.32957,56.14591],[15.32973,56.14588],[15.32989,56.1459],[15.33002,56.14596],[15.33008,56.14596],[15.33015,56.14598],[15.33016,56.14602],[15.33025,56.14612],[15.33036,56.1462],[15.33046,56.14625],[15.33059,56.14627],[15.33072,56.14626],[15.33072,56.14626],[15.33072,56.14626],[15.33077,56.1462],[15.33079,56.14612],[15.33075,56.14604],[15.33082,56.14601],[15.33097,56.14606],[15.33119,56.14615],[15.33129,56.14618],[15.33126,56.14628],[15.33126,56.14628],[15.33126,56.14628],[15.33139,56.14633],[15.33139,56.14633],[15.33148,56.14631],[15.33148,56.14631],[15.33151,56.14626],[15.33155,56.14623],[15.33171,56.14621],[15.3319,56.14623],[15.332,56.14627],[15.332,56.14627],[15.33208,56.14626],[15.33228,56.14625],[15.33241,56.14624],[15.33241,56.14624],[15.33241,56.14624],[15.33245,56.14617],[15.33253,56.14609],[15.33259,56.14603],[15.33276,56.14604],[15.33288,56.14599],[15.33293,56.14593],[15.3329,56.14587],[15.3329,56.14583],[15.33298,56.14582],[15.33308,56.1458],[15.33315,56.14575],[15.33322,56.14567],[15.3333,56.14562],[15.33344,56.14554],[15.33359,56.14547],[15.33374,56.14539],[15.33387,56.14533],[15.33387,56.14533],[15.33388,56.14532],[15.33401,56.1453],[15.3341,56.14532],[15.3341,56.14532],[15.3341,56.14532],[15.3341,56.14532],[15.33406,56.14486],[15.33406,56.14485],[15.33406,56.14485],[15.32984,56.1446],[15.32773,56.14123],[15.32637,56.13806],[15.32531,56.13694],[15.32531,56.13694],[15.32266,56.13638],[15.32265,56.13638],[15.32233,56.13651],[15.32208,56.13665],[15.32191,56.13668],[15.32179,56.13668],[15.3214,56.1366],[15.3207,56.13649],[15.32032,56.13647],[15.31998,56.13642],[15.31939,56.13628],[15.31912,56.1361],[15.31879,56.13581],[15.31855,56.13513],[15.31848,56.13477],[15.31844,56.13453],[15.31846,56.1343],[15.31861,56.13414],[15.3188,56.13406],[15.3188,56.13406],[15.31893,56.13391],[15.31897,56.13378],[15.31897,56.13378],[15.31897,56.13378],[15.31897,56.13378],[15.31886,56.13378],[15.31773,56.13381],[15.31724,56.13383],[15.3169,56.13387],[15.31664,56.1339],[15.31547,56.13421],[15.31361,56.13469],[15.31241,56.13501],[15.31178,56.13517],[15.31168,56.13518],[15.31168,56.13518],[15.31168,56.13518],[15.3116,56.13656],[15.31158,56.13671],[15.31158,56.13711],[15.31157,56.13762],[15.31157,56.13762],[15.31157,56.13762],[15.31234,56.13749],[15.31429,56.13726],[15.31512,56.13997],[15.31512,56.13997],[15.31571,56.14043],[15.3154,56.1417],[15.3154,56.14171],[15.31557,56.14178],[15.31639,56.14184],[15.31639,56.14184],[15.31683,56.14161],[15.31732,56.14191],[15.31745,56.14204],[15.31699,56.14234],[15.31692,56.14243],[15.31673,56.14256],[15.31668,56.14275],[15.31633,56.14298],[15.31633,56.14298],[15.31633,56.14298],[15.31659,56.14312],[15.31642,56.14326],[15.31626,56.14343],[15.31588,56.14322],[15.31594,56.14315],[15.31594,56.14315],[15.31594,56.14315],[15.31584,56.14309],[15.31573,56.14302],[15.31501,56.14254],[15.31467,56.14231],[15.31439,56.14206],[15.31439,56.14206],[15.31439,56.14206],[15.31439,56.14206],[15.31257,56.14399],[15.31218,56.14437],[15.31071,56.14372],[15.31071,56.14372],[15.31071,56.14372],[15.31045,56.14431],[15.31033,56.14499],[15.30869,56.14438],[15.30869,56.14438],[15.30684,56.14445],[15.30592,56.14466],[15.30563,56.1444],[15.30548,56.14369],[15.30548,56.14369],[15.30548,56.14369],[15.30535,56.14368],[15.30217,56.14382],[15.30162,56.14349],[15.30103,56.14259],[15.30103,56.14259],[15.30103,56.14259],[15.30015,56.1427],[15.29952,56.14276],[15.29703,56.143],[15.29522,56.14318],[15.29453,56.14326],[15.29381,56.14331],[15.29328,56.14333],[15.2926,56.14332],[15.29193,56.14327],[15.29147,56.14321],[15.29105,56.14314],[15.29056,56.14304],[15.28973,56.14285],[15.28794,56.14247],[15.28752,56.14237],[15.2869,56.14225],[15.28656,56.1422],[15.28591,56.14213],[15.2854,56.1421],[15.28515,56.14209],[15.28455,56.14211],[15.28454,56.14211],[15.28454,56.14211],[15.28462,56.14248],[15.28495,56.1431],[15.28342,56.14336],[15.28285,56.14327],[15.28269,56.14325],[15.28269,56.14325],[15.28269,56.14325],[15.28264,56.14328],[15.28246,56.1433],[15.28233,56.14332],[15.28215,56.1433],[15.28194,56.14332],[15.28194,56.14332],[15.28183,56.14337],[15.28183,56.14337],[15.28182,56.1434],[15.28167,56.14341],[15.28158,56.14341],[15.28158,56.14338],[15.28158,56.14337],[15.28156,56.14334],[15.28156,56.14334],[15.28142,56.1433],[15.28129,56.1433],[15.28129,56.1433],[15.28123,56.14335],[15.28118,56.14341],[15.28103,56.14347],[15.28086,56.14352],[15.28076,56.14349],[15.28078,56.14339],[15.28079,56.14337],[15.28079,56.14336],[15.28079,56.14336],[15.28079,56.14336],[15.28078,56.14336],[15.28078,56.14337],[15.28078,56.14336],[15.28078,56.14336],[15.28075,56.14333],[15.28075,56.14333],[15.28066,56.14333],[15.28066,56.14333],[15.28057,56.14338],[15.28046,56.14341],[15.2804,56.14345],[15.28033,56.14346],[15.28026,56.14345],[15.28026,56.14341],[15.28025,56.14341],[15.28016,56.14339],[15.28004,56.14341],[15.27999,56.1434],[15.27991,56.14343],[15.27978,56.14345],[15.27957,56.14345],[15.27938,56.14341],[15.27923,56.14332],[15.2792,56.1433],[15.2792,56.1433],[15.27918,56.14329],[15.27904,56.1432],[15.27903,56.14316],[15.27902,56.14316],[15.27902,56.14316],[15.27901,56.14316],[15.27895,56.14309],[15.27895,56.14302],[15.27905,56.1428],[15.27912,56.14266],[15.27918,56.1425],[15.27918,56.1424],[15.27918,56.14232],[15.27931,56.14225],[15.27937,56.14215],[15.27958,56.14218],[15.28058,56.14235],[15.28145,56.14249],[15.2816,56.14254],[15.2816,56.14254],[15.2816,56.14254],[15.28168,56.14249],[15.28174,56.14247],[15.28191,56.14241],[15.28274,56.14223],[15.28289,56.1422],[15.28289,56.1422],[15.28289,56.1422],[15.28289,56.1422],[15.28276,56.1421],[15.28283,56.14197],[15.28306,56.14168],[15.28362,56.14209],[15.28362,56.14209],[15.28363,56.14209],[15.28399,56.14205],[15.28445,56.14201],[15.28453,56.142],[15.28453,56.142],[15.28453,56.142],[15.28423,56.14105],[15.28459,56.14099],[15.28513,56.14099],[15.28526,56.14163],[15.28532,56.14199],[15.28532,56.14199],[15.28532,56.14199],[15.28541,56.142],[15.28609,56.14204],[15.28642,56.14208],[15.28673,56.14212],[15.2875,56.14226],[15.28857,56.14249],[15.28969,56.14273],[15.29041,56.1429],[15.29089,56.143],[15.29122,56.14306],[15.29146,56.14311],[15.29174,56.14314],[15.2921,56.14319],[15.29263,56.14323],[15.29315,56.14324],[15.29355,56.14322],[15.29402,56.1432],[15.29437,56.14317],[15.29477,56.14313],[15.29532,56.14308],[15.29581,56.14302],[15.29794,56.14281],[15.29879,56.14273],[15.29929,56.14268],[15.30012,56.1426],[15.30089,56.14248],[15.3009,56.14248],[15.3009,56.14248],[15.3009,56.14248],[15.3009,56.14248],[15.30046,56.14216],[15.30001,56.14141],[15.30001,56.14141],[15.30001,56.14141],[15.29967,56.14147],[15.29925,56.14106],[15.29944,56.14095],[15.29944,56.14095],[15.29944,56.14095],[15.29915,56.1407],[15.29955,56.14043],[15.30022,56.14063],[15.30041,56.1408],[15.30041,56.1408],[15.30136,56.1408],[15.3013,56.14101],[15.3013,56.14101],[15.30202,56.14128],[15.30246,56.14174],[15.30218,56.14238],[15.30218,56.14238],[15.30219,56.14238],[15.30219,56.14238],[15.30368,56.14224],[15.30437,56.14216],[15.30467,56.14212],[15.30491,56.14206],[15.30518,56.14199],[15.30557,56.14185],[15.30593,56.14168],[15.30667,56.14132],[15.30729,56.141],[15.30729,56.141],[15.30729,56.141],[15.30729,56.141],[15.30729,56.141],[15.30711,56.14101],[15.30669,56.14096],[15.30682,56.14063],[15.30694,56.1405],[15.30756,56.14042],[15.30756,56.14042],[15.30761,56.14036],[15.30761,56.14035],[15.30743,56.14004],[15.30743,56.14004],[15.30743,56.14004],[15.3072,56.14009],[15.30717,56.14007],[15.30726,56.13983],[15.3074,56.13961],[15.30816,56.13925],[15.30865,56.13921],[15.30865,56.13921],[15.3088,56.13908],[15.30911,56.13915],[15.30911,56.13915],[15.30911,56.13915],[15.30917,56.13904],[15.30928,56.139],[15.3098,56.13902],[15.3098,56.13902],[15.3098,56.13902],[15.30991,56.13878],[15.3112,56.13881],[15.3112,56.13881],[15.3112,56.13881],[15.3112,56.13881],[15.31126,56.13855],[15.3113,56.13828],[15.31133,56.13779],[15.31133,56.13779],[15.31125,56.13769],[15.31125,56.13769],[15.31113,56.13764],[15.31049,56.13751],[15.31036,56.13745],[15.31036,56.13745],[15.31036,56.13745],[15.31003,56.13752],[15.30988,56.13753],[15.30971,56.1376],[15.30966,56.13711],[15.30981,56.13706],[15.30981,56.13706],[15.30987,56.1369],[15.31039,56.13696],[15.31067,56.13707],[15.31067,56.13707],[15.31115,56.13712],[15.31139,56.13711],[15.31139,56.13711],[15.31139,56.13711],[15.31141,56.13654],[15.3115,56.13518],[15.31142,56.13477],[15.31133,56.13412],[15.31119,56.13323],[15.31114,56.13285],[15.31114,56.13285],[15.31114,56.13285],[15.31042,56.13284],[15.30947,56.13264],[15.30971,56.1322],[15.31005,56.13187],[15.31012,56.13174],[15.31012,56.13174],[15.31012,56.13174],[15.30914,56.13182],[15.30926,56.13145],[15.31009,56.13149],[15.31009,56.13149],[15.31009,56.13149],[15.31016,56.13124],[15.31033,56.13126],[15.31033,56.13126],[15.31033,56.13126],[15.31051,56.13057],[15.31105,56.13058],[15.31112,56.13059],[15.31112,56.13059],[15.31112,56.13059],[15.31143,56.13016],[15.31148,56.13009],[15.31148,56.13009],[15.31148,56.13009],[15.31148,56.13009],[15.3112,56.13007],[15.31066,56.13003],[15.31084,56.12968],[15.31186,56.12976],[15.31186,56.12976],[15.31186,56.12976],[15.3121,56.12935],[15.3121,56.12935],[15.3121,56.12935],[15.31109,56.12926],[15.31031,56.12923],[15.31046,56.12881],[15.31108,56.12881],[15.31165,56.1288],[15.31165,56.1288],[15.31165,56.1288],[15.31165,56.1288],[15.31165,56.12873],[15.31155,56.12835],[15.31205,56.12831],[15.31277,56.12826],[15.31318,56.12806],[15.31384,56.12748],[15.31407,56.12727],[15.31459,56.12714],[15.31815,56.12716],[15.31815,56.12716],[15.31815,56.12716],[15.31939,56.12425],[15.32757,56.10408],[15.32757,56.10408],[15.32757,56.10408],[15.32757,56.10408],[15.32757,56.10408],[15.29128,56.10585],[15.29039,56.10589],[15.29039,56.10589],[15.26589,56.12114],[15.26589,56.12114],[15.2668,56.12894],[15.25696,56.13995]],[[15.31375,56.15239],[15.31375,56.15237],[15.31375,56.15236],[15.31382,56.15223],[15.31399,56.15226],[15.31394,56.15238],[15.3138,56.15238],[15.3138,56.15238],[15.3138,56.15238],[15.31379,56.1524],[15.31374,56.15247],[15.3137,56.15247],[15.31375,56.15239]],[[15.32487,56.15646],[15.32497,56.15647],[15.32509,56.1565],[15.32506,56.15662],[15.32502,56.15667],[15.32494,56.1567],[15.32487,56.1567],[15.32473,56.15666],[15.32468,56.15663],[15.32466,56.15659],[15.32467,56.15654],[15.32473,56.15649],[15.32487,56.15646]],[[15.32288,56.14044],[15.323,56.14068],[15.32217,56.14101],[15.32173,56.14049],[15.32268,56.14022],[15.32288,56.14044]]]]},"properties":{"NVRID":"2014253","NAMN":"Gö","SKYDDSTYP":"Naturreservat","LAN":"Blekinge Län","KOMMUN":"Ronneby","IUCNKATEGORI":"IV, Habitat/Artskyddsområde (Habitat/Species Management Area)","FORVALTARE":"Länsstyrelsen i Blekinge län","AREA_HA":1945.358,"URSPR_BESLUTSDATUM":"2008-10-13"}},{"type":"Feature","geometry":{"type":"Polygon","coordinates":[[[15.18675,56.20472],[15.18642,56.20482],[15.18622,56.20485],[15.18588,56.20489],[15.18571,56.20492],[15.18534,56.20493],[15.18513,56.20497],[15.18494,56.20502],[15.18475,56.20509],[15.18461,56.20516],[15.1845,56.20522],[15.1844,56.20529],[15.1843,56.20531],[15.1843,56.20531],[15.1843,56.20531],[15.18434,56.20535],[15.18447,56.20545],[15.18457,56.20561],[15.18465,56.20587],[15.18475,56.20609],[15.18489,56.20632],[15.18501,56.20647],[15.18516,56.20661],[15.18544,56.20678],[15.18598,56.20696],[15.18638,56.20709],[15.18669,56.20722],[15.18683,56.2073],[15.18683,56.2073],[15.18698,56.20732],[15.18716,56.20733],[15.18729,56.20736],[15.1874,56.20739],[15.18751,56.20744],[15.18757,56.20749],[15.18768,56.20758],[15.18774,56.20768],[15.18777,56.20777],[15.18774,56.20787],[15.1877,56.20797],[15.1877,56.20797],[15.1877,56.20797],[15.1877,56.20797],[15.1877,56.20797],[15.18781,56.20794],[15.19136,56.20705],[15.19136,56.20705],[15.19187,56.20603],[15.19337,56.20605],[15.19597,56.20588],[15.19712,56.20589],[15.19712,56.20589],[15.19712,56.20589],[15.19712,56.20589],[15.1966,56.20514],[15.19691,56.20481],[15.19866,56.20465],[15.19866,56.20465],[15.19914,56.20398],[15.19958,56.20309],[15.19965,56.20303],[15.1997,56.20216],[15.1997,56.20216],[15.1997,56.20216],[15.19813,56.2021],[15.19813,56.2021],[15.19531,56.20318],[15.19531,56.20318],[15.1954,56.20421],[15.19388,56.20396],[15.193,56.20372],[15.19027,56.20349],[15.18999,56.20301],[15.18999,56.20301],[15.18999,56.20301],[15.18988,56.20302],[15.1895,56.20308],[15.18935,56.20314],[15.1892,56.20324],[15.189,56.2033],[15.18887,56.20338],[15.18877,56.2034],[15.18859,56.20343],[15.18838,56.20349],[15.18822,56.20358],[15.18806,56.20367],[15.18789,56.20379],[15.18768,56.20396],[15.18743,56.20413],[15.18716,56.20439],[15.18707,56.20446],[15.18691,56.20459],[15.18675,56.20472]]]},"properties":{"NVRID":"2000083","NAMN":"Wallanders Åbacka","SKYDDSTYP":"Naturreservat","LAN":"Blekinge Län","KOMMUN":"Ronneby","IUCNKATEGORI":"Ia, Strikt naturreservat (Strict Nature Reserve)","FORVALTARE":"Länsstyrelsen i Blekinge län","AREA_HA":28.637,"URSPR_BESLUTSDATUM":"1999-06-07"}},{"type":"Feature","geometry":{"type":"Polygon","coordinates":[[[14.6149,56.00478],[14.61507,56.00474],[14.61543,56.00476],[14.61589,56.00483],[14.61611,56.00482],[14.6162,56.00483],[14.61691,56.00489],[14.6171,56.00494],[14.61734,56.00498],[14.61758,56.0051],[14.61766,56.00513],[14.61793,56.00545],[14.6181,56.00565],[14.6181,56.00565],[14.6181,56.00565],[14.6181,56.00565],[14.61824,56.00562],[14.61925,56.00545],[14.62031,56.00529],[14.62031,56.00529],[14.62108,56.00424],[14.62374,56.00085],[14.62374,56.00085],[14.61235,55.99199],[14.61235,55.99199],[14.61235,55.99199],[14.60944,55.99186],[14.60944,55.99186],[14.60623,55.99356],[14.60623,55.99356],[14.60713,56.00613],[14.60713,56.00613],[14.60713,56.00613],[14.61091,56.00549],[14.61124,56.00545],[14.61158,56.00537],[14.61177,56.00536],[14.61234,56.00526],[14.61267,56.0052],[14.6132,56.00508],[14.61339,56.00506],[14.61365,56.00502],[14.61424,56.0049],[14.6149,56.00478]]]},"properties":{"NVRID":"2044592","NAMN":"Sillnäs","SKYDDSTYP":"Naturreservat","LAN":"Blekinge Län","KOMMUN":"Sölvesborg","IUCNKATEGORI":"IV, Habitat/Artskyddsområde (Habitat/Species Management Area)","FORVALTARE":"Länsstyrelsen i Blekinge län","AREA_HA":116.872,"URSPR_BESLUTSDATUM":"2015-11-25"}},{"type":"Feature","geometry":{"type":"Polygon","coordinates":[[[15.46219,56.16377],[15.45857,56.16508],[15.45857,56.16508],[15.45857,56.16508],[15.45857,56.16508],[15.45897,56.16538],[15.45939,56.16576],[15.45983,56.16618],[15.46033,56.16668],[15.46047,56.16679],[15.46056,56.16687],[15.46066,56.16697],[15.46074,56.16707],[15.46087,56.16729],[15.46112,56.1676],[15.46142,56.16799],[15.46165,56.16831],[15.46187,56.16864],[15.46212,56.16905],[15.46242,56.16961],[15.46242,56.16961],[15.46243,56.16961],[15.46304,56.16953],[15.4631,56.16954],[15.46328,56.16977],[15.46305,56.16995],[15.46287,56.16997],[15.46258,56.16993],[15.46258,56.16993],[15.46258,56.16993],[15.46274,56.17041],[15.46297,56.17091],[15.46297,56.17091],[15.46297,56.17091],[15.46297,56.17091],[15.46321,56.17089],[15.46321,56.17089],[15.46321,56.17089],[15.46326,56.17079],[15.46322,56.17065],[15.46301,56.17026],[15.4631,56.17024],[15.46359,56.17016],[15.46437,56.17018],[15.4648,56.17016],[15.46648,56.17012],[15.46648,56.17012],[15.46648,56.17012],[15.46681,56.16942],[15.4672,56.1695],[15.46756,56.16959],[15.46794,56.16966],[15.46815,56.16969],[15.46832,56.1697],[15.46851,56.16969],[15.46882,56.16966],[15.46924,56.16959],[15.46944,56.16955],[15.46951,56.16951],[15.46959,56.16943],[15.46964,56.16935],[15.46974,56.16918],[15.46983,56.1692],[15.47042,56.16934],[15.47021,56.16975],[15.47021,56.16975],[15.47086,56.17031],[15.47182,56.17056],[15.4736,56.17129],[15.47363,56.17166],[15.47363,56.17166],[15.47363,56.17166],[15.47363,56.17166],[15.47364,56.17166],[15.47488,56.17103],[15.47698,56.17062],[15.47698,56.17061],[15.47698,56.17061],[15.47692,56.1703],[15.47684,56.17009],[15.47681,56.16996],[15.47702,56.1698],[15.47724,56.16966],[15.47737,56.16962],[15.47763,56.16956],[15.47783,56.16954],[15.47806,56.16953],[15.47837,56.16953],[15.47862,56.1695],[15.47901,56.16946],[15.4795,56.16937],[15.47985,56.1693],[15.48009,56.16925],[15.48023,56.1692],[15.48038,56.16916],[15.48064,56.16913],[15.4811,56.16908],[15.4816,56.16902],[15.48197,56.16899],[15.48212,56.169],[15.48228,56.16903],[15.48242,56.16908],[15.48251,56.16915],[15.4833,56.16996],[15.4833,56.16996],[15.48786,56.17166],[15.48787,56.17166],[15.4937,56.17186],[15.49977,56.17038],[15.49977,56.17038],[15.50204,56.16757],[15.50221,56.16448],[15.50678,56.16243],[15.51219,56.16231],[15.51219,56.16231],[15.51939,56.15838],[15.52118,56.15298],[15.51869,56.14896],[15.52399,56.14113],[15.52399,56.14113],[15.52399,56.14113],[15.50585,56.13106],[15.50585,56.13106],[15.50585,56.13106],[15.48858,56.13406],[15.48364,56.13403],[15.4784,56.13395],[15.4784,56.13395],[15.47405,56.13755],[15.46631,56.14391],[15.46017,56.14894],[15.46,56.15192],[15.46121,56.15527],[15.46196,56.15848],[15.46266,56.16007],[15.46227,56.16243],[15.46224,56.1634],[15.46219,56.16377]],[[15.48843,56.14914],[15.48882,56.14896],[15.48902,56.14904],[15.48933,56.149],[15.48957,56.14921],[15.48884,56.14953],[15.48883,56.14951],[15.48883,56.14944],[15.48883,56.14944],[15.48871,56.14935],[15.48871,56.14935],[15.48871,56.14935],[15.48865,56.14938],[15.48862,56.14935],[15.48867,56.14932],[15.48867,56.14932],[15.48867,56.14932],[15.4886,56.14924],[15.48843,56.14914]],[[15.4791,56.15166],[15.47918,56.15152],[15.47959,56.15141],[15.47979,56.15138],[15.48004,56.15139],[15.48009,56.15142],[15.48037,56.15196],[15.47971,56.15208],[15.47933,56.15193],[15.47919,56.15185],[15.4791,56.15166]],[[15.46662,56.16814],[15.46662,56.16811],[15.46663,56.16807],[15.46664,56.16803],[15.46667,56.16801],[15.46667,56.16793],[15.46674,56.16789],[15.46684,56.16783],[15.4669,56.16778],[15.4669,56.16778],[15.46692,56.16772],[15.46697,56.1677],[15.46702,56.16766],[15.46704,56.16761],[15.46706,56.16753],[15.46706,56.16752],[15.467,56.1675],[15.46694,56.16747],[15.46683,56.16743],[15.46673,56.1674],[15.46673,56.16737],[15.46675,56.16734],[15.46679,56.16731],[15.46683,56.1673],[15.46686,56.16729],[15.4669,56.16726],[15.46692,56.16721],[15.46693,56.16715],[15.46695,56.16711],[15.46693,56.16706],[15.46692,56.16701],[15.46692,56.16694],[15.46692,56.16694],[15.46692,56.16694],[15.46689,56.16694],[15.46687,56.16693],[15.46684,56.16693],[15.4667,56.16691],[15.4667,56.1669],[15.46693,56.16691],[15.46693,56.16691],[15.46693,56.16691],[15.46693,56.16691],[15.46694,56.16684],[15.46698,56.16671],[15.46701,56.16672],[15.46723,56.16679],[15.46741,56.16684],[15.46756,56.1669],[15.46756,56.16715],[15.46777,56.16759],[15.46777,56.16759],[15.46811,56.16771],[15.46834,56.16811],[15.46763,56.16856],[15.46667,56.16816],[15.46662,56.16814]],[[15.47969,56.15015],[15.47978,56.15007],[15.48002,56.15002],[15.48002,56.15002],[15.48002,56.15002],[15.47995,56.14987],[15.48058,56.14981],[15.48083,56.14984],[15.48148,56.15049],[15.48151,56.15092],[15.48154,56.1513],[15.48119,56.15122],[15.48078,56.1511],[15.48063,56.15096],[15.48034,56.15082],[15.48017,56.1507],[15.48017,56.1507],[15.48016,56.1507],[15.48003,56.15075],[15.47969,56.15015]],[[15.48098,56.16158],[15.48108,56.16149],[15.48127,56.16137],[15.48152,56.16127],[15.48194,56.16114],[15.48281,56.16095],[15.48281,56.16095],[15.48281,56.16095],[15.48277,56.16089],[15.48333,56.16046],[15.484,56.16006],[15.48473,56.16041],[15.48473,56.16041],[15.48473,56.16041],[15.48535,56.1601],[15.48712,56.16055],[15.4882,56.16047],[15.48891,56.16075],[15.4895,56.16088],[15.4894,56.16145],[15.4894,56.16145],[15.48962,56.1617],[15.49005,56.16205],[15.49085,56.16246],[15.48991,56.16262],[15.48959,56.16262],[15.48917,56.16262],[15.4885,56.16261],[15.48762,56.16273],[15.48734,56.16231],[15.48616,56.1618],[15.48616,56.1618],[15.48616,56.1618],[15.48616,56.1618],[15.48421,56.16307],[15.48269,56.16394],[15.48213,56.1636],[15.48146,56.16332],[15.4815,56.16325],[15.48236,56.16252],[15.48236,56.16252],[15.48236,56.16252],[15.48211,56.16239],[15.48237,56.16221],[15.48237,56.16221],[15.48237,56.16221],[15.48237,56.16221],[15.48098,56.16158]]]},"properties":{"NVRID":"2000058","NAMN":"Tromtö","SKYDDSTYP":"Naturreservat","LAN":"Blekinge Län","KOMMUN":"Karlskrona, Ronneby","IUCNKATEGORI":"V, Skyddat landskap/havsområde (Protected Landscape/Seascape)","FORVALTARE":"Länsstyrelsen i Blekinge län","AREA_HA":1293.724,"URSPR_BESLUTSDATUM":"1982-06-10"}},{"type":"Feature","geometry":{"type":"MultiPolygon","coordinates":[[[[16.01818,56.2691],[16.01818,56.2691],[16.01819,56.2691],[16.02004,56.26908],[16.02004,56.26908],[16.02004,56.26908],[16.02007,56.26876],[16.02076,56.26885],[16.02076,56.26885],[16.02076,56.26885],[16.02076,56.26884],[16.02076,56.26884],[16.02071,56.26871],[16.02071,56.26871],[16.02054,56.26868],[16.02024,56.26858],[16.01989,56.26853],[16.01969,56.26852],[16.01956,56.26854],[16.0194,56.26863],[16.01919,56.26873],[16.01894,56.26883],[16.01873,56.26888],[16.01856,56.26889],[16.01848,56.26888],[16.01827,56.26889],[16.01827,56.26889],[16.01822,56.26895],[16.01819,56.26903],[16.01818,56.2691]]],[[[16.03611,56.29337],[16.03611,56.29337],[16.03611,56.29337],[16.03767,56.29354],[16.03767,56.29354],[16.03767,56.29353],[16.03767,56.29353],[16.03772,56.29327],[16.03772,56.29291],[16.03764,56.29248],[16.03758,56.29232],[16.03758,56.29232],[16.03758,56.29232],[16.03691,56.29234],[16.03691,56.29234],[16.03691,56.29234],[16.03669,56.29252],[16.03639,56.29276],[16.03629,56.29283],[16.03625,56.29292],[16.03611,56.29337]]],[[[16.02795,56.28174],[16.02795,56.28174],[16.02795,56.28174],[16.02795,56.28174],[16.02795,56.28174],[16.02781,56.28197],[16.02779,56.28217],[16.02783,56.28231],[16.02811,56.28273],[16.02858,56.28348],[16.02882,56.28387],[16.02926,56.28443],[16.02945,56.28472],[16.02965,56.28521],[16.02979,56.28552],[16.02997,56.28596],[16.0301,56.28618],[16.03023,56.28632],[16.03053,56.28656],[16.031,56.28684],[16.03129,56.28698],[16.03159,56.28709],[16.032,56.28729],[16.03239,56.28752],[16.03264,56.28771],[16.03272,56.28779],[16.03276,56.28783],[16.03299,56.28805],[16.03318,56.28815],[16.0335,56.28833],[16.03402,56.28859],[16.0344,56.28885],[16.03464,56.28907],[16.03487,56.28935],[16.03506,56.28961],[16.03531,56.28984],[16.0356,56.29008],[16.03588,56.2903],[16.03612,56.2905],[16.03625,56.29061],[16.03673,56.29094],[16.03691,56.29109],[16.03711,56.29133],[16.03742,56.2917],[16.0375,56.29184],[16.03755,56.2919],[16.03765,56.29214],[16.03772,56.29232],[16.03779,56.29246],[16.03788,56.29291],[16.03788,56.29328],[16.03783,56.29356],[16.03783,56.29356],[16.03783,56.29356],[16.03783,56.29356],[16.04046,56.29353],[16.04095,56.29352],[16.04095,56.29352],[16.04095,56.29352],[16.04096,56.29345],[16.0415,56.29299],[16.0415,56.29268],[16.04132,56.29238],[16.04132,56.29238],[16.04132,56.29238],[16.04132,56.29238],[16.04096,56.29251],[16.04086,56.29246],[16.04044,56.2922],[16.03964,56.29164],[16.03906,56.29112],[16.03872,56.29077],[16.03851,56.2907],[16.03822,56.29053],[16.03791,56.29029],[16.03777,56.29007],[16.03774,56.28997],[16.03775,56.28992],[16.03778,56.28986],[16.03778,56.28986],[16.03778,56.28986],[16.03778,56.28986],[16.03658,56.28961],[16.03654,56.2895],[16.03612,56.28915],[16.03582,56.28902],[16.03544,56.28865],[16.03515,56.28824],[16.03496,56.28772],[16.03496,56.28772],[16.03489,56.28769],[16.03482,56.28762],[16.03429,56.28686],[16.03413,56.28664],[16.03405,56.28651],[16.03391,56.28635],[16.03391,56.28635],[16.03378,56.28632],[16.03352,56.28619],[16.03346,56.28616],[16.03268,56.28577],[16.03242,56.28549],[16.03221,56.28526],[16.03147,56.28494],[16.03074,56.28456],[16.03034,56.2842],[16.02973,56.28369],[16.02928,56.28321],[16.02881,56.28209],[16.02881,56.28209],[16.02881,56.28209],[16.02818,56.28213],[16.02812,56.28214],[16.02795,56.28174]]],[[[16.01676,56.28286],[16.01676,56.28286],[16.01676,56.28286],[16.02105,56.2826],[16.0217,56.28359],[16.0217,56.2836],[16.02456,56.28413],[16.02414,56.28456],[16.0202,56.28474],[16.0202,56.28474],[16.0202,56.28474],[16.0202,56.28474],[16.0202,56.28474],[16.02063,56.28491],[16.02088,56.28506],[16.02147,56.28538],[16.0216,56.28551],[16.02252,56.28603],[16.02269,56.28619],[16.0227,56.28666],[16.02265,56.28715],[16.02265,56.28715],[16.02265,56.28715],[16.02275,56.28714],[16.02348,56.28711],[16.02356,56.28772],[16.02356,56.28772],[16.02357,56.28772],[16.02357,56.28772],[16.02423,56.28771],[16.025,56.2877],[16.02508,56.2878],[16.02508,56.2878],[16.02599,56.28794],[16.02683,56.288],[16.02721,56.28808],[16.02832,56.28816],[16.02897,56.28819],[16.02966,56.28834],[16.02966,56.28834],[16.03027,56.28813],[16.03033,56.28813],[16.03033,56.28813],[16.03136,56.28778],[16.03145,56.28778],[16.03204,56.28788],[16.03238,56.28819],[16.03308,56.28865],[16.03361,56.28895],[16.03438,56.2894],[16.03449,56.28946],[16.03482,56.28969],[16.03482,56.28969],[16.03482,56.28969],[16.03497,56.28964],[16.03497,56.28964],[16.03497,56.28964],[16.03472,56.28939],[16.0345,56.28911],[16.03427,56.28891],[16.0339,56.28865],[16.03339,56.2884],[16.03306,56.28821],[16.03286,56.28811],[16.03263,56.28788],[16.03258,56.28784],[16.0325,56.28776],[16.03227,56.28758],[16.03189,56.28735],[16.03151,56.28717],[16.03119,56.28705],[16.03089,56.28691],[16.0304,56.28662],[16.03009,56.28636],[16.02995,56.28621],[16.02982,56.28598],[16.02963,56.28554],[16.02949,56.28523],[16.02929,56.28474],[16.02911,56.28446],[16.02867,56.28391],[16.02843,56.28351],[16.02795,56.28276],[16.02767,56.28233],[16.02763,56.28217],[16.02765,56.28196],[16.0278,56.2817],[16.02812,56.28135],[16.02861,56.2809],[16.02878,56.28075],[16.02889,56.28063],[16.02903,56.28048],[16.02933,56.28008],[16.02943,56.27995],[16.02964,56.2797],[16.02964,56.2797],[16.02964,56.2797],[16.02963,56.2797],[16.02862,56.27977],[16.02822,56.27948],[16.02779,56.27921],[16.02725,56.2788],[16.02693,56.2784],[16.02576,56.27649],[16.02585,56.27586],[16.02566,56.27535],[16.02473,56.27416],[16.02451,56.27352],[16.02479,56.27318],[16.02492,56.27311],[16.02492,56.27311],[16.02488,56.273],[16.02462,56.27239],[16.02459,56.27224],[16.02459,56.27224],[16.02459,56.27224],[16.02451,56.27224],[16.02446,56.27212],[16.02446,56.27211],[16.02446,56.27211],[16.02369,56.27231],[16.02321,56.27172],[16.02321,56.27172],[16.02213,56.27178],[16.0219,56.27181],[16.02173,56.27184],[16.02173,56.27184],[16.02173,56.27184],[16.02209,56.27326],[16.02215,56.2736],[16.0222,56.27381],[16.02192,56.27405],[16.02178,56.27424],[16.02157,56.27453],[16.02117,56.27483],[16.0209,56.27499],[16.02068,56.27503],[16.02041,56.27485],[16.02041,56.27485],[16.02041,56.27485],[16.02039,56.27486],[16.02039,56.27486],[16.02039,56.27486],[16.02057,56.27518],[16.02067,56.27528],[16.02072,56.27536],[16.02074,56.27559],[16.02072,56.27573],[16.02097,56.27639],[16.02132,56.27673],[16.02132,56.27673],[16.02143,56.27677],[16.02153,56.27688],[16.02145,56.27698],[16.0212,56.27708],[16.0212,56.27708],[16.0212,56.27708],[16.02135,56.27735],[16.02164,56.27751],[16.02159,56.27762],[16.0215,56.27772],[16.02108,56.27776],[16.02108,56.27776],[16.02108,56.27776],[16.02108,56.27776],[16.02125,56.27796],[16.02121,56.27807],[16.02078,56.27843],[16.02032,56.27878],[16.0198,56.27918],[16.01932,56.27931],[16.01932,56.27931],[16.01932,56.27931],[16.01964,56.27977],[16.0197,56.28001],[16.01993,56.28037],[16.01912,56.28043],[16.0187,56.28057],[16.01814,56.28077],[16.01796,56.28089],[16.01781,56.28103],[16.0175,56.28128],[16.01732,56.28145],[16.01714,56.28168],[16.0169,56.28207],[16.01683,56.28229],[16.01676,56.28286]]]]},"properties":{"NVRID":"2003060","NAMN":"Högasand","SKYDDSTYP":"Naturreservat","LAN":"Blekinge Län","KOMMUN":"Karlskrona","IUCNKATEGORI":"IV, Habitat/Artskyddsområde (Habitat/Species Management Area)","FORVALTARE":"Länsstyrelsen i Blekinge län","AREA_HA":92.307,"URSPR_BESLUTSDATUM":"2005-10-27"}},{"type":"Feature","geometry":{"type":"Polygon","coordinates":[[[14.47876,56.34651],[14.47876,56.34651],[14.47876,56.34651],[14.47894,56.34711],[14.47894,56.34711],[14.47894,56.34711],[14.4824,56.3477],[14.4824,56.3477],[14.4824,56.3477],[14.4824,56.3477],[14.48251,56.34666],[14.48347,56.34683],[14.4838,56.34692],[14.48439,56.34708],[14.48469,56.34717],[14.48469,56.34717],[14.48469,56.34717],[14.48469,56.34717],[14.48469,56.34717],[14.48477,56.34699],[14.48489,56.34681],[14.48507,56.3466],[14.48526,56.34638],[14.4854,56.34625],[14.48553,56.34617],[14.48553,56.34585],[14.48578,56.34546],[14.48649,56.34566],[14.48649,56.34566],[14.48649,56.34566],[14.48651,56.34563],[14.48653,56.34554],[14.48651,56.3454],[14.48646,56.3453],[14.48638,56.34517],[14.48638,56.34505],[14.48646,56.34493],[14.48664,56.34474],[14.48683,56.34456],[14.48698,56.34447],[14.48724,56.34434],[14.48746,56.34424],[14.48778,56.34412],[14.48804,56.34397],[14.48825,56.34381],[14.48841,56.34361],[14.48852,56.34336],[14.48869,56.34315],[14.48887,56.34293],[14.48898,56.34274],[14.489,56.34257],[14.48892,56.34238],[14.48885,56.34226],[14.48875,56.34215],[14.48865,56.34208],[14.48853,56.34202],[14.48836,56.34194],[14.48817,56.34187],[14.48795,56.34179],[14.48777,56.34171],[14.48762,56.34163],[14.48753,56.34157],[14.48752,56.34151],[14.48751,56.3415],[14.48751,56.34149],[14.48751,56.34148],[14.48753,56.34138],[14.4876,56.3412],[14.48768,56.34106],[14.48769,56.34105],[14.48769,56.34104],[14.48773,56.34098],[14.48782,56.34085],[14.48793,56.34067],[14.48798,56.34054],[14.48799,56.3404],[14.48798,56.34029],[14.48794,56.34011],[14.48791,56.33997],[14.48791,56.3398],[14.48792,56.33952],[14.48793,56.33926],[14.48794,56.33911],[14.48795,56.33891],[14.48787,56.33874],[14.48771,56.33856],[14.48747,56.33841],[14.48717,56.33823],[14.4868,56.33806],[14.48639,56.33789],[14.48605,56.33772],[14.48561,56.33756],[14.48497,56.33736],[14.48497,56.33736],[14.48497,56.33736],[14.48392,56.33795],[14.48262,56.33812],[14.48262,56.33812],[14.48155,56.33891],[14.48087,56.33959],[14.4807,56.34076],[14.48057,56.34076],[14.48057,56.34076],[14.48057,56.34076],[14.48071,56.34102],[14.48079,56.34121],[14.48083,56.3414],[14.48089,56.3415],[14.48102,56.34164],[14.48117,56.34174],[14.48134,56.34184],[14.48151,56.34191],[14.48147,56.34195],[14.48147,56.34195],[14.48147,56.34195],[14.48163,56.34202],[14.48166,56.34209],[14.48167,56.34212],[14.48169,56.34223],[14.4817,56.34237],[14.48168,56.34253],[14.48168,56.34259],[14.48165,56.34274],[14.48164,56.34282],[14.48143,56.34307],[14.48137,56.34309],[14.48129,56.34312],[14.48127,56.34314],[14.48123,56.34319],[14.48122,56.34327],[14.48127,56.34336],[14.48129,56.34338],[14.48134,56.34342],[14.48121,56.34403],[14.48119,56.34408],[14.48122,56.34417],[14.48121,56.34419],[14.48119,56.34423],[14.4812,56.34428],[14.48116,56.3443],[14.48114,56.34432],[14.48115,56.34434],[14.48116,56.34439],[14.48122,56.34445],[14.48118,56.34448],[14.48115,56.34452],[14.48098,56.34477],[14.48096,56.34487],[14.48091,56.34495],[14.48075,56.34509],[14.4806,56.34529],[14.48053,56.34538],[14.48045,56.34545],[14.48032,56.34567],[14.48027,56.34572],[14.48015,56.34582],[14.47997,56.34592],[14.47961,56.34621],[14.47952,56.34626],[14.47937,56.34632],[14.47928,56.34635],[14.4792,56.34637],[14.47876,56.34651]]]},"properties":{"NVRID":"2000024","NAMN":"Kullan","SKYDDSTYP":"Naturreservat","LAN":"Blekinge Län","KOMMUN":"Olofström","IUCNKATEGORI":"IV, Habitat/Artskyddsområde (Habitat/Species Management Area)","FORVALTARE":"Länsstyrelsen i Blekinge län","AREA_HA":41.504,"URSPR_BESLUTSDATUM":"2003-12-29"}},{"type":"Feature","geometry":{"type":"Polygon","coordinates":[[[15.18117,56.24071],[15.18084,56.24076],[15.18035,56.24076],[15.18035,56.24076],[15.18005,56.24097],[15.18005,56.24097],[15.18006,56.2413],[15.18011,56.24169],[15.18056,56.24221],[15.18056,56.24221],[15.18112,56.24226],[15.18167,56.24243],[15.18208,56.2426],[15.18223,56.24262],[15.1827,56.24267],[15.18302,56.24323],[15.18302,56.24323],[15.18315,56.24325],[15.18332,56.2434],[15.18332,56.2434],[15.18384,56.24345],[15.18462,56.24366],[15.18489,56.24406],[15.18553,56.24447],[15.18597,56.24451],[15.18687,56.24454],[15.18717,56.24452],[15.18768,56.24438],[15.18812,56.24406],[15.18837,56.24382],[15.18837,56.24382],[15.18837,56.24382],[15.18811,56.2436],[15.18825,56.24346],[15.18927,56.24366],[15.19015,56.24368],[15.19031,56.2437],[15.19031,56.2437],[15.19031,56.2437],[15.19043,56.24345],[15.19083,56.24295],[15.19165,56.24203],[15.19175,56.24161],[15.19223,56.23959],[15.19223,56.23959],[15.19106,56.2376],[15.19106,56.2376],[15.19106,56.2376],[15.18941,56.23771],[15.18751,56.23736],[15.18643,56.23735],[15.18603,56.23735],[15.1852,56.23735],[15.1852,56.23735],[15.18481,56.23748],[15.18477,56.23748],[15.18264,56.23772],[15.18264,56.23772],[15.18264,56.23772],[15.18263,56.23776],[15.18263,56.2378],[15.18249,56.23828],[15.18239,56.23851],[15.18204,56.23915],[15.18147,56.23998],[15.18117,56.24071]]]},"properties":{"NVRID":"2041335","NAMN":"Trofta","SKYDDSTYP":"Naturreservat","LAN":"Blekinge Län","KOMMUN":"Ronneby","IUCNKATEGORI":"IV, Habitat/Artskyddsområde (Habitat/Species Management Area)","FORVALTARE":"Länsstyrelsen i Blekinge län","AREA_HA":43.336,"URSPR_BESLUTSDATUM":"2013-09-25"}},{"type":"Feature","geometry":{"type":"Polygon","coordinates":[[[15.76649,56.32687],[15.7665,56.32687],[15.76659,56.32692],[15.76664,56.327],[15.76671,56.32713],[15.76681,56.32731],[15.7669,56.32741],[15.76701,56.3276],[15.76709,56.32783],[15.76706,56.32794],[15.76704,56.32801],[15.76703,56.32802],[15.76687,56.32827],[15.76693,56.32844],[15.76705,56.32887],[15.76713,56.32927],[15.76723,56.32962],[15.76726,56.32971],[15.76727,56.32974],[15.76733,56.32995],[15.76738,56.33018],[15.76751,56.33047],[15.76751,56.33047],[15.76781,56.33066],[15.7682,56.33084],[15.76839,56.331],[15.76853,56.3311],[15.76853,56.3311],[15.77018,56.33101],[15.77201,56.33092],[15.7746,56.33077],[15.77461,56.33077],[15.77461,56.33077],[15.77462,56.33063],[15.77467,56.33031],[15.77471,56.32987],[15.77483,56.32876],[15.77466,56.32848],[15.77454,56.32817],[15.77446,56.3276],[15.77447,56.32688],[15.77463,56.32613],[15.77456,56.32542],[15.77397,56.32497],[15.77342,56.32425],[15.77303,56.32377],[15.77248,56.32301],[15.77233,56.32284],[15.77125,56.32189],[15.77029,56.32129],[15.77006,56.32117],[15.76965,56.32098],[15.76923,56.32075],[15.76895,56.32055],[15.76842,56.32026],[15.76793,56.31998],[15.76764,56.31974],[15.76719,56.3192],[15.76686,56.31893],[15.76686,56.31893],[15.76685,56.31893],[15.76681,56.31894],[15.76681,56.31894],[15.76681,56.31894],[15.76682,56.31932],[15.7668,56.31968],[15.76674,56.32002],[15.76657,56.32049],[15.76645,56.32095],[15.76626,56.32133],[15.7663,56.32141],[15.76639,56.32177],[15.76649,56.32195],[15.7665,56.32203],[15.76649,56.3221],[15.76639,56.32223],[15.76616,56.32244],[15.7659,56.32269],[15.76572,56.32279],[15.7657,56.32294],[15.76592,56.32415],[15.76614,56.32556],[15.76649,56.32687]]]},"properties":{"NVRID":"2002973","NAMN":"Södra Flymen","SKYDDSTYP":"Naturreservat","LAN":"Blekinge Län","KOMMUN":"Karlskrona","IUCNKATEGORI":"Ia, Strikt naturreservat (Strict Nature Reserve)","FORVALTARE":"Länsstyrelsen i Blekinge län","AREA_HA":50.583,"URSPR_BESLUTSDATUM":"2005-09-22"}},{"type":"Feature","geometry":{"type":"Polygon","coordinates":[[[15.34487,56.31988],[15.34486,56.31989],[15.34485,56.31989],[15.34485,56.31989],[15.34493,56.31999],[15.34508,56.32009],[15.34518,56.32012],[15.34527,56.32013],[15.34533,56.32018],[15.34546,56.32025],[15.34556,56.32037],[15.34564,56.32047],[15.34567,56.32062],[15.34567,56.32076],[15.34569,56.32085],[15.34569,56.32085],[15.3458,56.32088],[15.34594,56.3209],[15.34594,56.3209],[15.3462,56.32086],[15.34642,56.32088],[15.34653,56.32092],[15.34659,56.32093],[15.3467,56.32098],[15.34673,56.321],[15.34683,56.32104],[15.34694,56.32109],[15.3471,56.32119],[15.34727,56.32128],[15.3474,56.32134],[15.34755,56.32136],[15.3478,56.32136],[15.3478,56.32136],[15.3478,56.32136],[15.34784,56.32133],[15.34793,56.32133],[15.34802,56.32138],[15.34811,56.3214],[15.34814,56.32143],[15.34814,56.32143],[15.3482,56.32143],[15.34828,56.32151],[15.34837,56.32152],[15.34856,56.32188],[15.3489,56.32212],[15.34962,56.32244],[15.34987,56.32249],[15.34987,56.32249],[15.34987,56.32249],[15.34987,56.32249],[15.34976,56.32223],[15.34973,56.32207],[15.34975,56.32194],[15.34981,56.32184],[15.34993,56.32176],[15.35047,56.32153],[15.3508,56.32189],[15.35087,56.32215],[15.35087,56.32215],[15.35087,56.32215],[15.35111,56.32215],[15.35153,56.32222],[15.35225,56.32214],[15.35286,56.32209],[15.35302,56.32216],[15.35305,56.3223],[15.35294,56.32271],[15.35292,56.32309],[15.35301,56.32326],[15.35335,56.32356],[15.35401,56.32373],[15.35427,56.32371],[15.35428,56.32371],[15.35428,56.32371],[15.35428,56.32371],[15.3542,56.32355],[15.35466,56.32339],[15.35492,56.3233],[15.35516,56.32323],[15.35544,56.32317],[15.3558,56.32321],[15.35595,56.32322],[15.35612,56.32318],[15.35635,56.32307],[15.35645,56.32297],[15.35647,56.32289],[15.35669,56.32269],[15.35689,56.32253],[15.35727,56.32234],[15.35781,56.32252],[15.35797,56.32258],[15.35859,56.32274],[15.35983,56.32304],[15.36115,56.32336],[15.36218,56.32357],[15.36296,56.32376],[15.36382,56.3239],[15.3646,56.32402],[15.36512,56.32401],[15.36553,56.32395],[15.36582,56.32388],[15.3662,56.32373],[15.36644,56.32361],[15.36665,56.3235],[15.36675,56.3234],[15.36697,56.32323],[15.36725,56.32282],[15.36739,56.32251],[15.36743,56.32212],[15.36729,56.3218],[15.36704,56.32157],[15.36675,56.32133],[15.36648,56.32108],[15.36609,56.32086],[15.36575,56.32066],[15.3654,56.32043],[15.36478,56.31999],[15.36454,56.31981],[15.36429,56.31964],[15.36421,56.31956],[15.3636,56.31913],[15.36316,56.31865],[15.36266,56.3178],[15.3621,56.31678],[15.36128,56.31518],[15.36123,56.31497],[15.36167,56.31431],[15.36203,56.3141],[15.3622,56.31394],[15.36231,56.31375],[15.36232,56.31359],[15.36224,56.31351],[15.36168,56.31329],[15.36107,56.31327],[15.36096,56.31324],[15.36086,56.31305],[15.36094,56.31294],[15.36157,56.31249],[15.36167,56.31234],[15.36171,56.31217],[15.36154,56.31176],[15.36136,56.31163],[15.36037,56.31116],[15.35866,56.31069],[15.3565,56.30998],[15.35638,56.30997],[15.35638,56.30997],[15.35606,56.31004],[15.35552,56.31019],[15.3548,56.31033],[15.35392,56.31034],[15.35352,56.31027],[15.3528,56.31027],[15.3528,56.31027],[15.35265,56.31033],[15.35259,56.31042],[15.35225,56.3106],[15.3517,56.31072],[15.35127,56.311],[15.35102,56.31098],[15.34979,56.31053],[15.34921,56.3104],[15.3484,56.31035],[15.3478,56.31015],[15.34755,56.31015],[15.3473,56.3102],[15.34729,56.3102],[15.3472,56.31036],[15.34719,56.3109],[15.34709,56.31113],[15.34695,56.31115],[15.34663,56.31111],[15.3461,56.31106],[15.34517,56.31096],[15.34517,56.31096],[15.34517,56.31096],[15.34517,56.31096],[15.34526,56.31193],[15.34526,56.31194],[15.34656,56.31273],[15.34663,56.31438],[15.34597,56.31537],[15.34536,56.31622],[15.3434,56.31872],[15.3434,56.31873],[15.34412,56.31925],[15.34487,56.31988]]]},"properties":{"NVRID":"2000036","NAMN":"Sänneshult","SKYDDSTYP":"Naturreservat","LAN":"Blekinge Län","KOMMUN":"Ronneby","IUCNKATEGORI":"IV, Habitat/Artskyddsområde (Habitat/Species Management Area)","FORVALTARE":"Länsstyrelsen i Blekinge län","AREA_HA":149.03,"URSPR_BESLUTSDATUM":"1981-01-21"}},{"type":"Feature","geometry":{"type":"Polygon","coordinates":[[[15.25031,56.24646],[15.2502,56.24644],[15.2502,56.24644],[15.2502,56.24644],[15.24932,56.24787],[15.24932,56.24787],[15.25013,56.24873],[15.25094,56.24924],[15.25148,56.24932],[15.25148,56.24932],[15.25148,56.24932],[15.25154,56.24883],[15.25116,56.24841],[15.25178,56.24747],[15.25259,56.2474],[15.25259,56.2474],[15.25318,56.24704],[15.25314,56.24677],[15.25388,56.24516],[15.25452,56.24438],[15.25536,56.24439],[15.25629,56.2446],[15.256,56.24533],[15.256,56.24533],[15.256,56.24533],[15.2567,56.2454],[15.25837,56.2453],[15.25742,56.24754],[15.25742,56.24754],[15.25742,56.24754],[15.25837,56.24778],[15.25908,56.24786],[15.25991,56.24775],[15.26203,56.24839],[15.26418,56.24857],[15.26606,56.25057],[15.26606,56.25057],[15.26606,56.25057],[15.26645,56.25044],[15.26729,56.25018],[15.26794,56.24992],[15.2684,56.24969],[15.26923,56.24905],[15.26984,56.24849],[15.27047,56.24787],[15.27047,56.24786],[15.27047,56.24786],[15.27047,56.24786],[15.26888,56.24752],[15.26855,56.24723],[15.26822,56.24673],[15.26817,56.24659],[15.26817,56.24659],[15.26699,56.24593],[15.2661,56.24568],[15.26566,56.2454],[15.26547,56.24501],[15.26545,56.24454],[15.26584,56.244],[15.26642,56.24377],[15.26709,56.2434],[15.26786,56.24263],[15.26908,56.24284],[15.26918,56.24348],[15.26918,56.24348],[15.26918,56.24348],[15.27058,56.24377],[15.27058,56.24377],[15.27116,56.24353],[15.2733,56.24391],[15.27302,56.24444],[15.27312,56.24521],[15.27312,56.24521],[15.27313,56.24521],[15.27313,56.24521],[15.27313,56.24521],[15.27376,56.24451],[15.274,56.244],[15.27411,56.24326],[15.2741,56.24307],[15.2741,56.24307],[15.2741,56.24307],[15.27337,56.24308],[15.27212,56.24304],[15.27078,56.24286],[15.27021,56.24269],[15.26929,56.24247],[15.2688,56.24231],[15.26806,56.24202],[15.26741,56.24173],[15.26682,56.2414],[15.26633,56.24108],[15.2662,56.24094],[15.2662,56.24094],[15.26619,56.24094],[15.26449,56.2416],[15.26379,56.241],[15.26312,56.24042],[15.26333,56.24037],[15.26333,56.24037],[15.26333,56.24037],[15.26306,56.23848],[15.26384,56.23783],[15.26384,56.23783],[15.26384,56.23783],[15.26351,56.23734],[15.26351,56.23734],[15.26351,56.23734],[15.26351,56.23734],[15.26291,56.23755],[15.26199,56.23754],[15.26199,56.23754],[15.26164,56.23772],[15.26005,56.23897],[15.25868,56.23914],[15.25745,56.2393],[15.25635,56.23909],[15.25635,56.23909],[15.25635,56.23909],[15.25583,56.23963],[15.25553,56.23959],[15.25553,56.23959],[15.25553,56.23959],[15.25541,56.23979],[15.25529,56.23977],[15.25529,56.23977],[15.25529,56.23977],[15.25517,56.23994],[15.25471,56.24049],[15.25471,56.24049],[15.25471,56.24049],[15.25471,56.24049],[15.25557,56.24065],[15.25451,56.2418],[15.2536,56.24171],[15.2536,56.24171],[15.2536,56.24171],[15.25161,56.24436],[15.25068,56.24548],[15.25057,56.24594],[15.25065,56.24604],[15.25031,56.24646]]]},"properties":{"NVRID":"2029152","NAMN":"Moabacken","SKYDDSTYP":"Naturreservat","LAN":"Blekinge Län","KOMMUN":"Ronneby","IUCNKATEGORI":"IV, Habitat/Artskyddsområde (Habitat/Species Management Area)","FORVALTARE":"Länsstyrelsen i Blekinge län","AREA_HA":89.144,"URSPR_BESLUTSDATUM":"2012-01-10"}},{"type":"Feature","geometry":{"type":"Polygon","coordinates":[[[15.0084,56.41367],[15.0084,56.41368],[15.00841,56.41368],[15.00841,56.41367],[15.00846,56.41364],[15.00862,56.41355],[15.00873,56.41349],[15.00891,56.41339],[15.00902,56.41331],[15.00912,56.41324],[15.00919,56.41315],[15.00921,56.41309],[15.00933,56.41299],[15.00938,56.4129],[15.00944,56.4128],[15.00951,56.41271],[15.00957,56.41262],[15.00967,56.41253],[15.00978,56.41242],[15.00986,56.41232],[15.00996,56.41221],[15.01004,56.41212],[15.01024,56.41193],[15.01036,56.41178],[15.01049,56.41168],[15.01054,56.41162],[15.0106,56.41157],[15.01065,56.41153],[15.01072,56.41149],[15.01085,56.4114],[15.01097,56.41132],[15.01107,56.41124],[15.01119,56.41118],[15.01126,56.41113],[15.01138,56.41104],[15.01146,56.41096],[15.01154,56.41088],[15.01157,56.41083],[15.01156,56.41079],[15.01156,56.4107],[15.01154,56.4106],[15.01159,56.4105],[15.01165,56.4104],[15.01173,56.41031],[15.01181,56.41019],[15.01189,56.41007],[15.01196,56.40993],[15.01201,56.40985],[15.01207,56.40974],[15.01212,56.40963],[15.01214,56.40959],[15.01217,56.40953],[15.01222,56.40949],[15.01229,56.40939],[15.01239,56.40933],[15.01253,56.40926],[15.01268,56.40919],[15.01276,56.40916],[15.0128,56.40913],[15.01285,56.40909],[15.01289,56.40899],[15.01291,56.40888],[15.01293,56.40882],[15.01298,56.40876],[15.01305,56.4087],[15.01313,56.40864],[15.01324,56.40857],[15.01336,56.4085],[15.01344,56.40846],[15.01369,56.40841],[15.01392,56.40836],[15.0141,56.40834],[15.01429,56.4083],[15.01442,56.40826],[15.01449,56.40824],[15.01466,56.40817],[15.0148,56.4081],[15.01488,56.40806],[15.01495,56.40802],[15.01501,56.40797],[15.01506,56.40792],[15.01515,56.40784],[15.01523,56.40773],[15.01531,56.40759],[15.01536,56.4075],[15.0154,56.40739],[15.0154,56.40728],[15.01539,56.40723],[15.01537,56.40717],[15.01538,56.40712],[15.01545,56.40706],[15.01558,56.40699],[15.01569,56.40691],[15.01573,56.40689],[15.01574,56.40688],[15.01574,56.40688],[15.01578,56.40686],[15.01587,56.40679],[15.01596,56.40673],[15.01609,56.40664],[15.01623,56.40656],[15.01629,56.40645],[15.01635,56.40633],[15.01639,56.40621],[15.01642,56.40611],[15.01642,56.40588],[15.01643,56.40577],[15.01642,56.40567],[15.01645,56.40562],[15.01647,56.40554],[15.01651,56.40548],[15.01654,56.40542],[15.01658,56.40534],[15.01662,56.40522],[15.01665,56.40511],[15.01665,56.40505],[15.01666,56.40496],[15.01668,56.40486],[15.01672,56.40475],[15.01675,56.40467],[15.01679,56.40459],[15.01687,56.4045],[15.01696,56.40439],[15.01706,56.40432],[15.01718,56.40421],[15.01722,56.40417],[15.01726,56.40409],[15.01735,56.40399],[15.0174,56.40388],[15.01741,56.40379],[15.01741,56.40372],[15.01741,56.40365],[15.01742,56.40356],[15.01745,56.40351],[15.01748,56.40346],[15.01762,56.40336],[15.01774,56.40329],[15.0178,56.40324],[15.0178,56.40324],[15.0178,56.40324],[15.01749,56.40305],[15.0168,56.40264],[15.0166,56.40262],[15.01638,56.40259],[15.01624,56.40257],[15.0159,56.40254],[15.01568,56.40252],[15.01538,56.40248],[15.01516,56.40245],[15.01491,56.4024],[15.01475,56.40238],[15.01475,56.40238],[15.01475,56.40238],[15.01461,56.40253],[15.01452,56.40263],[15.01439,56.40274],[15.01424,56.40288],[15.01411,56.40299],[15.014,56.40308],[15.01387,56.40317],[15.01373,56.40328],[15.01359,56.40336],[15.01347,56.40343],[15.01332,56.40352],[15.01318,56.40359],[15.01307,56.40363],[15.01298,56.40366],[15.00886,56.40617],[15.00515,56.40974],[15.00515,56.40974],[15.00515,56.40974],[15.00515,56.40974],[15.00563,56.40976],[15.00574,56.40978],[15.00597,56.40984],[15.00652,56.41002],[15.00663,56.41006],[15.00663,56.41006],[15.00663,56.41006],[15.00907,56.40887],[15.00956,56.40883],[15.01055,56.40944],[15.0105,56.40947],[15.01024,56.40971],[15.01007,56.41003],[15.00972,56.41055],[15.00939,56.41087],[15.00921,56.41101],[15.00889,56.4111],[15.00834,56.41125],[15.00803,56.41139],[15.00779,56.41145],[15.00779,56.41145],[15.00779,56.41145],[15.00786,56.41152],[15.00802,56.41168],[15.00816,56.41176],[15.00834,56.41184],[15.00851,56.41194],[15.00868,56.41203],[15.00874,56.41213],[15.00876,56.41227],[15.00871,56.41244],[15.00859,56.41269],[15.00845,56.41288],[15.00829,56.41312],[15.00816,56.41334],[15.00814,56.41341],[15.00816,56.41348],[15.00822,56.41354],[15.00836,56.41364],[15.0084,56.41367]]]},"properties":{"NVRID":"2000093","NAMN":"Gummagölsmåla","SKYDDSTYP":"Naturreservat","LAN":"Blekinge Län","KOMMUN":"Ronneby","IUCNKATEGORI":"IV, Habitat/Artskyddsområde (Habitat/Species Management Area)","FORVALTARE":"Länsstyrelsen i Blekinge län","AREA_HA":34.384,"URSPR_BESLUTSDATUM":"2000-05-08"}},{"type":"Feature","geometry":{"type":"Polygon","coordinates":[[[14.78248,56.15351],[14.78248,56.15352],[14.78248,56.15352],[14.78399,56.15321],[14.78457,56.15312],[14.78638,56.15543],[14.78638,56.15543],[14.78638,56.15543],[14.78704,56.15527],[14.78709,56.15532],[14.78721,56.15542],[14.78734,56.15554],[14.78737,56.15562],[14.78735,56.15568],[14.78728,56.15571],[14.78727,56.15577],[14.7872,56.15578],[14.7872,56.15578],[14.78719,56.1558],[14.78714,56.15585],[14.78714,56.15585],[14.78718,56.15595],[14.78724,56.15601],[14.78734,56.15608],[14.78738,56.15616],[14.78745,56.15626],[14.78749,56.15638],[14.78754,56.1564],[14.78762,56.15643],[14.78763,56.15645],[14.78759,56.15647],[14.78759,56.15647],[14.7876,56.15651],[14.78765,56.15654],[14.78766,56.15656],[14.78767,56.15659],[14.7877,56.1566],[14.78773,56.15662],[14.78775,56.15665],[14.78775,56.15665],[14.78775,56.15665],[14.78784,56.15665],[14.78786,56.15667],[14.78787,56.15667],[14.78787,56.15667],[14.79015,56.15651],[14.7903,56.15686],[14.7903,56.15686],[14.7903,56.15686],[14.79108,56.15695],[14.79164,56.15698],[14.79245,56.15697],[14.79245,56.15697],[14.79245,56.15697],[14.79245,56.15697],[14.79089,56.15259],[14.79065,56.1514],[14.79155,56.14994],[14.79077,56.14831],[14.79077,56.14831],[14.79077,56.14831],[14.78857,56.14792],[14.78663,56.14293],[14.78588,56.14236],[14.78481,56.14191],[14.78481,56.14191],[14.78103,56.1427],[14.77872,56.14336],[14.77872,56.14336],[14.77872,56.14336],[14.7804,56.15138],[14.781,56.15228],[14.78248,56.15351]],[[14.78738,56.15186],[14.78813,56.15148],[14.78853,56.15183],[14.7886,56.15194],[14.78862,56.15213],[14.78863,56.15233],[14.78819,56.15249],[14.78811,56.15237],[14.78783,56.15216],[14.78768,56.15207],[14.78768,56.15207],[14.78768,56.15207],[14.78757,56.15212],[14.78753,56.15209],[14.78738,56.15186]]]},"properties":{"NVRID":"2000061","NAMN":"Stilleryd","SKYDDSTYP":"Naturreservat","LAN":"Blekinge Län","KOMMUN":"Karlshamn","IUCNKATEGORI":"IV, Habitat/Artskyddsområde (Habitat/Species Management Area)","FORVALTARE":"Länsstyrelsen i Blekinge län","AREA_HA":82.953,"URSPR_BESLUTSDATUM":"1967-08-01"}},{"type":"Feature","geometry":{"type":"Polygon","coordinates":[[[15.68102,55.95095],[15.67042,55.95523],[15.67042,55.95523],[15.67042,55.95523],[15.69915,55.97453],[15.67916,55.98878],[15.67916,55.98879],[15.67916,55.98879],[15.70188,56.00251],[15.70188,56.00251],[15.71951,56.00409],[15.71952,56.00409],[15.79093,55.96083],[15.79093,55.96083],[15.78247,55.93066],[15.73796,55.91036],[15.73796,55.91036],[15.68879,55.91967],[15.68879,55.91967],[15.67231,55.93908],[15.67231,55.93908],[15.67543,55.9464],[15.68102,55.95095]]]},"properties":{"NVRID":"2000072","NAMN":"Utklippan","SKYDDSTYP":"Naturreservat","LAN":"Blekinge Län","KOMMUN":"Karlskrona","IUCNKATEGORI":"Ia, Strikt naturreservat (Strict Nature Reserve)","FORVALTARE":"Länsstyrelsen i Blekinge län","AREA_HA":5168.087,"URSPR_BESLUTSDATUM":"1988-03-07"}},{"type":"Feature","geometry":{"type":"MultiPolygon","coordinates":[[[[15.83273,56.12474],[15.83273,56.12474],[15.83273,56.12474],[15.83273,56.12474],[15.83273,56.12474],[15.83254,56.12458],[15.83249,56.12452],[15.83238,56.12442],[15.832,56.12408],[15.83184,56.12394],[15.83144,56.12355],[15.83134,56.12347],[15.83109,56.12324],[15.83109,56.12324],[15.83109,56.12324],[15.83081,56.12327],[15.83081,56.12327],[15.83063,56.1235],[15.8306,56.12367],[15.83064,56.12382],[15.83073,56.12396],[15.8309,56.1241],[15.83109,56.12423],[15.83133,56.12442],[15.83176,56.12476],[15.83176,56.12476],[15.83194,56.1248],[15.83212,56.12482],[15.83226,56.1248],[15.83246,56.12475],[15.83262,56.12474],[15.83273,56.12474]]],[[[15.82735,56.12237],[15.82735,56.12237],[15.82735,56.12237],[15.82752,56.1226],[15.82765,56.12277],[15.82794,56.12298],[15.82801,56.1231],[15.82801,56.1231],[15.82801,56.1231],[15.82801,56.1231],[15.82891,56.12298],[15.82893,56.12316],[15.82882,56.12342],[15.82876,56.1236],[15.82866,56.12387],[15.82858,56.12408],[15.82855,56.12417],[15.82844,56.12438],[15.82865,56.12455],[15.82887,56.12477],[15.82883,56.12487],[15.82873,56.125],[15.82873,56.125],[15.82873,56.125],[15.82873,56.12501],[15.82873,56.12501],[15.82905,56.12509],[15.82915,56.12519],[15.82914,56.12526],[15.82914,56.12532],[15.82875,56.12533],[15.82874,56.12533],[15.82874,56.12533],[15.82878,56.12551],[15.82875,56.12562],[15.82873,56.12574],[15.82877,56.12585],[15.82877,56.12585],[15.82877,56.12585],[15.82891,56.12585],[15.82898,56.12584],[15.82918,56.12582],[15.82936,56.12584],[15.82938,56.12593],[15.82941,56.12602],[15.82947,56.12614],[15.82968,56.12623],[15.82975,56.12634],[15.82979,56.1264],[15.82979,56.1264],[15.8299,56.12642],[15.8299,56.12642],[15.83042,56.1263],[15.83042,56.1263],[15.83042,56.1263],[15.83038,56.12621],[15.83044,56.12605],[15.83044,56.12605],[15.83037,56.12598],[15.83016,56.12585],[15.83046,56.12562],[15.83114,56.12548],[15.83125,56.1255],[15.8314,56.12573],[15.8314,56.12573],[15.83168,56.12573],[15.83199,56.1257],[15.83199,56.1257],[15.83213,56.12564],[15.8323,56.12556],[15.83239,56.12554],[15.83239,56.12554],[15.83239,56.12554],[15.8321,56.12493],[15.83287,56.12491],[15.83287,56.12491],[15.83287,56.12491],[15.83287,56.12491],[15.83287,56.12491],[15.83277,56.12482],[15.83271,56.12479],[15.83263,56.12479],[15.83248,56.1248],[15.83229,56.12485],[15.83213,56.12488],[15.83191,56.12485],[15.8317,56.1248],[15.83126,56.12445],[15.83101,56.12427],[15.83083,56.12413],[15.83065,56.12398],[15.83054,56.12383],[15.83051,56.12367],[15.83053,56.12349],[15.83071,56.12326],[15.83074,56.12309],[15.83073,56.12293],[15.83072,56.12289],[15.8306,56.12279],[15.83048,56.12267],[15.83032,56.12251],[15.83004,56.12226],[15.83004,56.12226],[15.83004,56.12226],[15.82997,56.12227],[15.82888,56.12246],[15.82859,56.12247],[15.82809,56.1224],[15.82767,56.12235],[15.82735,56.12237]]]]},"properties":{"NVRID":"2000065","NAMN":"Steneryd","SKYDDSTYP":"Naturreservat","LAN":"Blekinge Län","KOMMUN":"Karlskrona","IUCNKATEGORI":"IV, Habitat/Artskyddsområde (Habitat/Species Management Area)","FORVALTARE":"Länsstyrelsen i Blekinge län","AREA_HA":7.423,"URSPR_BESLUTSDATUM":"1964-06-24"}},{"type":"Feature","geometry":{"type":"Polygon","coordinates":[[[15.37808,56.29214],[15.37807,56.29221],[15.37806,56.29224],[15.37806,56.29224],[15.37806,56.29224],[15.37817,56.29228],[15.37816,56.29232],[15.3781,56.29232],[15.37804,56.29234],[15.37803,56.29234],[15.37803,56.29234],[15.37805,56.29238],[15.37805,56.29238],[15.37806,56.29239],[15.37814,56.29239],[15.37815,56.29247],[15.37815,56.29247],[15.3782,56.29249],[15.37827,56.2925],[15.37828,56.29254],[15.37835,56.29257],[15.37848,56.29258],[15.37865,56.29259],[15.37876,56.29256],[15.37889,56.29255],[15.37899,56.29253],[15.37917,56.29247],[15.37931,56.29244],[15.37941,56.29239],[15.37944,56.29233],[15.37956,56.29226],[15.37967,56.29221],[15.37973,56.29218],[15.37985,56.29219],[15.37985,56.29219],[15.37985,56.29219],[15.37985,56.29219],[15.37986,56.29214],[15.37988,56.29209],[15.38003,56.29199],[15.38015,56.29193],[15.38025,56.29184],[15.38038,56.29173],[15.38045,56.29166],[15.38058,56.29162],[15.38072,56.29155],[15.38086,56.29149],[15.38097,56.29142],[15.38105,56.29133],[15.38108,56.29124],[15.38107,56.29117],[15.38106,56.29117],[15.38068,56.29103],[15.38002,56.29083],[15.37989,56.29059],[15.37942,56.2904],[15.37942,56.2904],[15.3788,56.29035],[15.3788,56.29035],[15.3788,56.29035],[15.37868,56.29052],[15.37857,56.29063],[15.37851,56.2907],[15.37838,56.29084],[15.37832,56.29094],[15.37828,56.29103],[15.3783,56.29111],[15.37832,56.29121],[15.37826,56.2913],[15.37819,56.29136],[15.37815,56.29141],[15.37815,56.29146],[15.37807,56.29149],[15.37807,56.29149],[15.37807,56.29149],[15.37808,56.29154],[15.37807,56.29161],[15.37799,56.29171],[15.37793,56.29183],[15.37792,56.29194],[15.37796,56.292],[15.378,56.29204],[15.37802,56.29212],[15.37802,56.29212],[15.37808,56.29214]]]},"properties":{"NVRID":"2000039","NAMN":"Värmansnäs","SKYDDSTYP":"Naturreservat","LAN":"Blekinge Län","KOMMUN":"Ronneby","IUCNKATEGORI":"0, Områden som ej kan klassificeras enligt IUCN: s system.","FORVALTARE":"Länsstyrelsen i Blekinge län","AREA_HA":2.923,"URSPR_BESLUTSDATUM":"1961-06-27"}},{"type":"Feature","geometry":{"type":"MultiPolygon","coordinates":[[[[15.06699,56.35919],[15.06687,56.35915],[15.06674,56.35912],[15.06664,56.35911],[15.06657,56.35909],[15.06653,56.35907],[15.06653,56.35907],[15.06653,56.35907],[15.06653,56.35907],[15.06653,56.35907],[15.06653,56.35907],[15.06781,56.36061],[15.06783,56.36064],[15.06801,56.36078],[15.06815,56.36085],[15.06823,56.36089],[15.06833,56.3609],[15.06842,56.36088],[15.06849,56.36087],[15.06857,56.36091],[15.06862,56.36093],[15.06862,56.36093],[15.06862,56.36093],[15.06879,56.36087],[15.06894,56.36072],[15.06925,56.36028],[15.06962,56.35993],[15.06962,56.35993],[15.06962,56.35993],[15.06866,56.35952],[15.06811,56.35904],[15.06783,56.35888],[15.06783,56.35888],[15.06782,56.35888],[15.06782,56.35888],[15.06782,56.35888],[15.06783,56.35891],[15.06778,56.35893],[15.06767,56.35893],[15.06758,56.35895],[15.06747,56.35897],[15.06737,56.35902],[15.06736,56.35907],[15.06724,56.35915],[15.06711,56.3592],[15.06699,56.35919]]],[[[15.05375,56.35835],[15.05365,56.35861],[15.05377,56.35878],[15.05348,56.35923],[15.05284,56.35959],[15.05197,56.35998],[15.05196,56.35998],[15.05196,56.35998],[15.05197,56.35998],[15.05238,56.36019],[15.05239,56.36019],[15.05277,56.36009],[15.05296,56.36002],[15.05312,56.35994],[15.05344,56.35974],[15.0538,56.35952],[15.05415,56.35934],[15.0543,56.35925],[15.05438,56.35917],[15.05448,56.35908],[15.05453,56.35899],[15.05455,56.35889],[15.05456,56.35877],[15.05456,56.35872],[15.05455,56.35864],[15.05454,56.35855],[15.0545,56.35842],[15.05445,56.3583],[15.05444,56.35822],[15.05457,56.35809],[15.05479,56.35797],[15.05488,56.35793],[15.05503,56.35787],[15.05529,56.35778],[15.05552,56.3577],[15.05575,56.35763],[15.05589,56.35758],[15.05605,56.35751],[15.0561,56.35749],[15.05621,56.35743],[15.0566,56.35722],[15.05674,56.35714],[15.05697,56.35698],[15.05714,56.35685],[15.05731,56.35666],[15.0575,56.35644],[15.05761,56.35636],[15.05775,56.35628],[15.05789,56.35622],[15.0581,56.35615],[15.0584,56.35609],[15.05867,56.35602],[15.05893,56.35594],[15.05926,56.35583],[15.05953,56.35575],[15.05967,56.3557],[15.05978,56.35565],[15.05994,56.35557],[15.06017,56.35546],[15.06065,56.35521],[15.06065,56.35521],[15.06065,56.35521],[15.06038,56.3551],[15.06021,56.355],[15.06005,56.35487],[15.05978,56.35462],[15.0597,56.35434],[15.05967,56.35422],[15.05963,56.3539],[15.05946,56.35377],[15.05944,56.35365],[15.05961,56.3534],[15.05956,56.35307],[15.05944,56.35281],[15.05939,56.3526],[15.05905,56.35236],[15.05905,56.35236],[15.05859,56.35229],[15.05859,56.35229],[15.05859,56.35229],[15.0583,56.35256],[15.0583,56.35256],[15.05829,56.35281],[15.05819,56.3533],[15.05798,56.35358],[15.05798,56.35358],[15.05839,56.35383],[15.05901,56.35386],[15.05899,56.35416],[15.05877,56.35423],[15.05854,56.35434],[15.05814,56.35467],[15.05787,56.35497],[15.05724,56.35565],[15.05697,56.35571],[15.05634,56.35576],[15.05586,56.35575],[15.05558,56.35581],[15.05473,56.35609],[15.05473,56.3561],[15.05473,56.3561],[15.05492,56.3563],[15.05492,56.3563],[15.05512,56.3563],[15.05516,56.35635],[15.05516,56.35635],[15.05517,56.35635],[15.05562,56.35628],[15.05596,56.35619],[15.05636,56.35604],[15.05664,56.35589],[15.05677,56.3559],[15.05686,56.35632],[15.05661,56.35641],[15.05653,56.35654],[15.05617,56.35673],[15.05605,56.35687],[15.05582,56.35703],[15.05552,56.35712],[15.05535,56.35735],[15.05494,56.35747],[15.05439,56.3577],[15.05382,56.35776],[15.05335,56.3577],[15.05284,56.35778],[15.05201,56.35792],[15.05179,56.35803],[15.05136,56.35824],[15.05136,56.35824],[15.05139,56.35834],[15.0514,56.35843],[15.0514,56.35843],[15.05167,56.35853],[15.05213,56.35852],[15.0528,56.35827],[15.05345,56.35823],[15.05375,56.35835]]],[[[15.03991,56.37234],[15.03986,56.37235],[15.03982,56.37236],[15.03971,56.3724],[15.03967,56.37242],[15.03964,56.37244],[15.03944,56.37255],[15.0394,56.37257],[15.03937,56.3726],[15.03935,56.37264],[15.03928,56.37277],[15.03908,56.37293],[15.03905,56.37296],[15.03903,56.37299],[15.03896,56.37313],[15.03896,56.37313],[15.03896,56.37313],[15.03939,56.37324],[15.03939,56.37324],[15.03939,56.37324],[15.03974,56.37285],[15.04026,56.37257],[15.04243,56.37361],[15.0431,56.37374],[15.0431,56.37374],[15.0431,56.37374],[15.04316,56.37369],[15.04325,56.37357],[15.04343,56.3734],[15.04362,56.37322],[15.04362,56.37322],[15.04362,56.37322],[15.04275,56.37297],[15.04243,56.37249],[15.04284,56.37219],[15.04293,56.37206],[15.04307,56.37198],[15.0432,56.37182],[15.04355,56.37151],[15.04406,56.37114],[15.04414,56.37101],[15.04432,56.37062],[15.04494,56.3701],[15.04507,56.36981],[15.04505,56.36946],[15.0452,56.36911],[15.04537,56.36864],[15.04552,56.36833],[15.04553,56.36801],[15.0458,56.36758],[15.0458,56.36758],[15.0458,56.36758],[15.04538,56.36744],[15.04495,56.3673],[15.04438,56.36711],[15.04389,56.36695],[15.04383,56.36694],[15.0434,56.36681],[15.0434,56.36681],[15.0434,56.36681],[15.0433,56.36687],[15.04327,56.36691],[15.04325,56.36693],[15.04324,56.36695],[15.04317,56.36712],[15.0431,56.36727],[15.04309,56.36728],[15.04309,56.36731],[15.04308,56.3674],[15.04303,56.36746],[15.04302,56.36747],[15.04301,56.36749],[15.04297,56.36758],[15.04291,56.36765],[15.04286,56.36771],[15.04283,56.36774],[15.04281,56.36777],[15.04277,56.36788],[15.04276,56.36789],[15.04276,56.3679],[15.04272,56.36808],[15.04272,56.3681],[15.04271,56.36827],[15.0427,56.36832],[15.04262,56.36845],[15.04261,56.36846],[15.04258,56.36853],[15.04256,56.36853],[15.04251,56.36856],[15.04235,56.36866],[15.04231,56.36869],[15.0423,56.3687],[15.04228,56.36873],[15.04224,56.36878],[15.04222,56.36879],[15.04218,56.36886],[15.04216,56.36889],[15.04214,56.36894],[15.04213,56.36897],[15.04213,56.36901],[15.04214,56.36904],[15.04211,56.36906],[15.04208,56.36908],[15.04197,56.36918],[15.04193,56.36921],[15.0417,56.36934],[15.04166,56.36937],[15.04163,56.3694],[15.04151,56.36954],[15.04149,56.36956],[15.04148,56.36959],[15.04139,56.36981],[15.04138,56.36982],[15.04138,56.36984],[15.04136,56.36995],[15.04136,56.36995],[15.04134,56.37014],[15.04128,56.37032],[15.04124,56.37046],[15.04117,56.37056],[15.04106,56.37067],[15.04085,56.37083],[15.04084,56.37083],[15.04067,56.37097],[15.04064,56.37099],[15.04061,56.37103],[15.0406,56.37106],[15.04056,56.3712],[15.04053,56.37126],[15.04047,56.37127],[15.04041,56.37129],[15.04036,56.37131],[15.04031,56.37134],[15.04027,56.37137],[15.04024,56.37141],[15.04023,56.37144],[15.04022,56.37148],[15.04023,56.37152],[15.04025,56.37157],[15.04023,56.37167],[15.04022,56.37176],[15.0402,56.37186],[15.04017,56.37201],[15.04015,56.37208],[15.04005,56.37221],[15.03996,56.37233],[15.03991,56.37234]]],[[[15.06806,56.36479],[15.07021,56.36694],[15.07217,56.36892],[15.07217,56.36892],[15.07217,56.36892],[15.07335,56.36815],[15.07372,56.36779],[15.07406,56.36788],[15.07418,56.36804],[15.07447,56.36814],[15.07468,56.36844],[15.07468,56.36844],[15.07497,56.36854],[15.07517,56.36867],[15.07547,56.36894],[15.07637,56.3691],[15.07637,56.3691],[15.07637,56.3691],[15.07728,56.36737],[15.07728,56.36737],[15.07728,56.36737],[15.07728,56.36737],[15.07684,56.36735],[15.07661,56.36734],[15.07661,56.36734],[15.07656,56.36739],[15.07644,56.36752],[15.07629,56.36755],[15.0761,56.36762],[15.07595,56.36766],[15.07571,56.36763],[15.0755,56.36767],[15.07532,56.36762],[15.07529,56.36752],[15.07529,56.36751],[15.07516,56.36748],[15.07516,56.36748],[15.07516,56.36748],[15.07504,56.36753],[15.07488,56.36753],[15.07477,56.36753],[15.07459,56.36746],[15.07431,56.36724],[15.07396,56.36683],[15.07382,56.36674],[15.07366,56.36668],[15.07357,56.36667],[15.0735,56.36655],[15.07344,56.36649],[15.07339,56.36644],[15.07329,56.36641],[15.07315,56.3664],[15.07299,56.36638],[15.0729,56.36629],[15.07285,56.36623],[15.07275,56.36619],[15.07247,56.366],[15.07337,56.36563],[15.07337,56.36563],[15.07337,56.36562],[15.07121,56.36361],[15.07115,56.36352],[15.07107,56.36347],[15.07097,56.36342],[15.07093,56.36336],[15.07086,56.36326],[15.07083,56.36316],[15.07074,56.36309],[15.07078,56.36297],[15.07081,56.36279],[15.0708,56.36266],[15.07066,56.36256],[15.07045,56.3625],[15.07029,56.36241],[15.07011,56.36231],[15.07002,56.36224],[15.06997,56.36206],[15.0698,56.36179],[15.0698,56.36179],[15.06971,56.36178],[15.06955,56.36172],[15.06939,56.36169],[15.06935,56.36166],[15.06931,56.36156],[15.06914,56.36136],[15.06909,56.36131],[15.06901,56.3612],[15.06892,56.36117],[15.06877,56.36102],[15.06877,56.36098],[15.06877,56.36098],[15.06877,56.36098],[15.06877,56.36098],[15.06854,56.36107],[15.06819,56.36114],[15.06818,56.36114],[15.06818,56.36114],[15.06818,56.36114],[15.06819,56.36114],[15.06833,56.3612],[15.06847,56.36132],[15.06847,56.36134],[15.06847,56.36134],[15.06856,56.3614],[15.06882,56.36168],[15.06848,56.36179],[15.06842,56.36185],[15.06844,56.36214],[15.06844,56.36215],[15.06849,56.36217],[15.06858,56.36225],[15.06874,56.36226],[15.06893,56.36234],[15.06908,56.36246],[15.06924,56.36261],[15.06917,56.3628],[15.06897,56.36302],[15.06882,56.36322],[15.06856,56.36336],[15.06838,56.36355],[15.06836,56.36364],[15.06831,56.36372],[15.06822,56.36374],[15.06808,56.36371],[15.06796,56.36367],[15.06785,56.36365],[15.06776,56.36365],[15.06776,56.36365],[15.06776,56.36365],[15.06776,56.36365],[15.0678,56.36373],[15.06788,56.36388],[15.06794,56.36411],[15.0678,56.36435],[15.06776,56.36451],[15.06776,56.36451],[15.06804,56.36478],[15.06804,56.36478],[15.06804,56.36478],[15.06806,56.36478],[15.06806,56.36479],[15.06806,56.36479]]],[[[15.04431,56.36567],[15.04414,56.36576],[15.04396,56.36585],[15.04389,56.3659],[15.04388,56.36603],[15.04387,56.36609],[15.04382,56.36613],[15.04354,56.36627],[15.04326,56.36633],[15.04326,56.36633],[15.04321,56.36646],[15.04322,56.3666],[15.04322,56.3666],[15.04333,56.3667],[15.04348,56.36676],[15.04392,56.3669],[15.04431,56.36702],[15.04478,56.36717],[15.04516,56.36729],[15.04516,56.36729],[15.04516,56.36729],[15.04543,56.36698],[15.04562,56.36704],[15.04577,56.36707],[15.04617,56.36718],[15.04617,56.36718],[15.04618,56.36718],[15.04629,56.3671],[15.04637,56.36704],[15.04643,56.36695],[15.04652,56.36677],[15.04679,56.36678],[15.04707,56.36687],[15.04707,56.36687],[15.04707,56.36687],[15.04724,56.36675],[15.04741,56.36673],[15.04771,56.36661],[15.04809,56.36643],[15.04821,56.36631],[15.0483,56.36622],[15.04843,56.36591],[15.04867,56.36581],[15.05011,56.36547],[15.05068,56.3654],[15.05123,56.36536],[15.05123,56.36536],[15.05123,56.36536],[15.0512,56.365],[15.05124,56.36453],[15.05129,56.36435],[15.05129,56.36435],[15.05103,56.36408],[15.0513,56.36384],[15.05509,56.3607],[15.05577,56.36099],[15.05614,56.36112],[15.05716,56.36132],[15.05716,56.36132],[15.05811,56.36083],[15.05998,56.36039],[15.06126,56.36026],[15.06159,56.36015],[15.06264,56.36035],[15.06303,56.36037],[15.0646,56.3599],[15.0647,56.3599],[15.0647,56.3599],[15.06504,56.35979],[15.06518,56.3598],[15.0657,56.3599],[15.06589,56.35994],[15.06603,56.35999],[15.06617,56.36004],[15.06617,56.36004],[15.06617,56.36004],[15.06617,56.36004],[15.06617,56.36004],[15.06621,56.3597],[15.06619,56.35951],[15.06615,56.35936],[15.0661,56.35928],[15.06592,56.35911],[15.06568,56.35887],[15.06539,56.35863],[15.06523,56.35844],[15.0651,56.35835],[15.06501,56.35828],[15.06515,56.35826],[15.0652,56.35829],[15.06539,56.35833],[15.06546,56.35835],[15.06546,56.35835],[15.06546,56.35835],[15.06546,56.35835],[15.06548,56.35833],[15.06548,56.35833],[15.06547,56.35833],[15.06536,56.35829],[15.06531,56.35827],[15.06524,56.35825],[15.06524,56.35821],[15.06543,56.3582],[15.0656,56.35822],[15.06581,56.35822],[15.06591,56.35822],[15.06596,56.35822],[15.06603,56.35824],[15.06612,56.35826],[15.06628,56.35827],[15.0664,56.35827],[15.06652,56.35829],[15.06669,56.35834],[15.06696,56.35847],[15.06709,56.35849],[15.0673,56.35849],[15.06736,56.35853],[15.0674,56.35859],[15.06745,56.35866],[15.06748,56.35869],[15.06748,56.35869],[15.06748,56.35869],[15.06753,56.35868],[15.06759,56.3587],[15.06767,56.35875],[15.06772,56.35882],[15.06772,56.35882],[15.06772,56.35882],[15.06772,56.35882],[15.06772,56.35882],[15.06774,56.35877],[15.06772,56.35871],[15.06765,56.35862],[15.06758,56.35849],[15.06757,56.35836],[15.06764,56.35822],[15.06768,56.35806],[15.06768,56.35806],[15.06768,56.35806],[15.06596,56.3578],[15.06588,56.35738],[15.06588,56.35738],[15.06588,56.35738],[15.06527,56.35737],[15.06505,56.35737],[15.06505,56.35737],[15.06505,56.35737],[15.06468,56.35781],[15.06464,56.35784],[15.0646,56.35787],[15.06441,56.35789],[15.06435,56.3579],[15.06418,56.35793],[15.06413,56.35793],[15.06409,56.35791],[15.06403,56.3579],[15.06398,56.35789],[15.06392,56.35788],[15.06387,56.35788],[15.0637,56.35788],[15.06348,56.35788],[15.06342,56.35789],[15.06333,56.35789],[15.06331,56.3579],[15.06308,56.35791],[15.06282,56.35791],[15.06276,56.3579],[15.06278,56.3578],[15.06292,56.35766],[15.06301,56.35761],[15.06332,56.35751],[15.06337,56.35748],[15.06349,56.35744],[15.06368,56.35738],[15.0638,56.35734],[15.06401,56.3573],[15.06409,56.35727],[15.06412,56.35718],[15.06407,56.35709],[15.06397,56.35704],[15.06395,56.35699],[15.06387,56.35686],[15.06379,56.35678],[15.06327,56.35585],[15.06324,56.35579],[15.06323,56.35579],[15.06288,56.35568],[15.06252,56.35556],[15.06224,56.35546],[15.06213,56.35541],[15.06178,56.35527],[15.06166,56.35522],[15.0616,56.3552],[15.06151,56.35517],[15.06135,56.35516],[15.06116,56.35516],[15.06102,56.35518],[15.0609,56.35521],[15.06079,56.35525],[15.06053,56.35537],[15.06048,56.35539],[15.06026,56.35551],[15.06006,56.35561],[15.05986,56.35571],[15.05973,56.35576],[15.0596,56.35581],[15.05932,56.3559],[15.05901,56.356],[15.05871,56.35609],[15.05863,56.35611],[15.05845,56.35616],[15.05816,56.35622],[15.05796,56.35628],[15.05784,56.35633],[15.0578,56.35635],[15.05771,56.35641],[15.05761,56.35648],[15.05744,56.35668],[15.05736,56.35677],[15.05725,56.35688],[15.05708,56.35702],[15.05695,56.35711],[15.05683,56.35719],[15.05669,56.35727],[15.05641,56.35743],[15.05619,56.35754],[15.05611,56.35758],[15.05597,56.35764],[15.05587,56.35768],[15.05569,56.35773],[15.05556,56.35777],[15.05539,56.35783],[15.05521,56.35789],[15.0551,56.35793],[15.05496,56.35799],[15.05488,56.35802],[15.05481,56.35807],[15.05479,56.35808],[15.05471,56.35814],[15.05464,56.35821],[15.05462,56.35828],[15.05463,56.35841],[15.05467,56.35854],[15.05468,56.35864],[15.05469,56.35871],[15.05469,56.35875],[15.05468,56.3589],[15.05465,56.359],[15.0546,56.35911],[15.05452,56.35919],[15.05449,56.35922],[15.05439,56.35929],[15.05424,56.35939],[15.05416,56.35943],[15.05389,56.35958],[15.05356,56.35977],[15.05348,56.35982],[15.05321,56.36],[15.05303,56.36008],[15.05284,56.36015],[15.05248,56.36026],[15.0523,56.36029],[15.05203,56.36043],[15.0517,56.3607],[15.05105,56.36108],[15.05046,56.36131],[15.05028,56.36134],[15.04929,56.36154],[15.04857,56.36169],[15.04734,56.36191],[15.04702,56.36202],[15.04702,56.36202],[15.04702,56.36202],[15.04738,56.36219],[15.04833,56.36243],[15.04883,56.36248],[15.04885,56.36257],[15.04902,56.36274],[15.0492,56.3629],[15.0491,56.36293],[15.04894,56.363],[15.04886,56.36304],[15.04872,56.36313],[15.04868,56.36317],[15.04857,56.36327],[15.0485,56.36337],[15.04847,56.3634],[15.04828,56.36349],[15.04823,56.36351],[15.04797,56.36367],[15.0478,56.36379],[15.0476,56.36387],[15.0464,56.36436],[15.04532,56.36482],[15.04506,56.36492],[15.04506,56.36492],[15.04506,56.36492],[15.04508,56.36496],[15.0451,56.36503],[15.04514,56.36508],[15.04507,56.3652],[15.04501,56.36527],[15.0449,56.36531],[15.04478,56.36539],[15.04471,56.36546],[15.0445,56.36556],[15.0444,56.36564],[15.04431,56.36567]]]]},"properties":{"NVRID":"2046248","NAMN":"Hultalycke","SKYDDSTYP":"Naturreservat","LAN":"Blekinge Län","KOMMUN":"Ronneby","IUCNKATEGORI":"IV, Habitat/Artskyddsområde (Habitat/Species Management Area)","FORVALTARE":"Länsstyrelsen i Blekinge län","AREA_HA":92.774,"URSPR_BESLUTSDATUM":"2016-12-20"}},{"type":"Feature","geometry":{"type":"Polygon","coordinates":[[[15.36187,56.34669],[15.36074,56.34715],[15.36074,56.34715],[15.36074,56.34715],[15.36122,56.34756],[15.36252,56.34889],[15.36338,56.34935],[15.36348,56.34947],[15.36348,56.34947],[15.36397,56.34969],[15.36452,56.34981],[15.36481,56.35008],[15.36481,56.35008],[15.36481,56.35008],[15.36689,56.35],[15.36689,56.34999],[15.36724,56.34972],[15.36724,56.34972],[15.3671,56.34925],[15.3671,56.34925],[15.3671,56.34925],[15.36682,56.3492],[15.36708,56.34865],[15.36743,56.34831],[15.36746,56.34815],[15.36872,56.34798],[15.36896,56.34786],[15.37053,56.34775],[15.37053,56.34775],[15.37053,56.34775],[15.37262,56.34303],[15.37262,56.34303],[15.37262,56.34303],[15.37262,56.34303],[15.35916,56.34313],[15.35816,56.34332],[15.35816,56.34332],[15.35815,56.34332],[15.35854,56.34397],[15.35872,56.34424],[15.35891,56.34449],[15.35915,56.34471],[15.35943,56.34496],[15.35962,56.3451],[15.36009,56.34549],[15.36187,56.34669]]]},"properties":{"NVRID":"2000074","NAMN":"Gröngölsmåla","SKYDDSTYP":"Naturreservat","LAN":"Blekinge Län","KOMMUN":"Karlskrona","IUCNKATEGORI":"IV, Habitat/Artskyddsområde (Habitat/Species Management Area)","FORVALTARE":"Länsstyrelsen i Blekinge län","AREA_HA":44.498,"URSPR_BESLUTSDATUM":"1992-02-25"}},{"type":"Feature","geometry":{"type":"Polygon","coordinates":[[[15.26737,56.19544],[15.26658,56.19545],[15.26658,56.19545],[15.26658,56.19545],[15.26652,56.19583],[15.26654,56.19623],[15.26666,56.19663],[15.26684,56.19695],[15.26711,56.19731],[15.2675,56.19756],[15.26828,56.19789],[15.26892,56.1981],[15.26945,56.1984],[15.26945,56.1984],[15.26957,56.19839],[15.27057,56.19823],[15.27058,56.19823],[15.27058,56.19823],[15.2704,56.19621],[15.27056,56.19612],[15.27056,56.19612],[15.2706,56.19597],[15.27006,56.19513],[15.27036,56.1945],[15.27145,56.19223],[15.27235,56.19212],[15.27296,56.19198],[15.2735,56.19191],[15.27892,56.19295],[15.27892,56.19295],[15.27895,56.19294],[15.27895,56.19294],[15.27896,56.19293],[15.27897,56.19291],[15.27899,56.1929],[15.27904,56.19292],[15.27908,56.19292],[15.27908,56.19292],[15.27911,56.1929],[15.27912,56.19289],[15.27915,56.19287],[15.27918,56.19287],[15.27924,56.19289],[15.27925,56.19289],[15.27928,56.19288],[15.27931,56.19286],[15.27944,56.19285],[15.27946,56.19285],[15.2795,56.19289],[15.2795,56.19289],[15.27982,56.19297],[15.27986,56.19299],[15.27996,56.19302],[15.28008,56.19306],[15.28008,56.19306],[15.28008,56.19306],[15.28027,56.19296],[15.28092,56.19264],[15.28092,56.19264],[15.28092,56.19264],[15.28091,56.19264],[15.28093,56.19264],[15.28093,56.19264],[15.28188,56.19218],[15.28427,56.19191],[15.28455,56.19184],[15.28484,56.19174],[15.28541,56.1916],[15.28568,56.19152],[15.28714,56.1918],[15.28765,56.1919],[15.28765,56.1919],[15.28765,56.1919],[15.2878,56.19177],[15.28791,56.19164],[15.28795,56.19155],[15.28813,56.19134],[15.28837,56.19136],[15.28866,56.19138],[15.28898,56.19141],[15.28934,56.19146],[15.28966,56.19151],[15.28985,56.19155],[15.28995,56.19157],[15.29047,56.19168],[15.2905,56.19168],[15.2906,56.19168],[15.29065,56.19167],[15.29094,56.1916],[15.29108,56.19155],[15.29122,56.19148],[15.29141,56.19138],[15.29149,56.19135],[15.29154,56.19135],[15.29167,56.19135],[15.29177,56.19142],[15.29188,56.19156],[15.29188,56.19156],[15.29188,56.19156],[15.29188,56.19156],[15.29188,56.19156],[15.29188,56.19156],[15.29214,56.19095],[15.29264,56.19049],[15.29278,56.19045],[15.29278,56.19045],[15.29291,56.19031],[15.29304,56.19013],[15.29306,56.18998],[15.29298,56.18975],[15.29285,56.1896],[15.29267,56.18939],[15.29267,56.18939],[15.29267,56.18939],[15.29253,56.18939],[15.2924,56.18913],[15.29238,56.18906],[15.29241,56.18902],[15.29265,56.18902],[15.29313,56.189],[15.29319,56.18938],[15.29319,56.18938],[15.29319,56.18938],[15.29385,56.18935],[15.29419,56.18932],[15.29419,56.18932],[15.29419,56.18932],[15.29427,56.18921],[15.29426,56.18865],[15.29424,56.1879],[15.29434,56.18736],[15.29444,56.18682],[15.29473,56.18598],[15.29493,56.18546],[15.29517,56.18513],[15.29538,56.18488],[15.29538,56.18488],[15.29538,56.18488],[15.29507,56.18472],[15.29455,56.18438],[15.2944,56.18423],[15.29434,56.18403],[15.29442,56.18367],[15.29447,56.18349],[15.2944,56.18333],[15.29419,56.18318],[15.29386,56.18301],[15.29353,56.18288],[15.29329,56.18273],[15.29309,56.18248],[15.293,56.18217],[15.293,56.18217],[15.29299,56.18217],[15.29267,56.18219],[15.29255,56.1818],[15.29255,56.1818],[15.29255,56.1818],[15.2919,56.18177],[15.29148,56.18171],[15.29152,56.18151],[15.29152,56.18151],[15.29152,56.18151],[15.29127,56.18145],[15.29062,56.18111],[15.29019,56.18085],[15.29004,56.18072],[15.28994,56.18053],[15.28982,56.18043],[15.28982,56.18043],[15.28933,56.18036],[15.28908,56.1803],[15.28852,56.18007],[15.28823,56.17994],[15.28823,56.17994],[15.28823,56.17994],[15.28823,56.17994],[15.28818,56.17999],[15.28795,56.18027],[15.28744,56.1802],[15.28724,56.17968],[15.28724,56.17968],[15.28724,56.17968],[15.28724,56.17968],[15.28645,56.18017],[15.28217,56.18283],[15.27547,56.18417],[15.27426,56.18443],[15.27426,56.18443],[15.27421,56.18468],[15.27416,56.18497],[15.2742,56.18561],[15.27311,56.18564],[15.27311,56.18564],[15.27311,56.18564],[15.27309,56.18577],[15.27299,56.18619],[15.27288,56.18637],[15.27281,56.1865],[15.27281,56.1865],[15.27281,56.1865],[15.2737,56.18665],[15.27365,56.18735],[15.27431,56.18907],[15.27232,56.1893],[15.27181,56.18851],[15.27147,56.18827],[15.2711,56.18789],[15.2711,56.18789],[15.27088,56.18788],[15.27088,56.18788],[15.27088,56.18788],[15.27039,56.18866],[15.26967,56.1899],[15.26967,56.1899],[15.26967,56.1899],[15.27306,56.19045],[15.27305,56.19065],[15.27306,56.19113],[15.27304,56.19171],[15.27294,56.19173],[15.2714,56.19178],[15.27132,56.19123],[15.27127,56.1909],[15.27127,56.19089],[15.27127,56.19089],[15.27074,56.19092],[15.27039,56.19091],[15.27006,56.19086],[15.27006,56.19086],[15.27006,56.19086],[15.26996,56.191],[15.26977,56.19134],[15.26895,56.19118],[15.26895,56.19118],[15.26895,56.19118],[15.26858,56.19188],[15.26858,56.19188],[15.26858,56.19188],[15.26858,56.19188],[15.26885,56.19193],[15.2692,56.19201],[15.26936,56.19209],[15.26929,56.19222],[15.2691,56.1922],[15.26909,56.1922],[15.26909,56.1922],[15.26897,56.1924],[15.26885,56.19261],[15.26874,56.19281],[15.26852,56.19318],[15.26852,56.19318],[15.26853,56.19318],[15.26901,56.19327],[15.26892,56.19342],[15.26884,56.19344],[15.26881,56.1935],[15.26881,56.1935],[15.26881,56.1935],[15.26902,56.19354],[15.26944,56.19362],[15.2693,56.19386],[15.269,56.19449],[15.26871,56.19529],[15.26824,56.19524],[15.26816,56.19516],[15.26816,56.19516],[15.26746,56.19508],[15.26746,56.19508],[15.26746,56.19508],[15.26736,56.1953],[15.26737,56.19544]]]},"properties":{"NVRID":"2025429","NAMN":"Södra Brunnsskogen","SKYDDSTYP":"Naturreservat","LAN":"Blekinge Län","KOMMUN":"Ronneby","IUCNKATEGORI":"Ia, Strikt naturreservat (Strict Nature Reserve)","FORVALTARE":"Ronneby kommun","AREA_HA":154.565,"URSPR_BESLUTSDATUM":"2010-06-17"}},{"type":"Feature","geometry":{"type":"MultiPolygon","coordinates":[[[[14.97959,56.12223],[14.97968,56.12182],[14.97965,56.1215],[14.97986,56.12144],[14.97986,56.12144],[14.97986,56.12143],[14.979,56.12062],[14.979,56.12062],[14.979,56.12062],[14.97777,56.12103],[14.97777,56.12103],[14.97777,56.12103],[14.97933,56.12253],[14.97933,56.12253],[14.97933,56.12253],[14.97933,56.12253],[14.97959,56.12223]]],[[[14.97597,56.12105],[14.97597,56.12105],[14.97597,56.12105],[14.97581,56.12107],[14.97568,56.12108],[14.97565,56.12108],[14.97559,56.1211],[14.97553,56.12112],[14.97388,56.12136],[14.97388,56.12136],[14.97388,56.12136],[14.97377,56.12165],[14.97372,56.12225],[14.97376,56.12279],[14.97391,56.12329],[14.97407,56.12374],[14.97452,56.12415],[14.97524,56.12449],[14.97628,56.12465],[14.97681,56.12473],[14.97731,56.1248],[14.97731,56.1248],[14.97731,56.1248],[14.97784,56.12395],[14.97784,56.12395],[14.97672,56.12103],[14.97671,56.12103],[14.97671,56.12103],[14.97595,56.12119],[14.97597,56.12105]],[[14.97608,56.12285],[14.97604,56.12262],[14.97627,56.12262],[14.97624,56.12284],[14.97608,56.12285]],[[14.97539,56.12247],[14.9754,56.12238],[14.97537,56.12232],[14.97543,56.12229],[14.97554,56.12224],[14.97554,56.12224],[14.97554,56.12221],[14.97558,56.12221],[14.97558,56.12221],[14.97558,56.12221],[14.9756,56.12218],[14.9756,56.12211],[14.97577,56.12213],[14.97575,56.12219],[14.97569,56.12241],[14.97575,56.12255],[14.97575,56.12255],[14.97575,56.12255],[14.97595,56.12256],[14.97599,56.12262],[14.97609,56.12302],[14.97565,56.12328],[14.97554,56.12322],[14.97551,56.12313],[14.97551,56.12306],[14.97548,56.123],[14.97542,56.12292],[14.97537,56.12287],[14.97535,56.12285],[14.97536,56.12281],[14.97539,56.12276],[14.97539,56.12276],[14.97538,56.12266],[14.97536,56.12262],[14.97533,56.12257],[14.97539,56.12247]]],[[[14.97394,56.11827],[14.97394,56.11827],[14.97403,56.11835],[14.97403,56.11835],[14.97403,56.11835],[14.97446,56.11834],[14.97517,56.11833],[14.97711,56.11829],[14.97888,56.11825],[14.97888,56.11825],[14.98016,56.11784],[14.98016,56.11784],[14.98016,56.11784],[14.98016,56.11784],[14.97936,56.11709],[14.97878,56.11642],[14.9784,56.11597],[14.97819,56.11561],[14.97804,56.11512],[14.97796,56.11451],[14.97796,56.11451],[14.97796,56.11451],[14.97796,56.11451],[14.97636,56.11466],[14.97545,56.11465],[14.97545,56.11465],[14.97545,56.11465],[14.97531,56.11483],[14.97447,56.11603],[14.97372,56.11739],[14.97372,56.11739],[14.97372,56.11739],[14.97432,56.11763],[14.97394,56.11827]]],[[[14.97754,56.13262],[14.97847,56.13469],[14.97847,56.13469],[14.97848,56.13469],[14.97848,56.13469],[14.98198,56.13307],[14.98198,56.13307],[14.982,56.12909],[14.9798,56.12709],[14.9798,56.12709],[14.97768,56.12704],[14.97768,56.12704],[14.97685,56.12762],[14.97596,56.12818],[14.975,56.12861],[14.9742,56.12891],[14.97344,56.12908],[14.97243,56.12925],[14.97243,56.12925],[14.97206,56.13007],[14.97206,56.13007],[14.97206,56.13007],[14.97405,56.13078],[14.9747,56.13107],[14.97497,56.13116],[14.97608,56.13213],[14.97608,56.13213],[14.97643,56.13208],[14.97687,56.13212],[14.97716,56.13214],[14.97754,56.13262]]],[[[14.96683,56.11743],[14.96657,56.11799],[14.966,56.11919],[14.966,56.11919],[14.966,56.11919],[14.966,56.11919],[14.96745,56.11947],[14.96745,56.11947],[14.96745,56.11947],[14.96745,56.11946],[14.96802,56.11868],[14.97047,56.11532],[14.97058,56.11522],[14.97157,56.11648],[14.97158,56.11648],[14.97226,56.11667],[14.97226,56.11667],[14.97226,56.11667],[14.97282,56.11605],[14.97322,56.11532],[14.97376,56.11577],[14.97376,56.11577],[14.97376,56.11577],[14.97393,56.11561],[14.9747,56.11458],[14.9747,56.11458],[14.9747,56.11458],[14.97239,56.11359],[14.97412,56.11204],[14.97852,56.11067],[14.97852,56.11067],[14.97852,56.11067],[14.97797,56.11013],[14.97732,56.10962],[14.97666,56.1092],[14.97585,56.10875],[14.97499,56.10834],[14.97412,56.10801],[14.97324,56.10774],[14.97184,56.10751],[14.97045,56.10748],[14.96947,56.10764],[14.96794,56.10805],[14.96679,56.10844],[14.96591,56.10903],[14.96554,56.10937],[14.96523,56.1097],[14.96495,56.11021],[14.9648,56.11078],[14.96462,56.11167],[14.96443,56.11253],[14.96412,56.11329],[14.96387,56.11371],[14.96342,56.11437],[14.96342,56.11437],[14.96574,56.11564],[14.96598,56.11587],[14.96617,56.11616],[14.96659,56.1171],[14.96683,56.11743]]]]},"properties":{"NVRID":"2000087","NAMN":"Tärnö-Yttre Ekö","SKYDDSTYP":"Naturreservat","LAN":"Blekinge Län","KOMMUN":"Karlshamn","IUCNKATEGORI":"IV, Habitat/Artskyddsområde (Habitat/Species Management Area)","FORVALTARE":"Länsstyrelsen i Blekinge län","AREA_HA":112.828,"URSPR_BESLUTSDATUM":"1980-01-11"}},{"type":"Feature","geometry":{"type":"Polygon","coordinates":[[[14.89765,56.21665],[14.89765,56.21665],[14.89766,56.21665],[14.89766,56.21665],[14.89795,56.21627],[14.89838,56.21629],[14.89838,56.21629],[14.89861,56.21613],[14.89861,56.21613],[14.8985,56.21599],[14.89912,56.21568],[14.89912,56.21568],[14.89914,56.21529],[14.89966,56.21512],[14.89966,56.21512],[14.89974,56.21504],[14.90025,56.21486],[14.90048,56.21509],[14.90048,56.21509],[14.90048,56.21509],[14.90078,56.21513],[14.90078,56.21513],[14.90078,56.21513],[14.90082,56.21506],[14.90155,56.21497],[14.9023,56.21514],[14.90292,56.21524],[14.90292,56.21524],[14.90359,56.21518],[14.90359,56.21518],[14.90359,56.21518],[14.90359,56.21499],[14.90442,56.21488],[14.90519,56.21468],[14.90519,56.21467],[14.90519,56.21467],[14.90483,56.21447],[14.90542,56.21452],[14.90542,56.21452],[14.90542,56.21451],[14.90542,56.21451],[14.90512,56.21375],[14.90516,56.21336],[14.90515,56.21326],[14.90559,56.21297],[14.90576,56.21268],[14.90576,56.21268],[14.90557,56.21245],[14.90556,56.21227],[14.90598,56.21187],[14.90634,56.21218],[14.90634,56.21218],[14.90634,56.21218],[14.90661,56.21213],[14.90661,56.21213],[14.90672,56.21198],[14.90672,56.21198],[14.90661,56.21178],[14.90699,56.21163],[14.90699,56.21163],[14.90699,56.21163],[14.90697,56.21156],[14.90697,56.21156],[14.90697,56.21156],[14.90657,56.21149],[14.90635,56.21104],[14.90635,56.21104],[14.90623,56.21096],[14.90623,56.21096],[14.90611,56.21094],[14.90568,56.21094],[14.90542,56.2108],[14.90507,56.21049],[14.90482,56.2104],[14.90444,56.21034],[14.90421,56.21033],[14.90371,56.21045],[14.90354,56.21026],[14.90334,56.21012],[14.90348,56.20996],[14.90348,56.20996],[14.90315,56.20957],[14.90315,56.20957],[14.9028,56.20951],[14.9028,56.20951],[14.9028,56.20951],[14.90259,56.20959],[14.90259,56.20959],[14.90259,56.20959],[14.9026,56.20962],[14.90214,56.20959],[14.90213,56.2096],[14.90213,56.2096],[14.90213,56.2096],[14.90216,56.20985],[14.90203,56.21026],[14.90183,56.21054],[14.9014,56.21069],[14.9013,56.21069],[14.9013,56.21069],[14.90124,56.21076],[14.90122,56.21082],[14.90104,56.21092],[14.90099,56.21099],[14.9007,56.21119],[14.90025,56.2113],[14.89994,56.21137],[14.89963,56.21139],[14.89962,56.21139],[14.89962,56.21139],[14.89962,56.21139],[14.89962,56.21139],[14.90016,56.21177],[14.90096,56.21226],[14.89748,56.21553],[14.89658,56.21619],[14.89658,56.21619],[14.89658,56.21619],[14.89765,56.21665]]]},"properties":{"NVRID":"2063641","NAMN":"Valberget","SKYDDSTYP":"Naturreservat","LAN":"Blekinge Län","KOMMUN":"Karlshamn","IUCNKATEGORI":"IV, Habitat/Artskyddsområde (Habitat/Species Management Area)","FORVALTARE":"Länsstyrelsen i Blekinge län","AREA_HA":20.435,"URSPR_BESLUTSDATUM":"2024-06-24"}},{"type":"Feature","geometry":{"type":"Polygon","coordinates":[[[15.10348,56.27259],[15.10301,56.27269],[15.10301,56.27269],[15.10301,56.27269],[15.10299,56.27278],[15.10297,56.2729],[15.10286,56.273],[15.10264,56.27319],[15.10237,56.27343],[15.10231,56.27354],[15.10227,56.27369],[15.10229,56.27389],[15.10231,56.27402],[15.10225,56.27414],[15.10216,56.27432],[15.10172,56.27493],[15.10172,56.27493],[15.10172,56.27493],[15.10172,56.27493],[15.1043,56.27544],[15.10444,56.27546],[15.10444,56.27546],[15.10444,56.27546],[15.10464,56.27527],[15.10486,56.27511],[15.10498,56.27503],[15.10511,56.27495],[15.10526,56.27484],[15.10539,56.27475],[15.10552,56.27469],[15.10568,56.27461],[15.10588,56.27455],[15.10608,56.2745],[15.10625,56.27449],[15.10644,56.27449],[15.10678,56.27449],[15.10696,56.2745],[15.10712,56.27447],[15.1073,56.27441],[15.10743,56.27437],[15.10755,56.27431],[15.10769,56.27423],[15.10774,56.27419],[15.10786,56.27411],[15.108,56.27398],[15.10806,56.27392],[15.10806,56.27392],[15.10808,56.27382],[15.10808,56.27382],[15.10802,56.27374],[15.10796,56.27366],[15.10784,56.27357],[15.10776,56.27346],[15.10783,56.27339],[15.10798,56.27324],[15.10802,56.27315],[15.1081,56.27298],[15.10808,56.27283],[15.10797,56.27261],[15.10789,56.27243],[15.10779,56.27229],[15.10769,56.27215],[15.1076,56.27207],[15.10749,56.27196],[15.10734,56.27181],[15.10724,56.27175],[15.10715,56.2717],[15.10714,56.27164],[15.10711,56.2716],[15.10711,56.27152],[15.10713,56.27142],[15.10719,56.27135],[15.10731,56.27129],[15.10741,56.27126],[15.10759,56.27123],[15.10773,56.27117],[15.10782,56.2711],[15.10791,56.27102],[15.10795,56.27096],[15.10799,56.27082],[15.10803,56.27074],[15.10803,56.27074],[15.10798,56.27067],[15.1063,56.26867],[15.1063,56.26867],[15.1063,56.26867],[15.10622,56.26869],[15.1061,56.26873],[15.1061,56.26873],[15.1061,56.26873],[15.10612,56.26894],[15.10612,56.26894],[15.10621,56.26898],[15.10614,56.26921],[15.10624,56.26958],[15.10618,56.26975],[15.10591,56.26986],[15.10591,56.26986],[15.10591,56.26986],[15.10597,56.27008],[15.10612,56.27018],[15.10617,56.27025],[15.10627,56.27045],[15.10576,56.27051],[15.1056,56.27054],[15.10491,56.2707],[15.10478,56.27065],[15.10465,56.27061],[15.10456,56.27061],[15.10448,56.27062],[15.10443,56.27064],[15.10438,56.27067],[15.10436,56.2707],[15.10436,56.27073],[15.10438,56.27077],[15.10443,56.27082],[15.10451,56.27087],[15.10472,56.27097],[15.10479,56.27102],[15.10569,56.27133],[15.10564,56.2714],[15.10542,56.2716],[15.1051,56.27158],[15.10509,56.27158],[15.10499,56.2717],[15.10482,56.27188],[15.10456,56.27208],[15.10422,56.27217],[15.10402,56.27228],[15.10396,56.2723],[15.10388,56.27235],[15.10359,56.2725],[15.10352,56.27254],[15.10349,56.27257],[15.10348,56.27259]]]},"properties":{"NVRID":"2000042","NAMN":"Lillagärde","SKYDDSTYP":"Naturreservat","LAN":"Blekinge Län","KOMMUN":"Ronneby","IUCNKATEGORI":"IV, Habitat/Artskyddsområde (Habitat/Species Management Area)","FORVALTARE":"Länsstyrelsen i Blekinge län","AREA_HA":14.116,"URSPR_BESLUTSDATUM":"1987-12-17"}},{"type":"Feature","geometry":{"type":"Polygon","coordinates":[[[14.68089,56.34026],[14.6804,56.34009],[14.68011,56.34],[14.68011,56.34],[14.6801,56.34],[14.6801,56.34],[14.6801,56.34],[14.68083,56.34089],[14.68177,56.34131],[14.68236,56.34149],[14.68267,56.34195],[14.68288,56.34207],[14.68238,56.34212],[14.68218,56.34216],[14.68196,56.3422],[14.68173,56.34227],[14.6816,56.34237],[14.68159,56.34242],[14.68159,56.34242],[14.68159,56.34242],[14.68159,56.34242],[14.68179,56.34242],[14.68236,56.34249],[14.68251,56.3428],[14.68251,56.3428],[14.68258,56.34283],[14.68258,56.34283],[14.68258,56.34283],[14.68329,56.34248],[14.68345,56.34252],[14.68354,56.34259],[14.68363,56.34263],[14.6836,56.34274],[14.68365,56.343],[14.68357,56.34357],[14.68328,56.34477],[14.68325,56.34492],[14.68334,56.34504],[14.68334,56.34504],[14.68373,56.34512],[14.68391,56.34527],[14.68397,56.34534],[14.68403,56.3456],[14.68412,56.34581],[14.6838,56.34618],[14.68373,56.34635],[14.68407,56.34664],[14.68419,56.34713],[14.68419,56.34713],[14.68419,56.34713],[14.68419,56.34713],[14.68491,56.34705],[14.68541,56.347],[14.68574,56.34699],[14.68597,56.34701],[14.68632,56.34716],[14.68682,56.34713],[14.68738,56.34674],[14.68805,56.34669],[14.68841,56.34661],[14.68841,56.34661],[14.68841,56.34661],[14.68833,56.34644],[14.6883,56.34629],[14.6883,56.34617],[14.68832,56.34607],[14.68836,56.34599],[14.68922,56.34611],[14.69007,56.3462],[14.69007,56.3462],[14.69007,56.3462],[14.69007,56.3462],[14.69029,56.34574],[14.69102,56.34424],[14.69265,56.34089],[14.6932,56.34097],[14.6932,56.34097],[14.6932,56.34097],[14.6937,56.33996],[14.6937,56.33996],[14.6937,56.33996],[14.69369,56.33996],[14.69369,56.33996],[14.69267,56.34002],[14.69243,56.34002],[14.6919,56.33999],[14.69169,56.33995],[14.69153,56.33989],[14.69088,56.33981],[14.69088,56.33981],[14.69025,56.3401],[14.68877,56.33957],[14.68877,56.33957],[14.68842,56.33955],[14.6879,56.33934],[14.68775,56.33929],[14.68751,56.33925],[14.68723,56.33925],[14.68649,56.33931],[14.68584,56.33932],[14.68484,56.33931],[14.68484,56.33931],[14.68484,56.33931],[14.68484,56.33931],[14.68484,56.33931],[14.68513,56.3396],[14.68518,56.33964],[14.68561,56.33982],[14.68572,56.33989],[14.68581,56.34],[14.68595,56.34013],[14.686,56.34022],[14.68606,56.34051],[14.68603,56.34064],[14.68603,56.34076],[14.68577,56.34082],[14.68558,56.34079],[14.68523,56.3407],[14.68508,56.34055],[14.68495,56.3404],[14.68467,56.34023],[14.68456,56.34018],[14.68451,56.34017],[14.68431,56.34014],[14.6839,56.34014],[14.6835,56.34008],[14.68294,56.34008],[14.68266,56.34007],[14.68222,56.34011],[14.68137,56.34032],[14.68111,56.34021],[14.68111,56.34021],[14.68089,56.34026]],[[14.68564,56.34149],[14.68625,56.34149],[14.68624,56.34189],[14.68564,56.34189],[14.68564,56.34149]]]},"properties":{"NVRID":"2057381","NAMN":"Mörrumsån Angölsmåla","SKYDDSTYP":"Naturreservat","LAN":"Blekinge Län","KOMMUN":"Olofström","IUCNKATEGORI":"IV, Habitat/Artskyddsområde (Habitat/Species Management Area)","FORVALTARE":"Länsstyrelsen i Blekinge län","AREA_HA":40.919,"URSPR_BESLUTSDATUM":"2023-12-19"}},{"type":"Feature","geometry":{"type":"MultiPolygon","coordinates":[[[[14.86821,56.15395],[14.86521,56.15583],[14.86418,56.15742],[14.86418,56.15742],[14.8648,56.15802],[14.86625,56.15893],[14.86625,56.15893],[14.86796,56.15928],[14.86796,56.15928],[14.86796,56.15928],[14.86894,56.15897],[14.86894,56.15897],[14.8705,56.15584],[14.87,56.15334],[14.87,56.15334],[14.87,56.15334],[14.86821,56.15395]]],[[[14.83163,56.14765],[14.83163,56.14765],[14.83163,56.14765],[14.84044,56.14772],[14.84031,56.15106],[14.84031,56.15106],[14.84031,56.15106],[14.84068,56.15105],[14.84103,56.15108],[14.84162,56.15126],[14.84201,56.15148],[14.84201,56.15148],[14.84201,56.15148],[14.84254,56.15137],[14.84254,56.15137],[14.84254,56.15137],[14.84257,56.15115],[14.84304,56.1506],[14.84348,56.15042],[14.84373,56.15052],[14.84393,56.1507],[14.84393,56.1507],[14.84393,56.1507],[14.84393,56.1507],[14.84431,56.15048],[14.84449,56.15042],[14.84489,56.15046],[14.84587,56.15048],[14.84688,56.15045],[14.84739,56.15042],[14.84862,56.14988],[14.8489,56.14977],[14.84952,56.1495],[14.84952,56.1495],[14.84952,56.1495],[14.84952,56.1495],[14.84641,56.14738],[14.84681,56.14717],[14.84738,56.14688],[14.84738,56.14688],[14.84738,56.14688],[14.84737,56.14687],[14.84734,56.14685],[14.8473,56.14682],[14.84727,56.14679],[14.84721,56.14673],[14.84712,56.14664],[14.84684,56.14641],[14.84684,56.14641],[14.84684,56.14641],[14.84644,56.1466],[14.84613,56.14639],[14.84652,56.14621],[14.84652,56.14621],[14.84652,56.14621],[14.84652,56.14621],[14.84638,56.14614],[14.8463,56.14591],[14.84617,56.1458],[14.84617,56.1458],[14.84617,56.1458],[14.84583,56.14596],[14.84532,56.14568],[14.84577,56.14553],[14.84611,56.14548],[14.84611,56.14548],[14.84614,56.14544],[14.84618,56.1454],[14.84643,56.14516],[14.84661,56.14499],[14.8468,56.14482],[14.84702,56.14461],[14.84727,56.14447],[14.84755,56.14431],[14.84767,56.14426],[14.84779,56.14423],[14.84796,56.1442],[14.84825,56.1442],[14.84835,56.14422],[14.84853,56.14425],[14.84899,56.14435],[14.84918,56.14438],[14.84991,56.14449],[14.85083,56.14475],[14.85112,56.14482],[14.85127,56.14484],[14.85193,56.14497],[14.85216,56.14501],[14.85222,56.14503],[14.85228,56.14504],[14.85234,56.14505],[14.8524,56.14507],[14.85246,56.14508],[14.85251,56.14509],[14.85257,56.14511],[14.85263,56.14513],[14.85269,56.14514],[14.85274,56.14516],[14.8528,56.14518],[14.85286,56.14519],[14.85288,56.1452],[14.85293,56.14522],[14.85296,56.14523],[14.85299,56.14524],[14.85307,56.14526],[14.85314,56.14529],[14.8532,56.14531],[14.85343,56.14537],[14.85343,56.14537],[14.85343,56.14537],[14.8539,56.14516],[14.85437,56.14504],[14.85437,56.14504],[14.85442,56.14482],[14.85486,56.14446],[14.8552,56.14427],[14.85565,56.14415],[14.85581,56.14412],[14.85609,56.14403],[14.85609,56.14402],[14.85611,56.14392],[14.85612,56.14386],[14.85613,56.14386],[14.85628,56.14373],[14.85639,56.14372],[14.85646,56.14373],[14.85659,56.14378],[14.8566,56.14378],[14.8567,56.14381],[14.85705,56.14391],[14.85727,56.14396],[14.85747,56.14397],[14.85885,56.14404],[14.85887,56.14433],[14.85909,56.14449],[14.85967,56.14647],[14.8582,56.14737],[14.85715,56.14717],[14.85715,56.14717],[14.85715,56.14717],[14.85633,56.14761],[14.85632,56.148],[14.85703,56.14919],[14.85768,56.15002],[14.85776,56.15023],[14.85776,56.15055],[14.85793,56.15121],[14.85833,56.1519],[14.85871,56.15219],[14.86016,56.15373],[14.86047,56.15392],[14.86047,56.15392],[14.86296,56.15367],[14.86733,56.1525],[14.86901,56.15156],[14.87303,56.14888],[14.87303,56.14888],[14.87306,56.14881],[14.87507,56.12931],[14.87601,56.12416],[14.876,56.12362],[14.876,56.12362],[14.876,56.12362],[14.82079,56.12304],[14.82078,56.12304],[14.82078,56.12304],[14.82078,56.12304],[14.82318,56.13447],[14.8243,56.14372],[14.82431,56.14372],[14.82431,56.14372],[14.8315,56.14399],[14.83163,56.14765]],[[14.85928,56.14994],[14.85928,56.14994],[14.85928,56.14994],[14.85933,56.14992],[14.85933,56.14991],[14.85933,56.1499],[14.85937,56.14986],[14.85942,56.14984],[14.85948,56.14984],[14.85948,56.14984],[14.85956,56.14979],[14.85968,56.14981],[14.86,56.15001],[14.85965,56.15019],[14.85924,56.14997],[14.85924,56.14994],[14.85928,56.14994]],[[14.84443,56.14568],[14.84445,56.14598],[14.84388,56.14602],[14.84388,56.14571],[14.84443,56.14568]],[[14.85868,56.15115],[14.85902,56.15136],[14.85914,56.15164],[14.85878,56.1517],[14.85851,56.15122],[14.85868,56.15115]],[[14.84392,56.14503],[14.84436,56.14504],[14.84429,56.1455],[14.84382,56.14547],[14.84392,56.14503]],[[14.85815,56.1488],[14.8585,56.14835],[14.85901,56.14827],[14.85945,56.14882],[14.85934,56.14888],[14.85924,56.14891],[14.85913,56.14892],[14.85895,56.14887],[14.85895,56.14887],[14.85886,56.14889],[14.85878,56.1489],[14.85866,56.14888],[14.85855,56.14885],[14.85855,56.14885],[14.85841,56.14887],[14.85824,56.14891],[14.85815,56.1488]],[[14.8599,56.15119],[14.8608,56.15135],[14.8609,56.15227],[14.86086,56.15221],[14.86078,56.15215],[14.86071,56.15212],[14.86054,56.15207],[14.86054,56.15207],[14.86054,56.15207],[14.8605,56.15208],[14.86038,56.15201],[14.86028,56.15197],[14.86028,56.15197],[14.86012,56.15199],[14.86002,56.15201],[14.85992,56.15202],[14.85992,56.15202],[14.85992,56.15202],[14.85992,56.15208],[14.8599,56.15214],[14.85985,56.1522],[14.85978,56.15225],[14.85959,56.1522],[14.85938,56.15219],[14.8599,56.15119]]]]},"properties":{"NVRID":"2042809","NAMN":"Stärnö-Boön","SKYDDSTYP":"Naturreservat","LAN":"Blekinge Län","KOMMUN":"Karlshamn","IUCNKATEGORI":"IV, Habitat/Artskyddsområde (Habitat/Species Management Area)","FORVALTARE":"Karlshamns kommun","AREA_HA":900.439,"URSPR_BESLUTSDATUM":"2014-09-24"}},{"type":"Feature","geometry":{"type":"Polygon","coordinates":[[[15.42865,56.15141],[15.42887,56.1517],[15.42903,56.15201],[15.42903,56.15218],[15.42882,56.1524],[15.42882,56.1524],[15.42885,56.15264],[15.42885,56.15264],[15.42889,56.15267],[15.42891,56.15269],[15.42891,56.15273],[15.42891,56.15295],[15.42892,56.153],[15.429,56.15312],[15.42908,56.15321],[15.4291,56.15325],[15.42911,56.15337],[15.42915,56.1537],[15.42915,56.1537],[15.42916,56.1537],[15.42968,56.1537],[15.43062,56.15368],[15.4316,56.15367],[15.43294,56.15365],[15.43294,56.15365],[15.43294,56.15365],[15.43294,56.15365],[15.43299,56.15316],[15.43382,56.15321],[15.43385,56.15322],[15.43385,56.15321],[15.43385,56.15321],[15.43385,56.1532],[15.43398,56.15305],[15.43437,56.15279],[15.43444,56.15273],[15.43465,56.15256],[15.43502,56.15229],[15.43536,56.15198],[15.43559,56.15162],[15.43578,56.1512],[15.43578,56.1512],[15.43578,56.1512],[15.43578,56.1512],[15.43578,56.1512],[15.43574,56.1512],[15.43582,56.15096],[15.43583,56.15092],[15.43589,56.15075],[15.43597,56.15054],[15.436,56.15039],[15.43603,56.15019],[15.43602,56.15006],[15.43602,56.14996],[15.43584,56.14964],[15.43573,56.14943],[15.43547,56.149],[15.43559,56.14892],[15.43577,56.14879],[15.4358,56.14876],[15.43591,56.14872],[15.43611,56.14868],[15.43645,56.14868],[15.43645,56.14868],[15.43645,56.14867],[15.43645,56.14867],[15.43645,56.14867],[15.43642,56.14866],[15.43617,56.14858],[15.43595,56.14848],[15.43568,56.14829],[15.43561,56.14826],[15.43531,56.14815],[15.43494,56.14806],[15.4348,56.14804],[15.43463,56.14804],[15.43429,56.14811],[15.4339,56.14822],[15.43354,56.14832],[15.43338,56.14838],[15.4333,56.14843],[15.43267,56.14883],[15.43245,56.14902],[15.43245,56.14902],[15.4324,56.14926],[15.43215,56.14924],[15.43215,56.14924],[15.43196,56.14941],[15.43187,56.14937],[15.43093,56.1488],[15.43093,56.1488],[15.43093,56.1488],[15.43087,56.14882],[15.43069,56.14883],[15.43056,56.1488],[15.43049,56.14873],[15.43037,56.14871],[15.43037,56.14871],[15.43025,56.14874],[15.43013,56.1488],[15.42998,56.14888],[15.42986,56.14892],[15.42974,56.14897],[15.42957,56.14902],[15.42938,56.14905],[15.42923,56.14909],[15.4291,56.14911],[15.42895,56.14914],[15.42881,56.14922],[15.42871,56.14926],[15.42871,56.14926],[15.42871,56.14926],[15.42863,56.15011],[15.42862,56.15018],[15.4286,56.15036],[15.42857,56.15063],[15.42853,56.15103],[15.42847,56.15138],[15.42847,56.15141],[15.42847,56.15141],[15.42847,56.15141],[15.42865,56.15141]]]},"properties":{"NVRID":"2028849","NAMN":"Jordö","SKYDDSTYP":"Naturreservat","LAN":"Blekinge Län","KOMMUN":"Ronneby","IUCNKATEGORI":"IV, Habitat/Artskyddsområde (Habitat/Species Management Area)","FORVALTARE":"Länsstyrelsen i Blekinge län","AREA_HA":22.272,"URSPR_BESLUTSDATUM":"2011-12-06"}},{"type":"Feature","geometry":{"type":"Polygon","coordinates":[[[14.94769,56.26771],[14.94752,56.26815],[14.94747,56.26848],[14.94747,56.26848],[14.94747,56.26848],[14.94897,56.2687],[14.94948,56.26899],[14.94945,56.26926],[14.94945,56.26926],[14.95026,56.26964],[14.95108,56.2702],[14.95108,56.2702],[14.95108,56.2702],[14.95251,56.26977],[14.95251,56.26977],[14.95327,56.26905],[14.95392,56.2687],[14.95564,56.26809],[14.95697,56.26753],[14.95788,56.26752],[14.95788,56.26752],[14.95832,56.26734],[14.9589,56.26717],[14.95911,56.26707],[14.95939,56.26695],[14.95988,56.26668],[14.96011,56.2665],[14.96035,56.26626],[14.96061,56.26596],[14.96079,56.26577],[14.96087,56.2656],[14.96092,56.26547],[14.96114,56.2653],[14.96175,56.2649],[14.96213,56.26466],[14.96251,56.26448],[14.96296,56.2643],[14.96344,56.2641],[14.96401,56.26387],[14.96425,56.26378],[14.96448,56.26367],[14.96508,56.26331],[14.96531,56.26308],[14.96547,56.26294],[14.96562,56.2628],[14.96568,56.26261],[14.96563,56.26231],[14.96554,56.26202],[14.96547,56.26187],[14.96549,56.26178],[14.96549,56.26178],[14.96396,56.26102],[14.96275,56.26042],[14.96227,56.26015],[14.96184,56.25986],[14.96166,56.25973],[14.96166,56.25973],[14.96166,56.25973],[14.96166,56.25973],[14.96166,56.25973],[14.9615,56.25994],[14.96145,56.25997],[14.96139,56.26001],[14.96131,56.26004],[14.96122,56.26006],[14.96105,56.26009],[14.96082,56.26015],[14.96066,56.26023],[14.96065,56.26027],[14.96063,56.26031],[14.96059,56.26034],[14.96051,56.26038],[14.96038,56.26042],[14.96036,56.26043],[14.96036,56.26043],[14.96036,56.26043],[14.96049,56.26066],[14.95959,56.26123],[14.95838,56.26175],[14.95759,56.2623],[14.95687,56.26211],[14.95564,56.26174],[14.95483,56.26162],[14.95362,56.26161],[14.95362,56.26161],[14.94838,56.26541],[14.94746,56.26676],[14.94742,56.26752],[14.94742,56.26752],[14.94769,56.26771]]]},"properties":{"NVRID":"2000082","NAMN":"Kvallåkra","SKYDDSTYP":"Naturreservat","LAN":"Blekinge Län","KOMMUN":"Karlshamn","IUCNKATEGORI":"IV, Habitat/Artskyddsområde (Habitat/Species Management Area)","FORVALTARE":"Länsstyrelsen i Blekinge län","AREA_HA":64.252,"URSPR_BESLUTSDATUM":"1997-11-20"}},{"type":"Feature","geometry":{"type":"Polygon","coordinates":[[[14.61589,56.01652],[14.61579,56.01656],[14.61579,56.01656],[14.61579,56.01656],[14.61579,56.01656],[14.61589,56.01658],[14.61593,56.01658],[14.61639,56.01654],[14.61658,56.01695],[14.61668,56.01726],[14.61696,56.01799],[14.61656,56.01804],[14.61656,56.01804],[14.61656,56.01804],[14.61702,56.0191],[14.61612,56.01931],[14.61612,56.01931],[14.61612,56.01931],[14.61643,56.02009],[14.61599,56.02014],[14.61599,56.02014],[14.61599,56.02014],[14.61609,56.02039],[14.61609,56.02039],[14.61609,56.02039],[14.61609,56.02039],[14.61652,56.02033],[14.61663,56.02059],[14.61663,56.02059],[14.61663,56.02059],[14.61663,56.02059],[14.61663,56.02059],[14.62167,56.01872],[14.62161,56.01969],[14.62155,56.01973],[14.62155,56.01973],[14.62159,56.01996],[14.62156,56.02012],[14.62159,56.02034],[14.62161,56.0207],[14.62164,56.02108],[14.62172,56.02133],[14.6217,56.0216],[14.62172,56.02185],[14.62181,56.02215],[14.62189,56.02225],[14.62191,56.02236],[14.62193,56.02268],[14.62228,56.02295],[14.62228,56.02295],[14.62229,56.02295],[14.62229,56.02295],[14.62229,56.02295],[14.62255,56.02221],[14.62269,56.02148],[14.62578,56.02371],[14.62578,56.02371],[14.62578,56.02371],[14.62578,56.02371],[14.62658,56.02337],[14.62658,56.02337],[14.62658,56.02337],[14.62658,56.02337],[14.62622,56.02311],[14.62659,56.02226],[14.63433,56.02786],[14.63433,56.02786],[14.63433,56.02786],[14.63433,56.02786],[14.63433,56.02786],[14.63457,56.02723],[14.63457,56.02688],[14.63457,56.02688],[14.63457,56.02688],[14.63419,56.02671],[14.63469,56.02599],[14.63469,56.02599],[14.6343,56.02572],[14.63564,56.02498],[14.63704,56.02571],[14.63704,56.02571],[14.63704,56.02571],[14.63704,56.02571],[14.63726,56.02546],[14.63726,56.02546],[14.63726,56.02546],[14.63714,56.02544],[14.63718,56.02537],[14.63731,56.02539],[14.63731,56.02539],[14.63747,56.02526],[14.63757,56.02509],[14.63762,56.02504],[14.63766,56.02491],[14.63774,56.02473],[14.63773,56.02473],[14.63773,56.02473],[14.63716,56.02468],[14.63725,56.02419],[14.63725,56.02419],[14.63725,56.02419],[14.63697,56.02414],[14.63685,56.02406],[14.63678,56.02397],[14.63676,56.02389],[14.6367,56.02376],[14.63656,56.0236],[14.63652,56.0235],[14.63652,56.0235],[14.63646,56.02348],[14.63631,56.0234],[14.63657,56.02311],[14.63657,56.02311],[14.63636,56.02298],[14.63663,56.02293],[14.63676,56.02292],[14.63676,56.02292],[14.63676,56.02292],[14.6367,56.02275],[14.6366,56.02257],[14.63666,56.02239],[14.63654,56.02185],[14.63655,56.02183],[14.63659,56.02163],[14.63659,56.02158],[14.6365,56.0212],[14.63624,56.02069],[14.63624,56.02069],[14.6313,56.01937],[14.63119,56.01904],[14.63105,56.01876],[14.63105,56.01862],[14.63093,56.01843],[14.63071,56.01792],[14.63068,56.01776],[14.6306,56.01762],[14.63059,56.01751],[14.63043,56.01717],[14.63038,56.01705],[14.63018,56.01664],[14.63014,56.0165],[14.63005,56.01628],[14.62999,56.0161],[14.62993,56.01593],[14.62983,56.01575],[14.62978,56.01564],[14.6297,56.01537],[14.62961,56.0151],[14.62939,56.01457],[14.62939,56.01457],[14.62939,56.01457],[14.62939,56.01457],[14.61672,56.01587],[14.61672,56.01587],[14.61635,56.0162],[14.61615,56.01636],[14.61589,56.01652]]]},"properties":{"NVRID":"2013495","NAMN":"Hjärthalla","SKYDDSTYP":"Naturreservat","LAN":"Blekinge Län","KOMMUN":"Sölvesborg","IUCNKATEGORI":"IV, Habitat/Artskyddsområde (Habitat/Species Management Area)","FORVALTARE":"Länsstyrelsen i Blekinge län","AREA_HA":90.751,"URSPR_BESLUTSDATUM":"2007-12-04"}},{"type":"Feature","geometry":{"type":"Polygon","coordinates":[[[14.86592,56.34746],[14.86584,56.34754],[14.86584,56.34754],[14.86584,56.34754],[14.88124,56.35525],[14.88506,56.36226],[14.88506,56.36226],[14.88506,56.36226],[14.88986,56.36254],[14.89655,56.36233],[14.89655,56.36233],[14.89655,56.36233],[14.89655,56.36233],[14.89597,56.36037],[14.89596,56.36036],[14.89596,56.36036],[14.89582,56.36038],[14.8957,56.36036],[14.8956,56.36033],[14.89547,56.36026],[14.89529,56.36017],[14.89516,56.36008],[14.89516,56.36008],[14.89502,56.36004],[14.89502,56.36004],[14.89489,56.36004],[14.8948,56.36005],[14.89458,56.36006],[14.89437,56.36008],[14.89415,56.36009],[14.894,56.3601],[14.89388,56.36011],[14.89384,56.3601],[14.89383,56.3601],[14.89093,56.36061],[14.88357,56.3528],[14.87446,56.34632],[14.87647,56.34551],[14.87647,56.34551],[14.87647,56.34551],[14.87239,56.34275],[14.87239,56.34275],[14.87238,56.34275],[14.87238,56.34275],[14.87238,56.34275],[14.87226,56.34297],[14.87186,56.34339],[14.87158,56.34358],[14.87114,56.34389],[14.87114,56.34389],[14.87166,56.34438],[14.87132,56.34453],[14.87086,56.34409],[14.87086,56.34409],[14.86858,56.34327],[14.86858,56.34327],[14.86858,56.34327],[14.86844,56.34344],[14.8681,56.3441],[14.86808,56.34427],[14.8681,56.34446],[14.86804,56.34469],[14.8679,56.34509],[14.86791,56.34509],[14.8689,56.34571],[14.86771,56.34648],[14.86741,56.34672],[14.86725,56.34672],[14.86656,56.3466],[14.86637,56.34657],[14.86637,56.34657],[14.86637,56.34657],[14.86592,56.34708],[14.86592,56.34746]]]},"properties":{"NVRID":"2000033","NAMN":"Ire","SKYDDSTYP":"Naturreservat","LAN":"Blekinge Län","KOMMUN":"Karlshamn","IUCNKATEGORI":"IV, Habitat/Artskyddsområde (Habitat/Species Management Area)","FORVALTARE":"Länsstyrelsen i Blekinge län","AREA_HA":99.088,"URSPR_BESLUTSDATUM":"1986-05-12"}},{"type":"Feature","geometry":{"type":"Polygon","coordinates":[[[14.66608,55.99174],[14.66614,55.99169],[14.66628,55.99161],[14.66635,55.99145],[14.66636,55.99133],[14.66636,55.99125],[14.66629,55.99119],[14.66624,55.9911],[14.66613,55.99101],[14.66613,55.99093],[14.66618,55.99085],[14.66631,55.99077],[14.66647,55.99071],[14.66659,55.99062],[14.66669,55.99055],[14.66681,55.99048],[14.66689,55.99042],[14.66707,55.99033],[14.66727,55.99025],[14.66741,55.99021],[14.66762,55.99024],[14.66778,55.99033],[14.66791,55.99042],[14.66799,55.99049],[14.66802,55.99062],[14.66786,55.99069],[14.6677,55.99075],[14.66759,55.99083],[14.66752,55.99091],[14.66747,55.99096],[14.66747,55.99096],[14.66749,55.99105],[14.66753,55.9911],[14.66761,55.99116],[14.66775,55.99119],[14.66785,55.99118],[14.668,55.99114],[14.66816,55.99112],[14.6683,55.99108],[14.66844,55.99102],[14.66855,55.99103],[14.66865,55.99108],[14.66864,55.99115],[14.66866,55.99123],[14.66866,55.99123],[14.66866,55.99123],[14.66875,55.99125],[14.66875,55.99125],[14.66889,55.99122],[14.66889,55.99122],[14.66895,55.99112],[14.66904,55.99107],[14.66918,55.99107],[14.66933,55.99105],[14.66952,55.99101],[14.66973,55.99099],[14.66977,55.99103],[14.66988,55.9911],[14.66986,55.99118],[14.66987,55.99126],[14.66995,55.99136],[14.66995,55.99136],[14.67016,55.99138],[14.67033,55.99141],[14.67045,55.99148],[14.67055,55.99153],[14.67065,55.99163],[14.67059,55.99172],[14.67049,55.9918],[14.6704,55.9918],[14.67033,55.99181],[14.67033,55.99181],[14.67033,55.99181],[14.67033,55.99181],[14.67041,55.99189],[14.67045,55.99196],[14.67045,55.99201],[14.67053,55.99207],[14.67053,55.99207],[14.67053,55.99207],[14.67069,55.99204],[14.67069,55.99204],[14.67077,55.99195],[14.67085,55.99183],[14.67099,55.99174],[14.67121,55.99168],[14.67128,55.99164],[14.67128,55.99164],[14.67128,55.99164],[14.67117,55.99156],[14.67102,55.99154],[14.67093,55.99151],[14.67086,55.99145],[14.67093,55.99137],[14.67109,55.99128],[14.67127,55.99126],[14.67147,55.99122],[14.6717,55.99115],[14.6718,55.99115],[14.67192,55.99112],[14.67209,55.99109],[14.67224,55.99109],[14.6724,55.99103],[14.67253,55.99101],[14.67269,55.99092],[14.67282,55.99092],[14.67289,55.99102],[14.67286,55.99113],[14.6727,55.99125],[14.67255,55.9913],[14.67238,55.99135],[14.67238,55.99135],[14.67206,55.99155],[14.66926,55.99336],[14.66926,55.99336],[14.66926,55.99336],[14.66944,55.9935],[14.66945,55.9935],[14.66945,55.9935],[14.66963,55.99339],[14.67025,55.99315],[14.67062,55.99302],[14.67147,55.99283],[14.67152,55.99283],[14.67218,55.99299],[14.67267,55.99304],[14.67272,55.99312],[14.67285,55.99355],[14.6729,55.99364],[14.67338,55.99393],[14.67338,55.99393],[14.67476,55.99384],[14.67512,55.99458],[14.67521,55.99477],[14.67532,55.99507],[14.67348,55.99543],[14.67344,55.99545],[14.67344,55.99545],[14.67294,55.99598],[14.67278,55.9962],[14.67278,55.9962],[14.67279,55.99623],[14.67312,55.99674],[14.67312,55.99674],[14.67312,55.99674],[14.67312,55.99674],[14.67462,55.99651],[14.675,55.99703],[14.675,55.99703],[14.675,55.99703],[14.6751,55.99701],[14.67551,55.99764],[14.67568,55.99781],[14.67556,55.99783],[14.67483,55.99809],[14.67434,55.99819],[14.6742,55.99823],[14.67365,55.99832],[14.67365,55.99832],[14.67365,55.99832],[14.67377,55.99857],[14.67321,55.99852],[14.67318,55.99845],[14.67318,55.99845],[14.67318,55.99845],[14.67278,55.99853],[14.67263,55.99858],[14.67241,55.99862],[14.67225,55.99863],[14.67153,55.99864],[14.67153,55.99864],[14.67153,55.99864],[14.67151,55.99886],[14.67107,55.99889],[14.67107,55.99889],[14.67107,55.99889],[14.67111,55.99903],[14.67114,55.99909],[14.67132,55.99957],[14.67132,55.99957],[14.67132,55.99957],[14.67132,55.99957],[14.67181,55.99931],[14.67194,55.99922],[14.67213,55.9991],[14.67237,55.99874],[14.6724,55.99873],[14.67274,55.99874],[14.673,55.99895],[14.6732,55.99901],[14.67368,55.99905],[14.67368,55.99905],[14.67368,55.99905],[14.67361,55.99871],[14.67428,55.99865],[14.67435,55.99866],[14.67452,55.99878],[14.67452,55.99879],[14.67494,55.99883],[14.67551,55.99948],[14.67547,55.99952],[14.6752,55.99964],[14.67475,55.99981],[14.67437,55.99968],[14.6741,55.99961],[14.6741,55.99961],[14.67401,55.99961],[14.67401,55.99962],[14.67401,55.99962],[14.67401,55.99962],[14.67417,55.99979],[14.67441,55.99999],[14.67446,56.00006],[14.67432,56.00044],[14.67367,56.00051],[14.67367,56.00051],[14.67367,56.00051],[14.67367,56.00051],[14.6738,56.00087],[14.67285,56.00106],[14.672,56.00123],[14.672,56.00123],[14.672,56.00123],[14.67239,56.00229],[14.67239,56.00229],[14.67239,56.00229],[14.67239,56.00229],[14.67321,56.00211],[14.67345,56.00263],[14.67403,56.00283],[14.67403,56.00283],[14.67495,56.00262],[14.67546,56.00368],[14.67488,56.00374],[14.67488,56.00374],[14.67488,56.00374],[14.67488,56.00374],[14.67495,56.00402],[14.67502,56.00438],[14.67502,56.00438],[14.67582,56.00481],[14.67581,56.00512],[14.67581,56.00512],[14.67581,56.00512],[14.67581,56.00512],[14.67581,56.00512],[14.67787,56.00466],[14.68011,56.00415],[14.68017,56.00413],[14.68071,56.00401],[14.68121,56.0039],[14.68173,56.00378],[14.68287,56.00352],[14.68352,56.00337],[14.68396,56.00327],[14.68437,56.00318],[14.68478,56.00308],[14.68841,56.00226],[14.69097,56.00172],[14.69097,56.00172],[14.69097,56.00172],[14.69097,56.00172],[14.68915,56.00036],[14.67654,55.9909],[14.6698,55.98698],[14.6698,55.98698],[14.66502,55.98697],[14.66501,55.98697],[14.66501,55.98697],[14.66214,55.99586],[14.66143,55.99778],[14.66143,55.99778],[14.66143,55.99778],[14.66143,55.99778],[14.66381,55.99776],[14.67034,55.99775],[14.67034,55.99775],[14.67034,55.99775],[14.67034,55.99774],[14.66988,55.99696],[14.66988,55.99696],[14.66938,55.99684],[14.66886,55.99595],[14.66934,55.996],[14.66934,55.996],[14.66934,55.996],[14.66934,55.996],[14.66919,55.99574],[14.67042,55.99549],[14.67043,55.99549],[14.67043,55.99549],[14.66989,55.99473],[14.67063,55.99456],[14.67064,55.99456],[14.67064,55.99456],[14.67059,55.99411],[14.67059,55.99411],[14.67059,55.99411],[14.66912,55.99421],[14.66906,55.99391],[14.66906,55.99391],[14.66906,55.99391],[14.66863,55.99387],[14.66853,55.99388],[14.66853,55.99388],[14.66846,55.99391],[14.66841,55.99395],[14.66838,55.99401],[14.66824,55.99401],[14.66817,55.99356],[14.66787,55.99305],[14.66746,55.99234],[14.66746,55.99234],[14.66659,55.99203],[14.66659,55.99202],[14.66659,55.99202],[14.66654,55.99195],[14.66643,55.99188],[14.66643,55.99188],[14.66625,55.99184],[14.66608,55.9918],[14.66608,55.99174]],[[14.66451,55.99667],[14.66452,55.99661],[14.66457,55.99655],[14.66471,55.99655],[14.66491,55.99654],[14.66491,55.99654],[14.66496,55.99651],[14.66498,55.99649],[14.66503,55.99646],[14.66514,55.99644],[14.66523,55.99645],[14.66532,55.99646],[14.66549,55.99641],[14.66564,55.99642],[14.66564,55.99642],[14.66564,55.99642],[14.66571,55.99634],[14.6657,55.99625],[14.66577,55.9962],[14.66586,55.99624],[14.66586,55.99624],[14.66586,55.99624],[14.66602,55.99616],[14.66602,55.99616],[14.66602,55.99616],[14.66547,55.99583],[14.66724,55.99605],[14.66649,55.99645],[14.66575,55.99683],[14.66479,55.99681],[14.66474,55.99673],[14.66474,55.99673],[14.66474,55.99673],[14.66461,55.99671],[14.66451,55.99667]],[[14.67747,56.00172],[14.6783,56.00155],[14.67848,56.00142],[14.67848,56.00142],[14.67848,56.00136],[14.67827,56.00125],[14.67806,56.00101],[14.68022,56.00052],[14.68059,56.001],[14.68181,56.00144],[14.68181,56.00144],[14.68319,56.0013],[14.68392,56.00146],[14.6844,56.00139],[14.6846,56.00155],[14.6846,56.00155],[14.6848,56.00153],[14.68496,56.00147],[14.68527,56.00154],[14.68527,56.00154],[14.68547,56.00151],[14.6856,56.00197],[14.68521,56.00209],[14.68504,56.00225],[14.68422,56.00239],[14.68422,56.00239],[14.68422,56.00239],[14.68423,56.00244],[14.68377,56.0025],[14.68377,56.0025],[14.68377,56.0025],[14.6839,56.00264],[14.6835,56.00275],[14.6833,56.00253],[14.68349,56.00238],[14.68349,56.00238],[14.68349,56.00238],[14.6834,56.00232],[14.6834,56.00232],[14.6834,56.00232],[14.68227,56.00267],[14.68204,56.00246],[14.68204,56.00246],[14.68153,56.00242],[14.68126,56.00246],[14.68085,56.00258],[14.68085,56.00258],[14.68089,56.0028],[14.68095,56.00308],[14.67933,56.00339],[14.6791,56.00288],[14.67896,56.00272],[14.67889,56.00262],[14.67876,56.00252],[14.67867,56.00247],[14.67851,56.00231],[14.67851,56.00231],[14.6785,56.00231],[14.67792,56.00244],[14.67779,56.00223],[14.67779,56.00214],[14.67747,56.00172]]]},"properties":{"NVRID":"2056641","NAMN":"Björkenabben","SKYDDSTYP":"Naturreservat","LAN":"Blekinge Län","KOMMUN":"Sölvesborg","IUCNKATEGORI":"IV, Habitat/Artskyddsområde (Habitat/Species Management Area)","FORVALTARE":"Länsstyrelsen i Blekinge län","AREA_HA":142.815,"URSPR_BESLUTSDATUM":"2021-12-20"}},{"type":"Feature","geometry":{"type":"Polygon","coordinates":[[[14.97885,56.28455],[14.97881,56.2847],[14.97876,56.28486],[14.97881,56.28508],[14.97875,56.28526],[14.97868,56.28544],[14.97876,56.28569],[14.9789,56.28611],[14.97897,56.28628],[14.97907,56.28652],[14.97912,56.28671],[14.97926,56.28687],[14.97943,56.28698],[14.97978,56.28724],[14.97986,56.28736],[14.97992,56.28751],[14.98005,56.28769],[14.98024,56.28783],[14.98049,56.28794],[14.9806,56.28796],[14.9803,56.28815],[14.9803,56.28815],[14.9803,56.28815],[14.98046,56.28825],[14.98109,56.28848],[14.98202,56.28884],[14.98202,56.28884],[14.98356,56.28821],[14.98458,56.28717],[14.98522,56.28489],[14.98487,56.28438],[14.98538,56.2843],[14.98613,56.28407],[14.98613,56.28407],[14.9862,56.28401],[14.98625,56.28386],[14.98625,56.28375],[14.9862,56.28343],[14.98624,56.28322],[14.98633,56.28307],[14.98667,56.28282],[14.98673,56.28271],[14.9868,56.28245],[14.98683,56.28203],[14.98691,56.28183],[14.98713,56.28162],[14.98717,56.28146],[14.98733,56.28133],[14.98777,56.28116],[14.98799,56.28146],[14.98829,56.28184],[14.98864,56.28231],[14.98889,56.2826],[14.98908,56.28275],[14.98939,56.28292],[14.98967,56.28303],[14.98967,56.28303],[14.99011,56.28288],[14.99058,56.28323],[14.99128,56.28342],[14.99216,56.28422],[14.99241,56.28429],[14.9932,56.28426],[14.99346,56.28451],[14.99422,56.28527],[14.99594,56.28591],[14.99594,56.28591],[14.99594,56.28591],[14.99713,56.28572],[14.99713,56.28572],[14.99721,56.28492],[14.99704,56.2844],[14.99829,56.28419],[14.99915,56.28414],[15.00081,56.28417],[15.00102,56.28507],[15.0012,56.28566],[15.0012,56.28566],[15.00203,56.28592],[15.00204,56.28592],[15.00208,56.28592],[15.00208,56.28592],[15.00208,56.28592],[15.00208,56.28588],[15.00202,56.28579],[15.00199,56.28565],[15.00192,56.2855],[15.00198,56.28541],[15.0021,56.28535],[15.0021,56.28535],[15.0021,56.28531],[15.00212,56.28527],[15.00221,56.28519],[15.00221,56.28519],[15.00217,56.28515],[15.00208,56.28507],[15.00204,56.28501],[15.00207,56.28495],[15.00215,56.2849],[15.00222,56.28486],[15.00222,56.28486],[15.00222,56.28486],[15.00218,56.28482],[15.00216,56.28479],[15.00218,56.28474],[15.00215,56.28467],[15.00209,56.2846],[15.00214,56.28457],[15.0022,56.2845],[15.0022,56.2845],[15.0022,56.28443],[15.00214,56.28436],[15.00216,56.28431],[15.00227,56.28421],[15.0023,56.28415],[15.00228,56.28407],[15.00226,56.28399],[15.00224,56.28393],[15.00219,56.28382],[15.00223,56.28375],[15.0023,56.2837],[15.00233,56.28361],[15.00234,56.28356],[15.00242,56.28348],[15.00264,56.28333],[15.0027,56.28329],[15.00279,56.2832],[15.0029,56.28316],[15.00301,56.28312],[15.00308,56.28306],[15.00315,56.28293],[15.00318,56.28282],[15.00326,56.28272],[15.00337,56.2826],[15.00353,56.28251],[15.00364,56.2824],[15.0037,56.28232],[15.00378,56.28223],[15.00383,56.28212],[15.00386,56.2821],[15.00399,56.28205],[15.00411,56.282],[15.00417,56.28195],[15.00424,56.28187],[15.00433,56.28182],[15.0044,56.28182],[15.00449,56.28188],[15.00458,56.28191],[15.00464,56.28193],[15.00465,56.28201],[15.00462,56.28215],[15.00459,56.28236],[15.00454,56.28251],[15.00452,56.28259],[15.00447,56.2826],[15.00443,56.28262],[15.00443,56.28262],[15.00443,56.28268],[15.00449,56.28275],[15.00457,56.2828],[15.00457,56.2828],[15.00484,56.28278],[15.00491,56.28279],[15.00495,56.28281],[15.00495,56.28281],[15.00495,56.28281],[15.00502,56.28276],[15.0051,56.28268],[15.00522,56.28259],[15.0053,56.28257],[15.00535,56.2826],[15.00535,56.2826],[15.00535,56.2826],[15.00541,56.28257],[15.00541,56.28257],[15.0054,56.28253],[15.00547,56.28249],[15.0056,56.28244],[15.00577,56.28242],[15.00596,56.28245],[15.00611,56.28254],[15.00613,56.28261],[15.00613,56.28261],[15.00613,56.28261],[15.00613,56.28261],[15.00657,56.2824],[15.00667,56.28223],[15.00665,56.28188],[15.00669,56.28169],[15.00674,56.2815],[15.00683,56.28137],[15.00696,56.28124],[15.00704,56.28117],[15.00704,56.28117],[15.00708,56.28062],[15.00707,56.27997],[15.00852,56.27964],[15.00852,56.27964],[15.00862,56.27954],[15.00885,56.27932],[15.00904,56.27902],[15.00902,56.27878],[15.00902,56.27857],[15.00901,56.27857],[15.00901,56.27857],[15.0067,56.27824],[15.0053,56.2783],[15.0047,56.27726],[15.00492,56.27633],[15.00492,56.27633],[15.00387,56.2759],[15.00374,56.2757],[15.00374,56.2757],[15.00373,56.2757],[15.00373,56.2757],[15.00299,56.27586],[15.0019,56.27609],[15.00183,56.27603],[15.00183,56.27603],[15.00173,56.27603],[15.00142,56.27597],[15.00131,56.27593],[15.00112,56.27572],[15.00087,56.27546],[15.00051,56.27512],[15.00036,56.275],[15.00017,56.27494],[14.99998,56.27493],[14.99972,56.27466],[14.99952,56.2745],[14.99936,56.27436],[14.99927,56.27424],[14.99916,56.27409],[14.99909,56.27393],[14.99902,56.2738],[14.99886,56.27365],[14.99866,56.27346],[14.99846,56.27326],[14.99835,56.27312],[14.99818,56.27295],[14.99794,56.27266],[14.99794,56.27266],[14.99776,56.27258],[14.99749,56.27256],[14.99725,56.2725],[14.99695,56.27243],[14.99651,56.27234],[14.99614,56.27229],[14.99579,56.27224],[14.99565,56.27218],[14.99539,56.27199],[14.99539,56.27199],[14.99536,56.27199],[14.99516,56.27201],[14.99498,56.27187],[14.99498,56.27187],[14.99472,56.27182],[14.99453,56.2718],[14.99423,56.27179],[14.99401,56.27175],[14.99376,56.2717],[14.99355,56.27159],[14.9935,56.27149],[14.99345,56.27142],[14.99338,56.27138],[14.99327,56.27136],[14.99282,56.27135],[14.99245,56.27134],[14.99229,56.27132],[14.99229,56.27132],[14.99228,56.27133],[14.99195,56.27185],[14.99215,56.27259],[14.99226,56.27326],[14.98999,56.27309],[14.98999,56.27309],[14.98982,56.27315],[14.98886,56.27345],[14.98821,56.27377],[14.98722,56.27422],[14.98722,56.27422],[14.98723,56.27427],[14.98728,56.27431],[14.98755,56.27442],[14.98793,56.27461],[14.98824,56.27478],[14.98851,56.27493],[14.98874,56.27505],[14.9889,56.27509],[14.98926,56.27512],[14.98956,56.27515],[14.98991,56.27519],[14.99026,56.27527],[14.99066,56.27535],[14.99087,56.27542],[14.991,56.27555],[14.99111,56.27569],[14.9912,56.27582],[14.99147,56.27601],[14.9917,56.27618],[14.99181,56.2763],[14.99187,56.27646],[14.99182,56.27668],[14.99164,56.27703],[14.99164,56.27712],[14.99168,56.27717],[14.99157,56.27722],[14.99104,56.27703],[14.99104,56.27703],[14.99104,56.27703],[14.98962,56.27776],[14.98955,56.27771],[14.98921,56.27761],[14.98889,56.27758],[14.98851,56.2776],[14.988,56.27763],[14.98772,56.27763],[14.98743,56.27762],[14.98725,56.27769],[14.98714,56.27775],[14.98697,56.27781],[14.98697,56.27781],[14.98698,56.27794],[14.98705,56.27805],[14.98657,56.27815],[14.98542,56.277],[14.98542,56.277],[14.98542,56.277],[14.98489,56.27711],[14.98467,56.27694],[14.98446,56.27622],[14.98478,56.27613],[14.98478,56.27613],[14.98478,56.27613],[14.98467,56.27593],[14.98456,56.27565],[14.98456,56.27565],[14.98456,56.27565],[14.98388,56.27561],[14.98274,56.27547],[14.98261,56.2754],[14.98261,56.2754],[14.98196,56.27542],[14.98178,56.27535],[14.9806,56.27505],[14.97998,56.27483],[14.97997,56.27483],[14.97997,56.27483],[14.97974,56.275],[14.97952,56.27551],[14.97949,56.27582],[14.97949,56.27582],[14.97949,56.27582],[14.97956,56.27583],[14.9798,56.27584],[14.98014,56.27602],[14.98006,56.2761],[14.98006,56.2761],[14.98006,56.2761],[14.98071,56.27638],[14.98071,56.27638],[14.98071,56.27638],[14.98128,56.27623],[14.98208,56.27629],[14.98216,56.27632],[14.98221,56.27634],[14.9823,56.27641],[14.9823,56.27641],[14.9823,56.27642],[14.98258,56.2763],[14.98274,56.27612],[14.9833,56.27592],[14.98408,56.27609],[14.98423,56.27646],[14.98443,56.27684],[14.98452,56.27705],[14.9847,56.27727],[14.98497,56.27752],[14.98522,56.27768],[14.98534,56.27781],[14.98547,56.278],[14.98468,56.27814],[14.98403,56.27827],[14.98395,56.27831],[14.98395,56.27831],[14.98394,56.27847],[14.98387,56.27859],[14.98387,56.27862],[14.98376,56.27863],[14.98344,56.27869],[14.98332,56.27866],[14.98332,56.27866],[14.98168,56.27889],[14.98167,56.27889],[14.98167,56.27889],[14.98168,56.27891],[14.98177,56.27902],[14.98206,56.27929],[14.9821,56.27938],[14.98211,56.27949],[14.982,56.2795],[14.98167,56.27958],[14.98167,56.27958],[14.98151,56.27975],[14.98138,56.27995],[14.98129,56.28015],[14.98137,56.28036],[14.98151,56.28056],[14.98169,56.28073],[14.98168,56.28085],[14.98162,56.28096],[14.98154,56.281],[14.98136,56.28111],[14.98123,56.28127],[14.98116,56.28146],[14.98126,56.28164],[14.98149,56.28181],[14.98152,56.28202],[14.9815,56.28225],[14.98145,56.28242],[14.98144,56.28254],[14.98124,56.2827],[14.98098,56.28279],[14.98065,56.28294],[14.98057,56.28304],[14.98055,56.28318],[14.98043,56.2833],[14.98019,56.28343],[14.97991,56.28348],[14.97958,56.28353],[14.97928,56.28368],[14.97891,56.28387],[14.97862,56.2841],[14.97855,56.28426],[14.9786,56.28436],[14.9786,56.28436],[14.97868,56.28439],[14.97879,56.28449],[14.97885,56.28455]],[[14.99498,56.28123],[14.9957,56.28121],[14.99569,56.28141],[14.99533,56.28158],[14.995,56.28162],[14.99498,56.28123]]]},"properties":{"NVRID":"2002823","NAMN":"Tattamåla","SKYDDSTYP":"Naturreservat","LAN":"Blekinge Län","KOMMUN":"Karlshamn","IUCNKATEGORI":"IV, Habitat/Artskyddsområde (Habitat/Species Management Area)","FORVALTARE":"Länsstyrelsen i Blekinge län","AREA_HA":168.795,"URSPR_BESLUTSDATUM":"2004-12-20"}},{"type":"Feature","geometry":{"type":"Polygon","coordinates":[[[14.58822,56.0661],[14.5883,56.06663],[14.58894,56.06733],[14.58917,56.06768],[14.58923,56.06863],[14.58923,56.06863],[14.58923,56.06863],[14.58923,56.06863],[14.59022,56.06848],[14.59229,56.06819],[14.59237,56.06831],[14.59128,56.0686],[14.59128,56.0686],[14.59128,56.0686],[14.59128,56.0686],[14.59263,56.06959],[14.59278,56.06966],[14.59294,56.06973],[14.59318,56.06984],[14.59363,56.07004],[14.59383,56.07013],[14.59411,56.07024],[14.59424,56.0703],[14.59434,56.07033],[14.59488,56.07058],[14.59505,56.07066],[14.59522,56.07073],[14.59545,56.07082],[14.5957,56.07093],[14.59595,56.07104],[14.59631,56.07118],[14.59653,56.07128],[14.59666,56.07134],[14.59674,56.07137],[14.59703,56.0715],[14.59716,56.07156],[14.59769,56.07182],[14.59803,56.07193],[14.59807,56.07194],[14.59708,56.07649],[14.59836,56.07756],[14.59993,56.07908],[14.6008,56.08],[14.60078,56.08013],[14.60036,56.08038],[14.60006,56.08088],[14.59955,56.08118],[14.59929,56.08148],[14.59846,56.08186],[14.5982,56.08209],[14.5982,56.0821],[14.59825,56.08217],[14.59825,56.08217],[14.59895,56.0825],[14.59908,56.08277],[14.5993,56.08301],[14.59891,56.08317],[14.59853,56.08358],[14.59861,56.08444],[14.59856,56.08461],[14.59826,56.08489],[14.59805,56.08517],[14.598,56.08573],[14.5968,56.08655],[14.59585,56.08736],[14.59585,56.08736],[14.59585,56.08736],[14.59585,56.08736],[14.59945,56.08782],[14.59945,56.08782],[14.59945,56.08782],[14.59945,56.08782],[14.59948,56.08775],[14.59965,56.08762],[14.59987,56.08753],[14.59997,56.0875],[14.60038,56.0874],[14.60038,56.0874],[14.60039,56.08735],[14.60057,56.08712],[14.60086,56.08678],[14.60126,56.0861],[14.60134,56.08593],[14.60147,56.08559],[14.60153,56.08549],[14.60165,56.08538],[14.60171,56.08537],[14.60201,56.08536],[14.60201,56.08536],[14.60205,56.08532],[14.60202,56.0851],[14.60212,56.08497],[14.60219,56.08481],[14.60227,56.08444],[14.60231,56.08407],[14.6024,56.08394],[14.60274,56.0836],[14.60286,56.08345],[14.60309,56.08321],[14.60338,56.08325],[14.60394,56.08334],[14.60412,56.08336],[14.60435,56.08343],[14.60504,56.08352],[14.60528,56.08357],[14.60549,56.08358],[14.60549,56.08358],[14.60549,56.08358],[14.60591,56.08319],[14.60615,56.08259],[14.60591,56.08129],[14.605,56.07989],[14.605,56.07989],[14.60448,56.07977],[14.60447,56.07914],[14.60489,56.07886],[14.60496,56.07871],[14.60534,56.07856],[14.60534,56.07856],[14.60521,56.07787],[14.60568,56.07687],[14.60632,56.07681],[14.60632,56.07681],[14.60669,56.0764],[14.60697,56.07616],[14.60732,56.07558],[14.60899,56.07516],[14.60899,56.07516],[14.60899,56.07516],[14.60897,56.07487],[14.60904,56.07453],[14.60907,56.07436],[14.6084,56.07354],[14.60774,56.07333],[14.60768,56.07331],[14.60679,56.07259],[14.60608,56.07207],[14.60595,56.07183],[14.60589,56.07123],[14.60601,56.07072],[14.60613,56.07021],[14.60615,56.06975],[14.60572,56.06927],[14.60575,56.06926],[14.60575,56.06926],[14.60575,56.06926],[14.60564,56.06915],[14.60556,56.06903],[14.60515,56.06879],[14.605,56.06871],[14.60479,56.06861],[14.60464,56.06851],[14.6046,56.0685],[14.60457,56.06848],[14.60443,56.06841],[14.60405,56.06827],[14.60379,56.06816],[14.60355,56.06806],[14.60345,56.06796],[14.60335,56.0679],[14.60314,56.06777],[14.60301,56.06766],[14.60285,56.06745],[14.60271,56.06723],[14.60287,56.06711],[14.60287,56.06711],[14.60273,56.0669],[14.60273,56.0669],[14.60273,56.0669],[14.60141,56.06681],[14.60098,56.06672],[14.60066,56.06655],[14.60066,56.06655],[14.59966,56.06668],[14.59895,56.06669],[14.59819,56.06649],[14.59757,56.06612],[14.59712,56.0656],[14.59712,56.0656],[14.59711,56.0656],[14.59634,56.06559],[14.59563,56.06556],[14.59442,56.06554],[14.59381,56.06558],[14.59213,56.06548],[14.59014,56.0654],[14.58837,56.06552],[14.58837,56.06552],[14.58837,56.06552],[14.58822,56.0661]]]},"properties":{"NVRID":"2013951","NAMN":"Ryssberget","SKYDDSTYP":"Naturreservat","LAN":"Blekinge Län","KOMMUN":"Sölvesborg","IUCNKATEGORI":"IV, Habitat/Artskyddsområde (Habitat/Species Management Area)","FORVALTARE":"Länsstyrelsen i Blekinge län","AREA_HA":126.797,"URSPR_BESLUTSDATUM":"2004-03-08"}},{"type":"Feature","geometry":{"type":"Polygon","coordinates":[[[15.65867,56.16701],[15.65923,56.16836],[15.65923,56.16836],[15.65923,56.16836],[15.66224,56.16847],[15.66224,56.16847],[15.66224,56.16847],[15.66219,56.16821],[15.66216,56.16813],[15.66217,56.16796],[15.66225,56.16787],[15.6626,56.16789],[15.6626,56.16789],[15.6626,56.16789],[15.66282,56.16763],[15.66331,56.1676],[15.66333,56.16765],[15.66339,56.1677],[15.66348,56.1678],[15.66346,56.16791],[15.66349,56.16825],[15.66343,56.16852],[15.66343,56.16852],[15.66343,56.16852],[15.67316,56.16887],[15.67317,56.16887],[15.67317,56.16887],[15.67317,56.16887],[15.67319,56.16873],[15.67325,56.16846],[15.67333,56.16797],[15.67339,56.16745],[15.67343,56.16719],[15.67342,56.16649],[15.67342,56.16553],[15.67344,56.16477],[15.67343,56.16425],[15.67344,56.16399],[15.67351,56.16371],[15.67378,56.16287],[15.67397,56.16224],[15.67408,56.16196],[15.6742,56.16164],[15.6742,56.16164],[15.6742,56.16163],[15.6742,56.16163],[15.67245,56.16199],[15.67172,56.16258],[15.67135,56.16248],[15.66997,56.16212],[15.66944,56.16194],[15.66864,56.16167],[15.66251,56.15958],[15.66251,56.15958],[15.6625,56.15958],[15.6625,56.15958],[15.66081,56.16199],[15.66058,56.16491],[15.65868,56.16666],[15.65868,56.16666],[15.65867,56.16701]],[[15.67039,56.16387],[15.67104,56.16391],[15.67128,56.16401],[15.67142,56.16417],[15.67149,56.16422],[15.67124,56.16431],[15.67071,56.16429],[15.67039,56.16387]],[[15.66521,56.16377],[15.66541,56.16365],[15.66584,56.16363],[15.66587,56.16378],[15.66587,56.16378],[15.66587,56.16378],[15.66587,56.16378],[15.66604,56.16378],[15.66619,56.16392],[15.66624,56.1642],[15.66596,56.16422],[15.66531,56.16424],[15.66521,56.16377]],[[15.6642,56.16648],[15.66443,56.16648],[15.66451,56.16646],[15.66461,56.16642],[15.66461,56.16642],[15.66461,56.16642],[15.66457,56.16637],[15.66457,56.16637],[15.66457,56.16637],[15.6645,56.16636],[15.66437,56.16638],[15.66437,56.16638],[15.66437,56.16638],[15.66436,56.1664],[15.66432,56.16638],[15.66435,56.16635],[15.66441,56.16634],[15.66453,56.16632],[15.66453,56.16632],[15.66455,56.16629],[15.66455,56.16629],[15.66455,56.16629],[15.6645,56.16626],[15.66451,56.16623],[15.6646,56.16622],[15.66462,56.16626],[15.66462,56.16626],[15.66462,56.16626],[15.66462,56.16626],[15.66462,56.16626],[15.66467,56.16621],[15.66488,56.16621],[15.66492,56.16627],[15.66492,56.16627],[15.66492,56.16627],[15.665,56.16626],[15.66508,56.16627],[15.66519,56.16628],[15.66531,56.16624],[15.66537,56.16619],[15.6654,56.16617],[15.66547,56.16637],[15.66565,56.16688],[15.66563,56.16702],[15.66454,56.1671],[15.66424,56.16656],[15.6642,56.16648]]]},"properties":{"NVRID":"2000454","NAMN":"Knösö","SKYDDSTYP":"Naturreservat","LAN":"Blekinge Län","KOMMUN":"Karlskrona","IUCNKATEGORI":"IV, Habitat/Artskyddsområde (Habitat/Species Management Area)","FORVALTARE":"Karlskrona kommun","AREA_HA":67.38,"URSPR_BESLUTSDATUM":""}},{"type":"Feature","geometry":{"type":"MultiPolygon","coordinates":[[[[15.45111,56.19333],[15.45116,56.19355],[15.45112,56.19394],[15.45106,56.19431],[15.45105,56.19467],[15.45105,56.19467],[15.45129,56.19483],[15.45157,56.19497],[15.45157,56.19497],[15.45157,56.19497],[15.45157,56.19497],[15.45204,56.19394],[15.45618,56.1946],[15.45641,56.19468],[15.45641,56.19478],[15.45641,56.19489],[15.45646,56.19496],[15.45656,56.195],[15.45671,56.19504],[15.45686,56.19502],[15.457,56.19495],[15.4571,56.19485],[15.4572,56.19475],[15.45724,56.19466],[15.45723,56.19457],[15.45721,56.19449],[15.4573,56.19445],[15.45741,56.19431],[15.45746,56.19419],[15.45748,56.19408],[15.4575,56.19398],[15.45749,56.19392],[15.4576,56.19388],[15.4625,56.19312],[15.46311,56.19397],[15.46311,56.19397],[15.46311,56.19397],[15.46311,56.19397],[15.46514,56.19349],[15.46514,56.19349],[15.46514,56.19349],[15.46514,56.19349],[15.46505,56.19342],[15.46479,56.1932],[15.46458,56.19293],[15.46444,56.19269],[15.4644,56.1925],[15.46437,56.19224],[15.46441,56.19184],[15.46431,56.19177],[15.46404,56.19166],[15.46335,56.19159],[15.45548,56.19071],[15.45548,56.19071],[15.45548,56.19071],[15.45533,56.19121],[15.45516,56.19128],[15.45435,56.1912],[15.45416,56.191],[15.45429,56.19056],[15.45429,56.19056],[15.45429,56.19056],[15.45414,56.19053],[15.45405,56.19048],[15.45399,56.19042],[15.45398,56.19038],[15.45398,56.19038],[15.45386,56.19036],[15.45385,56.19036],[15.45385,56.19036],[15.45364,56.19091],[15.45349,56.19126],[15.45338,56.19155],[15.45327,56.19167],[15.45314,56.19178],[15.45278,56.19195],[15.45218,56.19212],[15.4516,56.19208],[15.45159,56.19208],[15.45159,56.19208],[15.45159,56.19208],[15.45161,56.19228],[15.45152,56.1925],[15.45126,56.19277],[15.45101,56.19304],[15.45083,56.19319],[15.45083,56.19319],[15.45091,56.19324],[15.45111,56.19333]]],[[[15.45129,56.17288],[15.4506,56.1727],[15.4506,56.1727],[15.4506,56.1727],[15.45041,56.17322],[15.4503,56.17354],[15.45012,56.17397],[15.45006,56.17414],[15.44995,56.17449],[15.4499,56.17487],[15.44986,56.1751],[15.44977,56.17531],[15.44969,56.17543],[15.44969,56.17543],[15.44969,56.17543],[15.44969,56.17543],[15.4524,56.17616],[15.45462,56.17694],[15.45575,56.17738],[15.45532,56.17805],[15.45515,56.17832],[15.45475,56.17885],[15.45423,56.17884],[15.45313,56.17871],[15.45148,56.17803],[15.45148,56.17803],[15.45147,56.17803],[15.45143,56.1781],[15.45133,56.17821],[15.45107,56.17925],[15.45104,56.17943],[15.45095,56.17986],[15.45089,56.18036],[15.45086,56.18089],[15.45078,56.18151],[15.45073,56.18197],[15.45077,56.18213],[15.45085,56.1824],[15.45085,56.1824],[15.45085,56.1824],[15.453,56.18246],[15.453,56.18246],[15.453,56.18246],[15.45318,56.18209],[15.45336,56.18164],[15.45348,56.18146],[15.45366,56.18119],[15.45368,56.18099],[15.45359,56.1809],[15.45363,56.18073],[15.45435,56.18077],[15.45451,56.18073],[15.45451,56.18073],[15.45467,56.18055],[15.45478,56.18043],[15.45498,56.18025],[15.45518,56.18014],[15.45542,56.17978],[15.4582,56.17991],[15.45861,56.17993],[15.45861,56.17993],[15.45861,56.17993],[15.45886,56.17877],[15.45874,56.17851],[15.45868,56.17826],[15.45862,56.17783],[15.45855,56.17746],[15.45844,56.17715],[15.45832,56.17686],[15.45957,56.17498],[15.461,56.17346],[15.46115,56.17278],[15.46151,56.17246],[15.46195,56.17234],[15.46206,56.17216],[15.46225,56.17206],[15.46245,56.17195],[15.46265,56.1719],[15.46297,56.17186],[15.46297,56.17186],[15.46297,56.17186],[15.4629,56.17155],[15.46275,56.17106],[15.46259,56.17062],[15.46249,56.17039],[15.46249,56.17039],[15.46249,56.17039],[15.46192,56.17047],[15.46174,56.16998],[15.46227,56.16989],[15.46227,56.16989],[15.46227,56.16989],[15.46225,56.16982],[15.46204,56.16941],[15.4618,56.169],[15.46157,56.16861],[15.46135,56.1683],[15.46107,56.16793],[15.4607,56.16745],[15.46037,56.16704],[15.46023,56.1669],[15.46019,56.16687],[15.46,56.16677],[15.45983,56.1667],[15.45961,56.16666],[15.45946,56.16661],[15.45935,56.16661],[15.45908,56.16658],[15.45881,56.16663],[15.45853,56.16673],[15.45839,56.16681],[15.45282,56.17274],[15.45129,56.17288]],[[15.45897,56.17094],[15.45916,56.17098],[15.45916,56.17098],[15.45916,56.17098],[15.45927,56.17089],[15.45927,56.17089],[15.45929,56.17078],[15.45921,56.17072],[15.45977,56.17084],[15.45998,56.17086],[15.45999,56.17086],[15.45999,56.17086],[15.46009,56.17072],[15.4606,56.17076],[15.46061,56.17099],[15.4609,56.17132],[15.46088,56.17169],[15.46027,56.17149],[15.45979,56.17133],[15.45967,56.17121],[15.45888,56.17095],[15.45897,56.17094]]]]},"properties":{"NVRID":"2000086","NAMN":"Vambåsa hagmarker","SKYDDSTYP":"Naturreservat","LAN":"Blekinge Län","KOMMUN":"Ronneby","IUCNKATEGORI":"IV, Habitat/Artskyddsområde (Habitat/Species Management Area)","FORVALTARE":"Länsstyrelsen i Blekinge län","AREA_HA":91.182,"URSPR_BESLUTSDATUM":"1982-06-07"}},{"type":"Feature","geometry":{"type":"Polygon","coordinates":[[[15.2633,56.16466],[15.26335,56.16471],[15.26339,56.16478],[15.26344,56.16486],[15.26344,56.16496],[15.26344,56.16496],[15.26346,56.16499],[15.26355,56.16504],[15.26366,56.1651],[15.2638,56.16517],[15.2639,56.16516],[15.26395,56.16518],[15.264,56.16519],[15.26412,56.16521],[15.26428,56.16521],[15.2643,56.16521],[15.2643,56.16521],[15.26433,56.16519],[15.26433,56.16519],[15.26433,56.16516],[15.26449,56.16513],[15.26459,56.16511],[15.26469,56.1651],[15.26478,56.1651],[15.26492,56.16508],[15.26492,56.16508],[15.26492,56.16508],[15.26494,56.16502],[15.26494,56.16499],[15.265,56.16498],[15.26511,56.16497],[15.26514,56.16498],[15.26515,56.165],[15.26515,56.165],[15.26515,56.16501],[15.26525,56.165],[15.26531,56.16503],[15.26542,56.16511],[15.26537,56.16512],[15.26537,56.16512],[15.26534,56.16514],[15.26534,56.16514],[15.26536,56.16518],[15.26536,56.16518],[15.26536,56.16518],[15.26547,56.16517],[15.26548,56.16521],[15.26548,56.16521],[15.26558,56.16522],[15.26563,56.16522],[15.26563,56.16522],[15.26563,56.16522],[15.26563,56.16522],[15.26561,56.16519],[15.26562,56.16517],[15.26567,56.16517],[15.26572,56.16518],[15.26574,56.16521],[15.26574,56.16521],[15.26574,56.16521],[15.26581,56.1652],[15.26586,56.16523],[15.26588,56.16528],[15.26592,56.16533],[15.26602,56.16538],[15.26602,56.16538],[15.26615,56.1654],[15.26623,56.16538],[15.26626,56.1654],[15.26628,56.16542],[15.26631,56.16544],[15.26634,56.16545],[15.26637,56.16545],[15.26637,56.16545],[15.26639,56.16542],[15.2664,56.16539],[15.2664,56.16539],[15.2664,56.16539],[15.2664,56.16539],[15.26637,56.16539],[15.26638,56.16534],[15.26644,56.16535],[15.26644,56.16535],[15.26644,56.16535],[15.26644,56.16535],[15.26646,56.16531],[15.2665,56.16528],[15.26654,56.16529],[15.26654,56.16529],[15.26659,56.16526],[15.26669,56.16525],[15.26677,56.16529],[15.26693,56.16531],[15.26693,56.16533],[15.26693,56.16533],[15.26693,56.16533],[15.26709,56.16536],[15.26713,56.16537],[15.26711,56.16539],[15.26711,56.1654],[15.26711,56.1654],[15.26711,56.1654],[15.26713,56.1654],[15.26713,56.1654],[15.2672,56.16539],[15.2673,56.1654],[15.26743,56.16543],[15.26765,56.16546],[15.26771,56.16547],[15.26776,56.16547],[15.26786,56.16546],[15.26795,56.16544],[15.26795,56.16544],[15.26797,56.16543],[15.26801,56.16543],[15.26806,56.16545],[15.26814,56.16548],[15.26819,56.16549],[15.26827,56.16551],[15.2683,56.16553],[15.2683,56.16557],[15.2683,56.16557],[15.26838,56.16559],[15.26846,56.16561],[15.26853,56.16566],[15.26856,56.16569],[15.26856,56.16569],[15.26856,56.16569],[15.26856,56.16569],[15.26859,56.16568],[15.26862,56.16567],[15.26867,56.16568],[15.2686,56.16577],[15.2686,56.16577],[15.26861,56.16577],[15.26862,56.16578],[15.26863,56.16578],[15.26863,56.16578],[15.26864,56.16575],[15.26873,56.16577],[15.26873,56.16577],[15.26873,56.16577],[15.26873,56.16575],[15.26888,56.16576],[15.26897,56.16577],[15.26899,56.1658],[15.26899,56.1658],[15.26914,56.16584],[15.26933,56.16588],[15.26952,56.1659],[15.26964,56.16591],[15.26976,56.1659],[15.26993,56.16588],[15.26993,56.16588],[15.26993,56.16588],[15.26995,56.16586],[15.26999,56.16587],[15.26996,56.16589],[15.26996,56.16589],[15.26996,56.16589],[15.26996,56.16589],[15.27037,56.16599],[15.27037,56.16599],[15.2705,56.16599],[15.2705,56.16599],[15.2705,56.16599],[15.2705,56.16599],[15.2705,56.16599],[15.27042,56.16595],[15.2704,56.16594],[15.2704,56.16594],[15.27034,56.16595],[15.27038,56.16591],[15.27038,56.16591],[15.27035,56.16587],[15.27035,56.16587],[15.2703,56.16587],[15.27034,56.16582],[15.27034,56.16582],[15.27034,56.16582],[15.2703,56.1658],[15.2703,56.1658],[15.2703,56.1658],[15.2703,56.1658],[15.27028,56.16581],[15.27019,56.16582],[15.27017,56.16582],[15.27016,56.16579],[15.27017,56.16577],[15.27024,56.16575],[15.2703,56.16575],[15.2703,56.16575],[15.27031,56.16573],[15.27031,56.16572],[15.27036,56.1657],[15.27042,56.16569],[15.27048,56.16566],[15.27055,56.16563],[15.2706,56.16562],[15.27064,56.1656],[15.27068,56.1656],[15.27068,56.1656],[15.27068,56.1656],[15.27068,56.16557],[15.27068,56.16557],[15.27064,56.16555],[15.27056,56.16552],[15.27046,56.16547],[15.2704,56.16544],[15.27037,56.16539],[15.27035,56.16531],[15.27035,56.16524],[15.27037,56.16517],[15.27042,56.16511],[15.27042,56.16511],[15.27042,56.16511],[15.27042,56.16511],[15.27035,56.16509],[15.27034,56.16509],[15.27034,56.16509],[15.27033,56.1651],[15.27031,56.1651],[15.2703,56.16508],[15.27033,56.16506],[15.27036,56.16506],[15.27044,56.16506],[15.27054,56.16505],[15.27068,56.16503],[15.27075,56.165],[15.27077,56.16498],[15.27079,56.16495],[15.27084,56.16492],[15.27086,56.1649],[15.27085,56.16488],[15.2708,56.16483],[15.27074,56.1648],[15.27072,56.16476],[15.27074,56.16471],[15.27076,56.16468],[15.27075,56.16467],[15.27073,56.16465],[15.27073,56.16465],[15.27073,56.16465],[15.2707,56.16467],[15.27069,56.1647],[15.27066,56.16469],[15.27066,56.16469],[15.27066,56.16469],[15.27063,56.16471],[15.27061,56.16471],[15.27058,56.16467],[15.27058,56.16467],[15.27057,56.16466],[15.27057,56.16466],[15.27057,56.16466],[15.27052,56.16469],[15.2705,56.16469],[15.27043,56.16467],[15.27037,56.16462],[15.27034,56.16454],[15.27034,56.16447],[15.27034,56.16444],[15.27034,56.16444],[15.27034,56.16444],[15.27031,56.16444],[15.27029,56.16438],[15.27029,56.16434],[15.27029,56.16432],[15.27029,56.16431],[15.27029,56.16431],[15.27023,56.16431],[15.27022,56.16427],[15.2702,56.16423],[15.27008,56.16419],[15.26998,56.16416],[15.26985,56.16411],[15.26976,56.16407],[15.26972,56.16406],[15.26968,56.16406],[15.26963,56.16404],[15.26955,56.16402],[15.26943,56.164],[15.26936,56.16397],[15.26927,56.16394],[15.26915,56.16389],[15.26904,56.16381],[15.269,56.16376],[15.26893,56.16372],[15.26893,56.16372],[15.26893,56.16372],[15.26885,56.16372],[15.26884,56.16369],[15.26895,56.16365],[15.269,56.16361],[15.26906,56.16355],[15.26913,56.16355],[15.26934,56.16354],[15.26959,56.1635],[15.26974,56.16347],[15.26986,56.16344],[15.26991,56.16345],[15.26995,56.16345],[15.27002,56.16343],[15.27007,56.16341],[15.27007,56.1634],[15.27007,56.1634],[15.27003,56.16337],[15.27,56.16335],[15.26998,56.16333],[15.26996,56.16328],[15.26993,56.16324],[15.26988,56.16322],[15.26984,56.16322],[15.26982,56.16321],[15.26979,56.16318],[15.26977,56.16314],[15.26963,56.16302],[15.26957,56.16298],[15.26947,56.16296],[15.26945,56.16293],[15.26945,56.16292],[15.26945,56.16292],[15.26945,56.16292],[15.26942,56.16291],[15.26942,56.16291],[15.26942,56.16291],[15.2694,56.16296],[15.26933,56.16292],[15.26924,56.16287],[15.26917,56.16283],[15.26912,56.16281],[15.26902,56.16279],[15.26902,56.16279],[15.26902,56.16279],[15.269,56.16283],[15.26898,56.16281],[15.26898,56.16277],[15.26897,56.16277],[15.26892,56.16275],[15.26879,56.16276],[15.2687,56.16276],[15.26864,56.16277],[15.26862,56.16278],[15.26858,56.16278],[15.26854,56.16276],[15.26854,56.16276],[15.26848,56.16276],[15.26843,56.16276],[15.26835,56.16277],[15.26829,56.16277],[15.26816,56.16274],[15.26805,56.16272],[15.26794,56.16268],[15.26787,56.16264],[15.26781,56.16258],[15.26785,56.16256],[15.26785,56.16256],[15.26785,56.16256],[15.26779,56.16253],[15.26778,56.16249],[15.26779,56.16245],[15.26781,56.1624],[15.26784,56.16238],[15.26787,56.16239],[15.26787,56.16239],[15.26791,56.16237],[15.26795,56.16234],[15.26801,56.1623],[15.26804,56.16226],[15.26809,56.16221],[15.26817,56.16218],[15.26829,56.16218],[15.26836,56.16218],[15.26841,56.16218],[15.26841,56.16218],[15.26844,56.16216],[15.26845,56.16213],[15.26845,56.16211],[15.26851,56.16209],[15.26858,56.16204],[15.26862,56.16201],[15.26864,56.16198],[15.26863,56.16196],[15.26861,56.16192],[15.26859,56.16186],[15.26859,56.16184],[15.2686,56.1618],[15.2686,56.1618],[15.26859,56.16178],[15.26856,56.16174],[15.26856,56.1617],[15.26855,56.16169],[15.26847,56.16165],[15.26835,56.16159],[15.26829,56.16155],[15.26818,56.16152],[15.26808,56.16147],[15.26801,56.16144],[15.26792,56.16141],[15.26786,56.16137],[15.26779,56.16133],[15.26772,56.16129],[15.26763,56.16126],[15.26772,56.16118],[15.26786,56.16112],[15.26803,56.16112],[15.2682,56.1611],[15.2683,56.16109],[15.26833,56.1611],[15.26837,56.16112],[15.2684,56.16112],[15.26841,56.16112],[15.26845,56.16111],[15.2685,56.16108],[15.2685,56.16108],[15.26849,56.16103],[15.26856,56.16099],[15.26868,56.16095],[15.26874,56.16096],[15.26882,56.16097],[15.26882,56.16097],[15.26885,56.16095],[15.2689,56.16092],[15.26897,56.16088],[15.26898,56.16087],[15.26897,56.16084],[15.26901,56.16082],[15.26903,56.16079],[15.26908,56.16073],[15.2691,56.16068],[15.2691,56.16065],[15.2691,56.16065],[15.26907,56.16064],[15.26909,56.16061],[15.2691,56.16057],[15.2691,56.16057],[15.26906,56.16053],[15.26902,56.1605],[15.26896,56.16049],[15.26898,56.16046],[15.26898,56.16042],[15.26898,56.16039],[15.269,56.16031],[15.269,56.16027],[15.26899,56.16023],[15.26899,56.16023],[15.26899,56.16023],[15.26891,56.16022],[15.26883,56.16021],[15.26878,56.1602],[15.26875,56.16018],[15.26875,56.16018],[15.26875,56.16018],[15.26875,56.16018],[15.26869,56.16021],[15.26868,56.16022],[15.26861,56.16022],[15.26859,56.16021],[15.26858,56.1602],[15.26859,56.16016],[15.26859,56.16016],[15.26859,56.16016],[15.26857,56.16015],[15.26857,56.16015],[15.26857,56.16015],[15.26854,56.16017],[15.26852,56.16018],[15.2685,56.16016],[15.26848,56.16012],[15.26842,56.16007],[15.26834,56.16003],[15.26823,56.16],[15.2682,56.16],[15.2682,56.15997],[15.26821,56.15994],[15.2682,56.15992],[15.2682,56.15992],[15.26814,56.15989],[15.26806,56.15986],[15.26797,56.15985],[15.26792,56.15984],[15.2679,56.15983],[15.26796,56.15982],[15.26805,56.15982],[15.26817,56.15982],[15.26821,56.15983],[15.26826,56.15985],[15.26834,56.15988],[15.2684,56.15989],[15.26847,56.15989],[15.26853,56.15991],[15.26858,56.15992],[15.2687,56.15992],[15.26883,56.1599],[15.26894,56.1599],[15.26899,56.15992],[15.26901,56.15993],[15.269,56.15995],[15.269,56.15995],[15.269,56.15995],[15.26912,56.15997],[15.26912,56.15997],[15.26912,56.15997],[15.26913,56.15994],[15.26924,56.15993],[15.26935,56.15992],[15.26942,56.1599],[15.26947,56.15988],[15.26947,56.15988],[15.26948,56.15985],[15.26949,56.15981],[15.26948,56.15981],[15.26943,56.15976],[15.26934,56.15973],[15.26927,56.15971],[15.26916,56.15969],[15.26913,56.15963],[15.26913,56.15963],[15.26913,56.15963],[15.26908,56.15963],[15.26907,56.15959],[15.26909,56.15957],[15.26908,56.15954],[15.26908,56.15954],[15.26904,56.15953],[15.26895,56.1595],[15.26889,56.15949],[15.26883,56.15944],[15.26879,56.15939],[15.26874,56.15932],[15.26876,56.15931],[15.26879,56.15929],[15.26887,56.15928],[15.26892,56.15925],[15.26894,56.15923],[15.26894,56.15923],[15.26893,56.1592],[15.26888,56.15918],[15.26885,56.15916],[15.26887,56.15915],[15.26887,56.15915],[15.26887,56.15915],[15.26882,56.15912],[15.26882,56.15912],[15.26882,56.15912],[15.26878,56.15912],[15.26873,56.15911],[15.26869,56.15909],[15.26869,56.15909],[15.26863,56.15909],[15.26861,56.15906],[15.26855,56.15903],[15.26849,56.15904],[15.26834,56.15906],[15.26821,56.15904],[15.26813,56.15903],[15.26801,56.15903],[15.26794,56.15905],[15.26789,56.15904],[15.26786,56.15902],[15.26784,56.15896],[15.26785,56.15894],[15.26787,56.15893],[15.26795,56.15893],[15.26814,56.15891],[15.2682,56.15889],[15.26823,56.15885],[15.26823,56.15885],[15.26823,56.15879],[15.2682,56.15877],[15.26816,56.15875],[15.26818,56.15873],[15.26819,56.1587],[15.26818,56.15866],[15.26817,56.15865],[15.26817,56.15864],[15.26812,56.15863],[15.26808,56.15863],[15.26804,56.15861],[15.26794,56.15856],[15.26782,56.15852],[15.26765,56.15851],[15.26748,56.15852],[15.26749,56.15851],[15.26749,56.15851],[15.26748,56.15851],[15.26748,56.15851],[15.26748,56.15851],[15.26743,56.15852],[15.26743,56.15852],[15.26743,56.15854],[15.26735,56.15854],[15.26734,56.15854],[15.26734,56.15854],[15.26734,56.15854],[15.26736,56.15858],[15.26732,56.1586],[15.2673,56.1586],[15.26729,56.1586],[15.26728,56.15857],[15.2673,56.15853],[15.2673,56.15853],[15.26726,56.15851],[15.26726,56.15851],[15.26726,56.15851],[15.26715,56.15854],[15.26712,56.15852],[15.26709,56.15848],[15.26705,56.15841],[15.26706,56.15836],[15.26706,56.15836],[15.26706,56.15836],[15.26706,56.15836],[15.26702,56.15836],[15.26696,56.15836],[15.26687,56.15837],[15.2668,56.15835],[15.26672,56.15835],[15.26672,56.15835],[15.26666,56.15838],[15.26658,56.15842],[15.26647,56.15849],[15.26638,56.15855],[15.26629,56.15863],[15.26626,56.15871],[15.26625,56.15879],[15.26626,56.15883],[15.26629,56.15887],[15.26638,56.15889],[15.26638,56.15889],[15.26638,56.15889],[15.2664,56.15888],[15.26645,56.15889],[15.26648,56.15893],[15.26648,56.15893],[15.26648,56.15893],[15.26653,56.15892],[15.26658,56.1589],[15.26667,56.15889],[15.26675,56.15889],[15.26676,56.1589],[15.26675,56.15892],[15.26673,56.15895],[15.26669,56.15899],[15.26666,56.15901],[15.26666,56.15902],[15.26665,56.15903],[15.26665,56.15904],[15.26667,56.15905],[15.2667,56.15908],[15.26669,56.15911],[15.26664,56.15914],[15.2666,56.15916],[15.26657,56.15917],[15.26657,56.15913],[15.26657,56.15913],[15.26657,56.15913],[15.26649,56.15914],[15.26649,56.15914],[15.26647,56.15918],[15.26641,56.15917],[15.26638,56.15916],[15.26638,56.15916],[15.26638,56.15916],[15.26638,56.15916],[15.26638,56.15916],[15.26638,56.15919],[15.26642,56.15921],[15.26642,56.15921],[15.26647,56.15921],[15.26646,56.15925],[15.2665,56.15933],[15.2665,56.1594],[15.26642,56.1595],[15.26639,56.15954],[15.26635,56.15958],[15.26626,56.15962],[15.26617,56.15967],[15.26613,56.1597],[15.26613,56.15973],[15.26611,56.15975],[15.26607,56.15976],[15.26607,56.15976],[15.26607,56.15976],[15.26606,56.15979],[15.26606,56.15979],[15.26606,56.15979],[15.26606,56.15979],[15.26611,56.15979],[15.26617,56.15979],[15.2662,56.1598],[15.2662,56.15982],[15.26621,56.15983],[15.26621,56.15983],[15.26621,56.15983],[15.26623,56.15984],[15.2663,56.15984],[15.26634,56.15987],[15.26634,56.15992],[15.26626,56.15993],[15.26618,56.15994],[15.26618,56.15994],[15.26618,56.15995],[15.26618,56.15995],[15.26618,56.15995],[15.26621,56.15996],[15.26611,56.15998],[15.26605,56.15995],[15.26605,56.15995],[15.26593,56.15993],[15.26589,56.15993],[15.26589,56.15993],[15.26589,56.15993],[15.26587,56.15997],[15.2659,56.16002],[15.26585,56.16009],[15.2658,56.1601],[15.26578,56.16012],[15.26582,56.16024],[15.26571,56.16019],[15.26563,56.16018],[15.26552,56.16018],[15.26539,56.1602],[15.26528,56.16023],[15.26524,56.16027],[15.26518,56.16032],[15.26515,56.16038],[15.26515,56.16038],[15.26517,56.16041],[15.26523,56.16043],[15.26544,56.16046],[15.26557,56.16045],[15.26561,56.16052],[15.26565,56.16058],[15.2657,56.16064],[15.26572,56.1607],[15.2657,56.16073],[15.26563,56.16074],[15.26554,56.16073],[15.26548,56.16072],[15.26542,56.16071],[15.26542,56.16071],[15.26538,56.16071],[15.26532,56.16075],[15.2653,56.16079],[15.26531,56.16083],[15.26531,56.16083],[15.26538,56.16087],[15.26548,56.1609],[15.26557,56.16093],[15.26563,56.16099],[15.26563,56.16099],[15.26563,56.16099],[15.26563,56.16099],[15.26563,56.16099],[15.2657,56.16095],[15.26576,56.16094],[15.26578,56.16095],[15.2659,56.16093],[15.26608,56.16095],[15.26626,56.16094],[15.2664,56.16094],[15.26651,56.16095],[15.26656,56.16098],[15.26663,56.16105],[15.26665,56.16114],[15.26663,56.16118],[15.26657,56.16119],[15.26649,56.16121],[15.26641,56.16117],[15.26641,56.16117],[15.26619,56.16118],[15.26619,56.16118],[15.26614,56.16123],[15.26614,56.16123],[15.26615,56.16126],[15.26615,56.16126],[15.26616,56.16126],[15.26619,56.16126],[15.26625,56.16129],[15.26629,56.16133],[15.26618,56.16138],[15.26607,56.16142],[15.266,56.16142],[15.26595,56.16141],[15.26587,56.16136],[15.26585,56.16136],[15.26575,56.16132],[15.26567,56.16126],[15.26562,56.16122],[15.26552,56.16117],[15.26538,56.16115],[15.26531,56.16115],[15.26531,56.16115],[15.26522,56.16118],[15.26522,56.16118],[15.26519,56.16123],[15.26518,56.16129],[15.26518,56.16129],[15.26526,56.16133],[15.26521,56.16134],[15.26521,56.16134],[15.26521,56.16136],[15.26517,56.16135],[15.26516,56.16135],[15.26516,56.16135],[15.26508,56.16139],[15.26505,56.16139],[15.26494,56.16138],[15.26488,56.16139],[15.26487,56.16139],[15.26487,56.16139],[15.26487,56.16139],[15.2649,56.16143],[15.2649,56.16143],[15.2649,56.16143],[15.26493,56.16143],[15.26494,56.16146],[15.2649,56.16147],[15.26486,56.1615],[15.26486,56.1615],[15.26486,56.16153],[15.26488,56.16156],[15.26495,56.16158],[15.265,56.16159],[15.26502,56.16162],[15.26495,56.16165],[15.26489,56.16166],[15.2648,56.16168],[15.2648,56.16168],[15.2648,56.16168],[15.26478,56.16172],[15.26474,56.16177],[15.26467,56.16179],[15.26463,56.16178],[15.26457,56.16178],[15.2645,56.16179],[15.26437,56.16182],[15.26434,56.16184],[15.26433,56.16189],[15.26427,56.16193],[15.26421,56.16195],[15.2641,56.162],[15.26396,56.16207],[15.26395,56.16211],[15.26397,56.16215],[15.26395,56.16218],[15.26396,56.16223],[15.26399,56.16227],[15.26405,56.16232],[15.26415,56.16235],[15.2643,56.16234],[15.26443,56.16233],[15.26454,56.16235],[15.26463,56.16239],[15.26468,56.16244],[15.26468,56.16249],[15.26468,56.16249],[15.26474,56.16251],[15.26476,56.16255],[15.26476,56.16257],[15.26471,56.16257],[15.26471,56.16257],[15.2647,56.16257],[15.2647,56.1626],[15.26469,56.16264],[15.26468,56.16266],[15.2646,56.16268],[15.26456,56.16269],[15.2645,56.1627],[15.26447,56.16272],[15.26445,56.16277],[15.26442,56.16278],[15.26442,56.16278],[15.26442,56.16278],[15.26442,56.1628],[15.26442,56.1628],[15.26442,56.1628],[15.26445,56.1628],[15.2645,56.16281],[15.26454,56.16283],[15.2646,56.16288],[15.2646,56.1629],[15.26456,56.16293],[15.26455,56.16296],[15.2646,56.16298],[15.26467,56.163],[15.2646,56.16308],[15.26454,56.16308],[15.26448,56.16308],[15.2644,56.1631],[15.2644,56.1631],[15.26437,56.16312],[15.26431,56.16312],[15.26425,56.16313],[15.26424,56.16314],[15.26424,56.16314],[15.26424,56.16315],[15.26424,56.16315],[15.26424,56.16315],[15.26426,56.16315],[15.26431,56.16315],[15.26435,56.16316],[15.2644,56.16317],[15.26441,56.16319],[15.26441,56.16319],[15.26447,56.16321],[15.26448,56.16324],[15.26448,56.16324],[15.26457,56.16326],[15.26454,56.16331],[15.26452,56.16332],[15.26443,56.1633],[15.26443,56.1633],[15.26441,56.16331],[15.26441,56.16331],[15.26442,56.16333],[15.26435,56.16335],[15.26434,56.16335],[15.26434,56.16335],[15.26434,56.16335],[15.26439,56.16339],[15.26431,56.16342],[15.26426,56.16344],[15.26421,56.16344],[15.26418,56.16345],[15.26418,56.16345],[15.26418,56.16345],[15.26418,56.16345],[15.26421,56.16347],[15.26421,56.16348],[15.26427,56.16348],[15.26429,56.1635],[15.26422,56.1635],[15.26422,56.1635],[15.26422,56.1635],[15.26422,56.1635],[15.26422,56.1635],[15.26434,56.16353],[15.26434,56.16356],[15.26438,56.16358],[15.26437,56.16361],[15.26433,56.16363],[15.26422,56.16362],[15.26413,56.16358],[15.26407,56.16353],[15.26405,56.16349],[15.26401,56.16347],[15.26401,56.16347],[15.26401,56.16347],[15.26397,56.16347],[15.26397,56.16347],[15.26395,56.16348],[15.26395,56.16348],[15.26395,56.16349],[15.26398,56.1635],[15.26396,56.16353],[15.26392,56.16352],[15.26392,56.16352],[15.26392,56.16352],[15.2639,56.16353],[15.2639,56.16353],[15.26388,56.16356],[15.26391,56.16358],[15.2638,56.16362],[15.2638,56.16362],[15.26379,56.16364],[15.26373,56.16366],[15.26363,56.16368],[15.26358,56.16368],[15.26354,56.16364],[15.26354,56.16364],[15.26354,56.16364],[15.26349,56.16366],[15.26344,56.16368],[15.26337,56.16375],[15.26327,56.16384],[15.26321,56.16393],[15.26316,56.16403],[15.26319,56.16411],[15.26323,56.16418],[15.26328,56.16428],[15.26328,56.16428],[15.26328,56.16428],[15.26329,56.16428],[15.26333,56.16426],[15.26344,56.16423],[15.26352,56.16423],[15.2637,56.16424],[15.26379,56.16426],[15.26382,56.16429],[15.26384,56.16436],[15.26377,56.16438],[15.26371,56.16439],[15.26359,56.16444],[15.26354,56.16443],[15.26354,56.16443],[15.26348,56.16445],[15.26337,56.16448],[15.26331,56.16454],[15.26331,56.16454],[15.26332,56.16457],[15.2633,56.16461],[15.26327,56.1646],[15.26327,56.1646],[15.26326,56.1646],[15.26326,56.1646],[15.26326,56.16465],[15.26326,56.16465],[15.2633,56.16466]]]},"properties":{"NVRID":"2000059","NAMN":"Yttre Stekön","SKYDDSTYP":"Naturreservat","LAN":"Blekinge Län","KOMMUN":"Ronneby","IUCNKATEGORI":"IV, Habitat/Artskyddsområde (Habitat/Species Management Area)","FORVALTARE":"Länsstyrelsen i Blekinge län","AREA_HA":20.138,"URSPR_BESLUTSDATUM":"1964-11-18"}},{"type":"Feature","geometry":{"type":"Polygon","coordinates":[[[15.85831,56.18875],[15.85831,56.18875],[15.8587,56.18867],[15.85899,56.18872],[15.85899,56.18872],[15.85899,56.18871],[15.85925,56.18832],[15.85912,56.18799],[15.85854,56.18768],[15.85854,56.18768],[15.85659,56.18788],[15.85637,56.18788],[15.85637,56.18788],[15.85584,56.1883],[15.85584,56.1883],[15.85584,56.1883],[15.85794,56.18872],[15.85831,56.18875]]]},"properties":{"NVRID":"2010948","NAMN":"Häljarum","SKYDDSTYP":"Naturreservat","LAN":"Blekinge Län","KOMMUN":"Karlskrona","IUCNKATEGORI":"0, Områden som ej kan klassificeras enligt IUCN: s system.","FORVALTARE":"Länsstyrelsen i Blekinge län","AREA_HA":1.685,"URSPR_BESLUTSDATUM":"2004-12-20"}},{"type":"Feature","geometry":{"type":"Polygon","coordinates":[[[15.43223,56.16359],[15.43223,56.16359],[15.43223,56.16359],[15.434,56.1657],[15.43601,56.16725],[15.43932,56.1686],[15.4398,56.16906],[15.44003,56.16995],[15.44003,56.16995],[15.45129,56.17288],[15.45282,56.17274],[15.45282,56.17274],[15.45282,56.17274],[15.45839,56.16681],[15.45886,56.16631],[15.45886,56.1663],[15.45886,56.1663],[15.45878,56.1662],[15.45865,56.16609],[15.45864,56.16602],[15.45859,56.16589],[15.45859,56.16589],[15.45859,56.16589],[15.45845,56.16588],[15.45843,56.16578],[15.45835,56.1656],[15.45831,56.16542],[15.45831,56.1653],[15.45838,56.1652],[15.45835,56.16513],[15.45856,56.16506],[15.46219,56.16377],[15.46219,56.16377],[15.46224,56.1634],[15.46227,56.16243],[15.46266,56.16007],[15.46196,56.15848],[15.46121,56.15527],[15.46,56.15192],[15.46017,56.14894],[15.46631,56.14391],[15.47405,56.13755],[15.4784,56.13395],[15.4784,56.13395],[15.4784,56.13395],[15.46604,56.12608],[15.46603,56.12608],[15.45305,56.12889],[15.44617,56.12667],[15.44177,56.12328],[15.44177,56.12328],[15.44013,56.12341],[15.44013,56.12341],[15.44013,56.12341],[15.43583,56.12841],[15.43701,56.1307],[15.43693,56.13271],[15.43574,56.1346],[15.43642,56.13596],[15.43544,56.13969],[15.43606,56.14151],[15.43624,56.14218],[15.43825,56.14772],[15.4383,56.14786],[15.4383,56.14787],[15.4383,56.14787],[15.4383,56.14787],[15.4383,56.14787],[15.43867,56.14768],[15.43962,56.14783],[15.43936,56.14832],[15.43869,56.14826],[15.43845,56.14824],[15.43845,56.14824],[15.43845,56.14824],[15.43845,56.14824],[15.43865,56.14858],[15.43868,56.14862],[15.43889,56.14903],[15.43882,56.14939],[15.43869,56.14949],[15.43869,56.14949],[15.43857,56.15076],[15.43531,56.15409],[15.43491,56.15463],[15.43486,56.1547],[15.43358,56.15649],[15.43357,56.1565],[15.43195,56.1586],[15.43195,56.1586],[15.43386,56.16228],[15.43223,56.16359]],[[15.43977,56.14839],[15.43993,56.14788],[15.44059,56.14799],[15.44051,56.14842],[15.43977,56.14839]],[[15.45966,56.13043],[15.46054,56.13053],[15.46064,56.13071],[15.46048,56.13081],[15.46032,56.13089],[15.45972,56.13093],[15.45966,56.13043]],[[15.44069,56.16411],[15.44094,56.1641],[15.44121,56.16414],[15.4414,56.16429],[15.44174,56.16446],[15.44179,56.16462],[15.44106,56.16472],[15.44069,56.16411]],[[15.43959,56.14964],[15.43969,56.14935],[15.44099,56.14955],[15.44098,56.14984],[15.43959,56.14964]],[[15.43979,56.16373],[15.44007,56.16325],[15.44097,56.16343],[15.44103,56.16374],[15.43979,56.16373]],[[15.44729,56.16233],[15.44822,56.16209],[15.44832,56.1622],[15.44823,56.16222],[15.44823,56.16222],[15.44823,56.16222],[15.44852,56.1626],[15.44761,56.16281],[15.44729,56.16233]],[[15.44788,56.15016],[15.44931,56.14998],[15.449,56.15072],[15.44836,56.15085],[15.44788,56.15016]],[[15.44196,56.16381],[15.4424,56.16377],[15.44289,56.16368],[15.44346,56.16381],[15.44357,56.16406],[15.4435,56.16431],[15.4435,56.16431],[15.4435,56.16431],[15.44385,56.16444],[15.44399,56.16463],[15.44344,56.16467],[15.44297,56.1647],[15.44265,56.16445],[15.442,56.16406],[15.44196,56.16381]],[[15.4456,56.15565],[15.44578,56.15567],[15.44602,56.15566],[15.44651,56.15557],[15.44682,56.15554],[15.44752,56.15543],[15.44751,56.15603],[15.44584,56.15644],[15.44568,56.15621],[15.4456,56.15565]],[[15.44235,56.15541],[15.4425,56.15505],[15.44311,56.15507],[15.44395,56.15506],[15.44447,56.15599],[15.44274,56.15627],[15.44235,56.15541]],[[15.44975,56.15643],[15.45018,56.15629],[15.45018,56.15629],[15.45015,56.15615],[15.45008,56.15609],[15.45071,56.15579],[15.45079,56.15585],[15.4513,56.1562],[15.4513,56.1562],[15.4513,56.1562],[15.4513,56.1562],[15.45167,56.15599],[15.45182,56.15604],[15.45201,56.1562],[15.4519,56.15632],[15.4519,56.15632],[15.4519,56.15632],[15.45244,56.15648],[15.45286,56.15671],[15.45304,56.15691],[15.45308,56.15696],[15.45167,56.15736],[15.45162,56.15733],[15.45096,56.15678],[15.45096,56.15678],[15.45096,56.15678],[15.45096,56.15678],[15.45039,56.15704],[15.45032,56.15698],[15.44975,56.15643]],[[15.45886,56.14048],[15.45888,56.14019],[15.45889,56.14009],[15.45895,56.13941],[15.46246,56.13948],[15.46242,56.13956],[15.46236,56.13968],[15.46227,56.1398],[15.46223,56.13988],[15.46223,56.14],[15.4622,56.14008],[15.4621,56.14015],[15.46197,56.14018],[15.46188,56.14017],[15.46176,56.14011],[15.46164,56.14012],[15.4615,56.14017],[15.4614,56.14021],[15.46131,56.14027],[15.46131,56.14027],[15.4613,56.14049],[15.46129,56.1405],[15.46129,56.14085],[15.4612,56.14085],[15.46118,56.14051],[15.46118,56.14051],[15.46118,56.14051],[15.46038,56.14052],[15.46037,56.1405],[15.46037,56.1405],[15.46037,56.1405],[15.46004,56.1405],[15.46004,56.14047],[15.46004,56.14047],[15.46004,56.14046],[15.45993,56.14046],[15.45981,56.14043],[15.4597,56.14042],[15.45967,56.14032],[15.45967,56.14032],[15.45967,56.14032],[15.45949,56.14032],[15.45934,56.14032],[15.45908,56.14033],[15.45908,56.14033],[15.45908,56.14033],[15.45906,56.14041],[15.45898,56.14048],[15.45887,56.14049],[15.45886,56.14048]],[[15.448,56.1538],[15.44863,56.15369],[15.44863,56.15369],[15.44863,56.15369],[15.44849,56.1531],[15.44853,56.15292],[15.44954,56.15299],[15.44931,56.15357],[15.44931,56.15358],[15.44931,56.15358],[15.44931,56.15358],[15.44999,56.15356],[15.45193,56.15408],[15.45118,56.15449],[15.45045,56.1543],[15.45045,56.1543],[15.44828,56.15472],[15.44816,56.15447],[15.44804,56.15408],[15.448,56.1538]],[[15.4564,56.15826],[15.45723,56.15822],[15.45723,56.15822],[15.45808,56.15777],[15.45932,56.15711],[15.45963,56.15819],[15.45969,56.15842],[15.45993,56.15905],[15.45986,56.15905],[15.45986,56.15905],[15.45986,56.15905],[15.4599,56.15928],[15.45914,56.15937],[15.45838,56.15938],[15.45836,56.1591],[15.45836,56.1591],[15.45836,56.1591],[15.45747,56.1592],[15.45692,56.15927],[15.45641,56.15828],[15.4564,56.15826]]]},"properties":{"NVRID":"2000057","NAMN":"Almö","SKYDDSTYP":"Naturreservat","LAN":"Blekinge Län","KOMMUN":"Karlskrona, Ronneby","IUCNKATEGORI":"IV, Habitat/Artskyddsområde (Habitat/Species Management Area)","FORVALTARE":"Länsstyrelsen i Blekinge län","AREA_HA":888.477,"URSPR_BESLUTSDATUM":"1987-03-02"}},{"type":"Feature","geometry":{"type":"MultiPolygon","coordinates":[[[[15.56787,56.20862],[15.56787,56.20862],[15.56787,56.20862],[15.56787,56.20862],[15.56787,56.20862],[15.56792,56.2087],[15.56797,56.20873],[15.56808,56.20881],[15.56821,56.20888],[15.56841,56.20901],[15.56874,56.20924],[15.56896,56.2094],[15.56908,56.20954],[15.56915,56.20967],[15.56923,56.20977],[15.56941,56.20999],[15.56952,56.2101],[15.56952,56.2101],[15.56953,56.2101],[15.56977,56.21008],[15.56977,56.21008],[15.56989,56.20975],[15.56994,56.20962],[15.56995,56.20957],[15.57001,56.20928],[15.57002,56.20924],[15.57002,56.20924],[15.56996,56.20922],[15.56992,56.2092],[15.56919,56.20903],[15.56894,56.20888],[15.56886,56.20886],[15.568,56.20865],[15.568,56.20865],[15.568,56.20865],[15.568,56.20865],[15.56799,56.20865],[15.56794,56.20864],[15.56787,56.20862]]],[[[15.55251,56.20066],[15.55414,56.20052],[15.55397,56.20207],[15.55397,56.20207],[15.55397,56.20207],[15.55397,56.20207],[15.55598,56.20195],[15.55601,56.20236],[15.55601,56.20236],[15.55601,56.20236],[15.55733,56.20269],[15.55721,56.20288],[15.55721,56.20288],[15.55721,56.20288],[15.55722,56.20288],[15.55837,56.20272],[15.55857,56.20308],[15.5588,56.20333],[15.5588,56.20333],[15.5588,56.20333],[15.55991,56.20334],[15.55995,56.20361],[15.56003,56.20384],[15.56006,56.20399],[15.55984,56.20428],[15.55964,56.20451],[15.55943,56.20467],[15.55914,56.20486],[15.55876,56.20507],[15.55848,56.2052],[15.5583,56.20531],[15.55818,56.20541],[15.55817,56.20551],[15.55828,56.2057],[15.55841,56.20585],[15.5586,56.20605],[15.55881,56.20623],[15.55884,56.20648],[15.55884,56.20648],[15.55955,56.20664],[15.55955,56.20664],[15.55978,56.20657],[15.56019,56.20672],[15.56023,56.20683],[15.56023,56.20683],[15.56074,56.20699],[15.56106,56.2071],[15.56261,56.20739],[15.56353,56.20758],[15.56365,56.2076],[15.56382,56.20764],[15.5648,56.20779],[15.56534,56.2079],[15.56578,56.20801],[15.56578,56.20801],[15.56579,56.20801],[15.56579,56.20801],[15.56579,56.20801],[15.56572,56.20791],[15.56701,56.20817],[15.56697,56.20823],[15.56697,56.20823],[15.56697,56.20823],[15.56765,56.20839],[15.56826,56.20853],[15.56825,56.20853],[15.56825,56.20853],[15.56826,56.20853],[15.56844,56.20857],[15.56844,56.20857],[15.56844,56.20857],[15.56844,56.20857],[15.56921,56.20874],[15.56999,56.20894],[15.57016,56.20892],[15.57048,56.20898],[15.57056,56.209],[15.57057,56.209],[15.57057,56.209],[15.57139,56.20873],[15.57146,56.20867],[15.57153,56.20864],[15.57156,56.20859],[15.57162,56.20855],[15.57176,56.20845],[15.57307,56.20851],[15.58525,56.20636],[15.59171,56.20574],[15.59171,56.20574],[15.59171,56.20574],[15.59208,56.2031],[15.58964,56.19887],[15.58011,56.19622],[15.5792,56.19579],[15.5792,56.19579],[15.5792,56.19579],[15.5792,56.19579],[15.5782,56.19635],[15.57401,56.19671],[15.57124,56.19667],[15.56954,56.19594],[15.56954,56.19594],[15.56702,56.19604],[15.56702,56.19604],[15.5663,56.1964],[15.56555,56.19674],[15.56475,56.19703],[15.56357,56.19705],[15.56263,56.19702],[15.56224,56.1967],[15.56224,56.1967],[15.56224,56.1967],[15.56166,56.19691],[15.56082,56.19707],[15.56056,56.1971],[15.56026,56.19717],[15.55973,56.19736],[15.55913,56.19752],[15.55913,56.19752],[15.55913,56.19752],[15.55934,56.19783],[15.55943,56.19799],[15.55962,56.19816],[15.55925,56.19829],[15.55893,56.19843],[15.55873,56.19851],[15.55853,56.19863],[15.55831,56.19877],[15.55805,56.19884],[15.5576,56.19903],[15.55739,56.19911],[15.55685,56.19925],[15.55645,56.19935],[15.55579,56.19948],[15.55492,56.19961],[15.55417,56.19975],[15.55344,56.19987],[15.55271,56.2],[15.55233,56.20006],[15.55233,56.20006],[15.55233,56.20006],[15.55243,56.20043],[15.55251,56.20065],[15.55251,56.20066],[15.55251,56.20066]],[[15.56836,56.20709],[15.56858,56.20702],[15.56879,56.20724],[15.56878,56.20739],[15.56843,56.20756],[15.56829,56.20735],[15.56808,56.20717],[15.56836,56.20709]],[[15.56292,56.2019],[15.56296,56.20184],[15.56303,56.2018],[15.56315,56.20177],[15.56331,56.20173],[15.56344,56.2017],[15.56366,56.20166],[15.56375,56.20175],[15.56418,56.20218],[15.56383,56.20231],[15.5636,56.2023],[15.56338,56.20232],[15.56313,56.20237],[15.56295,56.20233],[15.56284,56.2021],[15.56284,56.20203],[15.56287,56.20196],[15.56292,56.2019]],[[15.56749,56.20372],[15.5681,56.20377],[15.5681,56.20377],[15.5681,56.20377],[15.56832,56.20354],[15.56888,56.20368],[15.56888,56.20368],[15.56888,56.20368],[15.56888,56.20368],[15.56961,56.20287],[15.57001,56.20297],[15.5699,56.20314],[15.5699,56.20314],[15.5699,56.20315],[15.57042,56.2033],[15.57011,56.20371],[15.57011,56.20371],[15.57011,56.20372],[15.57023,56.20374],[15.56985,56.20424],[15.56915,56.20411],[15.56915,56.20411],[15.56915,56.20411],[15.56914,56.20412],[15.56903,56.20427],[15.56893,56.20443],[15.56882,56.20449],[15.56866,56.20455],[15.5683,56.20476],[15.56818,56.20473],[15.56816,56.20467],[15.56812,56.20459],[15.56806,56.20448],[15.56802,56.2044],[15.56794,56.2043],[15.56785,56.20419],[15.56772,56.20413],[15.56754,56.20406],[15.56735,56.204],[15.56749,56.20372]],[[15.56079,56.20243],[15.56131,56.20175],[15.56131,56.20175],[15.56121,56.20162],[15.56115,56.20107],[15.56245,56.201],[15.56269,56.20099],[15.56274,56.20115],[15.56277,56.20126],[15.56276,56.20131],[15.56273,56.20141],[15.56269,56.20151],[15.56267,56.20159],[15.56265,56.20164],[15.56265,56.20178],[15.56272,56.20193],[15.5628,56.20227],[15.5629,56.20241],[15.56253,56.20256],[15.56233,56.20262],[15.56201,56.20282],[15.56134,56.20275],[15.56086,56.20256],[15.56079,56.20243]],[[15.57187,56.20074],[15.57187,56.20074],[15.57177,56.19968],[15.57208,56.19943],[15.57251,56.19948],[15.57265,56.19951],[15.57266,56.19951],[15.57285,56.19941],[15.57319,56.1996],[15.57296,56.1997],[15.57296,56.1997],[15.57296,56.19971],[15.57305,56.19977],[15.57325,56.19997],[15.57337,56.20008],[15.57344,56.20011],[15.57352,56.20014],[15.57365,56.20016],[15.5738,56.20023],[15.57435,56.20029],[15.57467,56.20039],[15.57508,56.20039],[15.57509,56.20039],[15.57519,56.20034],[15.57535,56.20034],[15.57552,56.20041],[15.57568,56.20045],[15.57568,56.20045],[15.57568,56.20045],[15.57572,56.20036],[15.57585,56.20038],[15.57581,56.20046],[15.57581,56.20046],[15.57596,56.20054],[15.57596,56.20054],[15.57631,56.20058],[15.57649,56.20065],[15.57662,56.20076],[15.57662,56.20076],[15.57669,56.20076],[15.57555,56.20133],[15.57406,56.20186],[15.57276,56.20209],[15.57234,56.20199],[15.57187,56.2018],[15.57111,56.20168],[15.57187,56.20074]]]]},"properties":{"NVRID":"2000098","NAMN":"Skärva","SKYDDSTYP":"Naturreservat","LAN":"Blekinge Län","KOMMUN":"Karlskrona","IUCNKATEGORI":"IV, Habitat/Artskyddsområde (Habitat/Species Management Area)","FORVALTARE":"Länsstyrelsen i Blekinge län","AREA_HA":234.671,"URSPR_BESLUTSDATUM":"1995-06-01"}},{"type":"Feature","geometry":{"type":"Polygon","coordinates":[[[15.34248,56.33619],[15.34117,56.33623],[15.34117,56.33623],[15.34117,56.33623],[15.34084,56.33734],[15.34087,56.33789],[15.34087,56.33789],[15.34087,56.33789],[15.34087,56.33789],[15.34126,56.33787],[15.34162,56.33786],[15.34275,56.33785],[15.34267,56.33796],[15.34261,56.3381],[15.34261,56.3381],[15.34261,56.3381],[15.34261,56.3381],[15.3432,56.3381],[15.34424,56.33784],[15.34522,56.3377],[15.34574,56.33798],[15.34583,56.33803],[15.34583,56.33803],[15.34742,56.338],[15.34783,56.338],[15.34783,56.338],[15.34833,56.33763],[15.34888,56.33737],[15.34965,56.33814],[15.34972,56.33821],[15.34972,56.33821],[15.34972,56.33821],[15.35,56.33817],[15.35,56.33817],[15.35001,56.33817],[15.34998,56.33759],[15.34971,56.33736],[15.34994,56.33698],[15.34994,56.33698],[15.34994,56.33698],[15.3496,56.33669],[15.34884,56.3364],[15.34848,56.33634],[15.3482,56.33613],[15.34803,56.33579],[15.34765,56.33553],[15.34753,56.33521],[15.34735,56.33506],[15.34703,56.33497],[15.34695,56.33487],[15.34695,56.33487],[15.34653,56.33475],[15.34628,56.33463],[15.3457,56.33444],[15.3457,56.33444],[15.3457,56.33444],[15.34548,56.33455],[15.34537,56.33462],[15.3453,56.33469],[15.3452,56.3348],[15.34509,56.33491],[15.34498,56.33501],[15.34493,56.3351],[15.3449,56.33518],[15.34494,56.33534],[15.34417,56.33518],[15.34373,56.33505],[15.34373,56.33505],[15.34372,56.33505],[15.34366,56.33514],[15.34332,56.33512],[15.34285,56.33517],[15.34285,56.33518],[15.34285,56.33518],[15.34282,56.33533],[15.3428,56.33555],[15.34248,56.33619]]]},"properties":{"NVRID":"2002749","NAMN":"Tolseboda","SKYDDSTYP":"Naturreservat","LAN":"Blekinge Län","KOMMUN":"Ronneby","IUCNKATEGORI":"IV, Habitat/Artskyddsområde (Habitat/Species Management Area)","FORVALTARE":"Länsstyrelsen i Blekinge län","AREA_HA":14.406,"URSPR_BESLUTSDATUM":"2004-11-18"}},{"type":"Feature","geometry":{"type":"Polygon","coordinates":[[[14.59265,56.04319],[14.59342,56.04298],[14.59359,56.04298],[14.59431,56.04294],[14.59501,56.04268],[14.59579,56.04254],[14.59703,56.0423],[14.59794,56.04199],[14.59903,56.04152],[14.6002,56.04087],[14.60106,56.04012],[14.60125,56.03961],[14.60172,56.03892],[14.60182,56.0386],[14.60188,56.03861],[14.60203,56.03857],[14.60232,56.03861],[14.60249,56.03861],[14.60266,56.03859],[14.6029,56.03862],[14.60323,56.03865],[14.60323,56.03865],[14.60323,56.03865],[14.60323,56.0386],[14.60323,56.0386],[14.60323,56.0386],[14.60169,56.03801],[14.60174,56.03771],[14.60176,56.03743],[14.60178,56.0373],[14.60179,56.03674],[14.60179,56.03674],[14.60179,56.03674],[14.60179,56.03674],[14.60179,56.03674],[14.60145,56.03685],[14.60123,56.03692],[14.60123,56.03691],[14.60123,56.03691],[14.60121,56.03685],[14.60101,56.03638],[14.60089,56.03614],[14.60084,56.03608],[14.60042,56.0358],[14.6003,56.03571],[14.60029,56.03571],[14.60029,56.03571],[14.59963,56.03598],[14.59954,56.03601],[14.5884,56.0412],[14.58736,56.04202],[14.58736,56.04202],[14.58601,56.04636],[14.58601,56.04636],[14.58634,56.047],[14.58709,56.04755],[14.58899,56.04885],[14.59962,56.05511],[14.59862,56.05588],[14.59705,56.05676],[14.59705,56.05677],[14.59705,56.05677],[14.59705,56.05677],[14.60068,56.05776],[14.60068,56.05776],[14.60069,56.05776],[14.60097,56.05735],[14.60252,56.05781],[14.6023,56.05821],[14.6023,56.05821],[14.6023,56.05821],[14.60383,56.05863],[14.60384,56.05863],[14.60384,56.05863],[14.60384,56.05863],[14.60384,56.05863],[14.60293,56.05667],[14.60304,56.05667],[14.60304,56.05667],[14.60306,56.05663],[14.60314,56.05662],[14.60334,56.05669],[14.60334,56.05669],[14.60343,56.05666],[14.60343,56.05666],[14.60343,56.05666],[14.60343,56.05661],[14.60364,56.05655],[14.60373,56.0565],[14.60387,56.05649],[14.60404,56.05643],[14.60422,56.05628],[14.60426,56.05624],[14.60426,56.05624],[14.60424,56.05616],[14.60409,56.05605],[14.60404,56.05591],[14.60395,56.05587],[14.60388,56.05577],[14.6038,56.05564],[14.60371,56.05553],[14.6036,56.0554],[14.60365,56.05534],[14.60358,56.05525],[14.60353,56.05504],[14.6034,56.05495],[14.60344,56.05484],[14.6036,56.05476],[14.60368,56.05478],[14.60373,56.05481],[14.60373,56.05481],[14.60384,56.05481],[14.60384,56.05481],[14.6039,56.05473],[14.60399,56.05469],[14.60415,56.05464],[14.60415,56.05463],[14.60414,56.05454],[14.60423,56.05445],[14.60429,56.05447],[14.60445,56.05449],[14.60464,56.05452],[14.60488,56.05456],[14.60501,56.05463],[14.6051,56.05468],[14.6051,56.05468],[14.60524,56.05468],[14.60541,56.05478],[14.60552,56.05492],[14.60566,56.05503],[14.60586,56.05509],[14.60606,56.05514],[14.60623,56.05523],[14.60642,56.0553],[14.60662,56.0554],[14.60675,56.05553],[14.60681,56.05562],[14.60695,56.05572],[14.6071,56.05579],[14.60724,56.05582],[14.60739,56.05588],[14.60756,56.05592],[14.60777,56.05593],[14.60798,56.05595],[14.60808,56.05603],[14.60824,56.05615],[14.60834,56.05627],[14.60844,56.05639],[14.60852,56.05649],[14.60856,56.05655],[14.60857,56.05655],[14.60872,56.05656],[14.6089,56.05655],[14.60907,56.05658],[14.60915,56.05661],[14.60914,56.05661],[14.60914,56.05661],[14.60914,56.05661],[14.61045,56.05925],[14.61045,56.05925],[14.61088,56.05928],[14.6118,56.05932],[14.61235,56.05934],[14.61288,56.05937],[14.61318,56.05938],[14.61347,56.05938],[14.61384,56.05936],[14.61434,56.05938],[14.61468,56.05935],[14.61544,56.05931],[14.61576,56.05929],[14.61618,56.05926],[14.61639,56.05924],[14.61663,56.05921],[14.61715,56.05916],[14.6174,56.05912],[14.61766,56.05908],[14.61782,56.05906],[14.61801,56.05902],[14.61801,56.05902],[14.61801,56.05902],[14.61747,56.058],[14.61742,56.05791],[14.61668,56.05652],[14.61668,56.05652],[14.61668,56.05652],[14.6157,56.05662],[14.61479,56.05613],[14.61459,56.05605],[14.61437,56.05592],[14.61422,56.05586],[14.61372,56.05561],[14.61371,56.05561],[14.61336,56.05542],[14.61386,56.055],[14.61386,56.055],[14.61363,56.05461],[14.61356,56.05452],[14.61259,56.05416],[14.61168,56.0543],[14.61119,56.05408],[14.60984,56.05291],[14.60983,56.0529],[14.60983,56.05289],[14.60983,56.05289],[14.60983,56.05289],[14.60983,56.05289],[14.60948,56.05295],[14.60886,56.05306],[14.60827,56.05316],[14.60762,56.05327],[14.6073,56.05333],[14.60689,56.0534],[14.60673,56.05346],[14.60653,56.05349],[14.60645,56.05339],[14.60557,56.05267],[14.60511,56.05228],[14.60427,56.05162],[14.60319,56.05065],[14.60221,56.04991],[14.60137,56.04931],[14.60092,56.04897],[14.60066,56.04857],[14.6003,56.04796],[14.60002,56.04746],[14.59986,56.04719],[14.59967,56.04686],[14.59942,56.04643],[14.59911,56.0459],[14.59907,56.04585],[14.59895,56.04564],[14.59864,56.04509],[14.59864,56.04509],[14.59863,56.04509],[14.59863,56.04509],[14.59815,56.04514],[14.59808,56.04501],[14.59795,56.04494],[14.5979,56.04491],[14.59783,56.04486],[14.5977,56.04474],[14.59756,56.04459],[14.59741,56.04442],[14.59732,56.04428],[14.59713,56.04418],[14.59686,56.04408],[14.59672,56.04406],[14.59602,56.04404],[14.59587,56.04399],[14.59553,56.04383],[14.59487,56.04369],[14.59414,56.04366],[14.59402,56.0435],[14.59402,56.0435],[14.59402,56.0435],[14.59277,56.04347],[14.59265,56.04319]]]},"properties":{"NVRID":"2000080","NAMN":"Sölvesborgsviken","SKYDDSTYP":"Naturreservat","LAN":"Blekinge Län","KOMMUN":"Sölvesborg","IUCNKATEGORI":"V, Skyddat landskap/havsområde (Protected Landscape/Seascape)","FORVALTARE":"Länsstyrelsen i Blekinge län","AREA_HA":166.857,"URSPR_BESLUTSDATUM":"1939-05-02"}},{"type":"Feature","geometry":{"type":"Polygon","coordinates":[[[15.34783,56.25771],[15.34815,56.25779],[15.34845,56.25816],[15.34845,56.25816],[15.34901,56.25825],[15.34963,56.25833],[15.35008,56.25839],[15.35071,56.25844],[15.35108,56.25845],[15.3515,56.25842],[15.35172,56.25854],[15.35192,56.25868],[15.35217,56.25872],[15.35249,56.25872],[15.35269,56.25869],[15.35294,56.25867],[15.35404,56.25864],[15.35473,56.26007],[15.35473,56.26007],[15.35473,56.26007],[15.3575,56.25998],[15.3575,56.25998],[15.35926,56.25809],[15.35938,56.25783],[15.35922,56.2575],[15.3589,56.25717],[15.35833,56.25695],[15.35793,56.2568],[15.35755,56.25674],[15.35716,56.25666],[15.35679,56.2562],[15.3567,56.25612],[15.35696,56.25584],[15.35707,56.25563],[15.35719,56.25539],[15.35724,56.25518],[15.35722,56.25501],[15.35722,56.25501],[15.35706,56.25485],[15.35705,56.25484],[15.35705,56.25484],[15.35705,56.25484],[15.35606,56.25488],[15.35537,56.25444],[15.35489,56.25404],[15.35468,56.2539],[15.35468,56.2539],[15.3542,56.25387],[15.3542,56.25387],[15.35373,56.25396],[15.35293,56.25414],[15.35234,56.25429],[15.35195,56.2544],[15.35184,56.25442],[15.35169,56.25439],[15.35074,56.2542],[15.35046,56.25415],[15.35033,56.25412],[15.35016,56.25413],[15.34976,56.25417],[15.34931,56.25421],[15.34886,56.25427],[15.34873,56.25432],[15.34852,56.25444],[15.34832,56.25454],[15.34809,56.25467],[15.34766,56.25484],[15.34685,56.25518],[15.34685,56.25518],[15.34685,56.25544],[15.34684,56.25572],[15.34719,56.25604],[15.34726,56.25632],[15.34715,56.25667],[15.34709,56.25691],[15.34739,56.25744],[15.34753,56.25768],[15.34753,56.25768],[15.34783,56.25771]],[[15.35038,56.25595],[15.351,56.25597],[15.35208,56.25602],[15.35255,56.25677],[15.35239,56.25681],[15.35201,56.2568],[15.35113,56.25674],[15.35124,56.25655],[15.35124,56.25655],[15.35124,56.25655],[15.35124,56.25655],[15.35091,56.25662],[15.35038,56.25595]]]},"properties":{"NVRID":"2000043","NAMN":"Skuremåla","SKYDDSTYP":"Naturreservat","LAN":"Blekinge Län","KOMMUN":"Ronneby","IUCNKATEGORI":"III, Naturmonument (Natural Monument)","FORVALTARE":"Länsstyrelsen i Blekinge län","AREA_HA":33.159,"URSPR_BESLUTSDATUM":"1982-02-01"}},{"type":"Feature","geometry":{"type":"Polygon","coordinates":[[[14.95788,56.26752],[14.95697,56.26753],[14.95564,56.26809],[14.95392,56.2687],[14.95327,56.26905],[14.95251,56.26977],[14.95251,56.26977],[14.95251,56.26977],[14.95251,56.26977],[14.9539,56.27017],[14.95954,56.27136],[14.95954,56.27136],[14.96088,56.27121],[14.96318,56.27012],[14.96671,56.2689],[14.96671,56.2689],[14.96671,56.26873],[14.96667,56.26851],[14.96664,56.26841],[14.96637,56.26816],[14.96602,56.26785],[14.96597,56.26775],[14.96617,56.26726],[14.96623,56.26694],[14.96628,56.26684],[14.96659,56.26647],[14.96682,56.26627],[14.96703,56.26599],[14.9675,56.26556],[14.96783,56.26541],[14.96831,56.26504],[14.96857,56.26477],[14.96873,56.26458],[14.96892,56.26401],[14.96913,56.26375],[14.96922,56.26359],[14.96959,56.26297],[14.9698,56.26275],[14.96984,56.2627],[14.96984,56.2627],[14.96984,56.2627],[14.96983,56.2627],[14.96983,56.2627],[14.96874,56.26262],[14.96811,56.26257],[14.96788,56.26254],[14.96774,56.26255],[14.96731,56.26247],[14.96713,56.26243],[14.96684,56.26232],[14.96566,56.26219],[14.9656,56.26219],[14.9656,56.26219],[14.9656,56.26219],[14.9656,56.26219],[14.96563,56.26231],[14.96568,56.26261],[14.96562,56.2628],[14.96547,56.26294],[14.96531,56.26308],[14.96508,56.26331],[14.96448,56.26367],[14.96425,56.26378],[14.96401,56.26387],[14.96344,56.2641],[14.96296,56.2643],[14.96251,56.26448],[14.96213,56.26466],[14.96175,56.2649],[14.96114,56.2653],[14.96092,56.26547],[14.96092,56.26547],[14.96087,56.2656],[14.96079,56.26577],[14.96061,56.26596],[14.96035,56.26626],[14.96011,56.2665],[14.95988,56.26668],[14.95939,56.26695],[14.95911,56.26707],[14.9589,56.26717],[14.95832,56.26734],[14.95788,56.26752]]]},"properties":{"NVRID":"2002863","NAMN":"Östra Kvallåkra","SKYDDSTYP":"Naturreservat","LAN":"Blekinge Län","KOMMUN":"Karlshamn","IUCNKATEGORI":"Ia, Strikt naturreservat (Strict Nature Reserve)","FORVALTARE":"Länsstyrelsen i Blekinge län","AREA_HA":45.776,"URSPR_BESLUTSDATUM":"2004-03-08"}},{"type":"Feature","geometry":{"type":"MultiPolygon","coordinates":[[[[14.87103,56.31686],[14.87103,56.31686],[14.87103,56.31686],[14.87046,56.31691],[14.87046,56.31692],[14.87046,56.31692],[14.87329,56.3215],[14.87329,56.3215],[14.87329,56.3215],[14.87468,56.32162],[14.87468,56.32162],[14.87468,56.32162],[14.87468,56.32162],[14.87412,56.32072],[14.8743,56.32068],[14.8743,56.32067],[14.8743,56.32067],[14.87405,56.32042],[14.8734,56.31963],[14.87297,56.31901],[14.87297,56.31901],[14.87297,56.31901],[14.87271,56.31904],[14.87179,56.31817],[14.87236,56.31806],[14.87236,56.31806],[14.87236,56.31806],[14.8719,56.31725],[14.8719,56.31725],[14.87175,56.31718],[14.87161,56.31706],[14.87161,56.31706],[14.87119,56.31704],[14.87103,56.31686]]],[[[14.8662,56.31794],[14.86482,56.31705],[14.86482,56.31705],[14.86463,56.31708],[14.86463,56.31708],[14.86459,56.31715],[14.86431,56.31827],[14.86393,56.31972],[14.86393,56.31972],[14.86393,56.31972],[14.86394,56.31972],[14.86505,56.3198],[14.86607,56.31988],[14.86788,56.32025],[14.86788,56.32025],[14.86789,56.32025],[14.86789,56.32025],[14.8674,56.31924],[14.86748,56.31932],[14.86749,56.31932],[14.86749,56.31932],[14.8676,56.31929],[14.86769,56.31937],[14.86775,56.31939],[14.86776,56.31939],[14.86799,56.31937],[14.86817,56.31927],[14.86827,56.31915],[14.86827,56.31915],[14.86818,56.31903],[14.86925,56.31876],[14.87054,56.32126],[14.87054,56.32126],[14.87191,56.32138],[14.87305,56.32148],[14.87306,56.32148],[14.87306,56.32148],[14.87306,56.32148],[14.87306,56.32148],[14.87178,56.31945],[14.87178,56.31945],[14.87178,56.31945],[14.87117,56.31955],[14.87102,56.3193],[14.87108,56.31928],[14.87108,56.31928],[14.87108,56.31928],[14.87081,56.31884],[14.87133,56.31875],[14.87133,56.31875],[14.87133,56.31875],[14.87022,56.31694],[14.86973,56.31615],[14.86973,56.31615],[14.86973,56.31615],[14.86973,56.31615],[14.86973,56.31615],[14.86927,56.31658],[14.86874,56.31706],[14.86869,56.31688],[14.8686,56.31671],[14.86831,56.31638],[14.86814,56.31608],[14.86803,56.31573],[14.86803,56.31573],[14.86803,56.31573],[14.86737,56.31575],[14.86499,56.31581],[14.86498,56.31581],[14.86498,56.31581],[14.86498,56.31581],[14.86542,56.31642],[14.86624,56.31699],[14.86633,56.31744],[14.8662,56.31794]]]]},"properties":{"NVRID":"2000081","NAMN":"Grimsmåla","SKYDDSTYP":"Naturreservat","LAN":"Blekinge Län","KOMMUN":"Karlshamn","IUCNKATEGORI":"IV, Habitat/Artskyddsområde (Habitat/Species Management Area)","FORVALTARE":"Länsstyrelsen i Blekinge län","AREA_HA":20.694,"URSPR_BESLUTSDATUM":"2010-12-15"}},{"type":"Feature","geometry":{"type":"Polygon","coordinates":[[[14.67574,56.38683],[14.67537,56.38708],[14.67493,56.38732],[14.67456,56.38748],[14.67429,56.38792],[14.67392,56.38844],[14.67373,56.38866],[14.67319,56.38922],[14.6728,56.38998],[14.6728,56.38998],[14.6728,56.38998],[14.6728,56.38998],[14.6728,56.38998],[14.67469,56.38946],[14.67531,56.38924],[14.6759,56.38907],[14.67607,56.38903],[14.67615,56.38899],[14.67615,56.38899],[14.6766,56.38808],[14.67691,56.38735],[14.67694,56.38669],[14.67755,56.38618],[14.67736,56.38576],[14.67734,56.38514],[14.67751,56.38464],[14.6779,56.38411],[14.67843,56.38387],[14.6785,56.38354],[14.67923,56.38315],[14.67923,56.38315],[14.67923,56.38315],[14.67902,56.38292],[14.67928,56.38264],[14.67928,56.38264],[14.67905,56.3825],[14.679,56.38196],[14.67918,56.38139],[14.67894,56.3811],[14.67933,56.38083],[14.67933,56.38083],[14.67933,56.38083],[14.67913,56.38059],[14.67959,56.38],[14.6802,56.37942],[14.6802,56.37942],[14.68008,56.37919],[14.6803,56.37853],[14.68062,56.37828],[14.68163,56.37791],[14.68163,56.37791],[14.68163,56.37791],[14.6815,56.37757],[14.68144,56.3772],[14.68259,56.37687],[14.68259,56.37687],[14.68293,56.37589],[14.68293,56.37589],[14.68269,56.37577],[14.68328,56.3752],[14.68328,56.3752],[14.68295,56.37492],[14.68328,56.37414],[14.68333,56.37363],[14.68389,56.37311],[14.68447,56.37295],[14.68503,56.37286],[14.68503,56.37286],[14.68503,56.37286],[14.68503,56.37286],[14.68494,56.37272],[14.685,56.37208],[14.685,56.37208],[14.685,56.37208],[14.68398,56.37205],[14.68398,56.37205],[14.68377,56.37215],[14.68332,56.37229],[14.68259,56.37223],[14.68283,56.37175],[14.68298,56.37148],[14.68312,56.37125],[14.68323,56.37127],[14.68324,56.37127],[14.68324,56.37127],[14.68343,56.37101],[14.68357,56.37094],[14.68379,56.37068],[14.68408,56.37056],[14.68408,56.37056],[14.6841,56.37044],[14.6841,56.37044],[14.68409,56.37044],[14.68402,56.37043],[14.6838,56.37043],[14.6836,56.37045],[14.68364,56.37039],[14.68384,56.37007],[14.68392,56.36998],[14.68392,56.36993],[14.68418,56.36956],[14.68433,56.3693],[14.68466,56.3689],[14.68466,56.3689],[14.68466,56.3689],[14.68458,56.36889],[14.68503,56.36816],[14.68546,56.36738],[14.68597,56.36734],[14.68573,56.3679],[14.68573,56.3679],[14.68573,56.3679],[14.68599,56.36794],[14.68586,56.36823],[14.68577,56.3683],[14.68577,56.36831],[14.68577,56.36831],[14.68577,56.36831],[14.68617,56.36838],[14.68594,56.36882],[14.68541,56.36873],[14.6854,56.36873],[14.6854,56.36873],[14.6854,56.36873],[14.68537,56.36897],[14.68568,56.3692],[14.68578,56.37007],[14.68578,56.37007],[14.68578,56.37007],[14.68578,56.37007],[14.68604,56.36992],[14.68664,56.36953],[14.68755,56.3692],[14.68801,56.36904],[14.68836,56.36894],[14.68836,56.36894],[14.68836,56.36894],[14.68836,56.36894],[14.68802,56.36882],[14.68761,56.36881],[14.68785,56.36861],[14.68785,56.36861],[14.68773,56.36824],[14.6876,56.36809],[14.68774,56.36795],[14.68787,56.36753],[14.68813,56.36731],[14.68855,56.36719],[14.68855,56.36719],[14.68855,56.36719],[14.68835,56.3667],[14.68853,56.36652],[14.68882,56.36634],[14.68893,56.36616],[14.68893,56.36616],[14.68893,56.36616],[14.68893,56.36616],[14.6879,56.36598],[14.6879,56.36598],[14.68789,56.36598],[14.68775,56.36618],[14.68767,56.36616],[14.68767,56.36616],[14.68767,56.36616],[14.68752,56.36626],[14.68688,56.36656],[14.68602,56.36684],[14.6858,56.36682],[14.68647,56.36573],[14.68647,56.36572],[14.68647,56.36572],[14.68633,56.36574],[14.68633,56.36574],[14.68633,56.36574],[14.68619,56.36599],[14.68563,56.3659],[14.68505,56.36581],[14.68488,56.36562],[14.68494,56.36555],[14.68494,56.36555],[14.68494,56.36555],[14.68477,56.36549],[14.68477,56.36549],[14.68453,56.36553],[14.68423,56.3655],[14.68423,56.3655],[14.68423,56.3655],[14.68388,56.36588],[14.68387,56.36604],[14.68352,56.36591],[14.68352,56.36591],[14.68352,56.36591],[14.68349,56.36595],[14.68336,56.36626],[14.68342,56.3667],[14.68331,56.36709],[14.68331,56.36709],[14.68331,56.36709],[14.68386,56.36703],[14.68408,56.36697],[14.6842,56.36711],[14.68423,56.3672],[14.68425,56.36731],[14.68423,56.36741],[14.68419,56.36751],[14.68413,56.36762],[14.68406,56.36772],[14.68397,56.36781],[14.68388,56.36792],[14.68383,56.36803],[14.68377,56.36812],[14.68369,56.36822],[14.68365,56.36832],[14.68361,56.36843],[14.68356,56.36853],[14.68358,56.36865],[14.68363,56.36882],[14.68363,56.36892],[14.6836,56.36904],[14.68358,56.36913],[14.68352,56.36923],[14.68341,56.36934],[14.68323,56.3695],[14.68316,56.36958],[14.68303,56.36972],[14.68296,56.3698],[14.68288,56.36989],[14.68278,56.36999],[14.68266,56.37007],[14.68256,56.37011],[14.68239,56.37015],[14.68222,56.37021],[14.68204,56.37027],[14.68183,56.3703],[14.68169,56.37034],[14.68149,56.37042],[14.68149,56.37042],[14.68142,56.37057],[14.68143,56.37071],[14.68145,56.37078],[14.68149,56.37093],[14.68156,56.37107],[14.68159,56.37112],[14.68159,56.37121],[14.68158,56.37142],[14.68156,56.37154],[14.68149,56.37168],[14.68139,56.37182],[14.68129,56.37193],[14.68126,56.37205],[14.68127,56.37222],[14.68129,56.37237],[14.6813,56.37258],[14.6813,56.37292],[14.68106,56.37327],[14.68055,56.37393],[14.68023,56.3746],[14.68,56.37505],[14.67934,56.37553],[14.67865,56.37608],[14.67842,56.37666],[14.67852,56.3772],[14.6788,56.37778],[14.67907,56.37836],[14.67899,56.3788],[14.67861,56.37919],[14.67795,56.37932],[14.67795,56.37932],[14.67766,56.37965],[14.67768,56.3803],[14.67797,56.38093],[14.67799,56.38139],[14.67786,56.38175],[14.67744,56.38209],[14.67716,56.38235],[14.67711,56.38266],[14.67701,56.3829],[14.67667,56.38309],[14.67619,56.38346],[14.67603,56.38376],[14.67592,56.38423],[14.67612,56.3846],[14.67638,56.38501],[14.6763,56.3854],[14.6761,56.38566],[14.67583,56.38595],[14.67578,56.38644],[14.67574,56.38683]],[[14.6843,56.36674],[14.6845,56.36641],[14.68471,56.36635],[14.68587,56.36655],[14.68567,56.36687],[14.6843,56.36674]]]},"properties":{"NVRID":"2054364","NAMN":"Mörrumsåns övre dalgång","SKYDDSTYP":"Naturreservat","LAN":"Blekinge Län","KOMMUN":"Karlshamn, Olofström, Tingsryd","IUCNKATEGORI":"IV, Habitat/Artskyddsområde (Habitat/Species Management Area)","FORVALTARE":"Länsstyrelsen i Blekinge län","AREA_HA":39.26,"URSPR_BESLUTSDATUM":"2020-11-19"}},{"type":"Feature","geometry":{"type":"Polygon","coordinates":[[[14.74635,56.2012],[14.74645,56.20129],[14.74676,56.20177],[14.74676,56.20177],[14.74681,56.2018],[14.74681,56.2018],[14.74783,56.2019],[14.74784,56.20194],[14.74773,56.20206],[14.74716,56.20255],[14.74712,56.20264],[14.74714,56.20313],[14.74714,56.20313],[14.74748,56.20348],[14.74748,56.20348],[14.74748,56.20348],[14.74766,56.20346],[14.74807,56.20449],[14.74807,56.20449],[14.74807,56.20449],[14.74807,56.20449],[14.74811,56.20449],[14.74818,56.20446],[14.74824,56.20444],[14.74888,56.20414],[14.74966,56.20379],[14.74966,56.20379],[14.74966,56.20379],[14.74966,56.20379],[14.7492,56.20344],[14.74904,56.20326],[14.74919,56.20322],[14.74928,56.20319],[14.7493,56.20317],[14.74967,56.20335],[14.74967,56.20335],[14.74967,56.20335],[14.7501,56.20291],[14.75064,56.20261],[14.75094,56.20251],[14.75094,56.20251],[14.75135,56.20213],[14.75156,56.20183],[14.75213,56.20187],[14.75183,56.20249],[14.75133,56.20307],[14.75115,56.2034],[14.75102,56.20355],[14.75086,56.20369],[14.7508,56.20387],[14.75076,56.2041],[14.75076,56.2041],[14.75237,56.20486],[14.75334,56.20507],[14.75352,56.20534],[14.7535,56.20561],[14.75296,56.20603],[14.75296,56.20603],[14.75299,56.20634],[14.75299,56.20634],[14.75299,56.20635],[14.75299,56.20635],[14.7536,56.20632],[14.75366,56.20632],[14.75379,56.20641],[14.75398,56.20654],[14.75408,56.20658],[14.7542,56.20662],[14.75431,56.20665],[14.75442,56.20665],[14.75463,56.20674],[14.75477,56.20682],[14.75488,56.20688],[14.75494,56.20692],[14.75503,56.20695],[14.75503,56.20702],[14.75498,56.20702],[14.75201,56.20716],[14.752,56.20716],[14.752,56.20716],[14.75209,56.20807],[14.75209,56.20807],[14.75209,56.20807],[14.75552,56.20791],[14.75544,56.20808],[14.75525,56.20836],[14.75459,56.20886],[14.75426,56.20907],[14.7541,56.20919],[14.75384,56.20913],[14.75368,56.20912],[14.75307,56.20909],[14.75307,56.20909],[14.75307,56.20909],[14.75306,56.20915],[14.75297,56.2096],[14.75297,56.2096],[14.75297,56.2096],[14.75297,56.2096],[14.75311,56.20961],[14.75318,56.20961],[14.75366,56.20962],[14.75385,56.20984],[14.75397,56.20995],[14.75417,56.21018],[14.7542,56.21032],[14.75296,56.21024],[14.7529,56.21024],[14.75281,56.21023],[14.75281,56.21023],[14.75281,56.21023],[14.75281,56.21023],[14.75281,56.21023],[14.75317,56.21043],[14.75325,56.21048],[14.75336,56.21056],[14.75351,56.21068],[14.75365,56.21079],[14.75379,56.2109],[14.75383,56.21096],[14.75372,56.21101],[14.75372,56.21101],[14.75372,56.21101],[14.75387,56.21121],[14.75385,56.21146],[14.75369,56.21149],[14.75292,56.21129],[14.75234,56.21131],[14.75234,56.21131],[14.75222,56.21145],[14.75224,56.21155],[14.75248,56.21176],[14.75251,56.21196],[14.75251,56.21196],[14.75251,56.21196],[14.75362,56.21202],[14.75353,56.21238],[14.75355,56.21264],[14.75353,56.21282],[14.75303,56.2128],[14.75303,56.2128],[14.75303,56.2128],[14.75281,56.21331],[14.75232,56.21362],[14.75232,56.21362],[14.75232,56.21362],[14.75232,56.21362],[14.75283,56.21379],[14.75294,56.21388],[14.75305,56.21415],[14.75325,56.21452],[14.75313,56.21461],[14.75264,56.21458],[14.75264,56.21458],[14.75264,56.21458],[14.75258,56.21504],[14.75226,56.21503],[14.75226,56.21503],[14.75226,56.21503],[14.75226,56.21507],[14.75226,56.21507],[14.75271,56.21523],[14.75295,56.21543],[14.75329,56.21605],[14.75326,56.21605],[14.75326,56.21605],[14.75326,56.21605],[14.75326,56.21606],[14.75376,56.21637],[14.75372,56.21687],[14.75324,56.21691],[14.75318,56.21691],[14.75246,56.21695],[14.75246,56.21695],[14.75246,56.21695],[14.75246,56.21695],[14.75267,56.21782],[14.7537,56.21942],[14.7537,56.21942],[14.75475,56.2194],[14.75479,56.2195],[14.75589,56.22042],[14.75619,56.22054],[14.75693,56.22106],[14.75715,56.22126],[14.75753,56.22185],[14.75754,56.22185],[14.75775,56.22188],[14.75799,56.22188],[14.75799,56.22188],[14.75799,56.22188],[14.75827,56.2217],[14.75892,56.22189],[14.75898,56.22205],[14.75898,56.22205],[14.75945,56.22223],[14.75995,56.22254],[14.7601,56.2229],[14.75977,56.22316],[14.75954,56.22355],[14.75954,56.22355],[14.75958,56.22361],[14.75844,56.22384],[14.75843,56.22384],[14.75843,56.22384],[14.75843,56.22384],[14.75946,56.22461],[14.75965,56.22502],[14.7598,56.22513],[14.76012,56.22552],[14.76013,56.22558],[14.76021,56.22593],[14.76062,56.22643],[14.76099,56.22687],[14.76093,56.22689],[14.76055,56.22701],[14.76055,56.22701],[14.76055,56.22701],[14.76055,56.22701],[14.76076,56.22707],[14.76092,56.22716],[14.76125,56.22737],[14.76141,56.22745],[14.76168,56.22749],[14.76177,56.22751],[14.76189,56.22749],[14.76196,56.22749],[14.76206,56.2275],[14.76238,56.22758],[14.76267,56.22762],[14.76233,56.2278],[14.76233,56.2278],[14.76233,56.2278],[14.76247,56.22789],[14.76247,56.22789],[14.76247,56.22789],[14.76332,56.22765],[14.7645,56.22771],[14.76525,56.22847],[14.76645,56.22911],[14.76593,56.22926],[14.76593,56.22926],[14.76593,56.22926],[14.76593,56.22926],[14.76593,56.22926],[14.76617,56.22937],[14.76709,56.22956],[14.76858,56.23043],[14.76954,56.23082],[14.77096,56.23167],[14.77186,56.2322],[14.77332,56.23268],[14.77332,56.23268],[14.77332,56.23268],[14.77353,56.23248],[14.77505,56.23333],[14.77581,56.23438],[14.77581,56.23438],[14.77581,56.23438],[14.7768,56.23429],[14.77712,56.23473],[14.77716,56.23499],[14.77709,56.2352],[14.77682,56.23536],[14.77642,56.23554],[14.77602,56.23579],[14.77569,56.23605],[14.77564,56.23628],[14.77575,56.23645],[14.776,56.23673],[14.77636,56.23702],[14.77666,56.2372],[14.77716,56.2374],[14.7776,56.23757],[14.7779,56.23773],[14.77803,56.23792],[14.77799,56.23811],[14.77773,56.23829],[14.77731,56.23848],[14.777,56.23868],[14.77691,56.23884],[14.77691,56.23903],[14.7774,56.23979],[14.77785,56.24022],[14.77913,56.24084],[14.77948,56.24113],[14.77997,56.24136],[14.78058,56.24157],[14.78116,56.24199],[14.78156,56.24241],[14.7813,56.24247],[14.7813,56.24247],[14.7813,56.24247],[14.78144,56.24259],[14.78151,56.2427],[14.78162,56.24281],[14.78169,56.24289],[14.78171,56.24296],[14.78179,56.24304],[14.78205,56.24328],[14.78207,56.24337],[14.78213,56.24341],[14.78234,56.24352],[14.7824,56.24361],[14.78243,56.24368],[14.78257,56.2438],[14.78254,56.24393],[14.78254,56.24393],[14.78254,56.24394],[14.78271,56.244],[14.78287,56.24411],[14.783,56.24419],[14.7832,56.24429],[14.78338,56.24441],[14.78356,56.24451],[14.78368,56.24459],[14.78375,56.24472],[14.78376,56.24487],[14.78378,56.245],[14.7839,56.24511],[14.78403,56.24518],[14.78415,56.24527],[14.78434,56.24541],[14.78449,56.24549],[14.78513,56.24603],[14.78518,56.24614],[14.78517,56.24642],[14.78518,56.24649],[14.78516,56.24662],[14.78511,56.24671],[14.7849,56.24695],[14.78438,56.24743],[14.78415,56.24776],[14.78393,56.24801],[14.78364,56.24836],[14.7835,56.24882],[14.78356,56.24889],[14.78361,56.24898],[14.78346,56.24921],[14.78318,56.24935],[14.78273,56.24952],[14.78219,56.24972],[14.78192,56.24988],[14.78146,56.25023],[14.78146,56.25023],[14.78146,56.25023],[14.78173,56.25033],[14.78193,56.25041],[14.78193,56.25041],[14.78193,56.25041],[14.78193,56.25041],[14.78208,56.25028],[14.78221,56.25019],[14.78233,56.25011],[14.78241,56.25001],[14.78247,56.24993],[14.78262,56.24987],[14.78277,56.24979],[14.7829,56.24973],[14.78309,56.24966],[14.78324,56.24961],[14.78341,56.24954],[14.78358,56.24948],[14.7838,56.24942],[14.784,56.24936],[14.7841,56.24931],[14.78417,56.2492],[14.7842,56.24913],[14.78421,56.24902],[14.78411,56.24884],[14.78411,56.24873],[14.78413,56.24859],[14.78421,56.24851],[14.78428,56.24844],[14.78431,56.24828],[14.78444,56.2481],[14.7845,56.24798],[14.78454,56.24788],[14.78466,56.24779],[14.78481,56.24759],[14.78502,56.2474],[14.78514,56.2473],[14.78531,56.24716],[14.78544,56.24703],[14.78551,56.247],[14.78556,56.24696],[14.7856,56.24691],[14.78565,56.24676],[14.78566,56.24664],[14.78568,56.24646],[14.78565,56.24635],[14.78567,56.24621],[14.78564,56.24599],[14.78553,56.2459],[14.78536,56.24579],[14.78524,56.24569],[14.78515,56.24559],[14.78497,56.24546],[14.78475,56.24534],[14.78461,56.24527],[14.78445,56.24518],[14.78432,56.24509],[14.78427,56.24499],[14.78428,56.24491],[14.78429,56.24483],[14.78419,56.24472],[14.78396,56.24455],[14.78377,56.2444],[14.78355,56.24426],[14.78328,56.24411],[14.78311,56.24398],[14.78306,56.24388],[14.78321,56.24381],[14.78331,56.24372],[14.78337,56.24364],[14.78337,56.24364],[14.78329,56.2435],[14.78315,56.24342],[14.78301,56.24331],[14.78298,56.24326],[14.78298,56.24326],[14.78298,56.24326],[14.7828,56.24327],[14.78266,56.24323],[14.78251,56.24314],[14.78234,56.24305],[14.78227,56.24296],[14.78218,56.24282],[14.78209,56.2427],[14.78203,56.24263],[14.78199,56.24255],[14.78207,56.24248],[14.78207,56.24248],[14.78207,56.24247],[14.7819,56.24239],[14.78174,56.24228],[14.78161,56.24216],[14.78153,56.24208],[14.78296,56.24178],[14.78296,56.24178],[14.78296,56.24178],[14.78296,56.24178],[14.78248,56.241],[14.78236,56.24071],[14.78218,56.24032],[14.78225,56.23964],[14.78243,56.23937],[14.78264,56.23917],[14.78264,56.23916],[14.78266,56.23878],[14.78248,56.23839],[14.78246,56.23827],[14.78291,56.23716],[14.78314,56.23677],[14.78328,56.23658],[14.78332,56.23653],[14.78341,56.23637],[14.78342,56.23628],[14.78332,56.23606],[14.78267,56.23577],[14.78252,56.23567],[14.78245,56.23552],[14.78243,56.23534],[14.78247,56.23515],[14.78239,56.23499],[14.78231,56.23491],[14.78231,56.23491],[14.78231,56.23491],[14.78231,56.23491],[14.78088,56.23582],[14.77959,56.23718],[14.77806,56.23685],[14.77794,56.23645],[14.77807,56.23607],[14.77807,56.23607],[14.77806,56.23607],[14.77806,56.23607],[14.77737,56.2361],[14.77728,56.23572],[14.77807,56.23557],[14.77807,56.23557],[14.77838,56.23532],[14.77981,56.23521],[14.77981,56.23521],[14.77981,56.23521],[14.77981,56.23521],[14.77981,56.23521],[14.77945,56.23506],[14.7794,56.23478],[14.78098,56.2346],[14.78168,56.23471],[14.78168,56.23471],[14.78168,56.23471],[14.78187,56.23451],[14.78187,56.23451],[14.78143,56.23409],[14.78126,56.23397],[14.78049,56.23323],[14.78049,56.23323],[14.78002,56.23315],[14.77974,56.23318],[14.77952,56.23325],[14.77892,56.23334],[14.77856,56.23353],[14.77818,56.23361],[14.77779,56.23349],[14.77735,56.2335],[14.77688,56.23326],[14.77675,56.23317],[14.7766,56.23293],[14.77653,56.2327],[14.7765,56.23217],[14.77646,56.23211],[14.77607,56.23185],[14.77577,56.23156],[14.77573,56.23123],[14.77573,56.23123],[14.77554,56.23114],[14.77525,56.23084],[14.77498,56.23075],[14.77498,56.23075],[14.77471,56.23076],[14.77421,56.23083],[14.77338,56.23068],[14.77239,56.23042],[14.77198,56.23017],[14.77187,56.22989],[14.77187,56.22965],[14.77163,56.22944],[14.77091,56.2292],[14.76983,56.22877],[14.7694,56.22855],[14.7692,56.22836],[14.76914,56.22819],[14.76914,56.22819],[14.76914,56.22819],[14.76891,56.22821],[14.76849,56.22822],[14.76851,56.22817],[14.76846,56.22812],[14.76798,56.22797],[14.76737,56.22776],[14.76666,56.22747],[14.76649,56.22735],[14.7661,56.22702],[14.76592,56.22656],[14.76592,56.22656],[14.76592,56.22656],[14.765,56.22655],[14.76527,56.22626],[14.76549,56.22601],[14.76613,56.2253],[14.76661,56.22478],[14.76717,56.22413],[14.76776,56.22344],[14.76857,56.22356],[14.76857,56.22356],[14.76862,56.22355],[14.76862,56.22355],[14.76862,56.22355],[14.76866,56.22322],[14.76866,56.223],[14.7687,56.22272],[14.76899,56.22181],[14.76906,56.22143],[14.76906,56.22131],[14.76906,56.22113],[14.76906,56.22111],[14.76904,56.22098],[14.76901,56.2208],[14.76891,56.22048],[14.7688,56.22019],[14.76879,56.22013],[14.76871,56.21987],[14.76828,56.21899],[14.76821,56.21881],[14.76819,56.21867],[14.76819,56.21858],[14.76819,56.21858],[14.76819,56.21858],[14.7676,56.21852],[14.76693,56.21857],[14.76714,56.21802],[14.76714,56.21802],[14.76714,56.21802],[14.76714,56.21802],[14.76626,56.218],[14.76626,56.218],[14.76588,56.21858],[14.76606,56.21925],[14.76614,56.2197],[14.7662,56.22017],[14.76538,56.22023],[14.76538,56.22023],[14.76538,56.22023],[14.76535,56.22058],[14.76443,56.22079],[14.76442,56.21987],[14.76442,56.21987],[14.76442,56.21987],[14.76412,56.21984],[14.76412,56.21984],[14.76322,56.22],[14.76299,56.2196],[14.76299,56.2196],[14.7627,56.21956],[14.76174,56.21974],[14.76143,56.21962],[14.76151,56.21924],[14.76108,56.21865],[14.76107,56.21865],[14.76043,56.21865],[14.76044,56.21839],[14.76044,56.21839],[14.75986,56.21822],[14.75957,56.21824],[14.75956,56.21824],[14.75943,56.21852],[14.75886,56.21841],[14.75891,56.21819],[14.75891,56.21819],[14.75801,56.21777],[14.75662,56.21738],[14.7563,56.21685],[14.75676,56.21651],[14.75709,56.2154],[14.75739,56.21439],[14.75786,56.21346],[14.7578,56.21335],[14.7578,56.21335],[14.7573,56.21308],[14.75691,56.21295],[14.75677,56.21282],[14.75644,56.21277],[14.7557,56.21259],[14.75585,56.21215],[14.75631,56.21195],[14.75631,56.21195],[14.75661,56.21123],[14.75661,56.21123],[14.75612,56.21066],[14.75552,56.21031],[14.7555,56.21021],[14.75511,56.20985],[14.75517,56.20967],[14.75517,56.20967],[14.75486,56.20951],[14.7549,56.20929],[14.75559,56.20931],[14.75592,56.2093],[14.75592,56.2093],[14.75644,56.20873],[14.75658,56.20804],[14.75718,56.20797],[14.75811,56.20786],[14.75849,56.20781],[14.75849,56.20781],[14.75849,56.20781],[14.75841,56.20764],[14.75841,56.20764],[14.75775,56.2072],[14.75641,56.20537],[14.75598,56.20494],[14.75579,56.20479],[14.75556,56.20435],[14.75482,56.20352],[14.75417,56.20272],[14.75407,56.20241],[14.75405,56.20204],[14.75405,56.20204],[14.75389,56.20188],[14.75389,56.20188],[14.75335,56.20183],[14.75352,56.20153],[14.75356,56.20126],[14.75356,56.20126],[14.75338,56.20102],[14.75258,56.20056],[14.75216,56.20048],[14.75216,56.20048],[14.75119,56.20068],[14.75119,56.20068],[14.75115,56.20079],[14.74969,56.20088],[14.74948,56.20054],[14.74947,56.20054],[14.74947,56.20054],[14.74852,56.20071],[14.74809,56.20079],[14.74766,56.20068],[14.74772,56.20055],[14.74776,56.20046],[14.74794,56.20044],[14.74795,56.20044],[14.74795,56.20044],[14.74792,56.20032],[14.74791,56.20032],[14.74791,56.20032],[14.74777,56.20033],[14.74778,56.20029],[14.74778,56.20029],[14.74775,56.20026],[14.74761,56.20015],[14.74761,56.2001],[14.74763,56.2001],[14.74809,56.20015],[14.74811,56.20018],[14.74826,56.20038],[14.74826,56.20038],[14.74826,56.20038],[14.74915,56.20024],[14.74927,56.20022],[14.74986,56.20012],[14.74986,56.20012],[14.74986,56.20012],[14.74984,56.19971],[14.75021,56.19972],[14.75022,56.19972],[14.75022,56.19972],[14.75031,56.19956],[14.75021,56.19936],[14.75038,56.19918],[14.75057,56.19895],[14.75063,56.19835],[14.75055,56.19817],[14.75039,56.19796],[14.75039,56.19796],[14.75039,56.19796],[14.75039,56.19796],[14.75001,56.19803],[14.74989,56.19784],[14.74989,56.19784],[14.74989,56.19784],[14.74949,56.19786],[14.74925,56.19791],[14.74839,56.1979],[14.74839,56.1979],[14.74839,56.1979],[14.74836,56.19797],[14.74828,56.19808],[14.74817,56.19825],[14.74809,56.19835],[14.74803,56.19839],[14.74787,56.19837],[14.74772,56.19842],[14.74746,56.19843],[14.74746,56.19843],[14.74746,56.19843],[14.74746,56.19843],[14.74758,56.19876],[14.74751,56.19905],[14.74687,56.19901],[14.74687,56.19901],[14.74687,56.19901],[14.74681,56.19927],[14.74672,56.19927],[14.74544,56.19934],[14.74544,56.19934],[14.74544,56.19934],[14.74544,56.19934],[14.74584,56.20003],[14.74618,56.20063],[14.74618,56.20063],[14.74618,56.20063],[14.74669,56.2006],[14.74671,56.20066],[14.74659,56.20066],[14.74658,56.20066],[14.74658,56.20066],[14.74653,56.20083],[14.74547,56.20079],[14.74547,56.20079],[14.74547,56.20079],[14.74547,56.20079],[14.74547,56.20079],[14.74555,56.20094],[14.74562,56.20105],[14.74562,56.20105],[14.74567,56.20108],[14.74635,56.2012]],[[14.75329,56.21367],[14.75332,56.21353],[14.75358,56.21345],[14.75363,56.21336],[14.75396,56.21337],[14.75392,56.21371],[14.75329,56.21367]],[[14.76121,56.22369],[14.76133,56.22349],[14.76134,56.22331],[14.76173,56.22327],[14.762,56.2233],[14.76208,56.22334],[14.76211,56.2235],[14.76208,56.22369],[14.76186,56.22386],[14.76159,56.22383],[14.76121,56.22369]],[[14.76457,56.22302],[14.76476,56.2228],[14.765,56.2227],[14.76502,56.22281],[14.76502,56.22281],[14.76502,56.22281],[14.76573,56.22284],[14.76564,56.2234],[14.76457,56.22302]],[[14.76523,56.22192],[14.76527,56.22169],[14.76744,56.22169],[14.76746,56.2222],[14.76523,56.22192]]]},"properties":{"NVRID":"2059141","NAMN":"Mörrumsåns nedre dalgång","SKYDDSTYP":"Naturreservat","LAN":"Blekinge Län","KOMMUN":"Karlshamn","IUCNKATEGORI":"IV, Habitat/Artskyddsområde (Habitat/Species Management Area)","FORVALTARE":"Länsstyrelsen i Blekinge län","AREA_HA":155.333,"URSPR_BESLUTSDATUM":"2022-11-22"}},{"type":"Feature","geometry":{"type":"MultiPolygon","coordinates":[[[[15.84706,56.23722],[15.84694,56.23736],[15.84694,56.23736],[15.84754,56.23796],[15.84744,56.23831],[15.84778,56.2387],[15.84804,56.23912],[15.84757,56.23919],[15.84757,56.23919],[15.84757,56.23919],[15.84757,56.23919],[15.84775,56.23951],[15.84705,56.23967],[15.84697,56.2397],[15.84697,56.2397],[15.84697,56.23971],[15.84699,56.23999],[15.84702,56.24012],[15.84703,56.24012],[15.84703,56.24012],[15.84741,56.24011],[15.84775,56.24112],[15.8479,56.24128],[15.84862,56.24161],[15.85125,56.24216],[15.85125,56.24216],[15.8515,56.2421],[15.85195,56.24207],[15.85297,56.24202],[15.85455,56.2433],[15.85455,56.2433],[15.85455,56.2433],[15.856,56.24292],[15.856,56.24292],[15.856,56.24292],[15.85564,56.24255],[15.85473,56.24207],[15.85573,56.24175],[15.85573,56.24175],[15.85573,56.24175],[15.85573,56.24175],[15.8553,56.24138],[15.8553,56.24138],[15.8553,56.24138],[15.85486,56.24146],[15.85449,56.24159],[15.85408,56.24179],[15.85375,56.24188],[15.85344,56.24166],[15.85158,56.24098],[15.85132,56.23804],[15.85132,56.23804],[15.85132,56.23804],[15.85132,56.23804],[15.85078,56.23817],[15.85021,56.23819],[15.84921,56.23715],[15.84848,56.23691],[15.84808,56.23685],[15.84759,56.23684],[15.84759,56.23684],[15.84745,56.23693],[15.84673,56.23706],[15.84673,56.23706],[15.84673,56.23706],[15.84683,56.23719],[15.84683,56.23719],[15.84706,56.23722]]],[[[15.84005,56.23922],[15.83989,56.23911],[15.83989,56.23911],[15.83934,56.23914],[15.83882,56.23935],[15.83314,56.24219],[15.83104,56.24307],[15.83104,56.24307],[15.83104,56.24307],[15.83143,56.24409],[15.83143,56.24409],[15.83143,56.24409],[15.83144,56.24409],[15.83318,56.24364],[15.83495,56.24318],[15.83753,56.2425],[15.8393,56.24205],[15.84106,56.24159],[15.84306,56.24107],[15.84306,56.24107],[15.84435,56.24018],[15.84564,56.23978],[15.8459,56.23949],[15.84605,56.23912],[15.84605,56.23912],[15.84577,56.23897],[15.84577,56.23897],[15.84577,56.23897],[15.84577,56.23897],[15.84567,56.23904],[15.84505,56.23901],[15.84505,56.23901],[15.84505,56.23901],[15.84505,56.23901],[15.84501,56.23955],[15.84428,56.23957],[15.84373,56.2395],[15.84377,56.23931],[15.84405,56.23905],[15.84405,56.23905],[15.84405,56.23905],[15.84403,56.23903],[15.84403,56.23903],[15.84403,56.23903],[15.84354,56.239],[15.84316,56.23901],[15.84285,56.23905],[15.84268,56.23911],[15.84246,56.23929],[15.84229,56.23935],[15.84196,56.23942],[15.84178,56.23942],[15.84149,56.23932],[15.84123,56.23932],[15.84085,56.23946],[15.84044,56.23956],[15.84005,56.23922]]]]},"properties":{"NVRID":"2063081","NAMN":"Flyeboda","SKYDDSTYP":"Naturreservat","LAN":"Blekinge Län","KOMMUN":"Karlskrona","IUCNKATEGORI":"IV, Habitat/Artskyddsområde (Habitat/Species Management Area)","FORVALTARE":"Länsstyrelsen i Blekinge län","AREA_HA":33.677,"URSPR_BESLUTSDATUM":"2024-04-04"}},{"type":"Feature","geometry":{"type":"Polygon","coordinates":[[[15.39715,56.1365],[15.39646,56.13835],[15.39646,56.13835],[15.40315,56.1432],[15.40434,56.14408],[15.40676,56.14994],[15.40905,56.15258],[15.40905,56.15258],[15.40905,56.15258],[15.40905,56.15258],[15.40905,56.15259],[15.40905,56.15259],[15.41191,56.15436],[15.41191,56.15436],[15.41191,56.15436],[15.41891,56.15341],[15.42057,56.15264],[15.42176,56.15157],[15.42539,56.15161],[15.42572,56.15154],[15.42592,56.15139],[15.42614,56.15124],[15.42614,56.15124],[15.42723,56.14862],[15.42992,56.14744],[15.4315,56.14446],[15.43624,56.14218],[15.43624,56.14218],[15.43606,56.14151],[15.43544,56.13969],[15.43642,56.13596],[15.43574,56.1346],[15.43693,56.13271],[15.43702,56.13163],[15.43701,56.1307],[15.43584,56.12841],[15.44013,56.12341],[15.44013,56.12341],[15.44013,56.12341],[15.44013,56.12341],[15.43628,56.12298],[15.42741,56.1213],[15.4154,56.11605],[15.41225,56.10967],[15.41226,56.10967],[15.41226,56.10967],[15.41226,56.10966],[15.41223,56.10967],[15.40344,56.10974],[15.39005,56.11002],[15.39005,56.11002],[15.39004,56.11002],[15.39128,56.12777],[15.39151,56.13101],[15.39329,56.13351],[15.39715,56.1365]],[[15.42424,56.13551],[15.42455,56.13529],[15.4246,56.13528],[15.42531,56.13546],[15.42551,56.13551],[15.42526,56.13573],[15.42523,56.13575],[15.4252,56.13575],[15.42508,56.13573],[15.42507,56.13573],[15.42494,56.1358],[15.42464,56.13564],[15.42464,56.13564],[15.42464,56.13564],[15.42457,56.1357],[15.42424,56.13551]],[[15.41417,56.14156],[15.41419,56.14156],[15.41419,56.14156],[15.41456,56.1413],[15.41475,56.14125],[15.41491,56.14138],[15.41511,56.14149],[15.41505,56.14178],[15.41459,56.14193],[15.41455,56.14192],[15.41431,56.14174],[15.41428,56.14164],[15.41418,56.14159],[15.41417,56.14156]],[[15.42029,56.14506],[15.42032,56.14503],[15.42027,56.14483],[15.42027,56.14481],[15.42028,56.14479],[15.4203,56.14477],[15.42033,56.14476],[15.42037,56.14476],[15.42058,56.14475],[15.42058,56.14475],[15.42058,56.14475],[15.42061,56.14459],[15.42066,56.14433],[15.42095,56.14432],[15.42095,56.14449],[15.42099,56.14462],[15.42107,56.14484],[15.42112,56.14497],[15.42076,56.1451],[15.42031,56.14514],[15.42029,56.14506]]]},"properties":{"NVRID":"2000062","NAMN":"Listerby skärgård","SKYDDSTYP":"Naturreservat","LAN":"Blekinge Län","KOMMUN":"Karlskrona, Ronneby","IUCNKATEGORI":"IV, Habitat/Artskyddsområde (Habitat/Species Management Area)","FORVALTARE":"Länsstyrelsen i Blekinge län","AREA_HA":1003.386,"URSPR_BESLUTSDATUM":"1981-10-15"}},{"type":"Feature","geometry":{"type":"Polygon","coordinates":[[[15.38009,56.23274],[15.38009,56.23274],[15.38009,56.23274],[15.38002,56.23278],[15.37977,56.23292],[15.37977,56.23292],[15.37994,56.23344],[15.37994,56.23375],[15.38008,56.23405],[15.38036,56.23446],[15.38036,56.23446],[15.38083,56.23449],[15.38057,56.23528],[15.3807,56.23607],[15.3807,56.23607],[15.38115,56.23621],[15.38166,56.23644],[15.38232,56.23672],[15.38331,56.2373],[15.38331,56.2373],[15.38331,56.2373],[15.38332,56.2373],[15.38333,56.2364],[15.38333,56.23615],[15.38434,56.23621],[15.38434,56.23621],[15.38501,56.23599],[15.38526,56.23613],[15.38526,56.23613],[15.38551,56.23615],[15.38617,56.23619],[15.38617,56.23619],[15.38636,56.23608],[15.38667,56.23606],[15.38668,56.23606],[15.38679,56.2359],[15.38679,56.2359],[15.38675,56.23581],[15.38675,56.23581],[15.38657,56.23576],[15.38669,56.23555],[15.38684,56.2355],[15.38698,56.23546],[15.38733,56.23543],[15.38733,56.23543],[15.38733,56.23543],[15.38776,56.23458],[15.38776,56.23458],[15.38744,56.23427],[15.38718,56.23389],[15.38701,56.2337],[15.38689,56.23361],[15.38689,56.23361],[15.38689,56.23361],[15.38576,56.23383],[15.38547,56.23381],[15.38528,56.23372],[15.38517,56.23363],[15.38582,56.23334],[15.38634,56.23298],[15.38653,56.23272],[15.38674,56.23219],[15.38674,56.23219],[15.38674,56.23219],[15.38674,56.23219],[15.38578,56.23218],[15.38578,56.23218],[15.38578,56.23218],[15.38578,56.23219],[15.38583,56.23258],[15.3857,56.23278],[15.38546,56.2329],[15.38481,56.23311],[15.38468,56.23312],[15.38376,56.23295],[15.38362,56.23263],[15.38359,56.23243],[15.38355,56.23198],[15.38355,56.23198],[15.38355,56.23198],[15.38306,56.23197],[15.38272,56.23196],[15.38271,56.23196],[15.38205,56.23245],[15.38098,56.23256],[15.38098,56.23256],[15.38087,56.23271],[15.38022,56.23284],[15.38009,56.23274]]]},"properties":{"NVRID":"2000045","NAMN":"Tallet","SKYDDSTYP":"Naturreservat","LAN":"Blekinge Län","KOMMUN":"Ronneby","IUCNKATEGORI":"Ia, Strikt naturreservat (Strict Nature Reserve)","FORVALTARE":"Länsstyrelsen i Blekinge län","AREA_HA":17.008,"URSPR_BESLUTSDATUM":"1961-06-27"}},{"type":"Feature","geometry":{"type":"MultiPolygon","coordinates":[[[[15.47714,56.27695],[15.47714,56.27695],[15.47718,56.27703],[15.47718,56.27703],[15.47719,56.27703],[15.47769,56.27703],[15.4784,56.27689],[15.4787,56.27686],[15.4787,56.27686],[15.4787,56.27686],[15.47862,56.27671],[15.47836,56.27649],[15.47831,56.27645],[15.47831,56.27645],[15.47831,56.27645],[15.47831,56.27645],[15.47831,56.27645],[15.47823,56.27651],[15.47744,56.27657],[15.47744,56.27657],[15.47714,56.27695]]],[[[15.46599,56.29044],[15.46552,56.29029],[15.4651,56.29011],[15.46499,56.29002],[15.46489,56.28991],[15.46489,56.28991],[15.46489,56.28991],[15.46309,56.29121],[15.46309,56.29121],[15.46371,56.29225],[15.46432,56.2932],[15.46457,56.29353],[15.46457,56.29353],[15.46516,56.29361],[15.46532,56.29361],[15.46596,56.29363],[15.4671,56.29369],[15.46688,56.29454],[15.46659,56.29487],[15.46659,56.29487],[15.46659,56.29487],[15.46659,56.29487],[15.46751,56.29505],[15.46809,56.29486],[15.46863,56.29459],[15.46926,56.29441],[15.46926,56.29441],[15.46926,56.29441],[15.46903,56.2942],[15.46891,56.29401],[15.46898,56.29361],[15.46896,56.29329],[15.46905,56.29311],[15.46933,56.29276],[15.46941,56.29258],[15.46941,56.29258],[15.46941,56.29257],[15.4692,56.29249],[15.46912,56.29223],[15.46941,56.29194],[15.46971,56.29145],[15.4698,56.29137],[15.4698,56.29136],[15.4698,56.29136],[15.4698,56.29136],[15.4697,56.29136],[15.46938,56.29144],[15.46909,56.29104],[15.46959,56.29086],[15.47027,56.29062],[15.47101,56.29033],[15.47147,56.2901],[15.47192,56.28971],[15.47193,56.28945],[15.47206,56.28928],[15.47259,56.28914],[15.4728,56.28893],[15.4729,56.28867],[15.47335,56.28813],[15.47335,56.28813],[15.47335,56.28813],[15.47316,56.2881],[15.47338,56.28798],[15.47338,56.28798],[15.47392,56.28693],[15.47389,56.28681],[15.47435,56.28687],[15.47435,56.28687],[15.47435,56.28687],[15.47448,56.28669],[15.47452,56.28664],[15.47471,56.28639],[15.47471,56.28639],[15.47471,56.28639],[15.47471,56.28639],[15.47386,56.28622],[15.47325,56.28613],[15.47194,56.286],[15.47146,56.28597],[15.47061,56.28598],[15.46989,56.28604],[15.46925,56.28607],[15.46925,56.28607],[15.46925,56.28608],[15.46929,56.28621],[15.46932,56.28639],[15.46914,56.28678],[15.46884,56.28717],[15.4685,56.28707],[15.46866,56.28682],[15.46866,56.28668],[15.46866,56.28668],[15.46866,56.28668],[15.46814,56.28661],[15.46792,56.28662],[15.46792,56.28662],[15.46792,56.28662],[15.46779,56.28687],[15.467,56.28675],[15.46699,56.28675],[15.46699,56.28675],[15.46699,56.28675],[15.46699,56.28697],[15.46691,56.28701],[15.4664,56.28692],[15.46627,56.28675],[15.46627,56.28675],[15.46586,56.28658],[15.46554,56.28653],[15.46554,56.28653],[15.46554,56.28653],[15.46533,56.28678],[15.46533,56.28678],[15.46533,56.28678],[15.46864,56.28735],[15.46821,56.28828],[15.46821,56.28828],[15.46821,56.28828],[15.46874,56.28841],[15.46855,56.28868],[15.46855,56.28868],[15.46855,56.28868],[15.4688,56.2888],[15.46898,56.28893],[15.46882,56.28932],[15.46874,56.28938],[15.46836,56.28964],[15.46798,56.28952],[15.46767,56.28944],[15.46741,56.28943],[15.46694,56.28944],[15.46694,56.28944],[15.46694,56.28945],[15.46694,56.28945],[15.46695,56.28949],[15.46695,56.28949],[15.46708,56.28954],[15.46703,56.2896],[15.46701,56.28972],[15.4671,56.28987],[15.4668,56.29015],[15.46664,56.29039],[15.46636,56.29061],[15.46599,56.29044]]],[[[15.46695,56.28184],[15.46667,56.28237],[15.46642,56.28263],[15.46637,56.28295],[15.46637,56.28295],[15.46637,56.28295],[15.46644,56.28295],[15.46659,56.2832],[15.46683,56.28334],[15.46719,56.28361],[15.46719,56.28361],[15.46763,56.28364],[15.46769,56.28368],[15.46789,56.28397],[15.46783,56.28415],[15.46779,56.28433],[15.46737,56.28428],[15.46737,56.28428],[15.46737,56.28428],[15.4672,56.28447],[15.46713,56.28462],[15.46694,56.28473],[15.4669,56.28481],[15.46682,56.28514],[15.46682,56.28514],[15.46686,56.28519],[15.46696,56.28524],[15.46778,56.28539],[15.46743,56.28576],[15.46743,56.28576],[15.46743,56.28577],[15.46743,56.28577],[15.46842,56.28589],[15.4688,56.28591],[15.46937,56.28591],[15.46988,56.28589],[15.47075,56.28581],[15.47126,56.2858],[15.47183,56.28583],[15.47295,56.28594],[15.47384,56.28606],[15.47483,56.28625],[15.47483,56.28625],[15.47483,56.28625],[15.47493,56.28611],[15.47514,56.28584],[15.4753,56.2857],[15.47543,56.28554],[15.47569,56.28518],[15.47581,56.28503],[15.4759,56.28492],[15.47607,56.2847],[15.47627,56.28443],[15.47641,56.28424],[15.47641,56.28424],[15.47641,56.28424],[15.4764,56.28424],[15.47522,56.28416],[15.47495,56.28378],[15.47515,56.2833],[15.47516,56.28328],[15.47524,56.28329],[15.47524,56.28329],[15.47524,56.28329],[15.47517,56.28284],[15.47517,56.28284],[15.47476,56.28247],[15.4748,56.28227],[15.4748,56.28227],[15.4748,56.28227],[15.47268,56.28212],[15.47269,56.28173],[15.47308,56.28158],[15.47334,56.28145],[15.47348,56.28131],[15.47352,56.28106],[15.47352,56.28106],[15.47351,56.28106],[15.47351,56.28105],[15.47319,56.28103],[15.47328,56.28085],[15.47449,56.28016],[15.47449,56.28016],[15.47451,56.28012],[15.47484,56.28018],[15.47484,56.28018],[15.47484,56.28018],[15.47511,56.27971],[15.47532,56.27947],[15.47532,56.27947],[15.47532,56.27947],[15.47499,56.27939],[15.47525,56.27906],[15.47547,56.2791],[15.47547,56.2791],[15.47547,56.2791],[15.4757,56.27873],[15.4757,56.27873],[15.47564,56.27852],[15.47579,56.27832],[15.47579,56.27831],[15.47579,56.27831],[15.47554,56.27823],[15.4756,56.27803],[15.47571,56.27782],[15.47578,56.27736],[15.47578,56.27736],[15.47577,56.27736],[15.47532,56.27726],[15.47571,56.27685],[15.47571,56.27685],[15.47571,56.27685],[15.47533,56.27669],[15.47555,56.27654],[15.47613,56.27647],[15.47647,56.27635],[15.47694,56.27616],[15.47694,56.27616],[15.47691,56.27585],[15.47691,56.27585],[15.47668,56.2758],[15.47633,56.27582],[15.47633,56.27582],[15.47599,56.27602],[15.47539,56.2759],[15.47487,56.27554],[15.47456,56.27545],[15.47411,56.27547],[15.47337,56.27545],[15.47305,56.27514],[15.47305,56.27514],[15.4727,56.27509],[15.47217,56.2751],[15.47172,56.27523],[15.47048,56.27546],[15.47048,56.27546],[15.47048,56.27546],[15.47048,56.27546],[15.47048,56.27546],[15.47236,56.27598],[15.47274,56.27608],[15.47294,56.27613],[15.47288,56.27665],[15.47282,56.27672],[15.47293,56.27693],[15.47269,56.27717],[15.47191,56.27696],[15.47134,56.27685],[15.47134,56.27685],[15.47134,56.27685],[15.47133,56.27685],[15.47105,56.27723],[15.4709,56.2772],[15.4709,56.2772],[15.4709,56.2772],[15.47073,56.27747],[15.47057,56.27765],[15.47004,56.27755],[15.46932,56.27739],[15.46932,56.27739],[15.46932,56.27739],[15.46932,56.2774],[15.4692,56.27756],[15.46914,56.27776],[15.46881,56.27769],[15.4688,56.27769],[15.4688,56.27769],[15.46859,56.27789],[15.46836,56.278],[15.46712,56.27774],[15.46712,56.27774],[15.46712,56.27774],[15.4668,56.27795],[15.46676,56.2781],[15.46676,56.2781],[15.46706,56.2784],[15.46686,56.27876],[15.46638,56.27957],[15.46619,56.27986],[15.46597,56.28021],[15.46582,56.28048],[15.46583,56.28048],[15.46583,56.28049],[15.46639,56.28053],[15.46629,56.28108],[15.46627,56.28119],[15.46607,56.28129],[15.46571,56.2814],[15.46539,56.28164],[15.46457,56.28204],[15.46411,56.28224],[15.46411,56.28225],[15.46411,56.28225],[15.46411,56.28225],[15.4643,56.28235],[15.46444,56.28248],[15.46444,56.28248],[15.46507,56.28258],[15.46522,56.28257],[15.46522,56.28257],[15.46561,56.28242],[15.46593,56.28227],[15.46594,56.28227],[15.4661,56.28206],[15.46695,56.28184]],[[15.4703,56.28139],[15.47059,56.2811],[15.47086,56.28104],[15.47104,56.28116],[15.47094,56.28137],[15.47108,56.28159],[15.47068,56.28193],[15.46985,56.28187],[15.46985,56.28166],[15.4703,56.28139]],[[15.46779,56.28287],[15.46789,56.28278],[15.46811,56.28265],[15.46832,56.28273],[15.46833,56.28273],[15.46854,56.28268],[15.46933,56.28259],[15.4698,56.28241],[15.47026,56.28229],[15.47051,56.28232],[15.47051,56.28232],[15.47103,56.28218],[15.47112,56.28232],[15.47094,56.28241],[15.47079,56.28266],[15.47068,56.28311],[15.46773,56.283],[15.46779,56.28287]]]]},"properties":{"NVRID":"2064822","NAMN":"Jämsunda","SKYDDSTYP":"Naturreservat","LAN":"Blekinge Län","KOMMUN":"Karlskrona","IUCNKATEGORI":"IV, Habitat/Artskyddsområde (Habitat/Species Management Area)","FORVALTARE":"Länsstyrelsen i Blekinge län","AREA_HA":81.283,"URSPR_BESLUTSDATUM":"2024-12-03"}},{"type":"Feature","geometry":{"type":"Polygon","coordinates":[[[14.68266,56.36158],[14.68105,56.36453],[14.68105,56.36453],[14.68105,56.36453],[14.68352,56.36594],[14.6839,56.36608],[14.68392,56.36609],[14.68392,56.36609],[14.68392,56.36609],[14.68392,56.36609],[14.68392,56.36609],[14.68392,56.36604],[14.68392,56.36593],[14.68397,56.36589],[14.68416,56.36569],[14.68425,56.36564],[14.68445,56.36551],[14.68472,56.36545],[14.68495,56.36553],[14.68572,56.36571],[14.68632,56.36574],[14.68632,56.36574],[14.68632,56.36574],[14.687,56.36457],[14.68771,56.36341],[14.68914,56.36117],[14.68952,56.36056],[14.68985,56.35988],[14.69014,56.35916],[14.69018,56.35899],[14.69024,56.35889],[14.69026,56.35885],[14.69029,56.35879],[14.69031,56.35875],[14.69033,56.35868],[14.69037,56.35862],[14.69042,56.35856],[14.69049,56.35852],[14.69047,56.35848],[14.69049,56.3584],[14.69052,56.35833],[14.69057,56.35823],[14.69062,56.35814],[14.69069,56.35806],[14.6908,56.358],[14.69074,56.35821],[14.69064,56.35849],[14.69054,56.35876],[14.69034,56.35919],[14.68964,56.36076],[14.68819,56.36308],[14.68667,56.36552],[14.68665,56.36556],[14.68657,56.36571],[14.68657,56.36571],[14.68657,56.36571],[14.68657,56.36571],[14.68669,56.36573],[14.68669,56.36573],[14.68669,56.36573],[14.6867,56.36573],[14.68677,56.36558],[14.68724,56.36533],[14.68767,56.36553],[14.68728,56.36585],[14.68728,56.36585],[14.68728,56.36585],[14.68897,56.36613],[14.68897,56.36613],[14.68897,56.36613],[14.6906,56.36471],[14.69106,56.35998],[14.69108,56.35979],[14.69099,56.35956],[14.691,56.35938],[14.69108,56.35924],[14.69185,56.35846],[14.69205,56.35832],[14.69253,56.35812],[14.69271,56.35802],[14.69282,56.35788],[14.69292,56.35772],[14.6929,56.35738],[14.69293,56.35692],[14.69307,56.35645],[14.69313,56.35599],[14.69358,56.35557],[14.6943,56.35478],[14.69452,56.35459],[14.69469,56.35438],[14.69494,56.35408],[14.69507,56.3538],[14.69521,56.35354],[14.69511,56.35322],[14.69489,56.35277],[14.69486,56.35268],[14.69474,56.3525],[14.6948,56.35232],[14.69518,56.35257],[14.69518,56.35257],[14.69632,56.35232],[14.69649,56.35227],[14.69668,56.35214],[14.69678,56.35197],[14.69697,56.35135],[14.69706,56.35091],[14.69712,56.35053],[14.69714,56.35036],[14.69708,56.3501],[14.69698,56.34974],[14.69687,56.34953],[14.69701,56.34882],[14.69701,56.34882],[14.69701,56.34882],[14.69692,56.34879],[14.69693,56.34871],[14.69705,56.34842],[14.69711,56.34821],[14.69721,56.34793],[14.69733,56.34763],[14.69739,56.3474],[14.69745,56.34731],[14.69749,56.3471],[14.69749,56.34697],[14.69751,56.34664],[14.69752,56.3465],[14.69746,56.34634],[14.69726,56.34595],[14.69722,56.34589],[14.69729,56.34578],[14.69742,56.34563],[14.69755,56.34553],[14.69767,56.34548],[14.69773,56.34544],[14.69773,56.34543],[14.69768,56.34533],[14.69757,56.34522],[14.69745,56.34505],[14.69734,56.34487],[14.69726,56.34477],[14.69715,56.34469],[14.69704,56.34464],[14.69673,56.34457],[14.69657,56.34453],[14.69644,56.34448],[14.69637,56.34446],[14.69638,56.34445],[14.6966,56.34428],[14.69671,56.34417],[14.69685,56.34407],[14.69695,56.34394],[14.697,56.34387],[14.69707,56.34368],[14.69715,56.34347],[14.69722,56.34334],[14.69734,56.34309],[14.69738,56.34286],[14.6974,56.34266],[14.6974,56.34253],[14.69741,56.34233],[14.69746,56.34217],[14.69746,56.34217],[14.69791,56.34231],[14.69865,56.34238],[14.69883,56.34247],[14.69895,56.34256],[14.69914,56.3427],[14.69935,56.34282],[14.69958,56.34291],[14.69978,56.34298],[14.70011,56.34302],[14.70046,56.34305],[14.70068,56.34306],[14.70102,56.34309],[14.70102,56.34309],[14.70102,56.34309],[14.70101,56.34296],[14.70105,56.34283],[14.70123,56.34274],[14.70141,56.34265],[14.70141,56.34265],[14.70144,56.34257],[14.7015,56.34248],[14.70157,56.34227],[14.70158,56.3422],[14.70159,56.3421],[14.70181,56.34217],[14.70204,56.34232],[14.7022,56.34244],[14.70239,56.34258],[14.70267,56.34285],[14.70297,56.34317],[14.70329,56.34353],[14.70329,56.34353],[14.70329,56.34353],[14.70398,56.34355],[14.70399,56.34355],[14.70399,56.34355],[14.70434,56.34068],[14.70409,56.34051],[14.70386,56.34027],[14.70336,56.33984],[14.7032,56.33964],[14.70309,56.33956],[14.70291,56.33952],[14.70274,56.33948],[14.70222,56.33948],[14.7019,56.33947],[14.70157,56.33943],[14.70132,56.33938],[14.70118,56.3393],[14.70114,56.33918],[14.70122,56.33909],[14.70137,56.33896],[14.7016,56.33875],[14.70176,56.33854],[14.7019,56.33829],[14.70193,56.33807],[14.7019,56.33786],[14.70176,56.33755],[14.70164,56.3373],[14.70151,56.33703],[14.70143,56.33687],[14.70143,56.33673],[14.70152,56.33652],[14.70166,56.33639],[14.70184,56.33629],[14.70218,56.33618],[14.70246,56.33613],[14.70269,56.33608],[14.70273,56.33608],[14.70274,56.33607],[14.70273,56.3355],[14.70277,56.33524],[14.70292,56.33513],[14.703,56.33505],[14.7036,56.33441],[14.70384,56.33416],[14.70384,56.33416],[14.70384,56.33416],[14.70378,56.33412],[14.70368,56.33393],[14.70394,56.3338],[14.70416,56.33372],[14.70427,56.33385],[14.70427,56.33385],[14.70427,56.33385],[14.70427,56.33385],[14.70427,56.33385],[14.70617,56.33274],[14.70621,56.33268],[14.70621,56.33268],[14.70621,56.33268],[14.70584,56.33261],[14.70574,56.33242],[14.70573,56.33215],[14.70573,56.33199],[14.70569,56.33184],[14.70518,56.33077],[14.7053,56.33069],[14.70677,56.32994],[14.70677,56.32994],[14.70677,56.32994],[14.70677,56.32994],[14.70555,56.32949],[14.70555,56.32949],[14.70555,56.32949],[14.70537,56.32958],[14.70501,56.32989],[14.70449,56.3302],[14.70442,56.33027],[14.70442,56.33027],[14.70443,56.33031],[14.7045,56.33036],[14.70442,56.33041],[14.70427,56.33054],[14.70423,56.33055],[14.70417,56.33057],[14.70407,56.33062],[14.70404,56.3307],[14.70403,56.33083],[14.70401,56.33089],[14.70397,56.33096],[14.70393,56.33111],[14.70384,56.33132],[14.70378,56.33149],[14.70375,56.33159],[14.70373,56.33166],[14.7037,56.33176],[14.70358,56.33194],[14.7035,56.33202],[14.70337,56.33218],[14.7033,56.33225],[14.70327,56.3323],[14.70322,56.33237],[14.70318,56.33245],[14.70318,56.33252],[14.70315,56.33255],[14.7031,56.33265],[14.7031,56.33286],[14.70306,56.33298],[14.70306,56.33302],[14.70191,56.33414],[14.70132,56.33524],[14.7012,56.33534],[14.70032,56.33588],[14.70005,56.33564],[14.70005,56.33564],[14.69936,56.33569],[14.69936,56.33569],[14.69936,56.33569],[14.69925,56.33619],[14.69897,56.33684],[14.69869,56.3372],[14.6982,56.33769],[14.69738,56.33844],[14.69714,56.33868],[14.6969,56.33912],[14.69678,56.33964],[14.69676,56.33969],[14.69666,56.33974],[14.69662,56.33974],[14.69662,56.33974],[14.69662,56.33974],[14.69662,56.33974],[14.69642,56.33981],[14.69613,56.33987],[14.69599,56.33991],[14.69584,56.33999],[14.69399,56.33997],[14.69369,56.33998],[14.69369,56.33998],[14.69369,56.33998],[14.68887,56.34972],[14.68887,56.34972],[14.68887,56.34972],[14.69158,56.35011],[14.6915,56.35029],[14.69144,56.3504],[14.69137,56.35056],[14.69133,56.3507],[14.69125,56.35083],[14.69106,56.35094],[14.69089,56.35101],[14.69062,56.35111],[14.69044,56.3512],[14.69029,56.35131],[14.69029,56.35131],[14.69027,56.35139],[14.6903,56.35151],[14.6905,56.35166],[14.6907,56.35176],[14.69067,56.35182],[14.69048,56.35206],[14.69036,56.35219],[14.69014,56.35246],[14.68999,56.35272],[14.68995,56.35296],[14.68989,56.35326],[14.68984,56.3535],[14.68978,56.35372],[14.68977,56.35389],[14.68981,56.35412],[14.68982,56.3544],[14.68981,56.35453],[14.68979,56.3547],[14.68975,56.35486],[14.68967,56.35508],[14.68961,56.35527],[14.68952,56.3554],[14.68944,56.35552],[14.6893,56.35562],[14.68909,56.3557],[14.68895,56.35571],[14.68875,56.35569],[14.68857,56.35565],[14.68846,56.35561],[14.68817,56.35549],[14.68817,56.35549],[14.68817,56.35549],[14.68817,56.35549],[14.68807,56.35581],[14.68801,56.35601],[14.68799,56.35609],[14.68792,56.3561],[14.68774,56.35612],[14.68751,56.35617],[14.68739,56.35622],[14.68727,56.35626],[14.6871,56.35639],[14.68696,56.35658],[14.6869,56.35677],[14.68694,56.35685],[14.68696,56.35693],[14.68697,56.35696],[14.68705,56.35704],[14.68705,56.35704],[14.68705,56.35704],[14.68705,56.35704],[14.6872,56.35699],[14.68732,56.35697],[14.68749,56.35694],[14.68762,56.35692],[14.68648,56.35851],[14.68266,56.36158]],[[14.69648,56.34055],[14.69652,56.34019],[14.69659,56.34014],[14.6967,56.34017],[14.69667,56.34049],[14.69648,56.34055]],[[14.69977,56.33975],[14.69996,56.33966],[14.70007,56.3396],[14.7002,56.33952],[14.70028,56.33946],[14.70033,56.33937],[14.70059,56.33942],[14.70063,56.3398],[14.7008,56.34024],[14.70044,56.34039],[14.69977,56.33975]],[[14.69297,56.35032],[14.6931,56.3502],[14.69331,56.35004],[14.69336,56.34999],[14.69336,56.34999],[14.69338,56.34988],[14.69338,56.34988],[14.69333,56.34985],[14.69331,56.34973],[14.69333,56.34969],[14.69333,56.34965],[14.69333,56.34965],[14.69333,56.34965],[14.69328,56.34965],[14.69323,56.3496],[14.69317,56.34946],[14.69317,56.3493],[14.69321,56.34912],[14.69335,56.34889],[14.69356,56.34857],[14.6937,56.34835],[14.69371,56.34818],[14.69371,56.34803],[14.69373,56.34793],[14.69377,56.34779],[14.69382,56.34769],[14.69389,56.34761],[14.69393,56.34749],[14.69399,56.34737],[14.69407,56.34727],[14.6941,56.34716],[14.69405,56.34694],[14.69408,56.34671],[14.69407,56.34655],[14.69411,56.34641],[14.69421,56.34628],[14.69429,56.3461],[14.69433,56.34589],[14.69432,56.34574],[14.69433,56.34573],[14.69499,56.34584],[14.69497,56.34586],[14.69489,56.34594],[14.69486,56.34602],[14.69481,56.34611],[14.69477,56.34622],[14.69474,56.34633],[14.69471,56.34647],[14.69465,56.34669],[14.69465,56.34683],[14.69462,56.34693],[14.69461,56.34705],[14.69459,56.34714],[14.69455,56.34725],[14.69428,56.34757],[14.69421,56.34768],[14.69414,56.34781],[14.69413,56.34796],[14.69408,56.34824],[14.69379,56.34875],[14.69374,56.34888],[14.69366,56.34899],[14.69361,56.34914],[14.69359,56.34939],[14.69362,56.34951],[14.69372,56.34982],[14.69374,56.35002],[14.69338,56.35038],[14.69297,56.35032]],[[14.69077,56.35758],[14.69084,56.3573],[14.69088,56.35694],[14.69097,56.35663],[14.69109,56.35636],[14.69117,56.3562],[14.69139,56.35585],[14.69144,56.3558],[14.69164,56.35554],[14.69172,56.35544],[14.69178,56.35538],[14.69203,56.35508],[14.69213,56.35498],[14.69239,56.35468],[14.69258,56.35443],[14.69269,56.35426],[14.6928,56.35405],[14.69288,56.35387],[14.6929,56.35382],[14.69305,56.35347],[14.69323,56.3529],[14.69341,56.35245],[14.69356,56.35201],[14.69374,56.35149],[14.69386,56.35105],[14.69407,56.35059],[14.69416,56.35034],[14.69425,56.35013],[14.6943,56.35],[14.69448,56.34945],[14.69447,56.34945],[14.69433,56.34926],[14.6946,56.34899],[14.6949,56.34834],[14.69538,56.34687],[14.69552,56.34648],[14.69559,56.34624],[14.6957,56.34569],[14.69573,56.34559],[14.69571,56.34555],[14.69575,56.34543],[14.69579,56.3453],[14.69579,56.3453],[14.69574,56.3452],[14.6957,56.34513],[14.69567,56.345],[14.69568,56.34484],[14.69565,56.34447],[14.69561,56.34426],[14.69563,56.34374],[14.69572,56.34354],[14.69576,56.34344],[14.69582,56.34327],[14.6959,56.34305],[14.69598,56.34286],[14.69605,56.34266],[14.69611,56.34253],[14.69622,56.34225],[14.69628,56.34204],[14.69635,56.34182],[14.69638,56.34162],[14.69648,56.34125],[14.6965,56.34116],[14.69645,56.34103],[14.69647,56.34062],[14.69657,56.34059],[14.69669,56.34056],[14.69665,56.34101],[14.6966,56.34134],[14.69654,56.34171],[14.69651,56.3419],[14.69641,56.34228],[14.69632,56.3425],[14.69625,56.34271],[14.69612,56.34297],[14.69599,56.34328],[14.69583,56.34374],[14.69582,56.34394],[14.69586,56.34419],[14.69591,56.34438],[14.69599,56.3446],[14.69596,56.3449],[14.69593,56.34505],[14.6959,56.34527],[14.69588,56.34547],[14.69587,56.34566],[14.69585,56.34584],[14.69582,56.34606],[14.69578,56.34622],[14.69569,56.34646],[14.69559,56.34672],[14.69555,56.34685],[14.69549,56.34712],[14.69549,56.34712],[14.69549,56.34712],[14.69552,56.34712],[14.69555,56.34712],[14.6955,56.34743],[14.69546,56.34763],[14.69542,56.34763],[14.69528,56.34761],[14.69528,56.34761],[14.69528,56.34761],[14.69522,56.34777],[14.69494,56.34855],[14.69481,56.34902],[14.69483,56.34926],[14.69475,56.34934],[14.69463,56.34946],[14.69443,56.34997],[14.69427,56.35054],[14.69421,56.35071],[14.69415,56.35088],[14.69401,56.35121],[14.69399,56.35126],[14.69395,56.35138],[14.69392,56.35146],[14.6939,56.35153],[14.69388,56.35168],[14.69377,56.35205],[14.69344,56.35292],[14.69313,56.35369],[14.69307,56.35384],[14.69304,56.3539],[14.69291,56.35415],[14.69282,56.35431],[14.6927,56.35452],[14.69258,56.35469],[14.69223,56.3551],[14.69182,56.35555],[14.6916,56.35583],[14.69157,56.35589],[14.69131,56.3563],[14.69115,56.35668],[14.69108,56.3569],[14.69108,56.35731],[14.6909,56.35771],[14.69077,56.35758]]]},"properties":{"NVRID":"2000076","NAMN":"Käringahejan","SKYDDSTYP":"Naturreservat","LAN":"Blekinge Län","KOMMUN":"Karlshamn, Olofström","IUCNKATEGORI":"IV, Habitat/Artskyddsområde (Habitat/Species Management Area)","FORVALTARE":"Länsstyrelsen i Blekinge län","AREA_HA":139.356,"URSPR_BESLUTSDATUM":"1996-12-19"}},{"type":"Feature","geometry":{"type":"Polygon","coordinates":[[[14.85015,56.28378],[14.85051,56.2837],[14.85051,56.2837],[14.85051,56.2837],[14.85049,56.28354],[14.85061,56.2833],[14.85061,56.2833],[14.85061,56.28329],[14.85007,56.28291],[14.85007,56.28291],[14.85007,56.28291],[14.8499,56.28296],[14.84958,56.28299],[14.84931,56.28297],[14.84906,56.28293],[14.84906,56.28293],[14.84906,56.28293],[14.84906,56.28293],[14.84897,56.28308],[14.84885,56.28325],[14.8488,56.28336],[14.84881,56.28344],[14.84887,56.28352],[14.84898,56.2836],[14.84911,56.28368],[14.84925,56.28377],[14.8494,56.28387],[14.84961,56.28408],[14.84973,56.28418],[14.84981,56.28432],[14.84986,56.28446],[14.84997,56.28467],[14.85006,56.28483],[14.85017,56.28499],[14.85035,56.28516],[14.85058,56.28538],[14.85081,56.28549],[14.851,56.28564],[14.85114,56.28576],[14.85123,56.28587],[14.85137,56.2861],[14.8515,56.28627],[14.85159,56.28642],[14.85164,56.28656],[14.85152,56.28686],[14.8515,56.28712],[14.85153,56.28722],[14.85153,56.28723],[14.85153,56.28723],[14.85161,56.28721],[14.85179,56.28715],[14.8525,56.28683],[14.8525,56.28683],[14.8525,56.28683],[14.8524,56.28656],[14.85252,56.28653],[14.85252,56.28653],[14.85252,56.28653],[14.85239,56.28633],[14.85285,56.28623],[14.85285,56.28623],[14.85285,56.28623],[14.85203,56.28534],[14.85184,56.28514],[14.85176,56.28502],[14.85175,56.28502],[14.85175,56.28502],[14.85152,56.28509],[14.85092,56.28512],[14.85083,56.28488],[14.85046,56.28446],[14.85033,56.28413],[14.85015,56.28378]]]},"properties":{"NVRID":"2000091","NAMN":"Hoka","SKYDDSTYP":"Naturreservat","LAN":"Blekinge Län","KOMMUN":"Karlshamn","IUCNKATEGORI":"III, Naturmonument (Natural Monument)","FORVALTARE":"Länsstyrelsen i Blekinge län","AREA_HA":3.07,"URSPR_BESLUTSDATUM":"1974-12-02"}},{"type":"Feature","geometry":{"type":"Polygon","coordinates":[[[15.7465,56.19874],[15.7465,56.19874],[15.7465,56.19874],[15.74671,56.19865],[15.7469,56.19857],[15.74711,56.19847],[15.74723,56.1984],[15.74746,56.19823],[15.74895,56.19699],[15.74895,56.19699],[15.74895,56.19699],[15.74827,56.19656],[15.74804,56.19643],[15.7478,56.19633],[15.74766,56.19626],[15.74766,56.19626],[15.74729,56.19639],[15.74698,56.1965],[15.74667,56.19663],[15.74639,56.19674],[15.74638,56.19674],[15.74638,56.19674],[15.74645,56.19687],[15.74656,56.19704],[15.74671,56.19721],[15.74687,56.19734],[15.74629,56.19757],[15.74561,56.19786],[15.74518,56.19805],[15.74517,56.19805],[15.74517,56.19805],[15.74518,56.19805],[15.74533,56.19814],[15.74539,56.1982],[15.74554,56.19831],[15.7457,56.19841],[15.74585,56.19849],[15.74605,56.19857],[15.74633,56.19869],[15.7465,56.19874]]]},"properties":{"NVRID":"2000050","NAMN":"Björstorps hage","SKYDDSTYP":"Naturreservat","LAN":"Blekinge Län","KOMMUN":"Karlskrona","IUCNKATEGORI":"IV, Habitat/Artskyddsområde (Habitat/Species Management Area)","FORVALTARE":"Länsstyrelsen i Blekinge län","AREA_HA":2.992,"URSPR_BESLUTSDATUM":"1962-08-03"}},{"type":"Feature","geometry":{"type":"Polygon","coordinates":[[[15.82045,56.14421],[15.82094,56.14481],[15.82116,56.14509],[15.82137,56.14528],[15.82161,56.14532],[15.82193,56.14523],[15.82214,56.14525],[15.82214,56.14525],[15.82231,56.14516],[15.82238,56.1451],[15.82245,56.14503],[15.82261,56.14495],[15.82274,56.14492],[15.82289,56.14489],[15.82297,56.14487],[15.82307,56.14488],[15.82318,56.14495],[15.82318,56.14496],[15.8232,56.14526],[15.82331,56.14536],[15.82336,56.14538],[15.82398,56.14552],[15.82411,56.14555],[15.82432,56.14563],[15.82441,56.14574],[15.82445,56.14591],[15.82449,56.14611],[15.82449,56.14611],[15.82456,56.14616],[15.82489,56.14624],[15.82489,56.14624],[15.82506,56.14634],[15.82516,56.1464],[15.82516,56.1464],[15.82532,56.14642],[15.82551,56.1464],[15.82569,56.14639],[15.82591,56.14639],[15.82608,56.14637],[15.82608,56.14637],[15.82608,56.14637],[15.82605,56.14626],[15.82623,56.14599],[15.82624,56.14576],[15.82608,56.14554],[15.82622,56.1452],[15.82617,56.14481],[15.82643,56.1442],[15.8265,56.14413],[15.8265,56.14413],[15.82662,56.14349],[15.82663,56.14268],[15.82648,56.14243],[15.82717,56.14223],[15.82718,56.14223],[15.82751,56.13944],[15.82751,56.13944],[15.82751,56.13944],[15.82751,56.13944],[15.82751,56.13944],[15.81739,56.14105],[15.81552,56.14147],[15.81551,56.14147],[15.81551,56.14147],[15.81831,56.14482],[15.81831,56.14482],[15.81831,56.14482],[15.81967,56.14444],[15.82045,56.14421]]]},"properties":{"NVRID":"2000096","NAMN":"Stora Rom","SKYDDSTYP":"Naturreservat","LAN":"Blekinge Län","KOMMUN":"Karlskrona","IUCNKATEGORI":"IV, Habitat/Artskyddsområde (Habitat/Species Management Area)","FORVALTARE":"Länsstyrelsen i Blekinge län","AREA_HA":33.603,"URSPR_BESLUTSDATUM":"2001-12-03"}},{"type":"Feature","geometry":{"type":"Polygon","coordinates":[[[15.77823,56.10242],[15.7587,56.09937],[15.7587,56.09937],[15.7587,56.09937],[15.7587,56.09937],[15.76431,56.10391],[15.765,56.10649],[15.76593,56.10777],[15.76675,56.10816],[15.76773,56.1086],[15.77211,56.11142],[15.77238,56.11159],[15.77238,56.11159],[15.77517,56.11155],[15.77518,56.11155],[15.77518,56.11155],[15.77669,56.10871],[15.7774,56.10788],[15.77944,56.10549],[15.77944,56.10549],[15.77823,56.10242],[15.77823,56.10242]]]},"properties":{"NVRID":"2000067","NAMN":"Svenö","SKYDDSTYP":"Naturreservat","LAN":"Blekinge Län","KOMMUN":"Karlskrona","IUCNKATEGORI":"IV, Habitat/Artskyddsområde (Habitat/Species Management Area)","FORVALTARE":"Länsstyrelsen i Blekinge län","AREA_HA":87.254,"URSPR_BESLUTSDATUM":"1975-05-05"}},{"type":"Feature","geometry":{"type":"MultiPolygon","coordinates":[[[[15.25485,56.43996],[15.25503,56.44],[15.25531,56.44005],[15.25544,56.44006],[15.25544,56.44006],[15.25544,56.44006],[15.25554,56.43991],[15.25561,56.43977],[15.25559,56.43966],[15.25559,56.43966],[15.25546,56.43955],[15.25531,56.43949],[15.25502,56.43945],[15.25502,56.43945],[15.25481,56.43951],[15.25457,56.43961],[15.25434,56.43971],[15.25411,56.43977],[15.25381,56.43981],[15.25358,56.43992],[15.2534,56.44001],[15.2534,56.44001],[15.2534,56.44001],[15.2534,56.44001],[15.2534,56.44001],[15.25378,56.44006],[15.25464,56.44018],[15.25464,56.44018],[15.25464,56.44018],[15.2548,56.43995],[15.25485,56.43996]]],[[[15.25323,56.44081],[15.25353,56.44075],[15.25384,56.44073],[15.25417,56.44064],[15.25443,56.44057],[15.25479,56.44046],[15.25502,56.44039],[15.25502,56.44039],[15.25507,56.4403],[15.25507,56.4403],[15.25506,56.44029],[15.25481,56.44026],[15.25376,56.44011],[15.25327,56.44005],[15.25327,56.44005],[15.25323,56.44006],[15.25315,56.44009],[15.25294,56.44018],[15.25275,56.44025],[15.25262,56.44033],[15.25251,56.44042],[15.25241,56.44053],[15.25224,56.44065],[15.25213,56.44072],[15.25213,56.44072],[15.25213,56.44072],[15.25218,56.44075],[15.25236,56.44083],[15.25251,56.44086],[15.25274,56.44086],[15.25307,56.44081],[15.25323,56.44081]]]]},"properties":{"NVRID":"2000032","NAMN":"Göljahult","SKYDDSTYP":"Naturreservat","LAN":"Blekinge Län","KOMMUN":"Ronneby","IUCNKATEGORI":"IV, Habitat/Artskyddsområde (Habitat/Species Management Area)","FORVALTARE":"Länsstyrelsen i Blekinge län","AREA_HA":1.531,"URSPR_BESLUTSDATUM":"1959-10-29"}},{"type":"Feature","geometry":{"type":"MultiPolygon","coordinates":[[[[14.99233,56.35954],[14.99226,56.35953],[14.99222,56.35953],[14.99222,56.35953],[14.99222,56.35953],[14.99222,56.35953],[14.99222,56.35957],[14.99221,56.35961],[14.99219,56.35965],[14.9922,56.35969],[14.99223,56.35972],[14.99228,56.35975],[14.99232,56.35979],[14.99232,56.35979],[14.9924,56.35983],[14.99251,56.35984],[14.99259,56.35984],[14.99267,56.35982],[14.99271,56.35979],[14.99271,56.35979],[14.99272,56.35976],[14.99271,56.35973],[14.9927,56.35969],[14.99271,56.35965],[14.99273,56.35962],[14.99273,56.3596],[14.99273,56.3596],[14.99266,56.35956],[14.99258,56.35954],[14.99253,56.35951],[14.99252,56.35951],[14.99251,56.35951],[14.99247,56.35952],[14.99241,56.35952],[14.99233,56.35954]]],[[[14.98453,56.36195],[14.98441,56.36194],[14.98421,56.36199],[14.98418,56.36201],[14.98418,56.36201],[14.98416,56.36205],[14.98384,56.36275],[14.98326,56.36392],[14.98296,56.36456],[14.98268,56.36513],[14.98238,56.36573],[14.98184,56.36689],[14.98124,56.36814],[14.98082,56.36901],[14.98082,56.36901],[14.98082,56.36901],[14.98082,56.36901],[14.9818,56.36889],[14.98316,56.36873],[14.98439,56.36856],[14.98534,56.36846],[14.98772,56.36818],[14.9904,56.36783],[14.99138,56.36774],[14.99232,56.36765],[14.99353,56.36754],[14.99434,56.36747],[14.99524,56.36739],[14.99629,56.36729],[14.99629,56.36729],[14.99637,56.36706],[14.9971,56.3648],[14.99745,56.36373],[14.99779,56.36266],[14.99797,56.36213],[14.99804,56.36191],[14.99804,56.36191],[14.99803,56.36191],[14.998,56.36191],[14.99782,56.36184],[14.99779,56.36178],[14.99782,56.3617],[14.99782,56.3617],[14.99776,56.36167],[14.9977,56.36162],[14.99761,56.36157],[14.99756,56.3615],[14.99755,56.36146],[14.99749,56.36138],[14.99739,56.36129],[14.99728,56.36125],[14.99729,56.36116],[14.99729,56.36116],[14.99715,56.36105],[14.99705,56.36101],[14.99702,56.36096],[14.99691,56.36094],[14.99687,56.3609],[14.99684,56.36086],[14.99684,56.3608],[14.99677,56.36071],[14.99659,56.36063],[14.99645,56.36058],[14.99635,56.36053],[14.99632,56.36051],[14.99626,56.36048],[14.99627,56.36046],[14.99627,56.36046],[14.99624,56.36045],[14.99624,56.36045],[14.99624,56.36045],[14.99621,56.36045],[14.99621,56.36045],[14.9962,56.36048],[14.99617,56.36049],[14.99614,56.36046],[14.99615,56.36039],[14.99617,56.36034],[14.99617,56.36034],[14.99617,56.36034],[14.99611,56.36032],[14.99602,56.3603],[14.99594,56.36028],[14.99576,56.36028],[14.99557,56.36027],[14.99545,56.36025],[14.9954,56.3602],[14.99538,56.36015],[14.99544,56.3601],[14.99544,56.3601],[14.99541,56.36007],[14.99541,56.36007],[14.9954,56.36007],[14.99534,56.36009],[14.99527,56.36013],[14.99518,56.36015],[14.99509,56.36015],[14.995,56.36012],[14.99494,56.36008],[14.99487,56.35999],[14.99483,56.35989],[14.99476,56.35982],[14.99469,56.3598],[14.9946,56.35979],[14.99454,56.3598],[14.99451,56.35983],[14.99451,56.35983],[14.99449,56.35987],[14.9945,56.35992],[14.99454,56.35998],[14.99459,56.36002],[14.99454,56.36005],[14.99449,56.36009],[14.99442,56.36011],[14.99432,56.36012],[14.99416,56.3601],[14.99409,56.36011],[14.99405,56.36016],[14.99395,56.36013],[14.99388,56.36013],[14.99382,56.36006],[14.99382,56.36006],[14.99382,56.36006],[14.99331,56.36013],[14.99305,56.36014],[14.99265,56.36023],[14.99235,56.36025],[14.99214,56.36031],[14.9918,56.36031],[14.9918,56.36031],[14.99157,56.36037],[14.99151,56.36047],[14.99129,56.36053],[14.99125,56.36052],[14.99116,56.36046],[14.9911,56.36041],[14.99102,56.36035],[14.99094,56.36033],[14.99082,56.36032],[14.99071,56.36029],[14.99056,56.36026],[14.99051,56.36022],[14.9905,56.36016],[14.9905,56.36016],[14.99042,56.36013],[14.99034,56.3601],[14.99027,56.36004],[14.9902,56.36],[14.9901,56.35997],[14.98997,56.35997],[14.98981,56.36001],[14.98969,56.36003],[14.98969,56.36003],[14.98969,56.36003],[14.98969,56.36003],[14.98969,56.36005],[14.9897,56.36005],[14.98975,56.36008],[14.98975,56.36011],[14.98968,56.36016],[14.98962,56.3602],[14.98951,56.36024],[14.98938,56.36029],[14.98932,56.36033],[14.98922,56.3604],[14.98918,56.36046],[14.98906,56.3605],[14.98896,56.36054],[14.98882,56.36057],[14.98867,56.36059],[14.98853,56.36061],[14.98842,56.36061],[14.98833,56.36063],[14.98831,56.36066],[14.98826,56.36069],[14.98823,56.36071],[14.9882,56.36075],[14.98815,56.36079],[14.9881,56.36085],[14.988,56.36093],[14.98798,56.36094],[14.98787,56.36095],[14.98771,56.36096],[14.98751,56.36096],[14.98733,56.36095],[14.98726,56.36095],[14.98717,56.36094],[14.98711,56.36094],[14.98705,56.36096],[14.98697,56.36101],[14.98681,56.36109],[14.98671,56.36113],[14.98661,56.36119],[14.98655,56.36124],[14.98648,56.36127],[14.98637,56.36135],[14.98631,56.36134],[14.98631,56.36134],[14.98627,56.36139],[14.98614,56.36145],[14.9861,56.3615],[14.98602,56.36157],[14.98592,56.36161],[14.98575,56.36166],[14.98565,56.36167],[14.98559,56.36165],[14.98559,56.36165],[14.98559,56.36165],[14.98549,56.3617],[14.98541,56.36174],[14.98531,56.36176],[14.98512,56.36178],[14.98503,56.36179],[14.98499,56.36181],[14.98494,56.36182],[14.98487,56.36182],[14.98487,56.36182],[14.98483,56.36185],[14.98474,56.3619],[14.98461,56.36193],[14.98453,56.36195]]]]},"properties":{"NVRID":"2000094","NAMN":"Bökemåla","SKYDDSTYP":"Naturreservat","LAN":"Blekinge Län","KOMMUN":"Karlshamn","IUCNKATEGORI":"IV, Habitat/Artskyddsområde (Habitat/Species Management Area)","FORVALTARE":"","AREA_HA":72.416,"URSPR_BESLUTSDATUM":"2001-12-03"}},{"type":"Feature","geometry":{"type":"Polygon","coordinates":[[[14.57744,56.18274],[14.57744,56.18274],[14.57744,56.18275],[14.57742,56.18279],[14.57722,56.18331],[14.57694,56.18403],[14.57619,56.18576],[14.57605,56.18607],[14.57572,56.18716],[14.57572,56.18716],[14.5782,56.1888],[14.5775,56.18946],[14.5775,56.18946],[14.5775,56.18946],[14.5777,56.18954],[14.57748,56.1907],[14.57738,56.19172],[14.57738,56.19172],[14.5783,56.19212],[14.57962,56.19265],[14.57926,56.19349],[14.57926,56.19349],[14.57965,56.19381],[14.57948,56.19471],[14.58038,56.19542],[14.58072,56.19591],[14.58073,56.19657],[14.58114,56.19703],[14.58114,56.19703],[14.58114,56.19703],[14.58298,56.19657],[14.58298,56.19657],[14.58317,56.1958],[14.5833,56.19529],[14.58396,56.19455],[14.58836,56.19644],[14.58837,56.19644],[14.58871,56.19633],[14.58871,56.19633],[14.58891,56.19577],[14.58883,56.19486],[14.59037,56.19543],[14.59037,56.19543],[14.59037,56.19543],[14.59039,56.19541],[14.5904,56.19531],[14.59045,56.19521],[14.5905,56.19522],[14.59072,56.19529],[14.59117,56.19548],[14.59205,56.19592],[14.59195,56.19598],[14.59195,56.19598],[14.59195,56.19599],[14.59273,56.19626],[14.59273,56.19626],[14.59273,56.19626],[14.59273,56.19626],[14.59273,56.19626],[14.59272,56.19621],[14.59272,56.19621],[14.59253,56.1961],[14.59217,56.19583],[14.59201,56.19569],[14.59174,56.19553],[14.59114,56.19535],[14.59074,56.19454],[14.59076,56.19439],[14.58969,56.19131],[14.58413,56.18671],[14.58328,56.18606],[14.5828,56.1859],[14.58223,56.18545],[14.58181,56.18497],[14.57997,56.18424],[14.57911,56.18392],[14.57896,56.18376],[14.57745,56.18274],[14.57745,56.18274],[14.57745,56.18274],[14.57745,56.18274],[14.57744,56.18274]]]},"properties":{"NVRID":"2000092","NAMN":"Skinsagylet","SKYDDSTYP":"Naturreservat","LAN":"Blekinge Län","KOMMUN":"Olofström, Sölvesborg","IUCNKATEGORI":"0, Områden som ej kan klassificeras enligt IUCN: s system.","FORVALTARE":"Länsstyrelsen i Blekinge län","AREA_HA":77.01,"URSPR_BESLUTSDATUM":"2001-07-06"}},{"type":"Feature","geometry":{"type":"MultiPolygon","coordinates":[[[[14.70338,56.01749],[14.70338,56.01749],[14.70337,56.01749],[14.70178,56.0175],[14.70178,56.0175],[14.70178,56.0175],[14.7016,56.01804],[14.70087,56.02106],[14.70087,56.02106],[14.70087,56.02106],[14.70087,56.02106],[14.70087,56.02106],[14.70128,56.02071],[14.70224,56.01988],[14.70295,56.01928],[14.70304,56.01891],[14.70338,56.01749]]],[[[14.70047,56.02275],[14.70047,56.02275],[14.70047,56.02275],[14.70022,56.02379],[14.70023,56.02382],[14.70014,56.02404],[14.70014,56.02405],[14.70014,56.02405],[14.70243,56.02373],[14.70637,56.02317],[14.70637,56.02317],[14.70637,56.02317],[14.70618,56.0226],[14.70618,56.0226],[14.70618,56.0226],[14.70617,56.0226],[14.70481,56.02274],[14.70478,56.02221],[14.70478,56.0222],[14.70478,56.0222],[14.70047,56.02275]]],[[[14.68011,56.0202],[14.68011,56.0202],[14.68011,56.0202],[14.68358,56.02048],[14.68391,56.02114],[14.68413,56.02155],[14.68477,56.02282],[14.68544,56.0241],[14.6858,56.02483],[14.68637,56.02593],[14.68688,56.02693],[14.68895,56.02795],[14.69147,56.02919],[14.69155,56.02926],[14.69224,56.02984],[14.69224,56.02984],[14.69224,56.02984],[14.6927,56.02974],[14.6927,56.02974],[14.6928,56.02949],[14.69307,56.02909],[14.69379,56.02847],[14.69379,56.02847],[14.69335,56.02767],[14.6942,56.02692],[14.69702,56.02449],[14.70001,56.02406],[14.70001,56.02406],[14.70001,56.02406],[14.70013,56.02363],[14.70033,56.02277],[14.70033,56.02277],[14.70033,56.02277],[14.70033,56.02277],[14.69867,56.02298],[14.70069,56.02123],[14.70137,56.01839],[14.70144,56.01813],[14.70162,56.0175],[14.70162,56.0175],[14.70162,56.0175],[14.69982,56.01751],[14.69982,56.01751],[14.69982,56.01751],[14.69967,56.01784],[14.69906,56.01775],[14.6985,56.01767],[14.69865,56.01735],[14.69865,56.01735],[14.69865,56.01735],[14.69839,56.01735],[14.69776,56.01733],[14.69695,56.01726],[14.69616,56.01719],[14.6953,56.01703],[14.69453,56.01685],[14.6938,56.01662],[14.69311,56.01636],[14.69246,56.01606],[14.69235,56.016],[14.69209,56.01586],[14.69185,56.01573],[14.69175,56.01566],[14.69158,56.01555],[14.69132,56.01537],[14.69083,56.01497],[14.6917,56.01469],[14.6917,56.01469],[14.6917,56.01469],[14.69162,56.01462],[14.69162,56.01462],[14.69162,56.01462],[14.69148,56.01467],[14.6911,56.01471],[14.69059,56.01448],[14.69059,56.01448],[14.68995,56.01467],[14.68967,56.01438],[14.68967,56.01438],[14.68967,56.01438],[14.68162,56.01674],[14.68162,56.01674],[14.68162,56.01674],[14.68255,56.01757],[14.68381,56.01868],[14.68324,56.01889],[14.68282,56.01883],[14.68131,56.01863],[14.67976,56.01908],[14.67971,56.01912],[14.67968,56.01924],[14.67954,56.01982],[14.67954,56.01982],[14.67954,56.01982],[14.68018,56.01987],[14.68011,56.0202]]]]},"properties":{"NVRID":"2000090","NAMN":"Stiby backe","SKYDDSTYP":"Naturreservat","LAN":"Blekinge Län","KOMMUN":"Sölvesborg","IUCNKATEGORI":"IV, Habitat/Artskyddsområde (Habitat/Species Management Area)","FORVALTARE":"Länsstyrelsen i Blekinge län","AREA_HA":131.497,"URSPR_BESLUTSDATUM":"1971-12-31"}},{"type":"Feature","geometry":{"type":"MultiPolygon","coordinates":[[[[14.5581,56.04575],[14.5581,56.04575],[14.5581,56.04575],[14.5583,56.0458],[14.55866,56.04596],[14.55863,56.04602],[14.55855,56.04608],[14.55821,56.04652],[14.55819,56.0467],[14.55819,56.0467],[14.55819,56.0467],[14.55875,56.04667],[14.55875,56.04667],[14.5588,56.0466],[14.55899,56.04643],[14.55904,56.04635],[14.55909,56.04622],[14.55911,56.04613],[14.55913,56.046],[14.55916,56.04588],[14.55918,56.04582],[14.55917,56.04579],[14.55915,56.04577],[14.55911,56.04576],[14.55911,56.04576],[14.55901,56.04578],[14.55901,56.04578],[14.55901,56.04578],[14.55903,56.04583],[14.55891,56.04585],[14.55888,56.04579],[14.55888,56.04579],[14.55888,56.04579],[14.55888,56.04579],[14.55865,56.04582],[14.5586,56.04582],[14.55856,56.04581],[14.55848,56.04579],[14.55836,56.04575],[14.55825,56.0457],[14.55821,56.04569],[14.55821,56.04569],[14.55817,56.0457],[14.55815,56.04571],[14.5581,56.04575]]],[[[14.55517,56.04575],[14.55517,56.04575],[14.55517,56.04575],[14.55518,56.04607],[14.55518,56.04607],[14.5556,56.04617],[14.55599,56.04625],[14.55599,56.04625],[14.55707,56.0462],[14.55708,56.0462],[14.55748,56.04567],[14.55763,56.04564],[14.55799,56.04573],[14.558,56.04573],[14.558,56.04573],[14.55805,56.04568],[14.5581,56.04565],[14.55811,56.04563],[14.55809,56.04562],[14.55802,56.04559],[14.55792,56.04556],[14.55775,56.04554],[14.55759,56.04553],[14.55714,56.04556],[14.55697,56.04558],[14.55693,56.04559],[14.5569,56.04561],[14.55688,56.04563],[14.55685,56.0457],[14.5568,56.04574],[14.55675,56.04576],[14.55667,56.04577],[14.55606,56.04575],[14.55594,56.04576],[14.55581,56.04577],[14.55558,56.0458],[14.55551,56.0458],[14.55546,56.0458],[14.55541,56.04579],[14.55535,56.04578],[14.55521,56.04574],[14.55517,56.04575]]],[[[14.55516,56.04572],[14.55517,56.04572],[14.55517,56.04572],[14.5552,56.04572],[14.55525,56.04573],[14.55532,56.04575],[14.5554,56.04577],[14.55546,56.04578],[14.55551,56.04578],[14.55557,56.04578],[14.55575,56.04575],[14.55585,56.04574],[14.55597,56.04573],[14.5561,56.04573],[14.55666,56.04575],[14.5567,56.04574],[14.55674,56.04573],[14.55677,56.04572],[14.55682,56.04568],[14.55683,56.04563],[14.55685,56.04561],[14.55691,56.04557],[14.55695,56.04556],[14.55713,56.04554],[14.55735,56.04552],[14.55754,56.04549],[14.55754,56.04549],[14.55755,56.04549],[14.55754,56.04549],[14.55747,56.04545],[14.55741,56.04541],[14.55731,56.04533],[14.55705,56.0451],[14.55696,56.04504],[14.5569,56.04501],[14.55663,56.04491],[14.55654,56.04489],[14.55646,56.04489],[14.55638,56.0449],[14.55638,56.04491],[14.55567,56.04538],[14.55535,56.04563],[14.55516,56.04562],[14.55516,56.04562],[14.55516,56.04562],[14.55516,56.04562],[14.55516,56.04572]]]]},"properties":{"NVRID":"2013435","NAMN":"Brötalyckornas naturreservat","SKYDDSTYP":"Naturreservat","LAN":"Blekinge Län","KOMMUN":"Sölvesborg","IUCNKATEGORI":"IV, Habitat/Artskyddsområde (Habitat/Species Management Area)","FORVALTARE":"Sölvesborgs kommun","AREA_HA":1.934,"URSPR_BESLUTSDATUM":"2007-06-25"}},{"type":"Feature","geometry":{"type":"Polygon","coordinates":[[[14.95986,56.33299],[14.95565,56.33566],[14.95512,56.33656],[14.95438,56.33785],[14.95363,56.3394],[14.95336,56.34011],[14.95312,56.34053],[14.95312,56.34053],[14.95312,56.34053],[14.96152,56.34302],[14.96204,56.34396],[14.96204,56.34396],[14.96204,56.34396],[14.96565,56.34327],[14.97072,56.34239],[14.97543,56.34156],[14.97809,56.3409],[14.97863,56.34162],[14.97863,56.34162],[14.98127,56.34169],[14.98127,56.34169],[14.98127,56.34169],[14.98127,56.34169],[14.98088,56.34025],[14.98059,56.33921],[14.98059,56.33921],[14.9801,56.33883],[14.9801,56.33883],[14.97646,56.33824],[14.97674,56.33454],[14.9885,56.33695],[14.98852,56.33695],[14.98852,56.33695],[14.98852,56.33695],[14.98853,56.33695],[14.98932,56.33533],[14.98986,56.33418],[14.98998,56.33388],[14.99008,56.33375],[14.99058,56.33315],[14.99175,56.33166],[14.99175,56.33166],[14.99175,56.33166],[14.99098,56.3314],[14.99098,56.3314],[14.99097,56.3314],[14.99041,56.33189],[14.98959,56.33208],[14.98921,56.33205],[14.98838,56.33191],[14.9873,56.33206],[14.98722,56.33199],[14.98695,56.33189],[14.98682,56.33182],[14.98682,56.33182],[14.98201,56.33142],[14.97718,56.33137],[14.97718,56.33137],[14.97718,56.33137],[14.97606,56.33222],[14.9746,56.33187],[14.97255,56.33212],[14.96807,56.332],[14.96769,56.33166],[14.96679,56.33146],[14.96428,56.33181],[14.96189,56.33191],[14.95941,56.33188],[14.95941,56.33188],[14.95941,56.33189],[14.95941,56.33189],[14.96003,56.3324],[14.96002,56.33258],[14.95986,56.33299]]]},"properties":{"NVRID":"2010912","NAMN":"Hjärtsjömåla","SKYDDSTYP":"Naturreservat","LAN":"Blekinge Län","KOMMUN":"Karlshamn","IUCNKATEGORI":"Ia, Strikt naturreservat (Strict Nature Reserve)","FORVALTARE":"Länsstyrelsen i Blekinge län","AREA_HA":198.22,"URSPR_BESLUTSDATUM":"2010-06-21"}},{"type":"Feature","geometry":{"type":"MultiPolygon","coordinates":[[[[15.11268,56.15539],[15.11273,56.15533],[15.11278,56.15519],[15.1128,56.15502],[15.1128,56.15495],[15.1128,56.15495],[15.1128,56.15495],[15.1128,56.15495],[15.1128,56.15495],[15.11226,56.15539],[15.11226,56.15539],[15.11279,56.15611],[15.11321,56.1567],[15.1136,56.15724],[15.11393,56.15768],[15.11393,56.15768],[15.11394,56.15768],[15.11507,56.15748],[15.11605,56.15738],[15.11736,56.15717],[15.11737,56.15717],[15.11737,56.15717],[15.11737,56.1571],[15.11737,56.1571],[15.11683,56.15675],[15.1164,56.15651],[15.11632,56.15643],[15.11623,56.15625],[15.11608,56.1561],[15.11587,56.15593],[15.11581,56.15582],[15.11573,56.15562],[15.11573,56.15562],[15.11573,56.15562],[15.1133,56.15584],[15.11324,56.15581],[15.11307,56.15573],[15.11286,56.15562],[15.11267,56.15548],[15.11261,56.15543],[15.11268,56.15539]]],[[[15.11359,56.15245],[15.11352,56.15242],[15.11352,56.15242],[15.11352,56.15242],[15.11333,56.15258],[15.11333,56.15258],[15.11331,56.15274],[15.11334,56.15283],[15.11362,56.15319],[15.11383,56.15337],[15.11384,56.15356],[15.11391,56.15385],[15.11407,56.15395],[15.11407,56.15395],[15.11407,56.15395],[15.11503,56.15374],[15.11575,56.15358],[15.11638,56.15423],[15.11683,56.15452],[15.11683,56.15452],[15.11683,56.15452],[15.117,56.15449],[15.11782,56.15524],[15.11802,56.15534],[15.11871,56.15613],[15.11911,56.15708],[15.11911,56.15708],[15.11911,56.15708],[15.11912,56.15708],[15.12291,56.15593],[15.12893,56.15496],[15.12893,56.15496],[15.12893,56.15496],[15.12893,56.15496],[15.1264,56.15086],[15.1264,56.15086],[15.1264,56.15086],[15.11888,56.15089],[15.11888,56.15088],[15.11888,56.15088],[15.11888,56.15088],[15.11879,56.15087],[15.11875,56.15085],[15.11875,56.15085],[15.11875,56.15085],[15.11875,56.15085],[15.1187,56.15089],[15.11863,56.15091],[15.11859,56.15091],[15.11853,56.15088],[15.11853,56.15088],[15.1184,56.15088],[15.11832,56.1509],[15.11825,56.15093],[15.11816,56.15097],[15.11808,56.15092],[15.11801,56.1509],[15.11801,56.1509],[15.11786,56.15094],[15.1178,56.15097],[15.11762,56.15104],[15.1174,56.1511],[15.11729,56.15117],[15.11724,56.15121],[15.11706,56.15124],[15.11699,56.15125],[15.11699,56.15125],[15.11695,56.15134],[15.11695,56.15134],[15.11698,56.15138],[15.11708,56.15141],[15.11714,56.15141],[15.11715,56.15151],[15.11712,56.1516],[15.11707,56.15165],[15.1169,56.15177],[15.11679,56.15186],[15.11674,56.15194],[15.11667,56.15203],[15.11655,56.15213],[15.11644,56.15218],[15.11638,56.1522],[15.11633,56.15226],[15.1162,56.15234],[15.11603,56.15242],[15.11595,56.1525],[15.11587,56.15258],[15.1157,56.15268],[15.11553,56.1527],[15.11513,56.15264],[15.11482,56.15258],[15.11482,56.15258],[15.11458,56.15263],[15.11436,56.15266],[15.11424,56.15261],[15.11416,56.15251],[15.11415,56.15251],[15.11397,56.15249],[15.11383,56.15247],[15.11373,56.15249],[15.11359,56.15245]],[[15.11734,56.15228],[15.1171,56.15238],[15.11682,56.15215],[15.1171,56.15203],[15.11734,56.15228]]],[[[15.09512,56.13629],[15.0904,56.13867],[15.08809,56.14378],[15.0881,56.14378],[15.09538,56.14672],[15.09956,56.15131],[15.10436,56.15743],[15.10399,56.15994],[15.10478,56.16112],[15.10465,56.16116],[15.10465,56.16116],[15.10465,56.16116],[15.10465,56.16117],[15.10465,56.16117],[15.10472,56.16118],[15.1048,56.1612],[15.1048,56.1612],[15.1048,56.1612],[15.10485,56.16117],[15.10495,56.16115],[15.10501,56.16112],[15.10508,56.16106],[15.10517,56.16103],[15.10517,56.16103],[15.10517,56.16103],[15.10517,56.16099],[15.10516,56.16099],[15.1051,56.16096],[15.10508,56.16093],[15.10507,56.16083],[15.10503,56.16073],[15.10496,56.16062],[15.10492,56.16056],[15.10483,56.16046],[15.1048,56.16039],[15.10472,56.16036],[15.10471,56.16032],[15.10481,56.16025],[15.10481,56.16025],[15.10479,56.16021],[15.10475,56.16015],[15.10473,56.16007],[15.10474,56.16001],[15.10473,56.15995],[15.10468,56.15989],[15.10468,56.15989],[15.10458,56.15989],[15.10458,56.15988],[15.10466,56.15985],[15.10469,56.1598],[15.10469,56.15978],[15.10474,56.15977],[15.10498,56.1599],[15.10507,56.16015],[15.10507,56.16015],[15.10507,56.16015],[15.10563,56.16015],[15.1063,56.1603],[15.10631,56.1603],[15.10667,56.16015],[15.10684,56.16015],[15.10706,56.16016],[15.10716,56.16018],[15.10724,56.16023],[15.10735,56.16033],[15.10767,56.16048],[15.10776,56.16051],[15.10773,56.16059],[15.10768,56.16067],[15.10768,56.16067],[15.10768,56.16067],[15.10768,56.16067],[15.10768,56.16067],[15.1086,56.16033],[15.1086,56.16033],[15.1089,56.15904],[15.10796,56.1584],[15.10778,56.15777],[15.1078,56.15775],[15.10792,56.15767],[15.10797,56.15762],[15.10798,56.15758],[15.10798,56.15747],[15.10799,56.1574],[15.108,56.15733],[15.10816,56.15735],[15.10812,56.15746],[15.10812,56.15746],[15.10812,56.15746],[15.10825,56.15752],[15.10825,56.15752],[15.10825,56.15752],[15.10826,56.15752],[15.10851,56.15736],[15.10897,56.15714],[15.10897,56.15714],[15.10892,56.15701],[15.1088,56.15688],[15.10882,56.15672],[15.10908,56.15513],[15.10918,56.15446],[15.10938,56.15327],[15.10964,56.15166],[15.10976,56.15143],[15.10976,56.15143],[15.10971,56.15141],[15.10963,56.15142],[15.10963,56.15142],[15.10954,56.15146],[15.10949,56.15145],[15.10947,56.15144],[15.10945,56.15141],[15.1094,56.1514],[15.10929,56.1514],[15.10917,56.15141],[15.10907,56.15139],[15.10901,56.15138],[15.10894,56.15138],[15.10889,56.15136],[15.10885,56.15133],[15.10881,56.15132],[15.10877,56.15128],[15.10876,56.15127],[15.10875,56.15126],[15.10868,56.15123],[15.10845,56.15119],[15.10845,56.15119],[15.10845,56.15119],[15.10844,56.1512],[15.10841,56.15121],[15.10837,56.15121],[15.1083,56.15118],[15.10825,56.15115],[15.1082,56.15113],[15.10815,56.15112],[15.10809,56.15111],[15.10796,56.15109],[15.10788,56.15103],[15.10787,56.15102],[15.10782,56.15097],[15.10779,56.15092],[15.10781,56.15085],[15.10787,56.15081],[15.1079,56.1508],[15.1079,56.1508],[15.1079,56.1508],[15.10789,56.15076],[15.10787,56.15072],[15.10782,56.15068],[15.10776,56.15065],[15.10772,56.15061],[15.10771,56.15055],[15.10766,56.15051],[15.10766,56.1505],[15.10757,56.15048],[15.10751,56.15044],[15.10746,56.15041],[15.10737,56.1504],[15.10731,56.15037],[15.10722,56.15034],[15.10713,56.15034],[15.10704,56.15029],[15.10699,56.15029],[15.10697,56.15028],[15.10695,56.15027],[15.10686,56.15026],[15.10686,56.15026],[15.10686,56.15026],[15.10683,56.15031],[15.10674,56.1504],[15.10667,56.15042],[15.10656,56.15043],[15.10633,56.15042],[15.10618,56.15043],[15.10605,56.15041],[15.10593,56.15041],[15.10579,56.15044],[15.10564,56.15046],[15.10557,56.15047],[15.10554,56.15049],[15.10549,56.15052],[15.10545,56.15054],[15.10545,56.15054],[15.10547,56.15057],[15.10544,56.15061],[15.10539,56.15065],[15.10535,56.15067],[15.1053,56.15067],[15.1053,56.15067],[15.10527,56.1507],[15.10523,56.15073],[15.10512,56.15079],[15.10507,56.1508],[15.10507,56.1508],[15.10507,56.1508],[15.10506,56.15083],[15.10506,56.15088],[15.10499,56.15088],[15.10492,56.15086],[15.10483,56.15085],[15.10474,56.15083],[15.10467,56.15079],[15.10454,56.15075],[15.10453,56.15075],[15.10446,56.15076],[15.10439,56.15079],[15.10437,56.15084],[15.10437,56.15091],[15.1044,56.15101],[15.1044,56.15108],[15.10435,56.15112],[15.10428,56.15112],[15.10418,56.1511],[15.10408,56.15105],[15.10399,56.15097],[15.10388,56.15086],[15.10383,56.15079],[15.10383,56.15073],[15.10386,56.15069],[15.10391,56.15065],[15.10394,56.15061],[15.10393,56.15057],[15.10388,56.15052],[15.10388,56.15052],[15.1038,56.15051],[15.10366,56.15048],[15.10354,56.15044],[15.10345,56.15039],[15.10338,56.15032],[15.10337,56.15026],[15.10338,56.15019],[15.10336,56.15015],[15.10336,56.15015],[15.10323,56.15011],[15.10319,56.15009],[15.10316,56.15002],[15.10308,56.14996],[15.10308,56.14991],[15.10308,56.14991],[15.10021,56.14778],[15.10332,56.14316],[15.10319,56.12812],[15.10319,56.12812],[15.10319,56.12812],[15.10318,56.12812],[15.09885,56.12814],[15.09885,56.12814],[15.09428,56.13151],[15.09428,56.13151],[15.09512,56.13629]],[[15.10171,56.15102],[15.10177,56.15098],[15.10181,56.15094],[15.10193,56.1509],[15.1021,56.15085],[15.1021,56.15085],[15.1021,56.15077],[15.10207,56.15074],[15.10207,56.15074],[15.10207,56.15074],[15.10202,56.15074],[15.10201,56.15072],[15.10281,56.1507],[15.10286,56.15107],[15.10216,56.15126],[15.10184,56.15135],[15.10178,56.15125],[15.10171,56.15102]],[[15.10454,56.15669],[15.10468,56.15666],[15.10486,56.15659],[15.10523,56.15653],[15.10573,56.15649],[15.10581,56.15648],[15.10596,56.15651],[15.10624,56.15655],[15.10629,56.15656],[15.10637,56.15658],[15.10642,56.15661],[15.10647,56.15666],[15.10669,56.15686],[15.10679,56.15723],[15.10646,56.15721],[15.10612,56.15723],[15.10579,56.15725],[15.10579,56.15725],[15.10579,56.15724],[15.10578,56.15724],[15.10576,56.15725],[15.10561,56.15702],[15.10561,56.15702],[15.10546,56.15698],[15.10539,56.15698],[15.10535,56.15699],[15.10517,56.15696],[15.10509,56.15694],[15.105,56.15694],[15.10493,56.1569],[15.10483,56.15685],[15.10483,56.15685],[15.10475,56.15686],[15.10467,56.15681],[15.10458,56.15673],[15.10454,56.15669]]]]},"properties":{"NVRID":"2046188","NAMN":"Biskopsmåla","SKYDDSTYP":"Naturreservat","LAN":"Blekinge Län","KOMMUN":"Ronneby","IUCNKATEGORI":"IV, Habitat/Artskyddsområde (Habitat/Species Management Area)","FORVALTARE":"Länsstyrelsen i Blekinge län","AREA_HA":230.314,"URSPR_BESLUTSDATUM":"2016-12-01"}},{"type":"Feature","geometry":{"type":"MultiPolygon","coordinates":[[[[14.66718,56.39877],[14.66681,56.39886],[14.66681,56.39886],[14.66681,56.39886],[14.66682,56.3989],[14.66682,56.3989],[14.66682,56.3989],[14.66693,56.39889],[14.66821,56.39877],[14.66837,56.39878],[14.66837,56.39878],[14.66845,56.3987],[14.66868,56.39832],[14.66892,56.39803],[14.66915,56.39757],[14.66927,56.39723],[14.66952,56.39665],[14.66963,56.39623],[14.66965,56.39579],[14.66957,56.39536],[14.66978,56.39508],[14.67012,56.39481],[14.67059,56.39444],[14.67118,56.39382],[14.67142,56.39348],[14.67141,56.39325],[14.67141,56.39325],[14.67141,56.39325],[14.67141,56.39325],[14.6691,56.39342],[14.6691,56.39343],[14.6691,56.39343],[14.6688,56.39437],[14.6688,56.39437],[14.6688,56.39437],[14.6688,56.39437],[14.66968,56.39451],[14.66928,56.39489],[14.6687,56.3948],[14.6687,56.3948],[14.66869,56.3948],[14.66856,56.39508],[14.66845,56.39543],[14.66828,56.39572],[14.66797,56.3962],[14.66773,56.39652],[14.66731,56.39711],[14.66704,56.39744],[14.66662,56.39781],[14.66662,56.39781],[14.66718,56.39877]]],[[[14.64945,56.39506],[14.64923,56.39509],[14.64914,56.39515],[14.64856,56.39581],[14.64971,56.39965],[14.64971,56.39965],[14.64971,56.39965],[14.66194,56.39825],[14.66195,56.39825],[14.664,56.39676],[14.66479,56.39692],[14.66534,56.39697],[14.66574,56.3971],[14.66637,56.39701],[14.66652,56.39764],[14.66655,56.39768],[14.66655,56.39769],[14.66655,56.39769],[14.66655,56.39769],[14.66684,56.39744],[14.66718,56.39706],[14.66758,56.39648],[14.66778,56.39619],[14.66812,56.39568],[14.66843,56.39496],[14.66843,56.39496],[14.66843,56.39496],[14.66811,56.39498],[14.66841,56.39422],[14.66861,56.39427],[14.66861,56.39427],[14.66861,56.39427],[14.66862,56.39427],[14.66889,56.39344],[14.66889,56.39344],[14.66889,56.39344],[14.66092,56.39403],[14.66019,56.39411],[14.66009,56.39383],[14.66009,56.39383],[14.66009,56.39383],[14.65705,56.39381],[14.65705,56.39381],[14.65705,56.39381],[14.65696,56.39433],[14.6496,56.39485],[14.6496,56.39485],[14.6496,56.39485],[14.64945,56.39506]]]]},"properties":{"NVRID":"2000084","NAMN":"Åmma","SKYDDSTYP":"Naturreservat","LAN":"Blekinge Län","KOMMUN":"Olofström","IUCNKATEGORI":"IV, Habitat/Artskyddsområde (Habitat/Species Management Area)","FORVALTARE":"Länsstyrelsen i Blekinge län","AREA_HA":62.333,"URSPR_BESLUTSDATUM":"1997-12-05"}},{"type":"Feature","geometry":{"type":"Polygon","coordinates":[[[15.11123,56.17085],[15.11052,56.17117],[15.11052,56.17117],[15.11073,56.17197],[15.11073,56.17197],[15.11073,56.17197],[15.1118,56.17193],[15.11194,56.17231],[15.11199,56.17243],[15.11227,56.17267],[15.11237,56.17287],[15.11237,56.17287],[15.11237,56.17287],[15.11769,56.17264],[15.11758,56.17272],[15.11749,56.17282],[15.11729,56.17304],[15.11725,56.1732],[15.1172,56.17335],[15.11722,56.17351],[15.11722,56.17366],[15.11721,56.17372],[15.11721,56.17372],[15.11721,56.17372],[15.11734,56.17376],[15.11734,56.17376],[15.11734,56.17376],[15.11802,56.17315],[15.11821,56.17304],[15.11838,56.17298],[15.1186,56.17288],[15.11883,56.17272],[15.11918,56.17228],[15.1195,56.17203],[15.11998,56.17174],[15.12128,56.17113],[15.12283,56.17036],[15.12301,56.17023],[15.12328,56.16998],[15.12369,56.16972],[15.12404,56.16939],[15.12433,56.16904],[15.12469,56.16824],[15.12475,56.16808],[15.12499,56.16741],[15.12497,56.1646],[15.12496,56.16415],[15.12496,56.16415],[15.12496,56.16415],[15.1221,56.16371],[15.1218,56.16367],[15.12157,56.16366],[15.12135,56.16367],[15.12118,56.16369],[15.12118,56.16369],[15.12105,56.16375],[15.12048,56.16419],[15.12036,56.16426],[15.12022,56.16431],[15.12007,56.16435],[15.11984,56.16439],[15.11961,56.1644],[15.11945,56.16438],[15.11935,56.16437],[15.11321,56.1625],[15.11314,56.16248],[15.11314,56.16248],[15.11313,56.16248],[15.11302,56.16258],[15.11298,56.16267],[15.11297,56.16278],[15.11297,56.16288],[15.11297,56.16296],[15.11296,56.16313],[15.11296,56.16323],[15.11296,56.16353],[15.11295,56.16368],[15.11293,56.16381],[15.11284,56.16395],[15.11277,56.16405],[15.11273,56.16414],[15.11272,56.16426],[15.11276,56.16443],[15.11279,56.16458],[15.11279,56.16459],[15.11279,56.16459],[15.11279,56.16459],[15.11279,56.16459],[15.1128,56.16469],[15.1128,56.16469],[15.1128,56.16469],[15.11288,56.1647],[15.1192,56.16501],[15.11933,56.16501],[15.11934,56.16501],[15.11942,56.16496],[15.11954,56.16482],[15.11969,56.16474],[15.11981,56.16469],[15.12002,56.16465],[15.1203,56.16462],[15.12056,56.16465],[15.12072,56.16471],[15.12087,56.1648],[15.12096,56.16488],[15.12103,56.16496],[15.12106,56.16506],[15.12109,56.16525],[15.12117,56.16538],[15.12117,56.16551],[15.12119,56.16572],[15.12113,56.16583],[15.12109,56.1661],[15.12106,56.16624],[15.12096,56.16671],[15.12094,56.16685],[15.12096,56.167],[15.12097,56.16713],[15.12052,56.16719],[15.12022,56.16715],[15.11988,56.16701],[15.11988,56.16701],[15.11949,56.16702],[15.11072,56.16729],[15.11072,56.16729],[15.11072,56.16729],[15.11072,56.16729],[15.11076,56.1675],[15.11072,56.16772],[15.11059,56.16788],[15.11018,56.16828],[15.10975,56.16873],[15.10928,56.16921],[15.10914,56.1694],[15.10914,56.1694],[15.10914,56.1694],[15.10914,56.1694],[15.11072,56.16929],[15.11078,56.16961],[15.11083,56.16995],[15.11087,56.17018],[15.11123,56.17085]]]},"properties":{"NVRID":"2000056","NAMN":"Sonekulla","SKYDDSTYP":"Naturreservat","LAN":"Blekinge Län","KOMMUN":"Ronneby","IUCNKATEGORI":"IV, Habitat/Artskyddsområde (Habitat/Species Management Area)","FORVALTARE":"Länsstyrelsen i Blekinge län","AREA_HA":62.785,"URSPR_BESLUTSDATUM":"1973-02-05"}},{"type":"Feature","geometry":{"type":"Polygon","coordinates":[[[15.03922,56.15985],[15.03922,56.15985],[15.04103,56.16388],[15.04033,56.16724],[15.03535,56.17122],[15.03535,56.17122],[15.03535,56.17122],[15.04149,56.17555],[15.04286,56.17903],[15.04287,56.17903],[15.04686,56.17951],[15.04686,56.17951],[15.05104,56.17632],[15.05353,56.17534],[15.05827,56.17451],[15.06054,56.1739],[15.06278,56.17042],[15.06573,56.16957],[15.06573,56.16957],[15.06556,56.16728],[15.06556,56.16728],[15.05818,56.16426],[15.05844,56.1625],[15.05844,56.1625],[15.0562,56.16154],[15.05544,56.15662],[15.05192,56.15328],[15.05191,56.15328],[15.05191,56.15328],[15.04031,56.1562],[15.04031,56.1562],[15.04035,56.15857],[15.03922,56.15985]]]},"properties":{"NVRID":"2000054","NAMN":"Tjärö","SKYDDSTYP":"Naturreservat","LAN":"Blekinge Län","KOMMUN":"Karlshamn, Ronneby","IUCNKATEGORI":"IV, Habitat/Artskyddsområde (Habitat/Species Management Area)","FORVALTARE":"Länsstyrelsen i Blekinge län","AREA_HA":306.272,"URSPR_BESLUTSDATUM":"1976-04-05"}},{"type":"Feature","geometry":{"type":"MultiPolygon","coordinates":[[[[14.55132,56.05954],[14.55111,56.05977],[14.55095,56.05996],[14.55073,56.06014],[14.55073,56.06014],[14.55073,56.06014],[14.55073,56.06014],[14.55122,56.0602],[14.55136,56.06022],[14.55132,56.06031],[14.55136,56.06068],[14.55128,56.06115],[14.55129,56.06123],[14.55129,56.06123],[14.55129,56.06123],[14.55228,56.06129],[14.55231,56.06129],[14.55252,56.0613],[14.55252,56.0613],[14.55252,56.0613],[14.55257,56.06108],[14.55227,56.06086],[14.55225,56.06071],[14.55232,56.06048],[14.55243,56.06033],[14.55256,56.06019],[14.55281,56.05998],[14.55328,56.05939],[14.55373,56.05895],[14.55441,56.05855],[14.55516,56.05821],[14.55862,56.05705],[14.55868,56.05692],[14.55868,56.05692],[14.55868,56.05692],[14.5583,56.05686],[14.55773,56.05677],[14.55793,56.05645],[14.55801,56.05624],[14.55807,56.05605],[14.55807,56.056],[14.55806,56.05583],[14.55843,56.05562],[14.55915,56.05568],[14.55915,56.05568],[14.55915,56.05568],[14.56035,56.05253],[14.56037,56.0523],[14.56037,56.0523],[14.56037,56.0523],[14.56037,56.05229],[14.56036,56.0523],[14.56014,56.05246],[14.55938,56.05298],[14.55853,56.05348],[14.55762,56.05404],[14.55727,56.0543],[14.55665,56.0547],[14.55645,56.05483],[14.55585,56.0552],[14.55557,56.05537],[14.55506,56.05572],[14.55437,56.05614],[14.55398,56.0564],[14.55344,56.05686],[14.55322,56.05717],[14.55296,56.0574],[14.55268,56.05774],[14.55248,56.05799],[14.55225,56.0583],[14.55205,56.05867],[14.55193,56.05882],[14.55166,56.05908],[14.55152,56.05925],[14.55131,56.0595],[14.55131,56.0595],[14.55132,56.05954]],[[14.55655,56.05545],[14.55665,56.0552],[14.55732,56.05522],[14.55738,56.05544],[14.55742,56.05552],[14.55655,56.05545]]],[[[14.5415,56.04354],[14.54153,56.04768],[14.54154,56.04902],[14.54154,56.04902],[14.54153,56.04902],[14.54153,56.04902],[14.54157,56.05611],[14.54642,56.06076],[14.54642,56.06076],[14.54642,56.06076],[14.54648,56.06076],[14.54657,56.06078],[14.54659,56.06085],[14.5466,56.06093],[14.54677,56.06109],[14.54677,56.06109],[14.54677,56.06109],[14.54677,56.06109],[14.5468,56.06107],[14.54689,56.06106],[14.54689,56.06106],[14.54689,56.06106],[14.54691,56.06103],[14.54691,56.06103],[14.54684,56.06098],[14.54677,56.06092],[14.54674,56.06086],[14.54674,56.06077],[14.54688,56.06078],[14.54688,56.06078],[14.54706,56.06068],[14.54716,56.06063],[14.54724,56.06063],[14.54725,56.06063],[14.54725,56.06063],[14.5473,56.06054],[14.54742,56.06047],[14.54744,56.06046],[14.54773,56.06072],[14.54773,56.06072],[14.54773,56.06072],[14.5478,56.06071],[14.54781,56.06071],[14.54784,56.06063],[14.54792,56.06058],[14.54808,56.06051],[14.5482,56.06046],[14.54835,56.06043],[14.5485,56.06045],[14.54862,56.06046],[14.54862,56.06046],[14.54869,56.06042],[14.54873,56.06036],[14.54881,56.0603],[14.54885,56.06023],[14.54896,56.06016],[14.54907,56.06014],[14.54919,56.06015],[14.54926,56.06013],[14.54931,56.0601],[14.54931,56.06009],[14.54931,56.06009],[14.54928,56.06006],[14.5493,56.05993],[14.54938,56.05987],[14.54948,56.05977],[14.54954,56.05978],[14.54954,56.05978],[14.54954,56.05978],[14.54957,56.05972],[14.54963,56.05961],[14.54973,56.05945],[14.54983,56.05929],[14.54983,56.05929],[14.5498,56.05924],[14.54977,56.059],[14.54977,56.0589],[14.54973,56.05877],[14.54973,56.0587],[14.54974,56.05866],[14.54984,56.05862],[14.54993,56.05856],[14.54996,56.0584],[14.54983,56.05821],[14.5498,56.05811],[14.54984,56.05805],[14.54985,56.05798],[14.54987,56.05796],[14.54994,56.05793],[14.54998,56.0579],[14.54999,56.05788],[14.54999,56.05788],[14.54997,56.05786],[14.55001,56.05781],[14.55004,56.05778],[14.55006,56.05774],[14.55005,56.05767],[14.55005,56.05767],[14.55004,56.05766],[14.5499,56.05766],[14.5499,56.0576],[14.54997,56.05754],[14.55002,56.05744],[14.55009,56.05738],[14.55013,56.05733],[14.55012,56.05724],[14.55007,56.05722],[14.55003,56.0572],[14.55002,56.05715],[14.55002,56.05715],[14.54997,56.05712],[14.54992,56.05707],[14.54991,56.05698],[14.54996,56.05694],[14.54997,56.0569],[14.54995,56.05685],[14.54995,56.05685],[14.54995,56.05685],[14.54988,56.05684],[14.5498,56.05685],[14.54976,56.05682],[14.54972,56.05677],[14.54975,56.05667],[14.54981,56.05661],[14.54981,56.05661],[14.5498,56.05659],[14.54989,56.05644],[14.5502,56.05599],[14.55191,56.05639],[14.55191,56.05639],[14.55192,56.05638],[14.55251,56.05576],[14.55251,56.05576],[14.55251,56.05576],[14.55251,56.05576],[14.55181,56.0557],[14.55189,56.05535],[14.55232,56.05531],[14.55307,56.05544],[14.55307,56.05544],[14.55307,56.05544],[14.55335,56.05512],[14.5541,56.05525],[14.55418,56.05533],[14.55394,56.05575],[14.55368,56.05597],[14.55305,56.05666],[14.55279,56.05701],[14.55267,56.0571],[14.5521,56.05785],[14.55181,56.05829],[14.55167,56.05856],[14.55167,56.05857],[14.55167,56.05857],[14.55175,56.05861],[14.55175,56.05861],[14.55176,56.05861],[14.55176,56.05861],[14.552,56.05829],[14.55249,56.05771],[14.5528,56.05731],[14.55282,56.05723],[14.55294,56.05711],[14.55303,56.05701],[14.55329,56.05678],[14.55334,56.05674],[14.55373,56.05638],[14.55409,56.05611],[14.55475,56.05568],[14.55512,56.05541],[14.55518,56.05541],[14.55519,56.05541],[14.55522,56.05536],[14.55533,56.05524],[14.5558,56.05494],[14.55601,56.05482],[14.55698,56.05421],[14.55717,56.05414],[14.55777,56.05374],[14.55859,56.05326],[14.55882,56.05312],[14.55939,56.05271],[14.5599,56.0524],[14.5599,56.0524],[14.5599,56.0524],[14.55949,56.05229],[14.55849,56.05204],[14.55766,56.05181],[14.55638,56.05108],[14.55638,56.05108],[14.55544,56.05101],[14.55464,56.05091],[14.55409,56.0498],[14.55409,56.0498],[14.55409,56.0498],[14.55354,56.04981],[14.55319,56.04991],[14.55324,56.04976],[14.55324,56.04976],[14.55324,56.04976],[14.55323,56.04976],[14.55283,56.04976],[14.55244,56.0485],[14.55238,56.04662],[14.55338,56.04496],[14.55453,56.04397],[14.55453,56.04397],[14.55453,56.04397],[14.55446,56.04391],[14.55438,56.04386],[14.55432,56.04378],[14.5544,56.04367],[14.55451,56.04365],[14.55466,56.04365],[14.55466,56.04365],[14.55466,56.04365],[14.55468,56.04359],[14.55468,56.04359],[14.55464,56.04357],[14.55454,56.04354],[14.55449,56.04346],[14.55454,56.04342],[14.5546,56.0434],[14.55463,56.04339],[14.55471,56.04338],[14.55478,56.04337],[14.55478,56.04337],[14.55481,56.04335],[14.55484,56.04331],[14.55482,56.04327],[14.55482,56.04327],[14.55475,56.04324],[14.55472,56.04321],[14.55475,56.04318],[14.55487,56.04317],[14.55487,56.04317],[14.55492,56.04313],[14.55491,56.04307],[14.55494,56.04304],[14.5551,56.04306],[14.5551,56.04306],[14.55518,56.04302],[14.55525,56.04296],[14.55537,56.04292],[14.5556,56.04289],[14.55571,56.04291],[14.55572,56.04291],[14.55572,56.0429],[14.55582,56.04266],[14.55601,56.04235],[14.55601,56.04235],[14.55601,56.04235],[14.55558,56.04216],[14.55558,56.04138],[14.55558,56.04138],[14.54626,56.03585],[14.5324,56.02759],[14.5324,56.02759],[14.5324,56.02759],[14.53234,56.0276],[14.53234,56.0276],[14.53234,56.0276],[14.53209,56.03688],[14.5321,56.03688],[14.5415,56.04354]],[[14.55485,56.05459],[14.55493,56.05456],[14.55528,56.05453],[14.55466,56.05515],[14.55439,56.05507],[14.55485,56.05459]]]]},"properties":{"NVRID":"2000078","NAMN":"Valje","SKYDDSTYP":"Naturreservat","LAN":"Blekinge Län","KOMMUN":"Bromölla, Sölvesborg","IUCNKATEGORI":"IV, Habitat/Artskyddsområde (Habitat/Species Management Area)","FORVALTARE":"Länsstyrelsen i Blekinge län","AREA_HA":274.608,"URSPR_BESLUTSDATUM":"1991-03-22"}},{"type":"Feature","geometry":{"type":"MultiPolygon","coordinates":[[[[15.72733,56.11476],[15.72669,56.11518],[15.72584,56.11545],[15.72487,56.11549],[15.72334,56.11551],[15.72155,56.11658],[15.72155,56.11658],[15.72155,56.11658],[15.72155,56.11658],[15.72487,56.11742],[15.72595,56.1173],[15.72812,56.11745],[15.72812,56.11745],[15.72879,56.11697],[15.72937,56.11708],[15.72937,56.11708],[15.72972,56.11693],[15.72972,56.11692],[15.7298,56.11688],[15.73004,56.11678],[15.73005,56.11677],[15.73022,56.1167],[15.73022,56.1167],[15.73022,56.1167],[15.72849,56.11539],[15.72761,56.11474],[15.72631,56.11382],[15.72631,56.11382],[15.72631,56.11382],[15.72591,56.11396],[15.72591,56.11396],[15.72591,56.11396],[15.72591,56.11396],[15.72618,56.11409],[15.72715,56.11464],[15.72733,56.11476]],[[15.72718,56.11531],[15.72746,56.11492],[15.72764,56.11489],[15.72813,56.11539],[15.72774,56.11536],[15.72774,56.11536],[15.72774,56.11536],[15.72774,56.11536],[15.72782,56.11571],[15.72696,56.11571],[15.72718,56.11531]]],[[[15.72681,56.1136],[15.72681,56.11361],[15.72671,56.11368],[15.72654,56.11377],[15.72654,56.11377],[15.72654,56.11377],[15.72867,56.11532],[15.73008,56.11636],[15.73008,56.11636],[15.73008,56.11636],[15.73074,56.11612],[15.73119,56.11648],[15.73124,56.11655],[15.73168,56.11726],[15.73168,56.11727],[15.73169,56.11727],[15.73169,56.11727],[15.73232,56.1169],[15.7327,56.11705],[15.73391,56.1175],[15.73391,56.1175],[15.73391,56.1175],[15.73834,56.11592],[15.73834,56.11592],[15.73834,56.11592],[15.73834,56.11592],[15.73427,56.11339],[15.73375,56.11191],[15.73274,56.10911],[15.73274,56.10911],[15.73274,56.10911],[15.73274,56.10911],[15.73274,56.10911],[15.72768,56.11152],[15.7269,56.11314],[15.7269,56.11343],[15.72687,56.11356],[15.72681,56.1136],[15.72681,56.1136]],[[15.73035,56.11563],[15.73067,56.11589],[15.73023,56.11602],[15.72995,56.11575],[15.73035,56.11563]],[[15.73266,56.11579],[15.73356,56.11587],[15.73567,56.11646],[15.73336,56.11618],[15.73259,56.11608],[15.73266,56.11579]]]]},"properties":{"NVRID":"2000089","NAMN":"Västra Skällön","SKYDDSTYP":"Naturreservat","LAN":"Blekinge Län","KOMMUN":"Karlskrona","IUCNKATEGORI":"IV, Habitat/Artskyddsområde (Habitat/Species Management Area)","FORVALTARE":"Karlskrona kommun","AREA_HA":42.149,"URSPR_BESLUTSDATUM":"1971-12-13"}},{"type":"Feature","geometry":{"type":"MultiPolygon","coordinates":[[[[15.2068,56.3493],[15.20678,56.3493],[15.20678,56.3493],[15.20678,56.3493],[15.20678,56.3493],[15.20678,56.3493],[15.207,56.34933],[15.20711,56.34934],[15.20771,56.34942],[15.20823,56.34948],[15.2086,56.34952],[15.20883,56.34953],[15.20922,56.34954],[15.20933,56.34955],[15.20933,56.34955],[15.20933,56.34955],[15.20933,56.34955],[15.20929,56.3495],[15.20907,56.34936],[15.20899,56.34933],[15.20887,56.34921],[15.20881,56.34915],[15.20866,56.34908],[15.20856,56.34906],[15.20856,56.34906],[15.20847,56.34908],[15.20834,56.34911],[15.20823,56.34918],[15.20813,56.34918],[15.2081,56.34919],[15.20805,56.3492],[15.20803,56.34921],[15.20794,56.34921],[15.20775,56.34923],[15.20762,56.34919],[15.20762,56.34919],[15.20739,56.34922],[15.20716,56.34926],[15.20703,56.34928],[15.20703,56.34928],[15.207,56.34929],[15.2068,56.3493]]],[[[15.20737,56.35303],[15.20737,56.35303],[15.20737,56.35303],[15.20822,56.35299],[15.20822,56.35299],[15.20822,56.35299],[15.20831,56.35261],[15.2082,56.35211],[15.20832,56.35172],[15.2082,56.35122],[15.2086,56.35095],[15.20885,56.35081],[15.20983,56.35022],[15.21008,56.35005],[15.21008,56.35005],[15.21008,56.35005],[15.21008,56.35005],[15.2094,56.34968],[15.2094,56.34968],[15.20922,56.34967],[15.20881,56.34965],[15.20856,56.34963],[15.20819,56.3496],[15.20766,56.34954],[15.20705,56.34946],[15.20695,56.34944],[15.20672,56.34942],[15.20654,56.34939],[15.20616,56.34935],[15.20615,56.34935],[15.20615,56.34935],[15.20614,56.34935],[15.20614,56.34935],[15.20618,56.34942],[15.20706,56.35207],[15.20737,56.35303]]],[[[15.20346,56.34462],[15.20368,56.34501],[15.20381,56.34523],[15.20426,56.34604],[15.20435,56.34619],[15.20526,56.34779],[15.20532,56.34791],[15.20533,56.34791],[15.20533,56.34791],[15.20579,56.34778],[15.2062,56.34776],[15.20663,56.34831],[15.20663,56.34831],[15.20663,56.34831],[15.20685,56.34832],[15.20685,56.34832],[15.20685,56.34832],[15.20705,56.3481],[15.20742,56.34801],[15.20786,56.34817],[15.20786,56.34839],[15.2081,56.34872],[15.20794,56.34893],[15.20794,56.34893],[15.20807,56.34916],[15.20807,56.34916],[15.20807,56.34916],[15.20812,56.34915],[15.20821,56.34915],[15.20832,56.34908],[15.20845,56.34904],[15.20856,56.34903],[15.20856,56.34903],[15.20857,56.34903],[15.20877,56.34872],[15.20869,56.34834],[15.20902,56.3483],[15.20922,56.34819],[15.20939,56.34781],[15.20948,56.34762],[15.20967,56.3473],[15.21067,56.3474],[15.21241,56.34791],[15.21241,56.34791],[15.21241,56.34791],[15.21278,56.34768],[15.21304,56.34669],[15.21304,56.34669],[15.21304,56.34669],[15.21236,56.34658],[15.21227,56.34626],[15.21261,56.34591],[15.21261,56.34591],[15.21261,56.34591],[15.21246,56.34572],[15.21246,56.34572],[15.21202,56.34561],[15.21164,56.34547],[15.21453,56.34414],[15.21465,56.34331],[15.21449,56.34252],[15.21449,56.34252],[15.21449,56.34252],[15.21442,56.34253],[15.21429,56.34248],[15.21418,56.34241],[15.21418,56.34241],[15.21409,56.34241],[15.21409,56.34241],[15.21394,56.34244],[15.21369,56.34249],[15.21352,56.34252],[15.21331,56.34252],[15.21315,56.3425],[15.21298,56.34247],[15.21282,56.34243],[15.21262,56.34238],[15.21244,56.34231],[15.21227,56.3422],[15.2121,56.34217],[15.21197,56.34221],[15.21178,56.3423],[15.21166,56.34235],[15.21151,56.34239],[15.21135,56.34239],[15.21112,56.34238],[15.21085,56.34239],[15.21065,56.34239],[15.2105,56.34241],[15.21039,56.34245],[15.21028,56.34244],[15.21019,56.34245],[15.21019,56.34245],[15.20988,56.34263],[15.20845,56.34279],[15.20845,56.34242],[15.20845,56.34242],[15.20845,56.34242],[15.20845,56.34242],[15.20777,56.34247],[15.20689,56.3419],[15.20689,56.3419],[15.20689,56.3419],[15.20672,56.34195],[15.20656,56.34204],[15.20647,56.34213],[15.20641,56.34223],[15.20637,56.34247],[15.20629,56.3426],[15.20608,56.34286],[15.20586,56.34311],[15.20586,56.34311],[15.20588,56.34317],[15.20574,56.34322],[15.20574,56.34322],[15.20571,56.34324],[15.20557,56.34328],[15.20535,56.34337],[15.20535,56.34337],[15.20535,56.34337],[15.20544,56.34348],[15.20533,56.34353],[15.20514,56.34361],[15.20499,56.34363],[15.20444,56.34376],[15.20402,56.34386],[15.204,56.34387],[15.20383,56.34405],[15.20372,56.34417],[15.20357,56.34436],[15.20354,56.34439],[15.20349,56.34446],[15.20348,56.34447],[15.20345,56.34453],[15.20344,56.34457],[15.20344,56.34461],[15.20345,56.34462],[15.20346,56.34462]]]]},"properties":{"NVRID":"2042110","NAMN":"Bråtabron","SKYDDSTYP":"Naturreservat","LAN":"Blekinge Län","KOMMUN":"Ronneby","IUCNKATEGORI":"IV, Habitat/Artskyddsområde (Habitat/Species Management Area)","FORVALTARE":"Länsstyrelsen i Blekinge län","AREA_HA":38.187,"URSPR_BESLUTSDATUM":"2014-04-01"}},{"type":"Feature","geometry":{"type":"Polygon","coordinates":[[[14.97932,56.19578],[14.97927,56.1958],[14.97882,56.19598],[14.97882,56.19598],[14.97887,56.19624],[14.97867,56.19682],[14.97873,56.19692],[14.97874,56.19694],[14.97873,56.19698],[14.97864,56.19716],[14.97857,56.19728],[14.97838,56.1977],[14.97831,56.19786],[14.97816,56.19803],[14.97807,56.19821],[14.97805,56.19858],[14.97804,56.1989],[14.97805,56.19891],[14.97805,56.19891],[14.9785,56.19903],[14.97884,56.1991],[14.97937,56.19932],[14.98066,56.19979],[14.98233,56.20033],[14.98443,56.20101],[14.98443,56.20101],[14.98443,56.20101],[14.98512,56.20074],[14.9852,56.20073],[14.98569,56.20053],[14.98614,56.20036],[14.98688,56.20005],[14.98758,56.19978],[14.9876,56.19978],[14.98879,56.1993],[14.98953,56.19904],[14.98953,56.19904],[14.98969,56.19888],[14.98991,56.19883],[14.98993,56.19882],[14.99014,56.19873],[14.99023,56.19869],[14.99123,56.19833],[14.99203,56.19799],[14.99237,56.19783],[14.99279,56.19774],[14.99279,56.19774],[14.99279,56.19774],[14.99275,56.19761],[14.9933,56.1975],[14.9937,56.19735],[14.99433,56.19709],[14.9949,56.19688],[14.99581,56.19651],[14.99596,56.19643],[14.99616,56.19634],[14.99675,56.19613],[14.99685,56.19607],[14.99719,56.19598],[14.9976,56.19579],[14.99767,56.19573],[14.99767,56.19573],[14.99767,56.19573],[14.99747,56.19556],[14.99736,56.19539],[14.9972,56.19529],[14.99649,56.19506],[14.99621,56.19438],[14.99609,56.19413],[14.99613,56.19412],[14.99613,56.19412],[14.99613,56.19412],[14.99614,56.194],[14.99624,56.19381],[14.99635,56.19361],[14.99641,56.19341],[14.99692,56.19337],[14.99692,56.19337],[14.99743,56.19314],[14.99766,56.19303],[14.99783,56.1928],[14.99783,56.1928],[14.99726,56.1924],[14.9964,56.19192],[14.99584,56.19162],[14.99586,56.19158],[14.9961,56.19145],[14.99645,56.19139],[14.99729,56.19157],[14.99802,56.19155],[14.99849,56.1913],[14.99928,56.19072],[14.99961,56.19039],[14.99963,56.19027],[14.99968,56.1902],[14.99973,56.19006],[14.99986,56.19003],[14.99989,56.19002],[14.99989,56.19002],[14.9999,56.18998],[15.00004,56.18999],[15.00004,56.18999],[15.00004,56.18999],[15.00005,56.18995],[15.00012,56.18995],[15.00012,56.18999],[15.00014,56.19002],[15.00014,56.19002],[15.00022,56.19004],[15.00022,56.19004],[15.00022,56.19004],[15.00068,56.18979],[15.0011,56.18959],[15.00185,56.1894],[15.00295,56.18928],[15.00314,56.18924],[15.00473,56.18904],[15.00473,56.18904],[15.00473,56.18904],[15.00481,56.18876],[15.0049,56.18849],[15.00523,56.18801],[15.00537,56.18791],[15.00534,56.18778],[15.00535,56.18746],[15.00582,56.18715],[15.00593,56.18702],[15.00609,56.18691],[15.00641,56.18671],[15.0066,56.18653],[15.00663,56.18643],[15.00664,56.18623],[15.00691,56.18606],[15.00706,56.186],[15.00743,56.18589],[15.0079,56.18563],[15.00805,56.18531],[15.00861,56.18502],[15.00874,56.18489],[15.00897,56.18455],[15.00967,56.18412],[15.00992,56.18392],[15.0103,56.18369],[15.0103,56.18369],[15.01031,56.18339],[15.01089,56.18306],[15.01114,56.1831],[15.01114,56.1831],[15.01142,56.18306],[15.01185,56.18296],[15.01185,56.18296],[15.01209,56.18264],[15.01261,56.18241],[15.01312,56.18212],[15.0138,56.18196],[15.01442,56.18168],[15.01532,56.1812],[15.01571,56.18099],[15.0161,56.18076],[15.01628,56.18048],[15.01681,56.18014],[15.01708,56.17974],[15.0173,56.17964],[15.01759,56.17929],[15.01833,56.17869],[15.0185,56.1784],[15.01893,56.17797],[15.0193,56.17775],[15.01976,56.17725],[15.01993,56.17696],[15.01993,56.17696],[15.0198,56.17671],[15.02008,56.17614],[15.0199,56.17545],[15.02016,56.17493],[15.02038,56.17475],[15.02062,56.17437],[15.02052,56.17395],[15.02061,56.1738],[15.02053,56.17352],[15.02056,56.17332],[15.0205,56.17309],[15.02066,56.17286],[15.02083,56.1728],[15.02083,56.1728],[15.02089,56.17251],[15.02111,56.17241],[15.02162,56.17239],[15.02162,56.17239],[15.02162,56.17239],[15.02164,56.17236],[15.02248,56.17227],[15.02277,56.17214],[15.02391,56.17182],[15.02443,56.17155],[15.02486,56.17118],[15.02536,56.17092],[15.02536,56.17092],[15.02539,56.1708],[15.02575,56.17061],[15.02674,56.17033],[15.02674,56.17033],[15.02674,56.1703],[15.02672,56.17011],[15.02661,56.17005],[15.02675,56.16983],[15.02715,56.16961],[15.02766,56.16933],[15.02782,56.16925],[15.02819,56.16906],[15.02819,56.16906],[15.02818,56.1689],[15.02864,56.16848],[15.02894,56.16814],[15.02946,56.16794],[15.02947,56.16793],[15.02975,56.16727],[15.02975,56.16727],[15.02933,56.16694],[15.02893,56.16689],[15.02843,56.16679],[15.02827,56.16666],[15.02809,56.16655],[15.02796,56.16643],[15.02796,56.16643],[15.02785,56.16642],[15.02762,56.16634],[15.02756,56.16627],[15.02736,56.16586],[15.02736,56.16586],[15.02731,56.16584],[15.02671,56.16453],[15.02719,56.16435],[15.02758,56.16409],[15.02758,56.16409],[15.02758,56.16409],[15.02752,56.16398],[15.02754,56.16392],[15.02774,56.16385],[15.02774,56.16385],[15.02779,56.16361],[15.02805,56.16345],[15.02837,56.16322],[15.02877,56.1632],[15.02894,56.16321],[15.02894,56.16321],[15.0293,56.16295],[15.02945,56.16275],[15.02949,56.16254],[15.02943,56.16238],[15.0295,56.1621],[15.0295,56.1621],[15.02934,56.16194],[15.02907,56.16182],[15.02871,56.16169],[15.02844,56.1616],[15.02827,56.16144],[15.02789,56.16106],[15.02725,56.16099],[15.02725,56.16099],[15.02725,56.16099],[15.0266,56.16133],[15.02555,56.16148],[15.02486,56.16152],[15.02474,56.16149],[15.02448,56.16096],[15.0245,56.16088],[15.02482,56.16074],[15.02491,56.16056],[15.02491,56.16056],[15.02491,56.16055],[15.02489,56.16054],[15.02473,56.16044],[15.02439,56.16037],[15.02405,56.16021],[15.02357,56.16016],[15.02248,56.16016],[15.02201,56.16009],[15.02144,56.15989],[15.02067,56.15983],[15.02049,56.15979],[15.02019,56.15972],[15.02015,56.15905],[15.02037,56.15892],[15.02098,56.15888],[15.0214,56.15889],[15.02173,56.15892],[15.02205,56.15898],[15.02224,56.15899],[15.02288,56.15882],[15.02346,56.15885],[15.02379,56.15887],[15.02379,56.15887],[15.02425,56.15871],[15.02478,56.15826],[15.02478,56.15797],[15.02481,56.15794],[15.0252,56.15761],[15.02569,56.15704],[15.02649,56.15639],[15.02695,56.15526],[15.02735,56.15503],[15.02745,56.15492],[15.02775,56.15478],[15.02785,56.15462],[15.02786,56.15442],[15.0275,56.15383],[15.02733,56.15357],[15.02695,56.15313],[15.02689,56.15311],[15.02689,56.15311],[15.02565,56.15321],[15.02527,56.15296],[15.02524,56.15264],[15.02499,56.15235],[15.02471,56.15206],[15.02471,56.15206],[15.02408,56.15195],[15.02374,56.15183],[15.02307,56.15166],[15.02301,56.15166],[15.02301,56.15166],[15.02283,56.15178],[15.02246,56.15179],[15.0214,56.15162],[15.02066,56.15168],[15.01967,56.15151],[15.01926,56.15155],[15.01897,56.15152],[15.01843,56.15122],[15.01843,56.15122],[15.0182,56.15121],[15.01784,56.15125],[15.01735,56.15115],[15.01657,56.15123],[15.01657,56.15123],[15.01625,56.1515],[15.01587,56.15171],[15.01585,56.15176],[15.01585,56.15176],[15.01616,56.15201],[15.01647,56.15236],[15.01677,56.15274],[15.0164,56.15308],[15.0164,56.15308],[15.01653,56.15361],[15.01679,56.15411],[15.01594,56.15457],[15.01594,56.15457],[15.0159,56.1547],[15.01519,56.15474],[15.01482,56.15472],[15.01322,56.15425],[15.01314,56.15425],[15.01314,56.15425],[15.0123,56.15463],[15.01179,56.1546],[15.01174,56.15445],[15.01155,56.15421],[15.01136,56.15357],[15.01151,56.15338],[15.01151,56.15338],[15.01102,56.15299],[15.01102,56.15299],[15.01097,56.15299],[15.0105,56.15302],[15.00987,56.15332],[15.00909,56.15318],[15.00875,56.15317],[15.00793,56.15335],[15.00759,56.1534],[15.00758,56.1534],[15.00744,56.15351],[15.00728,56.15377],[15.0072,56.15383],[15.00595,56.15441],[15.00563,56.15478],[15.00533,56.15493],[15.00423,56.15511],[15.00396,56.15512],[15.0035,56.15526],[15.00299,56.15538],[15.00239,56.15567],[15.00171,56.15584],[15.00116,56.15597],[15.00084,56.15602],[15.00037,56.15616],[15.00037,56.15616],[14.99994,56.15646],[14.99923,56.15668],[14.99877,56.15679],[14.99869,56.15679],[14.99843,56.15676],[14.99798,56.15688],[14.99747,56.15707],[14.99713,56.15717],[14.99677,56.15734],[14.99676,56.15739],[14.99676,56.15739],[14.997,56.15777],[14.99713,56.15838],[14.99703,56.15849],[14.9969,56.15871],[14.99679,56.15875],[14.99663,56.15894],[14.996,56.15909],[14.996,56.15909],[14.99597,56.15912],[14.99597,56.15912],[14.99608,56.15939],[14.99628,56.15956],[14.99637,56.1597],[14.99657,56.15992],[14.99685,56.16031],[14.99745,56.16085],[14.99748,56.16103],[14.99733,56.16145],[14.99706,56.16175],[14.99709,56.16192],[14.99702,56.16199],[14.99673,56.16258],[14.99707,56.16348],[14.99707,56.16348],[14.99748,56.16375],[14.99761,56.16413],[14.99791,56.16426],[14.99877,56.16446],[14.99901,56.16461],[14.999,56.16464],[14.99899,56.16466],[14.99899,56.16466],[14.99899,56.16466],[14.99937,56.16473],[14.99951,56.16472],[15.00038,56.16472],[15.00082,56.16504],[15.00091,56.16538],[15.00084,56.1654],[15.00083,56.1654],[15.0006,56.16572],[15.00001,56.16592],[14.9996,56.16638],[14.99927,56.16659],[14.99927,56.16659],[14.99923,56.16668],[14.99938,56.16696],[14.99865,56.16727],[14.99844,56.16755],[14.99844,56.16755],[14.99845,56.1676],[14.99833,56.16763],[14.99743,56.16752],[14.99719,56.16724],[14.99559,56.16677],[14.99494,56.16653],[14.99427,56.16639],[14.99385,56.16628],[14.99385,56.16628],[14.99385,56.16628],[14.99384,56.16627],[14.99384,56.16624],[14.99384,56.16624],[14.99384,56.16624],[14.99346,56.16616],[14.99321,56.16591],[14.99321,56.16591],[14.99302,56.16591],[14.99232,56.16615],[14.99168,56.1665],[14.99129,56.16671],[14.99112,56.16723],[14.99017,56.16785],[14.99017,56.16785],[14.99017,56.16791],[14.99016,56.16796],[14.9899,56.16844],[14.98979,56.16858],[14.98961,56.16878],[14.98964,56.16906],[14.98943,56.16936],[14.98914,56.16955],[14.98868,56.16995],[14.98796,56.17016],[14.98766,56.17021],[14.98702,56.1702],[14.98677,56.17022],[14.98648,56.17046],[14.98585,56.17066],[14.98585,56.17066],[14.98583,56.17075],[14.98557,56.17095],[14.98475,56.17125],[14.98429,56.17134],[14.98429,56.17134],[14.98427,56.17149],[14.98406,56.17188],[14.98397,56.17206],[14.98384,56.17224],[14.98367,56.17229],[14.98357,56.17236],[14.98341,56.1725],[14.98281,56.17298],[14.98256,56.17313],[14.98256,56.17313],[14.98256,56.17318],[14.98237,56.17341],[14.98233,56.17342],[14.98233,56.17342],[14.98216,56.1735],[14.98216,56.1735],[14.98205,56.17368],[14.98205,56.17368],[14.98232,56.17389],[14.98172,56.17453],[14.98151,56.17473],[14.98151,56.17477],[14.98162,56.17532],[14.98172,56.17555],[14.98155,56.17586],[14.9814,56.17595],[14.9814,56.17595],[14.98119,56.17645],[14.98163,56.17722],[14.98179,56.17754],[14.98182,56.17811],[14.98178,56.17811],[14.98178,56.17811],[14.98178,56.17811],[14.98182,56.17827],[14.98185,56.1786],[14.98185,56.1786],[14.98185,56.1786],[14.98193,56.17862],[14.98162,56.17913],[14.98145,56.1795],[14.98128,56.17967],[14.98111,56.17995],[14.98113,56.18007],[14.98127,56.18087],[14.98122,56.18094],[14.9811,56.18136],[14.98107,56.18162],[14.98118,56.18212],[14.98128,56.18237],[14.98125,56.1827],[14.982,56.18414],[14.98201,56.18421],[14.98184,56.18447],[14.9817,56.18475],[14.98182,56.18515],[14.98171,56.1855],[14.98179,56.18587],[14.98188,56.1864],[14.98184,56.18671],[14.98211,56.18733],[14.98206,56.18736],[14.98206,56.18736],[14.98217,56.18761],[14.98156,56.18794],[14.98152,56.18806],[14.98159,56.18826],[14.98156,56.18846],[14.98176,56.18891],[14.98193,56.18913],[14.98191,56.1892],[14.98182,56.18924],[14.98182,56.18924],[14.9819,56.18942],[14.9819,56.18951],[14.9819,56.18951],[14.9819,56.18951],[14.98199,56.1895],[14.98196,56.18964],[14.98154,56.1899],[14.98069,56.18969],[14.98069,56.18969],[14.98051,56.18971],[14.9805,56.18971],[14.98017,56.19044],[14.97982,56.19099],[14.97982,56.19099],[14.98012,56.19137],[14.98017,56.19152],[14.98015,56.19155],[14.97992,56.19163],[14.97965,56.19163],[14.97961,56.19164],[14.97961,56.19164],[14.97951,56.19172],[14.9795,56.19172],[14.97926,56.19267],[14.979,56.19308],[14.97905,56.1933],[14.97922,56.19381],[14.97922,56.19381],[14.97943,56.19395],[14.97926,56.19445],[14.97908,56.19474],[14.97897,56.19494],[14.97901,56.19543],[14.97929,56.19567],[14.97932,56.19578]],[[14.99939,56.1806],[14.99951,56.18049],[14.99951,56.18049],[14.99951,56.18049],[14.99951,56.18048],[14.99954,56.18047],[14.99961,56.18044],[14.99981,56.18027],[14.99997,56.18011],[15.00004,56.18009],[15.00009,56.18004],[15.00009,56.18004],[15.00009,56.18004],[14.99986,56.17997],[14.99981,56.17995],[14.99977,56.17989],[14.99973,56.17985],[14.99973,56.17972],[14.99977,56.17959],[14.9998,56.17957],[14.99993,56.17949],[15.00009,56.17945],[15.00029,56.17943],[15.00038,56.1794],[15.00039,56.1794],[15.00039,56.17928],[15.00033,56.1792],[15.00029,56.17908],[15.00025,56.17892],[15.00019,56.17882],[15.00028,56.17881],[15.00028,56.17881],[15.00028,56.17881],[15.00029,56.17876],[15.00033,56.17876],[15.00116,56.17878],[15.00134,56.17897],[15.0018,56.17903],[15.00259,56.17932],[15.00259,56.17932],[15.00316,56.17927],[15.00341,56.17925],[15.00405,56.17921],[15.00426,56.1792],[15.00475,56.17919],[15.00635,56.17909],[15.006,56.1794],[15.00571,56.17963],[15.00521,56.18015],[15.00493,56.18041],[15.00452,56.18078],[15.00452,56.18078],[15.00459,56.18115],[15.00407,56.18111],[15.00314,56.18103],[15.00314,56.18103],[15.00314,56.18103],[15.00314,56.18103],[15.00312,56.18141],[15.00312,56.18148],[15.00313,56.18177],[15.00311,56.18223],[15.00311,56.18223],[15.00311,56.18223],[15.00322,56.18229],[15.00297,56.18243],[15.00264,56.18273],[15.00243,56.18298],[15.00225,56.18294],[15.00203,56.18284],[15.0019,56.18275],[15.00175,56.18265],[15.00167,56.18255],[15.0016,56.18251],[15.00112,56.18233],[15.00081,56.18222],[15.00067,56.18217],[15.00057,56.18214],[15.00027,56.18211],[14.99983,56.1811],[14.99939,56.1806]]]},"properties":{"NVRID":"2000455","NAMN":"Eriksberg","SKYDDSTYP":"Naturreservat","LAN":"Blekinge Län","KOMMUN":"Karlshamn","IUCNKATEGORI":"IV, Habitat/Artskyddsområde (Habitat/Species Management Area)","FORVALTARE":"Eriksberg Vilt o Natur AB","AREA_HA":899.62,"URSPR_BESLUTSDATUM":""}},{"type":"Feature","geometry":{"type":"Polygon","coordinates":[[[14.70005,56.33564],[14.70032,56.33588],[14.70032,56.33588],[14.70032,56.33588],[14.7012,56.33534],[14.70132,56.33524],[14.70191,56.33414],[14.70306,56.33302],[14.70306,56.33298],[14.7031,56.33286],[14.7031,56.33266],[14.70315,56.33255],[14.70318,56.33252],[14.70318,56.33245],[14.70322,56.33237],[14.70327,56.3323],[14.7033,56.33225],[14.70337,56.33218],[14.7035,56.33202],[14.70358,56.33194],[14.7037,56.33176],[14.70375,56.33159],[14.70378,56.33149],[14.70384,56.33132],[14.70393,56.33111],[14.70397,56.33096],[14.70401,56.33089],[14.70403,56.33083],[14.70404,56.33069],[14.70407,56.33062],[14.70417,56.33057],[14.70423,56.33055],[14.70427,56.33054],[14.70442,56.33041],[14.7045,56.33036],[14.7045,56.33036],[14.7045,56.33036],[14.70443,56.33031],[14.70442,56.33027],[14.70449,56.3302],[14.70501,56.32989],[14.70537,56.32958],[14.70555,56.32949],[14.70677,56.32994],[14.70712,56.32998],[14.70844,56.33017],[14.70844,56.33017],[14.70844,56.33017],[14.70874,56.33006],[14.70976,56.32996],[14.71106,56.33],[14.71107,56.33013],[14.71101,56.33026],[14.71092,56.33037],[14.711,56.33056],[14.711,56.33056],[14.711,56.33056],[14.7117,56.33066],[14.71161,56.3311],[14.71064,56.33096],[14.71064,56.33096],[14.71064,56.33096],[14.71064,56.33096],[14.71042,56.33173],[14.7108,56.33252],[14.7106,56.33316],[14.71099,56.33382],[14.71127,56.33457],[14.71119,56.33475],[14.71119,56.33475],[14.71119,56.33475],[14.71212,56.33491],[14.7124,56.33492],[14.71256,56.33497],[14.71278,56.33502],[14.71341,56.33513],[14.71438,56.33524],[14.71489,56.33525],[14.71513,56.33523],[14.71522,56.33521],[14.71537,56.33512],[14.71537,56.33512],[14.71537,56.33512],[14.7152,56.33498],[14.71559,56.33484],[14.71559,56.33484],[14.71559,56.33484],[14.71511,56.3342],[14.71525,56.33398],[14.71562,56.33396],[14.71576,56.33394],[14.71659,56.33489],[14.71712,56.33527],[14.7183,56.33585],[14.7183,56.33585],[14.71831,56.33585],[14.71831,56.33585],[14.71831,56.33585],[14.7182,56.33544],[14.7182,56.33544],[14.71775,56.3353],[14.71733,56.33476],[14.71702,56.33418],[14.71662,56.33355],[14.71699,56.33265],[14.71571,56.33076],[14.7176,56.33041],[14.71969,56.33],[14.71969,56.33],[14.71969,56.33],[14.71969,56.33],[14.71969,56.33],[14.71772,56.32878],[14.71825,56.32806],[14.71804,56.32755],[14.71804,56.32755],[14.71751,56.32751],[14.71769,56.32419],[14.7234,56.32313],[14.7234,56.32313],[14.7234,56.32313],[14.72359,56.32228],[14.72366,56.32224],[14.72506,56.32251],[14.72506,56.32251],[14.72506,56.32251],[14.72506,56.32251],[14.72506,56.32185],[14.72532,56.32117],[14.72552,56.32081],[14.72569,56.32046],[14.72597,56.32022],[14.72597,56.32022],[14.72597,56.32021],[14.72506,56.31991],[14.72506,56.31991],[14.7247,56.32007],[14.72387,56.31999],[14.72377,56.31958],[14.72394,56.31951],[14.72403,56.31942],[14.72408,56.31931],[14.72409,56.31916],[14.72415,56.31897],[14.72429,56.3189],[14.72429,56.3189],[14.72429,56.3189],[14.72429,56.3189],[14.72377,56.31853],[14.72333,56.31838],[14.72324,56.31835],[14.72335,56.31815],[14.72344,56.31807],[14.72365,56.31795],[14.72407,56.31767],[14.72431,56.3175],[14.72453,56.31739],[14.72477,56.31727],[14.72498,56.31719],[14.72527,56.31712],[14.7254,56.31708],[14.7254,56.31708],[14.7254,56.31708],[14.72526,56.31698],[14.72586,56.3166],[14.72622,56.31642],[14.7268,56.31656],[14.7268,56.31656],[14.72708,56.3165],[14.72708,56.3165],[14.72708,56.3165],[14.72708,56.3165],[14.72708,56.3165],[14.72685,56.31644],[14.72658,56.31627],[14.72721,56.3161],[14.72818,56.31589],[14.72874,56.31564],[14.7295,56.31534],[14.73029,56.31514],[14.73059,56.31498],[14.73118,56.31473],[14.73163,56.3145],[14.73181,56.31438],[14.73184,56.31435],[14.73278,56.31483],[14.73278,56.31483],[14.73278,56.31483],[14.73307,56.31473],[14.73387,56.31481],[14.73573,56.31405],[14.73624,56.31356],[14.73612,56.31258],[14.73641,56.31256],[14.73641,56.31256],[14.73656,56.31227],[14.7378,56.31132],[14.73862,56.31109],[14.73862,56.31109],[14.73862,56.31109],[14.73862,56.31109],[14.73776,56.31069],[14.7378,56.30994],[14.73838,56.30981],[14.73838,56.30981],[14.73838,56.30981],[14.73836,56.30961],[14.73836,56.30961],[14.73739,56.30931],[14.7376,56.30831],[14.7383,56.30772],[14.7383,56.30772],[14.7383,56.30772],[14.73787,56.30761],[14.73789,56.3072],[14.73803,56.30672],[14.73859,56.3059],[14.73933,56.30552],[14.74009,56.30501],[14.74009,56.30501],[14.74009,56.30501],[14.73975,56.30466],[14.74025,56.3043],[14.74076,56.30364],[14.74125,56.30339],[14.74125,56.30339],[14.74125,56.30339],[14.74079,56.30268],[14.7407,56.30231],[14.74106,56.30191],[14.74084,56.30119],[14.74124,56.30095],[14.74288,56.30097],[14.74306,56.3012],[14.74366,56.30133],[14.74367,56.30133],[14.7445,56.30095],[14.7447,56.30077],[14.7447,56.30077],[14.74465,56.30049],[14.74459,56.30042],[14.74452,56.30029],[14.74448,56.30013],[14.74424,56.29989],[14.74422,56.29949],[14.74419,56.29939],[14.74416,56.29934],[14.74431,56.29924],[14.74471,56.29879],[14.74507,56.29822],[14.74533,56.29781],[14.74556,56.2976],[14.74581,56.29743],[14.74598,56.29732],[14.74628,56.29733],[14.74742,56.29702],[14.74803,56.2966],[14.74835,56.29657],[14.74976,56.29658],[14.7502,56.29671],[14.7502,56.29671],[14.7502,56.29671],[14.75175,56.29501],[14.75175,56.29501],[14.7514,56.29469],[14.7514,56.29469],[14.74997,56.29451],[14.75032,56.29433],[14.75062,56.29401],[14.75065,56.29372],[14.75065,56.29372],[14.75045,56.29359],[14.75172,56.29274],[14.75172,56.29274],[14.75172,56.29255],[14.75214,56.29198],[14.75219,56.29181],[14.75283,56.29123],[14.75367,56.29077],[14.75425,56.29055],[14.75517,56.29081],[14.75517,56.29081],[14.75517,56.29081],[14.75517,56.29081],[14.75744,56.28728],[14.7591,56.28466],[14.75903,56.28434],[14.75912,56.28433],[14.75912,56.28433],[14.75912,56.28433],[14.75908,56.28399],[14.7591,56.28358],[14.75861,56.28242],[14.75861,56.28241],[14.75861,56.28241],[14.75778,56.28236],[14.75759,56.28217],[14.75815,56.28173],[14.75881,56.28187],[14.75881,56.28187],[14.75881,56.28187],[14.75946,56.28056],[14.75946,56.28056],[14.75946,56.28056],[14.75933,56.28053],[14.75941,56.2804],[14.75949,56.28023],[14.7596,56.28008],[14.75968,56.2799],[14.75974,56.27972],[14.75981,56.2795],[14.75984,56.27933],[14.75986,56.27916],[14.75985,56.27895],[14.75985,56.27883],[14.75983,56.27865],[14.75988,56.2786],[14.75992,56.27855],[14.75995,56.27844],[14.76005,56.2783],[14.76012,56.27814],[14.76016,56.278],[14.76018,56.27788],[14.76022,56.27775],[14.76031,56.27766],[14.76047,56.27753],[14.76061,56.2774],[14.76076,56.27725],[14.76086,56.27718],[14.76107,56.27707],[14.76122,56.27698],[14.76137,56.27687],[14.76154,56.27674],[14.7617,56.27657],[14.76183,56.27643],[14.76193,56.27627],[14.76193,56.27615],[14.76189,56.27602],[14.76184,56.27594],[14.76184,56.27594],[14.76173,56.27588],[14.7616,56.2758],[14.76153,56.27569],[14.76149,56.27554],[14.76152,56.27544],[14.76162,56.27529],[14.76162,56.27529],[14.7616,56.27521],[14.76154,56.27509],[14.76148,56.27493],[14.76148,56.27477],[14.76148,56.27461],[14.76153,56.27445],[14.76163,56.27434],[14.76169,56.27421],[14.76174,56.27407],[14.76184,56.27393],[14.76187,56.2739],[14.76188,56.27388],[14.76191,56.27386],[14.76195,56.27383],[14.76197,56.2738],[14.762,56.27378],[14.76205,56.27374],[14.76209,56.2737],[14.76212,56.27366],[14.76218,56.27361],[14.76223,56.27358],[14.76225,56.27356],[14.76232,56.2735],[14.76238,56.27345],[14.76244,56.2734],[14.76252,56.27334],[14.76257,56.2733],[14.76263,56.27328],[14.76267,56.27323],[14.76271,56.27321],[14.76273,56.27319],[14.76284,56.27313],[14.763,56.27306],[14.7631,56.27301],[14.76313,56.27303],[14.76314,56.27303],[14.76315,56.27304],[14.7632,56.27303],[14.7632,56.27303],[14.76321,56.27302],[14.76322,56.27298],[14.76325,56.27296],[14.7633,56.27289],[14.76339,56.27283],[14.76353,56.27275],[14.76372,56.27267],[14.76387,56.27258],[14.76403,56.27246],[14.76414,56.27236],[14.76431,56.27228],[14.76437,56.27221],[14.76446,56.27211],[14.76455,56.27206],[14.76466,56.27191],[14.76474,56.27172],[14.76485,56.27154],[14.76496,56.27138],[14.765,56.27123],[14.76498,56.27106],[14.76499,56.27089],[14.76499,56.27068],[14.765,56.27056],[14.76503,56.27045],[14.76507,56.27034],[14.76503,56.27022],[14.76501,56.27007],[14.76504,56.26985],[14.76512,56.26968],[14.76514,56.26954],[14.76521,56.26945],[14.76523,56.26923],[14.76528,56.26903],[14.76533,56.26894],[14.76539,56.26879],[14.7654,56.26862],[14.76534,56.26853],[14.76534,56.26853],[14.76523,56.26847],[14.76503,56.26841],[14.76484,56.26832],[14.76475,56.26825],[14.76472,56.26817],[14.76475,56.26805],[14.76484,56.26788],[14.76499,56.26775],[14.76511,56.26765],[14.76524,56.26753],[14.76541,56.26739],[14.76557,56.26723],[14.76572,56.26706],[14.76584,56.26691],[14.76596,56.26677],[14.76609,56.26661],[14.76618,56.26646],[14.76633,56.26629],[14.76644,56.26613],[14.76654,56.26597],[14.76665,56.26579],[14.76671,56.26564],[14.7668,56.26544],[14.76687,56.26528],[14.76696,56.26517],[14.76709,56.26511],[14.76726,56.26504],[14.76746,56.26496],[14.76768,56.26489],[14.76789,56.26479],[14.76809,56.26467],[14.76829,56.26457],[14.76851,56.26447],[14.76868,56.26435],[14.76878,56.26424],[14.76883,56.26409],[14.76881,56.26397],[14.76876,56.26389],[14.76866,56.26381],[14.76857,56.26374],[14.76851,56.26364],[14.76854,56.26354],[14.76862,56.26343],[14.76873,56.26333],[14.76891,56.26323],[14.76908,56.26314],[14.76919,56.26311],[14.76935,56.26304],[14.76949,56.26295],[14.76965,56.26289],[14.76977,56.26283],[14.76998,56.26271],[14.77013,56.26262],[14.77031,56.2625],[14.77047,56.26237],[14.77061,56.26224],[14.7707,56.26216],[14.77078,56.2621],[14.77089,56.26197],[14.77095,56.26188],[14.77099,56.26175],[14.77104,56.26156],[14.77105,56.26143],[14.77102,56.26125],[14.77103,56.26106],[14.77103,56.26091],[14.77102,56.26079],[14.771,56.26062],[14.77095,56.26047],[14.77087,56.26031],[14.77081,56.2602],[14.77082,56.26008],[14.77085,56.25995],[14.77088,56.25988],[14.77099,56.25973],[14.77103,56.25965],[14.77107,56.25958],[14.77113,56.25946],[14.7712,56.25937],[14.77119,56.25925],[14.77116,56.25909],[14.77113,56.25905],[14.77111,56.25895],[14.7711,56.25882],[14.77111,56.25871],[14.77114,56.25862],[14.77123,56.25858],[14.77123,56.25858],[14.77125,56.25847],[14.77129,56.25833],[14.77143,56.25817],[14.77157,56.25805],[14.77176,56.258],[14.77198,56.25804],[14.77209,56.25814],[14.77215,56.25818],[14.77229,56.25823],[14.77241,56.25827],[14.77264,56.25833],[14.77264,56.25833],[14.77268,56.25831],[14.77271,56.25831],[14.77282,56.25831],[14.77299,56.2583],[14.77314,56.25826],[14.77328,56.25822],[14.77341,56.25812],[14.77352,56.25803],[14.77367,56.25791],[14.77375,56.25781],[14.77391,56.25764],[14.774,56.25754],[14.77406,56.25741],[14.7741,56.25724],[14.77412,56.2572],[14.77422,56.25712],[14.77435,56.25708],[14.77446,56.25701],[14.77459,56.25691],[14.77468,56.25681],[14.7748,56.25671],[14.77496,56.25662],[14.7751,56.25651],[14.77526,56.25638],[14.7754,56.25626],[14.77542,56.25625],[14.77581,56.25642],[14.77581,56.25642],[14.77581,56.25642],[14.77623,56.25619],[14.77637,56.25613],[14.77712,56.25582],[14.77721,56.2558],[14.77732,56.25574],[14.77741,56.25572],[14.77794,56.25559],[14.77825,56.25549],[14.77842,56.25544],[14.77852,56.25538],[14.77864,56.25538],[14.77886,56.25541],[14.77899,56.25542],[14.77899,56.25542],[14.77899,56.25542],[14.77926,56.25507],[14.77952,56.25465],[14.7793,56.2544],[14.77898,56.25425],[14.77898,56.25425],[14.7782,56.25449],[14.77757,56.255],[14.77706,56.25484],[14.77706,56.25484],[14.77706,56.25484],[14.77705,56.25485],[14.777,56.25497],[14.77698,56.25519],[14.77645,56.25513],[14.77648,56.25505],[14.77654,56.25494],[14.77667,56.2548],[14.77674,56.25469],[14.77683,56.25456],[14.77689,56.25447],[14.77689,56.25447],[14.77685,56.2544],[14.77684,56.25433],[14.77694,56.25428],[14.77703,56.25425],[14.77719,56.25415],[14.77731,56.25403],[14.77742,56.25387],[14.77742,56.2538],[14.77745,56.25367],[14.77746,56.25358],[14.77748,56.25351],[14.7775,56.25348],[14.77756,56.25345],[14.77762,56.25345],[14.7777,56.25341],[14.77771,56.25335],[14.7777,56.25328],[14.77778,56.25322],[14.77788,56.25318],[14.77794,56.25316],[14.77801,56.25312],[14.77814,56.2531],[14.77822,56.25311],[14.77831,56.25311],[14.77832,56.25311],[14.77837,56.25308],[14.77837,56.25308],[14.77838,56.25301],[14.77843,56.25297],[14.77848,56.25295],[14.77857,56.25294],[14.77867,56.25294],[14.77875,56.25294],[14.77881,56.25294],[14.77881,56.25294],[14.77918,56.25267],[14.77918,56.25267],[14.77918,56.25267],[14.77896,56.25257],[14.77906,56.25251],[14.77913,56.25249],[14.77932,56.25236],[14.77946,56.25238],[14.77956,56.25243],[14.77956,56.25243],[14.77956,56.25243],[14.7797,56.25236],[14.77983,56.25232],[14.77998,56.25228],[14.78013,56.25225],[14.78029,56.2522],[14.78037,56.25219],[14.78046,56.25219],[14.78055,56.25217],[14.78067,56.2522],[14.78076,56.25218],[14.78077,56.25218],[14.7808,56.25211],[14.78092,56.25208],[14.78092,56.25208],[14.78092,56.25208],[14.78093,56.25205],[14.78106,56.25195],[14.78111,56.25187],[14.78111,56.25184],[14.78109,56.25172],[14.78114,56.25163],[14.78117,56.25152],[14.78121,56.25139],[14.78127,56.25128],[14.78134,56.25117],[14.78139,56.25104],[14.78144,56.25092],[14.78153,56.25082],[14.78164,56.25071],[14.78177,56.2506],[14.78186,56.25048],[14.78192,56.2504],[14.78192,56.2504],[14.78192,56.2504],[14.78145,56.25024],[14.78116,56.25012],[14.78003,56.2498],[14.78003,56.2498],[14.78003,56.2498],[14.78003,56.2498],[14.77966,56.25021],[14.77879,56.25034],[14.77878,56.25034],[14.77878,56.25035],[14.77876,56.25065],[14.77846,56.25097],[14.7778,56.25114],[14.7778,56.25114],[14.7778,56.25114],[14.77772,56.2522],[14.77772,56.2522],[14.77789,56.25229],[14.77775,56.25234],[14.77707,56.25261],[14.77688,56.25271],[14.77668,56.25278],[14.77649,56.2528],[14.77649,56.2528],[14.77649,56.2528],[14.77634,56.25364],[14.77572,56.25431],[14.77523,56.25442],[14.7744,56.25505],[14.77363,56.25586],[14.77341,56.25697],[14.77275,56.25691],[14.77275,56.25691],[14.77275,56.25691],[14.77237,56.25748],[14.77227,56.25758],[14.77207,56.25757],[14.772,56.25752],[14.77193,56.25749],[14.77187,56.25747],[14.77171,56.25747],[14.77158,56.25747],[14.77148,56.25749],[14.77127,56.25756],[14.77109,56.25761],[14.77106,56.25764],[14.771,56.25771],[14.77092,56.25776],[14.77085,56.25781],[14.77076,56.25788],[14.7707,56.25795],[14.77072,56.25805],[14.77073,56.25812],[14.77071,56.25823],[14.77068,56.2583],[14.77074,56.2584],[14.77079,56.25853],[14.77082,56.25863],[14.77081,56.25872],[14.77076,56.25883],[14.77078,56.25887],[14.77083,56.25895],[14.77081,56.259],[14.77074,56.25903],[14.77074,56.25903],[14.77069,56.25914],[14.77065,56.25924],[14.77061,56.25933],[14.77059,56.25942],[14.77058,56.25959],[14.77052,56.25968],[14.77045,56.25978],[14.77033,56.25991],[14.77024,56.26],[14.77019,56.26004],[14.77018,56.26009],[14.77023,56.26023],[14.77034,56.26042],[14.77044,56.2606],[14.77051,56.26076],[14.77053,56.2609],[14.77054,56.26104],[14.77026,56.26104],[14.77026,56.26104],[14.77026,56.26104],[14.7703,56.26119],[14.7703,56.26119],[14.7703,56.26119],[14.77053,56.2612],[14.77054,56.26141],[14.77054,56.26158],[14.7705,56.26169],[14.77044,56.26175],[14.77033,56.26183],[14.77013,56.26195],[14.76998,56.26204],[14.76983,56.26213],[14.76961,56.26227],[14.76941,56.26239],[14.76926,56.26251],[14.76911,56.26261],[14.76895,56.26275],[14.76879,56.26286],[14.76857,56.26297],[14.76844,56.26306],[14.76822,56.26319],[14.76804,56.2633],[14.76797,56.26336],[14.76787,56.26343],[14.76791,56.26357],[14.76751,56.26364],[14.76751,56.26365],[14.76711,56.26402],[14.76691,56.26423],[14.76691,56.26423],[14.76691,56.26424],[14.76731,56.26445],[14.76663,56.26486],[14.76642,56.265],[14.76611,56.2653],[14.76594,56.26549],[14.76578,56.26571],[14.76528,56.26657],[14.7649,56.26718],[14.76473,56.26739],[14.76398,56.26812],[14.76373,56.26843],[14.7631,56.26935],[14.76266,56.27013],[14.76266,56.27013],[14.76266,56.27013],[14.76309,56.27019],[14.7632,56.27021],[14.76397,56.2704],[14.76395,56.27055],[14.76396,56.27079],[14.76397,56.27082],[14.76402,56.27098],[14.76402,56.27113],[14.76404,56.27133],[14.76379,56.27133],[14.76362,56.27131],[14.76288,56.27103],[14.76292,56.27086],[14.76292,56.27086],[14.76292,56.27086],[14.76292,56.27086],[14.7626,56.27088],[14.7622,56.27087],[14.7622,56.27087],[14.7622,56.27087],[14.76102,56.27277],[14.76098,56.27284],[14.76022,56.27406],[14.76017,56.27413],[14.75917,56.27577],[14.7586,56.27666],[14.75835,56.27662],[14.75809,56.27651],[14.75792,56.2764],[14.75763,56.27619],[14.75721,56.27593],[14.75682,56.2758],[14.75646,56.27566],[14.75646,56.27566],[14.75646,56.27566],[14.75646,56.27566],[14.75621,56.27601],[14.75595,56.27616],[14.75584,56.27653],[14.75592,56.27668],[14.75551,56.27711],[14.75559,56.27771],[14.75554,56.27806],[14.75537,56.27811],[14.75521,56.27806],[14.75499,56.27797],[14.75464,56.2778],[14.75428,56.27768],[14.75398,56.27764],[14.7533,56.27758],[14.75304,56.27754],[14.75304,56.27754],[14.75304,56.27755],[14.75294,56.27775],[14.75274,56.27783],[14.75274,56.27783],[14.75274,56.27783],[14.75295,56.27833],[14.75334,56.27854],[14.75354,56.27867],[14.75374,56.27894],[14.75356,56.27916],[14.75346,56.27938],[14.75342,56.27969],[14.75342,56.2798],[14.75342,56.28014],[14.75342,56.28014],[14.75431,56.28045],[14.75407,56.28066],[14.75407,56.28066],[14.7542,56.28089],[14.75412,56.28118],[14.75391,56.28133],[14.75372,56.28139],[14.75332,56.28177],[14.75326,56.28194],[14.7532,56.28209],[14.75308,56.28226],[14.75298,56.28233],[14.75285,56.28248],[14.75282,56.28258],[14.7528,56.28306],[14.7528,56.28306],[14.75296,56.28313],[14.75336,56.28333],[14.75334,56.28343],[14.75337,56.28359],[14.75342,56.28379],[14.75347,56.28405],[14.7536,56.28428],[14.75366,56.28461],[14.75361,56.28492],[14.75354,56.28512],[14.75331,56.28545],[14.75317,56.28568],[14.75305,56.28595],[14.75292,56.28626],[14.75281,56.28655],[14.75282,56.28676],[14.75284,56.28693],[14.75285,56.28707],[14.75277,56.28718],[14.75261,56.28734],[14.75245,56.28755],[14.75224,56.28793],[14.75206,56.28829],[14.75183,56.28858],[14.7516,56.28883],[14.75147,56.28892],[14.75139,56.28899],[14.75139,56.28899],[14.75139,56.28899],[14.75149,56.28904],[14.75157,56.28906],[14.75154,56.28908],[14.75135,56.2892],[14.75114,56.28927],[14.75095,56.28931],[14.75092,56.28932],[14.75087,56.28926],[14.75087,56.28926],[14.7492,56.2888],[14.7492,56.2888],[14.7492,56.2888],[14.7488,56.28917],[14.74711,56.29023],[14.74711,56.29023],[14.74711,56.29024],[14.74725,56.2903],[14.74721,56.29032],[14.74721,56.29032],[14.74714,56.29044],[14.74708,56.29054],[14.74692,56.29061],[14.74682,56.29063],[14.74664,56.29067],[14.74652,56.29068],[14.74652,56.29068],[14.74652,56.29068],[14.74652,56.29068],[14.74652,56.29068],[14.74667,56.29075],[14.74658,56.29081],[14.74626,56.29099],[14.74608,56.29091],[14.74608,56.29091],[14.74608,56.29091],[14.74573,56.29114],[14.74554,56.29122],[14.74527,56.29132],[14.74516,56.29124],[14.74516,56.29124],[14.74516,56.29124],[14.74472,56.29148],[14.74456,56.29158],[14.74447,56.29164],[14.74438,56.29171],[14.74431,56.29178],[14.74423,56.29188],[14.74418,56.29195],[14.74414,56.29203],[14.74411,56.29211],[14.74406,56.29223],[14.74405,56.29229],[14.74407,56.29233],[14.74411,56.29237],[14.74419,56.2924],[14.74426,56.29241],[14.74447,56.29239],[14.74451,56.29265],[14.74449,56.29282],[14.74444,56.29294],[14.7443,56.29308],[14.7442,56.29308],[14.74419,56.29308],[14.74419,56.29308],[14.74391,56.29347],[14.74354,56.29339],[14.74354,56.29339],[14.74354,56.29339],[14.74339,56.29366],[14.74339,56.29366],[14.74339,56.29366],[14.74389,56.29376],[14.74337,56.29433],[14.74337,56.29433],[14.74337,56.29433],[14.74361,56.29444],[14.74345,56.29453],[14.7433,56.29468],[14.74317,56.29483],[14.74313,56.29482],[14.74313,56.29482],[14.74313,56.29482],[14.74279,56.29514],[14.74256,56.29527],[14.74252,56.29527],[14.74252,56.29527],[14.74252,56.29527],[14.74235,56.29554],[14.74101,56.29704],[14.74101,56.29704],[14.74101,56.29704],[14.74141,56.29718],[14.74123,56.29729],[14.74043,56.29788],[14.74022,56.29789],[14.74019,56.29787],[14.74019,56.29787],[14.74019,56.29787],[14.74005,56.298],[14.73968,56.2982],[14.7393,56.29835],[14.73881,56.29853],[14.73808,56.29884],[14.73741,56.2991],[14.73741,56.2991],[14.7374,56.29947],[14.73685,56.30046],[14.73722,56.30125],[14.73635,56.30108],[14.73606,56.30106],[14.7355,56.30105],[14.73503,56.30111],[14.7349,56.30115],[14.73451,56.30136],[14.73418,56.30134],[14.73387,56.30134],[14.73387,56.30134],[14.73387,56.30134],[14.73387,56.30141],[14.73399,56.3015],[14.73405,56.30155],[14.73453,56.3016],[14.73428,56.30209],[14.73335,56.30205],[14.73358,56.30142],[14.73358,56.30142],[14.73312,56.30125],[14.73312,56.30125],[14.73312,56.30125],[14.73312,56.30125],[14.73193,56.30238],[14.73193,56.30238],[14.73193,56.30238],[14.73201,56.30245],[14.73236,56.30263],[14.73237,56.30263],[14.73261,56.30261],[14.73281,56.30258],[14.73312,56.30243],[14.73323,56.30232],[14.73403,56.30305],[14.73425,56.30327],[14.73437,56.30334],[14.73492,56.30356],[14.73502,56.30366],[14.73514,56.30387],[14.73525,56.30421],[14.73543,56.30447],[14.73479,56.30462],[14.73479,56.30462],[14.73447,56.30508],[14.73428,56.30574],[14.73345,56.30677],[14.73345,56.30677],[14.73407,56.30729],[14.73373,56.30736],[14.73198,56.30833],[14.73047,56.3081],[14.73047,56.3081],[14.73043,56.30811],[14.73043,56.30811],[14.73043,56.30811],[14.73056,56.30847],[14.73058,56.3086],[14.73055,56.30867],[14.73055,56.30868],[14.73055,56.30868],[14.73136,56.30887],[14.73089,56.31023],[14.73089,56.31023],[14.73089,56.31023],[14.73089,56.31023],[14.73123,56.31021],[14.73122,56.31082],[14.72978,56.31064],[14.72978,56.31064],[14.7289,56.31087],[14.7289,56.31087],[14.7289,56.31087],[14.7289,56.31087],[14.7289,56.31087],[14.72989,56.31111],[14.71937,56.31427],[14.71937,56.31427],[14.71859,56.31494],[14.71859,56.31494],[14.71859,56.31495],[14.72037,56.31569],[14.72175,56.31627],[14.7218,56.31629],[14.72176,56.31631],[14.72174,56.31635],[14.72169,56.31644],[14.72167,56.31645],[14.7216,56.31645],[14.7216,56.31645],[14.72155,56.31649],[14.72153,56.31653],[14.72152,56.31656],[14.72149,56.31663],[14.72146,56.31672],[14.72143,56.31683],[14.72133,56.31699],[14.72116,56.31714],[14.72092,56.3173],[14.72081,56.31736],[14.72065,56.31745],[14.72052,56.31751],[14.72041,56.3176],[14.72034,56.31762],[14.72028,56.31762],[14.72028,56.31762],[14.72022,56.31768],[14.72022,56.31768],[14.72022,56.31768],[14.72029,56.31774],[14.72028,56.31778],[14.72026,56.31787],[14.72019,56.31796],[14.71993,56.31822],[14.71975,56.31846],[14.7195,56.31882],[14.7193,56.31914],[14.71912,56.31946],[14.71888,56.31987],[14.71876,56.32001],[14.71809,56.32],[14.71809,56.32],[14.7174,56.32046],[14.71689,56.32048],[14.71689,56.32048],[14.71433,56.323],[14.71433,56.323],[14.71433,56.323],[14.71469,56.32321],[14.71305,56.32408],[14.71258,56.32426],[14.71229,56.32436],[14.71229,56.32436],[14.71221,56.32451],[14.71173,56.32464],[14.71139,56.32475],[14.71112,56.32485],[14.71088,56.32495],[14.71065,56.32507],[14.71046,56.32517],[14.71028,56.32529],[14.71011,56.32541],[14.7099,56.32559],[14.70966,56.32586],[14.70939,56.32623],[14.70925,56.32663],[14.70865,56.32754],[14.70854,56.32765],[14.70838,56.32773],[14.70611,56.32877],[14.70554,56.32892],[14.7052,56.32908],[14.7052,56.32908],[14.7052,56.32908],[14.70527,56.32913],[14.70502,56.32919],[14.70375,56.3298],[14.70375,56.3298],[14.70376,56.32988],[14.70349,56.33001],[14.70334,56.33016],[14.70325,56.33025],[14.70319,56.33033],[14.70316,56.33038],[14.70315,56.33041],[14.70308,56.33041],[14.70308,56.33042],[14.70308,56.33042],[14.70306,56.33047],[14.70308,56.33122],[14.70306,56.33146],[14.70301,56.33164],[14.70292,56.33184],[14.70265,56.33211],[14.7022,56.33243],[14.70199,56.33255],[14.70174,56.33287],[14.70155,56.33312],[14.70155,56.33312],[14.70155,56.33312],[14.7017,56.33314],[14.70136,56.33346],[14.70124,56.33352],[14.70062,56.33383],[14.70047,56.33378],[14.70035,56.33374],[14.70034,56.33374],[14.70034,56.33374],[14.70009,56.33392],[14.69988,56.3342],[14.69977,56.33433],[14.69967,56.3345],[14.69963,56.33458],[14.69964,56.33469],[14.69968,56.33485],[14.69969,56.3351],[14.69967,56.33518],[14.69963,56.33525],[14.69932,56.33569],[14.69932,56.33569],[14.69932,56.33569],[14.69932,56.33569],[14.70005,56.33564]],[[14.71931,56.32166],[14.7194,56.32161],[14.71971,56.32144],[14.72024,56.32116],[14.72034,56.32123],[14.72027,56.32138],[14.72009,56.32151],[14.72002,56.32157],[14.71954,56.32167],[14.71931,56.32166]],[[14.75101,56.29091],[14.7513,56.29065],[14.7513,56.29065],[14.75187,56.29082],[14.75189,56.29082],[14.75189,56.29082],[14.75183,56.29088],[14.75175,56.29096],[14.75154,56.29113],[14.75154,56.29113],[14.75154,56.29113],[14.75154,56.29112],[14.75101,56.29091]],[[14.72006,56.32054],[14.72027,56.32025],[14.72081,56.32035],[14.72121,56.32047],[14.72077,56.32072],[14.72006,56.32054]],[[14.75031,56.29188],[14.75067,56.29176],[14.75148,56.29211],[14.75103,56.29237],[14.7506,56.29218],[14.75065,56.29202],[14.75065,56.29202],[14.75031,56.29188]],[[14.75255,56.28943],[14.75282,56.28913],[14.7534,56.28912],[14.75269,56.28993],[14.75258,56.2899],[14.75255,56.28943]],[[14.73311,56.31301],[14.7334,56.3127],[14.73345,56.31263],[14.73353,56.31249],[14.7338,56.31214],[14.73419,56.31222],[14.73394,56.31258],[14.73354,56.31307],[14.73311,56.31301]],[[14.73543,56.30867],[14.73554,56.30855],[14.73564,56.30842],[14.73569,56.30822],[14.73569,56.30815],[14.73581,56.30796],[14.73651,56.30807],[14.73632,56.30856],[14.73587,56.30881],[14.73543,56.30867]],[[14.70997,56.32919],[14.71029,56.32911],[14.7105,56.32906],[14.71078,56.32904],[14.71107,56.32905],[14.71107,56.32905],[14.71107,56.32905],[14.71109,56.32899],[14.71143,56.32901],[14.71143,56.32901],[14.71153,56.32896],[14.71212,56.32908],[14.71205,56.32926],[14.71188,56.32924],[14.71168,56.32926],[14.71136,56.32932],[14.71136,56.32932],[14.71124,56.32945],[14.71115,56.32956],[14.71011,56.3295],[14.70997,56.32919]],[[14.74743,56.29169],[14.74752,56.29156],[14.74899,56.29143],[14.74908,56.29174],[14.74914,56.29196],[14.74755,56.2921],[14.74749,56.29189],[14.74743,56.29169]],[[14.74587,56.29486],[14.74596,56.29465],[14.74611,56.29445],[14.74626,56.2942],[14.74632,56.29403],[14.74637,56.29381],[14.7464,56.29358],[14.74646,56.29331],[14.74654,56.29315],[14.74658,56.29294],[14.74712,56.29342],[14.74712,56.29342],[14.74821,56.29348],[14.74827,56.29385],[14.74852,56.29431],[14.74852,56.29431],[14.74886,56.29451],[14.74894,56.29511],[14.74846,56.29533],[14.74795,56.29526],[14.74762,56.29521],[14.74692,56.29517],[14.74587,56.29486]]]},"properties":{"NVRID":"2014094","NAMN":"Mörrumsåns dalgång","SKYDDSTYP":"Naturreservat","LAN":"Blekinge Län","KOMMUN":"Karlshamn, Olofström","IUCNKATEGORI":"IV, Habitat/Artskyddsområde (Habitat/Species Management Area)","FORVALTARE":"Länsstyrelsen i Blekinge län","AREA_HA":316.295,"URSPR_BESLUTSDATUM":"2008-06-09"}},{"type":"Feature","geometry":{"type":"MultiPolygon","coordinates":[[[[14.47127,56.23799],[14.47044,56.23731],[14.47043,56.23731],[14.47043,56.23731],[14.47043,56.23731],[14.46897,56.23832],[14.46751,56.23925],[14.46733,56.23937],[14.46692,56.23987],[14.46688,56.23992],[14.46688,56.23992],[14.46688,56.23992],[14.46718,56.24004],[14.46743,56.2401],[14.46775,56.24014],[14.46822,56.24014],[14.46899,56.24005],[14.4706,56.23986],[14.47199,56.2397],[14.47255,56.23967],[14.47347,56.23968],[14.47381,56.23967],[14.47409,56.23965],[14.47434,56.23961],[14.47461,56.23953],[14.4751,56.23932],[14.47561,56.2391],[14.47561,56.2391],[14.47561,56.2391],[14.47552,56.23906],[14.47552,56.23906],[14.47522,56.23904],[14.47514,56.23905],[14.47496,56.23909],[14.47464,56.23918],[14.47454,56.23919],[14.47386,56.23918],[14.47274,56.23909],[14.47264,56.23908],[14.47258,56.23906],[14.47215,56.23881],[14.47192,56.23875],[14.47186,56.23873],[14.47178,56.23871],[14.47179,56.23867],[14.47208,56.23846],[14.47208,56.23846],[14.47208,56.23827],[14.47231,56.23816],[14.47232,56.23816],[14.47231,56.23816],[14.47187,56.23778],[14.47187,56.23778],[14.47186,56.23778],[14.47127,56.23799]]],[[[14.46476,56.24656],[14.46491,56.24657],[14.46501,56.24665],[14.46523,56.24686],[14.46535,56.24696],[14.4659,56.24717],[14.46591,56.24721],[14.46588,56.24726],[14.46588,56.24726],[14.46589,56.24726],[14.46595,56.24727],[14.46608,56.24725],[14.46621,56.24718],[14.46621,56.24718],[14.46628,56.24708],[14.46635,56.24675],[14.46643,56.24659],[14.46669,56.24661],[14.46678,56.24674],[14.46691,56.24686],[14.46714,56.24692],[14.46725,56.24702],[14.4674,56.24715],[14.4674,56.24715],[14.46762,56.24723],[14.46777,56.24726],[14.46783,56.24727],[14.46797,56.24731],[14.46827,56.24733],[14.46828,56.24739],[14.46834,56.24746],[14.46844,56.24749],[14.46854,56.24767],[14.46859,56.24777],[14.46854,56.24784],[14.46854,56.24795],[14.46858,56.24803],[14.4686,56.24807],[14.46872,56.24813],[14.46888,56.24827],[14.46888,56.24827],[14.46896,56.24828],[14.46899,56.24841],[14.46895,56.24851],[14.46892,56.24857],[14.46892,56.24858],[14.46902,56.24866],[14.46906,56.24872],[14.46925,56.24888],[14.46993,56.24947],[14.47026,56.24969],[14.47049,56.24976],[14.47076,56.24984],[14.47102,56.24988],[14.47125,56.24991],[14.47125,56.24991],[14.47151,56.24974],[14.47184,56.24993],[14.47115,56.2502],[14.47111,56.25021],[14.47111,56.25021],[14.47111,56.25022],[14.47111,56.25022],[14.47119,56.25028],[14.47149,56.2504],[14.47164,56.25045],[14.47181,56.2505],[14.4718,56.25059],[14.47172,56.25072],[14.47173,56.25084],[14.47188,56.25116],[14.47194,56.25125],[14.47206,56.25136],[14.47244,56.25152],[14.47282,56.25167],[14.47306,56.25171],[14.47342,56.25171],[14.47358,56.25177],[14.4738,56.25188],[14.47395,56.25192],[14.47411,56.2519],[14.47429,56.25199],[14.4744,56.25211],[14.47474,56.25232],[14.47481,56.25243],[14.47474,56.25254],[14.47474,56.25265],[14.47475,56.25269],[14.47494,56.25278],[14.47529,56.25288],[14.47529,56.25288],[14.47563,56.25288],[14.47595,56.25282],[14.47616,56.25273],[14.47631,56.25272],[14.47642,56.25284],[14.47656,56.25303],[14.47656,56.25303],[14.47678,56.25308],[14.47708,56.25308],[14.47737,56.25305],[14.47737,56.25305],[14.47754,56.25299],[14.47779,56.25299],[14.4779,56.25304],[14.4781,56.25307],[14.47827,56.25304],[14.47862,56.25299],[14.47897,56.253],[14.47925,56.25308],[14.4794,56.2532],[14.47939,56.25328],[14.47929,56.25331],[14.47911,56.25337],[14.479,56.25349],[14.47893,56.25367],[14.47901,56.25377],[14.47895,56.2539],[14.47899,56.254],[14.47922,56.2541],[14.47933,56.25416],[14.47933,56.25416],[14.48027,56.25414],[14.4802,56.25467],[14.48025,56.25495],[14.48025,56.25495],[14.48025,56.25495],[14.48103,56.25493],[14.48103,56.25493],[14.48103,56.25493],[14.4816,56.25445],[14.48229,56.25455],[14.48229,56.25455],[14.48229,56.25455],[14.48237,56.25444],[14.48236,56.25434],[14.48243,56.2543],[14.48243,56.2543],[14.48241,56.25417],[14.48248,56.25413],[14.48278,56.25409],[14.48287,56.25431],[14.48287,56.25431],[14.48287,56.25431],[14.48287,56.25431],[14.48287,56.25431],[14.48874,56.25191],[14.48874,56.25191],[14.48879,56.25163],[14.48866,56.25145],[14.48861,56.25121],[14.48861,56.25121],[14.48823,56.25099],[14.48806,56.25093],[14.48789,56.25085],[14.4879,56.25067],[14.4879,56.25066],[14.48769,56.25059],[14.48779,56.25034],[14.48782,56.25023],[14.4878,56.25019],[14.48778,56.25017],[14.48757,56.25009],[14.48944,56.2491],[14.49092,56.24862],[14.49499,56.24723],[14.49499,56.24723],[14.49499,56.24723],[14.49439,56.24608],[14.49377,56.24556],[14.48998,56.24443],[14.48975,56.24391],[14.49023,56.24391],[14.49048,56.24389],[14.49057,56.24391],[14.49081,56.244],[14.49108,56.24406],[14.49141,56.24408],[14.49165,56.24405],[14.49193,56.24399],[14.49245,56.24388],[14.49253,56.24388],[14.49278,56.2439],[14.49315,56.2439],[14.49356,56.24387],[14.49394,56.24383],[14.49417,56.24376],[14.49428,56.24369],[14.4944,56.2436],[14.4945,56.24354],[14.49452,56.24369],[14.49452,56.2437],[14.49452,56.2437],[14.49535,56.24349],[14.49568,56.24352],[14.49592,56.2436],[14.49624,56.24387],[14.49657,56.2443],[14.49657,56.24431],[14.49657,56.24431],[14.49657,56.24431],[14.49704,56.24417],[14.49704,56.24417],[14.49704,56.24417],[14.49697,56.24403],[14.4969,56.24396],[14.49681,56.24387],[14.49672,56.24381],[14.49661,56.24376],[14.49617,56.24361],[14.49617,56.24351],[14.49627,56.24334],[14.49627,56.24334],[14.49627,56.24334],[14.49626,56.24334],[14.49606,56.24336],[14.49566,56.24336],[14.49315,56.24322],[14.49277,56.24318],[14.49243,56.2431],[14.49174,56.2429],[14.49083,56.24258],[14.48843,56.24177],[14.48843,56.24177],[14.48763,56.24206],[14.48734,56.24219],[14.48734,56.24219],[14.48733,56.24219],[14.48769,56.24269],[14.488,56.24304],[14.48803,56.24309],[14.48805,56.24324],[14.48799,56.24342],[14.48803,56.24348],[14.48817,56.24385],[14.48268,56.2459],[14.47734,56.24411],[14.47394,56.24297],[14.47583,56.24229],[14.47583,56.24229],[14.47583,56.24229],[14.47546,56.24203],[14.47548,56.24173],[14.47577,56.2416],[14.47706,56.24148],[14.47706,56.24148],[14.47767,56.24093],[14.47767,56.24093],[14.47735,56.24066],[14.47959,56.23974],[14.47959,56.23974],[14.47959,56.23974],[14.47959,56.23974],[14.47893,56.23965],[14.47852,56.2396],[14.4782,56.23954],[14.47779,56.23941],[14.47771,56.2394],[14.47699,56.23934],[14.47675,56.2393],[14.47657,56.23931],[14.47623,56.23935],[14.47615,56.23935],[14.47604,56.23934],[14.47588,56.2393],[14.47577,56.23924],[14.47572,56.23918],[14.47572,56.23918],[14.47572,56.23918],[14.47572,56.23918],[14.47471,56.23958],[14.47436,56.23969],[14.4741,56.23974],[14.47388,56.23977],[14.47251,56.23977],[14.47202,56.23979],[14.46903,56.24015],[14.46869,56.24019],[14.46839,56.24022],[14.46814,56.24024],[14.46766,56.24023],[14.46731,56.24018],[14.46709,56.24012],[14.46682,56.24],[14.46682,56.24],[14.46681,56.24],[14.46677,56.24006],[14.46658,56.24024],[14.4662,56.24069],[14.4662,56.24076],[14.46593,56.24099],[14.46581,56.24113],[14.46532,56.24155],[14.46509,56.24193],[14.46509,56.24193],[14.46543,56.24222],[14.466,56.24256],[14.46643,56.24278],[14.46743,56.24351],[14.46751,56.24362],[14.46751,56.24371],[14.46782,56.24429],[14.46788,56.24447],[14.46792,56.2451],[14.46591,56.24599],[14.46468,56.24659],[14.46468,56.24659],[14.46468,56.24659],[14.46468,56.24659],[14.46468,56.24659],[14.46476,56.24656]],[[14.4695,56.24843],[14.46968,56.24837],[14.46979,56.24867],[14.46932,56.24872],[14.46922,56.24856],[14.4695,56.24843]]]]},"properties":{"NVRID":"2044689","NAMN":"Pieboda","SKYDDSTYP":"Naturreservat","LAN":"Blekinge Län","KOMMUN":"Olofström","IUCNKATEGORI":"IV, Habitat/Artskyddsområde (Habitat/Species Management Area)","FORVALTARE":"Länsstyrelsen i Blekinge län","AREA_HA":172.149,"URSPR_BESLUTSDATUM":"2015-12-17"}},{"type":"Feature","geometry":{"type":"MultiPolygon","coordinates":[[[[15.34783,56.12402],[15.34783,56.12402],[15.34784,56.12402],[15.34795,56.12404],[15.34824,56.12418],[15.34844,56.12429],[15.34848,56.12443],[15.34848,56.12444],[15.34848,56.12444],[15.34848,56.12444],[15.34874,56.12439],[15.34874,56.12439],[15.34874,56.12439],[15.34874,56.12438],[15.34871,56.12435],[15.34841,56.12418],[15.34793,56.12394],[15.34792,56.12394],[15.34792,56.12394],[15.34792,56.12394],[15.34783,56.12402]]],[[[15.34552,56.12259],[15.34815,56.12258],[15.34836,56.12283],[15.34855,56.12314],[15.34858,56.12321],[15.34836,56.1235],[15.34798,56.12389],[15.34797,56.1239],[15.34796,56.12391],[15.34796,56.12391],[15.34796,56.12391],[15.34797,56.12392],[15.34846,56.12415],[15.34876,56.12433],[15.3488,56.12437],[15.3488,56.12437],[15.3488,56.12437],[15.35178,56.1238],[15.35649,56.12322],[15.35649,56.12322],[15.35649,56.12321],[15.35649,56.12321],[15.35636,56.12266],[15.35592,56.122],[15.35615,56.12098],[15.35605,56.12034],[15.35593,56.11904],[15.35498,56.11853],[15.35427,56.11786],[15.35417,56.11777],[15.35245,56.11735],[15.35104,56.11646],[15.3508,56.11644],[15.3508,56.11644],[15.34959,56.11667],[15.34814,56.1169],[15.34746,56.11695],[15.3456,56.11688],[15.34378,56.11694],[15.34361,56.117],[15.3421,56.11745],[15.34135,56.11815],[15.34044,56.11903],[15.34022,56.11956],[15.33972,56.12014],[15.33971,56.12055],[15.33949,56.12088],[15.33956,56.12156],[15.33936,56.12271],[15.33963,56.12323],[15.33943,56.12399],[15.33943,56.124],[15.33943,56.124],[15.33943,56.124],[15.34368,56.12344],[15.3441,56.12336],[15.34435,56.12332],[15.34552,56.12259]]]]},"properties":{"NVRID":"2000066","NAMN":"Lindö udde","SKYDDSTYP":"Naturreservat","LAN":"Blekinge Län","KOMMUN":"Ronneby","IUCNKATEGORI":"IV, Habitat/Artskyddsområde (Habitat/Species Management Area)","FORVALTARE":"Länsstyrelsen i Blekinge län","AREA_HA":69.413,"URSPR_BESLUTSDATUM":"1990-06-19"}},{"type":"Feature","geometry":{"type":"Polygon","coordinates":[[[14.68011,56.37132],[14.68037,56.37056],[14.68058,56.37054],[14.68058,56.37054],[14.68058,56.37054],[14.68058,56.37054],[14.68048,56.37046],[14.68046,56.37041],[14.68045,56.37031],[14.68044,56.37024],[14.68044,56.37016],[14.68048,56.37007],[14.68051,56.36997],[14.68059,56.36984],[14.68062,56.36977],[14.68069,56.36963],[14.68073,56.36953],[14.68073,56.36951],[14.68074,56.36947],[14.68075,56.36942],[14.68077,56.36934],[14.68078,56.36924],[14.68079,56.36914],[14.6808,56.36908],[14.6808,56.36904],[14.6808,56.36898],[14.68079,56.3689],[14.68078,56.36889],[14.68078,56.36887],[14.68077,56.36885],[14.68076,56.36881],[14.68075,56.36879],[14.68073,56.36874],[14.6807,56.3687],[14.68066,56.36864],[14.68061,56.36856],[14.68057,56.36853],[14.68056,56.36851],[14.68049,56.36845],[14.68041,56.36839],[14.68028,56.36832],[14.68017,56.36826],[14.68014,56.36825],[14.68006,56.36823],[14.67999,56.3682],[14.67984,56.36816],[14.67978,56.36815],[14.67956,56.3681],[14.67939,56.36807],[14.67921,56.36804],[14.679,56.368],[14.679,56.368],[14.67899,56.368],[14.67899,56.368],[14.67854,56.36885],[14.6777,56.37038],[14.67639,56.37277],[14.67639,56.37277],[14.67639,56.37277],[14.67955,56.37391],[14.67974,56.37398],[14.67985,56.37402],[14.68044,56.37416],[14.68044,56.37416],[14.68044,56.37416],[14.68055,56.37393],[14.68106,56.37327],[14.6813,56.37292],[14.6813,56.37258],[14.68129,56.37237],[14.68127,56.37222],[14.68126,56.37205],[14.68129,56.37193],[14.68139,56.37182],[14.68149,56.37168],[14.68156,56.37154],[14.68158,56.37142],[14.68159,56.37121],[14.68159,56.37112],[14.68156,56.37107],[14.6815,56.37093],[14.68143,56.37071],[14.68142,56.37057],[14.68149,56.37042],[14.68169,56.37034],[14.68183,56.3703],[14.68204,56.37027],[14.68222,56.37021],[14.68239,56.37015],[14.68256,56.37011],[14.68266,56.37007],[14.68278,56.36999],[14.68288,56.36989],[14.68296,56.3698],[14.68303,56.36972],[14.68316,56.36958],[14.68323,56.3695],[14.68342,56.36934],[14.68352,56.36923],[14.68358,56.36913],[14.6836,56.36904],[14.68363,56.36892],[14.68364,56.36882],[14.68358,56.36865],[14.68356,56.36853],[14.68361,56.36843],[14.68365,56.36832],[14.6837,56.36822],[14.68377,56.36812],[14.68383,56.36803],[14.68388,56.36792],[14.68398,56.36781],[14.68406,56.36772],[14.68413,56.36762],[14.6842,56.36751],[14.68423,56.36741],[14.68425,56.36731],[14.68423,56.3672],[14.6842,56.36711],[14.68408,56.36697],[14.68408,56.36697],[14.68408,56.36697],[14.68408,56.36697],[14.68386,56.36703],[14.68331,56.36709],[14.6794,56.36761],[14.67924,56.36763],[14.67924,56.36763],[14.67908,56.36788],[14.67908,56.36788],[14.67908,56.36788],[14.67936,56.36794],[14.67946,56.36796],[14.67965,56.368],[14.67972,56.36801],[14.6799,56.36804],[14.6801,56.36809],[14.68022,56.36814],[14.68036,56.3682],[14.68058,56.36832],[14.68067,56.36839],[14.68075,56.36846],[14.68083,56.36854],[14.68087,56.3686],[14.68089,56.36861],[14.68089,56.36862],[14.68287,56.36882],[14.68287,56.36882],[14.68287,56.36882],[14.6831,56.36856],[14.68315,56.36848],[14.68317,56.36846],[14.68322,56.36841],[14.68324,56.36841],[14.68326,56.36845],[14.68326,56.36846],[14.68328,56.36848],[14.68329,56.3685],[14.68331,56.36851],[14.68333,56.36853],[14.6834,56.36858],[14.68342,56.36863],[14.68343,56.36867],[14.6834,56.36875],[14.68339,56.3688],[14.68338,56.36884],[14.68338,56.36887],[14.68338,56.36891],[14.68339,56.36892],[14.68339,56.36892],[14.68339,56.36892],[14.68339,56.36892],[14.68339,56.36892],[14.68344,56.36889],[14.68345,56.36893],[14.68345,56.36895],[14.68341,56.36899],[14.68339,56.36901],[14.68339,56.36902],[14.68342,56.36911],[14.68341,56.36913],[14.68337,56.36921],[14.68322,56.36929],[14.68322,56.3693],[14.6832,56.36932],[14.68315,56.36939],[14.6831,56.36945],[14.68303,56.36952],[14.68297,56.36956],[14.6829,56.36962],[14.68285,56.36966],[14.68282,56.36968],[14.68265,56.36978],[14.68252,56.36988],[14.68249,56.3699],[14.68238,56.36993],[14.68232,56.36996],[14.68223,56.37],[14.68214,56.37002],[14.68214,56.37002],[14.68197,56.3701],[14.6819,56.37018],[14.68177,56.37026],[14.68172,56.37029],[14.68165,56.37029],[14.68165,56.37029],[14.68134,56.37038],[14.68134,56.37038],[14.6813,56.37053],[14.68129,56.37056],[14.68128,56.37059],[14.68127,56.37064],[14.68124,56.37068],[14.68124,56.37071],[14.68124,56.37073],[14.68127,56.37078],[14.68128,56.3708],[14.68129,56.37081],[14.68129,56.37082],[14.68129,56.37082],[14.68134,56.37086],[14.68135,56.37088],[14.68134,56.3709],[14.68135,56.37093],[14.68134,56.371],[14.68137,56.37104],[14.68138,56.37106],[14.68141,56.37108],[14.68143,56.37109],[14.68145,56.37112],[14.68152,56.37117],[14.68137,56.37124],[14.68134,56.37129],[14.68132,56.37135],[14.68128,56.37138],[14.68118,56.37149],[14.68104,56.37168],[14.68011,56.37132]]]},"properties":{"NVRID":"2055361","NAMN":"Mörrumsån Ebbamåla bruk","SKYDDSTYP":"Naturreservat","LAN":"Blekinge Län","KOMMUN":"Karlshamn, Olofström","IUCNKATEGORI":"IV, Habitat/Artskyddsområde (Habitat/Species Management Area)","FORVALTARE":"Länsstyrelsen i Blekinge län","AREA_HA":16.513,"URSPR_BESLUTSDATUM":"2021-05-11"}},{"type":"Feature","geometry":{"type":"Polygon","coordinates":[[[14.41317,56.39456],[14.4132,56.39462],[14.41319,56.3947],[14.41319,56.3947],[14.41324,56.39474],[14.41326,56.39483],[14.41328,56.39513],[14.41331,56.3953],[14.41334,56.39561],[14.41333,56.39567],[14.41324,56.39584],[14.41326,56.39598],[14.41331,56.39616],[14.4133,56.39623],[14.41333,56.39629],[14.41331,56.39638],[14.41333,56.39662],[14.41333,56.39682],[14.41338,56.39701],[14.4134,56.39727],[14.41346,56.39739],[14.41352,56.39764],[14.41357,56.39803],[14.41365,56.39827],[14.41372,56.39838],[14.41381,56.39882],[14.41398,56.39948],[14.414,56.3996],[14.41378,56.40022],[14.41378,56.40022],[14.41378,56.40022],[14.41379,56.40022],[14.41379,56.40022],[14.41452,56.39971],[14.41452,56.39971],[14.41452,56.39971],[14.41451,56.39971],[14.41459,56.39967],[14.41481,56.39965],[14.41523,56.39965],[14.41582,56.39969],[14.41652,56.39975],[14.41739,56.39981],[14.4176,56.39989],[14.41827,56.39991],[14.41882,56.39995],[14.42052,56.40011],[14.42106,56.40015],[14.42157,56.40021],[14.42309,56.40038],[14.42359,56.40043],[14.42419,56.40049],[14.42467,56.40059],[14.42492,56.40067],[14.42527,56.40075],[14.4256,56.40076],[14.42605,56.40075],[14.42627,56.40075],[14.42668,56.4008],[14.42714,56.40095],[14.42733,56.40099],[14.42733,56.40099],[14.42733,56.40099],[14.42773,56.40013],[14.42788,56.39982],[14.42788,56.39982],[14.42788,56.39982],[14.42788,56.39982],[14.42743,56.39985],[14.4263,56.39991],[14.42641,56.39975],[14.42625,56.39936],[14.42608,56.39913],[14.42583,56.39898],[14.42569,56.39853],[14.42573,56.39837],[14.4257,56.39815],[14.42604,56.398],[14.42644,56.39791],[14.42712,56.39789],[14.42712,56.39789],[14.42712,56.39789],[14.42712,56.39789],[14.427,56.39756],[14.42687,56.39707],[14.42716,56.39675],[14.42716,56.39675],[14.42716,56.39674],[14.42602,56.39638],[14.42524,56.39594],[14.42454,56.39575],[14.4245,56.39548],[14.4245,56.39548],[14.42407,56.39542],[14.4231,56.39529],[14.42136,56.39506],[14.42135,56.39506],[14.42135,56.39506],[14.4214,56.39521],[14.42136,56.39534],[14.42144,56.39547],[14.42143,56.39556],[14.42141,56.39566],[14.4213,56.39573],[14.4213,56.39573],[14.42138,56.39591],[14.42138,56.39591],[14.42163,56.39593],[14.42179,56.39596],[14.42187,56.39601],[14.42194,56.39607],[14.42214,56.39619],[14.42251,56.39628],[14.4232,56.3964],[14.42387,56.39668],[14.42419,56.39689],[14.42443,56.39705],[14.42485,56.39733],[14.42501,56.39745],[14.42491,56.3979],[14.42465,56.39792],[14.42465,56.39792],[14.42446,56.39813],[14.42427,56.39826],[14.42407,56.39826],[14.42386,56.39836],[14.42386,56.39836],[14.42382,56.39849],[14.42381,56.39862],[14.4235,56.3987],[14.42288,56.39877],[14.42116,56.3983],[14.42113,56.39823],[14.42113,56.39808],[14.42095,56.39787],[14.42104,56.39739],[14.42104,56.39739],[14.42104,56.39739],[14.42089,56.39734],[14.42077,56.39725],[14.42019,56.39686],[14.41999,56.39674],[14.41965,56.39657],[14.41946,56.39652],[14.41935,56.3965],[14.41924,56.3965],[14.41902,56.39653],[14.4187,56.39655],[14.41849,56.39654],[14.41832,56.39653],[14.41816,56.39647],[14.41805,56.39641],[14.41782,56.39621],[14.41739,56.39599],[14.41715,56.39591],[14.41673,56.3958],[14.41669,56.39578],[14.41669,56.39578],[14.41669,56.39578],[14.41666,56.39579],[14.41658,56.39578],[14.41658,56.39578],[14.41658,56.39578],[14.41658,56.39578],[14.41657,56.39579],[14.41601,56.39574],[14.41601,56.39574],[14.41596,56.39576],[14.41591,56.39577],[14.41545,56.39576],[14.41517,56.39575],[14.41528,56.39563],[14.41538,56.3955],[14.41546,56.39543],[14.41561,56.39525],[14.41561,56.39525],[14.41561,56.39525],[14.41561,56.39525],[14.41542,56.39521],[14.4151,56.39511],[14.4149,56.39504],[14.41469,56.39493],[14.41456,56.39483],[14.41451,56.39471],[14.41447,56.39458],[14.41438,56.39443],[14.41428,56.39433],[14.41409,56.39419],[14.41389,56.39411],[14.41346,56.39404],[14.41306,56.394],[14.41265,56.39394],[14.41264,56.39394],[14.41264,56.39394],[14.41264,56.39394],[14.41275,56.39407],[14.41284,56.39418],[14.41293,56.39426],[14.41304,56.39441],[14.41309,56.39445],[14.4131,56.39453],[14.41317,56.39456]]]},"properties":{"NVRID":"2044688","NAMN":"Albertas myr","SKYDDSTYP":"Naturreservat","LAN":"Blekinge Län","KOMMUN":"Olofström, Osby","IUCNKATEGORI":"IV, Habitat/Artskyddsområde (Habitat/Species Management Area)","FORVALTARE":"Länsstyrelsen i Blekinge län","AREA_HA":34.145,"URSPR_BESLUTSDATUM":"2015-12-17"}},{"type":"Feature","geometry":{"type":"Polygon","coordinates":[[[14.70886,56.1419],[14.70886,56.1419],[14.70498,56.14372],[14.70498,56.14372],[14.70498,56.14372],[14.71115,56.15388],[14.71191,56.15905],[14.71023,56.16549],[14.71039,56.16635],[14.71039,56.16635],[14.7104,56.16635],[14.71082,56.16632],[14.71098,56.16676],[14.71098,56.16676],[14.71098,56.16676],[14.71144,56.16678],[14.71144,56.16678],[14.71144,56.16678],[14.71166,56.16557],[14.71154,56.16533],[14.71153,56.165],[14.71167,56.16482],[14.71216,56.1647],[14.71256,56.16463],[14.71294,56.16439],[14.71348,56.16358],[14.71392,56.16319],[14.71466,56.1628],[14.71493,56.16271],[14.7152,56.16248],[14.71528,56.16216],[14.71506,56.16193],[14.71501,56.16184],[14.71702,56.16069],[14.71768,56.16044],[14.71922,56.15986],[14.72059,56.15966],[14.72182,56.15947],[14.72264,56.15943],[14.72319,56.1595],[14.72375,56.15953],[14.72514,56.15968],[14.72514,56.15968],[14.72515,56.15968],[14.72514,56.15964],[14.72504,56.15946],[14.72497,56.15933],[14.72493,56.15916],[14.72495,56.15886],[14.72493,56.15871],[14.72489,56.15854],[14.72469,56.15811],[14.72467,56.15797],[14.72474,56.15787],[14.72486,56.15779],[14.7256,56.15735],[14.72582,56.15725],[14.72582,56.15725],[14.72582,56.15725],[14.72582,56.15725],[14.72567,56.15715],[14.72561,56.15706],[14.72559,56.157],[14.72557,56.15692],[14.7256,56.15662],[14.72553,56.15648],[14.72533,56.15632],[14.72529,56.15625],[14.7253,56.15615],[14.72537,56.15593],[14.72536,56.15574],[14.72543,56.15564],[14.72554,56.15557],[14.72587,56.15544],[14.72598,56.15538],[14.72606,56.1553],[14.72612,56.15519],[14.72619,56.1551],[14.7263,56.15502],[14.7263,56.15502],[14.7263,56.15502],[14.72614,56.15491],[14.72581,56.15465],[14.72534,56.15401],[14.72556,56.15339],[14.72875,56.14957],[14.73006,56.14352],[14.73006,56.14352],[14.73006,56.14352],[14.70886,56.1419]]]},"properties":{"NVRID":"2002861","NAMN":"Elleholm","SKYDDSTYP":"Naturreservat","LAN":"Blekinge Län","KOMMUN":"Karlshamn","IUCNKATEGORI":"IV, Habitat/Artskyddsområde (Habitat/Species Management Area)","FORVALTARE":"Länsstyrelsen i Blekinge län","AREA_HA":231.13,"URSPR_BESLUTSDATUM":"2004-12-20"}},{"type":"Feature","geometry":{"type":"Polygon","coordinates":[[[14.51571,56.21642],[14.51577,56.21665],[14.51582,56.21677],[14.51588,56.21685],[14.51609,56.21708],[14.5167,56.21814],[14.51674,56.21854],[14.51668,56.21866],[14.51662,56.21886],[14.51642,56.22006],[14.51643,56.22031],[14.51649,56.2205],[14.51649,56.2205],[14.51649,56.2205],[14.51686,56.22045],[14.51762,56.22034],[14.51787,56.22072],[14.51825,56.22129],[14.51833,56.22142],[14.51834,56.22142],[14.51834,56.22142],[14.51945,56.22108],[14.51957,56.2214],[14.51957,56.2214],[14.51957,56.2214],[14.51957,56.2214],[14.52054,56.22086],[14.52169,56.21984],[14.52169,56.21984],[14.5216,56.21964],[14.52141,56.21918],[14.52141,56.21899],[14.52147,56.21884],[14.52144,56.21879],[14.52144,56.21879],[14.52144,56.21879],[14.5207,56.21878],[14.52129,56.21848],[14.52129,56.21848],[14.52129,56.21848],[14.52127,56.21843],[14.52104,56.21783],[14.52104,56.21783],[14.52051,56.21773],[14.51989,56.2175],[14.51947,56.21725],[14.51917,56.21699],[14.51911,56.21689],[14.51909,56.21663],[14.51914,56.21633],[14.51918,56.21589],[14.51924,56.21574],[14.51942,56.2155],[14.51963,56.2149],[14.51963,56.21472],[14.51953,56.21454],[14.51934,56.21437],[14.51906,56.21426],[14.51869,56.21417],[14.51869,56.21417],[14.5185,56.21417],[14.51836,56.21425],[14.51831,56.21435],[14.51831,56.21435],[14.51838,56.21449],[14.51837,56.21474],[14.51818,56.21499],[14.51799,56.21508],[14.51767,56.21511],[14.51732,56.21512],[14.51701,56.21505],[14.51682,56.21498],[14.51681,56.21498],[14.51681,56.21498],[14.51674,56.21503],[14.51648,56.21529],[14.51627,56.21549],[14.5161,56.21569],[14.51597,56.2159],[14.51581,56.21619],[14.51571,56.21642]]]},"properties":{"NVRID":"2000047","NAMN":"Ljungryda","SKYDDSTYP":"Naturreservat","LAN":"Blekinge Län","KOMMUN":"Bromölla, Olofström","IUCNKATEGORI":"IV, Habitat/Artskyddsområde (Habitat/Species Management Area)","FORVALTARE":"Länsstyrelsen i Blekinge län","AREA_HA":17.011,"URSPR_BESLUTSDATUM":"1986-12-15"}},{"type":"Feature","geometry":{"type":"Polygon","coordinates":[[[14.83414,56.02177],[14.83574,56.0215],[14.83664,56.02154],[14.83822,56.02156],[14.83937,56.02145],[14.84067,56.02134],[14.84175,56.02119],[14.84322,56.02088],[14.84408,56.02054],[14.84552,56.02021],[14.84656,56.01999],[14.84715,56.01985],[14.84809,56.0199],[14.84933,56.01981],[14.8508,56.01951],[14.85185,56.01916],[14.85352,56.01845],[14.85501,56.01751],[14.85568,56.01668],[14.85611,56.01626],[14.85725,56.01547],[14.85821,56.01442],[14.85893,56.01354],[14.86067,56.01321],[14.86188,56.01265],[14.86283,56.01174],[14.86308,56.01088],[14.86292,56.01018],[14.86258,56.00964],[14.86274,56.00905],[14.86259,56.00817],[14.86226,56.00768],[14.86276,56.00681],[14.86288,56.00568],[14.86243,56.00484],[14.86183,56.00401],[14.8609,56.00326],[14.85992,56.00249],[14.85887,56.00196],[14.85811,56.00165],[14.85745,56.00135],[14.85676,56.00099],[14.85582,56.00065],[14.85506,56.00032],[14.85452,56.00014],[14.85346,55.99988],[14.85248,55.99953],[14.85151,55.99908],[14.85083,55.99871],[14.85007,55.99845],[14.84873,55.99814],[14.84809,55.99801],[14.8466,55.9976],[14.84511,55.99734],[14.84395,55.99719],[14.84257,55.99708],[14.8414,55.99714],[14.8399,55.99739],[14.83887,55.99776],[14.83799,55.99816],[14.83674,55.99893],[14.83584,55.99958],[14.83508,56.00052],[14.83442,56.00141],[14.83406,56.00218],[14.83401,56.00253],[14.83357,56.00303],[14.83292,56.00374],[14.8327,56.00425],[14.8327,56.00425],[14.83271,56.00425],[14.83417,56.00471],[14.83752,56.00575],[14.83779,56.00579],[14.83793,56.00581],[14.83798,56.00584],[14.83798,56.00584],[14.8386,56.00595],[14.83927,56.00613],[14.83959,56.00621],[14.83973,56.00625],[14.84035,56.00665],[14.84197,56.00946],[14.84186,56.00981],[14.84114,56.01049],[14.84103,56.01108],[14.84089,56.01117],[14.84039,56.01152],[14.8401,56.01141],[14.83967,56.01125],[14.83934,56.01115],[14.83913,56.01113],[14.83913,56.01113],[14.83891,56.01119],[14.83852,56.01132],[14.83803,56.0113],[14.83803,56.01131],[14.83803,56.01131],[14.83726,56.01249],[14.83722,56.01279],[14.83666,56.01283],[14.83665,56.01283],[14.83555,56.01406],[14.83542,56.01431],[14.83481,56.01463],[14.83414,56.01451],[14.83056,56.01394],[14.8292,56.01373],[14.8292,56.01373],[14.8292,56.01373],[14.82912,56.01407],[14.82915,56.0146],[14.82921,56.01501],[14.82908,56.01557],[14.82908,56.01598],[14.82911,56.01622],[14.82916,56.01639],[14.82944,56.0169],[14.82937,56.01728],[14.82934,56.0174],[14.82902,56.01775],[14.82874,56.01807],[14.82846,56.01857],[14.82838,56.01892],[14.82838,56.01927],[14.82862,56.01996],[14.82917,56.0206],[14.83003,56.02115],[14.83107,56.02154],[14.83257,56.0218],[14.83351,56.02182],[14.83414,56.02177]],[[14.84541,56.01336],[14.84556,56.01309],[14.8461,56.01274],[14.84634,56.01264],[14.84682,56.01276],[14.84691,56.01293],[14.84693,56.01321],[14.84688,56.01325],[14.84684,56.01326],[14.84684,56.01326],[14.84685,56.01336],[14.84673,56.01336],[14.84673,56.01336],[14.84673,56.01336],[14.84676,56.01387],[14.84613,56.01382],[14.84605,56.0134],[14.84605,56.0134],[14.84605,56.0134],[14.84541,56.01336]]]},"properties":{"NVRID":"2047679","NAMN":"Hanö","SKYDDSTYP":"Naturreservat","LAN":"Blekinge Län","KOMMUN":"Sölvesborg","IUCNKATEGORI":"IV, Habitat/Artskyddsområde (Habitat/Species Management Area)","FORVALTARE":"Länsstyrelsen i Blekinge län","AREA_HA":376.944,"URSPR_BESLUTSDATUM":"2017-08-31"}},{"type":"Feature","geometry":{"type":"Polygon","coordinates":[[[14.5854,56.02133],[14.58591,56.02107],[14.58612,56.02132],[14.58631,56.02144],[14.58699,56.02164],[14.58706,56.02167],[14.58706,56.02167],[14.58706,56.02167],[14.58844,56.02121],[14.59006,56.02068],[14.59274,56.01979],[14.5979,56.01831],[14.5979,56.01831],[14.5979,56.01831],[14.59726,56.01143],[14.59726,56.01143],[14.59725,56.01143],[14.59725,56.01143],[14.57003,56.01133],[14.57003,56.01133],[14.57002,56.01134],[14.56995,56.01803],[14.57557,56.02341],[14.57557,56.02341],[14.57557,56.02341],[14.58367,56.02174],[14.58395,56.02166],[14.5848,56.02146],[14.5854,56.02133]]]},"properties":{"NVRID":"2048441","NAMN":"Näsnabbarna","SKYDDSTYP":"Naturreservat","LAN":"Blekinge Län","KOMMUN":"Sölvesborg","IUCNKATEGORI":"IV, Habitat/Artskyddsområde (Habitat/Species Management Area)","FORVALTARE":"Länsstyrelsen i Blekinge län","AREA_HA":185.59,"URSPR_BESLUTSDATUM":"2017-12-20"}},{"type":"Feature","geometry":{"type":"Polygon","coordinates":[[[15.62579,56.41559],[15.62466,56.41517],[15.62396,56.41498],[15.62396,56.41498],[15.62396,56.41498],[15.62317,56.41558],[15.62317,56.41558],[15.62317,56.41558],[15.62317,56.41558],[15.6241,56.41592],[15.62603,56.41645],[15.62616,56.41683],[15.62707,56.41731],[15.62728,56.41827],[15.62728,56.41827],[15.62728,56.41827],[15.62779,56.41834],[15.62702,56.419],[15.62634,56.41889],[15.62574,56.41867],[15.62574,56.41867],[15.62573,56.41867],[15.62573,56.41867],[15.62573,56.41867],[15.6259,56.41935],[15.62608,56.41975],[15.62644,56.41994],[15.62717,56.42039],[15.62794,56.42097],[15.62771,56.42154],[15.62771,56.42154],[15.62771,56.42154],[15.62788,56.42164],[15.62788,56.42164],[15.6283,56.42154],[15.62938,56.42203],[15.62938,56.42203],[15.62989,56.42202],[15.63011,56.42243],[15.63009,56.42266],[15.62972,56.42273],[15.62907,56.42288],[15.62907,56.42288],[15.62907,56.42325],[15.62907,56.42325],[15.62907,56.42325],[15.63,56.42351],[15.63023,56.42356],[15.63069,56.42349],[15.63137,56.42326],[15.63194,56.42339],[15.63194,56.42339],[15.63319,56.42327],[15.6338,56.42315],[15.63434,56.42351],[15.63472,56.424],[15.63526,56.42419],[15.63526,56.42419],[15.63526,56.42419],[15.63526,56.42419],[15.63526,56.42419],[15.63473,56.42328],[15.63458,56.42254],[15.63346,56.42112],[15.63322,56.42061],[15.63295,56.42004],[15.63114,56.41758],[15.6309,56.41733],[15.63066,56.41718],[15.63206,56.41721],[15.63225,56.41718],[15.63251,56.4173],[15.63251,56.4173],[15.63428,56.4173],[15.63498,56.41729],[15.6354,56.41703],[15.6354,56.41703],[15.6354,56.41703],[15.6354,56.41703],[15.63509,56.41691],[15.63558,56.41661],[15.63607,56.41649],[15.63632,56.41636],[15.63688,56.41608],[15.63688,56.41607],[15.63688,56.41607],[15.63665,56.41591],[15.63754,56.41569],[15.63766,56.41561],[15.63766,56.41561],[15.63746,56.41513],[15.63768,56.41492],[15.63861,56.41468],[15.6391,56.41469],[15.6391,56.41468],[15.63925,56.41456],[15.63925,56.41456],[15.63925,56.41456],[15.63881,56.4143],[15.63855,56.41397],[15.63812,56.41367],[15.63706,56.41344],[15.63663,56.41349],[15.63632,56.41366],[15.63585,56.41389],[15.63515,56.41389],[15.63443,56.41411],[15.63443,56.41411],[15.63443,56.41411],[15.63538,56.41446],[15.63355,56.41594],[15.63221,56.41543],[15.63322,56.41366],[15.63322,56.41366],[15.63322,56.41366],[15.63283,56.41358],[15.63282,56.41358],[15.63282,56.41358],[15.6326,56.4138],[15.6322,56.41383],[15.6318,56.41359],[15.6318,56.41359],[15.6318,56.41359],[15.63146,56.41374],[15.63096,56.41399],[15.63096,56.41399],[15.63078,56.41422],[15.63023,56.41454],[15.63023,56.41454],[15.63023,56.41454],[15.63055,56.41488],[15.63002,56.4149],[15.62991,56.4148],[15.62993,56.41455],[15.62993,56.41455],[15.62946,56.41434],[15.62948,56.41392],[15.62948,56.41391],[15.62857,56.41353],[15.62857,56.41353],[15.62857,56.41353],[15.62815,56.41381],[15.62766,56.41361],[15.62766,56.41361],[15.62766,56.41361],[15.62766,56.41361],[15.62761,56.41384],[15.62715,56.41411],[15.6265,56.41412],[15.62637,56.41388],[15.62637,56.41388],[15.62563,56.41375],[15.62563,56.41375],[15.62563,56.41375],[15.62549,56.41392],[15.62549,56.41392],[15.62549,56.41392],[15.62598,56.4143],[15.6265,56.41447],[15.62652,56.41465],[15.62652,56.41465],[15.62678,56.41474],[15.62733,56.41481],[15.62752,56.41522],[15.62752,56.41522],[15.62752,56.41522],[15.62752,56.41522],[15.62802,56.41508],[15.62802,56.41508],[15.62808,56.41485],[15.62847,56.41484],[15.62868,56.41503],[15.62798,56.4155],[15.62756,56.41572],[15.62692,56.41583],[15.6266,56.4156],[15.6266,56.4156],[15.62579,56.41559]]]},"properties":{"NVRID":"2059061","NAMN":"Lommaflyet","SKYDDSTYP":"Naturreservat","LAN":"Blekinge Län","KOMMUN":"Karlskrona","IUCNKATEGORI":"IV, Habitat/Artskyddsområde (Habitat/Species Management Area)","FORVALTARE":"Länsstyrelsen i Blekinge län","AREA_HA":45.817,"URSPR_BESLUTSDATUM":"2022-11-09"}},{"type":"Feature","geometry":{"type":"Polygon","coordinates":[[[15.41428,56.38842],[15.41444,56.38859],[15.41444,56.3886],[15.41444,56.3886],[15.41598,56.3886],[15.41912,56.38845],[15.41912,56.38845],[15.41912,56.38845],[15.41958,56.38636],[15.41958,56.38636],[15.41958,56.38636],[15.41958,56.38636],[15.41777,56.38636],[15.41262,56.3866],[15.41068,56.38706],[15.41003,56.38737],[15.40996,56.38743],[15.40996,56.38743],[15.40996,56.38743],[15.41008,56.38749],[15.41024,56.38763],[15.41033,56.38775],[15.41042,56.38786],[15.4105,56.38792],[15.41061,56.38796],[15.41077,56.38803],[15.41096,56.38812],[15.4111,56.38815],[15.41127,56.38818],[15.41139,56.38822],[15.41163,56.38831],[15.41178,56.38837],[15.41191,56.38841],[15.412,56.38841],[15.41214,56.38842],[15.41245,56.38845],[15.41268,56.38848],[15.41286,56.38851],[15.41296,56.38852],[15.41317,56.38849],[15.41341,56.38848],[15.41359,56.38845],[15.4138,56.38841],[15.41399,56.38838],[15.41411,56.38838],[15.41428,56.38842]]]},"properties":{"NVRID":"2013486","NAMN":"Blåningsmåla","SKYDDSTYP":"Naturreservat","LAN":"Blekinge Län","KOMMUN":"Karlskrona","IUCNKATEGORI":"Ia, Strikt naturreservat (Strict Nature Reserve)","FORVALTARE":"Länsstyrelsen i Blekinge län","AREA_HA":11.755,"URSPR_BESLUTSDATUM":"2007-12-18"}},{"type":"Feature","geometry":{"type":"Polygon","coordinates":[[[15.461,56.21349],[15.46081,56.21359],[15.46081,56.21359],[15.46081,56.21359],[15.46103,56.21381],[15.46103,56.21381],[15.46113,56.21381],[15.46117,56.21382],[15.46117,56.21382],[15.46121,56.21381],[15.46135,56.21378],[15.46143,56.21375],[15.4615,56.21375],[15.4618,56.21379],[15.4619,56.21381],[15.46201,56.2138],[15.46208,56.21377],[15.46216,56.21372],[15.46228,56.21371],[15.46228,56.21371],[15.46242,56.21362],[15.46256,56.21361],[15.46274,56.21356],[15.46279,56.21356],[15.46295,56.21362],[15.46295,56.21362],[15.46296,56.21362],[15.46313,56.21345],[15.46322,56.21315],[15.46399,56.2125],[15.46489,56.21222],[15.46576,56.21182],[15.46675,56.2117],[15.46701,56.21175],[15.46781,56.21165],[15.46781,56.21165],[15.46781,56.21165],[15.46781,56.21165],[15.46746,56.21096],[15.46746,56.21096],[15.46746,56.21096],[15.46732,56.211],[15.46704,56.21104],[15.46677,56.21107],[15.4663,56.21111],[15.46595,56.21115],[15.46583,56.21116],[15.46552,56.21121],[15.46519,56.21128],[15.46475,56.21141],[15.46419,56.21153],[15.46388,56.21162],[15.46333,56.21179],[15.46282,56.21196],[15.46234,56.21214],[15.46184,56.21232],[15.46134,56.21247],[15.46092,56.2126],[15.46066,56.21266],[15.46066,56.21266],[15.46066,56.21266],[15.46084,56.21298],[15.46084,56.21298],[15.46084,56.21298],[15.46102,56.213],[15.46115,56.21319],[15.461,56.21349]]]},"properties":{"NVRID":"2000048","NAMN":"Treklasen","SKYDDSTYP":"Naturreservat","LAN":"Blekinge Län","KOMMUN":"Ronneby","IUCNKATEGORI":"IV, Habitat/Artskyddsområde (Habitat/Species Management Area)","FORVALTARE":"Länsstyrelsen i Blekinge län","AREA_HA":4.79,"URSPR_BESLUTSDATUM":"1961-06-27"}},{"type":"Feature","geometry":{"type":"Polygon","coordinates":[[[14.47626,56.41252],[14.47626,56.41252],[14.47626,56.41253],[14.48055,56.41639],[14.48115,56.41666],[14.48115,56.41666],[14.48134,56.41667],[14.4815,56.41665],[14.4816,56.41665],[14.48167,56.41669],[14.48166,56.41673],[14.48161,56.41681],[14.48153,56.41687],[14.48142,56.41692],[14.48134,56.417],[14.48134,56.417],[14.48136,56.41705],[14.48136,56.41705],[14.48136,56.41705],[14.48146,56.41708],[14.48168,56.41708],[14.48187,56.41711],[14.48211,56.41759],[14.48246,56.41829],[14.48248,56.41837],[14.48251,56.41879],[14.48255,56.41892],[14.4827,56.4192],[14.48275,56.41929],[14.48278,56.41939],[14.48277,56.41961],[14.48282,56.41973],[14.48291,56.41979],[14.48313,56.41985],[14.48338,56.41996],[14.48348,56.42],[14.48353,56.42007],[14.48354,56.42016],[14.48359,56.42024],[14.4837,56.42032],[14.4837,56.42033],[14.48389,56.42035],[14.484,56.42044],[14.48412,56.42059],[14.48412,56.42059],[14.48412,56.42059],[14.48562,56.42041],[14.48573,56.42067],[14.48582,56.42079],[14.48582,56.42079],[14.48582,56.42079],[14.48593,56.42076],[14.48605,56.42075],[14.48616,56.42075],[14.48625,56.42076],[14.4863,56.42079],[14.48635,56.42084],[14.48657,56.42103],[14.48683,56.42125],[14.48761,56.42152],[14.48855,56.42171],[14.48851,56.42218],[14.48851,56.42218],[14.48911,56.42241],[14.48912,56.42241],[14.48912,56.42241],[14.48935,56.42237],[14.48977,56.42248],[14.48977,56.42248],[14.49016,56.42235],[14.49047,56.42253],[14.49111,56.4227],[14.49114,56.4231],[14.49149,56.42349],[14.49182,56.42393],[14.49207,56.42422],[14.49194,56.42457],[14.49207,56.42499],[14.49161,56.42519],[14.49161,56.42519],[14.49161,56.4252],[14.49161,56.4252],[14.49215,56.42532],[14.49238,56.42536],[14.49262,56.42536],[14.49292,56.42532],[14.49312,56.42533],[14.49325,56.42537],[14.49382,56.42571],[14.49382,56.42571],[14.49382,56.42571],[14.49382,56.42571],[14.49392,56.42557],[14.49368,56.42508],[14.49355,56.42464],[14.49392,56.42461],[14.49393,56.42461],[14.49417,56.42448],[14.49459,56.42454],[14.49468,56.42462],[14.49468,56.42462],[14.49505,56.42465],[14.49505,56.42465],[14.49505,56.42465],[14.49522,56.42439],[14.49549,56.42434],[14.49579,56.4244],[14.49579,56.4244],[14.49617,56.42426],[14.49617,56.42426],[14.49617,56.42426],[14.49497,56.42232],[14.49497,56.42232],[14.49497,56.42232],[14.49388,56.42235],[14.49388,56.42235],[14.49388,56.42235],[14.49383,56.42275],[14.49345,56.42281],[14.49309,56.42235],[14.49273,56.42214],[14.49229,56.42167],[14.49212,56.42152],[14.49198,56.42144],[14.49156,56.42135],[14.49121,56.42026],[14.49168,56.41924],[14.49283,56.41874],[14.49283,56.41874],[14.49325,56.41707],[14.49291,56.41607],[14.49245,56.41567],[14.49157,56.41526],[14.49101,56.41527],[14.49001,56.4153],[14.48858,56.41542],[14.48787,56.41408],[14.48734,56.41272],[14.48772,56.41256],[14.48772,56.41256],[14.48772,56.41256],[14.48733,56.41222],[14.48687,56.41208],[14.48672,56.41184],[14.48675,56.41161],[14.48637,56.41057],[14.48637,56.41057],[14.48595,56.4103],[14.48595,56.4103],[14.48595,56.4103],[14.48518,56.41048],[14.48302,56.4107],[14.48114,56.41093],[14.47976,56.41107],[14.47976,56.41107],[14.47976,56.41107],[14.47974,56.41133],[14.4771,56.41227],[14.47626,56.41252]],[[14.48502,56.41949],[14.48506,56.41949],[14.48506,56.41949],[14.48507,56.41949],[14.48503,56.4193],[14.48506,56.41909],[14.48574,56.41904],[14.48577,56.41915],[14.48574,56.41934],[14.48574,56.41934],[14.48574,56.41934],[14.48581,56.41935],[14.48605,56.4194],[14.486,56.41944],[14.48584,56.41954],[14.48572,56.41956],[14.48572,56.41956],[14.48555,56.41973],[14.48535,56.41984],[14.48516,56.41981],[14.48502,56.41957],[14.48502,56.41949]]]},"properties":{"NVRID":"2002857","NAMN":"Mulatorp","SKYDDSTYP":"Naturreservat","LAN":"Blekinge Län","KOMMUN":"Olofström, Osby","IUCNKATEGORI":"IV, Habitat/Artskyddsområde (Habitat/Species Management Area)","FORVALTARE":"Länsstyrelsen i Blekinge län","AREA_HA":79.819,"URSPR_BESLUTSDATUM":"2004-12-20"}},{"type":"Feature","geometry":{"type":"MultiPolygon","coordinates":[[[[15.86034,56.15436],[15.8604,56.15434],[15.86051,56.15433],[15.86065,56.15432],[15.86071,56.15431],[15.86075,56.1543],[15.86081,56.15431],[15.86089,56.15433],[15.86093,56.15434],[15.86097,56.15437],[15.86098,56.15441],[15.86102,56.15446],[15.86115,56.15451],[15.86115,56.15451],[15.86127,56.15451],[15.86133,56.15451],[15.86144,56.15453],[15.8615,56.15455],[15.86163,56.15459],[15.86183,56.15464],[15.86199,56.15468],[15.8621,56.15472],[15.86213,56.15474],[15.86215,56.15476],[15.86216,56.15479],[15.86216,56.15479],[15.86223,56.15481],[15.86236,56.15485],[15.86241,56.1549],[15.86244,56.15494],[15.8625,56.15497],[15.86251,56.15498],[15.86251,56.15498],[15.86251,56.15498],[15.86259,56.15496],[15.86271,56.15497],[15.86282,56.155],[15.86289,56.15505],[15.86291,56.1551],[15.8629,56.15513],[15.86289,56.15515],[15.86289,56.15515],[15.86289,56.15515],[15.86289,56.15515],[15.86289,56.15515],[15.86289,56.15515],[15.86299,56.15501],[15.86299,56.15501],[15.86299,56.15501],[15.86244,56.15461],[15.86173,56.15409],[15.861,56.15356],[15.86089,56.15347],[15.86089,56.15347],[15.86089,56.15347],[15.86088,56.15347],[15.85894,56.15419],[15.85893,56.15419],[15.85893,56.15419],[15.85894,56.15419],[15.85904,56.15423],[15.85918,56.15425],[15.85932,56.15425],[15.85942,56.15426],[15.85952,56.15428],[15.85959,56.15431],[15.85964,56.15438],[15.85967,56.15442],[15.85972,56.15446],[15.85975,56.15447],[15.85982,56.15447],[15.85989,56.15449],[15.86001,56.15454],[15.8601,56.15453],[15.86018,56.15449],[15.86023,56.15444],[15.86027,56.1544],[15.86029,56.15437],[15.86034,56.15436]]],[[[15.82766,56.13942],[15.82766,56.13942],[15.82766,56.13942],[15.8276,56.13998],[15.8276,56.13998],[15.82913,56.14048],[15.83013,56.14069],[15.83037,56.14129],[15.83037,56.14129],[15.83038,56.14129],[15.83827,56.13898],[15.83914,56.13872],[15.83914,56.13872],[15.83914,56.13872],[15.83898,56.13849],[15.83889,56.13837],[15.83881,56.13822],[15.83873,56.13809],[15.83864,56.13797],[15.8385,56.13787],[15.83837,56.13776],[15.8383,56.13769],[15.8383,56.13769],[15.8383,56.13769],[15.8283,56.1393],[15.82766,56.13942]]],[[[15.82835,56.15014],[15.82824,56.14976],[15.82824,56.14976],[15.82824,56.14976],[15.82812,56.14977],[15.82812,56.14977],[15.82812,56.14977],[15.82818,56.15019],[15.82838,56.15106],[15.8285,56.15148],[15.8288,56.15229],[15.82888,56.15257],[15.82893,56.15283],[15.82901,56.1533],[15.829,56.15346],[15.829,56.15346],[15.82901,56.15346],[15.82935,56.15347],[15.82929,56.15377],[15.82939,56.15414],[15.82948,56.15444],[15.82919,56.15443],[15.82919,56.15443],[15.82919,56.15443],[15.82946,56.15503],[15.82955,56.15525],[15.82956,56.15528],[15.82959,56.15533],[15.82959,56.15533],[15.83061,56.15537],[15.83056,56.15553],[15.83056,56.15553],[15.83056,56.15554],[15.8317,56.15567],[15.8317,56.15567],[15.8317,56.15567],[15.8317,56.15567],[15.83172,56.15558],[15.83171,56.15551],[15.83169,56.15544],[15.83166,56.15536],[15.83165,56.1553],[15.83167,56.15521],[15.83171,56.15513],[15.83176,56.15504],[15.83181,56.15497],[15.8324,56.15442],[15.83268,56.15404],[15.8331,56.15356],[15.835,56.1536],[15.84237,56.15476],[15.84139,56.15667],[15.8412,56.15999],[15.84005,56.15987],[15.84005,56.15987],[15.84005,56.15987],[15.83972,56.16091],[15.84035,56.16171],[15.83936,56.16176],[15.83936,56.16176],[15.83936,56.16176],[15.83936,56.16176],[15.84063,56.1627],[15.83874,56.16293],[15.83874,56.16294],[15.83874,56.16294],[15.83879,56.16327],[15.83901,56.16374],[15.83959,56.16431],[15.83959,56.16431],[15.83988,56.16431],[15.84037,56.16438],[15.84201,56.1646],[15.84201,56.1646],[15.84318,56.1641],[15.84348,56.16407],[15.84377,56.16396],[15.84513,56.16426],[15.84649,56.16433],[15.84659,56.16436],[15.84658,56.16445],[15.84604,56.16464],[15.84604,56.16464],[15.84604,56.16464],[15.84604,56.16464],[15.84641,56.16483],[15.84594,56.16487],[15.84561,56.16494],[15.84517,56.16508],[15.84516,56.16508],[15.84516,56.16508],[15.84531,56.16524],[15.84488,56.16544],[15.84463,56.16529],[15.84463,56.16529],[15.84463,56.16529],[15.84463,56.16529],[15.84455,56.16541],[15.84454,56.16554],[15.84457,56.16574],[15.84469,56.16596],[15.84478,56.16614],[15.84487,56.16627],[15.84509,56.16646],[15.84529,56.16668],[15.84536,56.16683],[15.84537,56.16697],[15.84533,56.16715],[15.84527,56.16729],[15.84526,56.16735],[15.84542,56.16772],[15.84543,56.16778],[15.8454,56.16787],[15.84513,56.16816],[15.84499,56.16826],[15.84482,56.16834],[15.84463,56.16839],[15.84444,56.1683],[15.84427,56.16819],[15.84427,56.16819],[15.84427,56.16819],[15.84375,56.16845],[15.84328,56.1688],[15.84311,56.16899],[15.84311,56.16913],[15.84311,56.16913],[15.84312,56.16913],[15.84312,56.16913],[15.8433,56.16914],[15.8434,56.16914],[15.84347,56.16915],[15.84348,56.16918],[15.84361,56.16954],[15.84368,56.16964],[15.84415,56.17009],[15.84439,56.1703],[15.84439,56.1703],[15.84479,56.1703],[15.84498,56.17027],[15.84505,56.17022],[15.84534,56.17008],[15.84561,56.16996],[15.84583,56.1699],[15.84628,56.16976],[15.84628,56.16976],[15.84627,56.16843],[15.84628,56.16838],[15.84633,56.16838],[15.86276,56.16736],[15.86276,56.16736],[15.86277,56.16736],[15.86277,56.16735],[15.86274,56.16701],[15.86273,56.16659],[15.86264,56.16528],[15.86263,56.16469],[15.86263,56.16469],[15.86263,56.16469],[15.86193,56.16472],[15.86175,56.16388],[15.86175,56.16388],[15.86175,56.16388],[15.86175,56.16388],[15.86037,56.16391],[15.85969,56.1632],[15.86066,56.16314],[15.86158,56.16296],[15.86395,56.16223],[15.8643,56.16206],[15.86488,56.16162],[15.86516,56.16137],[15.86538,56.16112],[15.86541,56.16084],[15.86541,56.16084],[15.86541,56.16084],[15.86541,56.16084],[15.86541,56.16084],[15.86324,56.16146],[15.8632,56.1615],[15.86304,56.16172],[15.86297,56.16178],[15.86291,56.16183],[15.86289,56.16185],[15.86281,56.16186],[15.86274,56.16189],[15.86274,56.16192],[15.86275,56.16194],[15.86273,56.162],[15.86269,56.16203],[15.86264,56.16208],[15.86257,56.16215],[15.86252,56.16217],[15.86248,56.16219],[15.86244,56.16223],[15.86239,56.1623],[15.86231,56.16236],[15.8622,56.16243],[15.86209,56.16251],[15.86197,56.16258],[15.86188,56.16263],[15.86176,56.16269],[15.86167,56.16276],[15.86159,56.16279],[15.86153,56.16279],[15.86147,56.16277],[15.86139,56.16276],[15.86126,56.16276],[15.86115,56.16277],[15.86103,56.16279],[15.86095,56.16281],[15.86087,56.16285],[15.86084,56.16287],[15.86074,56.16286],[15.86065,56.16286],[15.86051,56.16283],[15.86041,56.1628],[15.8603,56.16276],[15.86023,56.16273],[15.86003,56.1627],[15.8599,56.1627],[15.8598,56.1627],[15.85973,56.16269],[15.85973,56.16269],[15.85972,56.16269],[15.85968,56.16272],[15.85958,56.16274],[15.85938,56.16276],[15.85921,56.16278],[15.85906,56.16281],[15.85893,56.16284],[15.85879,56.16288],[15.85879,56.16288],[15.85879,56.16288],[15.85884,56.16293],[15.85877,56.163],[15.85879,56.16319],[15.85856,56.16322],[15.85772,56.16336],[15.85772,56.16336],[15.85772,56.16336],[15.85792,56.16397],[15.85567,56.16399],[15.85252,56.16397],[15.85399,56.16322],[15.85437,56.16276],[15.85439,56.16274],[15.85549,56.1617],[15.85758,56.16207],[15.85985,56.16164],[15.85985,56.16164],[15.86048,56.16074],[15.86016,56.15877],[15.86136,56.15757],[15.8616,56.15654],[15.86092,56.15584],[15.86068,56.15557],[15.86052,56.15532],[15.86052,56.15532],[15.86011,56.15518],[15.8592,56.15506],[15.85884,56.15492],[15.85822,56.15447],[15.85794,56.15428],[15.85774,56.15396],[15.85757,56.15356],[15.85729,56.15332],[15.85689,56.15308],[15.8565,56.15284],[15.85615,56.15268],[15.85622,56.15253],[15.85622,56.15253],[15.85622,56.15253],[15.85598,56.15247],[15.85598,56.15247],[15.8555,56.15257],[15.8552,56.15236],[15.85447,56.1517],[15.85394,56.15135],[15.85297,56.15056],[15.85308,56.15056],[15.85308,56.15055],[15.85308,56.15055],[15.8529,56.1503],[15.85279,56.1502],[15.85263,56.15009],[15.8525,56.1499],[15.85235,56.14975],[15.85221,56.14964],[15.85161,56.14923],[15.85124,56.14894],[15.85123,56.14894],[15.84782,56.14908],[15.8475,56.14841],[15.84915,56.14806],[15.84916,56.14806],[15.84916,56.14806],[15.84875,56.14698],[15.84683,56.14461],[15.84664,56.14447],[15.84637,56.14424],[15.84616,56.14406],[15.84597,56.14384],[15.84564,56.14356],[15.84546,56.14343],[15.84488,56.1431],[15.84443,56.14272],[15.84443,56.14271],[15.84443,56.14272],[15.84372,56.14318],[15.8394,56.14122],[15.8394,56.14122],[15.8394,56.14122],[15.8394,56.14122],[15.8394,56.14122],[15.83952,56.14239],[15.83929,56.14278],[15.83893,56.14338],[15.83886,56.14345],[15.83935,56.14522],[15.83934,56.14522],[15.83934,56.14522],[15.83483,56.14648],[15.83375,56.14679],[15.83051,56.14771],[15.83051,56.14771],[15.83051,56.14771],[15.8309,56.14859],[15.83135,56.14966],[15.83068,56.14968],[15.82863,56.14975],[15.82845,56.14975],[15.82845,56.14976],[15.82845,56.14976],[15.82845,56.14976],[15.82865,56.15009],[15.82835,56.15014]],[[15.83008,56.15025],[15.83013,56.15043],[15.83028,56.15057],[15.83017,56.1507],[15.82994,56.15058],[15.82973,56.15057],[15.83008,56.15025]],[[15.83228,56.15068],[15.83217,56.15069],[15.83197,56.15079],[15.8317,56.15082],[15.83179,56.1507],[15.83178,56.15056],[15.83167,56.15036],[15.83216,56.15031],[15.83228,56.15068]],[[15.83281,56.1487],[15.83195,56.14887],[15.83165,56.14846],[15.8325,56.1483],[15.83281,56.1487]],[[15.83153,56.15218],[15.8317,56.15216],[15.8317,56.15216],[15.8317,56.15216],[15.83136,56.15171],[15.83163,56.15177],[15.83175,56.15181],[15.83186,56.15187],[15.83245,56.1523],[15.8325,56.15243],[15.83108,56.15243],[15.83102,56.15227],[15.83153,56.15218]],[[15.83228,56.15086],[15.83241,56.1507],[15.83276,56.15074],[15.83319,56.15076],[15.83336,56.15077],[15.83347,56.15078],[15.83327,56.15089],[15.83327,56.15089],[15.83327,56.15089],[15.83362,56.1511],[15.83335,56.1513],[15.83335,56.1513],[15.83335,56.1513],[15.8334,56.15134],[15.83305,56.15148],[15.83263,56.15095],[15.83263,56.15095],[15.83263,56.15095],[15.83223,56.15099],[15.83228,56.15086]],[[15.83122,56.15168],[15.83145,56.1521],[15.83058,56.15228],[15.83001,56.15163],[15.83122,56.15168]],[[15.83167,56.15069],[15.83167,56.15069],[15.83158,56.15078],[15.83152,56.15087],[15.83149,56.15096],[15.83152,56.15107],[15.83101,56.15116],[15.83099,56.15096],[15.83115,56.15067],[15.83088,56.14988],[15.83126,56.14979],[15.83167,56.15069]],[[15.83028,56.1509],[15.83055,56.15102],[15.83071,56.15118],[15.83071,56.15118],[15.83093,56.15117],[15.83098,56.15134],[15.83095,56.1514],[15.83065,56.15135],[15.83036,56.15125],[15.83036,56.15125],[15.83036,56.15125],[15.83015,56.15136],[15.83,56.15141],[15.82934,56.15145],[15.82925,56.15136],[15.82921,56.15125],[15.82922,56.15113],[15.82925,56.151],[15.83028,56.1509]],[[15.83147,56.15151],[15.8316,56.15145],[15.83164,56.15143],[15.83239,56.15163],[15.83261,56.15163],[15.83271,56.1518],[15.8328,56.15192],[15.83293,56.15202],[15.83307,56.15208],[15.83307,56.15208],[15.8332,56.1521],[15.8333,56.1521],[15.83334,56.1521],[15.83342,56.1521],[15.83343,56.1521],[15.83343,56.1521],[15.83342,56.15202],[15.83342,56.15202],[15.83342,56.15202],[15.83337,56.15202],[15.83332,56.15173],[15.83311,56.15155],[15.83347,56.15139],[15.83376,56.15158],[15.83384,56.15216],[15.83347,56.15242],[15.83296,56.15242],[15.83273,56.15225],[15.83186,56.15171],[15.83153,56.15161],[15.83144,56.15154],[15.83147,56.15151]]]]},"properties":{"NVRID":"2000095","NAMN":"Färskesjön","SKYDDSTYP":"Naturreservat","LAN":"Blekinge Län","KOMMUN":"Karlskrona","IUCNKATEGORI":"IV, Habitat/Artskyddsområde (Habitat/Species Management Area)","FORVALTARE":"Länsstyrelsen i Blekinge län","AREA_HA":334.134,"URSPR_BESLUTSDATUM":"2002-01-21"}},{"type":"Feature","geometry":{"type":"Polygon","coordinates":[[[14.98958,56.14104],[14.98638,56.14119],[14.98638,56.14119],[14.98638,56.14119],[14.98884,56.144],[14.98896,56.14428],[14.98889,56.14452],[14.98838,56.14492],[14.98821,56.14517],[14.98821,56.14517],[14.98826,56.14546],[14.9884,56.14578],[14.98924,56.1467],[14.98969,56.14804],[14.98979,56.14825],[14.99148,56.15113],[14.99148,56.15113],[14.99148,56.15113],[14.99905,56.15004],[15.00072,56.15028],[15.00576,56.15104],[15.00878,56.15078],[15.01252,56.15007],[15.01665,56.14868],[15.02208,56.14938],[15.02208,56.14938],[15.02208,56.14938],[15.02718,56.14478],[15.02715,56.14445],[15.02715,56.14445],[15.00475,56.13371],[15.00371,56.13341],[15.00371,56.13341],[15.00106,56.13392],[14.99759,56.13486],[14.99758,56.13486],[14.99758,56.13486],[14.99885,56.13843],[14.99728,56.13917],[14.99411,56.13911],[14.99411,56.13911],[14.98958,56.14104]]]},"properties":{"NVRID":"2000064","NAMN":"Bockön-Mjöön","SKYDDSTYP":"Naturreservat","LAN":"Blekinge Län","KOMMUN":"Karlshamn","IUCNKATEGORI":"IV, Habitat/Artskyddsområde (Habitat/Species Management Area)","FORVALTARE":"Länsstyrelsen i Blekinge län","AREA_HA":301.962,"URSPR_BESLUTSDATUM":"1975-04-07"}},{"type":"Feature","geometry":{"type":"Polygon","coordinates":[[[14.39976,56.32412],[14.39974,56.32446],[14.40011,56.32466],[14.40011,56.32466],[14.4005,56.32461],[14.40073,56.32448],[14.40073,56.32448],[14.40072,56.32406],[14.40098,56.32399],[14.40098,56.32399],[14.40098,56.32399],[14.40098,56.32399],[14.4006,56.32368],[14.40129,56.32351],[14.40228,56.32327],[14.40228,56.32327],[14.40228,56.32327],[14.40215,56.32312],[14.40206,56.32298],[14.402,56.32272],[14.40258,56.32246],[14.40277,56.32245],[14.40309,56.32263],[14.40309,56.32263],[14.40432,56.32273],[14.40418,56.32346],[14.40418,56.32346],[14.40453,56.32375],[14.40453,56.32375],[14.40453,56.32375],[14.40477,56.32371],[14.40561,56.32342],[14.40618,56.32343],[14.40618,56.32343],[14.4063,56.32338],[14.40636,56.32328],[14.40647,56.32322],[14.4067,56.32322],[14.40683,56.32319],[14.40688,56.32315],[14.40693,56.3231],[14.40709,56.32279],[14.40712,56.32273],[14.40715,56.32247],[14.40715,56.32231],[14.40712,56.32216],[14.4069,56.32179],[14.40682,56.32167],[14.40682,56.32167],[14.40682,56.32167],[14.40663,56.32168],[14.40633,56.32174],[14.40594,56.32178],[14.4057,56.32178],[14.4052,56.32169],[14.40509,56.32168],[14.40441,56.32161],[14.40417,56.32157],[14.40396,56.32151],[14.40371,56.32143],[14.40355,56.32139],[14.40331,56.32137],[14.40258,56.32126],[14.40247,56.32125],[14.40233,56.32125],[14.40212,56.32126],[14.40199,56.32125],[14.40187,56.32125],[14.4016,56.32121],[14.40111,56.32117],[14.40061,56.32116],[14.40007,56.32115],[14.39977,56.3211],[14.39961,56.32107],[14.39943,56.32101],[14.39917,56.32082],[14.39895,56.32073],[14.39887,56.32067],[14.39874,56.32054],[14.39864,56.32048],[14.39847,56.32042],[14.39793,56.32031],[14.39793,56.32031],[14.39793,56.32031],[14.39792,56.32031],[14.39792,56.32031],[14.3979,56.32085],[14.39789,56.32141],[14.39787,56.32201],[14.39785,56.32241],[14.39786,56.32252],[14.39786,56.32269],[14.39791,56.32283],[14.39835,56.32343],[14.39836,56.32353],[14.39836,56.32366],[14.39837,56.32377],[14.39844,56.32386],[14.39855,56.32393],[14.39865,56.324],[14.39869,56.32406],[14.39869,56.32414],[14.39869,56.32414],[14.39869,56.32414],[14.39869,56.32414],[14.39976,56.32412]]]},"properties":{"NVRID":"2013493","NAMN":"Lilla Nyteboda","SKYDDSTYP":"Naturreservat","LAN":"Blekinge Län","KOMMUN":"Olofström","IUCNKATEGORI":"IV, Habitat/Artskyddsområde (Habitat/Species Management Area)","FORVALTARE":"Länsstyrelsen i Blekinge län","AREA_HA":13.801,"URSPR_BESLUTSDATUM":"2007-12-04"}},{"type":"Feature","geometry":{"type":"Polygon","coordinates":[[[15.75792,56.27145],[15.75698,56.27257],[15.75698,56.27257],[15.75698,56.27257],[15.75737,56.27284],[15.75753,56.27293],[15.75781,56.27308],[15.75815,56.27325],[15.75829,56.27331],[15.75864,56.27346],[15.75903,56.2736],[15.75944,56.27375],[15.76026,56.27408],[15.76126,56.27445],[15.76211,56.27476],[15.76223,56.2748],[15.76273,56.275],[15.76274,56.275],[15.76274,56.275],[15.76635,56.27342],[15.76635,56.27342],[15.76627,56.27316],[15.76621,56.27282],[15.766,56.27227],[15.76589,56.27198],[15.76581,56.27189],[15.76565,56.27176],[15.76535,56.27156],[15.76507,56.27134],[15.7649,56.27118],[15.76466,56.27091],[15.76447,56.27058],[15.7644,56.27052],[15.76432,56.27048],[15.76422,56.27046],[15.76402,56.27043],[15.76372,56.2704],[15.76347,56.27039],[15.76267,56.27043],[15.76229,56.27051],[15.76229,56.27051],[15.76218,56.27057],[15.76206,56.27071],[15.76184,56.27094],[15.76141,56.27111],[15.76141,56.27111],[15.76145,56.2712],[15.76115,56.27129],[15.76096,56.27131],[15.76057,56.27128],[15.76069,56.27115],[15.76069,56.27115],[15.76069,56.27115],[15.76069,56.27115],[15.76042,56.27105],[15.76015,56.27086],[15.76015,56.27086],[15.75942,56.27082],[15.75942,56.27082],[15.75922,56.27097],[15.75897,56.27103],[15.75869,56.27105],[15.7586,56.27104],[15.75849,56.27101],[15.75816,56.2709],[15.75772,56.27064],[15.75759,56.27055],[15.75759,56.27055],[15.75759,56.27055],[15.75733,56.27061],[15.75707,56.2708],[15.75707,56.2708],[15.75707,56.2708],[15.7572,56.27106],[15.75792,56.27145]]]},"properties":{"NVRID":"2000099","NAMN":"Älmteryd","SKYDDSTYP":"Naturreservat","LAN":"Blekinge Län","KOMMUN":"Karlskrona","IUCNKATEGORI":"IV, Habitat/Artskyddsområde (Habitat/Species Management Area)","FORVALTARE":"Länsstyrelsen i Blekinge län","AREA_HA":19.143,"URSPR_BESLUTSDATUM":"2002-12-02"}},{"type":"Feature","geometry":{"type":"Polygon","coordinates":[[[14.55251,56.44867],[14.55236,56.44872],[14.55216,56.44878],[14.55208,56.44883],[14.55203,56.44887],[14.55193,56.44902],[14.55188,56.44907],[14.55232,56.44979],[14.55256,56.45044],[14.55256,56.45044],[14.55256,56.45044],[14.55256,56.45044],[14.55256,56.45044],[14.55313,56.45022],[14.55406,56.45004],[14.55479,56.44988],[14.55536,56.44975],[14.55558,56.44952],[14.55562,56.4495],[14.55599,56.44934],[14.5571,56.44912],[14.55725,56.44911],[14.55849,56.44896],[14.55939,56.44883],[14.55962,56.44875],[14.55962,56.44875],[14.55962,56.44875],[14.55962,56.44875],[14.55962,56.44875],[14.55946,56.44867],[14.55946,56.44867],[14.5591,56.44868],[14.55828,56.44861],[14.55753,56.44861],[14.55648,56.44855],[14.55526,56.4486],[14.55433,56.44862],[14.55336,56.44855],[14.55259,56.44855],[14.55259,56.44855],[14.55259,56.44856],[14.55251,56.44867]]]},"properties":{"NVRID":"2002862","NAMN":"Siggaboda södra","SKYDDSTYP":"Naturreservat","LAN":"Blekinge Län","KOMMUN":"Olofström","IUCNKATEGORI":"IV, Habitat/Artskyddsområde (Habitat/Species Management Area)","FORVALTARE":"Länsstyrelsen i Blekinge län","AREA_HA":4.727,"URSPR_BESLUTSDATUM":"2004-11-18"}},{"type":"Feature","geometry":{"type":"Polygon","coordinates":[[[15.35887,56.2835],[15.35862,56.28369],[15.35862,56.28369],[15.3587,56.28379],[15.3587,56.28379],[15.3587,56.28379],[15.3587,56.28379],[15.35907,56.28357],[15.35926,56.28355],[15.35954,56.28382],[15.35954,56.28382],[15.35954,56.28382],[15.35954,56.28382],[15.35975,56.28367],[15.35977,56.28365],[15.35977,56.28365],[15.35977,56.28365],[15.3597,56.28361],[15.35968,56.28359],[15.3596,56.28349],[15.35956,56.28341],[15.35957,56.28333],[15.35958,56.28322],[15.35959,56.28313],[15.35958,56.28295],[15.35958,56.28284],[15.35956,56.28272],[15.35952,56.2826],[15.3595,56.28252],[15.3595,56.28243],[15.35953,56.28233],[15.35956,56.28222],[15.35956,56.28212],[15.35956,56.282],[15.35957,56.28189],[15.35962,56.28178],[15.35965,56.28167],[15.35967,56.28151],[15.35967,56.28144],[15.35971,56.28136],[15.35969,56.28128],[15.35966,56.28121],[15.35965,56.28111],[15.35966,56.28102],[15.3597,56.28093],[15.35971,56.28085],[15.35974,56.28077],[15.35975,56.28065],[15.35974,56.28053],[15.35974,56.28043],[15.3597,56.28037],[15.35973,56.28029],[15.35978,56.28019],[15.35983,56.28007],[15.35991,56.28004],[15.35997,56.27996],[15.35999,56.27984],[15.35996,56.27975],[15.3599,56.2797],[15.3599,56.27964],[15.35993,56.27961],[15.35995,56.27958],[15.36,56.27952],[15.36001,56.27944],[15.35996,56.27938],[15.35991,56.2793],[15.35989,56.27924],[15.35993,56.27917],[15.36001,56.27911],[15.36001,56.27911],[15.36001,56.27911],[15.36001,56.2791],[15.36,56.27911],[15.35984,56.27876],[15.35984,56.27876],[15.35984,56.27876],[15.35913,56.27878],[15.35913,56.27878],[15.35913,56.27878],[15.35928,56.27912],[15.35941,56.2795],[15.35963,56.2801],[15.35951,56.28011],[15.35923,56.28016],[15.35902,56.2802],[15.35902,56.2802],[15.35898,56.2803],[15.359,56.28044],[15.359,56.28044],[15.35919,56.28057],[15.35947,56.28071],[15.35943,56.28107],[15.3593,56.28135],[15.35913,56.28153],[15.35902,56.28188],[15.35905,56.2821],[15.35912,56.28229],[15.35887,56.2835]]]},"properties":{"NVRID":"2000041","NAMN":"Arvidstorp","SKYDDSTYP":"Naturreservat","LAN":"Blekinge Län","KOMMUN":"Ronneby","IUCNKATEGORI":"III, Naturmonument (Natural Monument)","FORVALTARE":"Länsstyrelsen i Blekinge län","AREA_HA":1.805,"URSPR_BESLUTSDATUM":"1982-02-01"}},{"type":"Feature","geometry":{"type":"Polygon","coordinates":[[[14.97309,56.14441],[14.97309,56.14441],[14.97309,56.14441],[14.96786,56.14429],[14.96786,56.14429],[14.96088,56.149],[14.96088,56.149],[14.96127,56.15047],[14.96127,56.15047],[14.96127,56.15047],[14.96766,56.1512],[14.97258,56.15053],[14.97258,56.15053],[14.97259,56.15053],[14.97309,56.14441]]]},"properties":{"NVRID":"2000063","NAMN":"Fölsö","SKYDDSTYP":"Naturreservat","LAN":"Blekinge Län","KOMMUN":"Karlshamn","IUCNKATEGORI":"IV, Habitat/Artskyddsområde (Habitat/Species Management Area)","FORVALTARE":"Karlshamns kommun","AREA_HA":42.291,"URSPR_BESLUTSDATUM":"1974-12-02"}},{"type":"Feature","geometry":{"type":"Polygon","coordinates":[[[15.34991,56.34107],[15.35018,56.34479],[15.35018,56.34479],[15.35018,56.34479],[15.35916,56.34313],[15.37279,56.34302],[15.37279,56.34302],[15.37279,56.34302],[15.37252,56.34195],[15.37252,56.34195],[15.37252,56.34195],[15.37233,56.34195],[15.37223,56.34194],[15.37171,56.34189],[15.37115,56.34185],[15.37083,56.34186],[15.37061,56.34189],[15.3704,56.34188],[15.37018,56.34185],[15.36996,56.34184],[15.36977,56.34185],[15.36958,56.34181],[15.36936,56.34177],[15.36908,56.34168],[15.36877,56.34165],[15.36853,56.34163],[15.36837,56.34165],[15.36816,56.34166],[15.36794,56.34163],[15.36773,56.34157],[15.36761,56.34157],[15.36744,56.34158],[15.36724,56.34157],[15.36683,56.34153],[15.36645,56.34149],[15.36613,56.34145],[15.36584,56.34138],[15.36573,56.34134],[15.36557,56.34132],[15.36546,56.34129],[15.36527,56.34125],[15.36515,56.34122],[15.36509,56.34116],[15.36509,56.34116],[15.36497,56.34113],[15.36487,56.3411],[15.36481,56.34103],[15.36466,56.34096],[15.36446,56.34081],[15.36436,56.34067],[15.36431,56.34045],[15.36444,56.34015],[15.36452,56.34],[15.36466,56.33986],[15.36466,56.33986],[15.36461,56.33969],[15.36456,56.33948],[15.36454,56.33933],[15.36447,56.33924],[15.36436,56.33918],[15.36418,56.33914],[15.364,56.33912],[15.36377,56.3391],[15.36368,56.33907],[15.36357,56.33901],[15.36346,56.33893],[15.36341,56.33885],[15.36336,56.33871],[15.36329,56.33862],[15.3632,56.33854],[15.36316,56.3384],[15.36318,56.33828],[15.36326,56.33818],[15.36337,56.3381],[15.36361,56.338],[15.36379,56.33792],[15.36394,56.33787],[15.36414,56.33785],[15.36438,56.33784],[15.36465,56.33779],[15.36485,56.33774],[15.36503,56.3377],[15.36517,56.33763],[15.36525,56.33755],[15.36531,56.33742],[15.36534,56.33727],[15.36535,56.33717],[15.36529,56.33709],[15.36516,56.33701],[15.36497,56.33692],[15.36458,56.33676],[15.36433,56.33665],[15.36408,56.33653],[15.36379,56.33645],[15.36354,56.33642],[15.36338,56.33639],[15.36325,56.33634],[15.36304,56.33625],[15.36267,56.33611],[15.3624,56.33601],[15.3622,56.3359],[15.36194,56.33579],[15.36179,56.33568],[15.3616,56.33553],[15.36144,56.3354],[15.36137,56.33533],[15.36134,56.33523],[15.36134,56.33511],[15.36134,56.33495],[15.36131,56.3348],[15.36131,56.33469],[15.36136,56.33461],[15.36143,56.33449],[15.36146,56.33436],[15.36145,56.33428],[15.36144,56.33428],[15.36139,56.33427],[15.36139,56.33428],[15.36132,56.33433],[15.36122,56.33437],[15.36107,56.33438],[15.36076,56.33444],[15.36049,56.33451],[15.36024,56.3346],[15.36016,56.33464],[15.35977,56.33484],[15.35953,56.335],[15.35929,56.33517],[15.35903,56.33532],[15.3588,56.33543],[15.35856,56.33551],[15.35839,56.33558],[15.35832,56.33564],[15.35828,56.33569],[15.35791,56.33603],[15.35772,56.33621],[15.35755,56.3363],[15.35735,56.33638],[15.35709,56.33645],[15.35675,56.33656],[15.3566,56.33661],[15.35645,56.33668],[15.35628,56.33676],[15.35607,56.33684],[15.35587,56.33691],[15.35569,56.33702],[15.35547,56.33713],[15.35538,56.33721],[15.35532,56.33728],[15.35527,56.33739],[15.35523,56.33752],[15.35517,56.33758],[15.3551,56.33763],[15.35496,56.33769],[15.35465,56.3378],[15.35438,56.33791],[15.3542,56.33798],[15.35409,56.33805],[15.354,56.33814],[15.35387,56.33827],[15.35372,56.3384],[15.35351,56.33858],[15.35337,56.33873],[15.35325,56.33886],[15.35323,56.33898],[15.35323,56.33913],[15.35324,56.33931],[15.3533,56.33947],[15.35335,56.33961],[15.35337,56.33971],[15.35336,56.33981],[15.35326,56.33991],[15.35326,56.33991],[15.35339,56.34003],[15.35361,56.34013],[15.35384,56.34024],[15.35389,56.34028],[15.3538,56.34055],[15.3536,56.34066],[15.35338,56.34078],[15.35315,56.34087],[15.35293,56.34094],[15.35271,56.34098],[15.35255,56.34104],[15.35235,56.3411],[15.35224,56.34102],[15.35205,56.34091],[15.352,56.34077],[15.35191,56.34067],[15.35186,56.34056],[15.35176,56.3405],[15.35162,56.34045],[15.35162,56.34045],[15.35162,56.34045],[15.35152,56.34055],[15.35132,56.34069],[15.35121,56.34078],[15.35095,56.34095],[15.35081,56.341],[15.3506,56.341],[15.3503,56.34102],[15.35009,56.34105],[15.34992,56.34107],[15.34991,56.34107],[15.34991,56.34107]]]},"properties":{"NVRID":"2000075","NAMN":"Vantakalleberget","SKYDDSTYP":"Naturreservat","LAN":"Blekinge Län","KOMMUN":"Karlskrona, Ronneby","IUCNKATEGORI":"IV, Habitat/Artskyddsområde (Habitat/Species Management Area)","FORVALTARE":"Länsstyrelsen i Blekinge län","AREA_HA":70.589,"URSPR_BESLUTSDATUM":"1980-11-03"}},{"type":"Feature","geometry":{"type":"Polygon","coordinates":[[[15.40108,56.24343],[15.40108,56.24343],[15.40108,56.24343],[15.40102,56.24387],[15.40103,56.24422],[15.40103,56.24422],[15.40117,56.2443],[15.40142,56.24442],[15.40164,56.24451],[15.40191,56.2446],[15.40242,56.24466],[15.40293,56.24473],[15.40293,56.24473],[15.40293,56.24473],[15.40293,56.24473],[15.40326,56.24407],[15.40326,56.24407],[15.40238,56.24343],[15.40238,56.24343],[15.40238,56.24343],[15.40108,56.24343]]]},"properties":{"NVRID":"2000044","NAMN":"Gise Höna","SKYDDSTYP":"Naturreservat","LAN":"Blekinge Län","KOMMUN":"Ronneby","IUCNKATEGORI":"IV, Habitat/Artskyddsområde (Habitat/Species Management Area)","FORVALTARE":"Länsstyrelsen i Blekinge län","AREA_HA":1.496,"URSPR_BESLUTSDATUM":"1961-06-27"}},{"type":"Feature","geometry":{"type":"Polygon","coordinates":[[[14.47605,56.26132],[14.47651,56.26311],[14.47504,56.26439],[14.47504,56.26439],[14.47747,56.26691],[14.48015,56.27093],[14.48579,56.27516],[14.48633,56.27757],[14.48555,56.28099],[14.48614,56.28224],[14.48561,56.28388],[14.48456,56.28492],[14.48399,56.28593],[14.48399,56.28593],[14.48646,56.28794],[14.48689,56.28922],[14.48421,56.29172],[14.48179,56.29322],[14.48179,56.29322],[14.48047,56.29567],[14.48079,56.29807],[14.48086,56.29828],[14.48087,56.29829],[14.48087,56.29829],[14.48087,56.29829],[14.48087,56.29829],[14.48109,56.29817],[14.48177,56.29755],[14.48208,56.2972],[14.48247,56.2968],[14.48291,56.2965],[14.48334,56.29612],[14.48382,56.2958],[14.48397,56.29565],[14.48417,56.29531],[14.48459,56.29489],[14.48516,56.29444],[14.48565,56.2941],[14.48583,56.29401],[14.48602,56.29396],[14.48689,56.29379],[14.48705,56.29374],[14.48782,56.29339],[14.4885,56.29301],[14.48869,56.29294],[14.48892,56.29291],[14.49027,56.29285],[14.49051,56.29281],[14.49051,56.29281],[14.49653,56.27843],[14.49656,56.27834],[14.49656,56.27834],[14.49647,56.27818],[14.49596,56.27782],[14.49593,56.2778],[14.4959,56.27776],[14.49587,56.27768],[14.49587,56.2776],[14.49587,56.27754],[14.49586,56.27747],[14.4959,56.27717],[14.49582,56.27698],[14.49582,56.27689],[14.49587,56.27653],[14.4959,56.27626],[14.49616,56.27545],[14.49597,56.27493],[14.49627,56.27494],[14.49628,56.27494],[14.49628,56.27494],[14.49628,56.27494],[14.49634,56.27465],[14.4967,56.2746],[14.49671,56.2746],[14.49695,56.27437],[14.49703,56.27429],[14.49715,56.27418],[14.49744,56.27383],[14.49817,56.27339],[14.50139,56.27421],[14.50139,56.27421],[14.50148,56.27421],[14.50188,56.27418],[14.50188,56.27418],[14.50188,56.27418],[14.50188,56.27418],[14.50185,56.27407],[14.50188,56.27396],[14.50194,56.27387],[14.50204,56.27379],[14.50214,56.27374],[14.50214,56.27374],[14.50214,56.27335],[14.50268,56.27335],[14.50273,56.27344],[14.50273,56.27344],[14.50295,56.27347],[14.50314,56.27341],[14.50314,56.2734],[14.50313,56.27331],[14.50351,56.27325],[14.50362,56.27327],[14.50373,56.2733],[14.50391,56.27342],[14.50406,56.27366],[14.50412,56.27384],[14.50409,56.27391],[14.50409,56.27391],[14.50409,56.27391],[14.50425,56.27396],[14.50441,56.27394],[14.50441,56.27394],[14.50441,56.27394],[14.50441,56.27394],[14.50439,56.27391],[14.50439,56.27388],[14.50442,56.27385],[14.50441,56.27383],[14.5044,56.27381],[14.50442,56.27378],[14.50445,56.27375],[14.50446,56.27372],[14.50446,56.27366],[14.50446,56.27356],[14.50447,56.27353],[14.50447,56.27351],[14.50441,56.27344],[14.50438,56.27341],[14.50437,56.27338],[14.50436,56.27334],[14.50436,56.27329],[14.50436,56.27323],[14.50435,56.2732],[14.50434,56.27318],[14.50434,56.27317],[14.50434,56.27317],[14.5043,56.27317],[14.50428,56.27316],[14.50424,56.27314],[14.50421,56.27313],[14.50417,56.27312],[14.50412,56.2731],[14.50409,56.27307],[14.50406,56.27304],[14.50405,56.27298],[14.50407,56.27297],[14.50408,56.27296],[14.50408,56.27296],[14.50408,56.27296],[14.50407,56.27295],[14.50569,56.27084],[14.50627,56.2689],[14.50623,56.26814],[14.50615,56.26792],[14.50646,56.2679],[14.50654,56.2679],[14.50659,56.26798],[14.50678,56.26817],[14.50696,56.26831],[14.50713,56.26836],[14.50868,56.26827],[14.50944,56.26861],[14.5097,56.26897],[14.51015,56.26919],[14.51041,56.26936],[14.51137,56.27009],[14.51196,56.27052],[14.51197,56.27053],[14.51284,56.27045],[14.5134,56.27033],[14.51391,56.27012],[14.51438,56.26998],[14.51494,56.26982],[14.51524,56.26969],[14.51599,56.26929],[14.51667,56.26897],[14.51688,56.26884],[14.51691,56.26869],[14.51736,56.26827],[14.5175,56.26796],[14.51755,56.2677],[14.51772,56.26755],[14.5179,56.26743],[14.51823,56.26725],[14.51856,56.2671],[14.51876,56.26703],[14.51916,56.26698],[14.51937,56.26695],[14.5195,56.26691],[14.51968,56.26685],[14.51971,56.2669],[14.51971,56.2669],[14.51971,56.2669],[14.52007,56.26682],[14.52044,56.26675],[14.52093,56.26667],[14.52093,56.26667],[14.52093,56.26666],[14.52094,56.2663],[14.52094,56.2663],[14.52094,56.2663],[14.52094,56.2663],[14.52071,56.26629],[14.51916,56.26625],[14.51915,56.26622],[14.51905,56.26593],[14.51935,56.26574],[14.51951,56.26563],[14.51976,56.26534],[14.51982,56.26527],[14.52007,56.26511],[14.52035,56.26492],[14.52044,56.26487],[14.5208,56.26463],[14.5211,56.26477],[14.52139,56.26491],[14.52164,56.26502],[14.52164,56.26502],[14.52211,56.26497],[14.52211,56.26497],[14.52375,56.26349],[14.52458,56.26281],[14.52614,56.26144],[14.52648,56.26097],[14.52675,56.26053],[14.52675,56.26053],[14.52675,56.26053],[14.52641,56.26042],[14.52671,56.26013],[14.52704,56.25987],[14.52713,56.25915],[14.52714,56.25908],[14.52716,56.25891],[14.52719,56.25872],[14.52709,56.25847],[14.52703,56.25808],[14.52699,56.25779],[14.52699,56.2574],[14.52688,56.25704],[14.52687,56.25687],[14.52668,56.25577],[14.52668,56.25577],[14.52668,56.25577],[14.52662,56.25577],[14.52611,56.2558],[14.52603,56.25529],[14.52654,56.2553],[14.52654,56.2553],[14.52654,56.2553],[14.52641,56.25496],[14.52625,56.25445],[14.52615,56.25417],[14.52615,56.25417],[14.52615,56.25417],[14.52615,56.25417],[14.52615,56.25417],[14.52386,56.25491],[14.52382,56.25431],[14.52378,56.25417],[14.52341,56.25375],[14.52341,56.25375],[14.52341,56.25375],[14.52341,56.25375],[14.51452,56.25561],[14.5141,56.25568],[14.51397,56.25564],[14.51379,56.25563],[14.51345,56.25574],[14.51314,56.25602],[14.51239,56.2561],[14.51195,56.25621],[14.51151,56.2563],[14.51137,56.25636],[14.51135,56.25646],[14.50731,56.25708],[14.50454,56.25782],[14.50443,56.25769],[14.50442,56.25749],[14.50444,56.25745],[14.50437,56.257],[14.50409,56.25653],[14.50756,56.25556],[14.50816,56.25544],[14.50901,56.25527],[14.5131,56.25447],[14.5131,56.25447],[14.5131,56.25447],[14.51296,56.25386],[14.51289,56.25334],[14.51295,56.25278],[14.51377,56.25274],[14.51433,56.25346],[14.51459,56.25418],[14.51459,56.25418],[14.51459,56.25418],[14.5146,56.25418],[14.51837,56.25343],[14.52423,56.25077],[14.52423,56.25077],[14.52394,56.25031],[14.52393,56.25031],[14.52377,56.25026],[14.52278,56.25043],[14.52169,56.25053],[14.52169,56.25043],[14.52172,56.2502],[14.52154,56.25004],[14.52136,56.24922],[14.52211,56.24892],[14.52211,56.24892],[14.52211,56.24892],[14.52201,56.24876],[14.52202,56.24868],[14.52202,56.24855],[14.52199,56.24848],[14.522,56.24846],[14.522,56.24846],[14.52197,56.24839],[14.52193,56.24831],[14.52189,56.24826],[14.5218,56.24813],[14.52172,56.24801],[14.52166,56.24787],[14.52169,56.24776],[14.52149,56.24711],[14.52155,56.24701],[14.52155,56.24701],[14.52155,56.24701],[14.5214,56.24695],[14.5214,56.24695],[14.52118,56.24704],[14.52102,56.24714],[14.52084,56.24728],[14.5206,56.24761],[14.51982,56.24785],[14.5193,56.24799],[14.5193,56.24799],[14.51929,56.2483],[14.51779,56.24873],[14.51675,56.24928],[14.5162,56.24921],[14.51446,56.24923],[14.51481,56.24804],[14.51481,56.24803],[14.51431,56.24777],[14.51521,56.24741],[14.51783,56.24647],[14.51783,56.24647],[14.51798,56.24537],[14.5195,56.2451],[14.5195,56.2451],[14.5195,56.2451],[14.51953,56.24479],[14.51937,56.2444],[14.51944,56.24418],[14.51944,56.24418],[14.51929,56.24413],[14.51951,56.24394],[14.51982,56.24387],[14.52,56.24383],[14.52,56.24383],[14.52,56.24383],[14.51997,56.24374],[14.52002,56.24368],[14.52009,56.24362],[14.52027,56.24354],[14.52036,56.24353],[14.5207,56.24355],[14.5207,56.24355],[14.52072,56.24354],[14.52072,56.24354],[14.52072,56.24354],[14.52061,56.24344],[14.52054,56.24288],[14.52056,56.24257],[14.52055,56.24249],[14.52055,56.24249],[14.52055,56.24249],[14.52055,56.24249],[14.51827,56.2435],[14.51599,56.24403],[14.50926,56.24565],[14.50892,56.24528],[14.50835,56.24516],[14.50835,56.24516],[14.50835,56.24516],[14.508,56.24563],[14.50795,56.24569],[14.5078,56.24557],[14.50749,56.24534],[14.50735,56.24496],[14.50743,56.2447],[14.50736,56.24433],[14.50736,56.24433],[14.50736,56.24433],[14.50736,56.24433],[14.50736,56.24433],[14.50325,56.246],[14.50314,56.24605],[14.50299,56.24611],[14.49794,56.24816],[14.49071,56.2511],[14.483,56.25425],[14.48285,56.25432],[14.48229,56.25455],[14.48161,56.25445],[14.4816,56.25445],[14.4816,56.25445],[14.48057,56.25531],[14.47881,56.25745],[14.47636,56.25808],[14.47204,56.2578],[14.46851,56.25754],[14.46551,56.25696],[14.46551,56.25696],[14.46551,56.25696],[14.46453,56.25902],[14.46454,56.25902],[14.46585,56.25988],[14.46645,56.26027],[14.46704,56.26066],[14.46998,56.26164],[14.47001,56.26164],[14.47001,56.26164],[14.47498,56.26125],[14.47605,56.26132]],[[14.48054,56.26536],[14.48057,56.26533],[14.48058,56.26531],[14.48059,56.2653],[14.48062,56.2653],[14.48062,56.2653],[14.48062,56.2653],[14.48069,56.26526],[14.48074,56.26521],[14.48076,56.2652],[14.48077,56.26518],[14.48079,56.26517],[14.48081,56.26517],[14.48081,56.26517],[14.48081,56.26517],[14.48085,56.26512],[14.48085,56.26512],[14.48085,56.26512],[14.48083,56.26511],[14.48084,56.26509],[14.481,56.26515],[14.48104,56.26531],[14.48054,56.26536],[14.48054,56.26536]],[[14.48446,56.26322],[14.48448,56.26321],[14.48452,56.2632],[14.48483,56.26307],[14.48493,56.26304],[14.48496,56.26308],[14.48507,56.26323],[14.48459,56.26339],[14.48459,56.26339],[14.48455,56.26334],[14.48454,56.26332],[14.48449,56.26329],[14.48448,56.26326],[14.48449,56.26324],[14.48449,56.26324],[14.48448,56.26323],[14.48448,56.26323],[14.48446,56.26323],[14.48446,56.26322]],[[14.48094,56.26677],[14.48111,56.26663],[14.48165,56.26679],[14.48122,56.26692],[14.48096,56.26688],[14.48094,56.26677]],[[14.50123,56.26948],[14.50145,56.26937],[14.50178,56.26971],[14.50155,56.26979],[14.50136,56.26969],[14.50123,56.26948]],[[14.48151,56.26855],[14.4816,56.26853],[14.48163,56.2685],[14.48174,56.26847],[14.48179,56.26844],[14.48181,56.2684],[14.48191,56.26834],[14.482,56.26872],[14.48171,56.26879],[14.48151,56.26855]],[[14.48487,56.26358],[14.48524,56.26354],[14.48537,56.26386],[14.485,56.26391],[14.48487,56.26358]],[[14.48685,56.2664],[14.48704,56.26632],[14.48709,56.26631],[14.48712,56.26631],[14.48716,56.26631],[14.48722,56.2663],[14.48728,56.26631],[14.48735,56.26633],[14.48744,56.26636],[14.48747,56.26638],[14.48752,56.26639],[14.48752,56.26639],[14.4876,56.26638],[14.48753,56.26653],[14.48707,56.26657],[14.48685,56.2664]],[[14.49052,56.26113],[14.49071,56.26095],[14.49102,56.26096],[14.49117,56.26106],[14.49085,56.26129],[14.49078,56.2613],[14.49052,56.26113]],[[14.48677,56.26546],[14.48691,56.26538],[14.48762,56.26531],[14.48759,56.26534],[14.48757,56.26536],[14.48757,56.26536],[14.48757,56.26539],[14.48759,56.2654],[14.48761,56.26541],[14.48761,56.26542],[14.48761,56.26543],[14.48763,56.26545],[14.48763,56.26547],[14.4876,56.26551],[14.48758,56.26553],[14.48754,56.26553],[14.48754,56.26553],[14.48752,56.26555],[14.48751,56.26556],[14.48745,56.26557],[14.48739,56.26558],[14.48731,56.26558],[14.48725,56.26558],[14.48715,56.26559],[14.48705,56.26558],[14.48705,56.26556],[14.48703,56.26554],[14.48692,56.26552],[14.48692,56.26551],[14.48693,56.2655],[14.48693,56.2655],[14.48692,56.26548],[14.48688,56.26547],[14.48688,56.26547],[14.48685,56.26547],[14.48683,56.26547],[14.48677,56.26546]],[[14.48159,56.25518],[14.48166,56.25517],[14.48184,56.25513],[14.48193,56.25506],[14.48197,56.255],[14.48227,56.25508],[14.4823,56.25526],[14.48214,56.25535],[14.48194,56.25545],[14.48176,56.25531],[14.48159,56.25518]],[[14.48301,56.27187],[14.48344,56.2715],[14.48382,56.2717],[14.48377,56.27195],[14.48301,56.27187]],[[14.48442,56.25868],[14.48451,56.25845],[14.48452,56.25841],[14.48453,56.25837],[14.48456,56.25833],[14.48459,56.2583],[14.4846,56.2583],[14.48463,56.25828],[14.48466,56.25827],[14.48473,56.25825],[14.48511,56.25831],[14.48504,56.25872],[14.48442,56.25868]],[[14.48884,56.27445],[14.48903,56.27401],[14.48928,56.27401],[14.48983,56.27451],[14.48949,56.27449],[14.48949,56.27449],[14.48949,56.27449],[14.48945,56.27454],[14.48924,56.2745],[14.48908,56.27447],[14.48884,56.27445]],[[14.48411,56.25748],[14.4845,56.25728],[14.48466,56.25729],[14.48474,56.25737],[14.48485,56.25742],[14.48499,56.25752],[14.485,56.25756],[14.48488,56.25761],[14.48433,56.25782],[14.48419,56.2578],[14.48416,56.25771],[14.48409,56.25758],[14.48411,56.25748]],[[14.48563,56.25768],[14.486,56.25741],[14.48635,56.25737],[14.48665,56.25762],[14.48651,56.25767],[14.48651,56.25767],[14.48642,56.25799],[14.48629,56.25803],[14.48583,56.25812],[14.48563,56.25768]],[[14.48141,56.26414],[14.48154,56.26409],[14.48154,56.26409],[14.48165,56.26383],[14.48173,56.26374],[14.48182,56.26364],[14.48181,56.26348],[14.48176,56.26338],[14.48183,56.26327],[14.48212,56.26325],[14.48212,56.26325],[14.48224,56.26317],[14.48237,56.26317],[14.48237,56.26323],[14.48237,56.26326],[14.48237,56.26327],[14.48237,56.26327],[14.48247,56.26329],[14.48254,56.26335],[14.4828,56.2635],[14.48305,56.26368],[14.48317,56.26389],[14.48324,56.26394],[14.48141,56.2642],[14.48141,56.26414]],[[14.48659,56.28511],[14.48671,56.28498],[14.48674,56.28485],[14.4869,56.28462],[14.48716,56.28456],[14.48881,56.2853],[14.4894,56.28538],[14.48963,56.28552],[14.48951,56.28556],[14.48951,56.28556],[14.48951,56.28556],[14.48951,56.28556],[14.48951,56.28556],[14.491,56.28599],[14.49157,56.28742],[14.49058,56.28781],[14.48977,56.28813],[14.48927,56.28806],[14.48906,56.28801],[14.48906,56.28801],[14.48906,56.28801],[14.48898,56.28809],[14.48897,56.28843],[14.48869,56.28845],[14.4886,56.28832],[14.48856,56.28814],[14.48859,56.28809],[14.48857,56.28769],[14.48852,56.28761],[14.48859,56.28755],[14.4886,56.28742],[14.4886,56.28742],[14.48849,56.28738],[14.48846,56.28734],[14.48842,56.2872],[14.48842,56.2872],[14.48842,56.2872],[14.48842,56.2872],[14.48821,56.28723],[14.48786,56.28715],[14.48767,56.2871],[14.48787,56.28663],[14.48794,56.28636],[14.48772,56.2861],[14.48659,56.28511]],[[14.48705,56.26252],[14.48741,56.26242],[14.49381,56.26071],[14.49464,56.26048],[14.50126,56.2587],[14.50142,56.25892],[14.50142,56.25892],[14.50202,56.25895],[14.50246,56.25883],[14.50294,56.25872],[14.50411,56.25846],[14.50469,56.25916],[14.50469,56.25916],[14.5047,56.25916],[14.50757,56.25841],[14.50852,56.25828],[14.51089,56.25795],[14.51142,56.25788],[14.51229,56.25976],[14.50942,56.25989],[14.50788,56.25995],[14.50254,56.26154],[14.50201,56.26169],[14.50191,56.26172],[14.50154,56.26182],[14.50143,56.26184],[14.50134,56.26187],[14.49736,56.26295],[14.49726,56.26298],[14.49371,56.26398],[14.49255,56.26431],[14.49239,56.26428],[14.49231,56.26429],[14.49228,56.26427],[14.49228,56.26426],[14.49228,56.26426],[14.49225,56.26424],[14.49224,56.26424],[14.49224,56.26424],[14.49224,56.26424],[14.49223,56.26425],[14.4922,56.26423],[14.49221,56.26419],[14.49221,56.26419],[14.4921,56.26416],[14.49204,56.26407],[14.49193,56.264],[14.4918,56.26387],[14.49182,56.26385],[14.49182,56.26385],[14.4918,56.26382],[14.4918,56.26382],[14.49175,56.2638],[14.49171,56.26376],[14.49174,56.26374],[14.49174,56.26369],[14.49169,56.26363],[14.49158,56.26358],[14.49156,56.26351],[14.49149,56.26341],[14.4914,56.26333],[14.49135,56.26331],[14.49125,56.26326],[14.49108,56.26316],[14.49095,56.26304],[14.4909,56.26289],[14.49087,56.26285],[14.49087,56.26285],[14.49087,56.26285],[14.49087,56.26285],[14.49077,56.26294],[14.49068,56.26304],[14.49058,56.26314],[14.49045,56.26327],[14.4904,56.26329],[14.49018,56.26327],[14.48988,56.26324],[14.48988,56.26324],[14.48988,56.26324],[14.48988,56.26324],[14.48988,56.26325],[14.48978,56.26326],[14.48974,56.26326],[14.48971,56.26326],[14.48967,56.26327],[14.48961,56.26328],[14.48956,56.26331],[14.48956,56.26332],[14.48955,56.26332],[14.48953,56.26332],[14.4895,56.26332],[14.48948,56.26332],[14.48946,56.26332],[14.48944,56.26332],[14.48942,56.26333],[14.4894,56.26335],[14.48939,56.26335],[14.48937,56.26333],[14.48937,56.26333],[14.48937,56.26333],[14.48934,56.26334],[14.48932,56.26334],[14.48929,56.26334],[14.48926,56.26334],[14.48924,56.26335],[14.48923,56.26336],[14.48921,56.26337],[14.48917,56.26339],[14.48912,56.2634],[14.48912,56.2634],[14.48911,56.26342],[14.48885,56.26346],[14.48874,56.26354],[14.48859,56.26358],[14.48854,56.26354],[14.48854,56.2635],[14.48854,56.2635],[14.48854,56.2635],[14.48832,56.26348],[14.48803,56.26349],[14.48801,56.26327],[14.48801,56.26327],[14.48721,56.26275],[14.48705,56.26252]]]},"properties":{"NVRID":"2000038","NAMN":"Halen","SKYDDSTYP":"Naturreservat","LAN":"Blekinge Län","KOMMUN":"Olofström","IUCNKATEGORI":"IV, Habitat/Artskyddsområde (Habitat/Species Management Area)","FORVALTARE":"Länsstyrelsen i Blekinge län","AREA_HA":807.633,"URSPR_BESLUTSDATUM":"1986-12-15"}},{"type":"Feature","geometry":{"type":"Polygon","coordinates":[[[14.98188,56.17232],[14.98171,56.17235],[14.98171,56.17235],[14.98171,56.17235],[14.98171,56.17235],[14.98186,56.17239],[14.98202,56.17242],[14.98242,56.17246],[14.98269,56.17248],[14.98279,56.1725],[14.98328,56.17261],[14.98328,56.17261],[14.98328,56.17261],[14.98341,56.1725],[14.98357,56.17236],[14.98367,56.17229],[14.98384,56.17224],[14.98384,56.17224],[14.98397,56.17206],[14.98406,56.17188],[14.98427,56.17149],[14.98429,56.17134],[14.98475,56.17125],[14.98557,56.17095],[14.98583,56.17075],[14.98585,56.17066],[14.98648,56.17046],[14.98677,56.17022],[14.98702,56.1702],[14.98766,56.17021],[14.98796,56.17016],[14.98868,56.16995],[14.98914,56.16955],[14.98943,56.16936],[14.98964,56.16906],[14.98961,56.16878],[14.98979,56.16858],[14.9899,56.16844],[14.99016,56.16796],[14.99017,56.16791],[14.99017,56.16785],[14.99112,56.16723],[14.99129,56.16671],[14.99168,56.1665],[14.99232,56.16615],[14.99302,56.16591],[14.99321,56.16591],[14.99346,56.16616],[14.99346,56.16616],[14.99384,56.16624],[14.99384,56.16627],[14.99384,56.16627],[14.99385,56.16628],[14.99385,56.16628],[14.99385,56.16628],[14.99385,56.16628],[14.99427,56.16639],[14.99494,56.16653],[14.99559,56.16677],[14.99719,56.16724],[14.99743,56.16752],[14.99743,56.16752],[14.99743,56.16752],[14.99833,56.16763],[14.99833,56.16763],[14.99845,56.1676],[14.99845,56.1676],[14.99846,56.1676],[14.99844,56.16755],[14.99865,56.16727],[14.99938,56.16696],[14.99938,56.16696],[14.99923,56.16668],[14.99927,56.16659],[14.9996,56.16638],[15.00002,56.16592],[15.0006,56.16572],[15.00084,56.1654],[15.00091,56.16538],[15.00091,56.16538],[15.00091,56.16538],[15.00082,56.16504],[15.00038,56.16472],[15.00037,56.16472],[14.99951,56.16472],[14.99937,56.16473],[14.99899,56.16466],[14.999,56.16464],[14.99901,56.16461],[14.99901,56.16461],[14.99877,56.16446],[14.99791,56.16425],[14.99761,56.16413],[14.99748,56.16375],[14.99707,56.16348],[14.99673,56.16258],[14.99702,56.16199],[14.99709,56.16192],[14.99706,56.16175],[14.99733,56.16145],[14.99748,56.16103],[14.99745,56.16085],[14.99745,56.16085],[14.99685,56.16031],[14.99657,56.15992],[14.99637,56.1597],[14.99628,56.15956],[14.99608,56.15939],[14.99597,56.15912],[14.996,56.15909],[14.99663,56.15894],[14.99679,56.15875],[14.9969,56.15871],[14.99703,56.15849],[14.99713,56.15838],[14.997,56.15777],[14.99676,56.15739],[14.99677,56.15734],[14.99713,56.15717],[14.99747,56.15707],[14.99798,56.15688],[14.99843,56.15676],[14.99869,56.15679],[14.99877,56.15679],[14.99923,56.15668],[14.99994,56.15646],[15.00037,56.15616],[15.00084,56.15602],[15.00116,56.15597],[15.00171,56.15584],[15.00239,56.15567],[15.00299,56.15539],[15.0035,56.15526],[15.00396,56.15512],[15.00423,56.15511],[15.00533,56.15493],[15.00563,56.15478],[15.00595,56.15441],[15.0072,56.15383],[15.00728,56.15377],[15.00744,56.15351],[15.00759,56.1534],[15.00793,56.15335],[15.00875,56.15317],[15.00909,56.15318],[15.00987,56.15332],[15.00987,56.15332],[15.0105,56.15302],[15.01097,56.15299],[15.01102,56.15299],[15.01151,56.15338],[15.01136,56.15357],[15.01136,56.15357],[15.01155,56.15421],[15.01174,56.15445],[15.01179,56.1546],[15.01179,56.1546],[15.01179,56.1546],[15.0123,56.15463],[15.0123,56.15463],[15.01314,56.15425],[15.01322,56.15425],[15.01482,56.15472],[15.01519,56.15474],[15.0159,56.1547],[15.0159,56.15469],[15.01594,56.15457],[15.01679,56.15411],[15.01679,56.15411],[15.01679,56.15411],[15.01653,56.15361],[15.0164,56.15308],[15.01677,56.15274],[15.01677,56.15274],[15.01647,56.15236],[15.01616,56.15201],[15.01585,56.15176],[15.01587,56.15171],[15.01625,56.1515],[15.01657,56.15123],[15.01735,56.15115],[15.01784,56.15125],[15.0182,56.15121],[15.01843,56.15122],[15.01897,56.15152],[15.01926,56.15155],[15.01967,56.15151],[15.02066,56.15168],[15.0214,56.15162],[15.02247,56.15179],[15.02283,56.15178],[15.02301,56.15166],[15.02307,56.15166],[15.02374,56.15183],[15.02408,56.15195],[15.02471,56.15206],[15.02499,56.15235],[15.02524,56.15264],[15.02527,56.15296],[15.02527,56.15296],[15.02565,56.15321],[15.02565,56.15321],[15.02689,56.15311],[15.02695,56.15313],[15.02733,56.15357],[15.0275,56.15383],[15.02786,56.15442],[15.02785,56.15462],[15.02775,56.15478],[15.02745,56.15492],[15.02735,56.15503],[15.02695,56.15526],[15.02649,56.15639],[15.02569,56.15704],[15.0252,56.15761],[15.0248,56.15794],[15.02478,56.15797],[15.02478,56.15797],[15.02478,56.15826],[15.02425,56.15871],[15.02379,56.15887],[15.02346,56.15885],[15.02288,56.15882],[15.02224,56.15899],[15.02205,56.15898],[15.02173,56.15892],[15.0214,56.15889],[15.02098,56.15888],[15.02037,56.15892],[15.02037,56.15892],[15.02015,56.15905],[15.02015,56.15905],[15.02019,56.15972],[15.02019,56.15972],[15.02019,56.15972],[15.02049,56.1598],[15.02067,56.15983],[15.02144,56.15989],[15.02201,56.16009],[15.02248,56.16016],[15.02357,56.16016],[15.02405,56.16021],[15.02439,56.16037],[15.02473,56.16044],[15.02489,56.16054],[15.02491,56.16056],[15.02482,56.16074],[15.0245,56.16088],[15.0245,56.16088],[15.02448,56.16096],[15.02474,56.16149],[15.02474,56.16149],[15.02474,56.16149],[15.02486,56.16152],[15.02486,56.16152],[15.02555,56.16148],[15.0266,56.16133],[15.0266,56.16133],[15.02725,56.16099],[15.02789,56.16106],[15.02827,56.16144],[15.02844,56.1616],[15.02871,56.16169],[15.02907,56.16182],[15.02934,56.16194],[15.0295,56.1621],[15.02943,56.16238],[15.02949,56.16254],[15.02945,56.16275],[15.0293,56.16295],[15.02894,56.16321],[15.02877,56.1632],[15.02837,56.16322],[15.02836,56.16322],[15.02805,56.16345],[15.02779,56.16361],[15.02774,56.16385],[15.02754,56.16392],[15.02754,56.16392],[15.02752,56.16398],[15.02758,56.16409],[15.02719,56.16435],[15.02671,56.16453],[15.02671,56.16453],[15.02671,56.16454],[15.02731,56.16584],[15.02731,56.16584],[15.02736,56.16586],[15.02756,56.16627],[15.02762,56.16634],[15.02762,56.16634],[15.02785,56.16642],[15.02796,56.16643],[15.02809,56.16655],[15.02827,56.16666],[15.02843,56.16679],[15.02893,56.16689],[15.02933,56.16694],[15.02975,56.16727],[15.02947,56.16793],[15.02894,56.16814],[15.02863,56.16848],[15.02818,56.1689],[15.02819,56.16906],[15.02782,56.16925],[15.02766,56.16933],[15.02715,56.16961],[15.02675,56.16983],[15.02661,56.17005],[15.02661,56.17005],[15.02671,56.17011],[15.02674,56.1703],[15.02674,56.17033],[15.02575,56.17061],[15.02539,56.1708],[15.02539,56.1708],[15.02536,56.17092],[15.02485,56.17118],[15.02443,56.17155],[15.02391,56.17182],[15.02277,56.17214],[15.02248,56.17227],[15.02164,56.17236],[15.02164,56.17236],[15.02164,56.17236],[15.02162,56.17239],[15.02111,56.17241],[15.02089,56.17251],[15.02089,56.17251],[15.02083,56.1728],[15.02066,56.17286],[15.02066,56.17286],[15.0205,56.17309],[15.02056,56.17332],[15.02053,56.17352],[15.02061,56.1738],[15.02052,56.17395],[15.02052,56.17395],[15.02062,56.17437],[15.02038,56.17475],[15.02016,56.17493],[15.0199,56.17545],[15.02008,56.17614],[15.0198,56.17671],[15.01993,56.17696],[15.01976,56.17725],[15.0193,56.17775],[15.01893,56.17797],[15.01849,56.1784],[15.01833,56.17869],[15.01759,56.17929],[15.0173,56.17964],[15.01708,56.17974],[15.01681,56.18014],[15.01628,56.18048],[15.0161,56.18076],[15.01571,56.18099],[15.01532,56.1812],[15.01442,56.18168],[15.0138,56.18195],[15.01312,56.18212],[15.01261,56.18241],[15.01209,56.18264],[15.01209,56.18264],[15.01185,56.18296],[15.01142,56.18306],[15.01114,56.1831],[15.01089,56.18306],[15.01089,56.18306],[15.01031,56.18339],[15.01031,56.18339],[15.0103,56.18369],[15.00992,56.18392],[15.00967,56.18412],[15.00897,56.18455],[15.00874,56.18489],[15.00861,56.18502],[15.00805,56.18531],[15.0079,56.18563],[15.00743,56.18589],[15.00706,56.186],[15.00691,56.18606],[15.00664,56.18623],[15.00664,56.18623],[15.00663,56.18643],[15.0066,56.18653],[15.00641,56.18671],[15.00609,56.18691],[15.00593,56.18702],[15.00582,56.18715],[15.00535,56.18746],[15.00535,56.18746],[15.00535,56.18746],[15.00535,56.18746],[15.00535,56.18746],[15.00705,56.18751],[15.0071,56.18751],[15.0071,56.18751],[15.0071,56.18751],[15.00732,56.18724],[15.00753,56.18704],[15.0077,56.18689],[15.00792,56.18674],[15.00823,56.18662],[15.00835,56.18656],[15.0088,56.18638],[15.00919,56.18631],[15.00928,56.18628],[15.00942,56.18621],[15.00947,56.18613],[15.00957,56.18606],[15.00967,56.18604],[15.00975,56.18602],[15.0098,56.18596],[15.00983,56.18589],[15.00991,56.18582],[15.00997,56.18579],[15.01002,56.18576],[15.01009,56.18574],[15.01018,56.18569],[15.01024,56.18567],[15.01029,56.18568],[15.01043,56.18572],[15.01047,56.18573],[15.01047,56.18573],[15.0105,56.18572],[15.0105,56.18572],[15.01053,56.18568],[15.01056,56.18562],[15.0106,56.18557],[15.01068,56.18554],[15.01077,56.18553],[15.011,56.18553],[15.01112,56.1855],[15.0114,56.18544],[15.0114,56.18543],[15.01193,56.1842],[15.01497,56.18351],[15.01899,56.18274],[15.02312,56.17842],[15.02312,56.17842],[15.02182,56.17679],[15.0238,56.17358],[15.02798,56.17219],[15.03138,56.17201],[15.03535,56.17122],[15.04033,56.16724],[15.04103,56.16388],[15.03922,56.15985],[15.03921,56.15985],[15.03172,56.15954],[15.02893,56.15893],[15.02781,56.15768],[15.03057,56.15456],[15.03422,56.15189],[15.035,56.15111],[15.03518,56.15056],[15.03638,56.14878],[15.03659,56.14778],[15.03625,56.14687],[15.03549,56.14614],[15.03447,56.14548],[15.03291,56.14479],[15.03079,56.14429],[15.02905,56.14426],[15.02772,56.14446],[15.02718,56.14478],[15.02208,56.14938],[15.01665,56.14868],[15.01252,56.15007],[15.00878,56.15078],[15.00576,56.15104],[15.00072,56.15028],[14.99905,56.15004],[14.99148,56.15113],[14.99148,56.15113],[14.98836,56.15734],[14.99023,56.16142],[14.98814,56.16367],[14.98744,56.16556],[14.98319,56.1679],[14.981,56.17015],[14.981,56.17015],[14.98212,56.17157],[14.98188,56.17232]],[[14.99991,56.16525],[15.00029,56.16517],[15.00062,56.16532],[15.00048,56.16541],[14.99998,56.16543],[14.99991,56.16525]],[[15.02019,56.17499],[15.0207,56.17485],[15.02098,56.17503],[15.0204,56.17516],[15.02019,56.17499]],[[15.01097,56.15273],[15.01141,56.15261],[15.01159,56.15288],[15.01117,56.15298],[15.01097,56.15273]],[[15.02849,56.16662],[15.02854,56.16631],[15.02882,56.16633],[15.02909,56.16645],[15.02906,56.16658],[15.02861,56.16668],[15.02849,56.16662]],[[15.03351,56.16595],[15.03387,56.16583],[15.03414,56.16559],[15.03474,56.16565],[15.03441,56.16607],[15.03353,56.166],[15.03351,56.16595]],[[15.0277,56.16396],[15.02867,56.16367],[15.0289,56.16391],[15.0289,56.16394],[15.02883,56.16399],[15.02873,56.16405],[15.02858,56.16414],[15.02846,56.16419],[15.02836,56.16422],[15.02832,56.16416],[15.02832,56.16416],[15.02832,56.16416],[15.02822,56.16417],[15.02821,56.16417],[15.02821,56.16418],[15.02825,56.16424],[15.02811,56.16425],[15.02795,56.16428],[15.02789,56.16429],[15.02778,56.16431],[15.02774,56.16432],[15.0277,56.16396]],[[14.98307,56.17053],[14.98322,56.17043],[14.98334,56.17036],[14.98338,56.17029],[14.98346,56.17025],[14.98351,56.17021],[14.98351,56.17021],[14.98349,56.17019],[14.98356,56.17016],[14.98356,56.17016],[14.98356,56.17016],[14.98355,56.1701],[14.98363,56.16997],[14.98363,56.16992],[14.98363,56.16992],[14.98357,56.16988],[14.98351,56.16988],[14.98351,56.16983],[14.98366,56.16987],[14.98366,56.16987],[14.98366,56.16987],[14.98371,56.16985],[14.98378,56.16982],[14.98384,56.1698],[14.98389,56.16979],[14.98423,56.16982],[14.98418,56.17014],[14.98405,56.17016],[14.98405,56.17016],[14.98401,56.17031],[14.98409,56.17063],[14.98362,56.17066],[14.98341,56.17064],[14.98307,56.17053]]]},"properties":{"NVRID":"2000053","NAMN":"Eriksbergs stränder","SKYDDSTYP":"Naturreservat","LAN":"Blekinge Län","KOMMUN":"Karlshamn","IUCNKATEGORI":"IV, Habitat/Artskyddsområde (Habitat/Species Management Area)","FORVALTARE":"Länsstyrelsen i Blekinge län","AREA_HA":410.33,"URSPR_BESLUTSDATUM":"1976-10-04"}},{"type":"Feature","geometry":{"type":"Polygon","coordinates":[[[15.64781,56.20187],[15.64782,56.2021],[15.64785,56.20231],[15.64785,56.20235],[15.64786,56.20257],[15.64787,56.20277],[15.64789,56.20283],[15.64792,56.20294],[15.64795,56.203],[15.64797,56.20311],[15.648,56.2032],[15.64805,56.20328],[15.6481,56.20337],[15.64816,56.20344],[15.64832,56.20359],[15.64836,56.20362],[15.64846,56.20368],[15.64846,56.20368],[15.64851,56.20368],[15.64858,56.20368],[15.64926,56.20366],[15.64956,56.20385],[15.64963,56.20388],[15.65002,56.20396],[15.65014,56.20397],[15.65038,56.20398],[15.65073,56.20401],[15.65076,56.204],[15.65076,56.204],[15.65088,56.20391],[15.65093,56.20383],[15.65097,56.20379],[15.65106,56.20376],[15.65117,56.20375],[15.65126,56.20378],[15.65134,56.20387],[15.65145,56.20395],[15.6517,56.20408],[15.6517,56.20408],[15.65266,56.20383],[15.65421,56.20357],[15.65421,56.20357],[15.65422,56.20357],[15.65421,56.20357],[15.65405,56.20341],[15.65389,56.20324],[15.65326,56.20253],[15.65285,56.20054],[15.65285,56.20054],[15.65285,56.20054],[15.65228,56.20056],[15.65224,56.20029],[15.65171,56.20005],[15.65071,56.20011],[15.65063,56.19964],[15.65063,56.19964],[15.65063,56.19964],[15.65062,56.19964],[15.65053,56.19965],[15.64943,56.2],[15.64924,56.2001],[15.64835,56.20051],[15.64821,56.20078],[15.648,56.20127],[15.64791,56.20144],[15.64785,56.20155],[15.64783,56.2016],[15.64782,56.20165],[15.64781,56.20174],[15.64781,56.20187]]]},"properties":{"NVRID":"2000049","NAMN":"Ekebacken","SKYDDSTYP":"Naturreservat","LAN":"Blekinge Län","KOMMUN":"Karlskrona","IUCNKATEGORI":"IV, Habitat/Artskyddsområde (Habitat/Species Management Area)","FORVALTARE":"Karlskrona kommun","AREA_HA":13.43,"URSPR_BESLUTSDATUM":"1969-09-12"}},{"type":"Feature","geometry":{"type":"Polygon","coordinates":[[[14.55283,56.06323],[14.55312,56.06337],[14.55306,56.06341],[14.55306,56.06341],[14.55306,56.06341],[14.55373,56.06376],[14.55373,56.06376],[14.55406,56.06374],[14.55427,56.0637],[14.55459,56.06371],[14.55545,56.06367],[14.55545,56.06367],[14.55554,56.06364],[14.55578,56.06345],[14.55582,56.06343],[14.55601,56.06328],[14.55607,56.06323],[14.55633,56.0631],[14.55645,56.06304],[14.55658,56.06297],[14.55658,56.06297],[14.55658,56.06297],[14.55582,56.06218],[14.55561,56.06196],[14.55542,56.06177],[14.55542,56.06177],[14.55542,56.06177],[14.55499,56.06182],[14.55463,56.06186],[14.55414,56.06192],[14.55414,56.06192],[14.5537,56.06222],[14.55356,56.06231],[14.55312,56.06211],[14.55312,56.06211],[14.55312,56.06211],[14.55274,56.06228],[14.55242,56.06263],[14.55239,56.06266],[14.55233,56.06271],[14.55219,56.06283],[14.55209,56.06293],[14.55194,56.06306],[14.55194,56.06306],[14.55194,56.06306],[14.55194,56.06306],[14.55275,56.06331],[14.55275,56.06331],[14.55275,56.06331],[14.55283,56.06323]]]},"properties":{"NVRID":"2060802","NAMN":"Hjalmar Sterns park","SKYDDSTYP":"Naturreservat","LAN":"Blekinge Län","KOMMUN":"Sölvesborg","IUCNKATEGORI":"IV, Habitat/Artskyddsområde (Habitat/Species Management Area)","FORVALTARE":"Sölvesborgs kommun","AREA_HA":4.027,"URSPR_BESLUTSDATUM":"2023-04-24"}},{"type":"Feature","geometry":{"type":"Polygon","coordinates":[[[14.7411,56.01674],[14.74024,56.01709],[14.74012,56.01714],[14.74012,56.01714],[14.74011,56.01714],[14.74133,56.01829],[14.74242,56.0193],[14.74273,56.02006],[14.74317,56.02077],[14.74434,56.02224],[14.74348,56.02254],[14.74348,56.02254],[14.74348,56.02254],[14.74362,56.02322],[14.74408,56.02374],[14.74444,56.02411],[14.74466,56.0243],[14.74489,56.02449],[14.74569,56.0252],[14.74656,56.02599],[14.74697,56.02637],[14.74086,56.02824],[14.74071,56.02828],[14.74071,56.02828],[14.74071,56.02828],[14.74116,56.03082],[14.74098,56.03087],[14.73838,56.03158],[14.73838,56.03158],[14.73838,56.03158],[14.73853,56.03191],[14.73853,56.03191],[14.73853,56.03191],[14.74126,56.03118],[14.74136,56.03131],[14.74137,56.03141],[14.74134,56.03149],[14.74133,56.03158],[14.74147,56.03218],[14.74001,56.03256],[14.73884,56.03286],[14.73884,56.03286],[14.73884,56.03286],[14.73884,56.03286],[14.73921,56.03339],[14.73947,56.03366],[14.73947,56.03366],[14.73947,56.03366],[14.74727,56.03169],[14.74728,56.03169],[14.74728,56.03169],[14.74651,56.03076],[14.74583,56.02996],[14.74726,56.02957],[14.74944,56.02898],[14.75014,56.02981],[14.74919,56.03121],[14.74919,56.03121],[14.74943,56.03147],[14.74912,56.03155],[14.74912,56.03155],[14.74912,56.03155],[14.74982,56.03252],[14.75012,56.03296],[14.75012,56.03296],[14.75012,56.03296],[14.75015,56.03295],[14.75142,56.03266],[14.75174,56.03294],[14.75174,56.03294],[14.75174,56.03294],[14.75234,56.0328],[14.75253,56.0331],[14.75253,56.0331],[14.75253,56.0331],[14.75285,56.03303],[14.75319,56.03341],[14.75319,56.03341],[14.75319,56.03341],[14.7535,56.03335],[14.75473,56.03307],[14.75516,56.0337],[14.75557,56.03431],[14.75591,56.03478],[14.75591,56.03478],[14.75591,56.03478],[14.75591,56.03478],[14.75869,56.03417],[14.75925,56.03495],[14.75947,56.03528],[14.75873,56.03544],[14.75873,56.03544],[14.75873,56.03544],[14.75901,56.03627],[14.75926,56.03705],[14.75893,56.03711],[14.75893,56.03712],[14.75893,56.03712],[14.75959,56.03782],[14.75959,56.03782],[14.75959,56.03782],[14.76047,56.03764],[14.76118,56.03792],[14.76118,56.03792],[14.76118,56.03792],[14.76349,56.03744],[14.76395,56.03735],[14.76474,56.03719],[14.76576,56.03698],[14.76701,56.03672],[14.76749,56.03662],[14.76771,56.03657],[14.76832,56.03645],[14.76892,56.03632],[14.76908,56.03661],[14.76916,56.03674],[14.76934,56.03684],[14.76942,56.03689],[14.76983,56.03711],[14.77027,56.03735],[14.77076,56.03762],[14.77092,56.03803],[14.77092,56.03803],[14.77092,56.03803],[14.77133,56.03798],[14.77175,56.03792],[14.77256,56.03782],[14.77342,56.0377],[14.77411,56.03762],[14.77451,56.03757],[14.77499,56.0375],[14.77557,56.03743],[14.77557,56.03743],[14.77557,56.03743],[14.77532,56.03684],[14.7755,56.03681],[14.7764,56.03695],[14.77614,56.03735],[14.77614,56.03735],[14.77614,56.03735],[14.77614,56.03735],[14.77674,56.03728],[14.77676,56.03728],[14.77676,56.03728],[14.77676,56.03728],[14.77676,56.03727],[14.77665,56.037],[14.7775,56.03701],[14.77751,56.03703],[14.77751,56.03705],[14.7775,56.03707],[14.7775,56.03708],[14.77751,56.03711],[14.77751,56.03712],[14.7775,56.03714],[14.77749,56.03715],[14.77749,56.03716],[14.77749,56.03717],[14.77749,56.03718],[14.77749,56.03718],[14.77749,56.03718],[14.77749,56.03718],[14.77762,56.03716],[14.78156,56.03851],[14.78156,56.03851],[14.78156,56.03851],[14.78212,56.03827],[14.78291,56.03798],[14.78352,56.0377],[14.78387,56.03753],[14.78427,56.03743],[14.78473,56.03731],[14.78481,56.03727],[14.78512,56.03705],[14.78552,56.03675],[14.78584,56.03646],[14.78612,56.03615],[14.78625,56.03595],[14.78631,56.03577],[14.78633,56.03557],[14.78634,56.03523],[14.78638,56.03489],[14.78635,56.03452],[14.78628,56.03418],[14.78607,56.03382],[14.78574,56.03333],[14.78526,56.03287],[14.78478,56.03242],[14.78416,56.03179],[14.78366,56.03131],[14.78325,56.03098],[14.78288,56.03059],[14.78264,56.03033],[14.78217,56.02997],[14.78167,56.02952],[14.78125,56.02907],[14.78082,56.02862],[14.7805,56.02829],[14.7801,56.02793],[14.77975,56.02759],[14.77937,56.02727],[14.77905,56.02697],[14.77866,56.02659],[14.77835,56.02624],[14.77813,56.02595],[14.77807,56.02577],[14.77802,56.02546],[14.77791,56.0252],[14.77765,56.02489],[14.77746,56.02461],[14.77731,56.02427],[14.7772,56.024],[14.77697,56.02364],[14.77668,56.02327],[14.77641,56.02288],[14.77597,56.02234],[14.77559,56.02191],[14.77516,56.02136],[14.77472,56.02088],[14.77436,56.02048],[14.77411,56.02024],[14.77375,56.01998],[14.77311,56.01962],[14.77253,56.01929],[14.77181,56.01893],[14.77105,56.01848],[14.77036,56.01803],[14.76981,56.01776],[14.76894,56.01749],[14.76844,56.01732],[14.76804,56.01715],[14.76745,56.01673],[14.76669,56.01623],[14.766,56.01582],[14.7656,56.01554],[14.76498,56.01511],[14.76436,56.01468],[14.76395,56.01438],[14.76343,56.01405],[14.76328,56.01384],[14.76311,56.01375],[14.76287,56.01368],[14.76246,56.01349],[14.7619,56.01322],[14.7614,56.01284],[14.76107,56.0125],[14.76074,56.01216],[14.76027,56.01167],[14.75981,56.01125],[14.75944,56.01098],[14.75903,56.01072],[14.75861,56.01045],[14.75819,56.01007],[14.75783,56.00971],[14.75749,56.00932],[14.75719,56.00891],[14.75678,56.00853],[14.75638,56.00822],[14.75563,56.00782],[14.75455,56.00727],[14.75359,56.00681],[14.75271,56.00647],[14.75169,56.00609],[14.75079,56.00589],[14.74994,56.0057],[14.74994,56.0057],[14.74994,56.0057],[14.74778,56.00813],[14.7433,56.00964],[14.74323,56.00967],[14.74224,56.00898],[14.74142,56.0084],[14.74142,56.0084],[14.74127,56.00839],[14.74032,56.0082],[14.74005,56.00816],[14.73992,56.00816],[14.73982,56.00817],[14.73966,56.00821],[14.73948,56.00826],[14.73928,56.00832],[14.7391,56.00836],[14.73894,56.00837],[14.73882,56.00836],[14.73882,56.00836],[14.73408,56.01053],[14.73408,56.01053],[14.73408,56.01053],[14.73445,56.01079],[14.7349,56.0111],[14.73914,56.01402],[14.73953,56.01429],[14.7411,56.01674]],[[14.76488,56.03283],[14.765,56.03281],[14.76522,56.03292],[14.76504,56.03304],[14.76494,56.03298],[14.76488,56.03283]],[[14.76566,56.03281],[14.7659,56.03268],[14.76607,56.03282],[14.76587,56.03292],[14.76566,56.03281]]]},"properties":{"NVRID":"2000100","NAMN":"Listershuvud","SKYDDSTYP":"Naturreservat","LAN":"Blekinge Län","KOMMUN":"Sölvesborg","IUCNKATEGORI":"IV, Habitat/Artskyddsområde (Habitat/Species Management Area)","FORVALTARE":"Länsstyrelsen i Blekinge län","AREA_HA":617.29,"URSPR_BESLUTSDATUM":"1993-09-20"}},{"type":"Feature","geometry":{"type":"Polygon","coordinates":[[[15.32914,56.30905],[15.32942,56.30898],[15.32983,56.30883],[15.33029,56.30959],[15.33029,56.30959],[15.33029,56.30959],[15.33029,56.30959],[15.33168,56.30912],[15.33239,56.30916],[15.33269,56.30913],[15.33266,56.30936],[15.33212,56.30973],[15.3311,56.31011],[15.33091,56.31077],[15.33091,56.31077],[15.33092,56.31077],[15.33245,56.31051],[15.33388,56.31025],[15.33388,56.31025],[15.33388,56.31025],[15.33387,56.30985],[15.33395,56.30971],[15.33402,56.30962],[15.3341,56.30955],[15.33422,56.30949],[15.3344,56.30944],[15.33473,56.30939],[15.33496,56.30935],[15.3351,56.30931],[15.33541,56.30919],[15.33562,56.30915],[15.33602,56.3091],[15.33625,56.30908],[15.33639,56.30907],[15.33682,56.30908],[15.33693,56.30907],[15.33703,56.30905],[15.33756,56.30923],[15.33791,56.3095],[15.33791,56.3095],[15.3382,56.30945],[15.33894,56.3093],[15.33894,56.3093],[15.33904,56.30917],[15.33956,56.30852],[15.34012,56.3078],[15.34018,56.30771],[15.34044,56.30739],[15.34065,56.30714],[15.34065,56.30714],[15.34018,56.30675],[15.3404,56.30664],[15.34081,56.30665],[15.34081,56.30665],[15.34104,56.30652],[15.34118,56.30645],[15.34135,56.30619],[15.34135,56.30619],[15.34133,56.30614],[15.3412,56.30595],[15.34109,56.30583],[15.34117,56.30565],[15.34135,56.30556],[15.34179,56.30539],[15.34193,56.30531],[15.34211,56.30526],[15.34233,56.30513],[15.34269,56.30502],[15.34295,56.30487],[15.34324,56.30479],[15.34363,56.30464],[15.34402,56.30453],[15.34433,56.30446],[15.34464,56.3044],[15.34491,56.30432],[15.34502,56.30429],[15.34575,56.30412],[15.34634,56.30415],[15.34693,56.30413],[15.34705,56.30409],[15.34732,56.30404],[15.34783,56.30403],[15.34805,56.30407],[15.34864,56.30403],[15.3491,56.30397],[15.34938,56.30385],[15.34961,56.30375],[15.34961,56.30375],[15.3496,56.30369],[15.34958,56.30366],[15.34958,56.30366],[15.34882,56.30342],[15.34818,56.30317],[15.34818,56.30317],[15.34818,56.30317],[15.34747,56.30337],[15.3467,56.3035],[15.34595,56.30355],[15.34556,56.30355],[15.34503,56.30349],[15.34432,56.3035],[15.3442,56.30349],[15.34419,56.30345],[15.34419,56.30345],[15.34419,56.30345],[15.3439,56.30343],[15.34352,56.30325],[15.34326,56.30314],[15.34292,56.30286],[15.34267,56.30252],[15.34328,56.30224],[15.34402,56.30197],[15.34438,56.30182],[15.34439,56.30182],[15.34439,56.30182],[15.34401,56.30153],[15.34373,56.30125],[15.34353,56.30103],[15.34344,56.30092],[15.34373,56.30069],[15.34428,56.30037],[15.3444,56.30026],[15.34456,56.30016],[15.34466,56.29995],[15.34504,56.2997],[15.34523,56.2996],[15.34526,56.29957],[15.34538,56.2993],[15.34554,56.29915],[15.34568,56.29902],[15.34577,56.29896],[15.34603,56.29898],[15.34624,56.29922],[15.34664,56.29932],[15.34681,56.29951],[15.34716,56.29969],[15.34716,56.29969],[15.34787,56.29965],[15.34848,56.29948],[15.34902,56.29941],[15.3493,56.2994],[15.34958,56.29954],[15.34982,56.2997],[15.35048,56.29983],[15.35131,56.30004],[15.35132,56.30004],[15.35159,56.29994],[15.35182,56.29989],[15.35247,56.2999],[15.35283,56.29985],[15.35283,56.29985],[15.35335,56.29961],[15.35376,56.29961],[15.35426,56.29973],[15.35474,56.29986],[15.35527,56.29991],[15.35536,56.29995],[15.35537,56.29996],[15.35537,56.29996],[15.35537,56.29996],[15.35586,56.30001],[15.35591,56.30011],[15.35588,56.30017],[15.35589,56.30026],[15.35591,56.30049],[15.35597,56.3006],[15.35604,56.3008],[15.35617,56.30097],[15.3564,56.30129],[15.35647,56.30143],[15.35657,56.30152],[15.35675,56.30163],[15.3578,56.30274],[15.3578,56.30274],[15.3578,56.30274],[15.3578,56.30274],[15.36255,56.30107],[15.3642,56.30265],[15.3642,56.30265],[15.3642,56.30265],[15.3644,56.30255],[15.36458,56.30243],[15.36474,56.30231],[15.36485,56.30223],[15.36496,56.30202],[15.36505,56.30192],[15.36512,56.30184],[15.36522,56.30179],[15.36525,56.30178],[15.36544,56.30171],[15.36569,56.30165],[15.36592,56.30161],[15.36612,56.30153],[15.36625,56.30147],[15.36642,56.30136],[15.36657,56.30122],[15.36666,56.30108],[15.36673,56.30097],[15.36679,56.30089],[15.36689,56.30082],[15.3671,56.3007],[15.36737,56.30054],[15.36766,56.30033],[15.36791,56.30012],[15.36813,56.29989],[15.36828,56.29973],[15.36828,56.29973],[15.36828,56.29973],[15.36392,56.29749],[15.35773,56.29762],[15.35558,56.29767],[15.35464,56.29664],[15.35405,56.29576],[15.35401,56.29571],[15.35401,56.29552],[15.35411,56.29535],[15.35408,56.29515],[15.35413,56.29486],[15.35413,56.29486],[15.3514,56.29404],[15.3514,56.29404],[15.3514,56.29404],[15.35078,56.29434],[15.3498,56.2941],[15.34974,56.29365],[15.34974,56.29365],[15.34974,56.29365],[15.34973,56.29365],[15.34973,56.29365],[15.34914,56.2938],[15.34885,56.29393],[15.34851,56.29416],[15.34788,56.29432],[15.34716,56.29449],[15.34697,56.29446],[15.34697,56.29446],[15.34633,56.29463],[15.34547,56.29505],[15.34512,56.29511],[15.34469,56.2951],[15.34465,56.29511],[15.34465,56.29511],[15.34465,56.29511],[15.34472,56.29541],[15.34497,56.29569],[15.34506,56.2959],[15.34511,56.29626],[15.34514,56.29636],[15.34489,56.29647],[15.3444,56.29679],[15.34373,56.29689],[15.34373,56.2969],[15.34373,56.2969],[15.34373,56.2969],[15.34431,56.29788],[15.34422,56.298],[15.34408,56.29806],[15.34408,56.29806],[15.34414,56.29835],[15.34398,56.29848],[15.34346,56.29878],[15.34291,56.29892],[15.34257,56.29925],[15.3425,56.29928],[15.3421,56.29933],[15.34177,56.29953],[15.34152,56.29969],[15.34122,56.2998],[15.341,56.2999],[15.3405,56.30009],[15.33948,56.30031],[15.33918,56.30044],[15.3385,56.30061],[15.33777,56.3007],[15.33727,56.30083],[15.3365,56.30109],[15.3365,56.30109],[15.3365,56.30109],[15.3368,56.30155],[15.33674,56.3017],[15.33646,56.30191],[15.33618,56.302],[15.33569,56.30221],[15.33552,56.30237],[15.33504,56.3026],[15.33437,56.30295],[15.33399,56.30311],[15.33368,56.30328],[15.33303,56.3035],[15.33281,56.30354],[15.3321,56.30334],[15.33181,56.30323],[15.3314,56.30306],[15.3311,56.30285],[15.33107,56.30267],[15.33108,56.30245],[15.33087,56.30226],[15.33086,56.30226],[15.33059,56.30221],[15.33059,56.30221],[15.33059,56.30221],[15.33043,56.3023],[15.33031,56.30241],[15.32993,56.30243],[15.32954,56.30232],[15.32954,56.30232],[15.32934,56.3024],[15.32907,56.30216],[15.32886,56.30185],[15.32863,56.30163],[15.3286,56.30151],[15.32863,56.30124],[15.32844,56.30108],[15.32844,56.30108],[15.32844,56.30108],[15.32844,56.30108],[15.32783,56.3014],[15.32712,56.30172],[15.32565,56.30239],[15.32469,56.30284],[15.32407,56.30314],[15.32362,56.30335],[15.32362,56.30335],[15.32367,56.3036],[15.32372,56.3039],[15.32376,56.30411],[15.32388,56.30477],[15.32395,56.30511],[15.32402,56.30548],[15.32409,56.30585],[15.32439,56.30745],[15.32463,56.30875],[15.32482,56.30956],[15.32484,56.30971],[15.32493,56.31027],[15.32496,56.3104],[15.32496,56.3104],[15.32496,56.3104],[15.32716,56.31037],[15.32775,56.31029],[15.32886,56.31035],[15.32887,56.31035],[15.32986,56.3098],[15.32986,56.3098],[15.32986,56.3098],[15.32916,56.30923],[15.32914,56.30905]]]},"properties":{"NVRID":"2000037","NAMN":"Storemosse","SKYDDSTYP":"Naturreservat","LAN":"Blekinge Län","KOMMUN":"Ronneby","IUCNKATEGORI":"IV, Habitat/Artskyddsområde (Habitat/Species Management Area)","FORVALTARE":"Länsstyrelsen i Blekinge län","AREA_HA":172.578,"URSPR_BESLUTSDATUM":"1981-03-06"}},{"type":"Feature","geometry":{"type":"MultiPolygon","coordinates":[[[[14.97008,56.25433],[14.97005,56.25441],[14.97,56.25445],[14.97,56.25445],[14.97,56.25445],[14.97,56.25445],[14.97001,56.25445],[14.97895,56.25279],[14.97895,56.25279],[14.97919,56.25248],[14.97938,56.25233],[14.97938,56.25233],[14.97938,56.25233],[14.97938,56.25233],[14.9793,56.2523],[14.97908,56.2522],[14.97893,56.2521],[14.9788,56.252],[14.97858,56.25194],[14.97848,56.25185],[14.97832,56.25168],[14.9781,56.25157],[14.97797,56.25148],[14.97743,56.2512],[14.97706,56.25106],[14.97706,56.25106],[14.97672,56.25106],[14.97629,56.25105],[14.97586,56.25106],[14.97552,56.25108],[14.9752,56.25121],[14.97476,56.25137],[14.97441,56.25151],[14.97426,56.25158],[14.97413,56.25172],[14.97394,56.25184],[14.97382,56.25199],[14.97361,56.25212],[14.97331,56.25222],[14.97302,56.2523],[14.97276,56.25234],[14.97254,56.25234],[14.97219,56.25231],[14.972,56.25234],[14.9717,56.25243],[14.97132,56.25273],[14.97117,56.2528],[14.97112,56.25291],[14.97093,56.25305],[14.97068,56.2532],[14.97049,56.25323],[14.97035,56.25328],[14.97035,56.25328],[14.97031,56.25339],[14.97042,56.25352],[14.97045,56.25361],[14.97044,56.25373],[14.97039,56.2538],[14.97036,56.25391],[14.97028,56.25403],[14.97005,56.25411],[14.96986,56.25419],[14.96976,56.25422],[14.96976,56.25422],[14.96975,56.25429],[14.96975,56.25429],[14.96975,56.25429],[14.96976,56.25429],[14.97002,56.25428],[14.97008,56.25433]]],[[[14.96995,56.26252],[14.96995,56.26252],[14.96995,56.26252],[14.97856,56.26309],[14.97899,56.26311],[14.97948,56.26318],[14.98003,56.2633],[14.9805,56.26345],[14.9805,56.26345],[14.98051,56.26345],[14.98051,56.26345],[14.9805,56.26333],[14.98046,56.26325],[14.98019,56.26297],[14.98015,56.2629],[14.98014,56.26283],[14.98016,56.26277],[14.98049,56.26241],[14.98076,56.26218],[14.98084,56.26214],[14.98092,56.26213],[14.98092,56.26213],[14.98092,56.26213],[14.98067,56.26175],[14.98032,56.26161],[14.97988,56.26133],[14.97969,56.26116],[14.97939,56.26097],[14.97877,56.26068],[14.97824,56.26048],[14.97824,56.26048],[14.9774,56.26042],[14.97648,56.26016],[14.97545,56.25996],[14.97491,56.2598],[14.97469,56.25969],[14.97415,56.25957],[14.9734,56.25946],[14.97268,56.25939],[14.9721,56.25936],[14.9721,56.25936],[14.9721,56.25936],[14.97197,56.25998],[14.97184,56.26002],[14.97184,56.26003],[14.97174,56.26011],[14.9716,56.26034],[14.97142,56.26046],[14.97142,56.26046],[14.97142,56.26067],[14.97148,56.26079],[14.97122,56.26127],[14.97103,56.2614],[14.97059,56.26202],[14.97022,56.26228],[14.96997,56.26244],[14.96995,56.26252]]],[[[14.96671,56.26873],[14.96671,56.26873],[14.96671,56.26873],[14.96675,56.26873],[14.96698,56.26874],[14.96723,56.26876],[14.96734,56.26878],[14.96736,56.26881],[14.96736,56.26881],[14.96736,56.26881],[14.97225,56.26718],[14.97437,56.26646],[14.97689,56.2656],[14.97885,56.26493],[14.97885,56.26492],[14.97888,56.26487],[14.9793,56.26458],[14.97947,56.26443],[14.97955,56.26416],[14.97972,56.26393],[14.97989,56.26383],[14.98023,56.26373],[14.9804,56.26362],[14.9804,56.26362],[14.9804,56.26362],[14.98039,56.26362],[14.97988,56.26346],[14.97937,56.26335],[14.97892,56.26328],[14.97853,56.26327],[14.97853,56.26327],[14.96984,56.2627],[14.96984,56.2627],[14.96984,56.2627],[14.9698,56.26275],[14.96959,56.26297],[14.96922,56.26359],[14.96913,56.26375],[14.96892,56.26401],[14.96873,56.26458],[14.96857,56.26477],[14.96831,56.26504],[14.96783,56.26541],[14.96749,56.26556],[14.96703,56.26599],[14.96682,56.26627],[14.96659,56.26647],[14.96628,56.26684],[14.96623,56.26694],[14.96617,56.26726],[14.96597,56.26775],[14.96602,56.26785],[14.96637,56.26816],[14.96664,56.26841],[14.96667,56.26851],[14.96671,56.26873]]]]},"properties":{"NVRID":"2000077","NAMN":"Persgärde","SKYDDSTYP":"Naturreservat","LAN":"Blekinge Län","KOMMUN":"Karlshamn","IUCNKATEGORI":"IV, Habitat/Artskyddsområde (Habitat/Species Management Area)","FORVALTARE":"Länsstyrelsen i Blekinge län","AREA_HA":59.56,"URSPR_BESLUTSDATUM":"1996-12-19"}},{"type":"Feature","geometry":{"type":"Polygon","coordinates":[[[15.53639,56.16743],[15.53743,56.17023],[15.53743,56.17023],[15.54682,56.17273],[15.54682,56.17273],[15.54682,56.17273],[15.54713,56.17244],[15.54836,56.17109],[15.54915,56.1702],[15.54935,56.16997],[15.54954,56.16969],[15.55016,56.16879],[15.55068,56.16806],[15.55131,56.1671],[15.55167,56.16657],[15.5521,56.16577],[15.5523,56.1654],[15.5523,56.1654],[15.5523,56.1654],[15.54723,56.16397],[15.53955,56.16361],[15.5376,56.16361],[15.5376,56.16361],[15.5376,56.16361],[15.53709,56.16438],[15.53657,56.16565],[15.53639,56.16743]]]},"properties":{"NVRID":"2022092","NAMN":"Rollsö","SKYDDSTYP":"Naturreservat","LAN":"Blekinge Län","KOMMUN":"Karlskrona","IUCNKATEGORI":"0, Områden som ej kan klassificeras enligt IUCN: s system.","FORVALTARE":"Länsstyrelsen i Blekinge län","AREA_HA":71.216,"URSPR_BESLUTSDATUM":"2010-05-04"}},{"type":"Feature","geometry":{"type":"Polygon","coordinates":[[[14.83049,56.3599],[14.83049,56.3599],[14.83049,56.3599],[14.83369,56.35922],[14.8494,56.35588],[14.85042,56.35567],[14.8513,56.35548],[14.85213,56.3553],[14.85255,56.35521],[14.85374,56.35496],[14.85491,56.35471],[14.85616,56.35444],[14.85672,56.35432],[14.85952,56.35376],[14.86151,56.35252],[14.8618,56.35234],[14.86234,56.3523],[14.86241,56.35229],[14.86254,56.35228],[14.86254,56.35228],[14.86254,56.35228],[14.86251,56.35218],[14.86249,56.35213],[14.86249,56.35211],[14.86249,56.35208],[14.86252,56.35198],[14.86256,56.3518],[14.86261,56.35161],[14.86266,56.35143],[14.8627,56.35128],[14.86272,56.35123],[14.86276,56.35114],[14.86277,56.35112],[14.86285,56.35101],[14.86291,56.35098],[14.86303,56.35092],[14.86313,56.35087],[14.86323,56.35081],[14.8633,56.35078],[14.86337,56.35071],[14.86374,56.35036],[14.86382,56.35028],[14.86402,56.35007],[14.86424,56.34984],[14.86446,56.34971],[14.86468,56.34956],[14.86474,56.34951],[14.86486,56.34937],[14.86491,56.34929],[14.86493,56.34925],[14.86497,56.34915],[14.86499,56.34908],[14.86502,56.34902],[14.86508,56.34885],[14.86511,56.34879],[14.86511,56.34879],[14.86487,56.34862],[14.86487,56.34862],[14.86453,56.34855],[14.8641,56.34845],[14.86359,56.34834],[14.86326,56.34828],[14.863,56.34828],[14.86272,56.3482],[14.86237,56.34812],[14.86199,56.34811],[14.86155,56.34805],[14.86121,56.34804],[14.86077,56.34808],[14.86041,56.34804],[14.85959,56.34802],[14.85804,56.34802],[14.8567,56.34794],[14.85567,56.34793],[14.85382,56.34809],[14.85156,56.3479],[14.85046,56.34783],[14.84948,56.34773],[14.84603,56.34723],[14.84524,56.34698],[14.84524,56.34698],[14.845,56.34705],[14.84381,56.34767],[14.84327,56.3479],[14.84327,56.3479],[14.84243,56.34952],[14.84118,56.35126],[14.84029,56.35257],[14.84032,56.35309],[14.83992,56.35398],[14.83844,56.35606],[14.83557,56.35782],[14.83239,56.35747],[14.82884,56.35747],[14.82884,56.35747],[14.82884,56.35747],[14.82884,56.35747],[14.82884,56.35747],[14.83049,56.3599]],[[14.86001,56.35159],[14.86021,56.35149],[14.8609,56.35144],[14.86112,56.35158],[14.86125,56.35185],[14.86068,56.3519],[14.86018,56.35196],[14.86001,56.35159]]]},"properties":{"NVRID":"2000097","NAMN":"Loberget","SKYDDSTYP":"Naturreservat","LAN":"Blekinge Län","KOMMUN":"Karlshamn","IUCNKATEGORI":"IV, Habitat/Artskyddsområde (Habitat/Species Management Area)","FORVALTARE":"Länsstyrelsen i Blekinge län","AREA_HA":128.581,"URSPR_BESLUTSDATUM":"2002-06-03"}},{"type":"Feature","geometry":{"type":"MultiPolygon","coordinates":[[[[15.37978,56.26084],[15.37978,56.26084],[15.38057,56.26122],[15.38057,56.26122],[15.38058,56.26122],[15.38062,56.26116],[15.38073,56.26098],[15.38081,56.26079],[15.38085,56.26065],[15.38086,56.26048],[15.38089,56.26036],[15.38095,56.26023],[15.381,56.26006],[15.38107,56.25989],[15.38118,56.25968],[15.38132,56.25953],[15.38146,56.25942],[15.38159,56.25936],[15.38167,56.25932],[15.38167,56.25932],[15.38122,56.25856],[15.3817,56.25839],[15.38235,56.25826],[15.38235,56.25826],[15.38236,56.25826],[15.38236,56.25826],[15.38226,56.25809],[15.38204,56.25765],[15.38204,56.25765],[15.38181,56.25757],[15.38183,56.25743],[15.38187,56.25723],[15.38189,56.25717],[15.38189,56.25717],[15.38189,56.25717],[15.38178,56.25713],[15.38183,56.25702],[15.38187,56.25696],[15.38191,56.25683],[15.38196,56.25668],[15.38205,56.25656],[15.38209,56.25644],[15.38215,56.25629],[15.38223,56.25613],[15.38229,56.25603],[15.38237,56.25596],[15.38238,56.25581],[15.38257,56.2555],[15.38267,56.25536],[15.38272,56.25529],[15.38273,56.25528],[15.38273,56.25528],[15.38273,56.25528],[15.38193,56.25533],[15.38179,56.25535],[15.3817,56.25539],[15.3817,56.25539],[15.38137,56.2562],[15.38103,56.25682],[15.38083,56.25735],[15.38062,56.25814],[15.37973,56.25886],[15.37978,56.26084]]],[[[15.37994,56.23618],[15.37994,56.23618],[15.37999,56.23624],[15.38031,56.23638],[15.38033,56.23646],[15.38045,56.23657],[15.38048,56.23662],[15.38048,56.23668],[15.38056,56.23674],[15.38063,56.23682],[15.38061,56.23691],[15.38062,56.23698],[15.3807,56.23708],[15.3807,56.23708],[15.38081,56.23712],[15.38091,56.23714],[15.38099,56.23722],[15.38107,56.23732],[15.38118,56.23742],[15.3813,56.23748],[15.38136,56.23761],[15.38137,56.23772],[15.38149,56.23783],[15.38344,56.23907],[15.38344,56.23907],[15.38344,56.23907],[15.38356,56.23907],[15.38361,56.2392],[15.38359,56.23932],[15.38354,56.23949],[15.38339,56.23967],[15.38327,56.23984],[15.38305,56.24007],[15.38291,56.2402],[15.38291,56.2402],[15.38311,56.24049],[15.38328,56.24074],[15.38424,56.24233],[15.38453,56.24292],[15.38433,56.2463],[15.38434,56.24911],[15.38435,56.25133],[15.38362,56.25252],[15.38356,56.25304],[15.38354,56.2532],[15.38345,56.25337],[15.38326,56.25358],[15.38307,56.25367],[15.38299,56.25371],[15.38299,56.25371],[15.38299,56.25371],[15.38299,56.25371],[15.38395,56.25382],[15.38395,56.25382],[15.3844,56.25338],[15.38484,56.25303],[15.38513,56.25271],[15.38534,56.2524],[15.3855,56.25201],[15.3856,56.25166],[15.38558,56.25137],[15.3855,56.25105],[15.38536,56.25078],[15.38533,56.25052],[15.38533,56.25052],[15.38533,56.25052],[15.38528,56.25052],[15.38503,56.25051],[15.38504,56.25036],[15.38528,56.25036],[15.38528,56.25036],[15.38529,56.25036],[15.38529,56.24985],[15.3856,56.24987],[15.3856,56.24987],[15.3856,56.24987],[15.3856,56.24986],[15.3856,56.24986],[15.38558,56.24986],[15.38555,56.2498],[15.38564,56.24948],[15.38582,56.24887],[15.38563,56.24839],[15.38542,56.24783],[15.38522,56.2472],[15.38522,56.24719],[15.38522,56.24719],[15.38522,56.24719],[15.38483,56.24719],[15.38523,56.24657],[15.38568,56.24659],[15.38568,56.24659],[15.38568,56.24659],[15.38605,56.24455],[15.38641,56.24387],[15.38623,56.2436],[15.38623,56.24336],[15.38624,56.24292],[15.38617,56.24285],[15.3862,56.24274],[15.38611,56.24261],[15.38604,56.24258],[15.38587,56.24257],[15.38578,56.24257],[15.3857,56.24243],[15.3856,56.24215],[15.38556,56.24193],[15.38556,56.24172],[15.38548,56.24142],[15.38534,56.24119],[15.3851,56.24083],[15.38481,56.24044],[15.38463,56.24019],[15.38453,56.24002],[15.38447,56.23973],[15.38435,56.23951],[15.38423,56.23932],[15.38418,56.23916],[15.38431,56.23912],[15.38431,56.23912],[15.3844,56.23894],[15.38449,56.23859],[15.38442,56.23832],[15.38408,56.23789],[15.38373,56.23754],[15.38331,56.2373],[15.38232,56.23672],[15.38166,56.23644],[15.38126,56.23625],[15.38099,56.23614],[15.38077,56.23609],[15.38041,56.23603],[15.38029,56.23602],[15.37942,56.23592],[15.37942,56.23592],[15.37942,56.23592],[15.37942,56.23592],[15.37942,56.23592],[15.37947,56.23608],[15.37947,56.23608],[15.37947,56.23608],[15.37968,56.23607],[15.37988,56.23609],[15.37997,56.23613],[15.37994,56.23618]]]]},"properties":{"NVRID":"2000085","NAMN":"Mölleryd","SKYDDSTYP":"Naturreservat","LAN":"Blekinge Län","KOMMUN":"Ronneby","IUCNKATEGORI":"III, Naturmonument (Natural Monument)","FORVALTARE":"Länsstyrelsen i Blekinge län","AREA_HA":22.599,"URSPR_BESLUTSDATUM":"1982-02-01"}},{"type":"Feature","geometry":{"type":"Polygon","coordinates":[[[14.8359,56.26409],[14.83601,56.26403],[14.83615,56.26397],[14.83634,56.26392],[14.83657,56.26387],[14.83664,56.26386],[14.83669,56.26383],[14.83675,56.26376],[14.83679,56.26372],[14.83682,56.26369],[14.83728,56.26354],[14.83738,56.26351],[14.83738,56.26351],[14.83741,56.26341],[14.83737,56.26323],[14.83732,56.2631],[14.83732,56.26298],[14.83728,56.26289],[14.83721,56.26284],[14.83711,56.2628],[14.83684,56.26273],[14.83675,56.26269],[14.83662,56.26268],[14.83643,56.26268],[14.8363,56.2627],[14.83617,56.26273],[14.83604,56.26276],[14.83602,56.26282],[14.83599,56.26286],[14.83601,56.26293],[14.83604,56.26299],[14.83607,56.26309],[14.83604,56.26318],[14.83598,56.26327],[14.8359,56.26336],[14.83581,56.26344],[14.8357,56.26353],[14.83558,56.26358],[14.83546,56.26364],[14.83528,56.26372],[14.83518,56.26376],[14.83504,56.26383],[14.83487,56.2639],[14.83471,56.26395],[14.83465,56.26399],[14.83455,56.26407],[14.83451,56.26414],[14.83447,56.26424],[14.83447,56.26435],[14.8345,56.26444],[14.83455,56.26451],[14.83463,56.2646],[14.83467,56.26466],[14.83476,56.26477],[14.83478,56.26482],[14.83483,56.26494],[14.83485,56.26503],[14.83486,56.26513],[14.83488,56.26523],[14.83489,56.26532],[14.83487,56.26542],[14.83485,56.2655],[14.83481,56.26564],[14.8348,56.26571],[14.83477,56.26581],[14.83474,56.2659],[14.83474,56.266],[14.83477,56.26607],[14.83474,56.26615],[14.83474,56.26623],[14.83479,56.26629],[14.83488,56.26638],[14.83496,56.26647],[14.83502,56.26656],[14.83506,56.26664],[14.83508,56.26673],[14.83509,56.26681],[14.83512,56.26687],[14.83519,56.26695],[14.83528,56.26702],[14.83544,56.26709],[14.83559,56.26714],[14.83572,56.2672],[14.83587,56.26727],[14.83593,56.26734],[14.83599,56.26745],[14.83599,56.26757],[14.83599,56.26757],[14.83599,56.26757],[14.836,56.26757],[14.8362,56.26754],[14.83647,56.26749],[14.83663,56.26748],[14.837,56.26739],[14.83787,56.26726],[14.83902,56.26711],[14.84153,56.26671],[14.84371,56.26639],[14.84541,56.26608],[14.84541,56.26608],[14.84541,56.26608],[14.84506,56.26532],[14.84553,56.26521],[14.84567,56.26542],[14.84607,56.26566],[14.84629,56.26591],[14.84629,56.26591],[14.84629,56.26591],[14.8471,56.26583],[14.8471,56.26583],[14.84715,56.26579],[14.84857,56.26569],[14.85107,56.26604],[14.85107,56.26604],[14.85156,56.26581],[14.85187,56.26594],[14.8516,56.26606],[14.8514,56.26616],[14.85125,56.26627],[14.85112,56.2664],[14.85099,56.26657],[14.85097,56.2667],[14.85094,56.26681],[14.85096,56.26708],[14.85095,56.26721],[14.85096,56.2673],[14.85096,56.2673],[14.85109,56.26741],[14.85126,56.26751],[14.85145,56.2676],[14.85163,56.26769],[14.85178,56.26775],[14.85206,56.26785],[14.85214,56.26788],[14.8522,56.26791],[14.85221,56.26797],[14.85221,56.26797],[14.85237,56.26805],[14.85249,56.26809],[14.85263,56.26816],[14.85278,56.26822],[14.85289,56.26825],[14.85301,56.26824],[14.85316,56.26829],[14.85326,56.2683],[14.85338,56.26829],[14.85349,56.26835],[14.85358,56.26842],[14.85371,56.26849],[14.8539,56.26855],[14.854,56.26858],[14.854,56.26858],[14.85413,56.26857],[14.85424,56.26858],[14.8543,56.26857],[14.85597,56.27038],[14.85597,56.27038],[14.85597,56.27038],[14.85742,56.27056],[14.85791,56.27056],[14.85917,56.27069],[14.86119,56.27104],[14.86257,56.27126],[14.86317,56.27139],[14.86561,56.27197],[14.86561,56.27197],[14.86562,56.27196],[14.86603,56.27145],[14.86641,56.27097],[14.86758,56.26947],[14.86813,56.26881],[14.86846,56.26849],[14.8688,56.26818],[14.8692,56.26786],[14.86964,56.26753],[14.86968,56.2675],[14.86969,56.26749],[14.86969,56.26749],[14.86972,56.26747],[14.87078,56.26713],[14.87112,56.267],[14.87118,56.26669],[14.87132,56.26568],[14.87138,56.26519],[14.87138,56.26519],[14.87117,56.26491],[14.87108,56.26469],[14.87113,56.26449],[14.87129,56.26398],[14.87142,56.26342],[14.87136,56.26212],[14.87129,56.26159],[14.87104,56.26059],[14.87096,56.26023],[14.87097,56.25995],[14.87083,56.25948],[14.87082,56.25926],[14.87086,56.25896],[14.87089,56.25859],[14.87073,56.2582],[14.87061,56.25802],[14.87049,56.25773],[14.87053,56.25704],[14.8706,56.25669],[14.87068,56.25637],[14.87077,56.25616],[14.87079,56.25589],[14.87078,56.25578],[14.87068,56.25559],[14.87069,56.2551],[14.87065,56.25474],[14.87006,56.25389],[14.87015,56.25365],[14.87021,56.25329],[14.87032,56.2528],[14.87013,56.25257],[14.86991,56.25235],[14.86962,56.25225],[14.86926,56.25211],[14.86899,56.25182],[14.86885,56.25171],[14.86829,56.25141],[14.86813,56.25142],[14.86813,56.25142],[14.86813,56.25142],[14.8681,56.25142],[14.86758,56.25142],[14.86753,56.25142],[14.86627,56.25137],[14.86565,56.25143],[14.8652,56.25141],[14.86477,56.25139],[14.8643,56.2513],[14.86392,56.25119],[14.86388,56.25118],[14.86328,56.25102],[14.86246,56.25086],[14.86194,56.25077],[14.86164,56.25069],[14.86118,56.25052],[14.86077,56.25042],[14.86079,56.25027],[14.86079,56.25014],[14.8609,56.24999],[14.86105,56.2498],[14.86111,56.24966],[14.86112,56.24957],[14.8612,56.24938],[14.86129,56.24923],[14.86142,56.24905],[14.86148,56.2489],[14.86151,56.24877],[14.86151,56.24876],[14.86163,56.2486],[14.86163,56.24849],[14.86163,56.24835],[14.86164,56.24821],[14.86168,56.24808],[14.86175,56.24795],[14.86187,56.24778],[14.86196,56.24763],[14.86197,56.2475],[14.86196,56.2474],[14.86198,56.24725],[14.86205,56.24712],[14.86215,56.24698],[14.86567,56.24693],[14.86941,56.24695],[14.86941,56.24695],[14.86941,56.24695],[14.86962,56.24659],[14.86951,56.24623],[14.86935,56.24547],[14.86792,56.24438],[14.86813,56.24403],[14.86965,56.24333],[14.87218,56.24213],[14.87218,56.24213],[14.87218,56.24213],[14.87218,56.24212],[14.87174,56.24209],[14.8712,56.24198],[14.87081,56.24176],[14.87053,56.24152],[14.87037,56.24138],[14.87037,56.24138],[14.87037,56.24138],[14.86991,56.24147],[14.8698,56.24114],[14.86974,56.24095],[14.87001,56.24087],[14.87001,56.24087],[14.87001,56.24087],[14.86924,56.23982],[14.86924,56.23981],[14.8689,56.23964],[14.86874,56.23962],[14.86849,56.23947],[14.86812,56.23938],[14.86793,56.23935],[14.86773,56.23927],[14.86756,56.23921],[14.86737,56.23908],[14.86717,56.23893],[14.86691,56.23876],[14.86658,56.23854],[14.86641,56.23841],[14.86631,56.23832],[14.86618,56.23822],[14.86579,56.23793],[14.86556,56.23771],[14.86537,56.23753],[14.86517,56.23734],[14.86493,56.2371],[14.86481,56.23694],[14.86473,56.23679],[14.86468,56.23667],[14.86467,56.23665],[14.86462,56.23658],[14.86449,56.23644],[14.86442,56.23635],[14.86442,56.23635],[14.86441,56.23635],[14.86434,56.23636],[14.86418,56.23635],[14.86405,56.23638],[14.8638,56.23635],[14.86364,56.2363],[14.86328,56.23612],[14.86301,56.23599],[14.86266,56.23587],[14.86247,56.23581],[14.86247,56.23581],[14.86247,56.23581],[14.86234,56.23616],[14.86206,56.23621],[14.86162,56.23604],[14.86124,56.23591],[14.86098,56.23587],[14.86025,56.23577],[14.85984,56.23571],[14.8597,56.23565],[14.85918,56.23544],[14.85909,56.23536],[14.85898,56.23515],[14.85902,56.23509],[14.85908,56.23494],[14.85908,56.23494],[14.85907,56.23494],[14.85893,56.23492],[14.85337,56.2342],[14.85336,56.2342],[14.85336,56.2342],[14.85337,56.23437],[14.85338,56.23445],[14.85324,56.23473],[14.85322,56.23475],[14.85317,56.23479],[14.85279,56.23477],[14.85279,56.23477],[14.85282,56.23472],[14.85289,56.23463],[14.85294,56.23457],[14.85294,56.23457],[14.85293,56.2345],[14.85297,56.23441],[14.85297,56.23441],[14.85279,56.23419],[14.85306,56.23416],[14.85306,56.23416],[14.85306,56.23416],[14.85306,56.23416],[14.85306,56.23416],[14.85053,56.23383],[14.85053,56.23383],[14.85053,56.23383],[14.85053,56.23383],[14.85057,56.234],[14.85057,56.23411],[14.85061,56.23433],[14.8506,56.23445],[14.85061,56.23467],[14.85062,56.23477],[14.85068,56.235],[14.85066,56.23513],[14.85061,56.23528],[14.85056,56.23544],[14.85049,56.23559],[14.85044,56.23573],[14.8504,56.23582],[14.85035,56.23597],[14.85029,56.23612],[14.85019,56.23642],[14.85013,56.23658],[14.85008,56.23678],[14.84999,56.23697],[14.84991,56.23713],[14.84985,56.23728],[14.84975,56.23754],[14.84967,56.23776],[14.84963,56.23788],[14.84947,56.23822],[14.84933,56.23849],[14.84921,56.2387],[14.84912,56.23883],[14.84906,56.23889],[14.84892,56.23897],[14.84856,56.23921],[14.84848,56.23948],[14.84836,56.23981],[14.84844,56.24051],[14.84853,56.24207],[14.84839,56.24252],[14.84779,56.24456],[14.8476,56.24503],[14.84661,56.24671],[14.84555,56.24843],[14.84483,56.2497],[14.8424,56.24946],[14.8424,56.24946],[14.8424,56.24946],[14.8424,56.24959],[14.84248,56.24971],[14.84254,56.24981],[14.8426,56.24995],[14.8427,56.25009],[14.84275,56.25021],[14.84281,56.2503],[14.84283,56.25041],[14.84282,56.2505],[14.8428,56.25063],[14.84277,56.25075],[14.84276,56.25086],[14.84277,56.25093],[14.84274,56.25106],[14.84273,56.25118],[14.84277,56.25128],[14.84274,56.25137],[14.8427,56.25146],[14.84272,56.25159],[14.84271,56.25171],[14.84264,56.25191],[14.84266,56.25204],[14.84266,56.25204],[14.84277,56.25209],[14.84292,56.25219],[14.84303,56.25234],[14.84309,56.25242],[14.84317,56.25251],[14.84326,56.25259],[14.84326,56.25259],[14.84345,56.25259],[14.84355,56.2526],[14.8435,56.25264],[14.84338,56.25265],[14.84331,56.25265],[14.84331,56.25265],[14.84331,56.25265],[14.84331,56.25271],[14.84335,56.25279],[14.84341,56.25291],[14.84346,56.25306],[14.84355,56.2532],[14.84368,56.25339],[14.84378,56.25356],[14.84397,56.2537],[14.84409,56.25377],[14.84416,56.2539],[14.84418,56.25397],[14.8443,56.2541],[14.84439,56.2542],[14.84439,56.2542],[14.8446,56.25428],[14.84482,56.25435],[14.84497,56.2544],[14.84505,56.25447],[14.84517,56.2545],[14.84526,56.25453],[14.84519,56.25464],[14.84499,56.25474],[14.84472,56.25479],[14.84441,56.25485],[14.84421,56.25492],[14.84412,56.25501],[14.84411,56.2551],[14.84411,56.25525],[14.84413,56.25541],[14.84413,56.25541],[14.84413,56.25541],[14.84422,56.25543],[14.84432,56.25544],[14.84439,56.25548],[14.84445,56.25561],[14.84446,56.25578],[14.84437,56.25593],[14.84428,56.25608],[14.84424,56.2562],[14.8442,56.2563],[14.84412,56.25645],[14.84407,56.25656],[14.84397,56.25666],[14.84385,56.25675],[14.8438,56.25684],[14.8438,56.25693],[14.84385,56.25704],[14.84392,56.25717],[14.84396,56.25727],[14.844,56.25738],[14.844,56.25738],[14.844,56.25738],[14.84502,56.25743],[14.84505,56.25747],[14.84505,56.25755],[14.84503,56.25766],[14.84504,56.25775],[14.84507,56.25786],[14.84515,56.25799],[14.84521,56.25814],[14.8451,56.25816],[14.8451,56.25816],[14.8451,56.25816],[14.84507,56.25852],[14.84418,56.25852],[14.84417,56.25852],[14.84417,56.25852],[14.84417,56.25852],[14.84424,56.25858],[14.8442,56.25867],[14.84411,56.2588],[14.84395,56.25886],[14.8437,56.2588],[14.84346,56.25875],[14.84346,56.25875],[14.84334,56.25877],[14.84334,56.25877],[14.84316,56.25889],[14.84301,56.25905],[14.84287,56.25912],[14.84269,56.25912],[14.84269,56.25912],[14.84262,56.25915],[14.8425,56.25912],[14.84239,56.25908],[14.84227,56.25908],[14.84227,56.25908],[14.84211,56.25916],[14.84189,56.25926],[14.84179,56.25935],[14.84165,56.25952],[14.84161,56.25962],[14.8416,56.25971],[14.84149,56.25979],[14.84144,56.25989],[14.84147,56.26005],[14.84158,56.26018],[14.84164,56.26029],[14.84152,56.26039],[14.84126,56.26045],[14.84109,56.26054],[14.84109,56.26054],[14.84108,56.26066],[14.84108,56.26078],[14.84103,56.26093],[14.84091,56.26108],[14.84071,56.2612],[14.84059,56.26125],[14.84059,56.26125],[14.84059,56.26125],[14.84059,56.26125],[14.84066,56.26129],[14.84084,56.26138],[14.84111,56.26155],[14.84134,56.26158],[14.84147,56.26164],[14.84165,56.26177],[14.8418,56.26192],[14.84197,56.26203],[14.84198,56.26203],[14.84219,56.26201],[14.84236,56.26205],[14.84243,56.26216],[14.84249,56.26232],[14.8425,56.26251],[14.84237,56.26268],[14.84221,56.2628],[14.842,56.26289],[14.84164,56.26299],[14.84137,56.26311],[14.84127,56.26323],[14.84116,56.26338],[14.84106,56.26355],[14.84092,56.26377],[14.84079,56.26394],[14.84061,56.26407],[14.84032,56.2642],[14.83995,56.26421],[14.83954,56.26419],[14.83927,56.26419],[14.83904,56.26418],[14.83869,56.26416],[14.83839,56.26423],[14.83824,56.26431],[14.83812,56.26446],[14.83799,56.26468],[14.83775,56.26493],[14.83757,56.26506],[14.83742,56.26511],[14.83727,56.2651],[14.83716,56.26506],[14.83715,56.26506],[14.83715,56.26506],[14.83708,56.2651],[14.83685,56.26503],[14.83672,56.26503],[14.83661,56.26502],[14.83653,56.265],[14.83646,56.26498],[14.8364,56.26491],[14.83637,56.26487],[14.83631,56.26478],[14.83625,56.2647],[14.83618,56.26466],[14.8361,56.26459],[14.83601,56.26452],[14.83593,56.26446],[14.83588,56.26439],[14.83584,56.26434],[14.83583,56.26427],[14.83584,56.2642],[14.8359,56.26409]],[[14.85188,56.23845],[14.85196,56.2384],[14.85227,56.23832],[14.85235,56.23832],[14.85236,56.23835],[14.85225,56.23838],[14.85225,56.23838],[14.85216,56.23848],[14.85216,56.23849],[14.85216,56.23849],[14.8522,56.2385],[14.85216,56.23852],[14.85212,56.23851],[14.85198,56.2385],[14.85188,56.23845]],[[14.85156,56.23701],[14.85162,56.23699],[14.85183,56.23709],[14.85183,56.23709],[14.852,56.23709],[14.85182,56.23722],[14.85163,56.23717],[14.85156,56.23701]],[[14.8506,56.24155],[14.8506,56.24155],[14.8506,56.24153],[14.85076,56.24141],[14.85089,56.24141],[14.85089,56.24142],[14.85089,56.24142],[14.85089,56.24142],[14.85091,56.24142],[14.85088,56.24149],[14.85089,56.2415],[14.85098,56.24155],[14.85094,56.24159],[14.85094,56.24159],[14.85094,56.24159],[14.85097,56.24163],[14.85093,56.24165],[14.85087,56.24159],[14.85087,56.24159],[14.85081,56.24159],[14.85081,56.24159],[14.85063,56.24163],[14.8506,56.24157],[14.8506,56.24155],[14.8506,56.24155]],[[14.85116,56.24009],[14.85118,56.24008],[14.85118,56.24008],[14.85122,56.23997],[14.85122,56.23997],[14.85117,56.23993],[14.85119,56.23992],[14.85119,56.23992],[14.85138,56.23991],[14.85148,56.23993],[14.85162,56.23997],[14.85168,56.23998],[14.8517,56.24001],[14.85173,56.24002],[14.85173,56.24005],[14.85167,56.24008],[14.85149,56.24009],[14.85116,56.24009]],[[14.85036,56.24075],[14.85041,56.24066],[14.85064,56.24059],[14.85085,56.24062],[14.85082,56.24066],[14.85077,56.24074],[14.85074,56.24079],[14.85073,56.24082],[14.85073,56.2409],[14.85058,56.24081],[14.85036,56.24075]],[[14.8527,56.23591],[14.85293,56.23566],[14.85317,56.23572],[14.85297,56.23594],[14.85291,56.236],[14.8527,56.23591]],[[14.85065,56.24045],[14.85075,56.24037],[14.85079,56.24031],[14.85107,56.24037],[14.85111,56.2404],[14.85111,56.2404],[14.85111,56.2404],[14.85111,56.2404],[14.85111,56.2404],[14.85124,56.24029],[14.85129,56.2403],[14.85132,56.24045],[14.85118,56.24045],[14.85103,56.2405],[14.8509,56.24052],[14.85065,56.24045]],[[14.85082,56.2413],[14.85084,56.24106],[14.85084,56.24097],[14.85097,56.24097],[14.85097,56.24097],[14.85097,56.24097],[14.85098,56.24094],[14.85105,56.24095],[14.85104,56.24098],[14.85104,56.24098],[14.85112,56.24102],[14.85113,56.24111],[14.85113,56.2412],[14.85113,56.2413],[14.85105,56.2413],[14.85082,56.2413]],[[14.85146,56.23677],[14.85145,56.23669],[14.85151,56.23656],[14.85157,56.23654],[14.85171,56.23649],[14.85171,56.23649],[14.85174,56.23651],[14.85181,56.23653],[14.85189,56.23656],[14.85193,56.23656],[14.85206,56.23663],[14.85206,56.23666],[14.85194,56.23673],[14.85174,56.23676],[14.85156,56.23677],[14.85151,56.23677],[14.85146,56.23677]],[[14.85278,56.23491],[14.85283,56.2349],[14.85286,56.23488],[14.85334,56.23488],[14.85334,56.23488],[14.85342,56.2349],[14.85342,56.23493],[14.85337,56.23512],[14.85335,56.23518],[14.85332,56.23516],[14.85323,56.23515],[14.85323,56.23515],[14.85323,56.23515],[14.85321,56.23519],[14.8532,56.23519],[14.85293,56.23513],[14.85292,56.23512],[14.85292,56.23511],[14.85292,56.23509],[14.85292,56.23504],[14.85292,56.23504],[14.85292,56.23504],[14.85283,56.235],[14.85279,56.23496],[14.85278,56.23491]],[[14.85061,56.24215],[14.85074,56.24214],[14.85074,56.24214],[14.85074,56.24214],[14.85074,56.24214],[14.85073,56.24207],[14.85077,56.24205],[14.85082,56.24203],[14.85093,56.242],[14.85107,56.24197],[14.85129,56.24192],[14.8517,56.24201],[14.85183,56.24199],[14.85186,56.24206],[14.8519,56.24218],[14.85187,56.24217],[14.85185,56.24216],[14.85185,56.24216],[14.85185,56.24216],[14.85153,56.24224],[14.85142,56.24228],[14.85111,56.24265],[14.85102,56.24263],[14.85105,56.24249],[14.85105,56.24249],[14.85099,56.24247],[14.85086,56.24238],[14.85076,56.24235],[14.85075,56.24228],[14.85075,56.24228],[14.85064,56.24225],[14.85061,56.24215]]]},"properties":{"NVRID":"2000073","NAMN":"Långasjönäs","SKYDDSTYP":"Naturreservat","LAN":"Blekinge Län","KOMMUN":"Karlshamn","IUCNKATEGORI":"V, Skyddat landskap/havsområde (Protected Landscape/Seascape)","FORVALTARE":"Karlshamns kommun","AREA_HA":560.651,"URSPR_BESLUTSDATUM":"1962-07-06"}},{"type":"Feature","geometry":{"type":"MultiPolygon","coordinates":[[[[15.07601,56.18186],[15.07606,56.18199],[15.07604,56.1823],[15.07608,56.18235],[15.07616,56.18238],[15.07616,56.18238],[15.07632,56.18233],[15.07677,56.18204],[15.07677,56.18204],[15.07677,56.18203],[15.0765,56.18185],[15.07634,56.18173],[15.07609,56.18161],[15.07609,56.18161],[15.0758,56.18163],[15.0758,56.18163],[15.0758,56.18163],[15.07601,56.18186]]],[[[15.0624,56.18346],[15.0624,56.18346],[15.0624,56.18346],[15.06082,56.18564],[15.06082,56.18564],[15.06082,56.18564],[15.06734,56.18828],[15.06734,56.18828],[15.06735,56.18828],[15.06761,56.188],[15.06794,56.18775],[15.06821,56.18783],[15.06857,56.18788],[15.06848,56.18812],[15.06814,56.1886],[15.06814,56.1886],[15.06814,56.1886],[15.07151,56.18997],[15.07384,56.19097],[15.07384,56.19097],[15.07594,56.19088],[15.07594,56.19088],[15.07594,56.19088],[15.07594,56.19088],[15.07469,56.18867],[15.07249,56.18668],[15.0744,56.18641],[15.07595,56.18627],[15.07596,56.18627],[15.07596,56.18627],[15.07598,56.18616],[15.07551,56.18445],[15.07546,56.18407],[15.07551,56.18362],[15.07572,56.18252],[15.07576,56.18217],[15.07575,56.18201],[15.07565,56.18183],[15.07547,56.18168],[15.07515,56.18155],[15.07464,56.1815],[15.07464,56.1815],[15.07464,56.1815],[15.07465,56.18167],[15.07462,56.18176],[15.07448,56.18187],[15.07403,56.18191],[15.07401,56.18192],[15.07401,56.18192],[15.07401,56.18192],[15.07401,56.18222],[15.07405,56.18236],[15.07367,56.18245],[15.07351,56.18229],[15.07351,56.18229],[15.07351,56.18229],[15.07327,56.18235],[15.07311,56.18221],[15.07281,56.18192],[15.07277,56.18188],[15.0732,56.18174],[15.0732,56.18174],[15.0732,56.18174],[15.07308,56.18165],[15.07308,56.18165],[15.07308,56.18165],[15.0729,56.18171],[15.07243,56.18147],[15.07226,56.18138],[15.07219,56.18134],[15.07205,56.18115],[15.07196,56.18102],[15.07205,56.18079],[15.07199,56.18068],[15.07199,56.18068],[15.07174,56.18061],[15.07139,56.18035],[15.07125,56.18025],[15.07119,56.1802],[15.07105,56.18011],[15.07071,56.17977],[15.07073,56.17967],[15.07078,56.17958],[15.07089,56.17956],[15.07103,56.17953],[15.07112,56.1795],[15.07112,56.1795],[15.07112,56.1795],[15.07112,56.1795],[15.07077,56.1792],[15.07075,56.17917],[15.07073,56.1791],[15.07234,56.17889],[15.07288,56.17899],[15.07248,56.17968],[15.07238,56.17986],[15.07238,56.17986],[15.07238,56.17986],[15.07243,56.17988],[15.07243,56.17988],[15.07243,56.17988],[15.07271,56.17979],[15.07284,56.17986],[15.07284,56.17986],[15.07284,56.17986],[15.07296,56.17984],[15.07303,56.17981],[15.07327,56.18003],[15.07318,56.18033],[15.07294,56.18052],[15.07294,56.18052],[15.07294,56.18052],[15.07313,56.18073],[15.07324,56.18095],[15.07327,56.18105],[15.0731,56.18113],[15.0731,56.18113],[15.0731,56.18113],[15.0731,56.18113],[15.07346,56.18127],[15.07366,56.18133],[15.07404,56.18135],[15.07464,56.18135],[15.07485,56.18135],[15.0752,56.1814],[15.0752,56.1814],[15.0752,56.1814],[15.0752,56.1814],[15.07533,56.18111],[15.07627,56.18116],[15.07627,56.18116],[15.07627,56.18116],[15.07627,56.18116],[15.07628,56.18099],[15.0763,56.18044],[15.07696,56.18044],[15.07708,56.18044],[15.07762,56.18043],[15.07772,56.18043],[15.07772,56.18043],[15.07772,56.18043],[15.07772,56.18043],[15.07771,56.1801],[15.07771,56.1801],[15.07767,56.18007],[15.07765,56.17975],[15.0777,56.17974],[15.0777,56.17973],[15.0777,56.17962],[15.07763,56.17912],[15.07771,56.17908],[15.07771,56.17908],[15.07775,56.17883],[15.07775,56.17883],[15.07774,56.17883],[15.07774,56.17883],[15.07751,56.17883],[15.07565,56.17884],[15.07498,56.17514],[15.07495,56.17504],[15.07493,56.17494],[15.07492,56.17485],[15.0749,56.17476],[15.07489,56.17471],[15.07487,56.17466],[15.07488,56.17463],[15.07499,56.17455],[15.07499,56.17455],[15.07499,56.17455],[15.07495,56.17452],[15.07511,56.1745],[15.07521,56.1745],[15.07531,56.1745],[15.07534,56.17457],[15.0754,56.17467],[15.07541,56.17482],[15.07546,56.17493],[15.07546,56.17493],[15.07566,56.17496],[15.07566,56.17496],[15.07566,56.17496],[15.07587,56.17469],[15.07589,56.17446],[15.07618,56.1744],[15.07633,56.17442],[15.07677,56.17456],[15.07726,56.17472],[15.07709,56.17485],[15.07704,56.17491],[15.077,56.175],[15.07701,56.17512],[15.07707,56.17525],[15.07715,56.17535],[15.0774,56.17562],[15.0774,56.17562],[15.0774,56.17563],[15.07783,56.17559],[15.07864,56.17549],[15.07973,56.17531],[15.07995,56.17527],[15.08034,56.17515],[15.08065,56.17515],[15.08119,56.17509],[15.08191,56.17486],[15.08225,56.17479],[15.08225,56.17479],[15.08233,56.17474],[15.08249,56.17455],[15.08257,56.17432],[15.08255,56.17415],[15.0826,56.1741],[15.08273,56.17406],[15.08316,56.17411],[15.08322,56.1741],[15.08322,56.1741],[15.08322,56.1741],[15.08322,56.1741],[15.08322,56.1741],[15.08319,56.17408],[15.07981,56.17175],[15.07649,56.17105],[15.07394,56.17169],[15.07233,56.17124],[15.06714,56.1707],[15.06713,56.1707],[15.06713,56.1707],[15.06713,56.1707],[15.06692,56.1757],[15.06303,56.17711],[15.06303,56.17711],[15.06303,56.17712],[15.06443,56.17897],[15.06262,56.18039],[15.06262,56.18039],[15.06387,56.1824],[15.06395,56.18319],[15.0624,56.18346]],[[15.06932,56.17995],[15.06942,56.18004],[15.06939,56.18026],[15.06927,56.18044],[15.06881,56.18048],[15.06867,56.18049],[15.06854,56.18048],[15.06847,56.18011],[15.06932,56.17995]],[[15.06927,56.18083],[15.06927,56.18083],[15.06927,56.18083],[15.0692,56.18074],[15.06957,56.18065],[15.06964,56.18069],[15.06969,56.1807],[15.06976,56.18071],[15.06981,56.18076],[15.06984,56.18077],[15.06987,56.18079],[15.06987,56.18081],[15.06989,56.18083],[15.06992,56.18084],[15.06992,56.18084],[15.06996,56.18083],[15.07,56.18081],[15.07004,56.1808],[15.07007,56.18081],[15.07026,56.18089],[15.07031,56.18091],[15.0701,56.18111],[15.06964,56.18129],[15.06928,56.18107],[15.06928,56.18107],[15.06912,56.18108],[15.06909,56.18092],[15.06909,56.18087],[15.06927,56.18083]],[[15.06421,56.1817],[15.0643,56.1816],[15.06431,56.18142],[15.06476,56.18141],[15.0654,56.18177],[15.06525,56.18199],[15.06437,56.18197],[15.06431,56.18181],[15.06421,56.1817]],[[15.07067,56.18199],[15.07085,56.18194],[15.07085,56.18194],[15.07085,56.18194],[15.07085,56.18194],[15.0708,56.18187],[15.07108,56.1818],[15.07141,56.18215],[15.07113,56.18219],[15.07113,56.18219],[15.07113,56.18219],[15.07113,56.18219],[15.07154,56.18243],[15.07164,56.18254],[15.07194,56.18291],[15.07115,56.18295],[15.07101,56.18272],[15.07095,56.18261],[15.07099,56.18241],[15.07099,56.18241],[15.07098,56.18241],[15.0709,56.1824],[15.07084,56.18235],[15.07077,56.18224],[15.07063,56.18205],[15.07063,56.18202],[15.07067,56.18199]],[[15.07421,56.18426],[15.07456,56.18422],[15.0752,56.18553],[15.07491,56.18557],[15.0746,56.18564],[15.0745,56.18559],[15.07435,56.18542],[15.07426,56.18523],[15.07423,56.18513],[15.0743,56.18504],[15.0743,56.18504],[15.07415,56.18471],[15.074,56.18439],[15.07396,56.18428],[15.07421,56.18426]],[[15.07435,56.18552],[15.07469,56.1861],[15.07469,56.1861],[15.07469,56.1861],[15.07492,56.18607],[15.075,56.18627],[15.0748,56.18629],[15.07244,56.18658],[15.07211,56.18592],[15.07435,56.18552]]]]},"properties":{"NVRID":"2000052","NAMN":"Järnavik","SKYDDSTYP":"Naturreservat","LAN":"Blekinge Län","KOMMUN":"Karlshamn, Ronneby","IUCNKATEGORI":"IV, Habitat/Artskyddsområde (Habitat/Species Management Area)","FORVALTARE":"Länsstyrelsen i Blekinge län","AREA_HA":147.932,"URSPR_BESLUTSDATUM":"1971-12-13"}},{"type":"Feature","geometry":{"type":"Polygon","coordinates":[[[15.83109,56.20095],[15.8314,56.20091],[15.83169,56.2009],[15.83194,56.20114],[15.8324,56.20132],[15.8324,56.20132],[15.8324,56.20132],[15.83256,56.20122],[15.83275,56.20107],[15.83278,56.20092],[15.83288,56.20082],[15.83318,56.20069],[15.83332,56.20064],[15.83364,56.20075],[15.8337,56.20083],[15.8337,56.20083],[15.8337,56.20083],[15.83429,56.20085],[15.83441,56.20085],[15.83446,56.20088],[15.83445,56.20096],[15.83433,56.20119],[15.83434,56.20162],[15.83423,56.202],[15.83423,56.202],[15.83423,56.202],[15.83425,56.20201],[15.83425,56.20201],[15.83445,56.20202],[15.83445,56.20234],[15.83445,56.20234],[15.83445,56.20234],[15.83466,56.20234],[15.83466,56.20234],[15.83466,56.20234],[15.83476,56.20185],[15.83509,56.20145],[15.83522,56.20131],[15.83536,56.20129],[15.83543,56.20135],[15.83546,56.2014],[15.83549,56.2015],[15.83554,56.20165],[15.83575,56.20174],[15.83588,56.20184],[15.83613,56.20199],[15.83657,56.20232],[15.83666,56.20237],[15.83676,56.20241],[15.83677,56.20246],[15.83691,56.20259],[15.83675,56.20279],[15.83656,56.20301],[15.83639,56.20321],[15.83639,56.20321],[15.83639,56.20321],[15.83639,56.20321],[15.83647,56.20324],[15.83651,56.20325],[15.83651,56.20325],[15.83672,56.20319],[15.8369,56.20316],[15.83701,56.20314],[15.83724,56.20317],[15.83732,56.20329],[15.83722,56.20338],[15.83717,56.20341],[15.83714,56.20349],[15.83714,56.20349],[15.83715,56.20349],[15.83742,56.20352],[15.83766,56.20361],[15.83788,56.20368],[15.83799,56.2037],[15.83812,56.20381],[15.83813,56.20396],[15.83803,56.20403],[15.83797,56.20424],[15.83797,56.20424],[15.83815,56.20442],[15.83815,56.20453],[15.83834,56.20468],[15.83828,56.20477],[15.83818,56.20489],[15.83812,56.20499],[15.83809,56.20499],[15.83809,56.20499],[15.83809,56.20499],[15.83809,56.20499],[15.83809,56.20499],[15.83809,56.20499],[15.83811,56.205],[15.8382,56.20507],[15.83841,56.20548],[15.83844,56.20555],[15.83867,56.20578],[15.83871,56.20595],[15.83877,56.20615],[15.83887,56.20626],[15.83887,56.20626],[15.8389,56.20627],[15.8389,56.20627],[15.8389,56.20627],[15.8389,56.20627],[15.8389,56.20627],[15.83889,56.20621],[15.83887,56.20616],[15.83887,56.20613],[15.83889,56.2061],[15.83895,56.20607],[15.83904,56.20605],[15.83908,56.20603],[15.83908,56.20603],[15.83906,56.20599],[15.83905,56.20599],[15.83895,56.20597],[15.8389,56.20591],[15.8389,56.20585],[15.83892,56.20576],[15.83892,56.20566],[15.83893,56.20563],[15.83903,56.20558],[15.83903,56.20558],[15.83903,56.2055],[15.83906,56.20537],[15.83899,56.20521],[15.83887,56.20515],[15.8387,56.20502],[15.83857,56.20468],[15.83862,56.2045],[15.83852,56.20426],[15.83842,56.20401],[15.8384,56.20387],[15.83849,56.20375],[15.83856,56.20358],[15.83856,56.20358],[15.83849,56.20346],[15.83849,56.20345],[15.8383,56.20338],[15.8383,56.20338],[15.8383,56.20338],[15.83811,56.20343],[15.83786,56.20344],[15.83779,56.20337],[15.83771,56.2033],[15.83769,56.20316],[15.83757,56.20305],[15.8372,56.20262],[15.83712,56.20235],[15.83695,56.20212],[15.83683,56.20198],[15.8368,56.20183],[15.83684,56.20172],[15.83761,56.20157],[15.83761,56.20157],[15.83761,56.20157],[15.83761,56.20157],[15.83761,56.20157],[15.83753,56.20154],[15.83746,56.20151],[15.83729,56.20151],[15.83712,56.20145],[15.83679,56.20131],[15.83696,56.20107],[15.83718,56.20099],[15.83751,56.20097],[15.83766,56.20098],[15.83787,56.20104],[15.83802,56.20112],[15.83849,56.20128],[15.83849,56.20128],[15.83871,56.2012],[15.83871,56.2012],[15.83871,56.20119],[15.83855,56.20104],[15.83832,56.2008],[15.83812,56.20067],[15.83805,56.20061],[15.83809,56.20053],[15.83808,56.20038],[15.83808,56.20038],[15.83808,56.20038],[15.83791,56.20036],[15.83787,56.20029],[15.83787,56.20029],[15.83787,56.20029],[15.83761,56.20029],[15.8374,56.20026],[15.83697,56.20028],[15.83688,56.20024],[15.83683,56.20015],[15.83682,56.19989],[15.8368,56.19981],[15.83669,56.19975],[15.83666,56.19967],[15.83655,56.19958],[15.83619,56.19941],[15.83612,56.19937],[15.83606,56.19929],[15.83602,56.19906],[15.83596,56.19887],[15.83599,56.19861],[15.83599,56.19836],[15.83592,56.19825],[15.8353,56.19797],[15.83517,56.19754],[15.83512,56.19731],[15.83512,56.19731],[15.83512,56.19731],[15.83496,56.19733],[15.83495,56.19732],[15.83495,56.19732],[15.83495,56.19732],[15.83436,56.19744],[15.83436,56.19745],[15.83435,56.19746],[15.83432,56.19745],[15.83428,56.19745],[15.83416,56.1974],[15.83416,56.19727],[15.83416,56.19727],[15.83416,56.19727],[15.83411,56.19725],[15.8341,56.19725],[15.83395,56.19735],[15.83389,56.19738],[15.83384,56.19739],[15.83379,56.19738],[15.83376,56.19729],[15.83388,56.19704],[15.83388,56.19704],[15.83388,56.19704],[15.83367,56.19703],[15.83365,56.197],[15.83369,56.19697],[15.83373,56.19696],[15.83374,56.19696],[15.83391,56.19686],[15.83391,56.19686],[15.83391,56.19686],[15.83391,56.19686],[15.83391,56.19686],[15.8338,56.19684],[15.83367,56.19685],[15.83357,56.19684],[15.83355,56.19682],[15.83355,56.19678],[15.83368,56.19671],[15.83422,56.19678],[15.83444,56.19676],[15.83444,56.19676],[15.83452,56.19671],[15.83456,56.19656],[15.83454,56.19651],[15.83443,56.19639],[15.83443,56.19639],[15.83432,56.1964],[15.83422,56.19643],[15.83422,56.19643],[15.83422,56.19643],[15.83423,56.19645],[15.83416,56.19653],[15.83409,56.19652],[15.83404,56.19645],[15.83406,56.1964],[15.83409,56.19639],[15.83419,56.1963],[15.83419,56.1963],[15.83419,56.19629],[15.8342,56.19626],[15.83421,56.19624],[15.83424,56.19622],[15.8343,56.19621],[15.8343,56.19621],[15.83431,56.19621],[15.83429,56.19618],[15.83429,56.19618],[15.83429,56.19618],[15.83255,56.19621],[15.8312,56.19623],[15.8312,56.19623],[15.8312,56.19623],[15.83118,56.19654],[15.83118,56.19654],[15.83133,56.19661],[15.83144,56.19663],[15.83157,56.19662],[15.83205,56.19663],[15.83212,56.19675],[15.83214,56.19683],[15.83214,56.19683],[15.83214,56.19683],[15.83301,56.19687],[15.83302,56.19694],[15.83297,56.19699],[15.83288,56.1971],[15.83283,56.19725],[15.83283,56.19753],[15.83285,56.19779],[15.83285,56.19779],[15.83285,56.19779],[15.83287,56.19779],[15.83342,56.19781],[15.83411,56.1977],[15.83418,56.19775],[15.83425,56.19785],[15.8341,56.19786],[15.8341,56.19786],[15.83406,56.19789],[15.83404,56.19795],[15.83411,56.19801],[15.83427,56.19804],[15.8343,56.19806],[15.8343,56.19808],[15.83409,56.19821],[15.8335,56.19842],[15.8335,56.19842],[15.8335,56.19842],[15.83351,56.19843],[15.83352,56.19849],[15.83351,56.19856],[15.83348,56.19861],[15.83336,56.19868],[15.83329,56.19873],[15.83327,56.19876],[15.83327,56.19882],[15.83331,56.19889],[15.83345,56.19895],[15.83345,56.19895],[15.83358,56.19895],[15.83365,56.19897],[15.83377,56.19898],[15.83381,56.19902],[15.83383,56.19906],[15.83384,56.19917],[15.83383,56.19933],[15.8338,56.19947],[15.83393,56.19957],[15.83407,56.19969],[15.83428,56.19993],[15.83427,56.20001],[15.83426,56.20005],[15.83419,56.20007],[15.83416,56.20007],[15.83397,56.20001],[15.83367,56.19988],[15.83342,56.19981],[15.83328,56.19979],[15.83315,56.19979],[15.83306,56.1998],[15.8329,56.19983],[15.83274,56.1999],[15.83266,56.19998],[15.83256,56.20002],[15.83247,56.20003],[15.83238,56.2],[15.83232,56.19997],[15.83219,56.19987],[15.83214,56.19983],[15.83203,56.19978],[15.83182,56.19968],[15.83139,56.19969],[15.83104,56.19969],[15.83085,56.19967],[15.83069,56.19963],[15.83059,56.1996],[15.83048,56.1996],[15.83048,56.1996],[15.83042,56.19966],[15.83037,56.19972],[15.83038,56.19995],[15.83043,56.20018],[15.83044,56.20033],[15.83039,56.20046],[15.83031,56.20063],[15.83027,56.20076],[15.83024,56.20105],[15.83025,56.2012],[15.83028,56.20133],[15.83033,56.2014],[15.83041,56.20148],[15.83043,56.2015],[15.83043,56.2015],[15.83043,56.2015],[15.83063,56.20131],[15.83081,56.20116],[15.83095,56.20105],[15.83109,56.20095]]]},"properties":{"NVRID":"2064823","NAMN":"Ådalen","SKYDDSTYP":"Naturreservat","LAN":"Blekinge Län","KOMMUN":"Karlskrona","IUCNKATEGORI":"IV, Habitat/Artskyddsområde (Habitat/Species Management Area)","FORVALTARE":"Länsstyrelsen i Blekinge län","AREA_HA":14.419,"URSPR_BESLUTSDATUM":"2024-12-03"}},{"type":"Feature","geometry":{"type":"Polygon","coordinates":[[[15.81747,56.07304],[15.81741,56.07302],[15.81741,56.07302],[15.81741,56.07302],[15.81741,56.07302],[15.81847,56.07698],[15.81107,56.08451],[15.80885,56.08542],[15.80885,56.08542],[15.80885,56.08542],[15.80885,56.08542],[15.80885,56.08542],[15.8135,56.08617],[15.8194,56.08743],[15.81973,56.08748],[15.82027,56.08753],[15.82078,56.08754],[15.82129,56.08753],[15.82174,56.08748],[15.82216,56.0874],[15.82261,56.08731],[15.82305,56.0872],[15.82372,56.08701],[15.82427,56.08686],[15.82495,56.08666],[15.82541,56.0865],[15.82595,56.08629],[15.82651,56.08609],[15.82684,56.08594],[15.82725,56.08582],[15.82776,56.08564],[15.82809,56.08551],[15.82858,56.08532],[15.82907,56.08511],[15.82945,56.08495],[15.82985,56.08477],[15.83006,56.08461],[15.8303,56.08446],[15.83348,56.08596],[15.83348,56.08596],[15.83348,56.08596],[15.83432,56.08577],[15.83738,56.0865],[15.83883,56.08708],[15.83884,56.08708],[15.83884,56.08708],[15.83932,56.08687],[15.83955,56.0869],[15.83955,56.0869],[15.83955,56.0869],[15.84216,56.08578],[15.84237,56.0857],[15.84248,56.08563],[15.84248,56.08563],[15.84252,56.08556],[15.84255,56.08549],[15.84253,56.08536],[15.84244,56.08514],[15.84239,56.085],[15.84233,56.08486],[15.84229,56.08468],[15.84308,56.08473],[15.84441,56.08482],[15.84319,56.08841],[15.83929,56.0902],[15.83929,56.0902],[15.83929,56.0902],[15.83929,56.0902],[15.83929,56.0902],[15.84612,56.09181],[15.84612,56.09181],[15.84613,56.09181],[15.84793,56.08987],[15.84799,56.08974],[15.84829,56.08925],[15.84854,56.08921],[15.84854,56.08921],[15.84866,56.08914],[15.84875,56.08905],[15.84883,56.08898],[15.84894,56.08892],[15.8491,56.08886],[15.8492,56.0888],[15.84929,56.08871],[15.84929,56.08871],[15.84929,56.08871],[15.84928,56.08871],[15.84928,56.08871],[15.84915,56.08877],[15.84902,56.08884],[15.84891,56.08887],[15.84879,56.08888],[15.84865,56.08892],[15.84847,56.08899],[15.84806,56.08899],[15.8479,56.08858],[15.84792,56.0885],[15.84893,56.08822],[15.84924,56.08795],[15.84932,56.08783],[15.8494,56.08768],[15.85059,56.08779],[15.85059,56.08779],[15.85154,56.08713],[15.85776,56.08472],[15.85776,56.08472],[15.85852,56.07729],[15.85843,56.07706],[15.85828,56.07686],[15.85802,56.07656],[15.85762,56.07613],[15.8572,56.0757],[15.85679,56.07538],[15.85622,56.07494],[15.85587,56.0747],[15.85541,56.07436],[15.85459,56.07376],[15.85361,56.07303],[15.85167,56.07162],[15.85153,56.0715],[15.85113,56.07128],[15.85078,56.07113],[15.8504,56.07102],[15.84989,56.07084],[15.84947,56.07069],[15.84912,56.07052],[15.8489,56.0704],[15.8486,56.07024],[15.84839,56.07011],[15.8481,56.06994],[15.84785,56.06977],[15.84735,56.06942],[15.84698,56.06918],[15.84655,56.0689],[15.84631,56.06873],[15.846,56.06856],[15.84557,56.06834],[15.84503,56.06812],[15.8444,56.06785],[15.84362,56.06749],[15.84301,56.06717],[15.84237,56.06686],[15.84179,56.06656],[15.84147,56.06639],[15.84121,56.06625],[15.84096,56.06614],[15.84045,56.06595],[15.84018,56.06585],[15.83993,56.06574],[15.83953,56.06557],[15.83912,56.06543],[15.83876,56.06535],[15.83849,56.06528],[15.83812,56.06527],[15.83792,56.06528],[15.83751,56.06535],[15.83732,56.06542],[15.83711,56.06565],[15.83691,56.06588],[15.8368,56.06612],[15.8367,56.06643],[15.83671,56.06691],[15.83677,56.06734],[15.8368,56.06762],[15.83684,56.06796],[15.83689,56.06826],[15.83695,56.06847],[15.837,56.0687],[15.83697,56.0689],[15.83686,56.06905],[15.83675,56.06918],[15.83659,56.06925],[15.83639,56.06931],[15.83624,56.06932],[15.83602,56.06926],[15.83573,56.06914],[15.83554,56.06904],[15.8353,56.06886],[15.83507,56.06865],[15.83489,56.06848],[15.8347,56.06822],[15.83452,56.06798],[15.83433,56.06771],[15.83423,56.06754],[15.83412,56.06733],[15.83402,56.06714],[15.83405,56.06699],[15.83421,56.06688],[15.83448,56.06678],[15.83471,56.06668],[15.83485,56.06654],[15.83491,56.06642],[15.83487,56.06625],[15.83487,56.06625],[15.83475,56.06617],[15.8346,56.06613],[15.83446,56.06613],[15.83423,56.0662],[15.83394,56.06632],[15.83371,56.06641],[15.83346,56.06654],[15.83316,56.06666],[15.83286,56.06681],[15.83259,56.06694],[15.8323,56.06703],[15.83197,56.06716],[15.83155,56.06729],[15.8311,56.06745],[15.83062,56.0676],[15.83015,56.06776],[15.82962,56.06794],[15.82915,56.0681],[15.8287,56.06827],[15.82815,56.06845],[15.82775,56.06858],[15.81747,56.07304]],[[15.85014,56.07795],[15.85069,56.07779],[15.851,56.07809],[15.85047,56.07827],[15.85014,56.07795]],[[15.84643,56.07888],[15.84705,56.07872],[15.84739,56.07902],[15.84674,56.07919],[15.84643,56.07888]],[[15.84415,56.07935],[15.84481,56.07919],[15.84512,56.07953],[15.84444,56.07968],[15.84415,56.07935]],[[15.84156,56.07992],[15.84252,56.07988],[15.84256,56.08033],[15.84161,56.08035],[15.84156,56.07992]],[[15.84155,56.0817],[15.84213,56.0817],[15.84235,56.08279],[15.84177,56.08283],[15.84155,56.0817]]]},"properties":{"NVRID":"2000070","NAMN":"Torhamns udde","SKYDDSTYP":"Naturreservat","LAN":"Blekinge Län","KOMMUN":"Karlskrona","IUCNKATEGORI":"V, Skyddat landskap/havsområde (Protected Landscape/Seascape)","FORVALTARE":"Länsstyrelsen i Blekinge län","AREA_HA":510.971,"URSPR_BESLUTSDATUM":"1977-06-06"}}]}