{"type":"FeatureCollection","features":[{"type":"Feature","geometry":{"type":"Polygon","coordinates":[[[18.89533,57.88368],[18.89416,57.88354],[18.89416,57.88354],[18.89416,57.88354],[18.89416,57.88354],[18.89397,57.88392],[18.8939,57.88415],[18.89384,57.88445],[18.89382,57.88477],[18.89387,57.88524],[18.89393,57.88546],[18.894,57.88569],[18.8941,57.88593],[18.89423,57.88618],[18.89441,57.88636],[18.89441,57.88636],[18.89535,57.88658],[18.8959,57.88669],[18.89686,57.88678],[18.8974,57.88688],[18.89817,57.887],[18.89817,57.887],[18.89895,57.88668],[18.89952,57.88652],[18.90044,57.88655],[18.90111,57.88736],[18.90011,57.88864],[18.89624,57.88925],[18.89624,57.88925],[18.89624,57.88925],[18.89633,57.88947],[18.89649,57.89006],[18.89661,57.89074],[18.89663,57.89108],[18.89663,57.89151],[18.8966,57.89242],[18.89655,57.8934],[18.89653,57.89371],[18.89652,57.89425],[18.89658,57.89497],[18.89667,57.89541],[18.89682,57.89588],[18.89695,57.89624],[18.89721,57.89677],[18.89743,57.89717],[18.89771,57.89761],[18.89798,57.898],[18.89837,57.89844],[18.89867,57.89875],[18.89936,57.89942],[18.89995,57.9],[18.90065,57.90068],[18.90097,57.901],[18.90097,57.901],[18.90097,57.901],[18.90207,57.90081],[18.9022,57.90089],[18.90225,57.90092],[18.90236,57.901],[18.90253,57.90108],[18.90276,57.90114],[18.90306,57.90118],[18.90306,57.90118],[18.9035,57.90107],[18.90377,57.90099],[18.904,57.9009],[18.90415,57.90089],[18.90477,57.90076],[18.9053,57.90058],[18.90538,57.90056],[18.90548,57.90054],[18.90577,57.90051],[18.90593,57.90048],[18.90608,57.90044],[18.90646,57.90034],[18.9066,57.90031],[18.90698,57.9003],[18.90716,57.9003],[18.90737,57.90031],[18.90753,57.90032],[18.90777,57.9003],[18.90788,57.90029],[18.90799,57.90028],[18.90827,57.90024],[18.90845,57.90027],[18.90901,57.90015],[18.90902,57.90015],[18.90932,57.90018],[18.90956,57.90019],[18.90963,57.90019],[18.90979,57.90027],[18.90997,57.90038],[18.91064,57.9006],[18.91091,57.90068],[18.91097,57.9007],[18.91111,57.90079],[18.91156,57.90098],[18.91175,57.90104],[18.91183,57.90107],[18.91189,57.9011],[18.91193,57.90113],[18.91204,57.90121],[18.91208,57.90124],[18.9121,57.90127],[18.91211,57.9013],[18.91206,57.90147],[18.91201,57.90162],[18.91199,57.9017],[18.91194,57.90181],[18.91188,57.90199],[18.91185,57.9021],[18.91184,57.90237],[18.91186,57.90249],[18.91191,57.9026],[18.91201,57.90276],[18.9122,57.90289],[18.91233,57.90296],[18.91241,57.90301],[18.9126,57.90315],[18.91263,57.90318],[18.91266,57.90323],[18.91274,57.90343],[18.9131,57.90366],[18.91326,57.90376],[18.91333,57.90383],[18.91343,57.90393],[18.91344,57.90395],[18.91346,57.90402],[18.91367,57.90432],[18.91379,57.90446],[18.91414,57.90465],[18.91426,57.90471],[18.91439,57.90479],[18.91444,57.90483],[18.91454,57.90496],[18.9147,57.9051],[18.91482,57.90518],[18.91494,57.90528],[18.91499,57.90533],[18.91505,57.90542],[18.91527,57.90584],[18.91557,57.90625],[18.91571,57.90642],[18.91583,57.90653],[18.91584,57.90656],[18.91584,57.90661],[18.91584,57.90666],[18.91583,57.90667],[18.91576,57.90681],[18.91563,57.90696],[18.9155,57.90711],[18.91532,57.90745],[18.91523,57.90762],[18.91518,57.90779],[18.91518,57.90814],[18.91521,57.90829],[18.91533,57.90851],[18.91571,57.90884],[18.91585,57.90895],[18.91609,57.90914],[18.9163,57.9093],[18.91648,57.90942],[18.91667,57.90955],[18.91678,57.90962],[18.91695,57.90975],[18.91708,57.90985],[18.91736,57.9101],[18.91751,57.91024],[18.91758,57.91031],[18.91764,57.91037],[18.91773,57.91047],[18.91803,57.91065],[18.91803,57.91065],[18.91803,57.91065],[18.91803,57.91065],[18.91829,57.91042],[18.91834,57.91045],[18.91848,57.91053],[18.91859,57.91057],[18.91868,57.91061],[18.9187,57.91062],[18.91922,57.91089],[18.91991,57.91114],[18.92048,57.91135],[18.92111,57.9116],[18.92163,57.91174],[18.922,57.91183],[18.92219,57.9119],[18.92226,57.91193],[18.92235,57.91193],[18.92245,57.91191],[18.92252,57.9119],[18.92256,57.9119],[18.9225,57.91196],[18.92246,57.912],[18.92246,57.912],[18.92248,57.91204],[18.92212,57.91224],[18.92212,57.91224],[18.92212,57.91224],[18.92213,57.91225],[18.92228,57.9124],[18.92254,57.9126],[18.92283,57.91278],[18.92314,57.9129],[18.92382,57.91309],[18.92431,57.91317],[18.92078,57.91356],[18.91813,57.91385],[18.90473,57.91532],[18.90472,57.91532],[18.90472,57.91532],[18.90487,57.91703],[18.90255,57.9176],[18.90197,57.91792],[18.9016,57.91815],[18.89993,57.91971],[18.89949,57.92028],[18.89843,57.92189],[18.8984,57.92217],[18.89854,57.92243],[18.89885,57.9227],[18.89934,57.92293],[18.89948,57.92306],[18.90005,57.92359],[18.90005,57.92359],[18.90006,57.92359],[18.90111,57.92353],[18.90446,57.92335],[18.90521,57.92346],[18.90602,57.92358],[18.91416,57.92322],[18.91451,57.9232],[18.91614,57.92424],[18.91641,57.92438],[18.91648,57.92439],[18.91668,57.92442],[18.91693,57.92449],[18.91693,57.92449],[18.91697,57.92448],[18.91704,57.92447],[18.91711,57.92447],[18.91724,57.92447],[18.91765,57.92448],[18.91807,57.92451],[18.91816,57.92452],[18.9183,57.92454],[18.91855,57.92457],[18.91894,57.92459],[18.91918,57.92458],[18.91923,57.92458],[18.91941,57.92457],[18.91985,57.92459],[18.92,57.9246],[18.92048,57.92463],[18.92068,57.92466],[18.92104,57.92472],[18.92126,57.92476],[18.92153,57.92482],[18.92191,57.9249],[18.92206,57.92493],[18.92247,57.92501],[18.9227,57.92508],[18.92296,57.92517],[18.92318,57.92528],[18.92326,57.92535],[18.92337,57.92554],[18.92335,57.92565],[18.92333,57.92569],[18.92332,57.92573],[18.92333,57.92583],[18.92331,57.92595],[18.92333,57.926],[18.92341,57.92625],[18.92341,57.92631],[18.92339,57.92642],[18.92342,57.92654],[18.92342,57.92655],[18.92357,57.92658],[18.92357,57.92658],[18.92377,57.92658],[18.92386,57.92656],[18.92393,57.92654],[18.92401,57.92655],[18.9242,57.92658],[18.9246,57.92665],[18.92481,57.92665],[18.92499,57.92665],[18.92525,57.92666],[18.92533,57.92669],[18.92539,57.92671],[18.92553,57.92674],[18.92572,57.92676],[18.92572,57.92675],[18.92578,57.92674],[18.92596,57.92664],[18.92602,57.92654],[18.92602,57.92646],[18.92604,57.92641],[18.9261,57.92637],[18.92619,57.92632],[18.92633,57.92625],[18.92655,57.92618],[18.92696,57.92603],[18.92711,57.92605],[18.92739,57.92621],[18.92757,57.92626],[18.92758,57.92626],[18.9277,57.92621],[18.92778,57.9262],[18.92791,57.92617],[18.92801,57.92614],[18.92801,57.92614],[18.92801,57.92614],[18.92797,57.92611],[18.9279,57.92609],[18.92789,57.92605],[18.92791,57.92602],[18.92795,57.92601],[18.92801,57.926],[18.92808,57.92596],[18.92808,57.92596],[18.92808,57.92596],[18.92807,57.92593],[18.92807,57.92593],[18.928,57.9259],[18.92795,57.92587],[18.92787,57.92575],[18.92788,57.92571],[18.92792,57.92569],[18.92793,57.92566],[18.92791,57.92561],[18.92789,57.92556],[18.92783,57.9255],[18.92782,57.92547],[18.92784,57.92541],[18.9279,57.92535],[18.92799,57.92529],[18.92803,57.92523],[18.92816,57.92521],[18.92831,57.92523],[18.92854,57.92524],[18.92879,57.92522],[18.92898,57.92517],[18.92923,57.9251],[18.92943,57.92501],[18.92952,57.92493],[18.92962,57.92488],[18.92962,57.92488],[18.92962,57.92488],[18.92956,57.9248],[18.92944,57.92472],[18.92933,57.92465],[18.9292,57.92454],[18.9292,57.92449],[18.92944,57.92415],[18.92983,57.92376],[18.93001,57.9236],[18.93023,57.92344],[18.93035,57.92334],[18.93038,57.92331],[18.93043,57.92327],[18.93052,57.92321],[18.93076,57.92303],[18.93096,57.9229],[18.93103,57.92285],[18.93115,57.92277],[18.93142,57.92258],[18.93173,57.92234],[18.93191,57.92218],[18.932,57.92212],[18.9321,57.92204],[18.93232,57.92183],[18.93235,57.9218],[18.93247,57.92171],[18.93263,57.92158],[18.93272,57.92151],[18.9328,57.92145],[18.93287,57.92138],[18.93297,57.92131],[18.93317,57.92119],[18.93324,57.92114],[18.93347,57.92098],[18.9339,57.92072],[18.93408,57.92059],[18.93433,57.92042],[18.93467,57.92023],[18.9349,57.9201],[18.93505,57.92001],[18.93511,57.91999],[18.93524,57.91999],[18.93532,57.92],[18.93537,57.92],[18.93537,57.92],[18.93548,57.91998],[18.93558,57.91995],[18.93563,57.9199],[18.93564,57.91986],[18.93561,57.9198],[18.93557,57.91977],[18.93556,57.91972],[18.93559,57.91967],[18.93564,57.91961],[18.9357,57.91957],[18.93591,57.91945],[18.93609,57.91936],[18.93624,57.91928],[18.93624,57.91928],[18.93622,57.91924],[18.93615,57.91912],[18.93543,57.91773],[18.93542,57.91773],[18.93542,57.91773],[18.93542,57.91773],[18.9352,57.918],[18.93471,57.91842],[18.93354,57.91844],[18.93369,57.91801],[18.93474,57.91729],[18.93474,57.91729],[18.93474,57.91729],[18.93383,57.91672],[18.93389,57.91672],[18.93424,57.91666],[18.9347,57.91658],[18.93492,57.91653],[18.93512,57.91646],[18.93545,57.91637],[18.93552,57.91635],[18.93564,57.9163],[18.93591,57.91618],[18.93624,57.91597],[18.93627,57.91595],[18.93627,57.91593],[18.93629,57.91548],[18.93631,57.91548],[18.93631,57.91548],[18.93631,57.91548],[18.93631,57.91529],[18.93642,57.91517],[18.93669,57.91518],[18.93665,57.91549],[18.93665,57.91549],[18.93665,57.91549],[18.93736,57.91552],[18.93722,57.91566],[18.93722,57.91566],[18.93722,57.91566],[18.9378,57.91593],[18.9378,57.91593],[18.9378,57.91593],[18.93856,57.9157],[18.93932,57.91623],[18.93932,57.91623],[18.93932,57.91623],[18.93933,57.91623],[18.93981,57.91587],[18.94024,57.9161],[18.93974,57.91638],[18.93924,57.91667],[18.93924,57.91667],[18.93924,57.91667],[18.94088,57.91806],[18.94105,57.9182],[18.94105,57.9182],[18.94105,57.9182],[18.94115,57.9182],[18.94149,57.9182],[18.94191,57.91818],[18.94222,57.91816],[18.94287,57.91813],[18.9433,57.91813],[18.94412,57.91808],[18.94431,57.91807],[18.94452,57.91809],[18.9446,57.9181],[18.94472,57.91812],[18.94478,57.91814],[18.94484,57.91818],[18.94493,57.91822],[18.94503,57.91825],[18.9451,57.9183],[18.94523,57.91839],[18.94525,57.91845],[18.94528,57.91847],[18.94534,57.91854],[18.94566,57.91892],[18.94589,57.91912],[18.94596,57.91924],[18.94599,57.91932],[18.94597,57.91942],[18.94594,57.91947],[18.94575,57.91964],[18.9457,57.91967],[18.94568,57.91968],[18.94563,57.91971],[18.94552,57.91977],[18.94549,57.91979],[18.94544,57.91983],[18.94539,57.91985],[18.94519,57.92003],[18.94503,57.92026],[18.94501,57.92033],[18.9449,57.92061],[18.94485,57.92071],[18.94481,57.92083],[18.94477,57.92099],[18.94473,57.92105],[18.94459,57.92115],[18.94453,57.9212],[18.94443,57.92131],[18.94439,57.92137],[18.94435,57.9215],[18.94427,57.92186],[18.94432,57.92201],[18.94437,57.92213],[18.94441,57.92225],[18.94441,57.92228],[18.94439,57.92235],[18.94438,57.92236],[18.94438,57.92237],[18.94437,57.92248],[18.94419,57.92282],[18.94409,57.92299],[18.94404,57.92314],[18.94402,57.92325],[18.944,57.9234],[18.94404,57.92359],[18.94411,57.92372],[18.94419,57.92381],[18.94439,57.924],[18.94472,57.92436],[18.9448,57.9245],[18.94489,57.92459],[18.94498,57.92472],[18.94517,57.92494],[18.94535,57.92509],[18.94545,57.92517],[18.94558,57.92527],[18.9457,57.92534],[18.9458,57.9254],[18.94603,57.92557],[18.94612,57.9257],[18.94616,57.92579],[18.94619,57.92606],[18.94622,57.9262],[18.94628,57.92643],[18.94632,57.92668],[18.94633,57.92683],[18.9463,57.92698],[18.9462,57.92741],[18.9461,57.92764],[18.94606,57.92769],[18.94605,57.92774],[18.94605,57.92783],[18.94607,57.9279],[18.9462,57.92822],[18.94627,57.92842],[18.94634,57.9285],[18.94654,57.92869],[18.94693,57.92899],[18.94706,57.92905],[18.9472,57.92911],[18.94743,57.92922],[18.94775,57.92939],[18.94789,57.92943],[18.94804,57.92946],[18.94837,57.92946],[18.94851,57.92944],[18.94875,57.92938],[18.9491,57.92927],[18.94919,57.92922],[18.94931,57.92912],[18.94945,57.92901],[18.94986,57.92863],[18.9501,57.92838],[18.95034,57.92814],[18.95043,57.92809],[18.95064,57.92799],[18.95069,57.92795],[18.95078,57.92781],[18.95085,57.92762],[18.95085,57.92754],[18.95081,57.92746],[18.95075,57.92737],[18.95067,57.9273],[18.95052,57.9272],[18.95027,57.92706],[18.95017,57.92703],[18.94996,57.92698],[18.94982,57.92694],[18.94926,57.92677],[18.94915,57.92673],[18.94898,57.92666],[18.94891,57.92661],[18.94882,57.92655],[18.94871,57.92646],[18.94864,57.92639],[18.94855,57.92624],[18.94851,57.92614],[18.94847,57.92593],[18.9485,57.92561],[18.94854,57.92529],[18.94851,57.92521],[18.94835,57.92499],[18.94834,57.92491],[18.94836,57.92481],[18.94832,57.92455],[18.94817,57.9244],[18.94808,57.92431],[18.94798,57.92418],[18.94793,57.92408],[18.94792,57.92402],[18.94794,57.92394],[18.94794,57.92388],[18.94792,57.92378],[18.94786,57.92371],[18.9478,57.92367],[18.9477,57.92362],[18.94758,57.92359],[18.94741,57.92355],[18.94732,57.92352],[18.94725,57.92349],[18.94722,57.92344],[18.94712,57.92336],[18.94681,57.92316],[18.94678,57.92309],[18.9467,57.92282],[18.94672,57.92256],[18.94684,57.92242],[18.94695,57.92227],[18.94699,57.92218],[18.94699,57.92211],[18.94696,57.92184],[18.94695,57.92173],[18.94691,57.92162],[18.94675,57.92139],[18.94672,57.92134],[18.94668,57.92123],[18.94667,57.92102],[18.9466,57.92074],[18.9466,57.92058],[18.94661,57.92047],[18.94658,57.9203],[18.94651,57.92006],[18.94636,57.91973],[18.94628,57.91959],[18.94618,57.91937],[18.9461,57.91924],[18.94543,57.91848],[18.94538,57.91842],[18.94532,57.91837],[18.94526,57.91832],[18.94508,57.91813],[18.94505,57.91807],[18.94501,57.91781],[18.945,57.91768],[18.94497,57.91762],[18.94493,57.91755],[18.94485,57.91745],[18.94477,57.91734],[18.94474,57.91725],[18.94475,57.9172],[18.94481,57.91713],[18.94489,57.91707],[18.94498,57.91702],[18.94503,57.91697],[18.94511,57.9169],[18.94516,57.91688],[18.94524,57.91685],[18.94568,57.9166],[18.94573,57.91654],[18.94576,57.91653],[18.94585,57.91648],[18.94602,57.91641],[18.9462,57.91634],[18.94632,57.91627],[18.94632,57.91627],[18.94632,57.91622],[18.94625,57.91617],[18.94625,57.91617],[18.9462,57.91616],[18.94612,57.91615],[18.94601,57.91613],[18.94601,57.91613],[18.94594,57.91614],[18.94588,57.91616],[18.94575,57.9162],[18.94566,57.91622],[18.94566,57.91622],[18.94564,57.91624],[18.94564,57.91632],[18.94562,57.91635],[18.94558,57.91637],[18.9455,57.91635],[18.94519,57.91625],[18.94514,57.9162],[18.94512,57.91617],[18.94512,57.9161],[18.94517,57.91601],[18.94522,57.91597],[18.94528,57.91594],[18.94533,57.91593],[18.94546,57.91592],[18.9457,57.91592],[18.94585,57.91593],[18.94621,57.91597],[18.94637,57.91602],[18.9464,57.91606],[18.94642,57.91611],[18.94656,57.91618],[18.94658,57.91621],[18.94658,57.91621],[18.94666,57.91625],[18.94676,57.91629],[18.94678,57.91632],[18.9468,57.91637],[18.94685,57.91644],[18.94685,57.91647],[18.94679,57.91657],[18.94669,57.91668],[18.94668,57.91672],[18.9467,57.91676],[18.94677,57.91684],[18.94696,57.917],[18.94701,57.91705],[18.94706,57.91707],[18.94712,57.91707],[18.94718,57.91705],[18.94728,57.91703],[18.94738,57.91702],[18.94747,57.91703],[18.94762,57.91704],[18.948,57.91704],[18.94817,57.91705],[18.94822,57.91706],[18.94834,57.91715],[18.94835,57.91717],[18.94842,57.91723],[18.94841,57.91726],[18.94842,57.91727],[18.94844,57.91729],[18.94852,57.91731],[18.94858,57.91734],[18.9486,57.91738],[18.94862,57.91742],[18.94862,57.91742],[18.94869,57.91743],[18.94887,57.91747],[18.9496,57.91759],[18.9496,57.91759],[18.94959,57.9178],[18.94954,57.91811],[18.94954,57.91818],[18.94953,57.91837],[18.94953,57.91837],[18.94953,57.91837],[18.94953,57.91837],[18.94959,57.91837],[18.94959,57.91837],[18.94959,57.91837],[18.94965,57.91805],[18.94969,57.91761],[18.94971,57.9176],[18.94977,57.91759],[18.94983,57.91756],[18.94996,57.91746],[18.95009,57.91742],[18.9502,57.91741],[18.9503,57.91739],[18.95074,57.9173],[18.95097,57.91728],[18.95108,57.91728],[18.95146,57.91729],[18.9517,57.91733],[18.95179,57.91734],[18.95193,57.91736],[18.952,57.9174],[18.95206,57.91746],[18.95206,57.91751],[18.95202,57.91761],[18.95202,57.91761],[18.95206,57.91764],[18.95229,57.91772],[18.95229,57.91772],[18.95235,57.91772],[18.95255,57.91772],[18.95263,57.91773],[18.95269,57.91773],[18.95278,57.91771],[18.95281,57.91768],[18.95288,57.91759],[18.95288,57.91755],[18.95291,57.9175],[18.95305,57.91742],[18.95312,57.91739],[18.95324,57.91737],[18.95368,57.91735],[18.95441,57.91735],[18.95441,57.91735],[18.9546,57.91731],[18.95486,57.91722],[18.95499,57.91716],[18.95509,57.91711],[18.95517,57.91704],[18.95534,57.91684],[18.95546,57.91672],[18.9555,57.91668],[18.95567,57.91656],[18.95575,57.91653],[18.95591,57.91649],[18.95608,57.9164],[18.95648,57.91616],[18.9566,57.91609],[18.95684,57.916],[18.95702,57.91594],[18.95729,57.91582],[18.95749,57.91572],[18.95753,57.91566],[18.95755,57.91558],[18.95751,57.91537],[18.95749,57.91521],[18.95753,57.91512],[18.95758,57.91499],[18.95757,57.91488],[18.95754,57.91479],[18.9575,57.91467],[18.95752,57.9146],[18.95755,57.91455],[18.95758,57.91451],[18.95781,57.91305],[18.9578,57.91305],[18.9578,57.91305],[18.9578,57.91305],[18.95719,57.91315],[18.95706,57.913],[18.95669,57.91258],[18.95794,57.91232],[18.95794,57.91232],[18.95794,57.91232],[18.95815,57.9112],[18.95903,57.90719],[18.95954,57.9061],[18.9624,57.89731],[18.96301,57.89549],[18.96301,57.89549],[18.95532,57.89051],[18.94739,57.87643],[18.95017,57.8721],[18.95138,57.87021],[18.95138,57.87021],[18.95138,57.87021],[18.95138,57.87021],[18.95097,57.87013],[18.9507,57.8701],[18.95055,57.87007],[18.95044,57.87005],[18.95029,57.87001],[18.94998,57.86994],[18.94982,57.86988],[18.94975,57.86984],[18.94964,57.86978],[18.94952,57.86973],[18.94935,57.86969],[18.94906,57.86963],[18.94854,57.86956],[18.94819,57.86948],[18.94791,57.86942],[18.94761,57.86933],[18.94738,57.86924],[18.9472,57.86917],[18.9471,57.86914],[18.94698,57.86912],[18.94614,57.86912],[18.94558,57.86912],[18.94529,57.86914],[18.94508,57.86914],[18.9449,57.86914],[18.94457,57.86912],[18.94412,57.86907],[18.94367,57.86902],[18.94225,57.86883],[18.94142,57.86878],[18.94111,57.86875],[18.92312,57.87306],[18.92312,57.87306],[18.92312,57.87306],[18.92518,57.87543],[18.93045,57.88157],[18.93009,57.8816],[18.92727,57.88181],[18.92315,57.88212],[18.92315,57.88212],[18.92315,57.88212],[18.92315,57.88212],[18.92315,57.88212],[18.92346,57.88245],[18.91728,57.88324],[18.91728,57.88324],[18.91705,57.88458],[18.91705,57.88458],[18.91705,57.88458],[18.91982,57.88526],[18.92285,57.88514],[18.91879,57.88668],[18.91612,57.88678],[18.91053,57.88818],[18.91016,57.88767],[18.91016,57.88767],[18.91016,57.88767],[18.90727,57.88839],[18.90727,57.88839],[18.90727,57.88839],[18.90761,57.88902],[18.9061,57.88912],[18.90314,57.8898],[18.90152,57.88784],[18.90251,57.88685],[18.90323,57.88665],[18.90324,57.88665],[18.9036,57.88601],[18.9036,57.88601],[18.90254,57.88536],[18.90254,57.88536],[18.90212,57.88537],[18.90175,57.88519],[18.9014,57.88484],[18.90027,57.88444],[18.90027,57.88444],[18.90027,57.88444],[18.89985,57.8847],[18.89952,57.88461],[18.89961,57.88448],[18.89961,57.88448],[18.89961,57.88448],[18.8989,57.88424],[18.89818,57.88377],[18.89865,57.88343],[18.89865,57.88343],[18.89865,57.88343],[18.89814,57.88331],[18.89772,57.88319],[18.89709,57.88294],[18.89626,57.88265],[18.89593,57.88256],[18.89593,57.88256],[18.89593,57.88256],[18.89533,57.88368]],[[18.94742,57.91614],[18.94794,57.91603],[18.94791,57.91637],[18.94754,57.91643],[18.94742,57.91614]],[[18.95236,57.91553],[18.95311,57.91552],[18.95314,57.91585],[18.95245,57.91588],[18.95236,57.91553]],[[18.94521,57.91429],[18.94599,57.91405],[18.94631,57.91441],[18.9454,57.91462],[18.94521,57.91429]],[[18.95028,57.91415],[18.95027,57.91375],[18.9506,57.91372],[18.95178,57.91363],[18.95187,57.91403],[18.95168,57.91429],[18.95062,57.91419],[18.95028,57.91415]],[[18.94036,57.91531],[18.94052,57.91519],[18.94087,57.9145],[18.94126,57.91456],[18.94173,57.91464],[18.94223,57.91472],[18.94196,57.9152],[18.94129,57.91523],[18.94036,57.91531]],[[18.9527,57.91271],[18.95357,57.91222],[18.9547,57.9128],[18.95384,57.91328],[18.9527,57.91271]],[[18.95182,57.91466],[18.95232,57.91442],[18.9526,57.91459],[18.95261,57.91459],[18.95286,57.91456],[18.95317,57.91449],[18.95389,57.91439],[18.95399,57.91477],[18.95349,57.91483],[18.9533,57.91489],[18.95301,57.91526],[18.9523,57.91523],[18.95214,57.91511],[18.95202,57.91485],[18.95182,57.91466]],[[18.95326,57.91382],[18.95402,57.9134],[18.95576,57.91429],[18.955,57.91471],[18.95326,57.91382]],[[18.93707,57.91508],[18.93732,57.9148],[18.93819,57.9143],[18.93922,57.91522],[18.93934,57.91544],[18.93842,57.91557],[18.93837,57.91535],[18.93837,57.91535],[18.93837,57.91535],[18.93837,57.91535],[18.93781,57.91543],[18.93707,57.91508]],[[18.92327,57.91452],[18.92426,57.91416],[18.92492,57.91468],[18.92529,57.91496],[18.92572,57.9152],[18.92687,57.91559],[18.92774,57.91583],[18.92743,57.91637],[18.92649,57.91618],[18.92513,57.91558],[18.92393,57.91504],[18.92327,57.91452]]]},"properties":{"NVRID":"2000444","NAMN":"Bästeträsk","SKYDDSTYP":"Naturreservat","LAN":"Gotlands Län","KOMMUN":"Gotland","IUCNKATEGORI":"Ia, Strikt naturreservat (Strict Nature Reserve)","FORVALTARE":"Länsstyrelsen i Gotlands län","AREA_HA":1493.808,"URSPR_BESLUTSDATUM":"2001-05-16"}},{"type":"Feature","geometry":{"type":"MultiPolygon","coordinates":[[[[18.71747,57.67636],[18.71747,57.67636],[18.71747,57.67636],[18.71532,57.67643],[18.71531,57.67643],[18.71531,57.67643],[18.71531,57.67644],[18.7156,57.67715],[18.71546,57.67921],[18.71546,57.67921],[18.71546,57.67921],[18.7177,57.67913],[18.71771,57.67913],[18.71771,57.67913],[18.71747,57.67636],[18.71747,57.67636]]],[[[18.71203,57.69034],[18.71203,57.69035],[18.71203,57.69035],[18.71676,57.69024],[18.71676,57.69024],[18.71676,57.69024],[18.71676,57.69024],[18.71676,57.69024],[18.71632,57.69002],[18.71593,57.68952],[18.71542,57.68903],[18.71463,57.68848],[18.71384,57.68817],[18.71337,57.68788],[18.71336,57.68788],[18.71264,57.68781],[18.71184,57.6879],[18.71184,57.6879],[18.71183,57.6879],[18.71199,57.68976],[18.71203,57.69034]]],[[[18.73538,57.68176],[18.73538,57.68176],[18.73538,57.68176],[18.73688,57.68356],[18.73803,57.68494],[18.73804,57.68494],[18.74202,57.68479],[18.74202,57.68479],[18.74202,57.68479],[18.74202,57.68479],[18.74087,57.68341],[18.74087,57.68341],[18.73898,57.68348],[18.73838,57.68163],[18.73838,57.68163],[18.73838,57.68163],[18.73538,57.68176]]],[[[18.73561,57.68361],[18.7362,57.68403],[18.73656,57.6848],[18.73648,57.685],[18.73648,57.685],[18.73648,57.685],[18.73648,57.685],[18.73795,57.68495],[18.73795,57.68495],[18.73795,57.68495],[18.73795,57.68495],[18.7368,57.68356],[18.73534,57.6818],[18.73533,57.6818],[18.73533,57.6818],[18.72696,57.68217],[18.72696,57.68217],[18.72695,57.68217],[18.72695,57.68217],[18.72826,57.68389],[18.72931,57.68528],[18.72931,57.68528],[18.73486,57.68506],[18.73486,57.68506],[18.73486,57.68506],[18.73486,57.68506],[18.73394,57.68435],[18.73356,57.68369],[18.73561,57.68361]]],[[[18.72179,57.6763],[18.72179,57.6763],[18.72179,57.6763],[18.73054,57.67603],[18.73054,57.67603],[18.73054,57.67603],[18.73054,57.67603],[18.72972,57.67505],[18.72764,57.67267],[18.72768,57.67246],[18.72768,57.67246],[18.72768,57.67246],[18.72768,57.67246],[18.72418,57.67254],[18.72175,57.67262],[18.72175,57.67262],[18.72175,57.67262],[18.72174,57.67477],[18.72179,57.6763]]],[[[18.71371,57.68543],[18.71464,57.68519],[18.71464,57.68519],[18.71538,57.68456],[18.71606,57.6837],[18.71666,57.68352],[18.71797,57.68351],[18.71797,57.68351],[18.71797,57.68351],[18.71797,57.68351],[18.7179,57.68254],[18.7179,57.68254],[18.7179,57.68254],[18.72004,57.68244],[18.73538,57.68176],[18.73538,57.68176],[18.73538,57.68176],[18.73538,57.68176],[18.73484,57.6811],[18.73484,57.6811],[18.73484,57.6811],[18.73106,57.68123],[18.73044,57.68043],[18.73044,57.68043],[18.73044,57.68043],[18.7234,57.68067],[18.71539,57.68093],[18.71539,57.68093],[18.71539,57.68093],[18.71556,57.68263],[18.71556,57.68264],[18.71144,57.68281],[18.71144,57.68281],[18.71144,57.68281],[18.71174,57.68675],[18.71174,57.68675],[18.71229,57.68683],[18.71229,57.68683],[18.71229,57.68683],[18.71213,57.68555],[18.71371,57.68543]]]]},"properties":{"NVRID":"2052801","NAMN":"Bojsvätar södra","SKYDDSTYP":"Naturreservat","LAN":"Gotlands Län","KOMMUN":"Gotland","IUCNKATEGORI":"Ia, Strikt naturreservat (Strict Nature Reserve)","FORVALTARE":"Länsstyrelsen i Gotlands län","AREA_HA":77.634,"URSPR_BESLUTSDATUM":"2020-02-06"}},{"type":"Feature","geometry":{"type":"Polygon","coordinates":[[[18.12675,57.49378],[18.12675,57.49378],[18.12675,57.49378],[18.12675,57.49378],[18.12769,57.49408],[18.12853,57.49446],[18.1284,57.49525],[18.1284,57.49525],[18.1284,57.49525],[18.1284,57.49525],[18.13007,57.49536],[18.13014,57.49536],[18.13014,57.49536],[18.13014,57.49536],[18.13041,57.49398],[18.13077,57.49218],[18.13077,57.49218],[18.13077,57.49218],[18.12964,57.49194],[18.12798,57.49159],[18.12798,57.49159],[18.12798,57.49159],[18.12798,57.49159],[18.127,57.4936],[18.12675,57.49378]]]},"properties":{"NVRID":"2000030","NAMN":"Smågårde naturskog","SKYDDSTYP":"Naturreservat","LAN":"Gotlands Län","KOMMUN":"Gotland","IUCNKATEGORI":"0, Områden som ej kan klassificeras enligt IUCN: s system.","FORVALTARE":"Länsstyrelsen i Gotlands län","AREA_HA":6.363,"URSPR_BESLUTSDATUM":"2003-04-28"}},{"type":"Feature","geometry":{"type":"Polygon","coordinates":[[[18.59629,57.37041],[18.59629,57.37041],[18.59636,57.37046],[18.59636,57.37046],[18.60446,57.3709],[18.60432,57.3718],[18.60363,57.3767],[18.6035,57.37771],[18.60318,57.37997],[18.60268,57.38346],[18.60268,57.38346],[18.60268,57.38347],[18.60877,57.38418],[18.61319,57.38469],[18.61324,57.3849],[18.61327,57.38533],[18.61339,57.38553],[18.61352,57.38565],[18.61374,57.38591],[18.61397,57.38611],[18.61403,57.38621],[18.61412,57.38665],[18.61417,57.38684],[18.61415,57.38718],[18.61417,57.38743],[18.61415,57.3877],[18.61405,57.38786],[18.6139,57.38801],[18.61364,57.38835],[18.61339,57.38864],[18.61319,57.38882],[18.61309,57.38892],[18.61309,57.38892],[18.61318,57.38905],[18.61318,57.38905],[18.61318,57.38905],[18.61557,57.38857],[18.61796,57.38809],[18.61796,57.38809],[18.61823,57.38733],[18.61882,57.38559],[18.61908,57.38483],[18.61961,57.38323],[18.61961,57.38323],[18.61961,57.38323],[18.61952,57.38322],[18.61992,57.382],[18.62226,57.37509],[18.62226,57.37509],[18.62226,57.37509],[18.61746,57.37461],[18.61585,57.37445],[18.61183,57.37404],[18.61242,57.37204],[18.61309,57.36978],[18.61309,57.36978],[18.61309,57.36978],[18.60465,57.36886],[18.59993,57.36862],[18.59659,57.36845],[18.59659,57.36845],[18.59659,57.36845],[18.59643,57.36948],[18.59629,57.37041]]]},"properties":{"NVRID":"2000028","NAMN":"Mallgårds haid","SKYDDSTYP":"Naturreservat","LAN":"Gotlands Län","KOMMUN":"Gotland","IUCNKATEGORI":"IV, Habitat/Artskyddsområde (Habitat/Species Management Area)","FORVALTARE":"Länsstyrelsen i Gotlands län","AREA_HA":166.333,"URSPR_BESLUTSDATUM":"2003-11-03"}},{"type":"Feature","geometry":{"type":"Polygon","coordinates":[[[18.67123,57.22909],[18.67085,57.22927],[18.67051,57.22946],[18.67051,57.22946],[18.67051,57.22946],[18.67052,57.22953],[18.67052,57.22953],[18.67607,57.23202],[18.68279,57.23449],[18.68432,57.23712],[18.68432,57.23712],[18.68432,57.23712],[18.68473,57.23709],[18.68512,57.23705],[18.68575,57.23711],[18.6861,57.23714],[18.68652,57.2372],[18.68703,57.23725],[18.68745,57.23731],[18.68793,57.23734],[18.68861,57.23744],[18.68924,57.23748],[18.68985,57.23748],[18.69043,57.23744],[18.69113,57.23734],[18.69179,57.23719],[18.69241,57.23699],[18.6928,57.23692],[18.6932,57.23684],[18.69347,57.23678],[18.69404,57.23662],[18.69453,57.23644],[18.69501,57.23622],[18.69542,57.23599],[18.69578,57.23572],[18.69622,57.23586],[18.69678,57.23602],[18.69733,57.23613],[18.69791,57.23625],[18.69854,57.23635],[18.69896,57.23642],[18.69943,57.23648],[18.70007,57.2366],[18.70065,57.2367],[18.70102,57.23678],[18.70124,57.23682],[18.70158,57.23692],[18.70223,57.23706],[18.703,57.23716],[18.70361,57.23719],[18.70419,57.23718],[18.7046,57.23719],[18.70504,57.23717],[18.70549,57.23713],[18.70576,57.23713],[18.70594,57.23713],[18.70639,57.2371],[18.70689,57.23705],[18.70739,57.237],[18.70773,57.23696],[18.70837,57.23684],[18.70878,57.23675],[18.7094,57.23656],[18.70986,57.23637],[18.7104,57.23608],[18.71073,57.23585],[18.71101,57.23562],[18.71129,57.23531],[18.71149,57.23499],[18.71165,57.23467],[18.71174,57.23429],[18.71174,57.23396],[18.71165,57.23357],[18.71149,57.23324],[18.71127,57.23294],[18.7109,57.23259],[18.71051,57.23231],[18.71007,57.23208],[18.7095,57.23184],[18.70892,57.23166],[18.70856,57.23158],[18.70807,57.23149],[18.70772,57.23139],[18.70732,57.23129],[18.70688,57.23088],[18.707,57.23069],[18.70711,57.23042],[18.70722,57.23001],[18.70724,57.22963],[18.70719,57.22928],[18.7071,57.22897],[18.70696,57.22863],[18.70688,57.22824],[18.70676,57.22793],[18.70658,57.22761],[18.70655,57.22741],[18.70646,57.22714],[18.70627,57.22679],[18.70602,57.22649],[18.70575,57.22619],[18.70541,57.22592],[18.70521,57.22566],[18.70485,57.22531],[18.7045,57.22506],[18.70422,57.22488],[18.70384,57.22464],[18.70372,57.22455],[18.70365,57.22446],[18.70352,57.22424],[18.70324,57.2239],[18.70295,57.22364],[18.70286,57.22357],[18.7025,57.22332],[18.70222,57.22299],[18.70193,57.22274],[18.70187,57.22252],[18.70178,57.22231],[18.70158,57.22201],[18.70148,57.22175],[18.70126,57.2214],[18.70107,57.22115],[18.70077,57.22087],[18.70032,57.22055],[18.69981,57.22027],[18.69918,57.21998],[18.69866,57.21979],[18.69833,57.21965],[18.69763,57.21942],[18.69702,57.21928],[18.69631,57.21916],[18.69569,57.21909],[18.69521,57.21884],[18.69498,57.21874],[18.69474,57.21865],[18.69427,57.21849],[18.69372,57.21836],[18.69358,57.21816],[18.69338,57.21796],[18.69309,57.2177],[18.69281,57.2175],[18.69265,57.2174],[18.69256,57.21732],[18.69232,57.21711],[18.69211,57.21695],[18.69185,57.21678],[18.69164,57.21665],[18.69124,57.21645],[18.69078,57.21626],[18.69042,57.21602],[18.68997,57.21578],[18.68953,57.2156],[18.68907,57.21545],[18.68863,57.21533],[18.68816,57.21523],[18.68771,57.21517],[18.68726,57.21513],[18.68713,57.21511],[18.68666,57.21502],[18.6861,57.21494],[18.68559,57.2149],[18.685,57.21487],[18.68466,57.21485],[18.68428,57.21481],[18.6839,57.21479],[18.68342,57.21478],[18.68311,57.21479],[18.68268,57.21475],[18.68236,57.21473],[18.68202,57.21468],[18.68171,57.21465],[18.68133,57.21462],[18.68083,57.21459],[18.68037,57.21458],[18.67984,57.21459],[18.67959,57.21459],[18.67917,57.21462],[18.67829,57.21472],[18.67773,57.21481],[18.67729,57.21491],[18.6769,57.21501],[18.67655,57.21513],[18.67642,57.21517],[18.67609,57.21529],[18.67569,57.21546],[18.67536,57.21563],[18.67517,57.21573],[18.67485,57.21593],[18.67456,57.21616],[18.67431,57.2164],[18.67414,57.21661],[18.67402,57.21676],[18.67385,57.21702],[18.67372,57.21731],[18.67365,57.21757],[18.67363,57.2178],[18.67363,57.21796],[18.67363,57.21803],[18.67357,57.21827],[18.67355,57.21851],[18.67356,57.21871],[18.67354,57.21887],[18.67354,57.21905],[18.67354,57.21929],[18.67357,57.21946],[18.67363,57.21975],[18.67367,57.21998],[18.67373,57.22021],[18.67381,57.22044],[18.67389,57.22065],[18.67401,57.22086],[18.67411,57.22106],[18.67422,57.22123],[18.67437,57.22143],[18.67441,57.22154],[18.67454,57.22184],[18.67467,57.22205],[18.67486,57.22228],[18.67509,57.22251],[18.67537,57.22272],[18.67568,57.22291],[18.67595,57.22306],[18.67602,57.22309],[18.67577,57.22324],[18.67567,57.22325],[18.67536,57.2233],[18.67504,57.22336],[18.67476,57.22342],[18.6745,57.22349],[18.67427,57.22356],[18.67397,57.22367],[18.67368,57.22379],[18.67342,57.22391],[18.67319,57.22404],[18.67299,57.22416],[18.67274,57.22434],[18.67256,57.22449],[18.67242,57.22462],[18.67226,57.22481],[18.67214,57.22498],[18.67203,57.22516],[18.67195,57.22534],[18.67189,57.22552],[18.67186,57.22569],[18.67184,57.22587],[18.67184,57.22603],[18.67187,57.2262],[18.67191,57.22635],[18.67196,57.22651],[18.67197,57.22662],[18.67198,57.22672],[18.67189,57.22681],[18.67179,57.22693],[18.67165,57.22711],[18.67153,57.22729],[18.67144,57.22747],[18.67137,57.22766],[18.67132,57.22785],[18.6713,57.22802],[18.6713,57.22816],[18.67131,57.22829],[18.67132,57.22836],[18.67134,57.22847],[18.67132,57.22852],[18.67129,57.2286],[18.67125,57.22878],[18.67124,57.22893],[18.67123,57.22909]]]},"properties":{"NVRID":"2000456","NAMN":"Närsholmen","SKYDDSTYP":"Naturreservat","LAN":"Gotlands Län","KOMMUN":"Gotland","IUCNKATEGORI":"IV, Habitat/Artskyddsområde (Habitat/Species Management Area)","FORVALTARE":"Länsstyrelsen i Gotlands län","AREA_HA":418.929,"URSPR_BESLUTSDATUM":"1986-06-16"}},{"type":"Feature","geometry":{"type":"Polygon","coordinates":[[[18.53146,57.82504],[18.53016,57.82417],[18.53016,57.82417],[18.53015,57.82417],[18.53015,57.82417],[18.52775,57.82541],[18.52775,57.82541],[18.52775,57.82541],[18.52864,57.82654],[18.52917,57.82686],[18.52976,57.82722],[18.53082,57.82786],[18.53164,57.82816],[18.53261,57.82852],[18.53329,57.82893],[18.5333,57.82893],[18.5333,57.82893],[18.5333,57.82893],[18.53777,57.82664],[18.5393,57.82586],[18.5393,57.82586],[18.5393,57.82586],[18.53923,57.82574],[18.53918,57.82564],[18.53908,57.82544],[18.5389,57.82525],[18.53834,57.82476],[18.53804,57.82464],[18.53793,57.8245],[18.5378,57.82427],[18.53756,57.82334],[18.53761,57.8232],[18.53762,57.82275],[18.53769,57.82252],[18.53793,57.82232],[18.53793,57.82232],[18.53793,57.82232],[18.53754,57.82198],[18.53754,57.82198],[18.53754,57.82198],[18.53146,57.82504]]]},"properties":{"NVRID":"2000459","NAMN":"Grausne källmyr","SKYDDSTYP":"Naturreservat","LAN":"Gotlands Län","KOMMUN":"Gotland","IUCNKATEGORI":"Ia, Strikt naturreservat (Strict Nature Reserve)","FORVALTARE":"Länsstyrelsen i Gotlands län","AREA_HA":25.773,"URSPR_BESLUTSDATUM":""}},{"type":"Feature","geometry":{"type":"Polygon","coordinates":[[[18.40728,57.73892],[18.40806,57.73949],[18.40738,57.74033],[18.4071,57.74048],[18.4071,57.74086],[18.40749,57.74159],[18.40812,57.74257],[18.40812,57.74257],[18.40872,57.74277],[18.40872,57.74277],[18.40872,57.74277],[18.40876,57.74275],[18.40877,57.74272],[18.40903,57.74267],[18.40935,57.74255],[18.41205,57.74154],[18.41231,57.74156],[18.41256,57.74168],[18.4127,57.74171],[18.41274,57.74173],[18.41295,57.74178],[18.41331,57.74184],[18.41359,57.74184],[18.4138,57.7418],[18.41401,57.74174],[18.41415,57.74165],[18.41426,57.74154],[18.41432,57.74143],[18.41432,57.74131],[18.41426,57.7412],[18.41396,57.7409],[18.41531,57.73961],[18.41675,57.73867],[18.41675,57.73867],[18.41675,57.73866],[18.41679,57.73864],[18.41737,57.73817],[18.41759,57.73806],[18.41862,57.73782],[18.41893,57.73777],[18.41946,57.73777],[18.42085,57.73785],[18.42143,57.73779],[18.4227,57.73769],[18.42308,57.73795],[18.42329,57.73802],[18.42366,57.73811],[18.42465,57.73828],[18.42488,57.7383],[18.42533,57.73829],[18.42594,57.73812],[18.42594,57.73811],[18.42594,57.73811],[18.42584,57.73777],[18.42584,57.73777],[18.42584,57.73777],[18.42584,57.73777],[18.42475,57.73788],[18.42426,57.73778],[18.42345,57.73763],[18.42313,57.73743],[18.42266,57.7373],[18.42241,57.73729],[18.42224,57.7373],[18.42172,57.73743],[18.42113,57.73749],[18.42067,57.7375],[18.4194,57.73743],[18.41796,57.73754],[18.41722,57.73759],[18.41702,57.7377],[18.41693,57.73787],[18.41635,57.73824],[18.41472,57.73935],[18.41396,57.74001],[18.41321,57.74083],[18.41321,57.74083],[18.41342,57.74116],[18.41289,57.74131],[18.41241,57.74093],[18.4124,57.74093],[18.41211,57.74089],[18.41189,57.74075],[18.41175,57.7407],[18.41175,57.7407],[18.41153,57.74071],[18.41153,57.74071],[18.41125,57.7408],[18.41125,57.7408],[18.41123,57.74086],[18.41097,57.74094],[18.41054,57.74059],[18.41031,57.74037],[18.41002,57.74008],[18.40954,57.73957],[18.40935,57.73929],[18.40917,57.73904],[18.40897,57.73874],[18.40885,57.73851],[18.4085,57.73785],[18.40834,57.73754],[18.40824,57.7373],[18.40813,57.73707],[18.40801,57.73688],[18.4078,57.73666],[18.4075,57.73636],[18.40693,57.73582],[18.4067,57.73559],[18.4067,57.73559],[18.4067,57.73559],[18.40669,57.73559],[18.40669,57.73559],[18.40581,57.73814],[18.40578,57.7382],[18.40573,57.73826],[18.4059,57.73845],[18.40636,57.73901],[18.40641,57.73907],[18.40642,57.73907],[18.40642,57.73907],[18.40728,57.73892]]]},"properties":{"NVRID":"2000134","NAMN":"Lummelundagrottan","SKYDDSTYP":"Naturreservat","LAN":"Gotlands Län","KOMMUN":"Gotland","IUCNKATEGORI":"III, Naturmonument (Natural Monument)","FORVALTARE":"Länsstyrelsen i Gotlands län","AREA_HA":16.636,"URSPR_BESLUTSDATUM":"1989-03-20"}},{"type":"Feature","geometry":{"type":"Polygon","coordinates":[[[18.61237,57.31374],[18.61237,57.31374],[18.61237,57.31374],[18.61204,57.31299],[18.61203,57.31299],[18.61203,57.31299],[18.60591,57.31383],[18.60591,57.31383],[18.60591,57.31383],[18.60617,57.31565],[18.60617,57.31566],[18.60617,57.31566],[18.61237,57.31374]]]},"properties":{"NVRID":"2000124","NAMN":"Käldänge","SKYDDSTYP":"Naturreservat","LAN":"Gotlands Län","KOMMUN":"Gotland","IUCNKATEGORI":"Ia, Strikt naturreservat (Strict Nature Reserve)","FORVALTARE":"Länsstyrelsen i Gotlands län","AREA_HA":5.61,"URSPR_BESLUTSDATUM":"1996-08-02"}},{"type":"Feature","geometry":{"type":"Polygon","coordinates":[[[18.3687,57.33694],[18.3687,57.33694],[18.36907,57.33852],[18.36921,57.33914],[18.37018,57.34018],[18.37018,57.34018],[18.37018,57.34018],[18.37136,57.34004],[18.37297,57.33985],[18.37297,57.33985],[18.37297,57.33985],[18.37282,57.3392],[18.37256,57.33793],[18.37322,57.3367],[18.37428,57.33473],[18.37563,57.33331],[18.37629,57.33217],[18.37655,57.33157],[18.37679,57.33052],[18.37887,57.32964],[18.37929,57.32933],[18.38035,57.32707],[18.38089,57.3259],[18.38089,57.3259],[18.38089,57.3259],[18.38089,57.3259],[18.37931,57.32587],[18.37929,57.32587],[18.37953,57.32527],[18.37947,57.32519],[18.37912,57.32493],[18.37912,57.32493],[18.3786,57.32488],[18.3786,57.32488],[18.37844,57.32498],[18.37839,57.32502],[18.37839,57.32503],[18.37846,57.3251],[18.37713,57.32584],[18.37692,57.32632],[18.37658,57.32716],[18.37572,57.3275],[18.37572,57.3275],[18.37483,57.33024],[18.37492,57.33216],[18.3744,57.3333],[18.36974,57.33331],[18.36974,57.33331],[18.36973,57.33331],[18.36973,57.33331],[18.37016,57.33455],[18.37016,57.33455],[18.37016,57.33456],[18.37337,57.33469],[18.37336,57.33482],[18.37278,57.33514],[18.37153,57.33519],[18.37152,57.33519],[18.37152,57.33519],[18.37143,57.33595],[18.37105,57.33646],[18.36935,57.33627],[18.36934,57.33627],[18.36934,57.33627],[18.3687,57.33694]]]},"properties":{"NVRID":"2002744","NAMN":"Kvie källmyr","SKYDDSTYP":"Naturreservat","LAN":"Gotlands Län","KOMMUN":"Gotland","IUCNKATEGORI":"Ia, Strikt naturreservat (Strict Nature Reserve)","FORVALTARE":"Länsstyrelsen i Gotlands län","AREA_HA":31.695,"URSPR_BESLUTSDATUM":"2004-12-06"}},{"type":"Feature","geometry":{"type":"Polygon","coordinates":[[[18.8181,57.41401],[18.81266,57.41426],[18.81266,57.41426],[18.81266,57.41426],[18.81266,57.41426],[18.81281,57.41441],[18.81342,57.41499],[18.81356,57.41514],[18.81366,57.41526],[18.81376,57.41538],[18.81386,57.41551],[18.81394,57.41563],[18.81403,57.41576],[18.81411,57.41589],[18.81418,57.41602],[18.81424,57.41616],[18.81428,57.41626],[18.81431,57.41636],[18.81437,57.41657],[18.8144,57.41667],[18.81449,57.41687],[18.81453,57.41697],[18.81459,57.41706],[18.81465,57.41714],[18.81474,57.41722],[18.81483,57.4173],[18.81493,57.41737],[18.81504,57.41743],[18.81516,57.41749],[18.81529,57.41755],[18.81542,57.41759],[18.81555,57.41763],[18.81569,57.41765],[18.81584,57.41767],[18.81605,57.4177],[18.81626,57.41772],[18.81645,57.41775],[18.81663,57.41778],[18.81681,57.41781],[18.81699,57.41785],[18.81718,57.4179],[18.81736,57.41796],[18.81754,57.41802],[18.81771,57.41808],[18.81802,57.4182],[18.81864,57.41845],[18.81895,57.41857],[18.81928,57.4187],[18.81929,57.4187],[18.81929,57.4187],[18.81929,57.4187],[18.81929,57.4187],[18.81881,57.41769],[18.81832,57.41665],[18.8181,57.41401],[18.8181,57.41401],[18.8181,57.41401],[18.8181,57.41401]]]},"properties":{"NVRID":"2002950","NAMN":"Källinghagen","SKYDDSTYP":"Naturreservat","LAN":"Gotlands Län","KOMMUN":"Gotland","IUCNKATEGORI":"Ia, Strikt naturreservat (Strict Nature Reserve)","FORVALTARE":"Länsstyrelsen i Gotlands län","AREA_HA":11.051,"URSPR_BESLUTSDATUM":"2005-08-12"}},{"type":"Feature","geometry":{"type":"Polygon","coordinates":[[[18.93479,57.82379],[18.93419,57.82512],[18.93371,57.82618],[18.93371,57.82618],[18.93371,57.82618],[18.93371,57.82618],[18.93391,57.82611],[18.9341,57.82605],[18.9343,57.82599],[18.93458,57.82595],[18.93481,57.82591],[18.93529,57.82585],[18.93551,57.82582],[18.93578,57.82575],[18.93682,57.82548],[18.93707,57.82542],[18.93726,57.82538],[18.93761,57.8253],[18.9379,57.82525],[18.93838,57.82519],[18.93859,57.82517],[18.93883,57.82514],[18.9392,57.82511],[18.93956,57.82509],[18.9398,57.82509],[18.94006,57.8251],[18.94028,57.8251],[18.94049,57.82511],[18.94074,57.82511],[18.94103,57.82511],[18.94118,57.8251],[18.94141,57.82508],[18.94169,57.82504],[18.9419,57.82501],[18.94207,57.82497],[18.94229,57.82492],[18.94243,57.82489],[18.94269,57.82483],[18.94294,57.82479],[18.94321,57.82475],[18.94361,57.82472],[18.94394,57.82469],[18.9442,57.82466],[18.94446,57.82464],[18.9447,57.82461],[18.94491,57.82459],[18.94506,57.82457],[18.94517,57.82454],[18.94537,57.82449],[18.94564,57.82443],[18.94588,57.82437],[18.94608,57.82432],[18.94625,57.82429],[18.94652,57.82424],[18.94683,57.82421],[18.94714,57.82417],[18.94733,57.82414],[18.94765,57.82406],[18.94793,57.82399],[18.94954,57.82355],[18.94987,57.82344],[18.95008,57.82336],[18.95026,57.82328],[18.95041,57.8232],[18.95055,57.82309],[18.95065,57.82297],[18.95073,57.82286],[18.95083,57.82264],[18.95097,57.82236],[18.95107,57.82209],[18.95125,57.82154],[18.95135,57.82111],[18.95135,57.82111],[18.95135,57.82111],[18.95094,57.82106],[18.95054,57.8205],[18.9504,57.82017],[18.95013,57.81927],[18.94988,57.81833],[18.94961,57.81784],[18.94914,57.81734],[18.94914,57.81734],[18.94914,57.81734],[18.94914,57.81734],[18.94758,57.81775],[18.94688,57.81697],[18.94618,57.81619],[18.94774,57.81578],[18.94774,57.81578],[18.94774,57.81578],[18.94774,57.81578],[18.94772,57.81575],[18.94769,57.81571],[18.94759,57.81557],[18.94745,57.81533],[18.94736,57.81511],[18.94733,57.81494],[18.9473,57.81478],[18.94726,57.81448],[18.94725,57.81424],[18.94724,57.81412],[18.94726,57.81391],[18.94728,57.81375],[18.94733,57.81358],[18.94742,57.81336],[18.94757,57.81302],[18.94777,57.81256],[18.94792,57.81222],[18.94808,57.81185],[18.94814,57.81165],[18.94818,57.81153],[18.94818,57.81153],[18.94817,57.81152],[18.94481,57.81163],[18.94489,57.8109],[18.94489,57.8109],[18.94489,57.8109],[18.94429,57.81089],[18.94419,57.81089],[18.94393,57.81027],[18.94384,57.80972],[18.94384,57.80972],[18.94384,57.80972],[18.94355,57.8097],[18.94316,57.80856],[18.94316,57.80856],[18.94316,57.80856],[18.94298,57.80857],[18.94288,57.80858],[18.94242,57.80862],[18.94207,57.80864],[18.94182,57.80864],[18.94151,57.80864],[18.94091,57.80864],[18.94048,57.80865],[18.94007,57.80868],[18.9398,57.80871],[18.93943,57.80877],[18.93911,57.80883],[18.93881,57.80891],[18.93831,57.80905],[18.93767,57.80926],[18.93702,57.80946],[18.9365,57.80961],[18.93611,57.80969],[18.93575,57.80976],[18.93544,57.80979],[18.93519,57.8098],[18.93476,57.80981],[18.93427,57.80982],[18.93389,57.80984],[18.93352,57.80988],[18.93317,57.80994],[18.93295,57.80999],[18.9327,57.81008],[18.93248,57.81016],[18.93247,57.81016],[18.93222,57.81083],[18.93222,57.81088],[18.93224,57.81095],[18.93224,57.81105],[18.93221,57.81119],[18.93216,57.81131],[18.93208,57.81147],[18.93201,57.81158],[18.93194,57.81173],[18.93188,57.81188],[18.93185,57.81197],[18.93183,57.81208],[18.93182,57.8122],[18.93181,57.81238],[18.93179,57.81273],[18.93178,57.81301],[18.93176,57.81317],[18.93171,57.81333],[18.93165,57.81345],[18.93158,57.81357],[18.93147,57.8137],[18.93124,57.81395],[18.93106,57.81414],[18.93088,57.81435],[18.93078,57.8145],[18.93072,57.81466],[18.93071,57.81473],[18.9307,57.81483],[18.93075,57.81494],[18.93077,57.81498],[18.93082,57.81506],[18.93085,57.81513],[18.93088,57.8152],[18.93091,57.81527],[18.93098,57.8154],[18.93106,57.81551],[18.93118,57.81567],[18.93123,57.81574],[18.93127,57.8158],[18.93135,57.81593],[18.93141,57.81606],[18.93146,57.81615],[18.93156,57.81632],[18.93167,57.81646],[18.93188,57.81673],[18.93204,57.81693],[18.93211,57.81704],[18.93214,57.8171],[18.93219,57.8172],[18.93227,57.8173],[18.93237,57.81738],[18.93249,57.81747],[18.9326,57.81755],[18.93277,57.81765],[18.93289,57.81773],[18.933,57.81782],[18.93321,57.81796],[18.93332,57.81803],[18.93344,57.81813],[18.93364,57.81834],[18.9338,57.81851],[18.93396,57.81872],[18.93409,57.8189],[18.93415,57.819],[18.93422,57.81913],[18.93433,57.81932],[18.9344,57.81941],[18.93448,57.81953],[18.93454,57.81959],[18.93465,57.81966],[18.93476,57.81973],[18.93522,57.81987],[18.93556,57.81997],[18.93572,57.82006],[18.93579,57.82014],[18.93582,57.8202],[18.9358,57.82038],[18.9358,57.82044],[18.93581,57.82049],[18.93586,57.82054],[18.93593,57.8206],[18.93609,57.82072],[18.93615,57.82076],[18.93593,57.82124],[18.93479,57.82379]]]},"properties":{"NVRID":"2048242","NAMN":"Siglajvs","SKYDDSTYP":"Naturreservat","LAN":"Gotlands Län","KOMMUN":"Gotland","IUCNKATEGORI":"Ia, Strikt naturreservat (Strict Nature Reserve)","FORVALTARE":"Länsstyrelsen i Gotlands län","AREA_HA":155.794,"URSPR_BESLUTSDATUM":"2017-12-04"}},{"type":"Feature","geometry":{"type":"Polygon","coordinates":[[[18.77489,57.66898],[18.77488,57.66893],[18.77488,57.66893],[18.77488,57.66893],[18.77375,57.66898],[18.77375,57.66898],[18.77375,57.66898],[18.77309,57.67188],[18.77309,57.67189],[18.77309,57.67189],[18.77332,57.67198],[18.77337,57.67199],[18.77342,57.67199],[18.77342,57.67199],[18.77343,57.67198],[18.77345,57.67198],[18.77348,57.67196],[18.77387,57.67172],[18.77406,57.67159],[18.77421,57.67148],[18.7744,57.67132],[18.77462,57.6711],[18.77481,57.67084],[18.77497,57.67052],[18.77503,57.67024],[18.77505,57.66993],[18.77503,57.66974],[18.77497,57.66938],[18.77489,57.66898]]]},"properties":{"NVRID":"2000136","NAMN":"Klinteklinten","SKYDDSTYP":"Naturreservat","LAN":"Gotlands Län","KOMMUN":"Gotland","IUCNKATEGORI":"III, Naturmonument (Natural Monument)","FORVALTARE":"Länsstyrelsen i Gotlands län","AREA_HA":2.577,"URSPR_BESLUTSDATUM":"1990-05-28"}},{"type":"Feature","geometry":{"type":"Polygon","coordinates":[[[18.95521,57.73953],[18.9553,57.73954],[18.95538,57.73957],[18.95538,57.73957],[18.95545,57.73956],[18.95558,57.73951],[18.9557,57.73949],[18.95581,57.73947],[18.95588,57.73944],[18.95595,57.73939],[18.95598,57.73934],[18.95604,57.73925],[18.95611,57.73917],[18.95614,57.73908],[18.95616,57.73902],[18.95624,57.73888],[18.95631,57.73875],[18.95637,57.73864],[18.95645,57.7386],[18.95656,57.73857],[18.95656,57.73857],[18.95662,57.7385],[18.95664,57.73843],[18.95665,57.73836],[18.95668,57.73834],[18.95671,57.73831],[18.95672,57.73827],[18.95675,57.73825],[18.95683,57.73824],[18.95692,57.73823],[18.95692,57.73823],[18.95692,57.73823],[18.95692,57.73823],[18.95691,57.73815],[18.95688,57.73804],[18.95681,57.73797],[18.95665,57.7379],[18.9566,57.73785],[18.95661,57.73776],[18.95668,57.73767],[18.95681,57.7376],[18.95684,57.73758],[18.95684,57.73758],[18.95684,57.73758],[18.95684,57.73757],[18.95684,57.73757],[18.95525,57.73782],[18.95525,57.73782],[18.95514,57.73804],[18.95485,57.73807],[18.95485,57.73807],[18.95485,57.73807],[18.95485,57.73807],[18.95515,57.73954],[18.95515,57.73954],[18.95515,57.73954],[18.95521,57.73953]]]},"properties":{"NVRID":"2000427","NAMN":"Lörgeudd","SKYDDSTYP":"Naturreservat","LAN":"Gotlands Län","KOMMUN":"Gotland","IUCNKATEGORI":"III, Naturmonument (Natural Monument)","FORVALTARE":"Länsstyrelsen i Gotlands län","AREA_HA":1.669,"URSPR_BESLUTSDATUM":"1931-09-22"}},{"type":"Feature","geometry":{"type":"Polygon","coordinates":[[[18.49225,57.12322],[18.49228,57.12347],[18.49228,57.12368],[18.49235,57.12398],[18.49244,57.12416],[18.49255,57.12442],[18.49267,57.12466],[18.49298,57.12501],[18.49309,57.12515],[18.49319,57.12532],[18.49325,57.12547],[18.49327,57.12563],[18.49326,57.12575],[18.49328,57.12594],[18.49328,57.1261],[18.4933,57.12628],[18.49336,57.12647],[18.49348,57.12666],[18.49359,57.12684],[18.49379,57.12714],[18.49398,57.12732],[18.49473,57.12775],[18.49502,57.12787],[18.49552,57.12811],[18.49577,57.12827],[18.49602,57.12844],[18.49627,57.12865],[18.49658,57.12893],[18.49685,57.12916],[18.49707,57.12941],[18.49738,57.12979],[18.49775,57.1301],[18.49806,57.13037],[18.49833,57.1306],[18.49866,57.13082],[18.49907,57.13111],[18.49954,57.13139],[18.50002,57.13166],[18.50049,57.13191],[18.50085,57.13208],[18.50165,57.13243],[18.50438,57.13354],[18.50487,57.13376],[18.50514,57.13389],[18.50583,57.13418],[18.50617,57.13424],[18.50652,57.13433],[18.50719,57.13456],[18.50816,57.13486],[18.5088,57.13503],[18.50941,57.13519],[18.51008,57.13537],[18.51044,57.13561],[18.51073,57.13581],[18.51095,57.13591],[18.51129,57.13607],[18.51155,57.13623],[18.51196,57.13638],[18.5123,57.13652],[18.51326,57.13673],[18.51372,57.13678],[18.51427,57.13679],[18.51473,57.1368],[18.51517,57.13678],[18.5156,57.13675],[18.51587,57.13673],[18.51637,57.13664],[18.51691,57.1365],[18.51765,57.13626],[18.51823,57.136],[18.51877,57.1357],[18.51931,57.13535],[18.51969,57.13501],[18.52001,57.13472],[18.52026,57.13442],[18.52041,57.13418],[18.52047,57.13391],[18.52048,57.13369],[18.5205,57.13353],[18.52046,57.13333],[18.52034,57.1328],[18.52013,57.13252],[18.52003,57.13228],[18.51991,57.13209],[18.51956,57.13171],[18.5192,57.13136],[18.51901,57.13124],[18.51885,57.13118],[18.51846,57.13091],[18.51848,57.13082],[18.51838,57.13041],[18.51835,57.13027],[18.51822,57.13007],[18.51795,57.12981],[18.51729,57.12924],[18.51702,57.12899],[18.51685,57.12883],[18.51667,57.12866],[18.51653,57.12854],[18.51641,57.12835],[18.51633,57.12816],[18.51627,57.12796],[18.51615,57.12772],[18.51604,57.1275],[18.51582,57.12717],[18.51554,57.12678],[18.51543,57.12664],[18.51523,57.12646],[18.51501,57.1263],[18.51477,57.12616],[18.51441,57.12601],[18.51403,57.12586],[18.51374,57.12575],[18.51329,57.1256],[18.51262,57.12547],[18.51193,57.12532],[18.51178,57.12499],[18.51162,57.12461],[18.51144,57.12438],[18.51071,57.12372],[18.51024,57.12342],[18.50981,57.12312],[18.50934,57.12284],[18.50873,57.12253],[18.50819,57.1223],[18.50753,57.12207],[18.50691,57.12192],[18.50638,57.12181],[18.50592,57.12171],[18.5055,57.12162],[18.5052,57.12153],[18.50472,57.12141],[18.50434,57.1213],[18.50303,57.12089],[18.50249,57.12075],[18.50199,57.12064],[18.50182,57.12062],[18.50158,57.12063],[18.50137,57.12066],[18.50081,57.12077],[18.50036,57.1208],[18.50002,57.12076],[18.49946,57.12067],[18.49883,57.12058],[18.49761,57.12048],[18.49719,57.12047],[18.49657,57.12047],[18.49603,57.12054],[18.49531,57.12068],[18.49489,57.1208],[18.49451,57.12092],[18.49419,57.12107],[18.49389,57.12119],[18.49363,57.12134],[18.49342,57.12146],[18.49322,57.12163],[18.49302,57.1218],[18.49285,57.12197],[18.49268,57.12213],[18.49253,57.12231],[18.49242,57.12249],[18.49236,57.12265],[18.4923,57.12282],[18.49231,57.12297],[18.49225,57.12322]]]},"properties":{"NVRID":"2000111","NAMN":"Rone ytterholme","SKYDDSTYP":"Naturreservat","LAN":"Gotlands Län","KOMMUN":"Gotland","IUCNKATEGORI":"IV, Habitat/Artskyddsområde (Habitat/Species Management Area)","FORVALTARE":"Länsstyrelsen i Gotlands län","AREA_HA":183.585,"URSPR_BESLUTSDATUM":"1976-03-15"}},{"type":"Feature","geometry":{"type":"Polygon","coordinates":[[[18.79309,57.74478],[18.79114,57.7444],[18.78961,57.74409],[18.78961,57.74409],[18.78961,57.74409],[18.78961,57.7441],[18.78954,57.74459],[18.78949,57.74509],[18.78947,57.74558],[18.78947,57.74592],[18.78947,57.74592],[18.78947,57.74592],[18.78947,57.74592],[18.79168,57.74601],[18.79251,57.74604],[18.79306,57.74606],[18.7967,57.74622],[18.79657,57.74714],[18.79632,57.74878],[18.79608,57.75027],[18.796,57.75088],[18.79592,57.75136],[18.79592,57.75136],[18.79592,57.75136],[18.79702,57.75145],[18.79839,57.75157],[18.79945,57.75167],[18.80056,57.75177],[18.80056,57.75177],[18.80056,57.75177],[18.80072,57.75147],[18.80068,57.75128],[18.80061,57.75113],[18.80065,57.75087],[18.80069,57.75067],[18.80067,57.7504],[18.80062,57.75006],[18.80059,57.74981],[18.80051,57.74939],[18.80041,57.74887],[18.80036,57.7486],[18.80013,57.74738],[18.80002,57.74661],[18.80001,57.74661],[18.80001,57.74661],[18.79938,57.7467],[18.79937,57.7467],[18.79937,57.7467],[18.79937,57.7467],[18.79944,57.74719],[18.79866,57.74721],[18.79835,57.74722],[18.79835,57.74723],[18.79835,57.74723],[18.79837,57.74741],[18.7977,57.74746],[18.79766,57.74706],[18.79766,57.74706],[18.79766,57.74706],[18.79765,57.74706],[18.79735,57.74714],[18.79726,57.74703],[18.79726,57.74703],[18.79713,57.74703],[18.79711,57.74648],[18.79723,57.74647],[18.79933,57.74639],[18.79936,57.74659],[18.79936,57.74659],[18.79936,57.74659],[18.79994,57.74644],[18.79994,57.74644],[18.79993,57.74636],[18.79985,57.74555],[18.79975,57.74506],[18.79969,57.74466],[18.79957,57.74408],[18.79947,57.74374],[18.79946,57.74339],[18.79954,57.74308],[18.79953,57.74277],[18.79951,57.74239],[18.79951,57.74239],[18.79951,57.74239],[18.79951,57.74239],[18.79725,57.74232],[18.79725,57.74232],[18.79725,57.74232],[18.79712,57.7435],[18.79459,57.74382],[18.7932,57.74381],[18.7932,57.74381],[18.7932,57.74381],[18.7932,57.74381],[18.79309,57.74478]]]},"properties":{"NVRID":"2028989","NAMN":"Bruten","SKYDDSTYP":"Naturreservat","LAN":"Gotlands Län","KOMMUN":"Gotland","IUCNKATEGORI":"Ia, Strikt naturreservat (Strict Nature Reserve)","FORVALTARE":"Länsstyrelsen i Gotlands län","AREA_HA":29.827,"URSPR_BESLUTSDATUM":"2011-12-15"}},{"type":"Feature","geometry":{"type":"Polygon","coordinates":[[[18.66147,57.71198],[18.66135,57.71197],[18.66125,57.71198],[18.66112,57.712],[18.66101,57.71202],[18.66081,57.71207],[18.66061,57.71212],[18.66042,57.71215],[18.6603,57.71218],[18.66029,57.71218],[18.66029,57.71218],[18.6612,57.71498],[18.66207,57.7159],[18.6629,57.7168],[18.66291,57.7168],[18.66291,57.7168],[18.66488,57.71658],[18.6663,57.71605],[18.66631,57.71605],[18.66631,57.71548],[18.66753,57.71536],[18.6677,57.71534],[18.6677,57.71534],[18.6677,57.71534],[18.66769,57.71529],[18.66769,57.71528],[18.66765,57.71526],[18.66756,57.71522],[18.66748,57.71516],[18.6674,57.71509],[18.66731,57.715],[18.66713,57.71477],[18.66706,57.71469],[18.66699,57.71464],[18.66688,57.7146],[18.66676,57.71456],[18.66665,57.71454],[18.66652,57.71449],[18.6664,57.71443],[18.66619,57.7143],[18.66607,57.71424],[18.66593,57.71418],[18.66569,57.71409],[18.6652,57.7139],[18.66499,57.71381],[18.6648,57.71372],[18.66465,57.71364],[18.66423,57.71339],[18.6641,57.71334],[18.66398,57.7133],[18.66386,57.71327],[18.66363,57.71323],[18.66346,57.71319],[18.66332,57.71314],[18.66321,57.71308],[18.66314,57.71302],[18.66309,57.71296],[18.66304,57.71288],[18.66299,57.71274],[18.66294,57.71265],[18.66289,57.71256],[18.66282,57.71248],[18.6627,57.71236],[18.6625,57.71221],[18.66241,57.71215],[18.66231,57.71212],[18.6622,57.71209],[18.66201,57.71205],[18.66183,57.71203],[18.66167,57.712],[18.66147,57.71198]]]},"properties":{"NVRID":"2000446","NAMN":"Tiselhagen","SKYDDSTYP":"Naturreservat","LAN":"Gotlands Län","KOMMUN":"Gotland","IUCNKATEGORI":"Ia, Strikt naturreservat (Strict Nature Reserve)","FORVALTARE":"Länsstyrelsen i Gotlands län","AREA_HA":12.349,"URSPR_BESLUTSDATUM":"1997-08-11"}},{"type":"Feature","geometry":{"type":"Polygon","coordinates":[[[18.45213,57.12495],[18.45255,57.12484],[18.45292,57.12466],[18.45322,57.12439],[18.45429,57.12462],[18.45543,57.12501],[18.45508,57.12571],[18.45488,57.12654],[18.45485,57.12755],[18.45509,57.1283],[18.45551,57.12887],[18.45589,57.12953],[18.45665,57.13019],[18.45744,57.13059],[18.45869,57.13123],[18.45988,57.13163],[18.46053,57.13175],[18.4609,57.1319],[18.46163,57.13235],[18.46276,57.13272],[18.46362,57.13286],[18.46441,57.13284],[18.4651,57.13317],[18.46604,57.13349],[18.4669,57.13369],[18.46755,57.13379],[18.46822,57.13383],[18.469,57.13382],[18.46988,57.13372],[18.47088,57.13349],[18.4716,57.13323],[18.47225,57.13288],[18.47283,57.13242],[18.47318,57.13197],[18.47339,57.13145],[18.47341,57.13092],[18.47334,57.13073],[18.47353,57.13052],[18.47374,57.13014],[18.47386,57.12973],[18.47386,57.12927],[18.47379,57.12907],[18.47393,57.12881],[18.47401,57.12853],[18.47402,57.12829],[18.47413,57.12816],[18.47413,57.12816],[18.47398,57.12787],[18.47384,57.12752],[18.47384,57.12752],[18.47374,57.12745],[18.47374,57.12718],[18.47364,57.12677],[18.47343,57.12636],[18.47309,57.12598],[18.47282,57.12576],[18.47281,57.12563],[18.47272,57.12529],[18.47247,57.12486],[18.47204,57.12442],[18.47203,57.12434],[18.47194,57.1241],[18.47172,57.12374],[18.47133,57.12334],[18.47103,57.12313],[18.47098,57.12295],[18.47082,57.12265],[18.47049,57.12226],[18.47038,57.12185],[18.4701,57.12141],[18.46971,57.12102],[18.4692,57.12067],[18.46863,57.12039],[18.46825,57.12004],[18.46773,57.11969],[18.46699,57.11934],[18.46674,57.11926],[18.46644,57.11895],[18.46599,57.11862],[18.4654,57.1183],[18.46472,57.11805],[18.46464,57.11775],[18.46445,57.11737],[18.46418,57.11702],[18.4638,57.11667],[18.46329,57.11636],[18.46322,57.11623],[18.46299,57.11595],[18.46257,57.11558],[18.46196,57.11522],[18.46117,57.11489],[18.46017,57.11464],[18.4591,57.11451],[18.45805,57.11452],[18.45702,57.11464],[18.45645,57.11477],[18.4562,57.11485],[18.45603,57.11461],[18.45596,57.11437],[18.45572,57.11397],[18.45539,57.11362],[18.45539,57.11362],[18.45539,57.11362],[18.45539,57.11362],[18.45116,57.11502],[18.4506,57.1155],[18.45046,57.1156],[18.45036,57.11568],[18.4503,57.11575],[18.45004,57.116],[18.44994,57.11608],[18.44981,57.1162],[18.44967,57.11634],[18.44936,57.11657],[18.44867,57.11702],[18.44853,57.11717],[18.44839,57.11736],[18.44818,57.11772],[18.44804,57.11796],[18.44804,57.11817],[18.44803,57.11845],[18.44798,57.11863],[18.44791,57.11893],[18.44785,57.11947],[18.44783,57.11976],[18.44767,57.12052],[18.44759,57.12074],[18.44749,57.12133],[18.44748,57.12162],[18.4475,57.12178],[18.44749,57.12192],[18.44765,57.12254],[18.4477,57.12268],[18.44778,57.12285],[18.44789,57.12299],[18.44805,57.12311],[18.4482,57.1232],[18.45017,57.12567],[18.45017,57.12567],[18.45017,57.12567],[18.45101,57.12544],[18.45147,57.12529],[18.45189,57.12514],[18.45213,57.12495]]]},"properties":{"NVRID":"2000110","NAMN":"Grötlingboholme","SKYDDSTYP":"Naturreservat","LAN":"Gotlands Län","KOMMUN":"Gotland","IUCNKATEGORI":"IV, Habitat/Artskyddsområde (Habitat/Species Management Area)","FORVALTARE":"Länsstyrelsen i Gotlands län","AREA_HA":225.057,"URSPR_BESLUTSDATUM":"1973-10-09"}},{"type":"Feature","geometry":{"type":"Polygon","coordinates":[[[18.55514,57.8063],[18.55514,57.8063],[18.55514,57.8063],[18.56274,57.80826],[18.56274,57.80826],[18.56274,57.80826],[18.56274,57.80826],[18.56621,57.80182],[18.56621,57.80182],[18.56621,57.80182],[18.56621,57.80182],[18.56597,57.80182],[18.56539,57.80183],[18.56483,57.80185],[18.56471,57.80185],[18.5646,57.80185],[18.56448,57.80184],[18.56424,57.8018],[18.56405,57.80176],[18.56385,57.80171],[18.56344,57.80162],[18.56314,57.80155],[18.56272,57.80145],[18.56254,57.80138],[18.56238,57.80131],[18.56212,57.80116],[18.56176,57.80096],[18.56157,57.80083],[18.56157,57.80083],[18.55943,57.80112],[18.55943,57.80112],[18.55514,57.8063]]]},"properties":{"NVRID":"2000449","NAMN":"Salmbärshagen","SKYDDSTYP":"Naturreservat","LAN":"Gotlands Län","KOMMUN":"Gotland","IUCNKATEGORI":"Ia, Strikt naturreservat (Strict Nature Reserve)","FORVALTARE":"Länsstyrelsen i Gotlands län","AREA_HA":31.393,"URSPR_BESLUTSDATUM":"2002-11-13"}},{"type":"Feature","geometry":{"type":"Polygon","coordinates":[[[18.86819,57.40023],[18.86748,57.40046],[18.86748,57.40046],[18.86748,57.40046],[18.86748,57.40046],[18.86748,57.40046],[18.86754,57.40046],[18.8677,57.40049],[18.86786,57.40053],[18.86798,57.40058],[18.86808,57.40063],[18.86817,57.40069],[18.86825,57.40074],[18.86831,57.40079],[18.86831,57.40079],[18.86832,57.40079],[18.86832,57.40079],[18.8684,57.40073],[18.86957,57.4005],[18.86999,57.40042],[18.87329,57.39977],[18.87339,57.39975],[18.87737,57.39851],[18.87737,57.39851],[18.87737,57.39851],[18.87726,57.39772],[18.87726,57.39772],[18.87667,57.39722],[18.87395,57.39494],[18.87395,57.39494],[18.87395,57.39494],[18.87395,57.39494],[18.87381,57.39498],[18.87367,57.39502],[18.87348,57.39507],[18.87328,57.39513],[18.87309,57.3952],[18.87292,57.39526],[18.87266,57.39532],[18.87248,57.39537],[18.8723,57.39542],[18.87214,57.39547],[18.87191,57.39552],[18.87173,57.39558],[18.87167,57.39559],[18.87149,57.39563],[18.87129,57.39567],[18.87111,57.39572],[18.87096,57.39576],[18.87074,57.39581],[18.87052,57.39586],[18.87036,57.3959],[18.87021,57.39594],[18.8701,57.39597],[18.87006,57.39598],[18.86995,57.39601],[18.8698,57.39603],[18.86964,57.39606],[18.8695,57.39609],[18.86942,57.3961],[18.86921,57.39613],[18.86904,57.39615],[18.86888,57.39617],[18.86873,57.39618],[18.86861,57.3962],[18.86861,57.3962],[18.86796,57.39911],[18.86819,57.40023]]]},"properties":{"NVRID":"2000119","NAMN":"Sandviken","SKYDDSTYP":"Naturreservat","LAN":"Gotlands Län","KOMMUN":"Gotland","IUCNKATEGORI":"IV, Habitat/Artskyddsområde (Habitat/Species Management Area)","FORVALTARE":"Länsstyrelsen i Gotlands län","AREA_HA":23.496,"URSPR_BESLUTSDATUM":"1969-08-12"}},{"type":"Feature","geometry":{"type":"Polygon","coordinates":[[[18.67911,57.76961],[18.67911,57.76961],[18.67911,57.76961],[18.67911,57.76961],[18.67911,57.76961],[18.68009,57.77018],[18.68283,57.77451],[18.68283,57.77451],[18.68283,57.77451],[18.68543,57.77426],[18.6929,57.77357],[18.69956,57.77259],[18.71473,57.77039],[18.71473,57.77039],[18.71473,57.77038],[18.71471,57.77034],[18.71505,57.77029],[18.71505,57.77029],[18.71505,57.77029],[18.71602,57.76837],[18.71602,57.76837],[18.71602,57.76837],[18.71602,57.76837],[18.71595,57.76837],[18.71597,57.767],[18.71597,57.767],[18.71597,57.767],[18.71556,57.76688],[18.71385,57.76639],[18.71306,57.76616],[18.7121,57.7659],[18.71085,57.76553],[18.70947,57.76515],[18.708,57.76473],[18.70694,57.76442],[18.7052,57.76394],[18.7037,57.76351],[18.70245,57.76316],[18.70089,57.76271],[18.69838,57.762],[18.69762,57.76178],[18.69654,57.76148],[18.69546,57.76118],[18.69466,57.76095],[18.69412,57.76081],[18.69315,57.76053],[18.69249,57.76034],[18.69169,57.76011],[18.69108,57.75994],[18.67867,57.75938],[18.67867,57.75938],[18.67867,57.75938],[18.67867,57.75938],[18.68027,57.76208],[18.68027,57.76208],[18.68153,57.76236],[18.68153,57.76236],[18.68154,57.76236],[18.68266,57.76149],[18.68396,57.76155],[18.68466,57.76276],[18.68466,57.76276],[18.68466,57.76276],[18.69152,57.76327],[18.69195,57.77002],[18.68776,57.76751],[18.68776,57.76751],[18.67911,57.76961]]]},"properties":{"NVRID":"2002745","NAMN":"Forsviden","SKYDDSTYP":"Naturreservat","LAN":"Gotlands Län","KOMMUN":"Gotland","IUCNKATEGORI":"Ia, Strikt naturreservat (Strict Nature Reserve)","FORVALTARE":"Länsstyrelsen i Gotlands län","AREA_HA":198.027,"URSPR_BESLUTSDATUM":"2004-12-06"}},{"type":"Feature","geometry":{"type":"Polygon","coordinates":[[[18.72713,57.40594],[18.72713,57.40594],[18.72713,57.40594],[18.72746,57.40612],[18.72815,57.4065],[18.73033,57.4077],[18.73201,57.40862],[18.73288,57.40909],[18.73385,57.40962],[18.73504,57.41028],[18.73755,57.41165],[18.73755,57.41165],[18.74053,57.41122],[18.74054,57.41122],[18.74399,57.40615],[18.74452,57.40537],[18.74697,57.40178],[18.75029,57.39692],[18.75029,57.39692],[18.75029,57.39692],[18.73926,57.39378],[18.73926,57.39378],[18.73926,57.39378],[18.73874,57.3943],[18.73174,57.40134],[18.73117,57.40189],[18.72713,57.40594]]]},"properties":{"NVRID":"2014918","NAMN":"Herrgårdsklint","SKYDDSTYP":"Naturreservat","LAN":"Gotlands Län","KOMMUN":"Gotland","IUCNKATEGORI":"Ia, Strikt naturreservat (Strict Nature Reserve)","FORVALTARE":"Länsstyrelsen i Gotlands län","AREA_HA":146.287,"URSPR_BESLUTSDATUM":"2009-09-28"}},{"type":"Feature","geometry":{"type":"Polygon","coordinates":[[[18.12307,57.46583],[18.12307,57.46583],[18.12307,57.46583],[18.12087,57.46518],[18.12087,57.46518],[18.12087,57.46518],[18.12013,57.46564],[18.12008,57.46569],[18.12008,57.46569],[18.12008,57.46569],[18.12255,57.46645],[18.12255,57.46645],[18.12255,57.46645],[18.12264,57.46619],[18.12307,57.46583]]]},"properties":{"NVRID":"2048982","NAMN":"Snåltorp","SKYDDSTYP":"Naturreservat","LAN":"Gotlands Län","KOMMUN":"Gotland","IUCNKATEGORI":"Ia, Strikt naturreservat (Strict Nature Reserve)","FORVALTARE":"Länsstyrelsen i Gotlands län","AREA_HA":1.171,"URSPR_BESLUTSDATUM":"1954-05-24"}},{"type":"Feature","geometry":{"type":"Polygon","coordinates":[[[19.07494,57.95766],[19.07479,57.95766],[19.07479,57.95766],[19.07479,57.95766],[19.07483,57.95772],[19.07487,57.95776],[19.07496,57.95781],[19.07496,57.95781],[19.07496,57.95781],[19.075,57.95779],[19.075,57.95783],[19.075,57.95783],[19.075,57.95783],[19.07511,57.95784],[19.07511,57.95784],[19.07516,57.95781],[19.07522,57.95781],[19.07522,57.95781],[19.07522,57.9578],[19.07522,57.95774],[19.0753,57.95771],[19.07533,57.95776],[19.0754,57.95779],[19.0754,57.95779],[19.0755,57.9578],[19.0755,57.9578],[19.0755,57.9578],[19.07556,57.95775],[19.07559,57.95774],[19.0756,57.95775],[19.07556,57.95781],[19.07556,57.95781],[19.07556,57.95781],[19.07561,57.95784],[19.07562,57.95785],[19.07557,57.95786],[19.07551,57.95786],[19.07545,57.95784],[19.07545,57.95784],[19.07545,57.95784],[19.07545,57.95784],[19.07541,57.95788],[19.07541,57.95788],[19.07542,57.95789],[19.07537,57.95791],[19.07538,57.9579],[19.07539,57.95785],[19.07539,57.95785],[19.07535,57.95783],[19.07534,57.95783],[19.07534,57.95783],[19.07524,57.95788],[19.07522,57.95796],[19.07522,57.95796],[19.07526,57.95798],[19.07526,57.95798],[19.07537,57.95797],[19.07539,57.95799],[19.07539,57.95799],[19.07539,57.95799],[19.07539,57.95799],[19.07545,57.95797],[19.0755,57.95798],[19.07551,57.958],[19.07551,57.958],[19.07551,57.958],[19.07551,57.958],[19.07557,57.958],[19.07564,57.95801],[19.07563,57.95805],[19.07563,57.95805],[19.07572,57.95809],[19.07578,57.95813],[19.07583,57.95815],[19.07582,57.95817],[19.07582,57.95817],[19.07585,57.95819],[19.07584,57.95823],[19.0758,57.95827],[19.0758,57.95827],[19.0758,57.95827],[19.07589,57.95829],[19.07589,57.95829],[19.07589,57.95829],[19.07593,57.95824],[19.07599,57.95822],[19.07604,57.95822],[19.07604,57.95822],[19.07607,57.95819],[19.07606,57.95816],[19.07613,57.95814],[19.07616,57.95811],[19.07617,57.95808],[19.07629,57.95807],[19.07639,57.95807],[19.07647,57.95808],[19.07654,57.9581],[19.07651,57.95812],[19.07651,57.95812],[19.07651,57.95812],[19.07651,57.95812],[19.07658,57.95815],[19.07658,57.95815],[19.07665,57.95815],[19.07676,57.95817],[19.07682,57.95823],[19.07684,57.95826],[19.07682,57.9583],[19.07682,57.95833],[19.07687,57.95836],[19.07685,57.95842],[19.07683,57.95844],[19.07679,57.95846],[19.07679,57.95846],[19.07679,57.95847],[19.07679,57.95847],[19.07688,57.9585],[19.07689,57.9585],[19.07695,57.95849],[19.07699,57.9585],[19.07698,57.95851],[19.0769,57.95852],[19.0769,57.95852],[19.0769,57.95852],[19.0769,57.95852],[19.07694,57.95855],[19.07692,57.95858],[19.07691,57.95863],[19.07687,57.95865],[19.0768,57.95865],[19.0768,57.95865],[19.07677,57.95868],[19.07677,57.95868],[19.07677,57.95868],[19.0768,57.9587],[19.0768,57.9587],[19.0768,57.9587],[19.07686,57.95869],[19.07691,57.9587],[19.0769,57.95874],[19.07694,57.95878],[19.07695,57.95878],[19.07695,57.95878],[19.07695,57.95878],[19.07699,57.95874],[19.07702,57.95875],[19.07707,57.95874],[19.07707,57.95878],[19.07707,57.95878],[19.07714,57.95881],[19.07726,57.95884],[19.07738,57.95887],[19.07748,57.95889],[19.0775,57.9589],[19.07755,57.95891],[19.07756,57.95893],[19.07757,57.95897],[19.07762,57.95901],[19.07762,57.95901],[19.07765,57.95902],[19.07779,57.95902],[19.07792,57.95907],[19.07801,57.95911],[19.07805,57.95915],[19.07803,57.95916],[19.07802,57.95917],[19.07802,57.95917],[19.07802,57.95917],[19.07804,57.95918],[19.07819,57.95927],[19.07823,57.95932],[19.07827,57.95933],[19.07827,57.95934],[19.07825,57.95938],[19.07824,57.95945],[19.07826,57.95948],[19.07831,57.95951],[19.07832,57.95952],[19.07836,57.95955],[19.07841,57.95957],[19.07845,57.9596],[19.07845,57.9596],[19.07845,57.9596],[19.07851,57.95959],[19.07859,57.95959],[19.07865,57.9596],[19.07873,57.95969],[19.07877,57.95975],[19.0789,57.95995],[19.07896,57.96008],[19.07898,57.96017],[19.07899,57.96023],[19.07904,57.96034],[19.07905,57.96037],[19.07907,57.96046],[19.07908,57.96051],[19.0791,57.96057],[19.07912,57.96061],[19.07912,57.96062],[19.07909,57.96066],[19.07906,57.9607],[19.07905,57.96071],[19.07905,57.96071],[19.07907,57.96072],[19.07909,57.96074],[19.07911,57.96076],[19.07912,57.96079],[19.07914,57.96083],[19.07914,57.96085],[19.07914,57.96085],[19.07918,57.96086],[19.07909,57.96094],[19.07907,57.96096],[19.07907,57.96096],[19.07909,57.96097],[19.07912,57.96099],[19.07912,57.961],[19.07912,57.961],[19.07915,57.96099],[19.07917,57.96098],[19.07917,57.961],[19.07917,57.961],[19.07921,57.96101],[19.07917,57.96108],[19.07917,57.96112],[19.07921,57.96116],[19.07922,57.9612],[19.07922,57.96121],[19.07921,57.96125],[19.07923,57.96129],[19.07923,57.9613],[19.07931,57.96141],[19.07935,57.96146],[19.07938,57.96153],[19.07936,57.96157],[19.07937,57.96163],[19.07939,57.96166],[19.0794,57.96168],[19.07943,57.9617],[19.07945,57.96173],[19.07941,57.96172],[19.07935,57.96172],[19.07929,57.96172],[19.07929,57.96172],[19.07929,57.96173],[19.07929,57.96173],[19.07926,57.96176],[19.07925,57.96179],[19.07924,57.9618],[19.07925,57.96183],[19.07925,57.96185],[19.07927,57.96189],[19.07922,57.96194],[19.07922,57.96194],[19.07925,57.96197],[19.07928,57.96202],[19.07925,57.96206],[19.07926,57.96209],[19.07929,57.96211],[19.07926,57.96211],[19.07926,57.96211],[19.07926,57.96211],[19.07926,57.96217],[19.07926,57.96222],[19.07924,57.96228],[19.07923,57.96232],[19.07923,57.96232],[19.0793,57.96236],[19.0793,57.96238],[19.0793,57.96238],[19.0793,57.96238],[19.07938,57.9624],[19.07939,57.96241],[19.07923,57.96241],[19.07923,57.96241],[19.07919,57.96243],[19.07918,57.96243],[19.0792,57.96248],[19.0792,57.96248],[19.07927,57.96252],[19.07932,57.96254],[19.07932,57.96254],[19.07938,57.96254],[19.0794,57.96255],[19.07936,57.96258],[19.07936,57.96258],[19.07936,57.96258],[19.07936,57.96258],[19.07943,57.96262],[19.07947,57.96265],[19.0795,57.96269],[19.07953,57.96271],[19.07955,57.96278],[19.07955,57.96283],[19.07955,57.96283],[19.0796,57.96285],[19.07965,57.96286],[19.07962,57.9629],[19.07954,57.96293],[19.07954,57.96293],[19.07954,57.96294],[19.07948,57.96293],[19.07948,57.96293],[19.07935,57.96298],[19.07935,57.96298],[19.07935,57.96299],[19.07938,57.96302],[19.0794,57.96305],[19.07946,57.96307],[19.07946,57.96307],[19.07951,57.96306],[19.07952,57.96308],[19.07946,57.96316],[19.07944,57.96317],[19.0794,57.9632],[19.07936,57.96324],[19.07934,57.96327],[19.07934,57.96327],[19.07934,57.96327],[19.07938,57.9633],[19.07944,57.96334],[19.07946,57.96334],[19.07938,57.96338],[19.07938,57.96338],[19.07938,57.96338],[19.07938,57.96338],[19.07943,57.96341],[19.07949,57.96342],[19.07949,57.96347],[19.07945,57.96351],[19.07945,57.96351],[19.07945,57.96352],[19.0795,57.96353],[19.0795,57.96353],[19.0795,57.96353],[19.07955,57.96349],[19.07958,57.96348],[19.07964,57.9635],[19.07968,57.96353],[19.07972,57.96355],[19.07969,57.96358],[19.07965,57.96359],[19.07965,57.96359],[19.07963,57.96365],[19.07963,57.96365],[19.07969,57.9637],[19.07969,57.9637],[19.07969,57.9637],[19.07969,57.9637],[19.07969,57.9637],[19.07974,57.96365],[19.07981,57.96366],[19.0798,57.9637],[19.0798,57.9637],[19.0798,57.9637],[19.07985,57.96371],[19.07998,57.96371],[19.08003,57.96372],[19.08009,57.96376],[19.08017,57.96381],[19.08018,57.96384],[19.08018,57.96387],[19.08023,57.96391],[19.0803,57.96395],[19.08045,57.96421],[19.08049,57.96425],[19.08054,57.96427],[19.0806,57.96431],[19.0806,57.96436],[19.08059,57.96437],[19.08058,57.96437],[19.08058,57.96437],[19.08058,57.96439],[19.0806,57.96444],[19.0806,57.96444],[19.08063,57.96448],[19.08063,57.96448],[19.08066,57.96449],[19.08073,57.9645],[19.08077,57.96452],[19.0808,57.96455],[19.08079,57.96459],[19.08078,57.96459],[19.08076,57.9646],[19.08072,57.96465],[19.08071,57.96466],[19.08072,57.96466],[19.08073,57.96468],[19.08078,57.96469],[19.08079,57.96469],[19.08089,57.96471],[19.0809,57.96471],[19.0809,57.96471],[19.08095,57.96472],[19.08095,57.96472],[19.08097,57.96471],[19.08096,57.96472],[19.08095,57.96473],[19.08093,57.96476],[19.08093,57.96476],[19.08095,57.96478],[19.08102,57.96482],[19.08104,57.96486],[19.08107,57.96488],[19.08126,57.96502],[19.08126,57.96503],[19.0813,57.96513],[19.08131,57.96513],[19.08133,57.96514],[19.08135,57.96515],[19.0814,57.96519],[19.08147,57.96522],[19.08158,57.96527],[19.0816,57.96528],[19.0816,57.96529],[19.08159,57.9653],[19.08159,57.9653],[19.08161,57.96532],[19.08167,57.96534],[19.08167,57.96536],[19.08167,57.96546],[19.08167,57.96546],[19.08167,57.96546],[19.08171,57.96547],[19.08172,57.96547],[19.08177,57.96549],[19.08176,57.96552],[19.08178,57.96556],[19.08179,57.96557],[19.08179,57.96557],[19.08179,57.96557],[19.08182,57.96557],[19.08193,57.96556],[19.08198,57.96557],[19.082,57.96558],[19.08203,57.96561],[19.08203,57.96562],[19.08203,57.96565],[19.08206,57.96567],[19.0821,57.9657],[19.08212,57.96572],[19.08216,57.96573],[19.08222,57.96576],[19.08221,57.96578],[19.08223,57.96582],[19.08224,57.96583],[19.08231,57.96585],[19.08231,57.96586],[19.08242,57.96588],[19.0825,57.9659],[19.0825,57.96591],[19.08251,57.96596],[19.08253,57.96598],[19.08264,57.96603],[19.08267,57.96605],[19.08275,57.96609],[19.08282,57.96614],[19.08289,57.96616],[19.08298,57.96616],[19.08302,57.96617],[19.08304,57.96618],[19.08302,57.9662],[19.08302,57.96622],[19.08302,57.96622],[19.08308,57.96626],[19.08309,57.96626],[19.0831,57.96626],[19.08307,57.96628],[19.08307,57.96628],[19.08307,57.96628],[19.08309,57.9663],[19.0832,57.96637],[19.08319,57.9664],[19.08319,57.9664],[19.08321,57.96641],[19.08327,57.96643],[19.08334,57.96643],[19.08343,57.96645],[19.08352,57.96644],[19.08354,57.96644],[19.08358,57.96646],[19.08355,57.96649],[19.08355,57.96649],[19.08355,57.96649],[19.08359,57.9665],[19.08362,57.96651],[19.08362,57.96652],[19.0836,57.96654],[19.0836,57.96654],[19.08363,57.96655],[19.08366,57.96656],[19.08369,57.96656],[19.08371,57.96656],[19.08377,57.96654],[19.08379,57.96656],[19.0838,57.96656],[19.08381,57.96656],[19.08381,57.96656],[19.08384,57.96656],[19.08384,57.96655],[19.08385,57.96654],[19.08388,57.96652],[19.08389,57.96652],[19.08389,57.96653],[19.08392,57.96657],[19.08394,57.96661],[19.08394,57.96665],[19.084,57.9667],[19.084,57.96672],[19.08399,57.96674],[19.084,57.96674],[19.08402,57.96675],[19.08406,57.96677],[19.08406,57.96677],[19.08408,57.96678],[19.08408,57.9668],[19.08407,57.96682],[19.08407,57.96682],[19.08409,57.96683],[19.08414,57.96684],[19.08416,57.96684],[19.08416,57.96684],[19.08419,57.96683],[19.08419,57.96683],[19.08419,57.96683],[19.08419,57.96679],[19.08419,57.96677],[19.08417,57.96673],[19.08416,57.96672],[19.08413,57.9667],[19.08411,57.96668],[19.08412,57.96668],[19.08415,57.96668],[19.08424,57.9667],[19.08424,57.9667],[19.0843,57.96668],[19.08434,57.9667],[19.08434,57.9667],[19.08438,57.9667],[19.08438,57.9667],[19.08441,57.96668],[19.08441,57.96666],[19.08439,57.96665],[19.08433,57.96662],[19.08438,57.96661],[19.08438,57.96661],[19.08443,57.96661],[19.08443,57.96661],[19.08448,57.96665],[19.08448,57.96666],[19.08448,57.96667],[19.08449,57.96669],[19.08444,57.96673],[19.08441,57.96676],[19.08441,57.96676],[19.08441,57.96676],[19.08444,57.96677],[19.08448,57.96678],[19.08452,57.96678],[19.08456,57.96683],[19.0846,57.96685],[19.0846,57.96685],[19.08462,57.96685],[19.08465,57.96686],[19.08472,57.96692],[19.08478,57.96698],[19.0848,57.967],[19.0848,57.967],[19.08483,57.967],[19.08485,57.967],[19.08486,57.967],[19.08493,57.96696],[19.08495,57.96696],[19.08503,57.96696],[19.08519,57.96697],[19.08528,57.96698],[19.08544,57.96701],[19.08565,57.96707],[19.08577,57.9671],[19.08578,57.9671],[19.08588,57.96713],[19.08591,57.96715],[19.08599,57.9672],[19.08599,57.96721],[19.08599,57.96725],[19.08599,57.96725],[19.08599,57.96725],[19.08599,57.96725],[19.08599,57.96725],[19.08604,57.96724],[19.08612,57.96723],[19.08613,57.96723],[19.08618,57.96724],[19.08636,57.96734],[19.08648,57.96742],[19.08651,57.96744],[19.08665,57.96753],[19.08669,57.96755],[19.08671,57.96756],[19.08682,57.96764],[19.08682,57.96764],[19.08689,57.96766],[19.0869,57.96767],[19.0869,57.96767],[19.0869,57.96774],[19.08694,57.96778],[19.08694,57.96778],[19.08693,57.96782],[19.08693,57.96782],[19.08695,57.96784],[19.08701,57.96787],[19.08706,57.96787],[19.08711,57.96788],[19.08733,57.96804],[19.08736,57.96806],[19.08744,57.96811],[19.08751,57.96816],[19.08756,57.96822],[19.08764,57.96831],[19.08764,57.96832],[19.08764,57.96832],[19.08763,57.96832],[19.08757,57.96835],[19.08755,57.96835],[19.08755,57.96835],[19.0875,57.96835],[19.08746,57.96836],[19.08746,57.96836],[19.08746,57.96836],[19.08746,57.96836],[19.08748,57.96838],[19.08753,57.9684],[19.08753,57.96841],[19.08752,57.96843],[19.08752,57.96843],[19.08753,57.96843],[19.08757,57.96845],[19.08762,57.96847],[19.0876,57.96847],[19.08756,57.96848],[19.08756,57.96848],[19.08756,57.96848],[19.08756,57.96848],[19.08759,57.9685],[19.08761,57.96852],[19.08763,57.96858],[19.0876,57.96862],[19.08761,57.96864],[19.08761,57.96865],[19.08765,57.96867],[19.08771,57.96868],[19.08773,57.9687],[19.08775,57.96872],[19.08777,57.96874],[19.08797,57.96882],[19.08797,57.96882],[19.088,57.96881],[19.08802,57.96885],[19.08806,57.96888],[19.08807,57.96888],[19.08815,57.96888],[19.08825,57.9689],[19.08831,57.96893],[19.08837,57.96895],[19.08844,57.96898],[19.08846,57.96899],[19.08849,57.96901],[19.08849,57.96904],[19.08849,57.96904],[19.08852,57.96904],[19.08853,57.96905],[19.08866,57.96908],[19.08871,57.9691],[19.08869,57.96913],[19.08861,57.96916],[19.08859,57.9692],[19.08859,57.9692],[19.08861,57.96924],[19.08866,57.96928],[19.08862,57.9693],[19.08862,57.9693],[19.08862,57.96935],[19.08864,57.96941],[19.08864,57.96941],[19.08872,57.96943],[19.08894,57.96943],[19.08894,57.96943],[19.08894,57.96943],[19.08898,57.96938],[19.08904,57.96935],[19.08908,57.9693],[19.08908,57.9693],[19.08901,57.96924],[19.08911,57.96925],[19.08913,57.9693],[19.08907,57.96934],[19.08903,57.96939],[19.08903,57.96939],[19.08903,57.96939],[19.08903,57.96939],[19.08916,57.96943],[19.08916,57.96944],[19.08905,57.96947],[19.08905,57.96947],[19.08905,57.96947],[19.0891,57.96951],[19.0891,57.96951],[19.08917,57.96952],[19.08923,57.96955],[19.08924,57.96958],[19.0892,57.96959],[19.08917,57.9696],[19.08908,57.96964],[19.08908,57.96964],[19.08908,57.96964],[19.08913,57.96969],[19.08916,57.96972],[19.08922,57.96975],[19.0893,57.9698],[19.08934,57.96981],[19.08938,57.96982],[19.08939,57.96988],[19.08937,57.96993],[19.08937,57.96993],[19.08943,57.96997],[19.08943,57.96997],[19.08954,57.96996],[19.08967,57.96996],[19.08967,57.96996],[19.08967,57.96996],[19.08972,57.96991],[19.08971,57.96983],[19.08972,57.96977],[19.08969,57.96973],[19.08973,57.96968],[19.08973,57.96968],[19.08976,57.96971],[19.08977,57.96971],[19.08977,57.96971],[19.08982,57.9697],[19.08986,57.96968],[19.08987,57.96968],[19.08988,57.96966],[19.0899,57.96966],[19.0899,57.96966],[19.08998,57.96964],[19.09006,57.96965],[19.09011,57.96967],[19.09017,57.96969],[19.09018,57.96969],[19.09029,57.96967],[19.09035,57.96968],[19.09037,57.9697],[19.09044,57.96973],[19.0905,57.96975],[19.09053,57.96976],[19.0905,57.96979],[19.09047,57.96982],[19.09047,57.96982],[19.09047,57.96982],[19.09052,57.96983],[19.09061,57.96983],[19.09064,57.96984],[19.09067,57.96987],[19.09067,57.96987],[19.09077,57.96991],[19.09082,57.96992],[19.09086,57.96994],[19.09086,57.96996],[19.09082,57.96999],[19.09082,57.96999],[19.09085,57.97004],[19.09085,57.97004],[19.09085,57.97004],[19.09085,57.97004],[19.09091,57.97003],[19.09097,57.97003],[19.09106,57.97003],[19.09106,57.97003],[19.09113,57.96998],[19.09118,57.96998],[19.09123,57.96997],[19.0913,57.96995],[19.09133,57.96998],[19.0913,57.97001],[19.09116,57.97009],[19.09116,57.97009],[19.09116,57.97009],[19.09122,57.97014],[19.09122,57.97014],[19.09129,57.97014],[19.09134,57.97019],[19.09142,57.97021],[19.09143,57.97021],[19.09143,57.97021],[19.09148,57.97018],[19.0915,57.97017],[19.09152,57.9702],[19.09153,57.97021],[19.09153,57.97021],[19.0916,57.9702],[19.0917,57.97023],[19.09173,57.97025],[19.0918,57.97029],[19.09186,57.97032],[19.0919,57.97036],[19.09197,57.97041],[19.09197,57.97041],[19.09209,57.97039],[19.09213,57.97041],[19.09208,57.97044],[19.09205,57.97047],[19.09205,57.97047],[19.09206,57.97053],[19.09211,57.97056],[19.09211,57.97056],[19.09222,57.97058],[19.09227,57.9706],[19.09228,57.97064],[19.09231,57.97067],[19.09231,57.97067],[19.09235,57.97068],[19.09235,57.97068],[19.09243,57.97069],[19.09245,57.97069],[19.09242,57.97072],[19.09242,57.97072],[19.09242,57.97072],[19.0925,57.97076],[19.09255,57.97078],[19.09256,57.97084],[19.09261,57.97087],[19.09265,57.97091],[19.09266,57.97095],[19.09271,57.97098],[19.09271,57.97098],[19.09284,57.97101],[19.09294,57.97102],[19.09294,57.97104],[19.09293,57.97107],[19.09284,57.97107],[19.09283,57.97107],[19.09283,57.97107],[19.09282,57.97111],[19.09277,57.97114],[19.09277,57.97114],[19.09277,57.97114],[19.09277,57.97114],[19.09292,57.97117],[19.09294,57.97119],[19.09295,57.97119],[19.09301,57.97119],[19.09308,57.97119],[19.09308,57.97119],[19.09309,57.97116],[19.09316,57.97114],[19.09319,57.97114],[19.09315,57.97117],[19.09315,57.97121],[19.09315,57.97121],[19.09321,57.97125],[19.0932,57.97128],[19.09319,57.9713],[19.09323,57.97132],[19.09325,57.97135],[19.0933,57.97137],[19.09333,57.97139],[19.09333,57.97139],[19.09342,57.97137],[19.09344,57.97137],[19.09347,57.97139],[19.0935,57.97143],[19.09354,57.97146],[19.09348,57.9715],[19.09348,57.9715],[19.09349,57.97152],[19.09343,57.97151],[19.09336,57.97153],[19.09336,57.97153],[19.09336,57.97153],[19.09337,57.97156],[19.09337,57.97156],[19.09338,57.97156],[19.09344,57.97158],[19.09343,57.9716],[19.09338,57.97163],[19.09335,57.97168],[19.09336,57.9717],[19.09333,57.97171],[19.09332,57.97168],[19.09332,57.97164],[19.09332,57.97163],[19.09325,57.97159],[19.09325,57.97159],[19.09325,57.97159],[19.09325,57.97159],[19.0932,57.97161],[19.09317,57.97159],[19.09318,57.97154],[19.09318,57.97154],[19.0931,57.9715],[19.093,57.97148],[19.09299,57.97148],[19.09299,57.97148],[19.09299,57.97148],[19.09303,57.97154],[19.09301,57.97155],[19.0929,57.97153],[19.0929,57.97153],[19.0929,57.97153],[19.0929,57.97153],[19.09296,57.97159],[19.09303,57.97164],[19.09307,57.97165],[19.09309,57.9717],[19.09309,57.9717],[19.09314,57.97173],[19.09314,57.97173],[19.09317,57.97172],[19.09318,57.97174],[19.09318,57.97174],[19.09325,57.97177],[19.09326,57.97177],[19.0932,57.97176],[19.0932,57.97176],[19.09312,57.9718],[19.09312,57.97181],[19.09312,57.97181],[19.0932,57.97185],[19.0932,57.97185],[19.09327,57.97185],[19.09327,57.97185],[19.0933,57.97182],[19.09334,57.97179],[19.09336,57.97181],[19.09332,57.97184],[19.09334,57.97188],[19.09334,57.97188],[19.09342,57.9719],[19.09338,57.97191],[19.09322,57.97189],[19.09322,57.97189],[19.09322,57.9719],[19.09322,57.9719],[19.0933,57.97196],[19.0933,57.97196],[19.09338,57.97198],[19.0935,57.97197],[19.0935,57.97197],[19.0935,57.97197],[19.0935,57.97197],[19.09349,57.97191],[19.09349,57.97189],[19.09354,57.97186],[19.09359,57.9718],[19.09359,57.9718],[19.09356,57.97176],[19.09364,57.97175],[19.09372,57.97178],[19.09378,57.9718],[19.09375,57.97185],[19.09371,57.97191],[19.09371,57.97191],[19.09378,57.97197],[19.09382,57.97207],[19.09385,57.97214],[19.09385,57.97214],[19.09398,57.97222],[19.09401,57.97227],[19.09407,57.97231],[19.09407,57.97231],[19.09413,57.97233],[19.09418,57.9724],[19.0943,57.97244],[19.09437,57.97246],[19.09447,57.97246],[19.09449,57.97249],[19.09451,57.97251],[19.09452,57.97251],[19.09452,57.97251],[19.09452,57.97251],[19.09461,57.97247],[19.09467,57.97248],[19.09467,57.97251],[19.09467,57.97256],[19.09467,57.97256],[19.09474,57.97259],[19.09466,57.97264],[19.09466,57.97268],[19.09466,57.97268],[19.09473,57.9727],[19.09483,57.9727],[19.09485,57.9727],[19.09484,57.97274],[19.09484,57.97274],[19.09493,57.97277],[19.09501,57.97279],[19.09513,57.97281],[19.09525,57.97283],[19.09532,57.97283],[19.09532,57.97286],[19.09532,57.97286],[19.09537,57.97289],[19.09537,57.97291],[19.09537,57.97291],[19.09537,57.97291],[19.09544,57.97294],[19.09544,57.97294],[19.09552,57.97292],[19.09558,57.97292],[19.09563,57.97294],[19.0956,57.97297],[19.0956,57.97297],[19.0956,57.97297],[19.0956,57.97297],[19.0957,57.97298],[19.09574,57.973],[19.0957,57.97303],[19.09566,57.97303],[19.09561,57.97299],[19.09561,57.97299],[19.09561,57.97299],[19.09547,57.97301],[19.09542,57.97306],[19.09542,57.97306],[19.09547,57.97313],[19.09547,57.97313],[19.09547,57.97313],[19.09557,57.97313],[19.09565,57.97311],[19.09573,57.97311],[19.09583,57.97314],[19.09584,57.97316],[19.09576,57.97315],[19.09568,57.97317],[19.09568,57.97317],[19.09568,57.97317],[19.09568,57.97323],[19.09567,57.97327],[19.09567,57.97327],[19.09567,57.97327],[19.09567,57.97327],[19.09579,57.97327],[19.09582,57.97326],[19.09587,57.97332],[19.09598,57.97335],[19.09598,57.97335],[19.09608,57.97333],[19.09611,57.97336],[19.09613,57.97339],[19.09619,57.97343],[19.09621,57.97349],[19.09625,57.97352],[19.09623,57.97354],[19.09614,57.97356],[19.09614,57.97356],[19.09614,57.97364],[19.09609,57.97368],[19.09606,57.97372],[19.09601,57.97378],[19.09601,57.97378],[19.09601,57.97378],[19.09601,57.97378],[19.09608,57.9738],[19.09608,57.9738],[19.09608,57.9738],[19.09616,57.97375],[19.09621,57.97375],[19.09624,57.97375],[19.09624,57.97377],[19.09623,57.97381],[19.09623,57.97381],[19.09628,57.97385],[19.09637,57.97389],[19.09645,57.97389],[19.09645,57.97389],[19.09651,57.97386],[19.09651,57.97386],[19.09651,57.97386],[19.09647,57.97381],[19.0964,57.97378],[19.09634,57.97372],[19.09635,57.97369],[19.09637,57.9737],[19.09645,57.97373],[19.09647,57.97377],[19.09647,57.97377],[19.09657,57.9738],[19.09663,57.97383],[19.09666,57.97386],[19.09667,57.97389],[19.09667,57.97389],[19.09674,57.97391],[19.09678,57.97392],[19.09678,57.97393],[19.09677,57.97397],[19.09669,57.97398],[19.09669,57.97398],[19.09667,57.97403],[19.09666,57.97406],[19.09666,57.97407],[19.09666,57.97407],[19.09675,57.97411],[19.09675,57.97411],[19.09675,57.97411],[19.09675,57.97411],[19.09683,57.97407],[19.09685,57.97405],[19.09691,57.97405],[19.09696,57.97409],[19.09711,57.97415],[19.09716,57.97419],[19.09728,57.97425],[19.09737,57.97428],[19.09743,57.97432],[19.09746,57.97434],[19.09754,57.97438],[19.09764,57.97441],[19.0977,57.97444],[19.09774,57.97447],[19.09776,57.97451],[19.09782,57.97454],[19.09791,57.97459],[19.09795,57.9746],[19.09797,57.97464],[19.0979,57.97466],[19.0979,57.97466],[19.09791,57.97469],[19.09791,57.97469],[19.09791,57.97469],[19.09801,57.9747],[19.09806,57.97471],[19.09798,57.97473],[19.09798,57.97473],[19.09798,57.97473],[19.09798,57.97473],[19.09807,57.97477],[19.0981,57.97481],[19.09815,57.97485],[19.09815,57.97485],[19.09828,57.97485],[19.09844,57.97486],[19.0984,57.97489],[19.09837,57.97493],[19.09838,57.97496],[19.09843,57.97501],[19.09837,57.97502],[19.09835,57.97506],[19.09835,57.97506],[19.09835,57.97506],[19.09844,57.97508],[19.09844,57.97508],[19.09849,57.97507],[19.09849,57.97507],[19.0985,57.97504],[19.09855,57.97503],[19.09856,57.97502],[19.09862,57.97503],[19.09867,57.97507],[19.09862,57.97506],[19.09853,57.97507],[19.09853,57.97507],[19.09847,57.97508],[19.09847,57.97508],[19.09847,57.97508],[19.09847,57.97508],[19.09851,57.97513],[19.09855,57.97514],[19.09859,57.97516],[19.09858,57.97518],[19.09858,57.97518],[19.09861,57.9752],[19.09862,57.9752],[19.09862,57.9752],[19.09871,57.9752],[19.09877,57.97518],[19.09881,57.97517],[19.09891,57.97524],[19.09897,57.97527],[19.09897,57.97527],[19.09897,57.97527],[19.09897,57.97527],[19.09901,57.97522],[19.09905,57.97521],[19.09916,57.97517],[19.09921,57.97521],[19.09929,57.97525],[19.09935,57.97529],[19.09935,57.97529],[19.09939,57.9753],[19.09935,57.97533],[19.09935,57.97538],[19.09935,57.97538],[19.09944,57.97541],[19.09944,57.97541],[19.09934,57.97541],[19.09929,57.97543],[19.09928,57.97543],[19.09928,57.97543],[19.0993,57.97547],[19.0993,57.97547],[19.0993,57.97547],[19.09941,57.97547],[19.09946,57.97553],[19.09946,57.97553],[19.09946,57.97553],[19.09956,57.97551],[19.09964,57.97549],[19.09977,57.97545],[19.09977,57.97545],[19.09977,57.97544],[19.09968,57.97538],[19.09967,57.97535],[19.09967,57.97531],[19.09971,57.97535],[19.09971,57.97535],[19.0998,57.97534],[19.0998,57.97534],[19.0998,57.97534],[19.09985,57.97529],[19.09996,57.97533],[19.09995,57.97535],[19.09995,57.97535],[19.10002,57.9754],[19.09995,57.97545],[19.09995,57.97545],[19.09995,57.97545],[19.10002,57.97551],[19.10002,57.97551],[19.10002,57.97551],[19.10011,57.9755],[19.10013,57.97551],[19.10014,57.97555],[19.10013,57.97559],[19.10013,57.97559],[19.10013,57.97559],[19.1002,57.97561],[19.10033,57.97565],[19.10041,57.97566],[19.10047,57.9757],[19.10049,57.97571],[19.10047,57.97576],[19.10047,57.97576],[19.10047,57.97576],[19.10047,57.97576],[19.10047,57.97576],[19.10058,57.97575],[19.10065,57.97575],[19.10077,57.97573],[19.10081,57.97575],[19.10084,57.97577],[19.10085,57.97581],[19.10093,57.97586],[19.10103,57.97588],[19.10111,57.97591],[19.10116,57.97593],[19.10122,57.97595],[19.10126,57.97599],[19.10126,57.97599],[19.10134,57.976],[19.10143,57.97599],[19.10151,57.97601],[19.10165,57.97602],[19.10178,57.97602],[19.10181,57.97602],[19.10206,57.97599],[19.10215,57.97598],[19.10221,57.976],[19.10228,57.97605],[19.10251,57.97617],[19.10312,57.97648],[19.10329,57.97656],[19.10339,57.97661],[19.10342,57.97664],[19.10344,57.97665],[19.10342,57.97667],[19.10338,57.97673],[19.10345,57.97685],[19.10348,57.97692],[19.1035,57.97701],[19.10351,57.97707],[19.10343,57.97717],[19.10343,57.97721],[19.10346,57.97725],[19.10353,57.97728],[19.10358,57.97729],[19.1036,57.97731],[19.1036,57.97734],[19.1036,57.97739],[19.10362,57.97743],[19.10362,57.97743],[19.10362,57.97743],[19.10381,57.97745],[19.10388,57.97749],[19.10389,57.97752],[19.10386,57.97755],[19.10379,57.97762],[19.10379,57.97762],[19.10379,57.97762],[19.10391,57.9777],[19.10418,57.97788],[19.10418,57.97788],[19.1043,57.97789],[19.10444,57.97787],[19.10457,57.97783],[19.10464,57.97782],[19.10471,57.97782],[19.10492,57.97786],[19.10498,57.97789],[19.10505,57.97793],[19.1051,57.97799],[19.10513,57.97806],[19.10513,57.9781],[19.10508,57.97814],[19.10503,57.97822],[19.105,57.97826],[19.105,57.97826],[19.10502,57.97829],[19.10502,57.97829],[19.10512,57.97832],[19.10528,57.97834],[19.10544,57.97837],[19.1056,57.97839],[19.10573,57.97837],[19.10592,57.97834],[19.10606,57.97833],[19.10634,57.97836],[19.10658,57.97841],[19.10687,57.97849],[19.10703,57.97855],[19.10716,57.97859],[19.10716,57.97859],[19.10716,57.97859],[19.10728,57.97854],[19.10736,57.97854],[19.10749,57.97857],[19.10758,57.9786],[19.10764,57.97865],[19.10766,57.97872],[19.10764,57.97874],[19.10761,57.97875],[19.10748,57.97885],[19.10745,57.97888],[19.10738,57.97895],[19.10737,57.97897],[19.10738,57.97897],[19.10742,57.97901],[19.10757,57.97907],[19.1076,57.97909],[19.10761,57.97915],[19.1076,57.9792],[19.10766,57.97942],[19.10782,57.97975],[19.1079,57.97982],[19.1082,57.97994],[19.10829,57.97997],[19.10845,57.98008],[19.10851,57.98014],[19.10868,57.98026],[19.10894,57.98034],[19.10906,57.98039],[19.10921,57.98046],[19.10933,57.98051],[19.10948,57.98058],[19.10966,57.98063],[19.10992,57.98069],[19.11033,57.98091],[19.11047,57.981],[19.11069,57.98122],[19.1108,57.98129],[19.11111,57.98139],[19.11128,57.98143],[19.11138,57.98151],[19.11153,57.98166],[19.11182,57.98189],[19.11192,57.98195],[19.11217,57.98214],[19.11222,57.98221],[19.11233,57.9824],[19.11241,57.98245],[19.1126,57.98252],[19.11279,57.98257],[19.11281,57.98262],[19.11282,57.98265],[19.11282,57.98265],[19.11296,57.9827],[19.11325,57.98281],[19.11334,57.98284],[19.11334,57.98284],[19.11351,57.98285],[19.11355,57.98285],[19.11363,57.98286],[19.11376,57.98286],[19.11385,57.98283],[19.11386,57.98283],[19.11392,57.98274],[19.11394,57.9827],[19.114,57.98267],[19.11416,57.98263],[19.11427,57.98257],[19.11434,57.98252],[19.1144,57.98241],[19.11443,57.98239],[19.11447,57.98239],[19.11451,57.98239],[19.11462,57.98239],[19.11505,57.98239],[19.11521,57.98237],[19.11545,57.98235],[19.1156,57.98235],[19.11573,57.98237],[19.1158,57.9824],[19.11595,57.98247],[19.11612,57.98253],[19.11632,57.98258],[19.11649,57.9826],[19.11665,57.98262],[19.11701,57.98261],[19.11714,57.9826],[19.11732,57.98263],[19.1174,57.98266],[19.11761,57.98271],[19.11819,57.98275],[19.11836,57.98277],[19.11852,57.98278],[19.11858,57.98279],[19.11873,57.98282],[19.11896,57.98287],[19.11919,57.9829],[19.11957,57.98293],[19.11985,57.98295],[19.12014,57.98295],[19.1204,57.98296],[19.12112,57.98299],[19.12139,57.98298],[19.122,57.9829],[19.12239,57.98286],[19.12317,57.98274],[19.12331,57.98271],[19.12359,57.98264],[19.12439,57.9825],[19.12448,57.98249],[19.12458,57.98249],[19.12516,57.98252],[19.12544,57.98252],[19.12628,57.98248],[19.1266,57.98248],[19.12683,57.98248],[19.12697,57.98248],[19.12713,57.98248],[19.12725,57.98246],[19.12731,57.98244],[19.12767,57.98238],[19.1285,57.98231],[19.12879,57.98229],[19.1289,57.98228],[19.12897,57.98226],[19.12909,57.98226],[19.1299,57.98216],[19.13003,57.98214],[19.13083,57.98199],[19.13083,57.98199],[19.13116,57.98182],[19.13149,57.9816],[19.13202,57.98125],[19.13207,57.98122],[19.13242,57.98101],[19.1329,57.98064],[19.13304,57.98052],[19.1331,57.98047],[19.13338,57.98029],[19.13346,57.98026],[19.13354,57.98022],[19.13363,57.98019],[19.1338,57.98012],[19.13395,57.98005],[19.13398,57.98003],[19.13398,57.98003],[19.13408,57.97992],[19.13413,57.97988],[19.13421,57.97984],[19.1343,57.97979],[19.13456,57.97969],[19.13476,57.97964],[19.13482,57.97962],[19.1349,57.97958],[19.13515,57.97946],[19.13525,57.97941],[19.13552,57.9793],[19.13564,57.97926],[19.13574,57.97922],[19.13584,57.97919],[19.13614,57.9791],[19.13627,57.97907],[19.13647,57.97901],[19.13661,57.97896],[19.13674,57.97893],[19.13684,57.9789],[19.13693,57.97888],[19.13706,57.97886],[19.1374,57.97877],[19.13756,57.97874],[19.13763,57.97873],[19.13811,57.97864],[19.13856,57.97859],[19.13903,57.97858],[19.13912,57.97858],[19.13962,57.97859],[19.13982,57.97861],[19.14,57.97861],[19.14008,57.97861],[19.14013,57.9786],[19.14024,57.97861],[19.14063,57.9787],[19.14091,57.97875],[19.14091,57.97875],[19.14091,57.97875],[19.14289,57.97697],[19.14289,57.97697],[19.14289,57.97692],[19.14289,57.97692],[19.14289,57.97692],[19.13904,57.97707],[19.13376,57.97882],[19.13252,57.97903],[19.13135,57.9794],[19.12791,57.98065],[19.12379,57.98136],[19.12185,57.98164],[19.11949,57.98119],[19.11779,57.98096],[19.11477,57.9808],[19.11431,57.98068],[19.11388,57.98047],[19.11304,57.97994],[19.11074,57.97852],[19.10918,57.97753],[19.10681,57.97618],[19.10624,57.97583],[19.10535,57.97551],[19.1045,57.97515],[19.10189,57.97449],[19.09956,57.97349],[19.09843,57.97266],[19.09713,57.97181],[19.09604,57.97025],[19.09545,57.96981],[19.09453,57.96927],[19.09375,57.96899],[19.09288,57.96857],[19.08971,57.96788],[19.08944,57.96745],[19.08903,57.96707],[19.08582,57.96558],[19.08428,57.96523],[19.08321,57.96462],[19.0825,57.96409],[19.08205,57.96337],[19.08198,57.96287],[19.08225,57.9618],[19.08216,57.9611],[19.08249,57.95953],[19.08224,57.95862],[19.0827,57.95728],[19.0826,57.95686],[19.08274,57.95649],[19.08355,57.95585],[19.08356,57.95584],[19.08355,57.95584],[19.08305,57.95571],[19.08279,57.95562],[19.0826,57.95556],[19.08205,57.95541],[19.08165,57.95533],[19.0813,57.95528],[19.08099,57.95523],[19.08067,57.95514],[19.08051,57.95507],[19.08038,57.955],[19.08024,57.95491],[19.08013,57.95481],[19.08008,57.95475],[19.08008,57.95475],[19.08008,57.95475],[19.08008,57.95475],[19.07707,57.95537],[19.07707,57.95537],[19.07707,57.95538],[19.07705,57.95542],[19.07705,57.95544],[19.07701,57.95552],[19.07702,57.95555],[19.07702,57.95559],[19.07695,57.95578],[19.07692,57.95583],[19.07685,57.95594],[19.07686,57.95598],[19.07685,57.95601],[19.07684,57.95602],[19.07684,57.95607],[19.07678,57.95625],[19.07678,57.95625],[19.07675,57.95631],[19.07674,57.95634],[19.07674,57.95635],[19.0767,57.95644],[19.07668,57.95652],[19.07665,57.95654],[19.07663,57.95656],[19.07662,57.95658],[19.07659,57.95664],[19.07652,57.95669],[19.07652,57.95669],[19.07653,57.95672],[19.07653,57.95676],[19.07648,57.9568],[19.07645,57.95678],[19.07643,57.95678],[19.07643,57.95678],[19.07639,57.95678],[19.07637,57.95678],[19.07626,57.95682],[19.07626,57.95682],[19.07626,57.95683],[19.07626,57.95684],[19.07626,57.95686],[19.07622,57.95687],[19.0762,57.95688],[19.07613,57.95691],[19.07605,57.95697],[19.07604,57.95699],[19.07602,57.95702],[19.07599,57.95718],[19.07598,57.95728],[19.07596,57.95732],[19.07597,57.95738],[19.07597,57.95739],[19.07596,57.9574],[19.07596,57.95741],[19.07596,57.95741],[19.07589,57.9574],[19.07588,57.9574],[19.07585,57.95742],[19.07582,57.95739],[19.07582,57.95739],[19.07574,57.95737],[19.07555,57.95739],[19.07548,57.9574],[19.07548,57.9574],[19.07551,57.95737],[19.07551,57.95737],[19.07548,57.95735],[19.07548,57.95735],[19.0754,57.95735],[19.07527,57.95736],[19.07521,57.95736],[19.07513,57.95737],[19.07504,57.95741],[19.07504,57.95741],[19.07504,57.95746],[19.07498,57.95753],[19.07499,57.95761],[19.07494,57.95766]]]},"properties":{"NVRID":"2000451","NAMN":"Digerhuvud","SKYDDSTYP":"Naturreservat","LAN":"Gotlands Län","KOMMUN":"Gotland","IUCNKATEGORI":"III, Naturmonument (Natural Monument)","FORVALTARE":"Länsstyrelsen i Gotlands län","AREA_HA":104.529,"URSPR_BESLUTSDATUM":"1930-12-31"}},{"type":"Feature","geometry":{"type":"Polygon","coordinates":[[[18.34478,57.27433],[18.34562,57.27427],[18.34562,57.27427],[18.34562,57.27426],[18.34576,57.27338],[18.34576,57.27338],[18.34576,57.27338],[18.34319,57.27298],[18.34319,57.27298],[18.34163,57.27383],[18.34163,57.27383],[18.34232,57.27566],[18.34302,57.27656],[18.34394,57.27735],[18.34428,57.27756],[18.34498,57.27783],[18.34531,57.27787],[18.34564,57.27785],[18.34564,57.27785],[18.34653,57.2775],[18.34893,57.27654],[18.34893,57.27654],[18.34894,57.27654],[18.34838,57.27484],[18.34838,57.27484],[18.34838,57.27484],[18.34838,57.27484],[18.34723,57.27496],[18.34706,57.27445],[18.34706,57.27445],[18.34706,57.27444],[18.34706,57.27444],[18.34493,57.2746],[18.34481,57.27438],[18.34478,57.27433]]]},"properties":{"NVRID":"2050059","NAMN":"Sandarve kulle","SKYDDSTYP":"Naturreservat","LAN":"Gotlands Län","KOMMUN":"Gotland","IUCNKATEGORI":"IV, Habitat/Artskyddsområde (Habitat/Species Management Area)","FORVALTARE":"Länsstyrelsen i Gotlands län","AREA_HA":14.483,"URSPR_BESLUTSDATUM":"1984-10-22"}},{"type":"Feature","geometry":{"type":"Polygon","coordinates":[[[18.37775,57.13557],[18.3781,57.13593],[18.3781,57.13593],[18.3781,57.13593],[18.38146,57.13376],[18.38146,57.13375],[18.37671,57.12892],[18.37671,57.12892],[18.37671,57.12892],[18.37601,57.12894],[18.37346,57.1289],[18.37036,57.12955],[18.37036,57.12955],[18.37036,57.12955],[18.37211,57.13137],[18.37647,57.13584],[18.37647,57.13584],[18.37647,57.13584],[18.37775,57.13557]]]},"properties":{"NVRID":"2000029","NAMN":"Pankar","SKYDDSTYP":"Naturreservat","LAN":"Gotlands Län","KOMMUN":"Gotland","IUCNKATEGORI":"Ia, Strikt naturreservat (Strict Nature Reserve)","FORVALTARE":"Länsstyrelsen i Gotlands län","AREA_HA":28.078,"URSPR_BESLUTSDATUM":"2003-04-28"}},{"type":"Feature","geometry":{"type":"Polygon","coordinates":[[[19.09419,57.90068],[19.09419,57.90068],[19.09419,57.90068],[19.09419,57.90068],[19.09419,57.90068],[19.09424,57.90073],[19.09464,57.90108],[19.09523,57.9015],[19.09589,57.90189],[19.09656,57.90222],[19.09754,57.90264],[19.10039,57.9039],[19.10126,57.90428],[19.10174,57.90451],[19.10205,57.90467],[19.10242,57.90488],[19.10264,57.90501],[19.10291,57.90519],[19.10311,57.90533],[19.1033,57.90546],[19.10346,57.90558],[19.10366,57.90574],[19.10382,57.90588],[19.10398,57.90603],[19.10411,57.90615],[19.10449,57.90654],[19.10491,57.90696],[19.10491,57.90696],[19.10491,57.90696],[19.10491,57.90696],[19.1055,57.90658],[19.1055,57.90658],[19.10485,57.90554],[19.10447,57.90488],[19.10546,57.90426],[19.10626,57.90451],[19.10626,57.90451],[19.10626,57.90451],[19.10626,57.90451],[19.10637,57.90441],[19.10645,57.90438],[19.10738,57.90388],[19.10809,57.90376],[19.10809,57.90376],[19.10813,57.90374],[19.10846,57.90368],[19.10855,57.90368],[19.10905,57.90348],[19.10965,57.90331],[19.10976,57.90322],[19.10951,57.90124],[19.10951,57.90124],[19.10951,57.90124],[19.097,57.90063],[19.09632,57.90058],[19.09568,57.90053],[19.09568,57.90053],[19.09568,57.90053],[19.09565,57.9008],[19.09419,57.90068]]]},"properties":{"NVRID":"2000432","NAMN":"Verkegards","SKYDDSTYP":"Naturreservat","LAN":"Gotlands Län","KOMMUN":"Gotland","IUCNKATEGORI":"Ia, Strikt naturreservat (Strict Nature Reserve)","FORVALTARE":"Länsstyrelsen i Gotlands län","AREA_HA":29.088,"URSPR_BESLUTSDATUM":"1998-11-02"}},{"type":"Feature","geometry":{"type":"Polygon","coordinates":[[[18.4652,57.82123],[18.4652,57.82123],[18.4652,57.82123],[18.46534,57.82127],[18.4655,57.82132],[18.46625,57.82151],[18.46689,57.82173],[18.46748,57.82197],[18.46812,57.82225],[18.4683,57.82232],[18.46847,57.82239],[18.46866,57.82247],[18.46891,57.82256],[18.46913,57.82263],[18.46982,57.82288],[18.47021,57.82299],[18.47031,57.82302],[18.47045,57.82305],[18.47055,57.82308],[18.47066,57.82313],[18.4708,57.82316],[18.4709,57.82318],[18.47116,57.82322],[18.47127,57.82325],[18.47131,57.82326],[18.47164,57.82333],[18.47174,57.82336],[18.47187,57.82341],[18.47209,57.82346],[18.47224,57.82349],[18.47247,57.82358],[18.47283,57.82363],[18.473,57.82366],[18.47315,57.8237],[18.47316,57.8237],[18.47364,57.82383],[18.47377,57.82386],[18.47426,57.82403],[18.47471,57.82424],[18.47483,57.8243],[18.47492,57.82434],[18.47514,57.82444],[18.47549,57.82456],[18.47587,57.82467],[18.47655,57.8249],[18.47719,57.82515],[18.47732,57.82522],[18.47751,57.82531],[18.4782,57.82556],[18.47888,57.82582],[18.47927,57.82598],[18.4794,57.82603],[18.47985,57.82623],[18.47999,57.82628],[18.48007,57.82632],[18.48023,57.82637],[18.48059,57.82653],[18.48087,57.82663],[18.48098,57.82667],[18.48104,57.8267],[18.48165,57.827],[18.48174,57.82705],[18.48189,57.82712],[18.48242,57.82729],[18.48268,57.82739],[18.48283,57.82745],[18.48297,57.82751],[18.48308,57.82755],[18.48358,57.82775],[18.48358,57.82775],[18.48358,57.82775],[18.48501,57.82298],[18.48501,57.82298],[18.485,57.82298],[18.47784,57.82196],[18.47777,57.82195],[18.47792,57.82161],[18.47792,57.82161],[18.47792,57.82161],[18.47173,57.82067],[18.47173,57.82067],[18.47173,57.82067],[18.47117,57.82168],[18.471,57.82199],[18.46879,57.82141],[18.46625,57.8194],[18.46625,57.8194],[18.46625,57.8194],[18.46625,57.8194],[18.4652,57.82123]]]},"properties":{"NVRID":"2014044","NAMN":"Törrvesklint","SKYDDSTYP":"Naturreservat","LAN":"Gotlands Län","KOMMUN":"Gotland","IUCNKATEGORI":"Ia, Strikt naturreservat (Strict Nature Reserve)","FORVALTARE":"Länsstyrelsen i Gotlands län","AREA_HA":37.282,"URSPR_BESLUTSDATUM":"2008-06-11"}},{"type":"Feature","geometry":{"type":"MultiPolygon","coordinates":[[[[18.32659,57.35572],[18.32659,57.35572],[18.32659,57.35572],[18.32659,57.35573],[18.32659,57.35573],[18.33104,57.3562],[18.33232,57.35637],[18.33341,57.35652],[18.33341,57.35652],[18.33341,57.35652],[18.33341,57.35652],[18.33213,57.35473],[18.33171,57.35391],[18.33171,57.35391],[18.3317,57.35391],[18.3317,57.35391],[18.32659,57.35572]]],[[[18.30975,57.35385],[18.30975,57.35385],[18.31314,57.35447],[18.32387,57.35547],[18.32658,57.35572],[18.32658,57.35572],[18.32658,57.35572],[18.32658,57.35572],[18.32633,57.35442],[18.32602,57.35349],[18.32559,57.35222],[18.32524,57.35116],[18.32515,57.35075],[18.32504,57.34994],[18.32525,57.34877],[18.32689,57.34901],[18.32999,57.34963],[18.32999,57.34963],[18.33014,57.34956],[18.33032,57.34948],[18.33042,57.34945],[18.33049,57.34942],[18.33056,57.34939],[18.33062,57.34935],[18.33071,57.34927],[18.33079,57.34921],[18.33102,57.34905],[18.33112,57.34898],[18.3312,57.34892],[18.33123,57.34886],[18.33126,57.34881],[18.33128,57.34876],[18.33129,57.34868],[18.33129,57.34862],[18.33128,57.34856],[18.33126,57.3485],[18.33125,57.34843],[18.33127,57.34837],[18.33131,57.3483],[18.33136,57.34823],[18.33149,57.34807],[18.33152,57.34803],[18.33154,57.34799],[18.33155,57.34794],[18.33154,57.34789],[18.33152,57.34781],[18.3315,57.34774],[18.33148,57.34769],[18.33145,57.34764],[18.33142,57.3476],[18.33137,57.34757],[18.33132,57.34753],[18.33126,57.34749],[18.3312,57.34746],[18.33117,57.34744],[18.33115,57.3474],[18.33112,57.34736],[18.33111,57.34732],[18.3311,57.34728],[18.3311,57.34723],[18.33108,57.34719],[18.33106,57.34715],[18.33105,57.34713],[18.33095,57.347],[18.33092,57.34695],[18.3309,57.34691],[18.3308,57.34663],[18.33078,57.34659],[18.33076,57.34655],[18.33072,57.34652],[18.33069,57.34649],[18.3306,57.34643],[18.3305,57.34636],[18.33036,57.34627],[18.33027,57.34622],[18.33015,57.34617],[18.33009,57.34614],[18.33003,57.3461],[18.33,57.34607],[18.32997,57.34604],[18.32995,57.34599],[18.32979,57.34569],[18.32975,57.34563],[18.3297,57.34556],[18.32966,57.34551],[18.32961,57.34547],[18.32958,57.34543],[18.32955,57.34539],[18.32953,57.34534],[18.32951,57.34528],[18.3295,57.3452],[18.3295,57.34513],[18.32954,57.34506],[18.3296,57.34499],[18.32962,57.34495],[18.32963,57.34491],[18.32963,57.34488],[18.32963,57.34485],[18.3296,57.3448],[18.32957,57.34474],[18.32955,57.3447],[18.32955,57.34463],[18.32957,57.34451],[18.32962,57.34437],[18.32966,57.34431],[18.32979,57.34419],[18.33006,57.34397],[18.33011,57.34392],[18.33016,57.34387],[18.33019,57.34382],[18.33022,57.34376],[18.33026,57.34369],[18.33029,57.34362],[18.3303,57.34356],[18.3303,57.34349],[18.33029,57.34338],[18.33025,57.34327],[18.33024,57.34323],[18.33023,57.34315],[18.33023,57.34306],[18.33024,57.34297],[18.33026,57.34289],[18.33029,57.34277],[18.33033,57.34272],[18.33038,57.34265],[18.33039,57.34263],[18.33041,57.34258],[18.33043,57.34253],[18.33042,57.34246],[18.33041,57.34239],[18.33039,57.34234],[18.33035,57.34229],[18.33032,57.34222],[18.3303,57.34216],[18.33028,57.3421],[18.33028,57.34204],[18.3303,57.34193],[18.33033,57.34186],[18.33036,57.3418],[18.33045,57.34166],[18.33049,57.34158],[18.33055,57.34147],[18.33058,57.34141],[18.33059,57.34133],[18.3306,57.34127],[18.3306,57.3412],[18.33059,57.34115],[18.33058,57.3411],[18.33057,57.34106],[18.33014,57.34053],[18.32924,57.33992],[18.32815,57.33932],[18.32747,57.33906],[18.32728,57.33878],[18.32731,57.33847],[18.32774,57.33776],[18.32772,57.33561],[18.32785,57.3347],[18.32797,57.33448],[18.32764,57.33399],[18.32783,57.33368],[18.32784,57.33333],[18.32784,57.33333],[18.32784,57.33333],[18.32784,57.33333],[18.32783,57.33333],[18.32781,57.33336],[18.32778,57.3334],[18.32775,57.33343],[18.3277,57.33347],[18.32767,57.3335],[18.32763,57.33354],[18.32759,57.33358],[18.32755,57.33364],[18.32751,57.33368],[18.32744,57.33375],[18.32736,57.33381],[18.32722,57.33391],[18.32711,57.33399],[18.32707,57.33402],[18.32702,57.33405],[18.32698,57.33408],[18.32694,57.33411],[18.32693,57.33412],[18.32687,57.33415],[18.32687,57.33416],[18.32679,57.3342],[18.32668,57.33424],[18.32658,57.33426],[18.3265,57.33429],[18.32638,57.33434],[18.32625,57.33439],[18.32616,57.33443],[18.32607,57.33449],[18.32599,57.33454],[18.32589,57.3346],[18.32573,57.33472],[18.32563,57.33479],[18.32554,57.33484],[18.3254,57.33491],[18.32526,57.33496],[18.32451,57.33532],[18.32437,57.33539],[18.32429,57.33544],[18.32408,57.33561],[18.32396,57.3357],[18.32384,57.33579],[18.32373,57.33587],[18.32363,57.33595],[18.32359,57.33603],[18.32353,57.33614],[18.32349,57.33625],[18.32346,57.33632],[18.32343,57.33638],[18.32338,57.33648],[18.32335,57.33653],[18.32365,57.33711],[18.32343,57.33857],[18.32008,57.33817],[18.32008,57.33817],[18.32008,57.33817],[18.32007,57.33817],[18.32002,57.33822],[18.31999,57.33826],[18.31823,57.33726],[18.31713,57.33631],[18.31713,57.33631],[18.31713,57.33631],[18.31712,57.33631],[18.31712,57.33631],[18.31702,57.33643],[18.31684,57.33665],[18.31669,57.33684],[18.31661,57.33694],[18.31658,57.33699],[18.31656,57.33704],[18.31654,57.3371],[18.31653,57.33713],[18.31654,57.33722],[18.31654,57.33724],[18.31656,57.33727],[18.31664,57.33737],[18.31667,57.3374],[18.31676,57.33747],[18.31686,57.33757],[18.31694,57.33763],[18.31708,57.33782],[18.31715,57.33793],[18.31725,57.33811],[18.31729,57.33818],[18.31732,57.33822],[18.31738,57.33844],[18.3174,57.33856],[18.31741,57.33862],[18.31741,57.33876],[18.3174,57.33881],[18.31738,57.3389],[18.31735,57.33898],[18.31729,57.33909],[18.31719,57.33922],[18.31697,57.33943],[18.31691,57.33949],[18.31683,57.33957],[18.31679,57.33963],[18.31678,57.33964],[18.31678,57.33965],[18.31674,57.3397],[18.31674,57.33972],[18.31672,57.33976],[18.31672,57.33979],[18.31672,57.33985],[18.31673,57.33995],[18.31677,57.34011],[18.31676,57.34018],[18.31675,57.34025],[18.31673,57.34032],[18.31671,57.34038],[18.31662,57.34054],[18.31649,57.34075],[18.31641,57.34089],[18.31641,57.34091],[18.31637,57.34098],[18.31637,57.341],[18.31637,57.34104],[18.31637,57.34107],[18.31637,57.34112],[18.31638,57.34117],[18.31638,57.34123],[18.31638,57.34128],[18.31636,57.34137],[18.31634,57.34142],[18.31632,57.34144],[18.31624,57.34153],[18.3162,57.34157],[18.31608,57.34169],[18.31607,57.34171],[18.31602,57.34176],[18.31594,57.34188],[18.31571,57.34222],[18.31563,57.34236],[18.31558,57.34247],[18.3155,57.34281],[18.31549,57.34285],[18.31544,57.34298],[18.31544,57.34327],[18.31544,57.34331],[18.31547,57.34345],[18.31547,57.34358],[18.31545,57.34378],[18.31546,57.34386],[18.31547,57.34393],[18.31547,57.34393],[18.31548,57.34395],[18.3155,57.344],[18.31556,57.3442],[18.31557,57.34425],[18.31558,57.34428],[18.31558,57.34434],[18.31558,57.34442],[18.31558,57.34443],[18.31557,57.3445],[18.31554,57.3446],[18.31549,57.34468],[18.31539,57.34481],[18.31505,57.3452],[18.31491,57.34536],[18.31482,57.34545],[18.31469,57.34558],[18.31448,57.3458],[18.31407,57.3463],[18.31394,57.34646],[18.31379,57.34666],[18.31372,57.34677],[18.31359,57.34706],[18.31349,57.34731],[18.31329,57.34776],[18.31325,57.34783],[18.31318,57.34793],[18.31308,57.34808],[18.31287,57.34835],[18.31276,57.34853],[18.31253,57.34894],[18.31246,57.3491],[18.31224,57.34961],[18.31208,57.34999],[18.31203,57.3501],[18.31198,57.35018],[18.31186,57.35038],[18.31176,57.35054],[18.31167,57.3507],[18.31163,57.35081],[18.31154,57.35096],[18.3115,57.35103],[18.31141,57.35111],[18.31133,57.35119],[18.31122,57.35129],[18.31072,57.3517],[18.31048,57.35189],[18.31042,57.35194],[18.31037,57.352],[18.31032,57.35206],[18.31025,57.35218],[18.31016,57.35236],[18.31008,57.35248],[18.30989,57.35272],[18.30966,57.35302],[18.30962,57.35309],[18.3096,57.35315],[18.30957,57.35327],[18.30955,57.35335],[18.30953,57.35357],[18.30952,57.35365],[18.30952,57.35365],[18.30975,57.35385]]]]},"properties":{"NVRID":"2002743","NAMN":"Botes källmyr","SKYDDSTYP":"Naturreservat","LAN":"Gotlands Län","KOMMUN":"Gotland","IUCNKATEGORI":"Ia, Strikt naturreservat (Strict Nature Reserve)","FORVALTARE":"Länsstyrelsen i Gotlands län","AREA_HA":182.586,"URSPR_BESLUTSDATUM":"2004-12-06"}},{"type":"Feature","geometry":{"type":"Polygon","coordinates":[[[18.56291,57.70952],[18.56068,57.71081],[18.56068,57.71081],[18.56068,57.71081],[18.56215,57.71175],[18.56435,57.71322],[18.56474,57.71347],[18.56508,57.7137],[18.56508,57.7137],[18.56509,57.7137],[18.569,57.71226],[18.57216,57.71021],[18.57216,57.71021],[18.57216,57.71021],[18.57216,57.71021],[18.57074,57.71002],[18.57172,57.70818],[18.57172,57.70818],[18.57172,57.70818],[18.57172,57.70818],[18.5703,57.7079],[18.57032,57.70755],[18.57032,57.70755],[18.57032,57.70755],[18.56925,57.70745],[18.569,57.7074],[18.568,57.70704],[18.56756,57.70681],[18.56756,57.70681],[18.56756,57.70681],[18.56756,57.70681],[18.5647,57.70848],[18.56398,57.70747],[18.56321,57.70683],[18.5632,57.70682],[18.5632,57.70683],[18.56018,57.70787],[18.56018,57.70787],[18.56018,57.70787],[18.56131,57.709],[18.56291,57.70952]]]},"properties":{"NVRID":"2013367","NAMN":"Lilla Mörby","SKYDDSTYP":"Naturreservat","LAN":"Gotlands Län","KOMMUN":"Gotland","IUCNKATEGORI":"Ia, Strikt naturreservat (Strict Nature Reserve)","FORVALTARE":"Länsstyrelsen i Gotlands län","AREA_HA":33.014,"URSPR_BESLUTSDATUM":"2007-09-28"}},{"type":"Feature","geometry":{"type":"Polygon","coordinates":[[[18.37256,57.45798],[18.37256,57.45798],[18.37256,57.45799],[18.37379,57.45884],[18.37581,57.45963],[18.37915,57.4596],[18.37915,57.4596],[18.38011,57.45837],[18.38011,57.45837],[18.37883,57.45767],[18.37967,57.45667],[18.38011,57.45614],[18.38062,57.45581],[18.38158,57.45611],[18.38158,57.45611],[18.38158,57.45611],[18.38238,57.45481],[18.38238,57.45481],[18.38104,57.4532],[18.38104,57.4532],[18.37799,57.45329],[18.37799,57.45329],[18.37799,57.45329],[18.37782,57.45415],[18.37825,57.45472],[18.37787,57.45491],[18.37754,57.4548],[18.37739,57.45466],[18.37735,57.45449],[18.37735,57.45449],[18.37735,57.45449],[18.37604,57.45449],[18.37604,57.45449],[18.37604,57.45449],[18.37443,57.45611],[18.37256,57.45798]]]},"properties":{"NVRID":"2031492","NAMN":"Bäcks","SKYDDSTYP":"Naturreservat","LAN":"Gotlands Län","KOMMUN":"Gotland","IUCNKATEGORI":"Ia, Strikt naturreservat (Strict Nature Reserve)","FORVALTARE":"Länsstyrelsen i Gotlands län","AREA_HA":23.778,"URSPR_BESLUTSDATUM":"2012-09-05"}},{"type":"Feature","geometry":{"type":"Polygon","coordinates":[[[18.12704,57.45164],[18.12741,57.45193],[18.12741,57.45193],[18.12741,57.45193],[18.12837,57.45188],[18.12876,57.45188],[18.13063,57.45195],[18.13064,57.45195],[18.13064,57.45194],[18.13109,57.45124],[18.13127,57.451],[18.1319,57.45028],[18.1319,57.45028],[18.1319,57.45028],[18.13111,57.45],[18.13081,57.44988],[18.13053,57.44974],[18.13034,57.44961],[18.1299,57.44928],[18.12983,57.44922],[18.12983,57.44922],[18.12982,57.44922],[18.12982,57.44922],[18.12831,57.45042],[18.1252,57.45126],[18.12519,57.45126],[18.1252,57.45126],[18.1252,57.45126],[18.12546,57.45142],[18.12556,57.45144],[18.12567,57.45148],[18.12577,57.45151],[18.12588,57.45156],[18.12603,57.45163],[18.12615,57.45171],[18.12622,57.45177],[18.12633,57.45189],[18.12633,57.45189],[18.12633,57.45189],[18.12633,57.45189],[18.12663,57.45174],[18.12704,57.45164]]]},"properties":{"NVRID":"2000457","NAMN":"Kronholmen","SKYDDSTYP":"Naturreservat","LAN":"Gotlands Län","KOMMUN":"Gotland","IUCNKATEGORI":"IV, Habitat/Artskyddsområde (Habitat/Species Management Area)","FORVALTARE":"Länsstyrelsen i Gotlands län","AREA_HA":6.076,"URSPR_BESLUTSDATUM":"1991-01-28"}},{"type":"Feature","geometry":{"type":"Polygon","coordinates":[[[18.3625,57.27872],[18.36192,57.27875],[18.36192,57.27875],[18.36192,57.27875],[18.36174,57.27958],[18.36096,57.28097],[18.36098,57.28114],[18.36098,57.28144],[18.36098,57.28213],[18.36107,57.28242],[18.36133,57.28288],[18.36155,57.2831],[18.36168,57.2833],[18.3617,57.28337],[18.3617,57.28337],[18.36374,57.2843],[18.36457,57.28446],[18.36491,57.28463],[18.36584,57.28469],[18.36589,57.28483],[18.36589,57.28483],[18.36589,57.28483],[18.36963,57.28531],[18.37127,57.28527],[18.37362,57.28515],[18.37576,57.28483],[18.37757,57.28458],[18.38071,57.28406],[18.38072,57.28406],[18.3815,57.28311],[18.3814,57.28257],[18.38146,57.28185],[18.38146,57.28185],[18.38146,57.28185],[18.38111,57.28181],[18.38039,57.28192],[18.37984,57.2811],[18.37971,57.28091],[18.37884,57.2802],[18.37754,57.27956],[18.37629,57.27905],[18.37595,57.27891],[18.37595,57.27891],[18.37523,57.27902],[18.37475,57.27894],[18.37421,57.27868],[18.37438,57.27848],[18.37438,57.27848],[18.37438,57.27848],[18.37392,57.27839],[18.37349,57.27831],[18.37299,57.27819],[18.37267,57.2781],[18.37206,57.27794],[18.37166,57.27782],[18.37106,57.27765],[18.37051,57.27754],[18.37014,57.27749],[18.36971,57.27743],[18.36944,57.27739],[18.36918,57.27737],[18.36894,57.27736],[18.3686,57.27735],[18.36794,57.27735],[18.36706,57.27734],[18.36653,57.27732],[18.36645,57.27732],[18.36645,57.27732],[18.36645,57.27732],[18.36633,57.27747],[18.36578,57.27749],[18.36507,57.27763],[18.36405,57.2778],[18.36335,57.27791],[18.36313,57.27794],[18.36313,57.27794],[18.36293,57.2781],[18.36247,57.27845],[18.36247,57.27845],[18.3625,57.27872]],[[18.36611,57.2789],[18.36648,57.27856],[18.36682,57.27855],[18.36731,57.27897],[18.36677,57.27917],[18.36611,57.2789]]]},"properties":{"NVRID":"2050998","NAMN":"Lindeberget","SKYDDSTYP":"Naturreservat","LAN":"Gotlands Län","KOMMUN":"Gotland","IUCNKATEGORI":"Ia, Strikt naturreservat (Strict Nature Reserve)","FORVALTARE":"Länsstyrelsen i Gotlands län","AREA_HA":81.92,"URSPR_BESLUTSDATUM":"2019-02-11"}},{"type":"Feature","geometry":{"type":"Polygon","coordinates":[[[18.29758,57.36241],[18.30023,57.36159],[18.30024,57.36159],[18.30023,57.36159],[18.30023,57.36159],[18.2962,57.36063],[18.2962,57.36063],[18.2893,57.36156],[18.28536,57.36322],[18.28536,57.36322],[18.28536,57.36322],[18.28767,57.36543],[18.28767,57.36543],[18.28767,57.36543],[18.29758,57.36241]]]},"properties":{"NVRID":"2050358","NAMN":"Snögrinde","SKYDDSTYP":"Naturreservat","LAN":"Gotlands Län","KOMMUN":"Gotland","IUCNKATEGORI":"Ia, Strikt naturreservat (Strict Nature Reserve)","FORVALTARE":"Länsstyrelsen i Gotlands län","AREA_HA":21.924,"URSPR_BESLUTSDATUM":"2018-12-03"}},{"type":"Feature","geometry":{"type":"MultiPolygon","coordinates":[[[[18.68572,57.70284],[18.68572,57.70284],[18.68599,57.69966],[18.68599,57.69966],[18.68599,57.69966],[18.68598,57.69966],[18.6784,57.69962],[18.67819,57.69962],[18.67819,57.69962],[18.67819,57.69962],[18.67819,57.69962],[18.67819,57.69962],[18.68059,57.70356],[18.68059,57.70356],[18.68059,57.70356],[18.68059,57.70356],[18.68572,57.70284]]],[[[18.70467,57.68396],[18.70397,57.68442],[18.70397,57.68442],[18.70423,57.68547],[18.70423,57.68547],[18.70423,57.68547],[18.70514,57.6856],[18.70545,57.6864],[18.70546,57.68683],[18.70738,57.68956],[18.70739,57.68956],[18.70739,57.68956],[18.71198,57.68977],[18.71198,57.68977],[18.71198,57.68976],[18.71198,57.68976],[18.71178,57.68726],[18.71143,57.68281],[18.71134,57.68175],[18.71134,57.68175],[18.71134,57.68175],[18.71085,57.68173],[18.70486,57.6815],[18.70486,57.6815],[18.70486,57.6815],[18.70486,57.6815],[18.70469,57.68212],[18.70458,57.68338],[18.70467,57.68396]]],[[[18.67488,57.68582],[18.67493,57.68555],[18.67523,57.68518],[18.67545,57.68431],[18.67545,57.68431],[18.67545,57.68431],[18.67504,57.68416],[18.67504,57.68416],[18.67467,57.68417],[18.67467,57.68417],[18.67467,57.68417],[18.67411,57.68806],[18.67411,57.68806],[18.67411,57.68806],[18.6758,57.68814],[18.67698,57.68819],[18.67852,57.68826],[18.68412,57.68852],[18.68747,57.68867],[18.69632,57.68906],[18.69632,57.68906],[18.69719,57.6884],[18.69774,57.68721],[18.69829,57.68641],[18.69815,57.68526],[18.69828,57.6835],[18.69966,57.6822],[18.69984,57.68131],[18.69984,57.68131],[18.69984,57.68131],[18.69869,57.68127],[18.69504,57.68113],[18.6804,57.68056],[18.67912,57.68051],[18.67911,57.68052],[18.67911,57.68052],[18.67897,57.68087],[18.67946,57.68156],[18.67946,57.68156],[18.68077,57.68185],[18.68123,57.68338],[18.68062,57.68363],[18.6788,57.6832],[18.67773,57.68201],[18.67725,57.68122],[18.67722,57.68044],[18.67722,57.68044],[18.67722,57.68044],[18.67722,57.68044],[18.67587,57.68039],[18.67587,57.68039],[18.67587,57.68039],[18.67587,57.68039],[18.6768,57.68133],[18.67672,57.68164],[18.67653,57.6818],[18.67653,57.6818],[18.67647,57.68214],[18.67647,57.68214],[18.67647,57.68214],[18.6775,57.68226],[18.6777,57.68258],[18.67747,57.68268],[18.67725,57.68293],[18.67677,57.68408],[18.67735,57.68477],[18.67717,57.68598],[18.67688,57.68643],[18.67691,57.687],[18.6754,57.6871],[18.6755,57.68634],[18.6755,57.68634],[18.67517,57.6862],[18.67488,57.68582]]],[[[18.67606,57.67307],[18.6759,57.67501],[18.67584,57.67569],[18.67563,57.67817],[18.67564,57.67817],[18.67564,57.67817],[18.67955,57.67825],[18.69434,57.67855],[18.70182,57.6787],[18.70754,57.67881],[18.71111,57.67889],[18.71111,57.67889],[18.71111,57.67889],[18.71092,57.67661],[18.71081,57.67512],[18.71063,57.67291],[18.71051,57.67129],[18.71046,57.67079],[18.71044,57.67063],[18.71044,57.67063],[18.70931,57.67044],[18.7085,57.67027],[18.70781,57.67011],[18.70613,57.66978],[18.70519,57.66953],[18.70516,57.66952],[18.7044,57.66924],[18.70379,57.66895],[18.70307,57.66853],[18.70307,57.66853],[18.69953,57.66876],[18.69608,57.66898],[18.69313,57.66918],[18.68151,57.66993],[18.67694,57.67022],[18.67489,57.67036],[18.67295,57.67048],[18.67295,57.67048],[18.67295,57.67048],[18.67295,57.67048],[18.67301,57.67052],[18.67308,57.67056],[18.67317,57.67068],[18.67327,57.6708],[18.67334,57.67086],[18.67342,57.67092],[18.67354,57.67101],[18.67359,57.67107],[18.67369,57.67119],[18.67378,57.67129],[18.67388,57.67137],[18.67399,57.67145],[18.67403,57.67148],[18.67409,57.67156],[18.67421,57.67166],[18.67432,57.67173],[18.67442,57.67176],[18.67461,57.67183],[18.67468,57.67186],[18.6749,57.67196],[18.67496,57.67199],[18.67502,57.67203],[18.67506,57.67207],[18.67533,57.67234],[18.67549,57.67248],[18.67555,57.67256],[18.6756,57.67261],[18.67563,57.67267],[18.67566,57.67274],[18.6757,57.6728],[18.67574,57.67283],[18.67586,57.6729],[18.67606,57.67299],[18.67606,57.67307]]]]},"properties":{"NVRID":"2052782","NAMN":"Hejnum Kallgate","SKYDDSTYP":"Naturreservat","LAN":"Gotlands Län","KOMMUN":"Gotland","IUCNKATEGORI":"Ia, Strikt naturreservat (Strict Nature Reserve)","FORVALTARE":"Länsstyrelsen i Gotlands län","AREA_HA":370.96,"URSPR_BESLUTSDATUM":"2020-02-06"}},{"type":"Feature","geometry":{"type":"Polygon","coordinates":[[[18.0924,57.25708],[18.09218,57.25709],[18.09196,57.25709],[18.09191,57.2571],[18.0917,57.25711],[18.09155,57.25713],[18.09133,57.25715],[18.09113,57.25718],[18.09092,57.25722],[18.09072,57.25727],[18.0906,57.2573],[18.09047,57.25734],[18.0904,57.25736],[18.09021,57.25742],[18.09003,57.25748],[18.08986,57.25756],[18.08957,57.25769],[18.08943,57.25776],[18.08928,57.25784],[18.08914,57.25793],[18.08901,57.25803],[18.08889,57.25813],[18.08879,57.25823],[18.08869,57.25833],[18.08861,57.25844],[18.08859,57.25847],[18.08852,57.25858],[18.08847,57.2587],[18.08843,57.25881],[18.08841,57.25893],[18.0884,57.259],[18.08839,57.2591],[18.08839,57.25922],[18.0884,57.25929],[18.08835,57.25939],[18.08833,57.25946],[18.08832,57.25949],[18.0883,57.25953],[18.08828,57.25965],[18.08827,57.25977],[18.08827,57.25989],[18.08829,57.26],[18.0883,57.26005],[18.0883,57.26009],[18.08831,57.26014],[18.08832,57.26019],[18.08835,57.26029],[18.08837,57.26036],[18.08841,57.26047],[18.08845,57.26056],[18.08851,57.26068],[18.08853,57.2607],[18.08853,57.26077],[18.08853,57.26085],[18.08848,57.26095],[18.08844,57.26104],[18.08841,57.26113],[18.08836,57.2613],[18.08832,57.26139],[18.0883,57.26146],[18.08824,57.26166],[18.08823,57.26169],[18.0882,57.2618],[18.08819,57.26192],[18.08819,57.26199],[18.0882,57.26224],[18.0882,57.26229],[18.08822,57.26245],[18.08823,57.26258],[18.08825,57.26275],[18.08826,57.26284],[18.08828,57.26292],[18.08829,57.26297],[18.0883,57.26307],[18.08831,57.26333],[18.08831,57.2634],[18.08831,57.26349],[18.08832,57.26357],[18.08831,57.26367],[18.08831,57.2637],[18.08831,57.26382],[18.08833,57.26393],[18.08839,57.26423],[18.08839,57.26426],[18.08839,57.26437],[18.08841,57.26449],[18.08844,57.26461],[18.08848,57.26472],[18.08854,57.26483],[18.08861,57.26495],[18.08867,57.26502],[18.08873,57.26511],[18.08883,57.26528],[18.08885,57.26532],[18.0889,57.2654],[18.08917,57.26582],[18.08921,57.26589],[18.08927,57.26597],[18.0893,57.26603],[18.08929,57.26605],[18.08929,57.26613],[18.08931,57.26641],[18.08933,57.26657],[18.08936,57.26668],[18.08943,57.26691],[18.08944,57.26692],[18.08952,57.26727],[18.08953,57.26732],[18.08957,57.26746],[18.08958,57.26751],[18.08967,57.26777],[18.08971,57.2679],[18.08975,57.26799],[18.08987,57.26825],[18.08992,57.26836],[18.09003,57.26854],[18.09008,57.26863],[18.0901,57.26867],[18.09035,57.26908],[18.09039,57.26917],[18.09041,57.26919],[18.09065,57.2696],[18.09069,57.26966],[18.09073,57.26976],[18.09076,57.26982],[18.09081,57.26992],[18.09083,57.26995],[18.09086,57.27003],[18.09089,57.27011],[18.09093,57.2702],[18.09104,57.2704],[18.09106,57.27043],[18.09113,57.27054],[18.0912,57.27063],[18.0913,57.27074],[18.09131,57.27079],[18.09131,57.2708],[18.0914,57.27119],[18.09144,57.27156],[18.09147,57.27196],[18.09148,57.2722],[18.09148,57.27223],[18.09149,57.27229],[18.09151,57.2724],[18.09153,57.27271],[18.09153,57.27289],[18.09154,57.27307],[18.09154,57.27322],[18.09154,57.27344],[18.09156,57.27362],[18.09157,57.27365],[18.09159,57.27376],[18.09161,57.27382],[18.09173,57.27425],[18.09174,57.27429],[18.09177,57.27434],[18.09185,57.27455],[18.09191,57.27477],[18.09192,57.27481],[18.09195,57.27489],[18.09211,57.27528],[18.09215,57.27541],[18.09216,57.27543],[18.09217,57.27547],[18.09231,57.27585],[18.09234,57.27595],[18.09244,57.27636],[18.09246,57.27642],[18.09253,57.27662],[18.09255,57.27668],[18.09266,57.27695],[18.09266,57.27709],[18.09268,57.27724],[18.09271,57.27735],[18.09275,57.27746],[18.09278,57.27752],[18.0928,57.27755],[18.0928,57.27759],[18.09281,57.27779],[18.0928,57.27789],[18.0928,57.27794],[18.0928,57.27801],[18.09281,57.27824],[18.09281,57.27829],[18.09281,57.27831],[18.09282,57.27838],[18.09283,57.27862],[18.09283,57.27863],[18.09283,57.27866],[18.09284,57.27875],[18.09292,57.27919],[18.09296,57.27937],[18.09298,57.27945],[18.09303,57.27965],[18.09312,57.27994],[18.09314,57.28004],[18.09316,57.28013],[18.09322,57.28031],[18.09323,57.28033],[18.09323,57.28038],[18.09332,57.28083],[18.09335,57.28094],[18.09336,57.28097],[18.09347,57.28126],[18.0935,57.28135],[18.09356,57.28149],[18.09362,57.2816],[18.09369,57.28171],[18.09378,57.28182],[18.09388,57.28192],[18.0939,57.28195],[18.09403,57.28207],[18.09412,57.28215],[18.09424,57.28224],[18.09438,57.28234],[18.09452,57.28242],[18.09462,57.28248],[18.09474,57.28256],[18.0948,57.2826],[18.0948,57.2826],[18.09481,57.28272],[18.09484,57.28283],[18.09489,57.28295],[18.09495,57.28306],[18.09502,57.28317],[18.0951,57.28327],[18.09516,57.28334],[18.09519,57.28337],[18.09523,57.28345],[18.0953,57.28356],[18.09539,57.28367],[18.09547,57.28376],[18.09557,57.28386],[18.09568,57.28396],[18.0958,57.28405],[18.0959,57.28413],[18.09631,57.28443],[18.09634,57.28446],[18.09638,57.2845],[18.09657,57.28471],[18.09666,57.2848],[18.09677,57.2849],[18.09689,57.285],[18.09701,57.28508],[18.09725,57.28538],[18.09728,57.28542],[18.0973,57.28545],[18.09741,57.28579],[18.09749,57.28602],[18.09759,57.28634],[18.09762,57.28668],[18.09763,57.28677],[18.09767,57.28695],[18.09768,57.28701],[18.09774,57.28721],[18.09775,57.28726],[18.09778,57.28744],[18.09779,57.28747],[18.09782,57.28759],[18.09783,57.28764],[18.0979,57.28779],[18.09792,57.28786],[18.09795,57.28792],[18.09802,57.28806],[18.09805,57.28811],[18.09824,57.28841],[18.0983,57.28852],[18.09839,57.28862],[18.09845,57.2887],[18.09856,57.28881],[18.09853,57.2889],[18.0985,57.28898],[18.09848,57.28909],[18.09846,57.28921],[18.09847,57.28933],[18.09848,57.28944],[18.09852,57.28956],[18.09856,57.28968],[18.09862,57.28979],[18.09869,57.2899],[18.09878,57.29001],[18.09881,57.29004],[18.09885,57.29009],[18.09886,57.29011],[18.09893,57.29022],[18.09902,57.29032],[18.09912,57.29043],[18.09923,57.29053],[18.09935,57.29063],[18.09948,57.29072],[18.09955,57.29076],[18.09968,57.29084],[18.09984,57.29092],[18.10001,57.291],[18.10018,57.29107],[18.10036,57.29113],[18.10041,57.29115],[18.10049,57.29118],[18.10063,57.29122],[18.10082,57.29127],[18.10103,57.29131],[18.10112,57.29133],[18.10115,57.29135],[18.1013,57.29144],[18.10145,57.29152],[18.10162,57.2916],[18.10179,57.29167],[18.10197,57.29173],[18.10216,57.29179],[18.10236,57.29184],[18.10256,57.29188],[18.10277,57.29192],[18.10298,57.29195],[18.10315,57.29197],[18.10325,57.29203],[18.10341,57.29211],[18.10345,57.29213],[18.10357,57.29219],[18.10369,57.29224],[18.10387,57.29231],[18.10399,57.29236],[18.10403,57.29238],[18.10416,57.29242],[18.10444,57.29253],[18.10448,57.29254],[18.10466,57.29261],[18.10485,57.29267],[18.10505,57.29272],[18.10525,57.29276],[18.10545,57.2928],[18.1055,57.2928],[18.10565,57.29286],[18.10569,57.29288],[18.10586,57.29294],[18.1061,57.29302],[18.10619,57.29305],[18.10634,57.29309],[18.10669,57.29321],[18.10685,57.29326],[18.10717,57.29339],[18.10725,57.29343],[18.10738,57.29349],[18.10755,57.29356],[18.10773,57.29362],[18.10795,57.29369],[18.10811,57.29374],[18.10815,57.29375],[18.10845,57.29383],[18.10852,57.29386],[18.10855,57.29387],[18.10866,57.29391],[18.10881,57.29396],[18.109,57.29402],[18.10912,57.29405],[18.10931,57.2941],[18.10939,57.29412],[18.10958,57.29416],[18.10967,57.29419],[18.10967,57.29419],[18.10967,57.29419],[18.11148,57.29268],[18.11211,57.29214],[18.11211,57.29214],[18.11211,57.29214],[18.11211,57.29214],[18.10928,57.29116],[18.10558,57.29016],[18.10383,57.2891],[18.10285,57.28841],[18.09996,57.28177],[18.09878,57.28018],[18.09314,57.26141],[18.09461,57.26041],[18.09461,57.26041],[18.09383,57.2592],[18.094,57.25917],[18.094,57.25917],[18.094,57.25917],[18.09396,57.25911],[18.0935,57.25743],[18.09345,57.25716],[18.09345,57.25716],[18.09345,57.25716],[18.09341,57.25716],[18.09332,57.25715],[18.09323,57.25713],[18.09302,57.25711],[18.09291,57.25711],[18.09282,57.2571],[18.09271,57.25709],[18.09261,57.25709],[18.09251,57.25709],[18.0924,57.25708]]]},"properties":{"NVRID":"2000129","NAMN":"Ekstakusten","SKYDDSTYP":"Naturreservat","LAN":"Gotlands Län","KOMMUN":"Gotland","IUCNKATEGORI":"III, Naturmonument (Natural Monument)","FORVALTARE":"Länsstyrelsen i Gotlands län","AREA_HA":132.901,"URSPR_BESLUTSDATUM":"1967-12-12"}},{"type":"Feature","geometry":{"type":"Polygon","coordinates":[[[18.44443,57.72666],[18.44447,57.72701],[18.44496,57.72723],[18.44485,57.7279],[18.44489,57.7282],[18.44489,57.7282],[18.44541,57.72847],[18.44609,57.72861],[18.44701,57.72854],[18.4473,57.72842],[18.4473,57.72842],[18.4473,57.72842],[18.44708,57.72786],[18.44658,57.72739],[18.44612,57.72659],[18.4462,57.72584],[18.44616,57.72545],[18.44572,57.72508],[18.44522,57.72476],[18.44521,57.72476],[18.44411,57.72465],[18.4435,57.7248],[18.44319,57.72509],[18.44322,57.72567],[18.44315,57.72594],[18.44315,57.72594],[18.44368,57.72641],[18.44443,57.72666]]]},"properties":{"NVRID":"2000133","NAMN":"Hällholmen","SKYDDSTYP":"Naturreservat","LAN":"Gotlands Län","KOMMUN":"Gotland","IUCNKATEGORI":"Ia, Strikt naturreservat (Strict Nature Reserve)","FORVALTARE":"Länsstyrelsen i Gotlands län","AREA_HA":5.782,"URSPR_BESLUTSDATUM":"1916-05-22"}},{"type":"Feature","geometry":{"type":"Polygon","coordinates":[[[18.51931,57.62846],[18.51868,57.62825],[18.51756,57.62834],[18.51756,57.62834],[18.51756,57.62834],[18.51756,57.62834],[18.51799,57.62883],[18.51861,57.62949],[18.51891,57.62981],[18.52134,57.63246],[18.52135,57.63246],[18.52135,57.63246],[18.52432,57.63166],[18.52558,57.63468],[18.52558,57.63468],[18.52558,57.63468],[18.52559,57.63468],[18.52634,57.6346],[18.52634,57.6346],[18.52634,57.6346],[18.52634,57.6346],[18.52622,57.6343],[18.52718,57.6342],[18.52735,57.63449],[18.52735,57.63449],[18.52735,57.63449],[18.52792,57.6344],[18.52831,57.63493],[18.52831,57.63493],[18.52831,57.63493],[18.52943,57.63471],[18.52943,57.63471],[18.52943,57.63471],[18.52909,57.63399],[18.53144,57.63286],[18.53144,57.63286],[18.53144,57.63286],[18.53144,57.63286],[18.52622,57.6303],[18.52754,57.62934],[18.52754,57.62934],[18.52754,57.62934],[18.52752,57.62933],[18.52747,57.6293],[18.52737,57.62925],[18.52722,57.62917],[18.52716,57.62913],[18.52696,57.629],[18.52679,57.6289],[18.52664,57.62881],[18.52651,57.62873],[18.52636,57.62864],[18.52623,57.62859],[18.52604,57.62853],[18.52592,57.62848],[18.52584,57.62844],[18.52571,57.62838],[18.5256,57.62833],[18.5256,57.62833],[18.5256,57.62833],[18.52557,57.62835],[18.52334,57.6294],[18.52091,57.62781],[18.52089,57.6278],[18.52089,57.6278],[18.52089,57.6278],[18.51931,57.62846]]]},"properties":{"NVRID":"2064202","NAMN":"Lilla Hellvis","SKYDDSTYP":"Naturreservat","LAN":"Gotlands Län","KOMMUN":"Gotland","IUCNKATEGORI":"Ia, Strikt naturreservat (Strict Nature Reserve)","FORVALTARE":"Länsstyrelsen i Gotlands län","AREA_HA":27.644,"URSPR_BESLUTSDATUM":"2024-10-08"}},{"type":"Feature","geometry":{"type":"Polygon","coordinates":[[[18.03546,57.31209],[18.03543,57.31217],[18.03559,57.31244],[18.03551,57.31272],[18.03552,57.31278],[18.03556,57.31282],[18.03556,57.31282],[18.03563,57.31292],[18.03588,57.31326],[18.03584,57.31367],[18.03584,57.31367],[18.03586,57.31369],[18.03579,57.31386],[18.03619,57.31451],[18.03616,57.31464],[18.03616,57.31464],[18.03617,57.31465],[18.03612,57.31491],[18.03622,57.31503],[18.03622,57.31503],[18.03623,57.31507],[18.0363,57.31517],[18.03628,57.31529],[18.03632,57.31534],[18.03632,57.3154],[18.03627,57.31553],[18.03628,57.31562],[18.03652,57.316],[18.03648,57.31623],[18.03648,57.31623],[18.03648,57.31623],[18.03644,57.31643],[18.03646,57.31649],[18.03697,57.31713],[18.03698,57.31728],[18.03735,57.3176],[18.03741,57.31768],[18.03743,57.31774],[18.03748,57.31778],[18.03749,57.31779],[18.03748,57.3178],[18.03749,57.3178],[18.03762,57.31825],[18.03763,57.31829],[18.03763,57.31835],[18.03764,57.31836],[18.03772,57.31877],[18.03777,57.31885],[18.03779,57.31886],[18.03779,57.31889],[18.03781,57.3189],[18.03781,57.31891],[18.03787,57.31899],[18.03793,57.31903],[18.03794,57.31907],[18.03801,57.31916],[18.03805,57.31919],[18.03806,57.31921],[18.03807,57.31922],[18.03807,57.31923],[18.03812,57.31928],[18.03823,57.31935],[18.03828,57.31949],[18.03835,57.31957],[18.03889,57.31992],[18.03907,57.32029],[18.03914,57.32036],[18.0394,57.3205],[18.03941,57.32053],[18.03949,57.32061],[18.03962,57.32069],[18.03967,57.32081],[18.03975,57.3209],[18.03979,57.32092],[18.03979,57.32094],[18.03983,57.32097],[18.03987,57.32107],[18.03987,57.32107],[18.03989,57.32108],[18.03992,57.32115],[18.03996,57.32119],[18.04009,57.32127],[18.04028,57.32174],[18.04087,57.32208],[18.04107,57.32243],[18.04173,57.32277],[18.04173,57.32277],[18.04183,57.32293],[18.04191,57.32298],[18.04222,57.32334],[18.04229,57.32339],[18.04266,57.32353],[18.04277,57.32358],[18.04287,57.32369],[18.04287,57.32369],[18.04289,57.3237],[18.0429,57.3237],[18.04297,57.32376],[18.04311,57.32382],[18.04336,57.32411],[18.04353,57.32417],[18.04354,57.32418],[18.04354,57.32418],[18.04369,57.32424],[18.04396,57.3245],[18.04398,57.32451],[18.0442,57.32458],[18.04427,57.32464],[18.04434,57.32466],[18.04438,57.32471],[18.04449,57.32477],[18.04469,57.32483],[18.04487,57.32503],[18.04532,57.32519],[18.04573,57.32562],[18.04658,57.32592],[18.04715,57.32637],[18.04724,57.32642],[18.04745,57.32647],[18.04756,57.32656],[18.04771,57.32659],[18.0479,57.32675],[18.04885,57.327],[18.04917,57.32723],[18.04919,57.32724],[18.04927,57.32725],[18.04962,57.32746],[18.04973,57.3275],[18.05089,57.32771],[18.05151,57.32802],[18.05207,57.32808],[18.05217,57.32813],[18.05224,57.32814],[18.05272,57.32833],[18.0536,57.32838],[18.05442,57.32868],[18.05521,57.32871],[18.0555,57.32881],[18.05559,57.32883],[18.05581,57.32884],[18.05599,57.3289],[18.05616,57.3289],[18.05619,57.32891],[18.05622,57.32891],[18.05646,57.32899],[18.05649,57.329],[18.05656,57.329],[18.05662,57.32902],[18.05689,57.32902],[18.05696,57.32904],[18.05712,57.32905],[18.05724,57.32905],[18.05735,57.32908],[18.05739,57.32908],[18.05757,57.32908],[18.05773,57.32912],[18.0578,57.32913],[18.05816,57.32912],[18.05872,57.32925],[18.05911,57.32922],[18.05957,57.32932],[18.05963,57.32932],[18.06039,57.32926],[18.06074,57.32932],[18.06091,57.3293],[18.06144,57.32937],[18.06144,57.32937],[18.06148,57.32936],[18.06153,57.32937],[18.06229,57.32926],[18.06259,57.32929],[18.06271,57.32926],[18.06284,57.32928],[18.06328,57.32919],[18.06331,57.3292],[18.06347,57.32918],[18.06379,57.32911],[18.06511,57.32913],[18.06517,57.32911],[18.06524,57.32911],[18.06528,57.32911],[18.06582,57.32895],[18.066,57.32895],[18.06653,57.32877],[18.06688,57.32875],[18.06713,57.32874],[18.06713,57.32874],[18.06715,57.32874],[18.06729,57.32873],[18.06749,57.32865],[18.06765,57.32863],[18.06811,57.3286],[18.06812,57.3286],[18.06812,57.32859],[18.06815,57.32859],[18.06853,57.32842],[18.06856,57.32842],[18.06856,57.32842],[18.06872,57.32836],[18.06882,57.32835],[18.06908,57.32832],[18.06908,57.32832],[18.0691,57.32831],[18.06916,57.32831],[18.06934,57.32821],[18.06941,57.3282],[18.06947,57.32818],[18.06984,57.32812],[18.06988,57.32811],[18.07001,57.32803],[18.07002,57.32803],[18.07004,57.32802],[18.07015,57.32801],[18.07018,57.328],[18.07021,57.32798],[18.07025,57.32797],[18.07031,57.32794],[18.0704,57.32792],[18.0705,57.32787],[18.07092,57.3278],[18.07116,57.32766],[18.07133,57.32764],[18.07143,57.3276],[18.07163,57.32749],[18.07212,57.32738],[18.07245,57.32716],[18.07321,57.32714],[18.07324,57.32714],[18.07464,57.32667],[18.0761,57.3265],[18.0761,57.32649],[18.07613,57.32648],[18.07624,57.32646],[18.07671,57.32623],[18.07735,57.32612],[18.07788,57.32581],[18.07799,57.32578],[18.07806,57.32576],[18.07812,57.32572],[18.07822,57.3257],[18.07832,57.32567],[18.07836,57.32564],[18.07842,57.32563],[18.0785,57.3256],[18.07851,57.32559],[18.07852,57.32559],[18.0786,57.32556],[18.07895,57.32532],[18.07949,57.32522],[18.07968,57.32509],[18.0797,57.32509],[18.07975,57.32507],[18.0798,57.32505],[18.07983,57.32504],[18.07985,57.32502],[18.07989,57.325],[18.07991,57.32499],[18.08012,57.32494],[18.08021,57.32491],[18.0805,57.3247],[18.08072,57.32465],[18.08081,57.32461],[18.08103,57.32446],[18.08145,57.32433],[18.08152,57.32426],[18.08163,57.32423],[18.08175,57.32417],[18.08189,57.32405],[18.08244,57.32385],[18.08259,57.32369],[18.08286,57.32358],[18.08292,57.32351],[18.08294,57.3235],[18.08306,57.32343],[18.08306,57.32343],[18.08322,57.32337],[18.08329,57.32333],[18.08342,57.32317],[18.08392,57.32299],[18.08396,57.32296],[18.08426,57.32262],[18.08474,57.32241],[18.08482,57.32229],[18.08503,57.32219],[18.0851,57.32209],[18.08527,57.32201],[18.08543,57.32173],[18.08562,57.32164],[18.0858,57.3213],[18.08626,57.32104],[18.0863,57.32096],[18.08646,57.32085],[18.08649,57.32081],[18.08657,57.32056],[18.08682,57.3204],[18.08689,57.32018],[18.08696,57.32011],[18.08697,57.3201],[18.08698,57.32009],[18.08705,57.32003],[18.08719,57.31975],[18.08721,57.31973],[18.08731,57.31968],[18.0874,57.31959],[18.08742,57.31955],[18.08763,57.31938],[18.08763,57.31934],[18.08767,57.31931],[18.08768,57.31929],[18.08769,57.3192],[18.08775,57.3191],[18.08775,57.31909],[18.08813,57.31882],[18.08818,57.31875],[18.08818,57.31873],[18.08821,57.31871],[18.08825,57.31864],[18.0883,57.3184],[18.08873,57.31807],[18.08877,57.318],[18.0888,57.31784],[18.08895,57.31772],[18.08898,57.31766],[18.08899,57.31766],[18.08902,57.31761],[18.08902,57.3176],[18.08903,57.31759],[18.08907,57.31752],[18.08907,57.31747],[18.08912,57.31743],[18.08914,57.31739],[18.08914,57.31731],[18.08919,57.31727],[18.08924,57.31719],[18.08925,57.31706],[18.08939,57.31693],[18.08943,57.31685],[18.08943,57.31683],[18.08944,57.31682],[18.08945,57.31679],[18.08951,57.31674],[18.08958,57.31661],[18.08958,57.31613],[18.08995,57.31569],[18.08997,57.3156],[18.08993,57.31538],[18.09009,57.31518],[18.0901,57.31513],[18.09002,57.31487],[18.09018,57.31462],[18.09018,57.31457],[18.09017,57.31452],[18.09023,57.31444],[18.09023,57.31441],[18.09018,57.31417],[18.09021,57.3141],[18.09021,57.31404],[18.09023,57.31401],[18.09023,57.31396],[18.09024,57.31395],[18.09023,57.31394],[18.09024,57.31388],[18.09023,57.31386],[18.09023,57.31385],[18.0902,57.31372],[18.09025,57.31363],[18.09035,57.31349],[18.09037,57.31341],[18.09036,57.31338],[18.09038,57.31336],[18.09039,57.31327],[18.09039,57.31325],[18.0904,57.31323],[18.09042,57.31314],[18.09041,57.3131],[18.09044,57.31305],[18.09045,57.31298],[18.09041,57.31285],[18.09041,57.31283],[18.09039,57.31273],[18.09048,57.31258],[18.09049,57.31249],[18.09048,57.31245],[18.09048,57.31245],[18.09049,57.31236],[18.09047,57.3123],[18.09052,57.3122],[18.09052,57.31212],[18.09049,57.31206],[18.09052,57.31201],[18.09052,57.31192],[18.0905,57.31189],[18.09056,57.31178],[18.09056,57.31169],[18.09052,57.3116],[18.09052,57.3116],[18.09051,57.31151],[18.09033,57.31118],[18.09044,57.31089],[18.09036,57.31076],[18.09044,57.31047],[18.09042,57.31038],[18.09022,57.31011],[18.09023,57.31009],[18.09023,57.31009],[18.09007,57.30988],[18.09016,57.3097],[18.08979,57.30893],[18.08986,57.30864],[18.08972,57.30845],[18.08976,57.3082],[18.08955,57.30795],[18.08955,57.30794],[18.08955,57.30794],[18.08945,57.30784],[18.08941,57.30779],[18.08937,57.30742],[18.08935,57.30709],[18.08934,57.30709],[18.08933,57.30708],[18.08929,57.30673],[18.08902,57.30651],[18.08896,57.30623],[18.08868,57.30603],[18.0886,57.30579],[18.08857,57.30576],[18.08811,57.30546],[18.08798,57.3052],[18.08704,57.30469],[18.087,57.30463],[18.08691,57.30458],[18.0869,57.30452],[18.08686,57.30447],[18.08677,57.30441],[18.08674,57.30434],[18.08673,57.30432],[18.08666,57.30428],[18.08663,57.30422],[18.08658,57.30416],[18.08613,57.30388],[18.08593,57.30351],[18.08588,57.30347],[18.0854,57.30322],[18.08517,57.30288],[18.08511,57.30284],[18.08466,57.30264],[18.08445,57.30237],[18.08439,57.30233],[18.08427,57.30229],[18.08421,57.30221],[18.0841,57.30215],[18.08389,57.30207],[18.08384,57.30201],[18.08374,57.30195],[18.08363,57.3019],[18.08351,57.30179],[18.0834,57.30172],[18.08334,57.3017],[18.08328,57.30166],[18.08321,57.30164],[18.08318,57.3016],[18.08311,57.30156],[18.08309,57.30154],[18.08304,57.30151],[18.083,57.3015],[18.08291,57.30145],[18.08281,57.30142],[18.08278,57.30139],[18.08267,57.30133],[18.08266,57.30133],[18.08257,57.30128],[18.08198,57.30111],[18.0813,57.30057],[18.08123,57.30054],[18.08113,57.3005],[18.08034,57.30029],[18.07982,57.29972],[18.0796,57.29964],[18.07957,57.29961],[18.07957,57.29961],[18.07917,57.29947],[18.07914,57.29945],[18.07907,57.29943],[18.07876,57.29915],[18.07772,57.29885],[18.07684,57.29829],[18.07675,57.29826],[18.07581,57.29807],[18.07508,57.29771],[18.07371,57.29753],[18.07264,57.29715],[18.07264,57.29715],[18.07251,57.29714],[18.07234,57.29708],[18.07184,57.29707],[18.07177,57.29705],[18.0715,57.29704],[18.07117,57.29695],[18.07012,57.29696],[18.06865,57.29668],[18.06767,57.29677],[18.06761,57.29677],[18.06745,57.29672],[18.06729,57.29673],[18.06669,57.29665],[18.06666,57.29665],[18.06634,57.2967],[18.06565,57.29656],[18.06559,57.29656],[18.06539,57.29657],[18.0652,57.29654],[18.06421,57.29664],[18.06373,57.29655],[18.06365,57.29655],[18.06306,57.29661],[18.06301,57.29661],[18.0629,57.29663],[18.06257,57.29659],[18.06255,57.29659],[18.06251,57.2966],[18.06203,57.29654],[18.06183,57.29654],[18.06165,57.29657],[18.06152,57.29656],[18.06143,57.29657],[18.06138,57.29657],[18.06138,57.29657],[18.0608,57.29667],[18.06073,57.29668],[18.06057,57.29671],[18.06018,57.29678],[18.05935,57.29672],[18.05935,57.29672],[18.0592,57.29676],[18.05881,57.29673],[18.05867,57.29674],[18.05802,57.2969],[18.05799,57.2969],[18.05795,57.29689],[18.05792,57.2969],[18.05732,57.29689],[18.05716,57.29691],[18.05712,57.29692],[18.05707,57.29692],[18.057,57.29692],[18.05687,57.29695],[18.05684,57.29695],[18.05675,57.29697],[18.05674,57.29697],[18.05672,57.29697],[18.05668,57.29697],[18.05668,57.29698],[18.05659,57.29699],[18.05659,57.29699],[18.05657,57.29699],[18.05647,57.297],[18.05633,57.29705],[18.05617,57.29705],[18.05614,57.29705],[18.05591,57.29705],[18.05551,57.29715],[18.05551,57.29715],[18.05536,57.29718],[18.05525,57.29721],[18.05516,57.29721],[18.05501,57.29724],[18.05497,57.29725],[18.05492,57.29725],[18.05489,57.29726],[18.05418,57.29727],[18.05399,57.29733],[18.05391,57.29735],[18.05377,57.2974],[18.05334,57.29742],[18.05304,57.29753],[18.05295,57.29754],[18.05295,57.29754],[18.05253,57.29771],[18.05178,57.29778],[18.05139,57.29796],[18.05137,57.29797],[18.05122,57.29801],[18.0508,57.29822],[18.05026,57.29832],[18.05017,57.29835],[18.04993,57.2985],[18.04926,57.29864],[18.04888,57.29889],[18.04816,57.29908],[18.04779,57.29938],[18.04765,57.29941],[18.04761,57.29944],[18.04757,57.29947],[18.0474,57.29952],[18.04731,57.29957],[18.04728,57.29959],[18.04687,57.29973],[18.04684,57.29974],[18.04669,57.2999],[18.04667,57.29991],[18.04662,57.29996],[18.04628,57.30009],[18.04615,57.30024],[18.04601,57.30029],[18.04601,57.30029],[18.046,57.3003],[18.04592,57.30032],[18.04581,57.30038],[18.04559,57.30057],[18.04556,57.30058],[18.0455,57.30062],[18.04546,57.30065],[18.04546,57.30065],[18.04515,57.30075],[18.04505,57.30081],[18.04484,57.30103],[18.04429,57.30124],[18.04419,57.30131],[18.04407,57.30145],[18.04383,57.30155],[18.04373,57.30162],[18.04367,57.30169],[18.04366,57.3017],[18.04362,57.30174],[18.04355,57.30177],[18.04345,57.30183],[18.04342,57.30185],[18.04338,57.30187],[18.0433,57.30191],[18.04324,57.30196],[18.04313,57.302],[18.04303,57.30207],[18.04299,57.3021],[18.04293,57.30212],[18.04282,57.30219],[18.0428,57.30222],[18.04244,57.30232],[18.04207,57.30266],[18.04138,57.30292],[18.04133,57.30295],[18.0411,57.30323],[18.04071,57.3034],[18.04051,57.3037],[18.03996,57.30398],[18.0399,57.30404],[18.03975,57.3043],[18.03972,57.30432],[18.03971,57.30433],[18.03941,57.30451],[18.03936,57.30457],[18.03924,57.30485],[18.03893,57.30507],[18.03877,57.30565],[18.03803,57.30632],[18.03799,57.30641],[18.03798,57.30681],[18.03793,57.30689],[18.03793,57.3069],[18.0379,57.30695],[18.03771,57.30718],[18.03772,57.30722],[18.03767,57.30725],[18.03726,57.3075],[18.03723,57.30752],[18.03709,57.30789],[18.03676,57.30812],[18.03669,57.30837],[18.03656,57.30848],[18.03651,57.30882],[18.03627,57.30902],[18.03624,57.30939],[18.03568,57.31003],[18.03565,57.31011],[18.03568,57.31027],[18.0356,57.31038],[18.03568,57.31074],[18.03555,57.31096],[18.03572,57.3114],[18.03545,57.31207],[18.03545,57.31207],[18.03546,57.31209]]]},"properties":{"NVRID":"2000436","NAMN":"Lilla Karlsö","SKYDDSTYP":"Naturreservat","LAN":"Gotlands Län","KOMMUN":"Gotland","IUCNKATEGORI":"V, Skyddat landskap/havsområde (Protected Landscape/Seascape)","FORVALTARE":"Länsstyrelsen i Gotlands län","AREA_HA":936.711,"URSPR_BESLUTSDATUM":"1955-05-10"}},{"type":"Feature","geometry":{"type":"Polygon","coordinates":[[[18.17202,57.40166],[18.17268,57.40188],[18.17337,57.40193],[18.17356,57.40194],[18.17356,57.40194],[18.17377,57.40186],[18.17458,57.40117],[18.17549,57.40053],[18.17636,57.40011],[18.17678,57.40007],[18.17722,57.40017],[18.17773,57.40073],[18.17773,57.40073],[18.17773,57.40073],[18.17773,57.40073],[18.17993,57.39987],[18.18057,57.39873],[18.18057,57.39873],[18.18018,57.39743],[18.18181,57.39594],[18.18181,57.39593],[18.181,57.39436],[18.18101,57.39433],[18.18101,57.39433],[18.18098,57.39431],[18.18095,57.39429],[18.18092,57.39427],[18.18088,57.39423],[18.18085,57.3942],[18.18082,57.39418],[18.18079,57.39416],[18.18075,57.39414],[18.18059,57.39405],[18.18056,57.39403],[18.18051,57.39401],[18.18047,57.39399],[18.18038,57.39396],[18.18025,57.3939],[18.18021,57.39389],[18.18019,57.39388],[18.18017,57.39386],[18.18015,57.39385],[18.1801,57.39383],[18.18009,57.39382],[18.18005,57.3938],[18.18001,57.39378],[18.17997,57.39376],[18.17996,57.39376],[18.17992,57.39372],[18.17991,57.39368],[18.17991,57.39367],[18.17991,57.39366],[18.17992,57.39363],[18.17992,57.3936],[18.17992,57.39357],[18.17992,57.39354],[18.17991,57.39351],[18.1799,57.3935],[18.17989,57.39346],[18.17988,57.39345],[18.17987,57.39342],[18.17985,57.39339],[18.17983,57.39336],[18.1798,57.39334],[18.17978,57.39332],[18.17977,57.3933],[18.1797,57.39321],[18.17952,57.39294],[18.17946,57.39278],[18.17946,57.39276],[18.17946,57.39256],[18.17946,57.3925],[18.17946,57.39248],[18.17946,57.39247],[18.17943,57.3923],[18.17943,57.39228],[18.17942,57.39226],[18.17941,57.39223],[18.17942,57.39213],[18.17946,57.39197],[18.17946,57.39195],[18.17948,57.39185],[18.17948,57.39183],[18.17948,57.3918],[18.17947,57.39177],[18.17946,57.39174],[18.17945,57.39171],[18.17944,57.39169],[18.17943,57.39167],[18.17939,57.39162],[18.17937,57.39159],[18.17935,57.39156],[18.17932,57.39154],[18.17929,57.39151],[18.17925,57.39149],[18.17922,57.39147],[18.17918,57.39145],[18.17915,57.39144],[18.17895,57.39135],[18.1789,57.39133],[18.17889,57.39132],[18.17885,57.39131],[18.17883,57.3913],[18.17878,57.39126],[18.17878,57.39126],[18.17877,57.39096],[18.17877,57.39096],[18.17877,57.39094],[18.17877,57.39092],[18.17876,57.39089],[18.17875,57.39086],[18.17874,57.39083],[18.17872,57.3908],[18.1787,57.39077],[18.17869,57.39076],[18.17866,57.39074],[18.17864,57.39072],[18.17862,57.39069],[18.17859,57.39067],[18.17856,57.39064],[18.17854,57.39063],[18.17851,57.39061],[18.17849,57.3906],[18.17846,57.39057],[18.17842,57.39055],[18.17837,57.39053],[18.17822,57.39047],[18.17818,57.39045],[18.17814,57.39044],[18.17809,57.39042],[18.17804,57.39041],[18.17801,57.3904],[18.17799,57.39039],[18.17794,57.39038],[18.1779,57.39036],[18.17785,57.39035],[18.1778,57.39034],[18.1777,57.39032],[18.17765,57.39031],[18.1776,57.39031],[18.17755,57.3903],[18.17749,57.3903],[18.17744,57.3903],[18.17738,57.3903],[18.17733,57.3903],[18.17716,57.39031],[18.17708,57.39032],[18.17703,57.39032],[18.177,57.39032],[18.17694,57.39032],[18.17689,57.39033],[18.17684,57.39034],[18.17679,57.39035],[18.17674,57.39036],[18.17671,57.39037],[18.17666,57.39038],[18.17661,57.39037],[18.17656,57.39037],[18.17635,57.39034],[18.17629,57.39033],[18.17624,57.39033],[18.17619,57.39032],[18.17614,57.39032],[18.17608,57.39032],[18.17603,57.39032],[18.17599,57.39032],[18.17593,57.39031],[18.17588,57.39029],[18.17583,57.39028],[18.17578,57.39027],[18.17572,57.39026],[18.17567,57.39025],[18.17562,57.39025],[18.17556,57.39024],[18.17551,57.39024],[18.17546,57.39024],[18.1754,57.39024],[18.17535,57.39025],[18.17529,57.39025],[18.17525,57.39026],[18.17521,57.39027],[18.17516,57.39028],[18.17511,57.39029],[18.17506,57.3903],[18.17502,57.39032],[18.175,57.39032],[18.16895,57.39233],[18.1689,57.39234],[18.16886,57.39236],[18.16882,57.39238],[18.16879,57.39239],[18.16863,57.39247],[18.16859,57.39249],[18.16856,57.39251],[18.16853,57.39253],[18.16836,57.39266],[18.16833,57.39269],[18.1683,57.39271],[18.16828,57.39274],[18.16822,57.39282],[18.16804,57.39296],[18.16796,57.39301],[18.16794,57.39302],[18.16772,57.39319],[18.16769,57.39322],[18.16768,57.39323],[18.16756,57.39331],[18.16753,57.39333],[18.1675,57.39335],[18.16749,57.39337],[18.16743,57.39342],[18.16701,57.39379],[18.16699,57.39382],[18.16696,57.39385],[18.16677,57.3941],[18.16676,57.39411],[18.16649,57.39448],[18.16642,57.39454],[18.1664,57.39456],[18.16635,57.39461],[18.16634,57.39462],[18.16633,57.39463],[18.16628,57.39469],[18.16587,57.39506],[18.16586,57.39507],[18.1658,57.39513],[18.16579,57.39514],[18.16579,57.39514],[18.16567,57.39527],[18.16566,57.39529],[18.16565,57.3953],[18.16562,57.39532],[18.1656,57.39534],[18.16558,57.39537],[18.16551,57.39545],[18.16548,57.39547],[18.16546,57.39549],[18.16544,57.39551],[18.16507,57.39591],[18.16471,57.39628],[18.16467,57.39632],[18.16461,57.39637],[18.16428,57.39663],[18.16399,57.39678],[18.16378,57.3969],[18.16375,57.39692],[18.16347,57.39702],[18.16333,57.39707],[18.16328,57.39709],[18.16326,57.39709],[18.16291,57.39722],[18.16288,57.39723],[18.16284,57.39725],[18.16282,57.39726],[18.16231,57.3975],[18.16222,57.39755],[18.16213,57.39759],[18.1621,57.39761],[18.16199,57.39768],[18.16195,57.3977],[18.16192,57.39772],[18.16164,57.39793],[18.16161,57.39796],[18.16158,57.39799],[18.16156,57.39801],[18.16155,57.39802],[18.16141,57.39821],[18.16139,57.39823],[18.16138,57.39826],[18.16137,57.39828],[18.16132,57.39837],[18.16132,57.39839],[18.16131,57.39841],[18.1613,57.39844],[18.16129,57.39853],[18.16128,57.39856],[18.16128,57.39859],[18.16129,57.39861],[18.16131,57.39876],[18.16131,57.39878],[18.16132,57.39881],[18.16133,57.39883],[18.16135,57.39886],[18.16136,57.39889],[18.16139,57.39892],[18.16141,57.39894],[18.16144,57.39897],[18.16145,57.39898],[18.16153,57.39904],[18.16155,57.39906],[18.16158,57.39908],[18.16162,57.3991],[18.16166,57.39912],[18.1617,57.39914],[18.16175,57.39916],[18.16179,57.39918],[18.16184,57.39919],[18.16189,57.3992],[18.17118,57.40194],[18.17118,57.40194],[18.17118,57.40194],[18.17202,57.40166]]]},"properties":{"NVRID":"2045710","NAMN":"Vivesholm","SKYDDSTYP":"Naturreservat","LAN":"Gotlands Län","KOMMUN":"Gotland","IUCNKATEGORI":"Ia, Strikt naturreservat (Strict Nature Reserve)","FORVALTARE":"Länsstyrelsen i Gotlands län","AREA_HA":100.613,"URSPR_BESLUTSDATUM":"2016-09-05"}},{"type":"Feature","geometry":{"type":"Polygon","coordinates":[[[18.84867,57.814],[18.84506,57.81408],[18.84506,57.81408],[18.84506,57.81409],[18.84439,57.8151],[18.84225,57.81832],[18.83744,57.82558],[18.83744,57.82558],[18.83835,57.82711],[18.83912,57.82841],[18.83963,57.82901],[18.8398,57.82945],[18.8398,57.82945],[18.84122,57.83043],[18.84122,57.83043],[18.84275,57.83044],[18.84392,57.83076],[18.84572,57.83175],[18.84572,57.83176],[18.84612,57.8318],[18.84612,57.8318],[18.84612,57.8318],[18.84637,57.83163],[18.84847,57.83017],[18.85047,57.82879],[18.85231,57.82752],[18.8544,57.82607],[18.8574,57.824],[18.85794,57.82187],[18.85841,57.82005],[18.85887,57.81826],[18.85867,57.81786],[18.85666,57.81382],[18.85666,57.81382],[18.85665,57.81382],[18.85605,57.81383],[18.85257,57.81391],[18.84867,57.814]]]},"properties":{"NVRID":"2000440","NAMN":"Hoburgsmyr","SKYDDSTYP":"Naturreservat","LAN":"Gotlands Län","KOMMUN":"Gotland","IUCNKATEGORI":"Ia, Strikt naturreservat (Strict Nature Reserve)","FORVALTARE":"Länsstyrelsen i Gotlands län","AREA_HA":169.584,"URSPR_BESLUTSDATUM":"1997-08-11"}},{"type":"Feature","geometry":{"type":"Polygon","coordinates":[[[18.65549,57.42001],[18.65572,57.42082],[18.65579,57.42152],[18.65574,57.42198],[18.65574,57.42198],[18.65574,57.42198],[18.65574,57.42198],[18.66007,57.42176],[18.66431,57.42222],[18.66473,57.42246],[18.66473,57.42246],[18.66473,57.42246],[18.66473,57.42246],[18.66517,57.42223],[18.66713,57.42313],[18.66728,57.42344],[18.6678,57.42373],[18.6678,57.42374],[18.6678,57.42374],[18.67366,57.42221],[18.67366,57.42221],[18.67366,57.42221],[18.67366,57.42221],[18.67232,57.4214],[18.67232,57.4214],[18.67231,57.4214],[18.67224,57.42144],[18.66681,57.41822],[18.66231,57.41744],[18.65732,57.41656],[18.65732,57.41656],[18.65732,57.41656],[18.65437,57.41974],[18.65437,57.41975],[18.65437,57.41975],[18.65549,57.42001]]]},"properties":{"NVRID":"2041611","NAMN":"Hambrar","SKYDDSTYP":"Naturreservat","LAN":"Gotlands Län","KOMMUN":"Gotland","IUCNKATEGORI":"Ia, Strikt naturreservat (Strict Nature Reserve)","FORVALTARE":"Länsstyrelsen i Gotlands län","AREA_HA":48.242,"URSPR_BESLUTSDATUM":"2013-11-22"}},{"type":"Feature","geometry":{"type":"Polygon","coordinates":[[[18.36898,57.623],[18.36898,57.623],[18.36898,57.623],[18.37186,57.62706],[18.37187,57.62707],[18.37187,57.62707],[18.37187,57.62707],[18.38143,57.62537],[18.3838,57.62495],[18.38393,57.62493],[18.38393,57.62493],[18.38409,57.62478],[18.38438,57.62451],[18.38472,57.62423],[18.38503,57.624],[18.38533,57.62377],[18.38558,57.62358],[18.38568,57.62348],[18.38579,57.62331],[18.38592,57.62313],[18.38607,57.62296],[18.38624,57.62276],[18.38634,57.6226],[18.3864,57.62251],[18.38656,57.62233],[18.38674,57.62214],[18.38687,57.62197],[18.38704,57.62177],[18.38717,57.62166],[18.38736,57.62151],[18.38744,57.62146],[18.3877,57.62127],[18.38794,57.62112],[18.38813,57.62104],[18.38819,57.62098],[18.38841,57.62076],[18.38862,57.62052],[18.38877,57.62031],[18.38895,57.62014],[18.38904,57.61998],[18.38912,57.61981],[18.38928,57.61961],[18.38947,57.6194],[18.38948,57.61934],[18.38948,57.61934],[18.38943,57.61926],[18.38934,57.61917],[18.38933,57.61917],[18.38933,57.61917],[18.38881,57.61932],[18.38837,57.61943],[18.38785,57.61957],[18.38658,57.61987],[18.38638,57.61991],[18.3863,57.61979],[18.38633,57.61975],[18.38633,57.61975],[18.38633,57.61975],[18.38567,57.61912],[18.38459,57.61848],[18.38392,57.61835],[18.38338,57.61831],[18.38282,57.61828],[18.38272,57.61794],[18.38107,57.61602],[18.38107,57.61602],[18.37746,57.61602],[18.37554,57.61623],[18.37424,57.61637],[18.37077,57.61627],[18.37076,57.61627],[18.37076,57.61627],[18.36922,57.62294],[18.36898,57.623]]]},"properties":{"NVRID":"2002746","NAMN":"Ölbäck","SKYDDSTYP":"Naturreservat","LAN":"Gotlands Län","KOMMUN":"Gotland","IUCNKATEGORI":"IV, Habitat/Artskyddsområde (Habitat/Species Management Area)","FORVALTARE":"Länsstyrelsen i Gotlands län","AREA_HA":99.892,"URSPR_BESLUTSDATUM":"2004-12-06"}},{"type":"Feature","geometry":{"type":"Polygon","coordinates":[[[18.3293,57.3642],[18.32939,57.3639],[18.33038,57.36339],[18.33038,57.36339],[18.33038,57.36339],[18.33038,57.36339],[18.32906,57.36304],[18.32892,57.36302],[18.32877,57.363],[18.3286,57.363],[18.32845,57.36301],[18.32829,57.36302],[18.32812,57.36304],[18.32764,57.3631],[18.32725,57.36315],[18.32689,57.3632],[18.3268,57.36321],[18.32673,57.36323],[18.32669,57.36325],[18.32669,57.36325],[18.3267,57.36331],[18.32672,57.36338],[18.32676,57.36347],[18.32682,57.36355],[18.32689,57.36363],[18.32696,57.3637],[18.32702,57.36378],[18.32707,57.36386],[18.32712,57.36395],[18.32713,57.36404],[18.32712,57.36413],[18.32709,57.36422],[18.32704,57.36431],[18.32534,57.36712],[18.32534,57.36712],[18.32534,57.36712],[18.3397,57.36912],[18.3397,57.36912],[18.3397,57.36912],[18.33971,57.36912],[18.33976,57.36656],[18.33983,57.3626],[18.33983,57.3626],[18.33675,57.36146],[18.33675,57.36146],[18.33675,57.36146],[18.33402,57.36314],[18.33383,57.3627],[18.33383,57.3627],[18.33382,57.3627],[18.33369,57.36272],[18.33353,57.36275],[18.33321,57.36282],[18.33277,57.36291],[18.33267,57.36293],[18.33259,57.36295],[18.3325,57.36298],[18.33242,57.36301],[18.33216,57.3631],[18.33216,57.3631],[18.33216,57.3631],[18.33271,57.36332],[18.33254,57.36446],[18.33123,57.36422],[18.32975,57.36438],[18.3293,57.3642]]]},"properties":{"NVRID":"2013494","NAMN":"Hajdkvie skog","SKYDDSTYP":"Naturreservat","LAN":"Gotlands Län","KOMMUN":"Gotland","IUCNKATEGORI":"Ia, Strikt naturreservat (Strict Nature Reserve)","FORVALTARE":"Länsstyrelsen i Gotlands län","AREA_HA":47.299,"URSPR_BESLUTSDATUM":"2007-12-19"}},{"type":"Feature","geometry":{"type":"Polygon","coordinates":[[[18.67356,57.69172],[18.67271,57.69166],[18.67271,57.69166],[18.67271,57.69166],[18.6724,57.6919],[18.6724,57.6919],[18.67218,57.69249],[18.67178,57.69293],[18.67152,57.6934],[18.67157,57.69371],[18.67195,57.69406],[18.67201,57.69449],[18.67148,57.69552],[18.67167,57.69572],[18.67173,57.69578],[18.67522,57.69961],[18.67522,57.69961],[18.67636,57.69962],[18.67747,57.69962],[18.6784,57.69962],[18.68809,57.69967],[18.68947,57.69968],[18.68947,57.69968],[18.68947,57.69967],[18.68996,57.69658],[18.68996,57.69658],[18.68996,57.69658],[18.68884,57.69653],[18.68887,57.69635],[18.68941,57.69314],[18.68948,57.69269],[18.68948,57.69269],[18.68693,57.69149],[18.68687,57.69145],[18.68551,57.68858],[18.6855,57.68858],[18.6855,57.68858],[18.68412,57.68852],[18.67852,57.68826],[18.67698,57.68819],[18.6758,57.68814],[18.67456,57.68808],[18.67456,57.68808],[18.67456,57.68808],[18.67456,57.68808],[18.67421,57.68937],[18.67384,57.69068],[18.67356,57.69172]]]},"properties":{"NVRID":"2000122","NAMN":"Kallgatburg","SKYDDSTYP":"Naturreservat","LAN":"Gotlands Län","KOMMUN":"Gotland","IUCNKATEGORI":"IV, Habitat/Artskyddsområde (Habitat/Species Management Area)","FORVALTARE":"Länsstyrelsen i Gotlands län","AREA_HA":115.017,"URSPR_BESLUTSDATUM":"1957-09-17"}},{"type":"Feature","geometry":{"type":"Polygon","coordinates":[[[18.28848,57.32245],[18.28749,57.32244],[18.28749,57.32244],[18.28717,57.32274],[18.28717,57.32274],[18.28741,57.32307],[18.28739,57.32363],[18.28695,57.32436],[18.28576,57.32607],[18.28576,57.32607],[18.28576,57.32607],[18.28777,57.32693],[18.28777,57.32693],[18.28778,57.32693],[18.28778,57.32693],[18.28778,57.32693],[18.28757,57.32599],[18.28938,57.32319],[18.29078,57.32254],[18.29078,57.32254],[18.29078,57.32254],[18.29076,57.32249],[18.29075,57.32246],[18.29076,57.32242],[18.29077,57.32238],[18.29078,57.32235],[18.29078,57.32231],[18.29078,57.32224],[18.29078,57.32218],[18.29078,57.32213],[18.29078,57.32208],[18.29076,57.32202],[18.29076,57.32196],[18.29075,57.32183],[18.29077,57.32174],[18.29079,57.32167],[18.29081,57.32163],[18.29084,57.32158],[18.29086,57.32156],[18.29086,57.32156],[18.29086,57.32156],[18.29085,57.32156],[18.2896,57.32146],[18.2896,57.32146],[18.28848,57.32245]]]},"properties":{"NVRID":"2000128","NAMN":"Mallgård källmyr","SKYDDSTYP":"Naturreservat","LAN":"Gotlands Län","KOMMUN":"Gotland","IUCNKATEGORI":"IV, Habitat/Artskyddsområde (Habitat/Species Management Area)","FORVALTARE":"Länsstyrelsen i Gotlands län","AREA_HA":6.398,"URSPR_BESLUTSDATUM":"1985-01-28"}},{"type":"Feature","geometry":{"type":"Polygon","coordinates":[[[18.74754,57.36014],[18.74656,57.36112],[18.74656,57.36112],[18.74656,57.36112],[18.7467,57.36119],[18.74681,57.36124],[18.74685,57.36125],[18.74691,57.36127],[18.74694,57.36128],[18.74698,57.3613],[18.74716,57.36141],[18.74722,57.36143],[18.74729,57.36146],[18.74746,57.36152],[18.74752,57.36154],[18.74752,57.36154],[18.7478,57.36152],[18.74791,57.36152],[18.74801,57.36154],[18.74817,57.36158],[18.74825,57.36159],[18.74835,57.36161],[18.74838,57.36162],[18.74844,57.36162],[18.74857,57.36163],[18.74865,57.36163],[18.74866,57.36163],[18.74817,57.36212],[18.74817,57.36213],[18.74817,57.36213],[18.74825,57.36218],[18.7483,57.36221],[18.74834,57.36225],[18.74839,57.36232],[18.74842,57.36234],[18.7485,57.36241],[18.74857,57.36247],[18.74868,57.36254],[18.74876,57.36259],[18.74888,57.36266],[18.74924,57.36285],[18.74943,57.36295],[18.74947,57.36298],[18.74947,57.36298],[18.74947,57.36298],[18.74947,57.36298],[18.74965,57.3628],[18.75135,57.36332],[18.75085,57.36378],[18.75085,57.36378],[18.75085,57.36378],[18.75094,57.36379],[18.75156,57.36389],[18.75173,57.36392],[18.75181,57.36395],[18.75186,57.36397],[18.75189,57.36399],[18.75196,57.36404],[18.75216,57.36421],[18.75222,57.36425],[18.75229,57.36429],[18.75229,57.36429],[18.75229,57.36429],[18.75276,57.36381],[18.75377,57.36423],[18.75321,57.36458],[18.75321,57.36458],[18.75321,57.36458],[18.75321,57.36458],[18.75334,57.36463],[18.75347,57.36471],[18.75365,57.36479],[18.75399,57.36498],[18.75403,57.36507],[18.75411,57.36515],[18.75411,57.36515],[18.75364,57.36562],[18.75364,57.36562],[18.75412,57.36627],[18.75507,57.36685],[18.75605,57.36713],[18.75798,57.36732],[18.75922,57.36735],[18.76079,57.36752],[18.76282,57.36815],[18.76279,57.36905],[18.76279,57.36905],[18.76279,57.36905],[18.76363,57.36927],[18.76435,57.36994],[18.76435,57.36994],[18.7652,57.37013],[18.76636,57.37046],[18.76634,57.37087],[18.76634,57.37087],[18.76634,57.37087],[18.76703,57.37089],[18.76835,57.37122],[18.76835,57.37122],[18.76835,57.37122],[18.76836,57.37122],[18.76886,57.37039],[18.77105,57.37019],[18.77105,57.37019],[18.77116,57.37001],[18.77119,57.36996],[18.77224,57.36822],[18.77224,57.36822],[18.77224,57.36821],[18.74875,57.35922],[18.74875,57.35922],[18.74875,57.35922],[18.74729,57.35994],[18.74729,57.35995],[18.74729,57.35995],[18.74754,57.36014]],[[18.76768,57.3701],[18.76802,57.36945],[18.76875,57.36954],[18.76852,57.37026],[18.76768,57.3701]]]},"properties":{"NVRID":"2041610","NAMN":"Mullvalds strandskog","SKYDDSTYP":"Naturreservat","LAN":"Gotlands Län","KOMMUN":"Gotland","IUCNKATEGORI":"Ia, Strikt naturreservat (Strict Nature Reserve)","FORVALTARE":"Länsstyrelsen i Gotlands län","AREA_HA":63.559,"URSPR_BESLUTSDATUM":"2013-11-22"}},{"type":"Feature","geometry":{"type":"Polygon","coordinates":[[[18.26494,56.9344],[18.2646,56.9353],[18.2646,56.9353],[18.2646,56.9353],[18.26538,56.93537],[18.26527,56.93579],[18.26445,56.93574],[18.26445,56.93574],[18.26445,56.93574],[18.26421,56.93649],[18.26415,56.93668],[18.26415,56.93668],[18.26415,56.93668],[18.26415,56.93668],[18.26661,56.93665],[18.26779,56.93662],[18.26986,56.93658],[18.26986,56.93658],[18.26986,56.93658],[18.26935,56.93001],[18.26935,56.93001],[18.26935,56.93001],[18.26913,56.93],[18.26855,56.92997],[18.26854,56.92988],[18.26854,56.92988],[18.26854,56.92988],[18.26591,56.92992],[18.26206,56.93038],[18.25994,56.93013],[18.25993,56.93013],[18.25993,56.93013],[18.25984,56.93039],[18.25971,56.9307],[18.25957,56.93114],[18.25937,56.93162],[18.25919,56.93205],[18.25904,56.93247],[18.25888,56.93282],[18.25877,56.93311],[18.25857,56.93363],[18.25857,56.93363],[18.25857,56.93363],[18.26231,56.93408],[18.26494,56.9344]]]},"properties":{"NVRID":"2028970","NAMN":"Lundar","SKYDDSTYP":"Naturreservat","LAN":"Gotlands Län","KOMMUN":"Gotland","IUCNKATEGORI":"Ia, Strikt naturreservat (Strict Nature Reserve)","FORVALTARE":"Länsstyrelsen i Gotlands län","AREA_HA":36.376,"URSPR_BESLUTSDATUM":"2011-12-13"}},{"type":"Feature","geometry":{"type":"Polygon","coordinates":[[[18.79211,57.66408],[18.79247,57.66506],[18.79247,57.66506],[18.79247,57.66507],[18.79283,57.66505],[18.79309,57.66503],[18.7932,57.66503],[18.7933,57.66502],[18.79339,57.665],[18.79349,57.66497],[18.79386,57.66486],[18.79396,57.66483],[18.79407,57.66482],[18.79417,57.66482],[18.79428,57.66482],[18.79439,57.66483],[18.79471,57.66485],[18.79481,57.66486],[18.79486,57.66486],[18.79491,57.66485],[18.79502,57.66483],[18.7952,57.6648],[18.79534,57.66478],[18.79549,57.66477],[18.7956,57.66478],[18.79625,57.66479],[18.79638,57.6648],[18.7965,57.66482],[18.79708,57.66499],[18.79716,57.66501],[18.79724,57.66502],[18.79733,57.66501],[18.79741,57.66499],[18.79803,57.6648],[18.79812,57.66478],[18.79822,57.66476],[18.79865,57.66471],[18.79879,57.66469],[18.79899,57.66467],[18.79899,57.66467],[18.79899,57.66467],[18.79806,57.66302],[18.79379,57.65893],[18.79379,57.65893],[18.79379,57.65893],[18.78733,57.66006],[18.78733,57.66006],[18.78733,57.66006],[18.78879,57.66467],[18.7888,57.66467],[18.7888,57.66467],[18.79211,57.66408]]]},"properties":{"NVRID":"2000434","NAMN":"Mojner","SKYDDSTYP":"Naturreservat","LAN":"Gotlands Län","KOMMUN":"Gotland","IUCNKATEGORI":"Ia, Strikt naturreservat (Strict Nature Reserve)","FORVALTARE":"Länsstyrelsen i Gotlands län","AREA_HA":31.198,"URSPR_BESLUTSDATUM":"1999-03-08"}},{"type":"Feature","geometry":{"type":"Polygon","coordinates":[[[18.75605,57.45496],[18.75359,57.45788],[18.75359,57.45788],[18.75359,57.45788],[18.75381,57.4579],[18.75396,57.4579],[18.75411,57.45789],[18.75425,57.45787],[18.75456,57.45784],[18.75476,57.45782],[18.75495,57.45781],[18.75523,57.45779],[18.75547,57.45777],[18.75562,57.45776],[18.75584,57.45774],[18.75603,57.45773],[18.75639,57.4577],[18.75657,57.45769],[18.75668,57.45768],[18.75681,57.45768],[18.75695,57.45768],[18.75708,57.45769],[18.75724,57.45769],[18.75742,57.4577],[18.7576,57.45771],[18.75776,57.45772],[18.7579,57.45773],[18.75805,57.45773],[18.7582,57.45773],[18.75837,57.45773],[18.75853,57.45772],[18.75868,57.45771],[18.75881,57.4577],[18.75904,57.45769],[18.75927,57.45767],[18.75942,57.45767],[18.75954,57.45766],[18.75955,57.45766],[18.75955,57.45766],[18.75989,57.45681],[18.76246,57.45803],[18.76223,57.45822],[18.76223,57.45822],[18.76223,57.45822],[18.76235,57.45826],[18.76248,57.4583],[18.76261,57.45834],[18.76274,57.4584],[18.76286,57.45845],[18.76322,57.45862],[18.76335,57.45868],[18.76348,57.45873],[18.76361,57.45879],[18.76375,57.45884],[18.76388,57.45889],[18.76402,57.45894],[18.76417,57.45899],[18.76432,57.45904],[18.76447,57.45909],[18.76462,57.45913],[18.76477,57.45917],[18.76492,57.45921],[18.76507,57.45924],[18.76522,57.45927],[18.76538,57.4593],[18.76554,57.45933],[18.766,57.4594],[18.76616,57.45943],[18.7663,57.45946],[18.76645,57.4595],[18.76689,57.4596],[18.76704,57.45963],[18.76718,57.45966],[18.76734,57.4597],[18.7675,57.45973],[18.76763,57.45975],[18.76777,57.45978],[18.76792,57.4598],[18.76807,57.45981],[18.76822,57.45982],[18.76838,57.45983],[18.76853,57.45983],[18.76868,57.45983],[18.76882,57.45982],[18.76897,57.4598],[18.76912,57.45978],[18.76942,57.45974],[18.76958,57.45972],[18.76973,57.45971],[18.76988,57.4597],[18.77003,57.4597],[18.77017,57.45968],[18.77033,57.45966],[18.77064,57.4596],[18.77079,57.45957],[18.77091,57.45952],[18.77102,57.45947],[18.77122,57.45935],[18.77135,57.45928],[18.77149,57.458],[18.77191,57.45788],[18.77191,57.45788],[18.77191,57.45788],[18.77191,57.45788],[18.77149,57.45745],[18.75512,57.45184],[18.75499,57.45183],[18.75484,57.45183],[18.75413,57.45178],[18.75391,57.45176],[18.75373,57.45174],[18.75356,57.45173],[18.7534,57.45171],[18.7532,57.45167],[18.75304,57.45165],[18.75288,57.45161],[18.75273,57.45158],[18.75259,57.45155],[18.7524,57.4515],[18.75214,57.45143],[18.75198,57.45139],[18.75182,57.45135],[18.75164,57.45131],[18.75145,57.45127],[18.75127,57.45123],[18.7511,57.4512],[18.75095,57.45118],[18.75079,57.45116],[18.75059,57.45114],[18.75041,57.45113],[18.75027,57.45111],[18.75012,57.45109],[18.74997,57.45106],[18.74973,57.45102],[18.74952,57.45099],[18.74928,57.45095],[18.74913,57.45093],[18.74895,57.45092],[18.74876,57.45091],[18.74855,57.4509],[18.74824,57.45089],[18.74824,57.45089],[18.74513,57.45221],[18.74513,57.45222],[18.74513,57.45222],[18.74918,57.45323],[18.75017,57.45348],[18.75166,57.45386],[18.75605,57.45496]]]},"properties":{"NVRID":"2013398","NAMN":"Stenstugu skog","SKYDDSTYP":"Naturreservat","LAN":"Gotlands Län","KOMMUN":"Gotland","IUCNKATEGORI":"Ia, Strikt naturreservat (Strict Nature Reserve)","FORVALTARE":"Länsstyrelsen i Gotlands län","AREA_HA":57.264,"URSPR_BESLUTSDATUM":"2007-11-05"}},{"type":"Feature","geometry":{"type":"Polygon","coordinates":[[[18.86375,57.84618],[18.86477,57.84553],[18.8656,57.84538],[18.86596,57.84546],[18.87351,57.84617],[18.87288,57.84808],[18.87289,57.84808],[18.87708,57.84933],[18.87709,57.84933],[18.8771,57.84933],[18.87736,57.8493],[18.87768,57.84926],[18.87791,57.84921],[18.87809,57.84917],[18.87839,57.84909],[18.87859,57.84903],[18.87871,57.849],[18.87895,57.84895],[18.87918,57.84888],[18.87945,57.84883],[18.87945,57.84883],[18.88732,57.84252],[18.88939,57.84242],[18.88939,57.84242],[18.89566,57.85016],[18.89566,57.85016],[18.89819,57.85037],[18.89819,57.85037],[18.89819,57.85037],[18.89869,57.8498],[18.89907,57.84939],[18.89945,57.84898],[18.89993,57.84855],[18.90037,57.84825],[18.90115,57.8478],[18.90298,57.84686],[18.90361,57.84654],[18.90377,57.84644],[18.90393,57.84634],[18.90405,57.84624],[18.90413,57.84611],[18.90423,57.84575],[18.90427,57.84556],[18.9044,57.84503],[18.90441,57.84487],[18.90439,57.84472],[18.90433,57.84443],[18.90426,57.84424],[18.90419,57.84403],[18.90413,57.84379],[18.90415,57.84366],[18.90421,57.84345],[18.90431,57.84321],[18.90438,57.84305],[18.9044,57.84295],[18.90441,57.84283],[18.90443,57.84269],[18.90445,57.84234],[18.90444,57.84219],[18.90449,57.84204],[18.90451,57.84185],[18.90466,57.84157],[18.90483,57.84122],[18.90496,57.84097],[18.90516,57.84069],[18.90527,57.84056],[18.90557,57.8403],[18.90581,57.84013],[18.90616,57.83988],[18.90649,57.83969],[18.90649,57.83969],[18.90649,57.83969],[18.90367,57.83792],[18.89636,57.8358],[18.89816,57.83417],[18.90161,57.8317],[18.90479,57.8294],[18.90479,57.8294],[18.90479,57.8294],[18.90479,57.8294],[18.90285,57.82869],[18.90037,57.82785],[18.89936,57.82746],[18.89876,57.82714],[18.89827,57.82684],[18.89753,57.82641],[18.89658,57.82564],[18.89525,57.82449],[18.89349,57.82323],[18.89349,57.82323],[18.89349,57.82323],[18.89126,57.82444],[18.88999,57.82391],[18.89233,57.82259],[18.89233,57.82259],[18.89233,57.82259],[18.89157,57.82223],[18.89156,57.82223],[18.89069,57.82208],[18.89033,57.822],[18.89026,57.82199],[18.88773,57.82157],[18.88693,57.82132],[18.88602,57.82106],[18.88473,57.82068],[18.88376,57.82028],[18.88249,57.81981],[18.88002,57.81956],[18.87742,57.81928],[18.87512,57.81901],[18.87361,57.8191],[18.87298,57.81904],[18.87238,57.81891],[18.8716,57.81863],[18.87117,57.8185],[18.87013,57.8182],[18.87013,57.8182],[18.87013,57.8182],[18.87013,57.81821],[18.8693,57.81987],[18.86854,57.82146],[18.86803,57.8222],[18.86797,57.82255],[18.86762,57.82379],[18.86737,57.82446],[18.86685,57.82586],[18.86666,57.82629],[18.86715,57.82865],[18.86739,57.83018],[18.86804,57.83159],[18.86868,57.83297],[18.85717,57.83176],[18.85717,57.83176],[18.85717,57.83176],[18.85717,57.83292],[18.85731,57.84119],[18.85736,57.84125],[18.85738,57.84131],[18.85739,57.84142],[18.8574,57.84156],[18.85742,57.84169],[18.85744,57.84189],[18.85746,57.84199],[18.85746,57.84225],[18.85751,57.84237],[18.85758,57.84253],[18.85764,57.84265],[18.85773,57.84278],[18.8578,57.84288],[18.85786,57.84295],[18.85789,57.84317],[18.85786,57.84327],[18.85785,57.84341],[18.85782,57.84356],[18.85784,57.84378],[18.85782,57.84409],[18.85781,57.84443],[18.85776,57.84453],[18.85771,57.84463],[18.85769,57.84476],[18.8577,57.84485],[18.85774,57.84494],[18.85782,57.84507],[18.8579,57.84528],[18.85796,57.84538],[18.85805,57.84554],[18.85815,57.84567],[18.85823,57.84577],[18.8583,57.84589],[18.85839,57.84598],[18.85846,57.84606],[18.85861,57.84613],[18.85879,57.84621],[18.85921,57.84637],[18.8594,57.84643],[18.85961,57.84647],[18.85977,57.84651],[18.85995,57.84656],[18.86016,57.84661],[18.86043,57.84668],[18.86066,57.84675],[18.8609,57.84681],[18.86121,57.84686],[18.86171,57.84692],[18.86203,57.84696],[18.86244,57.84704],[18.86253,57.84705],[18.86253,57.84705],[18.8634,57.84665],[18.86365,57.84652],[18.86365,57.84652],[18.86375,57.84618]]]},"properties":{"NVRID":"2040929","NAMN":"Mölnermyr","SKYDDSTYP":"Naturreservat","LAN":"Gotlands Län","KOMMUN":"Gotland","IUCNKATEGORI":"Ia, Strikt naturreservat (Strict Nature Reserve)","FORVALTARE":"Länsstyrelsen i Gotlands län","AREA_HA":671.827,"URSPR_BESLUTSDATUM":"2013-02-28"}},{"type":"Feature","geometry":{"type":"Polygon","coordinates":[[[18.71138,57.63333],[18.71138,57.63333],[18.71138,57.63333],[18.71138,57.63333],[18.71119,57.63466],[18.71119,57.63466],[18.71119,57.63467],[18.72644,57.63546],[18.72644,57.63546],[18.72644,57.63546],[18.72644,57.63546],[18.72615,57.629],[18.72615,57.62899],[18.72615,57.62899],[18.71206,57.62841],[18.71206,57.62841],[18.71206,57.62841],[18.71205,57.62841],[18.71168,57.63113],[18.71168,57.63113],[18.71168,57.63113],[18.71168,57.63113],[18.71269,57.63092],[18.71497,57.63093],[18.71603,57.63118],[18.71608,57.63191],[18.71654,57.63268],[18.71463,57.63271],[18.71249,57.63352],[18.71138,57.63333]]]},"properties":{"NVRID":"2010854","NAMN":"Blautmörskogen","SKYDDSTYP":"Naturreservat","LAN":"Gotlands Län","KOMMUN":"Gotland","IUCNKATEGORI":"Ia, Strikt naturreservat (Strict Nature Reserve)","FORVALTARE":"Länsstyrelsen i Gotlands län","AREA_HA":55.896,"URSPR_BESLUTSDATUM":"2006-12-20"}},{"type":"Feature","geometry":{"type":"MultiPolygon","coordinates":[[[[18.30061,57.0819],[18.30061,57.0819],[18.30061,57.0819],[18.30077,57.08223],[18.30108,57.08292],[18.30124,57.08324],[18.30124,57.08325],[18.30124,57.08325],[18.30124,57.08325],[18.30214,57.08313],[18.30214,57.08328],[18.30214,57.08328],[18.30214,57.08328],[18.30407,57.08312],[18.30407,57.08312],[18.30407,57.08312],[18.30397,57.08264],[18.30373,57.08151],[18.30354,57.08062],[18.30354,57.08062],[18.30354,57.08062],[18.30096,57.08049],[18.30095,57.08049],[18.30095,57.0805],[18.30084,57.08155],[18.3008,57.08187],[18.30061,57.0819]]],[[[18.30491,57.08051],[18.3049,57.08051],[18.3049,57.08051],[18.30548,57.083],[18.30548,57.083],[18.30548,57.083],[18.30548,57.083],[18.30898,57.08272],[18.30898,57.08272],[18.30898,57.08272],[18.30898,57.08272],[18.30897,57.08271],[18.30819,57.08213],[18.30936,57.08185],[18.30936,57.08185],[18.31031,57.08085],[18.31015,57.08009],[18.31015,57.08008],[18.31015,57.08008],[18.31015,57.08007],[18.31015,57.08007],[18.30491,57.08051]]],[[[18.30152,57.0841],[18.30152,57.0841],[18.30152,57.0841],[18.30165,57.08431],[18.30183,57.08455],[18.30183,57.08455],[18.30183,57.08455],[18.30272,57.08437],[18.30295,57.08437],[18.3031,57.08469],[18.3032,57.08501],[18.30351,57.08622],[18.30351,57.08622],[18.30351,57.08622],[18.30351,57.08622],[18.30541,57.08604],[18.30541,57.08604],[18.30541,57.08604],[18.30559,57.08559],[18.3082,57.08537],[18.30821,57.08537],[18.30847,57.08512],[18.30906,57.08465],[18.30975,57.08406],[18.31008,57.08375],[18.3105,57.08333],[18.31056,57.08326],[18.31068,57.08323],[18.31068,57.08323],[18.31095,57.08294],[18.31095,57.08294],[18.31095,57.08294],[18.31095,57.08294],[18.3109,57.08293],[18.31109,57.08272],[18.31119,57.0826],[18.31119,57.08259],[18.31119,57.08259],[18.31119,57.08259],[18.3056,57.08305],[18.30531,57.08308],[18.30215,57.08333],[18.30214,57.08333],[18.30214,57.08333],[18.30219,57.08378],[18.30208,57.08403],[18.30152,57.0841]]]]},"properties":{"NVRID":"2043066","NAMN":"Fide lövskog","SKYDDSTYP":"Naturreservat","LAN":"Gotlands Län","KOMMUN":"Gotland","IUCNKATEGORI":"IV, Habitat/Artskyddsområde (Habitat/Species Management Area)","FORVALTARE":"Länsstyrelsen i Gotlands län","AREA_HA":25.561,"URSPR_BESLUTSDATUM":"2014-11-21"}},{"type":"Feature","geometry":{"type":"Polygon","coordinates":[[[18.13939,57.46208],[18.13965,57.46243],[18.13965,57.46243],[18.13965,57.46243],[18.14232,57.46224],[18.14232,57.46224],[18.14646,57.45851],[18.14775,57.45812],[18.14775,57.45812],[18.14775,57.45812],[18.14762,57.458],[18.14808,57.45776],[18.1483,57.45765],[18.1486,57.45762],[18.14897,57.45762],[18.14935,57.45761],[18.14985,57.45755],[18.15029,57.45743],[18.15064,57.45731],[18.15121,57.45706],[18.15161,57.45695],[18.15189,57.45685],[18.15246,57.45658],[18.15246,57.45658],[18.15246,57.45658],[18.15246,57.45658],[18.14808,57.45371],[18.14808,57.45371],[18.14808,57.45371],[18.14603,57.4546],[18.14591,57.45383],[18.14577,57.45295],[18.14565,57.45125],[18.14476,57.45043],[18.14475,57.45043],[18.14475,57.45043],[18.14369,57.45089],[18.14308,57.45052],[18.14262,57.45022],[18.14287,57.44968],[18.14318,57.44927],[18.1435,57.44898],[18.14369,57.4488],[18.14418,57.44847],[18.1456,57.44666],[18.14577,57.44636],[18.1458,57.44615],[18.14571,57.44582],[18.1456,57.44535],[18.1456,57.44535],[18.1456,57.44535],[18.1456,57.44535],[18.1456,57.44535],[18.14548,57.44541],[18.14521,57.44554],[18.14499,57.44563],[18.14481,57.44572],[18.14481,57.44572],[18.14502,57.44605],[18.14506,57.44614],[18.14503,57.44632],[18.14498,57.44644],[18.14485,57.44664],[18.14461,57.44695],[18.14442,57.44729],[18.14413,57.44771],[18.14396,57.44788],[18.14396,57.44788],[18.14396,57.44788],[18.14407,57.44791],[18.14363,57.44844],[18.14337,57.4487],[18.14291,57.44901],[18.14258,57.4493],[18.14239,57.44956],[18.14222,57.44983],[18.1421,57.45011],[18.14197,57.45005],[18.14197,57.45005],[18.14197,57.45005],[18.14126,57.45072],[18.14126,57.45072],[18.14127,57.45072],[18.14142,57.45079],[18.1383,57.45302],[18.13748,57.45357],[18.13676,57.45397],[18.13625,57.45447],[18.13603,57.45505],[18.13584,57.45562],[18.13579,57.45596],[18.13574,57.45634],[18.13572,57.45666],[18.13575,57.45705],[18.13591,57.45744],[18.13607,57.45777],[18.13621,57.458],[18.1366,57.45869],[18.13714,57.45935],[18.13731,57.45949],[18.13752,57.45975],[18.13787,57.46052],[18.13801,57.46114],[18.13803,57.46136],[18.13817,57.46157],[18.13863,57.4622],[18.13863,57.4622],[18.13863,57.4622],[18.13893,57.46219],[18.13939,57.46208]]]},"properties":{"NVRID":"2000131","NAMN":"Paviken","SKYDDSTYP":"Naturreservat","LAN":"Gotlands Län","KOMMUN":"Gotland","IUCNKATEGORI":"IV, Habitat/Artskyddsområde (Habitat/Species Management Area)","FORVALTARE":"Länsstyrelsen i Gotlands län","AREA_HA":75.884,"URSPR_BESLUTSDATUM":"1994-05-30"}},{"type":"Feature","geometry":{"type":"MultiPolygon","coordinates":[[[[18.90206,57.78116],[18.902,57.78114],[18.90193,57.7811],[18.90193,57.7811],[18.90188,57.7811],[18.90172,57.78108],[18.90162,57.78109],[18.90148,57.78114],[18.90144,57.78119],[18.90144,57.78124],[18.90147,57.78128],[18.90168,57.78145],[18.90185,57.78173],[18.9019,57.78177],[18.90204,57.78183],[18.9022,57.78188],[18.90226,57.78191],[18.90239,57.78197],[18.90252,57.78203],[18.90259,57.78205],[18.90259,57.78205],[18.90266,57.78203],[18.90273,57.78198],[18.9028,57.78188],[18.90286,57.78183],[18.90288,57.78178],[18.90289,57.78171],[18.90286,57.78165],[18.90273,57.78149],[18.90258,57.78134],[18.90232,57.78114],[18.90232,57.78114],[18.9022,57.78112],[18.90214,57.78114],[18.90206,57.78116]]],[[[18.88789,57.77843],[18.88827,57.77887],[18.88826,57.78035],[18.88832,57.78118],[18.88832,57.78119],[18.88854,57.7814],[18.88772,57.78235],[18.88582,57.7845],[18.88573,57.7853],[18.88553,57.78718],[18.88554,57.7872],[18.8866,57.78924],[18.8866,57.78924],[18.8866,57.78925],[18.89011,57.78903],[18.88973,57.79255],[18.88748,57.79278],[18.88748,57.79278],[18.88748,57.79278],[18.88747,57.79291],[18.88749,57.79319],[18.88748,57.7936],[18.88747,57.79383],[18.88748,57.79396],[18.88755,57.79419],[18.88762,57.79495],[18.88763,57.79515],[18.88763,57.79515],[18.88763,57.79515],[18.88969,57.79492],[18.89008,57.79661],[18.88776,57.79695],[18.88776,57.79695],[18.88776,57.79695],[18.88776,57.79701],[18.88781,57.79707],[18.88788,57.79718],[18.88793,57.79733],[18.88794,57.79739],[18.88794,57.79739],[18.88794,57.79739],[18.90504,57.79492],[18.90504,57.79492],[18.90504,57.79492],[18.90504,57.79492],[18.90491,57.79477],[18.90487,57.79473],[18.9048,57.79471],[18.90476,57.7947],[18.90472,57.79467],[18.90467,57.79456],[18.90468,57.79452],[18.90478,57.79446],[18.90478,57.79446],[18.90479,57.79433],[18.90476,57.79422],[18.90471,57.79408],[18.9047,57.79394],[18.90472,57.79379],[18.90471,57.79373],[18.90466,57.79365],[18.90458,57.79355],[18.90454,57.79347],[18.90452,57.79342],[18.90455,57.79338],[18.90462,57.79331],[18.90472,57.79324],[18.90474,57.79321],[18.90474,57.79321],[18.90474,57.79321],[18.90474,57.79321],[18.90472,57.79321],[18.90465,57.79313],[18.90433,57.7929],[18.90429,57.79285],[18.90409,57.79256],[18.90402,57.79238],[18.90401,57.7923],[18.90404,57.79226],[18.90407,57.79222],[18.90401,57.79195],[18.904,57.79185],[18.90402,57.7918],[18.9042,57.79164],[18.90427,57.79161],[18.9043,57.7916],[18.9043,57.7916],[18.9043,57.7916],[18.9043,57.7916],[18.9043,57.7916],[18.90419,57.79159],[18.90417,57.79159],[18.90386,57.79155],[18.90376,57.79152],[18.90354,57.79141],[18.90332,57.79125],[18.90322,57.79117],[18.90324,57.79117],[18.90324,57.79117],[18.90324,57.79117],[18.90322,57.79116],[18.90301,57.7909],[18.90296,57.79082],[18.90294,57.79075],[18.90299,57.79049],[18.90301,57.79041],[18.903,57.79035],[18.90286,57.79013],[18.90279,57.79002],[18.90267,57.7899],[18.90262,57.78983],[18.90257,57.78974],[18.90256,57.78969],[18.90257,57.78966],[18.90261,57.78961],[18.90261,57.78956],[18.90253,57.78947],[18.90253,57.78944],[18.90258,57.78937],[18.90259,57.78929],[18.90254,57.78914],[18.9025,57.78906],[18.90241,57.78893],[18.90234,57.78881],[18.90228,57.78872],[18.9022,57.78866],[18.90204,57.78859],[18.90197,57.78854],[18.90186,57.78846],[18.90175,57.78838],[18.90169,57.78835],[18.90152,57.78829],[18.90117,57.78814],[18.9009,57.78805],[18.90032,57.7879],[18.90022,57.78787],[18.90014,57.78782],[18.90008,57.78779],[18.90006,57.78776],[18.89999,57.78762],[18.89989,57.78758],[18.89984,57.78756],[18.89983,57.78756],[18.89974,57.78758],[18.8996,57.78762],[18.89945,57.7877],[18.89937,57.78771],[18.89914,57.78772],[18.89902,57.78771],[18.8985,57.7876],[18.89829,57.78755],[18.89817,57.78751],[18.89808,57.78747],[18.89796,57.78737],[18.89787,57.78723],[18.89783,57.78715],[18.8978,57.78706],[18.89786,57.78685],[18.89787,57.78678],[18.89789,57.78673],[18.89796,57.78667],[18.89816,57.78661],[18.8983,57.78659],[18.89835,57.78658],[18.89835,57.78658],[18.89843,57.78652],[18.89847,57.7865],[18.89857,57.78644],[18.89863,57.78637],[18.89871,57.78631],[18.89875,57.78628],[18.89876,57.78621],[18.89873,57.78606],[18.8987,57.78599],[18.89868,57.78594],[18.89879,57.78584],[18.89876,57.78573],[18.89874,57.78568],[18.89877,57.78562],[18.8988,57.78557],[18.8987,57.78532],[18.89868,57.78525],[18.89869,57.78522],[18.89876,57.78517],[18.89895,57.78499],[18.899,57.78487],[18.89916,57.78466],[18.89918,57.78462],[18.89918,57.78453],[18.8992,57.7845],[18.89925,57.78447],[18.89935,57.78445],[18.89947,57.78444],[18.89947,57.78444],[18.89966,57.78427],[18.8997,57.78422],[18.89971,57.78415],[18.89972,57.78408],[18.89976,57.78403],[18.89986,57.78397],[18.89998,57.78393],[18.90002,57.78392],[18.90009,57.78394],[18.90023,57.78403],[18.90026,57.78407],[18.90027,57.78416],[18.90026,57.78422],[18.90034,57.7843],[18.90048,57.78454],[18.90068,57.78467],[18.90086,57.78473],[18.90094,57.78474],[18.90122,57.78475],[18.90129,57.78474],[18.90129,57.78474],[18.90136,57.7847],[18.90147,57.78461],[18.90144,57.78442],[18.90149,57.78421],[18.90149,57.78404],[18.9015,57.78391],[18.90153,57.7838],[18.90156,57.78371],[18.90147,57.78354],[18.90145,57.7835],[18.90153,57.78344],[18.90159,57.78341],[18.90162,57.78336],[18.90162,57.78332],[18.90159,57.78327],[18.90158,57.7832],[18.9016,57.78315],[18.90163,57.78313],[18.90165,57.78312],[18.90175,57.78313],[18.90192,57.78311],[18.90198,57.78308],[18.90198,57.78307],[18.90206,57.78294],[18.90213,57.78292],[18.90219,57.7829],[18.90225,57.78283],[18.90226,57.78279],[18.90224,57.78273],[18.90218,57.78265],[18.90212,57.78262],[18.90208,57.7826],[18.90194,57.78257],[18.90185,57.78255],[18.90179,57.78251],[18.90167,57.78235],[18.90165,57.78227],[18.90166,57.78222],[18.90173,57.78215],[18.90179,57.78209],[18.90181,57.78202],[18.90176,57.78189],[18.90171,57.78182],[18.90163,57.78175],[18.90142,57.78151],[18.90133,57.78143],[18.90117,57.78133],[18.90104,57.78127],[18.90085,57.78124],[18.90074,57.78122],[18.90074,57.78122],[18.90038,57.78133],[18.90023,57.78139],[18.90016,57.78144],[18.90009,57.78152],[18.90001,57.78193],[18.89994,57.78208],[18.89993,57.78212],[18.90001,57.78222],[18.90008,57.78232],[18.90009,57.78242],[18.90008,57.78247],[18.90004,57.7825],[18.90004,57.7825],[18.89998,57.78247],[18.89984,57.78226],[18.89978,57.78219],[18.8997,57.78207],[18.89958,57.78193],[18.89954,57.78179],[18.89942,57.78152],[18.89936,57.78136],[18.89932,57.7813],[18.89932,57.7813],[18.89914,57.78122],[18.89905,57.78117],[18.89906,57.78106],[18.89915,57.78091],[18.89903,57.78051],[18.89903,57.78051],[18.89903,57.78051],[18.89883,57.78044],[18.89882,57.78021],[18.89872,57.77983],[18.89876,57.77974],[18.89876,57.77974],[18.89876,57.77974],[18.89869,57.7797],[18.89864,57.77967],[18.89857,57.77952],[18.89866,57.77934],[18.89877,57.77914],[18.89888,57.77892],[18.89899,57.77888],[18.89927,57.77892],[18.8995,57.77898],[18.89973,57.77899],[18.89973,57.77899],[18.90005,57.77888],[18.90029,57.7789],[18.90048,57.77907],[18.90062,57.77912],[18.90073,57.77927],[18.9006,57.77957],[18.90034,57.77958],[18.90034,57.77958],[18.90023,57.77964],[18.90023,57.77964],[18.90023,57.77964],[18.90036,57.7797],[18.90059,57.77987],[18.90059,57.77987],[18.90074,57.77988],[18.90074,57.77988],[18.90116,57.77974],[18.90131,57.77973],[18.90162,57.77984],[18.90165,57.78024],[18.90165,57.78033],[18.90165,57.78033],[18.90175,57.78037],[18.90196,57.7804],[18.90234,57.78053],[18.90234,57.78053],[18.90245,57.78052],[18.90245,57.78052],[18.90256,57.78036],[18.90271,57.78026],[18.90271,57.78026],[18.90272,57.78004],[18.90253,57.7799],[18.90252,57.7799],[18.9023,57.77992],[18.90192,57.77972],[18.90159,57.77929],[18.9014,57.77908],[18.90142,57.77902],[18.90189,57.77896],[18.90189,57.77896],[18.90189,57.77896],[18.90189,57.77896],[18.90185,57.77882],[18.902,57.77871],[18.90232,57.77868],[18.90254,57.77872],[18.90275,57.77871],[18.90275,57.77871],[18.90275,57.77871],[18.90277,57.77852],[18.90257,57.77829],[18.90205,57.77814],[18.90176,57.778],[18.90169,57.77778],[18.90147,57.77765],[18.90155,57.77756],[18.90155,57.77756],[18.90155,57.77756],[18.90134,57.77748],[18.90142,57.77739],[18.90563,57.7737],[18.90563,57.77369],[18.90563,57.77369],[18.90483,57.77303],[18.90483,57.77303],[18.90064,57.77238],[18.90048,57.77236],[18.90048,57.77236],[18.89838,57.77344],[18.8944,57.77386],[18.8944,57.77386],[18.8944,57.77386],[18.8944,57.77386],[18.8945,57.77417],[18.89449,57.77433],[18.89439,57.77465],[18.89439,57.77465],[18.89439,57.77465],[18.89453,57.77466],[18.89632,57.7745],[18.89657,57.77511],[18.89707,57.77599],[18.89817,57.77664],[18.89808,57.77759],[18.89808,57.77857],[18.89785,57.77921],[18.89806,57.78111],[18.8959,57.78069],[18.89499,57.77953],[18.89462,57.77822],[18.89379,57.77755],[18.89277,57.77662],[18.89191,57.77551],[18.89146,57.77492],[18.89145,57.77492],[18.89099,57.77491],[18.89006,57.77489],[18.88905,57.77487],[18.88796,57.77482],[18.88703,57.77475],[18.88703,57.77475],[18.88703,57.77475],[18.88695,57.77533],[18.88695,57.77533],[18.88736,57.77577],[18.88787,57.77622],[18.88849,57.77656],[18.8885,57.77688],[18.88694,57.77704],[18.88694,57.77704],[18.88694,57.77704],[18.887,57.77793],[18.887,57.77793],[18.887,57.77793],[18.88758,57.77793],[18.88789,57.77843]]]]},"properties":{"NVRID":"2050039","NAMN":"Träskvidar","SKYDDSTYP":"Naturreservat","LAN":"Gotlands Län","KOMMUN":"Gotland","IUCNKATEGORI":"Ia, Strikt naturreservat (Strict Nature Reserve)","FORVALTARE":"Länsstyrelsen i Gotlands län","AREA_HA":196.136,"URSPR_BESLUTSDATUM":"2018-10-22"}},{"type":"Feature","geometry":{"type":"Polygon","coordinates":[[[18.60761,57.56699],[18.60568,57.56707],[18.60539,57.56702],[18.60539,57.56702],[18.60452,57.56722],[18.60452,57.56722],[18.60419,57.56766],[18.60419,57.56766],[18.6049,57.5687],[18.60528,57.56924],[18.60528,57.56924],[18.60528,57.56924],[18.60528,57.56924],[18.6089,57.5684],[18.61184,57.56772],[18.61184,57.56772],[18.61184,57.56772],[18.61184,57.56772],[18.61102,57.56645],[18.61099,57.56641],[18.61043,57.56555],[18.61043,57.56555],[18.61043,57.56555],[18.61043,57.56555],[18.60965,57.56573],[18.60831,57.56603],[18.60761,57.56699]]]},"properties":{"NVRID":"2000458","NAMN":"Hörsne prästänge","SKYDDSTYP":"Naturreservat","LAN":"Gotlands Län","KOMMUN":"Gotland","IUCNKATEGORI":"Ia, Strikt naturreservat (Strict Nature Reserve)","FORVALTARE":"Länsstyrelsen i Gotlands län","AREA_HA":9.62,"URSPR_BESLUTSDATUM":""}},{"type":"Feature","geometry":{"type":"Polygon","coordinates":[[[18.48471,57.49529],[18.48463,57.4953],[18.48462,57.4953],[18.48462,57.4953],[18.4855,57.49693],[18.48618,57.49932],[18.4873,57.50015],[18.48948,57.50175],[18.48948,57.50175],[18.48948,57.50175],[18.49318,57.5015],[18.49318,57.5015],[18.49318,57.5015],[18.49385,57.50001],[18.49385,57.50001],[18.49385,57.50001],[18.4921,57.49979],[18.49194,57.49858],[18.49427,57.49799],[18.49427,57.49799],[18.49427,57.49799],[18.49305,57.49681],[18.49304,57.4967],[18.49279,57.4964],[18.49294,57.496],[18.49294,57.496],[18.49294,57.496],[18.49294,57.496],[18.49294,57.496],[18.49077,57.49596],[18.4897,57.49566],[18.48762,57.49467],[18.48595,57.49436],[18.48595,57.49436],[18.48476,57.49463],[18.48476,57.49463],[18.48476,57.49463],[18.48495,57.49499],[18.48457,57.49506],[18.48457,57.49506],[18.48457,57.49506],[18.48471,57.49529]]]},"properties":{"NVRID":"2000461","NAMN":"Klosteränge","SKYDDSTYP":"Naturreservat","LAN":"Gotlands Län","KOMMUN":"Gotland","IUCNKATEGORI":"Ia, Strikt naturreservat (Strict Nature Reserve)","FORVALTARE":"Länsstyrelsen i Gotlands län","AREA_HA":28.738,"URSPR_BESLUTSDATUM":""}},{"type":"Feature","geometry":{"type":"Polygon","coordinates":[[[18.42864,57.61043],[18.43033,57.61009],[18.43294,57.60986],[18.43408,57.60981],[18.43501,57.60966],[18.43501,57.60965],[18.43501,57.60965],[18.43363,57.60797],[18.43363,57.60797],[18.43363,57.60797],[18.43253,57.6083],[18.43164,57.60744],[18.43164,57.60744],[18.43163,57.60744],[18.42526,57.60934],[18.42526,57.60934],[18.42526,57.60934],[18.42526,57.60934],[18.42681,57.61067],[18.43108,57.61436],[18.43108,57.61436],[18.43108,57.61436],[18.43179,57.61424],[18.43302,57.61404],[18.43302,57.61404],[18.43302,57.61404],[18.43127,57.61161],[18.43126,57.61161],[18.43126,57.61161],[18.43078,57.61171],[18.42864,57.61043]]]},"properties":{"NVRID":"2000102","NAMN":"Allkvie änge","SKYDDSTYP":"Naturreservat","LAN":"Gotlands Län","KOMMUN":"Gotland","IUCNKATEGORI":"IV, Habitat/Artskyddsområde (Habitat/Species Management Area)","FORVALTARE":"Länsstyrelsen i Gotlands län","AREA_HA":17.736,"URSPR_BESLUTSDATUM":"1980-05-19"}},{"type":"Feature","geometry":{"type":"Polygon","coordinates":[[[18.80985,57.85104],[18.80985,57.85104],[18.80985,57.85104],[18.81038,57.85138],[18.81075,57.85192],[18.81134,57.85259],[18.81232,57.85344],[18.8131,57.85459],[18.8131,57.85459],[18.81339,57.85466],[18.81374,57.85476],[18.81393,57.85483],[18.81397,57.85484],[18.81397,57.85484],[18.81397,57.85484],[18.81397,57.85484],[18.81404,57.85474],[18.81416,57.85455],[18.81433,57.8544],[18.81472,57.85413],[18.81487,57.854],[18.81501,57.85382],[18.81518,57.85363],[18.81574,57.85307],[18.81595,57.85291],[18.81622,57.85276],[18.81669,57.85257],[18.81683,57.85248],[18.81689,57.85239],[18.81696,57.85206],[18.81696,57.85186],[18.81691,57.85168],[18.81682,57.85146],[18.81674,57.85129],[18.81664,57.85104],[18.8166,57.8506],[18.8166,57.8506],[18.8166,57.8506],[18.81586,57.85072],[18.81561,57.85025],[18.81561,57.85025],[18.81561,57.85025],[18.81262,57.85046],[18.81254,57.84976],[18.81254,57.84976],[18.81254,57.84976],[18.81254,57.84976],[18.81072,57.84987],[18.81072,57.84987],[18.81071,57.84987],[18.8102,57.85076],[18.80985,57.85104]]]},"properties":{"NVRID":"2000123","NAMN":"Vitärtskällan","SKYDDSTYP":"Naturreservat","LAN":"Gotlands Län","KOMMUN":"Gotland","IUCNKATEGORI":"IV, Habitat/Artskyddsområde (Habitat/Species Management Area)","FORVALTARE":"Länsstyrelsen i Gotlands län","AREA_HA":13.734,"URSPR_BESLUTSDATUM":"1996-02-13"}},{"type":"Feature","geometry":{"type":"Polygon","coordinates":[[[18.32176,57.14698],[18.3214,57.1472],[18.3214,57.1472],[18.3214,57.1472],[18.32285,57.1481],[18.32285,57.1481],[18.32285,57.1481],[18.32285,57.1481],[18.32507,57.14678],[18.32507,57.14677],[18.32507,57.14677],[18.32399,57.14627],[18.32292,57.14571],[18.32292,57.14571],[18.32292,57.14571],[18.32196,57.14625],[18.32196,57.14625],[18.32196,57.14625],[18.32222,57.14648],[18.32169,57.14679],[18.32169,57.14679],[18.32176,57.14698]]]},"properties":{"NVRID":"2000116","NAMN":"Västra märgelgraven","SKYDDSTYP":"Naturreservat","LAN":"Gotlands Län","KOMMUN":"Gotland","IUCNKATEGORI":"III, Naturmonument (Natural Monument)","FORVALTARE":"Länsstyrelsen i Gotlands län","AREA_HA":3.028,"URSPR_BESLUTSDATUM":"1953-09-02"}},{"type":"Feature","geometry":{"type":"Polygon","coordinates":[[[18.30578,57.28693],[18.30578,57.28724],[18.30578,57.28724],[18.30624,57.28736],[18.30662,57.28795],[18.30688,57.28827],[18.30688,57.28873],[18.30688,57.28873],[18.30688,57.28873],[18.30771,57.28889],[18.30772,57.28889],[18.30772,57.28889],[18.3075,57.28762],[18.31217,57.2885],[18.31218,57.2885],[18.31218,57.2885],[18.31195,57.28653],[18.31195,57.28653],[18.31195,57.28653],[18.306,57.28607],[18.306,57.28607],[18.306,57.28607],[18.30558,57.28688],[18.30558,57.28688],[18.30558,57.28688],[18.30578,57.28693]]]},"properties":{"NVRID":"2052362","NAMN":"Gerum prästänge","SKYDDSTYP":"Naturreservat","LAN":"Gotlands Län","KOMMUN":"Gotland","IUCNKATEGORI":"Ia, Strikt naturreservat (Strict Nature Reserve)","FORVALTARE":"Länsstyrelsen i Gotlands län","AREA_HA":7.484,"URSPR_BESLUTSDATUM":"2019-11-18"}},{"type":"Feature","geometry":{"type":"Polygon","coordinates":[[[18.72972,57.67057],[18.73414,57.66971],[18.73607,57.66881],[18.73607,57.66881],[18.73579,57.66728],[18.73439,57.66667],[18.73566,57.66595],[18.73856,57.66721],[18.73976,57.66825],[18.73976,57.66825],[18.73976,57.66825],[18.73976,57.66825],[18.74225,57.6675],[18.74225,57.6675],[18.74225,57.6675],[18.73878,57.66413],[18.73878,57.66413],[18.7339,57.66374],[18.73384,57.66375],[18.72941,57.6634],[18.72941,57.6634],[18.72941,57.6634],[18.72941,57.6634],[18.72802,57.67122],[18.72803,57.67122],[18.72803,57.67122],[18.72857,57.67126],[18.72857,57.67126],[18.72972,57.67057]]]},"properties":{"NVRID":"2054661","NAMN":"Västers myr","SKYDDSTYP":"Naturreservat","LAN":"Gotlands Län","KOMMUN":"Gotland","IUCNKATEGORI":"Ia, Strikt naturreservat (Strict Nature Reserve)","FORVALTARE":"Länsstyrelsen i Gotlands län","AREA_HA":39.735,"URSPR_BESLUTSDATUM":"2021-01-26"}},{"type":"Feature","geometry":{"type":"Polygon","coordinates":[[[18.32347,57.66062],[18.32276,57.66011],[18.32275,57.66011],[18.32275,57.66011],[18.32275,57.66011],[18.32184,57.66045],[18.32147,57.66058],[18.32147,57.66058],[18.32146,57.66058],[18.32146,57.66058],[18.32147,57.66058],[18.32153,57.6606],[18.32181,57.66071],[18.32204,57.66082],[18.32289,57.66135],[18.3234,57.66164],[18.32376,57.66184],[18.32404,57.66202],[18.32438,57.66227],[18.32525,57.66291],[18.32605,57.66349],[18.32655,57.66385],[18.32709,57.66426],[18.32726,57.6644],[18.3274,57.66454],[18.32765,57.6648],[18.32826,57.66541],[18.32857,57.66571],[18.32893,57.66599],[18.32893,57.66599],[18.32893,57.66599],[18.33023,57.66581],[18.33023,57.66581],[18.33023,57.66581],[18.32991,57.66551],[18.32957,57.66518],[18.32902,57.66464],[18.32823,57.66387],[18.32817,57.66382],[18.32789,57.66355],[18.32683,57.66253],[18.3267,57.6624],[18.32534,57.66171],[18.32494,57.66151],[18.32486,57.66147],[18.32416,57.66111],[18.32347,57.66062]]]},"properties":{"NVRID":"2000106","NAMN":"Bergbetningen","SKYDDSTYP":"Naturreservat","LAN":"Gotlands Län","KOMMUN":"Gotland","IUCNKATEGORI":"III, Naturmonument (Natural Monument)","FORVALTARE":"Länsstyrelsen i Gotlands län","AREA_HA":6.443,"URSPR_BESLUTSDATUM":"1995-03-27"}},{"type":"Feature","geometry":{"type":"Polygon","coordinates":[[[18.70813,57.40872],[18.70801,57.40896],[18.70784,57.40913],[18.70772,57.40928],[18.70763,57.40942],[18.70761,57.4095],[18.70762,57.40957],[18.70762,57.40967],[18.70761,57.40978],[18.70756,57.4099],[18.70745,57.41024],[18.70752,57.41056],[18.70754,57.41063],[18.70751,57.41077],[18.70753,57.41092],[18.70761,57.41111],[18.70763,57.41126],[18.70763,57.41139],[18.70762,57.41146],[18.70761,57.41172],[18.70763,57.41215],[18.70764,57.41239],[18.70766,57.41258],[18.70768,57.41271],[18.70768,57.41292],[18.70771,57.41308],[18.7078,57.41321],[18.70802,57.41344],[18.70813,57.41358],[18.7083,57.41383],[18.70838,57.41398],[18.70846,57.41403],[18.7086,57.41412],[18.70868,57.41418],[18.70878,57.41428],[18.70892,57.41455],[18.70918,57.41484],[18.70936,57.41503],[18.7096,57.41528],[18.71033,57.41597],[18.71103,57.41644],[18.71138,57.41688],[18.71231,57.41775],[18.71302,57.41807],[18.71364,57.41829],[18.71422,57.41863],[18.71521,57.41896],[18.7206,57.41814],[18.72074,57.41805],[18.72609,57.41502],[18.72728,57.41434],[18.72751,57.41421],[18.72751,57.41421],[18.72751,57.41421],[18.72732,57.41407],[18.72727,57.41309],[18.72748,57.4127],[18.72753,57.41271],[18.72768,57.41273],[18.72777,57.41274],[18.72786,57.41274],[18.72794,57.41273],[18.728,57.41273],[18.72811,57.41269],[18.72816,57.41268],[18.72844,57.41268],[18.72862,57.41268],[18.72875,57.41267],[18.72885,57.41265],[18.72949,57.41307],[18.7295,57.41307],[18.7295,57.41307],[18.7295,57.41307],[18.72952,57.41305],[18.72981,57.41295],[18.73024,57.41283],[18.73063,57.41269],[18.73133,57.41248],[18.73155,57.4124],[18.73182,57.41226],[18.73192,57.41221],[18.73201,57.41215],[18.73209,57.41209],[18.73216,57.41202],[18.73228,57.41187],[18.73235,57.4118],[18.73249,57.4117],[18.73261,57.41154],[18.73263,57.41113],[18.73262,57.41106],[18.7326,57.41099],[18.73256,57.41091],[18.73244,57.41078],[18.73235,57.41068],[18.7321,57.41046],[18.73193,57.4103],[18.7318,57.41013],[18.73176,57.41004],[18.73169,57.40973],[18.73165,57.40965],[18.73154,57.40949],[18.7315,57.40944],[18.73148,57.40936],[18.73147,57.40929],[18.73149,57.40921],[18.73162,57.4088],[18.73175,57.40856],[18.73177,57.40849],[18.73177,57.40849],[18.73033,57.4077],[18.72862,57.40676],[18.7284,57.40673],[18.7279,57.40669],[18.72758,57.40663],[18.72733,57.4066],[18.72656,57.40653],[18.72619,57.40651],[18.72587,57.40651],[18.72555,57.40655],[18.72524,57.4066],[18.72509,57.4066],[18.72477,57.4067],[18.72423,57.40688],[18.72392,57.40656],[18.72392,57.40656],[18.72392,57.40655],[18.71262,57.40536],[18.71261,57.40537],[18.70956,57.40698],[18.70897,57.40734],[18.70876,57.40786],[18.70787,57.40864],[18.70787,57.40864],[18.70787,57.40864],[18.70813,57.40872]]]},"properties":{"NVRID":"2000101","NAMN":"Torsburgen","SKYDDSTYP":"Naturreservat","LAN":"Gotlands Län","KOMMUN":"Gotland","IUCNKATEGORI":"Ia, Strikt naturreservat (Strict Nature Reserve)","FORVALTARE":"Länsstyrelsen i Gotlands län","AREA_HA":157.871,"URSPR_BESLUTSDATUM":"1994-01-24"}},{"type":"Feature","geometry":{"type":"Polygon","coordinates":[[[18.28172,57.35632],[18.2817,57.35638],[18.2817,57.35638],[18.2817,57.35638],[18.28202,57.35642],[18.28334,57.35655],[18.2874,57.357],[18.28916,57.35721],[18.29376,57.35772],[18.29729,57.3581],[18.2973,57.3581],[18.2973,57.3581],[18.29732,57.35804],[18.29805,57.35812],[18.30079,57.35844],[18.30385,57.35877],[18.30917,57.35934],[18.30917,57.35934],[18.30917,57.35934],[18.30917,57.35934],[18.30903,57.35867],[18.30887,57.35793],[18.30887,57.3576],[18.30883,57.35703],[18.30895,57.35675],[18.30907,57.35653],[18.30912,57.35618],[18.30905,57.35579],[18.30911,57.3555],[18.30925,57.35513],[18.30929,57.35423],[18.30947,57.35361],[18.30952,57.35365],[18.30952,57.35365],[18.30952,57.35365],[18.30952,57.35365],[18.30952,57.35365],[18.30953,57.35357],[18.30955,57.35335],[18.30957,57.35327],[18.3096,57.35315],[18.30962,57.35309],[18.30966,57.35302],[18.30989,57.35272],[18.31008,57.35248],[18.31016,57.35236],[18.31025,57.35218],[18.31032,57.35206],[18.31037,57.352],[18.31042,57.35194],[18.31048,57.35189],[18.31072,57.3517],[18.31122,57.35129],[18.31133,57.35119],[18.31142,57.35111],[18.3115,57.35103],[18.31154,57.35096],[18.31163,57.35081],[18.31167,57.3507],[18.31176,57.35054],[18.31186,57.35038],[18.31198,57.35018],[18.31203,57.3501],[18.31208,57.34999],[18.31224,57.34961],[18.31246,57.3491],[18.31253,57.34894],[18.31276,57.34853],[18.31287,57.34835],[18.31308,57.34808],[18.31317,57.34795],[18.31317,57.34795],[18.31317,57.34795],[18.31317,57.34795],[18.297,57.34688],[18.29699,57.34688],[18.28654,57.34623],[18.28654,57.34623],[18.28654,57.34623],[18.28654,57.34623],[18.28653,57.34626],[18.28497,57.34792],[18.28394,57.34886],[18.28394,57.34886],[18.28465,57.34948],[18.28424,57.34985],[18.28424,57.34985],[18.28424,57.34985],[18.28424,57.34985],[18.28526,57.35018],[18.28253,57.35266],[18.28237,57.35269],[18.28237,57.35269],[18.28158,57.3534],[18.28158,57.3534],[18.28158,57.3534],[18.28277,57.35352],[18.28172,57.35632]]]},"properties":{"NVRID":"2000103","NAMN":"Hajdes storhage","SKYDDSTYP":"Naturreservat","LAN":"Gotlands Län","KOMMUN":"Gotland","IUCNKATEGORI":"IV, Habitat/Artskyddsområde (Habitat/Species Management Area)","FORVALTARE":"Länsstyrelsen i Gotlands län","AREA_HA":198.337,"URSPR_BESLUTSDATUM":"1991-04-29"}},{"type":"Feature","geometry":{"type":"Polygon","coordinates":[[[18.88243,57.43822],[18.88243,57.43822],[18.88243,57.43822],[18.88243,57.43822],[18.88485,57.44271],[18.88437,57.44306],[18.88437,57.44307],[18.88437,57.44307],[18.88505,57.44344],[18.88445,57.44381],[18.88418,57.44395],[18.88418,57.44395],[18.88418,57.44395],[18.88421,57.44396],[18.88433,57.44398],[18.8845,57.444],[18.88488,57.4441],[18.88499,57.44416],[18.88501,57.44423],[18.88505,57.44426],[18.88513,57.44427],[18.88523,57.4443],[18.88538,57.44434],[18.88565,57.44442],[18.88574,57.44446],[18.88575,57.44447],[18.88575,57.44447],[18.88608,57.44456],[18.88612,57.44457],[18.88614,57.44459],[18.88616,57.44461],[18.88617,57.44462],[18.88623,57.44465],[18.8863,57.44467],[18.88639,57.44469],[18.88668,57.44474],[18.88739,57.44482],[18.88751,57.44485],[18.88791,57.44487],[18.88808,57.4449],[18.88858,57.44491],[18.88892,57.44492],[18.88908,57.44491],[18.88921,57.44488],[18.88984,57.44474],[18.88986,57.44474],[18.88998,57.44472],[18.89007,57.4447],[18.8903,57.44464],[18.89057,57.44457],[18.89099,57.44452],[18.89136,57.44449],[18.89152,57.44447],[18.89163,57.44446],[18.89178,57.44444],[18.89188,57.44442],[18.89221,57.44436],[18.89245,57.44425],[18.89267,57.44414],[18.89281,57.44409],[18.89287,57.44406],[18.89296,57.44403],[18.89302,57.44403],[18.89312,57.44404],[18.89312,57.44404],[18.89313,57.44402],[18.89313,57.44402],[18.89313,57.444],[18.89312,57.44397],[18.89313,57.44389],[18.89326,57.44379],[18.89334,57.44372],[18.89336,57.44367],[18.89341,57.44358],[18.89358,57.44335],[18.89364,57.44328],[18.8937,57.44312],[18.89373,57.443],[18.89382,57.44273],[18.89386,57.44261],[18.89392,57.44238],[18.89394,57.44217],[18.894,57.44203],[18.8941,57.4419],[18.89427,57.44174],[18.89453,57.44155],[18.8946,57.44151],[18.89473,57.44144],[18.89483,57.44139],[18.89492,57.44136],[18.89508,57.4413],[18.89513,57.4413],[18.89542,57.4413],[18.89542,57.4413],[18.89549,57.44127],[18.89554,57.44122],[18.89559,57.44114],[18.89563,57.44107],[18.89579,57.44085],[18.89582,57.44076],[18.89583,57.44062],[18.89579,57.44043],[18.89565,57.44009],[18.89567,57.44003],[18.89571,57.43993],[18.89591,57.4395],[18.89598,57.43935],[18.89601,57.43923],[18.89603,57.43909],[18.89605,57.43903],[18.8961,57.43894],[18.89612,57.43862],[18.89618,57.43839],[18.89618,57.43833],[18.89616,57.43819],[18.89614,57.43807],[18.89621,57.43798],[18.89655,57.43775],[18.89672,57.43769],[18.89699,57.43766],[18.89737,57.43765],[18.89747,57.43765],[18.8977,57.43765],[18.89799,57.43769],[18.89815,57.43772],[18.89826,57.43775],[18.89838,57.43781],[18.89849,57.43789],[18.8985,57.4379],[18.89853,57.43792],[18.89854,57.43794],[18.89856,57.43796],[18.89859,57.438],[18.89866,57.43808],[18.89877,57.43815],[18.89877,57.43815],[18.89877,57.43815],[18.89881,57.43814],[18.89881,57.43814],[18.89882,57.43812],[18.89882,57.43812],[18.89878,57.43804],[18.8987,57.43791],[18.89866,57.43784],[18.89874,57.4378],[18.89882,57.43777],[18.89885,57.43772],[18.89875,57.43752],[18.89869,57.43742],[18.89868,57.43735],[18.89869,57.43729],[18.8987,57.43723],[18.89871,57.43691],[18.89865,57.43678],[18.89862,57.43673],[18.89862,57.43672],[18.8986,57.4367],[18.89859,57.43667],[18.89855,57.43657],[18.89846,57.43641],[18.89845,57.43637],[18.89843,57.43634],[18.89838,57.43625],[18.89833,57.43611],[18.89839,57.43587],[18.89843,57.4358],[18.89852,57.4357],[18.89858,57.43567],[18.89871,57.43561],[18.89877,57.43557],[18.89895,57.43541],[18.89928,57.43515],[18.89943,57.43509],[18.8996,57.43504],[18.89989,57.43495],[18.90009,57.43485],[18.90021,57.43476],[18.90059,57.43448],[18.90069,57.43442],[18.90072,57.43438],[18.90079,57.43427],[18.90083,57.43424],[18.90088,57.43419],[18.90093,57.43412],[18.90102,57.43399],[18.90105,57.43391],[18.90118,57.43352],[18.90122,57.43328],[18.90124,57.43322],[18.9013,57.43292],[18.90132,57.43274],[18.90133,57.43265],[18.90137,57.43249],[18.90137,57.43246],[18.90138,57.4324],[18.90139,57.43236],[18.9014,57.43231],[18.90145,57.43221],[18.90149,57.43216],[18.90176,57.43174],[18.9018,57.43168],[18.90198,57.43142],[18.90225,57.43103],[18.9023,57.43097],[18.90235,57.4309],[18.90242,57.43083],[18.90287,57.43049],[18.90345,57.43017],[18.90359,57.43009],[18.90363,57.43006],[18.90367,57.43005],[18.90374,57.43002],[18.90392,57.42992],[18.90405,57.42988],[18.90412,57.42986],[18.90412,57.42986],[18.90412,57.42986],[18.90346,57.42915],[18.90342,57.42911],[18.90553,57.42805],[18.90553,57.42805],[18.90553,57.42805],[18.90553,57.42805],[18.90038,57.42576],[18.90274,57.42305],[18.90274,57.42305],[18.90274,57.42305],[18.90273,57.42305],[18.90207,57.42305],[18.90171,57.42304],[18.90143,57.42302],[18.90015,57.42292],[18.89974,57.42288],[18.89928,57.42281],[18.89879,57.4227],[18.89825,57.42253],[18.89777,57.42232],[18.89737,57.4221],[18.89716,57.42194],[18.89636,57.42131],[18.89598,57.42105],[18.89554,57.4208],[18.89511,57.42061],[18.89462,57.42044],[18.89411,57.42031],[18.89364,57.42021],[18.8931,57.42013],[18.89256,57.42009],[18.892,57.42007],[18.89149,57.42009],[18.89092,57.42014],[18.89047,57.4202],[18.89002,57.42028],[18.88938,57.42041],[18.88881,57.42051],[18.88825,57.42057],[18.88748,57.4206],[18.8869,57.42058],[18.88632,57.42053],[18.88578,57.42044],[18.88529,57.42032],[18.88509,57.42027],[18.88478,57.42017],[18.88436,57.42001],[18.88394,57.41982],[18.88394,57.41982],[18.88394,57.41982],[18.88394,57.41982],[18.88394,57.41982],[18.88345,57.42067],[18.88198,57.42047],[18.88198,57.42047],[18.88198,57.42047],[18.88159,57.42123],[18.88129,57.42143],[18.88094,57.42173],[18.88094,57.42173],[18.88094,57.42173],[18.88094,57.42173],[18.88181,57.42179],[18.88165,57.42283],[18.88156,57.42343],[18.88115,57.42342],[18.88115,57.42342],[18.88115,57.42342],[18.88148,57.42418],[18.88166,57.42438],[18.88166,57.42438],[18.88184,57.42446],[18.88208,57.42444],[18.88228,57.42464],[18.88266,57.42488],[18.88293,57.4251],[18.88315,57.42529],[18.88315,57.42529],[18.88405,57.42532],[18.88401,57.42553],[18.88399,57.42573],[18.8841,57.42605],[18.88337,57.42609],[18.88337,57.42609],[18.88337,57.4261],[18.88342,57.42628],[18.8834,57.42642],[18.88344,57.42666],[18.88347,57.42685],[18.88366,57.42711],[18.88382,57.42736],[18.88417,57.42786],[18.88417,57.42796],[18.88419,57.4281],[18.88424,57.42823],[18.88411,57.42842],[18.88411,57.42843],[18.88411,57.42843],[18.88426,57.42856],[18.88428,57.42862],[18.88425,57.42865],[18.88425,57.42865],[18.88434,57.42889],[18.88432,57.42899],[18.88435,57.42921],[18.88428,57.42946],[18.88428,57.42946],[18.88431,57.42948],[18.8843,57.42971],[18.88436,57.4301],[18.88446,57.43036],[18.88429,57.43045],[18.88429,57.43045],[18.88427,57.43078],[18.88425,57.43089],[18.88419,57.43093],[18.88411,57.431],[18.88415,57.43126],[18.88419,57.43132],[18.88415,57.43141],[18.88413,57.43155],[18.88413,57.43155],[18.88424,57.43159],[18.88432,57.43174],[18.88427,57.4323],[18.88423,57.43287],[18.88419,57.43328],[18.8842,57.43357],[18.88423,57.43371],[18.88424,57.43382],[18.88425,57.43392],[18.88426,57.43401],[18.88426,57.43415],[18.88422,57.43424],[18.88416,57.43436],[18.88409,57.43451],[18.88416,57.43474],[18.88422,57.43495],[18.88399,57.43507],[18.88399,57.43507],[18.88419,57.43527],[18.88424,57.43536],[18.88444,57.43564],[18.88459,57.43592],[18.88466,57.43612],[18.88467,57.43619],[18.88456,57.4362],[18.88456,57.4362],[18.88456,57.4362],[18.88456,57.4362],[18.88467,57.43643],[18.88489,57.43688],[18.88494,57.43706],[18.88493,57.43718],[18.88488,57.43747],[18.88481,57.43777],[18.88478,57.43804],[18.88243,57.43822]],[[18.89381,57.43548],[18.8941,57.43509],[18.89413,57.43504],[18.89453,57.43474],[18.8955,57.43491],[18.89553,57.43494],[18.89555,57.43497],[18.89549,57.43499],[18.8954,57.43506],[18.89539,57.4351],[18.89535,57.43517],[18.89525,57.43523],[18.89521,57.43528],[18.89518,57.43528],[18.89517,57.43528],[18.89506,57.43535],[18.89497,57.4354],[18.89494,57.43543],[18.89485,57.43551],[18.89486,57.43556],[18.89481,57.43558],[18.89474,57.4356],[18.89468,57.43564],[18.89464,57.43568],[18.89456,57.4357],[18.89456,57.4357],[18.89456,57.43574],[18.89447,57.43577],[18.89398,57.43567],[18.8939,57.43563],[18.89385,57.43559],[18.89382,57.43552],[18.89381,57.43548]]]},"properties":{"NVRID":"2013401","NAMN":"Grogarnsberget","SKYDDSTYP":"Naturreservat","LAN":"Gotlands Län","KOMMUN":"Gotland","IUCNKATEGORI":"IV, Habitat/Artskyddsområde (Habitat/Species Management Area)","FORVALTARE":"Länsstyrelsen i Gotlands län","AREA_HA":251.549,"URSPR_BESLUTSDATUM":"2007-11-05"}},{"type":"Feature","geometry":{"type":"Polygon","coordinates":[[[18.67236,57.63637],[18.67328,57.63505],[18.67461,57.63474],[18.67611,57.63508],[18.67611,57.63508],[18.67611,57.63508],[18.67611,57.63508],[18.67592,57.63304],[18.67589,57.63282],[18.67589,57.63282],[18.67589,57.63282],[18.66731,57.63237],[18.66487,57.63223],[18.6614,57.6326],[18.6614,57.6326],[18.6614,57.6326],[18.66237,57.63655],[18.66286,57.63863],[18.66286,57.63863],[18.66286,57.63863],[18.66477,57.63861],[18.67114,57.6382],[18.67328,57.63807],[18.67328,57.63807],[18.67328,57.63806],[18.67236,57.63637]]]},"properties":{"NVRID":"2060141","NAMN":"Brajdgatskogen","SKYDDSTYP":"Naturreservat","LAN":"Gotlands Län","KOMMUN":"Gotland","IUCNKATEGORI":"Ia, Strikt naturreservat (Strict Nature Reserve)","FORVALTARE":"Länsstyrelsen i Gotlands län","AREA_HA":47.23,"URSPR_BESLUTSDATUM":"2023-03-14"}},{"type":"Feature","geometry":{"type":"Polygon","coordinates":[[[18.7845,57.57037],[18.77704,57.56954],[18.77704,57.56954],[18.77704,57.56954],[18.77704,57.56954],[18.77673,57.57282],[18.77673,57.57282],[18.77673,57.57282],[18.78708,57.57395],[18.78708,57.57395],[18.78708,57.57395],[18.78708,57.57395],[18.78708,57.57395],[18.7857,57.572],[18.7845,57.57037],[18.7845,57.57037]]]},"properties":{"NVRID":"2052002","NAMN":"Hinser","SKYDDSTYP":"Naturreservat","LAN":"Gotlands Län","KOMMUN":"Gotland","IUCNKATEGORI":"Ia, Strikt naturreservat (Strict Nature Reserve)","FORVALTARE":"Länsstyrelsen i Gotlands län","AREA_HA":19.684,"URSPR_BESLUTSDATUM":"2019-09-09"}},{"type":"Feature","geometry":{"type":"Polygon","coordinates":[[[18.61309,57.36978],[18.61309,57.36978],[18.61309,57.36978],[18.61701,57.37013],[18.61712,57.37013],[18.61775,57.37019],[18.61775,57.37019],[18.61775,57.37019],[18.6195,57.36375],[18.6195,57.36375],[18.6195,57.36375],[18.61871,57.36369],[18.61494,57.36344],[18.61494,57.36344],[18.61494,57.36344],[18.61401,57.36665],[18.61309,57.36978]]]},"properties":{"NVRID":"2014395","NAMN":"Guffride","SKYDDSTYP":"Naturreservat","LAN":"Gotlands Län","KOMMUN":"Gotland","IUCNKATEGORI":"Ia, Strikt naturreservat (Strict Nature Reserve)","FORVALTARE":"Länsstyrelsen i Gotlands län","AREA_HA":20.189,"URSPR_BESLUTSDATUM":"2008-12-08"}},{"type":"Feature","geometry":{"type":"Polygon","coordinates":[[[18.19531,57.34955],[18.19371,57.34955],[18.19371,57.34955],[18.19371,57.34955],[18.19413,57.35023],[18.19459,57.35066],[18.19488,57.35112],[18.19532,57.35182],[18.19573,57.35254],[18.19675,57.35316],[18.19706,57.35363],[18.19694,57.35418],[18.19743,57.35468],[18.19743,57.35469],[18.19743,57.35469],[18.19856,57.35426],[18.19856,57.35426],[18.19856,57.35426],[18.19778,57.35312],[18.19706,57.3521],[18.19667,57.35149],[18.19646,57.35113],[18.19633,57.35103],[18.19618,57.35094],[18.19598,57.35082],[18.19593,57.35075],[18.19591,57.35069],[18.19586,57.35053],[18.1958,57.3504],[18.19571,57.35026],[18.19557,57.35004],[18.19544,57.34974],[18.19531,57.34955],[18.19531,57.34955]]]},"properties":{"NVRID":"2000127","NAMN":"Mulde","SKYDDSTYP":"Naturreservat","LAN":"Gotlands Län","KOMMUN":"Gotland","IUCNKATEGORI":"IV, Habitat/Artskyddsområde (Habitat/Species Management Area)","FORVALTARE":"Länsstyrelsen i Gotlands län","AREA_HA":4.76,"URSPR_BESLUTSDATUM":"1976-10-25"}},{"type":"Feature","geometry":{"type":"Polygon","coordinates":[[[18.91157,57.71374],[18.91145,57.71361],[18.91145,57.71361],[18.91138,57.71359],[18.91133,57.71359],[18.91109,57.71362],[18.91096,57.71361],[18.91082,57.71361],[18.91072,57.71362],[18.91047,57.71368],[18.91035,57.71368],[18.91025,57.71369],[18.91019,57.71372],[18.91013,57.71379],[18.91009,57.71387],[18.91004,57.71396],[18.90991,57.71404],[18.90977,57.71408],[18.90957,57.71413],[18.90952,57.71416],[18.90944,57.71421],[18.90916,57.71433],[18.90897,57.7144],[18.90883,57.71447],[18.90863,57.71455],[18.90853,57.71457],[18.90841,57.7146],[18.90835,57.71463],[18.90827,57.71466],[18.90814,57.71469],[18.90789,57.71473],[18.90788,57.71473],[18.90788,57.71473],[18.90785,57.71588],[18.90783,57.71687],[18.90802,57.71736],[18.90802,57.71736],[18.91226,57.71825],[18.91226,57.71825],[18.91235,57.7182],[18.91246,57.71809],[18.91252,57.71798],[18.91254,57.71788],[18.91258,57.7178],[18.91265,57.71777],[18.91267,57.71775],[18.91269,57.71758],[18.91265,57.71743],[18.91264,57.7173],[18.91261,57.71718],[18.91252,57.717],[18.91248,57.7169],[18.91251,57.71684],[18.91255,57.7168],[18.91257,57.71675],[18.91253,57.71664],[18.91253,57.71654],[18.91249,57.71644],[18.91235,57.71633],[18.91231,57.71623],[18.91236,57.71618],[18.91241,57.71617],[18.91252,57.71615],[18.91256,57.71611],[18.91255,57.71602],[18.91254,57.71591],[18.9125,57.71573],[18.9125,57.71564],[18.91249,57.71556],[18.91244,57.71547],[18.9124,57.71538],[18.91236,57.71527],[18.91232,57.71515],[18.91226,57.71507],[18.9122,57.71503],[18.91216,57.71494],[18.91213,57.71486],[18.91212,57.71485],[18.91205,57.71473],[18.91202,57.71467],[18.91191,57.71459],[18.91187,57.71456],[18.91188,57.71448],[18.91186,57.7144],[18.91187,57.71432],[18.91184,57.71427],[18.9118,57.71418],[18.91174,57.714],[18.91167,57.71392],[18.91157,57.7138],[18.91157,57.71374]]]},"properties":{"NVRID":"2000425","NAMN":"S:t Olofsholm","SKYDDSTYP":"Naturreservat","LAN":"Gotlands Län","KOMMUN":"Gotland","IUCNKATEGORI":"III, Naturmonument (Natural Monument)","FORVALTARE":"Länsstyrelsen i Gotlands län","AREA_HA":11.152,"URSPR_BESLUTSDATUM":"1931-09-22"}},{"type":"Feature","geometry":{"type":"Polygon","coordinates":[[[18.62904,57.35554],[18.63092,57.34993],[18.63092,57.34993],[18.63092,57.34993],[18.63092,57.34993],[18.62322,57.35047],[18.62322,57.35047],[18.62322,57.35047],[18.62168,57.35609],[18.61978,57.36313],[18.61978,57.36313],[18.61978,57.36313],[18.62625,57.36371],[18.62625,57.36371],[18.62625,57.36371],[18.62904,57.35554]]]},"properties":{"NVRID":"2052182","NAMN":"Smaulmyrar","SKYDDSTYP":"Naturreservat","LAN":"Gotlands Län","KOMMUN":"Gotland","IUCNKATEGORI":"Ia, Strikt naturreservat (Strict Nature Reserve)","FORVALTARE":"Länsstyrelsen i Gotlands län","AREA_HA":63.015,"URSPR_BESLUTSDATUM":"2019-10-23"}},{"type":"Feature","geometry":{"type":"Polygon","coordinates":[[[18.80534,57.37341],[18.80534,57.37341],[18.80534,57.37341],[18.80717,57.37628],[18.80717,57.37628],[18.80717,57.37628],[18.80717,57.37628],[18.80725,57.37626],[18.8076,57.37679],[18.80751,57.37682],[18.80751,57.37682],[18.80751,57.37682],[18.80779,57.37727],[18.80866,57.37873],[18.80913,57.37959],[18.80913,57.37959],[18.80913,57.37959],[18.80913,57.37959],[18.81393,57.37877],[18.8125,57.37999],[18.81329,57.38145],[18.81329,57.38145],[18.81762,57.38324],[18.81867,57.38367],[18.81988,57.38416],[18.824,57.38464],[18.8241,57.38465],[18.8242,57.38466],[18.82653,57.38493],[18.8275,57.38504],[18.82923,57.38524],[18.82923,57.38524],[18.82923,57.38524],[18.82923,57.38524],[18.82924,57.38398],[18.82924,57.38398],[18.82924,57.38398],[18.82924,57.38398],[18.82685,57.38426],[18.82418,57.3834],[18.82423,57.38257],[18.82423,57.38257],[18.82423,57.38257],[18.82397,57.38252],[18.82362,57.38246],[18.82351,57.38242],[18.82334,57.38235],[18.82287,57.3822],[18.8224,57.38207],[18.82213,57.38202],[18.8217,57.38196],[18.82096,57.38177],[18.82077,57.38174],[18.82021,57.3816],[18.81968,57.38144],[18.8195,57.38137],[18.81924,57.38126],[18.81886,57.38115],[18.81842,57.38101],[18.81812,57.3809],[18.81769,57.38072],[18.81761,57.38067],[18.8174,57.38053],[18.8172,57.38042],[18.81709,57.38035],[18.81697,57.38025],[18.81676,57.38008],[18.81668,57.38002],[18.81658,57.37989],[18.81654,57.37981],[18.81655,57.37974],[18.81659,57.37966],[18.81663,57.37962],[18.81672,57.37959],[18.81679,57.37955],[18.81683,57.37952],[18.81696,57.37939],[18.81705,57.37934],[18.81705,57.37934],[18.81706,57.37929],[18.81702,57.37923],[18.81691,57.37909],[18.81685,57.37901],[18.81682,57.37895],[18.81676,57.37875],[18.81679,57.37866],[18.81682,57.37859],[18.81688,57.37855],[18.81702,57.37845],[18.8171,57.37838],[18.81713,57.37833],[18.81712,57.3783],[18.81704,57.37822],[18.81692,57.37809],[18.81689,57.37802],[18.81678,57.37788],[18.81672,57.37783],[18.81665,57.3778],[18.81649,57.37772],[18.81646,57.37768],[18.81637,57.37747],[18.81643,57.37724],[18.81643,57.37724],[18.81643,57.37724],[18.81643,57.37724],[18.81643,57.37724],[18.81598,57.37742],[18.81329,57.37548],[18.81284,57.37494],[18.81037,57.3722],[18.80679,57.37076],[18.80679,57.37076],[18.80615,57.371],[18.80615,57.37101],[18.80615,57.37101],[18.80691,57.3728],[18.80534,57.37341]]]},"properties":{"NVRID":"2000118","NAMN":"Danbo","SKYDDSTYP":"Naturreservat","LAN":"Gotlands Län","KOMMUN":"Gotland","IUCNKATEGORI":"IV, Habitat/Artskyddsområde (Habitat/Species Management Area)","FORVALTARE":"Länsstyrelsen i Gotlands län","AREA_HA":57.304,"URSPR_BESLUTSDATUM":"1957-09-17"}},{"type":"Feature","geometry":{"type":"MultiPolygon","coordinates":[[[[18.42602,57.30497],[18.42602,57.30497],[18.42602,57.30497],[18.42602,57.30497],[18.42603,57.30497],[18.42826,57.30533],[18.42827,57.30533],[18.42827,57.30533],[18.42827,57.30533],[18.42752,57.30418],[18.42752,57.30418],[18.42752,57.30418],[18.42752,57.30418],[18.42752,57.30418],[18.42602,57.30497]]],[[[18.42621,57.30207],[18.42621,57.30207],[18.42755,57.30415],[18.42834,57.30534],[18.42834,57.30534],[18.43137,57.30583],[18.43137,57.30583],[18.43137,57.30583],[18.43299,57.30403],[18.433,57.30403],[18.43299,57.30403],[18.42679,57.30164],[18.42679,57.30164],[18.42679,57.30164],[18.42621,57.30207]]]]},"properties":{"NVRID":"2048145","NAMN":"Maldes","SKYDDSTYP":"Naturreservat","LAN":"Gotlands Län","KOMMUN":"Gotland","IUCNKATEGORI":"Ia, Strikt naturreservat (Strict Nature Reserve)","FORVALTARE":"Länsstyrelsen i Gotlands län","AREA_HA":10.314,"URSPR_BESLUTSDATUM":"2017-11-13"}},{"type":"Feature","geometry":{"type":"Polygon","coordinates":[[[18.67927,57.65021],[18.67761,57.65019],[18.6765,57.65045],[18.67564,57.65064],[18.67471,57.65089],[18.67406,57.65115],[18.67371,57.6513],[18.67341,57.65144],[18.67313,57.65156],[18.67255,57.65179],[18.67147,57.65217],[18.66998,57.65273],[18.66924,57.65298],[18.66855,57.6532],[18.66797,57.65341],[18.66782,57.65348],[18.66743,57.65373],[18.66706,57.65403],[18.66653,57.65441],[18.66605,57.65479],[18.66578,57.65499],[18.66529,57.65531],[18.66506,57.65548],[18.66474,57.65576],[18.66428,57.6561],[18.66428,57.6561],[18.66428,57.6561],[18.66429,57.6561],[18.66517,57.65625],[18.66587,57.65636],[18.66657,57.65648],[18.66709,57.65642],[18.66862,57.65644],[18.66949,57.65664],[18.67165,57.65716],[18.67333,57.65754],[18.67433,57.65773],[18.67784,57.65821],[18.67885,57.65833],[18.68079,57.65861],[18.68204,57.65889],[18.6835,57.65929],[18.68443,57.65945],[18.68546,57.65958],[18.68666,57.66004],[18.6879,57.66058],[18.69233,57.66254],[18.69569,57.66404],[18.69646,57.66446],[18.70134,57.66733],[18.70134,57.66733],[18.70437,57.66719],[18.70568,57.6693],[18.70568,57.6693],[18.70634,57.66951],[18.70765,57.66988],[18.70878,57.67014],[18.7096,57.67029],[18.71039,57.67044],[18.71148,57.6706],[18.71225,57.6707],[18.71253,57.67073],[18.71281,57.67076],[18.71354,57.67082],[18.71354,57.67082],[18.71354,57.67082],[18.71384,57.67028],[18.71385,57.67022],[18.71406,57.66982],[18.71406,57.66982],[18.71406,57.66981],[18.71274,57.66964],[18.70993,57.66782],[18.71008,57.66738],[18.71237,57.66693],[18.71237,57.66693],[18.71237,57.66693],[18.71266,57.66554],[18.71331,57.66556],[18.71331,57.66556],[18.71332,57.66556],[18.71335,57.66534],[18.71335,57.66492],[18.71335,57.66466],[18.7133,57.66433],[18.71315,57.66393],[18.713,57.66363],[18.71289,57.66333],[18.71289,57.66333],[18.71289,57.66333],[18.7061,57.66364],[18.70458,57.66319],[18.70397,57.66293],[18.70331,57.66228],[18.70331,57.66228],[18.70331,57.66228],[18.70061,57.66247],[18.69949,57.66158],[18.69823,57.66058],[18.69502,57.65803],[18.69444,57.65758],[18.69293,57.655],[18.70426,57.6596],[18.70426,57.6596],[18.70427,57.6596],[18.70677,57.65814],[18.70677,57.65814],[18.70669,57.65757],[18.70669,57.65757],[18.70297,57.65551],[18.70049,57.65143],[18.69458,57.64996],[18.69458,57.64996],[18.69001,57.64999],[18.68655,57.65127],[18.68533,57.65078],[18.68368,57.64993],[18.68248,57.64916],[18.68248,57.64916],[18.68248,57.64915],[18.68203,57.6492],[18.67927,57.65021]]]},"properties":{"NVRID":"2048220","NAMN":"Bälsalvret","SKYDDSTYP":"Naturreservat","LAN":"Gotlands Län","KOMMUN":"Gotland","IUCNKATEGORI":"Ia, Strikt naturreservat (Strict Nature Reserve)","FORVALTARE":"Länsstyrelsen i Gotlands län","AREA_HA":258.422,"URSPR_BESLUTSDATUM":"2017-12-04"}},{"type":"Feature","geometry":{"type":"Polygon","coordinates":[[[19.10032,57.85777],[19.10032,57.85777],[19.10032,57.85777],[19.10032,57.85777],[19.10032,57.85777],[19.10571,57.85861],[19.11247,57.85966],[19.11792,57.85881],[19.1202,57.85847],[19.12389,57.85794],[19.12816,57.85729],[19.12816,57.85729],[19.12816,57.85729],[19.12816,57.85729],[19.12811,57.85725],[19.12807,57.85722],[19.12804,57.85716],[19.12796,57.85702],[19.12792,57.85677],[19.12795,57.85672],[19.128,57.85668],[19.12807,57.85664],[19.1281,57.85663],[19.12814,57.85661],[19.12831,57.85662],[19.12845,57.85663],[19.1286,57.85661],[19.12864,57.85659],[19.12866,57.85658],[19.12869,57.85658],[19.12871,57.85656],[19.12871,57.85656],[19.12871,57.85656],[19.12865,57.85652],[19.12862,57.8565],[19.12866,57.85646],[19.12871,57.85645],[19.12878,57.85643],[19.12883,57.8564],[19.12887,57.85635],[19.12885,57.85631],[19.12876,57.85622],[19.12874,57.85618],[19.12874,57.85607],[19.12873,57.85598],[19.12883,57.85567],[19.12889,57.8556],[19.12901,57.85554],[19.12916,57.8555],[19.12926,57.85548],[19.12926,57.85548],[19.12932,57.85543],[19.12941,57.85531],[19.12941,57.8552],[19.12941,57.85514],[19.12945,57.85502],[19.12947,57.85499],[19.12948,57.85493],[19.12949,57.85478],[19.1295,57.85473],[19.12954,57.85461],[19.12951,57.85454],[19.12943,57.85444],[19.1294,57.8544],[19.1294,57.85437],[19.1294,57.85431],[19.12933,57.85419],[19.12929,57.8541],[19.12928,57.85404],[19.12931,57.85398],[19.12937,57.85392],[19.12947,57.85388],[19.12953,57.85386],[19.12953,57.85386],[19.12953,57.85372],[19.12953,57.85367],[19.12958,57.85357],[19.12963,57.85354],[19.12967,57.85352],[19.12977,57.85346],[19.12989,57.85337],[19.12995,57.85331],[19.13001,57.85328],[19.13004,57.85327],[19.13013,57.85328],[19.1302,57.85329],[19.1302,57.85329],[19.13035,57.85322],[19.13048,57.85308],[19.13052,57.85303],[19.13064,57.85283],[19.13066,57.85281],[19.1308,57.85274],[19.13082,57.85267],[19.13085,57.85262],[19.1309,57.85254],[19.13101,57.8524],[19.13109,57.85234],[19.13117,57.85229],[19.1313,57.85219],[19.13136,57.85211],[19.13141,57.85202],[19.13141,57.85195],[19.13132,57.85187],[19.13128,57.85182],[19.13135,57.85153],[19.13139,57.85146],[19.13133,57.85119],[19.13113,57.85077],[19.13108,57.85068],[19.13106,57.85058],[19.13105,57.85052],[19.13102,57.8504],[19.13102,57.8502],[19.13103,57.85017],[19.13106,57.85015],[19.13106,57.85015],[19.131,57.85006],[19.13086,57.84977],[19.13084,57.8497],[19.13085,57.8496],[19.13083,57.84957],[19.13076,57.84953],[19.1307,57.84948],[19.13057,57.84931],[19.1303,57.84898],[19.13021,57.84888],[19.13012,57.84881],[19.13002,57.84874],[19.12997,57.84867],[19.12987,57.8485],[19.12982,57.8484],[19.12977,57.84829],[19.12971,57.84821],[19.1296,57.84811],[19.12954,57.84803],[19.12949,57.84794],[19.1293,57.84764],[19.12922,57.84756],[19.12916,57.84749],[19.12906,57.84739],[19.12863,57.84701],[19.12845,57.84685],[19.12833,57.84674],[19.12811,57.84648],[19.12803,57.84638],[19.12799,57.84633],[19.12795,57.84626],[19.12792,57.84606],[19.1278,57.84585],[19.12773,57.84576],[19.12768,57.84568],[19.12754,57.84552],[19.12748,57.84544],[19.12744,57.84539],[19.12738,57.84532],[19.12728,57.84517],[19.12725,57.84513],[19.12724,57.84512],[19.12714,57.84501],[19.12708,57.84494],[19.12698,57.84479],[19.12692,57.84462],[19.1269,57.84455],[19.12676,57.84425],[19.12667,57.84408],[19.12653,57.84389],[19.12646,57.84377],[19.12624,57.84345],[19.12618,57.84336],[19.12613,57.84325],[19.12605,57.84311],[19.12598,57.84289],[19.12594,57.84282],[19.1259,57.84275],[19.12582,57.84262],[19.12567,57.8424],[19.12555,57.84228],[19.12549,57.84221],[19.12543,57.84212],[19.1254,57.84206],[19.12518,57.84188],[19.125,57.84173],[19.12455,57.84139],[19.12449,57.84134],[19.12444,57.84126],[19.12436,57.84119],[19.1243,57.84115],[19.1242,57.84106],[19.12415,57.84102],[19.12399,57.84095],[19.12387,57.8409],[19.1238,57.84088],[19.12362,57.84081],[19.1235,57.84075],[19.12332,57.84071],[19.12315,57.84069],[19.12304,57.84069],[19.12253,57.84073],[19.12232,57.84076],[19.12224,57.84079],[19.12224,57.84079],[19.12216,57.84087],[19.1221,57.84096],[19.12207,57.84111],[19.12206,57.84117],[19.12198,57.84136],[19.12191,57.84151],[19.12185,57.84166],[19.12184,57.84211],[19.12184,57.84218],[19.12182,57.84232],[19.12176,57.84246],[19.12157,57.84268],[19.12153,57.84272],[19.1215,57.84275],[19.12143,57.84282],[19.12139,57.84286],[19.12134,57.84293],[19.12112,57.84311],[19.12062,57.84338],[19.12057,57.84343],[19.12052,57.84346],[19.12032,57.84354],[19.12028,57.84358],[19.12029,57.84361],[19.12028,57.84363],[19.12017,57.84373],[19.12001,57.8439],[19.12,57.84396],[19.12004,57.84426],[19.12007,57.8444],[19.12008,57.84444],[19.12004,57.84452],[19.11997,57.84478],[19.11993,57.84494],[19.1199,57.84507],[19.11987,57.84515],[19.11984,57.84526],[19.1198,57.84538],[19.11979,57.84542],[19.1194,57.84581],[19.11902,57.84621],[19.11888,57.84637],[19.11881,57.84645],[19.11872,57.84651],[19.11863,57.84656],[19.11854,57.84661],[19.11847,57.84666],[19.11834,57.84678],[19.11815,57.84692],[19.11805,57.84699],[19.11752,57.84734],[19.11733,57.84745],[19.11724,57.8475],[19.11715,57.84755],[19.11711,57.84759],[19.11706,57.84765],[19.1167,57.84782],[19.11642,57.84797],[19.11633,57.84801],[19.11623,57.84805],[19.11608,57.8481],[19.11582,57.84818],[19.11566,57.84821],[19.11548,57.84826],[19.1151,57.84835],[19.1144,57.84849],[19.11404,57.84856],[19.11393,57.84857],[19.11381,57.84858],[19.11353,57.84858],[19.11322,57.84858],[19.1129,57.84858],[19.11265,57.84858],[19.1121,57.84857],[19.11148,57.8486],[19.11074,57.84864],[19.11048,57.84867],[19.11034,57.84871],[19.1102,57.84877],[19.10973,57.84893],[19.10964,57.84896],[19.10944,57.84902],[19.10929,57.84908],[19.10925,57.8491],[19.10915,57.84918],[19.10907,57.84925],[19.10873,57.84936],[19.10848,57.84951],[19.10837,57.84957],[19.10831,57.84961],[19.10818,57.84971],[19.10809,57.8498],[19.10793,57.84996],[19.10767,57.85003],[19.10718,57.85016],[19.10682,57.85032],[19.10674,57.85035],[19.1066,57.85043],[19.10643,57.85049],[19.1063,57.85053],[19.10614,57.85058],[19.10567,57.85078],[19.10542,57.85089],[19.10532,57.85093],[19.10509,57.85103],[19.105,57.85114],[19.10495,57.85119],[19.10474,57.8513],[19.10445,57.85142],[19.10429,57.8515],[19.10417,57.85155],[19.10402,57.85158],[19.10394,57.85159],[19.10389,57.85159],[19.10384,57.85158],[19.10384,57.85158],[19.10379,57.85159],[19.10372,57.85163],[19.10356,57.85166],[19.10324,57.85172],[19.10308,57.85174],[19.10295,57.85175],[19.10285,57.85176],[19.10262,57.85177],[19.1025,57.8518],[19.10239,57.85183],[19.10216,57.85188],[19.10196,57.85197],[19.10189,57.85206],[19.10188,57.85214],[19.10187,57.85225],[19.1018,57.85236],[19.10174,57.85241],[19.10162,57.85245],[19.10156,57.85249],[19.10151,57.85255],[19.10138,57.85275],[19.10133,57.8528],[19.10126,57.85284],[19.10123,57.85288],[19.10121,57.85292],[19.10106,57.85299],[19.10096,57.85306],[19.10093,57.85314],[19.10093,57.8532],[19.10101,57.8533],[19.10107,57.85336],[19.10142,57.85363],[19.10149,57.85366],[19.10157,57.85369],[19.1018,57.8538],[19.10192,57.85389],[19.10199,57.854],[19.10205,57.85414],[19.10207,57.85419],[19.10208,57.85422],[19.10205,57.85429],[19.10206,57.85438],[19.10211,57.85446],[19.10217,57.85459],[19.10222,57.8547],[19.10224,57.8548],[19.10226,57.85499],[19.10227,57.85511],[19.10228,57.85523],[19.10228,57.8553],[19.10225,57.85554],[19.10224,57.85559],[19.10221,57.85564],[19.10214,57.85569],[19.10202,57.85588],[19.10198,57.85592],[19.10195,57.85595],[19.10195,57.85597],[19.10195,57.85597],[19.10195,57.85597],[19.10205,57.856],[19.10212,57.85602],[19.10224,57.8561],[19.10226,57.85613],[19.10228,57.85623],[19.10227,57.85631],[19.10224,57.8564],[19.10225,57.85642],[19.10226,57.85647],[19.10211,57.85676],[19.10201,57.85688],[19.10187,57.857],[19.10152,57.85722],[19.10143,57.85726],[19.10132,57.85729],[19.10118,57.85734],[19.10101,57.85745],[19.10084,57.85763],[19.10075,57.85768],[19.10064,57.8577],[19.10049,57.8577],[19.1004,57.85772],[19.10032,57.85777]]]},"properties":{"NVRID":"2014655","NAMN":"Ryssnäs","SKYDDSTYP":"Naturreservat","LAN":"Gotlands Län","KOMMUN":"Gotland","IUCNKATEGORI":"Ia, Strikt naturreservat (Strict Nature Reserve)","FORVALTARE":"Länsstyrelsen i Gotlands län","AREA_HA":212.869,"URSPR_BESLUTSDATUM":"2009-04-23"}},{"type":"Feature","geometry":{"type":"Polygon","coordinates":[[[18.77058,57.55852],[18.76993,57.55853],[18.76936,57.55851],[18.76903,57.55857],[18.76897,57.5586],[18.76858,57.55896],[18.76807,57.55932],[18.76773,57.55971],[18.76773,57.55971],[18.76886,57.56094],[18.76977,57.56192],[18.77051,57.56272],[18.7719,57.56424],[18.77431,57.56686],[18.77982,57.56876],[18.78085,57.56998],[18.78085,57.56998],[18.7845,57.57037],[18.7857,57.572],[18.78698,57.57377],[18.78698,57.57377],[18.78702,57.57377],[18.78726,57.57381],[18.78753,57.57384],[18.78781,57.57387],[18.78801,57.57388],[18.78833,57.57386],[18.78865,57.57384],[18.78898,57.57381],[18.78927,57.57379],[18.78962,57.57378],[18.78994,57.57379],[18.78996,57.57379],[18.78996,57.57379],[18.78996,57.57379],[18.79039,57.57261],[18.79096,57.57106],[18.79096,57.57106],[18.79096,57.57106],[18.78972,57.57092],[18.7868,57.56558],[18.78348,57.55951],[18.78347,57.55951],[18.78347,57.55951],[18.78228,57.55971],[18.77558,57.55697],[18.77558,57.55697],[18.77558,57.55697],[18.77523,57.55709],[18.77416,57.55736],[18.77288,57.55792],[18.7726,57.55803],[18.77239,57.55806],[18.77196,57.55808],[18.77132,57.55818],[18.77106,57.55831],[18.77058,57.55852]]]},"properties":{"NVRID":"2000112","NAMN":"Storsund","SKYDDSTYP":"Naturreservat","LAN":"Gotlands Län","KOMMUN":"Gotland","IUCNKATEGORI":"Ia, Strikt naturreservat (Strict Nature Reserve)","FORVALTARE":"Länsstyrelsen i Gotlands län","AREA_HA":116.721,"URSPR_BESLUTSDATUM":"1974-12-17"}},{"type":"Feature","geometry":{"type":"MultiPolygon","coordinates":[[[[18.2731,57.61695],[18.27299,57.617],[18.27289,57.61705],[18.27271,57.61714],[18.2726,57.6172],[18.27259,57.6172],[18.27234,57.61732],[18.27223,57.61736],[18.27219,57.61737],[18.27214,57.61739],[18.27205,57.6174],[18.27192,57.61742],[18.27178,57.61743],[18.27153,57.61745],[18.27143,57.61745],[18.2714,57.61745],[18.27136,57.61745],[18.2713,57.61746],[18.27118,57.61747],[18.27118,57.61747],[18.27118,57.61747],[18.27118,57.61747],[18.2722,57.61791],[18.27247,57.61803],[18.27271,57.61815],[18.27293,57.61825],[18.27319,57.61838],[18.27321,57.61839],[18.2734,57.61846],[18.27353,57.61852],[18.27354,57.61852],[18.27354,57.61852],[18.27399,57.61829],[18.27483,57.61785],[18.27483,57.61785],[18.27483,57.61785],[18.27483,57.61785],[18.27482,57.61784],[18.2748,57.61783],[18.27479,57.61782],[18.27474,57.6178],[18.27478,57.61778],[18.27478,57.61778],[18.27478,57.61778],[18.2731,57.61695],[18.2731,57.61695],[18.2731,57.61695]]],[[[18.24822,57.61129],[18.24806,57.61135],[18.24779,57.61138],[18.24578,57.61211],[18.24433,57.61263],[18.24433,57.61263],[18.24433,57.61264],[18.24463,57.61283],[18.24522,57.61317],[18.24561,57.61339],[18.24598,57.61357],[18.24629,57.61372],[18.24683,57.61399],[18.24737,57.61417],[18.24774,57.61429],[18.24824,57.61451],[18.25017,57.61536],[18.25028,57.61541],[18.25041,57.61545],[18.25083,57.61553],[18.25095,57.61557],[18.25101,57.61564],[18.25162,57.61597],[18.25219,57.61608],[18.2523,57.61609],[18.25241,57.61614],[18.25271,57.61623],[18.25276,57.61625],[18.25284,57.61629],[18.25303,57.61636],[18.25306,57.61638],[18.25326,57.61645],[18.2533,57.61646],[18.25331,57.61646],[18.25338,57.61651],[18.25345,57.61655],[18.25383,57.61671],[18.25404,57.61677],[18.25414,57.61679],[18.25442,57.61683],[18.25442,57.61683],[18.2545,57.61685],[18.25458,57.61687],[18.25482,57.61693],[18.25492,57.61698],[18.25504,57.61702],[18.25514,57.61706],[18.25519,57.61707],[18.25529,57.61711],[18.25586,57.6172],[18.25592,57.61721],[18.2564,57.61747],[18.25654,57.61751],[18.25684,57.61759],[18.25717,57.61765],[18.25722,57.61766],[18.2573,57.61769],[18.25746,57.61776],[18.2575,57.61778],[18.25773,57.61789],[18.25776,57.61791],[18.25782,57.61795],[18.25787,57.618],[18.25806,57.61816],[18.25811,57.61821],[18.25813,57.61823],[18.25817,57.61827],[18.2583,57.61838],[18.25856,57.61856],[18.25882,57.61876],[18.25884,57.61878],[18.25899,57.61888],[18.25921,57.61908],[18.25924,57.61911],[18.25939,57.61923],[18.25943,57.61926],[18.25981,57.61963],[18.25989,57.61969],[18.25998,57.61976],[18.26001,57.61979],[18.26013,57.61989],[18.26019,57.61994],[18.26029,57.62001],[18.26052,57.62023],[18.26064,57.62033],[18.26073,57.62039],[18.26082,57.62045],[18.26091,57.6205],[18.26139,57.62081],[18.2615,57.62089],[18.26155,57.62093],[18.2617,57.62102],[18.26185,57.62111],[18.26225,57.62131],[18.26236,57.62136],[18.2625,57.62142],[18.2626,57.62147],[18.26278,57.6216],[18.26284,57.62165],[18.26293,57.6217],[18.26299,57.62174],[18.2634,57.62198],[18.26357,57.62207],[18.2638,57.62221],[18.26388,57.62227],[18.26394,57.62231],[18.26414,57.62243],[18.26424,57.62249],[18.26436,57.62256],[18.26442,57.6226],[18.26498,57.62292],[18.26508,57.62298],[18.26519,57.62303],[18.2653,57.62333],[18.26535,57.62338],[18.26542,57.62346],[18.26549,57.6235],[18.26549,57.6235],[18.26549,57.6235],[18.2669,57.62302],[18.26711,57.62297],[18.26874,57.62338],[18.26945,57.62353],[18.27264,57.62421],[18.27281,57.62423],[18.27281,57.62423],[18.27281,57.62423],[18.2731,57.62384],[18.27329,57.62367],[18.2736,57.62346],[18.2738,57.62335],[18.2738,57.62335],[18.2738,57.62335],[18.2738,57.62335],[18.27345,57.62313],[18.27323,57.62299],[18.27469,57.62228],[18.27489,57.62241],[18.27489,57.62241],[18.27489,57.62241],[18.27526,57.6221],[18.27537,57.62189],[18.27539,57.62175],[18.27541,57.62161],[18.27542,57.62146],[18.27544,57.62113],[18.27548,57.62102],[18.27562,57.62092],[18.27572,57.62087],[18.27572,57.62087],[18.27572,57.62087],[18.27547,57.62064],[18.2754,57.62057],[18.2753,57.62047],[18.2748,57.62002],[18.27463,57.61986],[18.27449,57.61974],[18.27449,57.61974],[18.27449,57.61974],[18.27443,57.61977],[18.27383,57.62003],[18.27308,57.61975],[18.27171,57.61951],[18.27043,57.61915],[18.27012,57.61903],[18.26926,57.61864],[18.26908,57.61851],[18.27047,57.61757],[18.27047,57.61757],[18.27047,57.61757],[18.26932,57.61707],[18.26932,57.61707],[18.26932,57.61707],[18.26744,57.61626],[18.2672,57.61616],[18.26712,57.61612],[18.26612,57.61569],[18.26561,57.61547],[18.2653,57.61534],[18.26514,57.61526],[18.26505,57.61523],[18.26477,57.61511],[18.26463,57.61508],[18.26451,57.61505],[18.26402,57.61483],[18.26397,57.61479],[18.26393,57.61475],[18.26388,57.61471],[18.2637,57.61462],[18.26346,57.6145],[18.26312,57.61432],[18.26278,57.61412],[18.26257,57.61399],[18.26241,57.61389],[18.26223,57.61377],[18.26195,57.61359],[18.26173,57.61343],[18.26156,57.61331],[18.26137,57.61316],[18.26111,57.61295],[18.26076,57.61265],[18.26062,57.61251],[18.26055,57.61244],[18.26043,57.61231],[18.26023,57.61209],[18.26006,57.61189],[18.25991,57.6117],[18.2598,57.61156],[18.25963,57.6113],[18.25954,57.61116],[18.25945,57.61101],[18.25928,57.6107],[18.25907,57.61031],[18.25896,57.6101],[18.25884,57.60988],[18.25869,57.60965],[18.2586,57.60953],[18.25856,57.60945],[18.25849,57.60936],[18.25844,57.60928],[18.25839,57.60922],[18.25825,57.60906],[18.2582,57.60899],[18.25816,57.60894],[18.25816,57.60894],[18.25815,57.60894],[18.25809,57.60895],[18.25797,57.60897],[18.25788,57.60899],[18.25774,57.609],[18.25755,57.60899],[18.25737,57.60897],[18.25722,57.60894],[18.25707,57.60892],[18.25695,57.60892],[18.25683,57.60893],[18.25671,57.60896],[18.25659,57.60901],[18.25642,57.60909],[18.25625,57.60917],[18.25594,57.60933],[18.25585,57.60937],[18.2555,57.60955],[18.25523,57.60969],[18.2549,57.60983],[18.25456,57.60995],[18.25417,57.61005],[18.25379,57.61012],[18.25338,57.61018],[18.25297,57.61021],[18.25254,57.61022],[18.25213,57.6102],[18.2517,57.61016],[18.2513,57.6101],[18.2513,57.6101],[18.24945,57.61077],[18.24824,57.61121],[18.24824,57.61121],[18.24822,57.61129]]]]},"properties":{"NVRID":"2042626","NAMN":"Södra hällarna","SKYDDSTYP":"Naturreservat","LAN":"Gotlands Län","KOMMUN":"Gotland","IUCNKATEGORI":"III, Naturmonument (Natural Monument)","FORVALTARE":"Region Gotland","AREA_HA":120.905,"URSPR_BESLUTSDATUM":"2013-02-25"}},{"type":"Feature","geometry":{"type":"MultiPolygon","coordinates":[[[[18.68822,57.33436],[18.68822,57.33436],[18.68822,57.33436],[18.69131,57.33444],[18.69132,57.33444],[18.69132,57.33444],[18.69117,57.33417],[18.69116,57.33417],[18.69116,57.33417],[18.6882,57.33408],[18.68819,57.33408],[18.68819,57.33408],[18.68822,57.33436]]],[[[18.69004,57.33227],[18.69004,57.33227],[18.69004,57.33227],[18.68933,57.3323],[18.68894,57.33237],[18.68854,57.33234],[18.68806,57.33232],[18.68806,57.33232],[18.68806,57.33232],[18.68805,57.33232],[18.68818,57.33382],[18.68818,57.33382],[18.68818,57.33382],[18.68818,57.33382],[18.691,57.3339],[18.691,57.3339],[18.691,57.3339],[18.691,57.3339],[18.691,57.3339],[18.69034,57.33278],[18.69004,57.33227]]]]},"properties":{"NVRID":"2065903","NAMN":"Ljugarnskogen","SKYDDSTYP":"Naturreservat","LAN":"Gotlands Län","KOMMUN":"Gotland","IUCNKATEGORI":"Ia, Strikt naturreservat (Strict Nature Reserve)","FORVALTARE":"Länsstyrelsen i Gotlands län","AREA_HA":3.044,"URSPR_BESLUTSDATUM":"2025-06-05"}},{"type":"Feature","geometry":{"type":"Polygon","coordinates":[[[19.02618,57.84037],[19.02704,57.84005],[19.02704,57.84005],[19.02714,57.83982],[19.02792,57.83964],[19.02965,57.84059],[19.02963,57.84106],[19.02844,57.84245],[19.02844,57.84246],[19.02844,57.84246],[19.02982,57.84271],[19.02982,57.84271],[19.02982,57.84271],[19.03164,57.8413],[19.03412,57.84159],[19.03412,57.84159],[19.03412,57.84159],[19.03819,57.83575],[19.0388,57.83486],[19.0388,57.83486],[19.0388,57.83486],[19.03511,57.83332],[19.03511,57.83332],[19.03511,57.83332],[19.02412,57.83852],[19.02412,57.83852],[19.02412,57.83852],[19.02501,57.84005],[19.02561,57.84112],[19.02562,57.84112],[19.02562,57.84112],[19.02562,57.84112],[19.02562,57.84112],[19.02618,57.84037]]]},"properties":{"NVRID":"2059301","NAMN":"Hamrar","SKYDDSTYP":"Naturreservat","LAN":"Gotlands Län","KOMMUN":"Gotland","IUCNKATEGORI":"Ia, Strikt naturreservat (Strict Nature Reserve)","FORVALTARE":"Länsstyrelsen i Gotlands län","AREA_HA":44.611,"URSPR_BESLUTSDATUM":"2022-12-14"}},{"type":"Feature","geometry":{"type":"Polygon","coordinates":[[[18.98646,57.79781],[18.98688,57.79743],[18.98729,57.79751],[18.9873,57.79751],[18.9873,57.79751],[18.98741,57.79736],[18.98745,57.7973],[18.98762,57.79704],[18.98772,57.79686],[18.98772,57.79686],[18.98772,57.79686],[18.9868,57.79676],[18.98697,57.79639],[18.98711,57.79585],[18.98808,57.79592],[18.98808,57.79592],[18.98808,57.79592],[18.98848,57.79465],[18.98857,57.7943],[18.98858,57.79417],[18.98856,57.79414],[18.9885,57.79408],[18.98849,57.794],[18.98858,57.79393],[18.98859,57.79392],[18.98861,57.79341],[18.98864,57.79298],[18.98862,57.79241],[18.98852,57.79186],[18.98852,57.79186],[18.98852,57.79186],[18.98707,57.7919],[18.98707,57.7919],[18.98707,57.7919],[18.9871,57.79268],[18.98706,57.79358],[18.98702,57.79418],[18.98687,57.79495],[18.98654,57.79574],[18.98643,57.79624],[18.98614,57.79664],[18.98572,57.7971],[18.98515,57.79749],[18.98373,57.79826],[18.98373,57.79826],[18.98373,57.79826],[18.98442,57.79872],[18.98442,57.79872],[18.98442,57.79872],[18.98498,57.79855],[18.98575,57.79821],[18.98639,57.79785],[18.98646,57.79781]]]},"properties":{"NVRID":"2000421","NAMN":"Lergravsviken","SKYDDSTYP":"Naturreservat","LAN":"Gotlands Län","KOMMUN":"Gotland","IUCNKATEGORI":"III, Naturmonument (Natural Monument)","FORVALTARE":"Länsstyrelsen i Gotlands län","AREA_HA":6.594,"URSPR_BESLUTSDATUM":"1930-12-31"}},{"type":"Feature","geometry":{"type":"Polygon","coordinates":[[[18.6786,57.5466],[18.6763,57.54847],[18.6763,57.54847],[18.67925,57.55177],[18.67925,57.55177],[18.68278,57.5524],[18.68278,57.5524],[18.68278,57.5524],[18.68744,57.54988],[18.68744,57.54988],[18.68744,57.54988],[18.68469,57.5465],[18.68469,57.5465],[18.68469,57.5465],[18.68469,57.5465],[18.68255,57.54705],[18.67982,57.54717],[18.6786,57.5466],[18.6786,57.5466],[18.6786,57.5466],[18.6786,57.5466]]]},"properties":{"NVRID":"2002769","NAMN":"Gothem Suderbys","SKYDDSTYP":"Naturreservat","LAN":"Gotlands Län","KOMMUN":"Gotland","IUCNKATEGORI":"Ia, Strikt naturreservat (Strict Nature Reserve)","FORVALTARE":"Länsstyrelsen i Gotlands län","AREA_HA":28.222,"URSPR_BESLUTSDATUM":"2007-12-19"}},{"type":"Feature","geometry":{"type":"Polygon","coordinates":[[[18.62619,57.82168],[18.62573,57.82128],[18.62573,57.82128],[18.62573,57.82128],[18.62544,57.82137],[18.62497,57.82161],[18.62472,57.82176],[18.62452,57.8219],[18.62411,57.82214],[18.62363,57.82237],[18.62308,57.82259],[18.62246,57.82286],[18.62228,57.82294],[18.62122,57.82345],[18.6207,57.82379],[18.62038,57.82409],[18.61981,57.82486],[18.61951,57.82517],[18.61936,57.8253],[18.61904,57.82567],[18.6189,57.82581],[18.61879,57.8259],[18.61869,57.82595],[18.61819,57.82619],[18.61778,57.82635],[18.61747,57.82644],[18.61708,57.82659],[18.61694,57.82663],[18.61694,57.82663],[18.61694,57.82663],[18.61694,57.82664],[18.62198,57.82979],[18.62565,57.83209],[18.62565,57.8321],[18.62565,57.83209],[18.62569,57.83206],[18.62573,57.83201],[18.62574,57.83198],[18.62573,57.83192],[18.6257,57.83185],[18.62567,57.83179],[18.62565,57.83173],[18.62565,57.83162],[18.62566,57.83157],[18.62568,57.83152],[18.62571,57.83149],[18.62575,57.83147],[18.62578,57.83146],[18.62589,57.83143],[18.626,57.8314],[18.62607,57.83137],[18.62617,57.83134],[18.62632,57.83132],[18.62639,57.83129],[18.62644,57.83124],[18.62647,57.83119],[18.62649,57.83112],[18.62655,57.83105],[18.62682,57.83089],[18.62714,57.83072],[18.62747,57.83054],[18.62765,57.83045],[18.62783,57.83037],[18.62792,57.83033],[18.62817,57.83024],[18.62838,57.83015],[18.62871,57.82999],[18.62894,57.82987],[18.62903,57.82982],[18.62911,57.82979],[18.62938,57.82968],[18.62949,57.82965],[18.62979,57.82957],[18.62993,57.82952],[18.63009,57.82946],[18.63017,57.82943],[18.63023,57.82939],[18.63029,57.82935],[18.63039,57.82931],[18.63051,57.82926],[18.63074,57.82919],[18.63086,57.82916],[18.63127,57.82907],[18.63138,57.82903],[18.63162,57.82891],[18.63174,57.82886],[18.63208,57.82875],[18.63218,57.82871],[18.63232,57.82865],[18.63241,57.82862],[18.63252,57.82858],[18.63284,57.82851],[18.63295,57.82847],[18.63302,57.82842],[18.63309,57.82838],[18.63324,57.82825],[18.63328,57.8282],[18.63336,57.82809],[18.63337,57.82807],[18.63338,57.82801],[18.63336,57.82796],[18.63335,57.8279],[18.63898,57.83103],[18.63898,57.83103],[18.63898,57.83103],[18.64411,57.8286],[18.64506,57.82814],[18.64506,57.82814],[18.64505,57.82582],[18.64505,57.82581],[18.64372,57.82525],[18.64035,57.82382],[18.63841,57.823],[18.63566,57.82183],[18.63331,57.82083],[18.63079,57.81976],[18.63079,57.81976],[18.63079,57.81976],[18.63022,57.81996],[18.62991,57.82007],[18.62966,57.82016],[18.62953,57.82021],[18.62908,57.82036],[18.62896,57.82041],[18.6289,57.82043],[18.62883,57.82048],[18.62874,57.82055],[18.62867,57.82064],[18.62862,57.82074],[18.62859,57.82081],[18.62851,57.82085],[18.62841,57.82088],[18.62827,57.8209],[18.62819,57.82093],[18.62809,57.82097],[18.62799,57.82101],[18.62784,57.82103],[18.62784,57.82103],[18.62784,57.82103],[18.62791,57.82109],[18.62619,57.82168]]]},"properties":{"NVRID":"2052442","NAMN":"Hajdhagen","SKYDDSTYP":"Naturreservat","LAN":"Gotlands Län","KOMMUN":"Gotland","IUCNKATEGORI":"Ia, Strikt naturreservat (Strict Nature Reserve)","FORVALTARE":"Länsstyrelsen i Gotlands län","AREA_HA":126.364,"URSPR_BESLUTSDATUM":"2019-12-09"}},{"type":"Feature","geometry":{"type":"Polygon","coordinates":[[[18.19698,57.18895],[18.1874,57.18665],[18.1874,57.18665],[18.1874,57.18665],[18.1874,57.18665],[18.18138,57.19392],[18.18138,57.19392],[18.18138,57.19392],[18.18138,57.19392],[18.1974,57.19749],[18.1974,57.19749],[18.1974,57.19749],[18.19904,57.19526],[18.20701,57.19706],[18.20701,57.19706],[18.20701,57.19706],[18.20701,57.19706],[18.21072,57.19225],[18.21072,57.19225],[18.21071,57.19225],[18.2081,57.19162],[18.21143,57.18752],[18.21143,57.18752],[18.21143,57.18752],[18.21142,57.18752],[18.20031,57.18485],[18.20031,57.18485],[18.20031,57.18485],[18.20031,57.18485],[18.19698,57.18895]]]},"properties":{"NVRID":"2000448","NAMN":"Haugajnar","SKYDDSTYP":"Naturreservat","LAN":"Gotlands Län","KOMMUN":"Gotland","IUCNKATEGORI":"0, Områden som ej kan klassificeras enligt IUCN: s system.","FORVALTARE":"Länsstyrelsen i Gotlands län","AREA_HA":157.404,"URSPR_BESLUTSDATUM":"2002-11-13"}},{"type":"Feature","geometry":{"type":"Polygon","coordinates":[[[18.78402,57.43852],[18.77862,57.43822],[18.77862,57.43822],[18.77862,57.43822],[18.77685,57.44087],[18.77685,57.44088],[18.77685,57.44088],[18.77685,57.44088],[18.78121,57.44184],[18.78291,57.44221],[18.7946,57.44471],[18.79666,57.44516],[18.79666,57.44516],[18.79666,57.44515],[18.79777,57.44359],[18.79972,57.44097],[18.80197,57.44147],[18.80198,57.44147],[18.80198,57.44146],[18.80198,57.44146],[18.8016,57.43818],[18.80143,57.4368],[18.80129,57.43553],[18.80105,57.43332],[18.80299,57.42825],[18.80299,57.42825],[18.80299,57.42825],[18.80298,57.42825],[18.80185,57.42808],[18.80056,57.42786],[18.79849,57.42752],[18.79716,57.4273],[18.79524,57.42699],[18.79378,57.42675],[18.79243,57.42657],[18.79142,57.42645],[18.79042,57.42635],[18.78942,57.42627],[18.78839,57.4262],[18.78762,57.42616],[18.78762,57.42616],[18.78762,57.42616],[18.78762,57.42617],[18.78527,57.43413],[18.78527,57.43413],[18.78527,57.43413],[18.79126,57.43463],[18.79097,57.43598],[18.79041,57.43887],[18.78404,57.43845],[18.78404,57.43845],[18.78404,57.43845],[18.78402,57.43852]]]},"properties":{"NVRID":"2000104","NAMN":"Uppstaig","SKYDDSTYP":"Naturreservat","LAN":"Gotlands Län","KOMMUN":"Gotland","IUCNKATEGORI":"Ia, Strikt naturreservat (Strict Nature Reserve)","FORVALTARE":"Länsstyrelsen i Gotlands län","AREA_HA":177.894,"URSPR_BESLUTSDATUM":"1995-09-27"}},{"type":"Feature","geometry":{"type":"Polygon","coordinates":[[[18.88892,57.72866],[18.88892,57.72866],[18.88892,57.72866],[18.8892,57.72882],[18.8892,57.72882],[18.8892,57.72882],[18.88973,57.72844],[18.89101,57.72893],[18.891,57.72896],[18.89102,57.72902],[18.89106,57.72907],[18.89116,57.72919],[18.89125,57.72934],[18.89134,57.72946],[18.89142,57.72953],[18.89157,57.72964],[18.89167,57.72973],[18.89184,57.72995],[18.89193,57.73004],[18.89205,57.7301],[18.89228,57.73018],[18.89234,57.7302],[18.89239,57.7302],[18.89246,57.7302],[18.89252,57.73019],[18.89258,57.73016],[18.89294,57.72997],[18.89306,57.72993],[18.89314,57.72992],[18.89322,57.72993],[18.89328,57.72995],[18.89332,57.72998],[18.89333,57.72999],[18.89338,57.73035],[18.89339,57.73069],[18.89343,57.73128],[18.8934,57.73138],[18.89335,57.73147],[18.89335,57.73147],[18.89335,57.73147],[18.89497,57.73188],[18.89554,57.73206],[18.89504,57.73249],[18.89476,57.73274],[18.89476,57.73274],[18.89476,57.73274],[18.89513,57.73283],[18.89546,57.73294],[18.89583,57.73309],[18.89634,57.73326],[18.89648,57.7333],[18.8968,57.73336],[18.89696,57.73341],[18.89708,57.73343],[18.89761,57.73352],[18.89788,57.73356],[18.89799,57.73356],[18.89811,57.73356],[18.89821,57.73356],[18.89829,57.73355],[18.89907,57.73343],[18.89937,57.73339],[18.89986,57.73337],[18.90006,57.73335],[18.90076,57.73326],[18.90102,57.73327],[18.90161,57.73336],[18.90202,57.73344],[18.90229,57.73346],[18.90236,57.73347],[18.90244,57.73347],[18.90251,57.73347],[18.90258,57.73347],[18.90258,57.73347],[18.90265,57.73343],[18.90265,57.73343],[18.89927,57.72558],[18.89887,57.72524],[18.89909,57.72508],[18.89929,57.72496],[18.89956,57.72483],[18.90001,57.72459],[18.9004,57.72443],[18.90057,57.72434],[18.90075,57.72423],[18.90099,57.72404],[18.90133,57.72371],[18.90148,57.7236],[18.90163,57.7235],[18.90191,57.72333],[18.90232,57.72312],[18.90259,57.72299],[18.90295,57.7228],[18.90311,57.7227],[18.90341,57.7225],[18.90362,57.7223],[18.90387,57.72187],[18.904,57.72166],[18.90398,57.72159],[18.90396,57.72131],[18.90397,57.72117],[18.90391,57.72094],[18.90388,57.72074],[18.90392,57.72059],[18.90397,57.72041],[18.90397,57.7203],[18.90384,57.7199],[18.90378,57.71979],[18.9037,57.71964],[18.90369,57.71962],[18.90367,57.7196],[18.90237,57.71881],[18.90237,57.71881],[18.90237,57.71881],[18.90067,57.7192],[18.89773,57.71708],[18.89773,57.71708],[18.89614,57.717],[18.89614,57.717],[18.89614,57.71701],[18.89609,57.7171],[18.89583,57.7173],[18.89583,57.7173],[18.89582,57.71734],[18.89579,57.71741],[18.89559,57.71756],[18.89559,57.71756],[18.8956,57.71758],[18.89561,57.71764],[18.89544,57.71778],[18.89541,57.71782],[18.89535,57.71791],[18.89527,57.71799],[18.89525,57.71805],[18.89522,57.7181],[18.89513,57.71828],[18.89513,57.71831],[18.89509,57.71844],[18.89501,57.71861],[18.895,57.71862],[18.89489,57.71871],[18.89484,57.71874],[18.89485,57.71879],[18.89483,57.71889],[18.89479,57.71892],[18.89474,57.71897],[18.8947,57.71903],[18.89459,57.71923],[18.89456,57.71931],[18.89449,57.71956],[18.89443,57.7196],[18.89437,57.71967],[18.89425,57.7198],[18.89407,57.7199],[18.89406,57.71993],[18.89402,57.71999],[18.89393,57.72009],[18.89386,57.72017],[18.89375,57.72027],[18.89371,57.72032],[18.89367,57.72046],[18.89361,57.72072],[18.89354,57.72081],[18.89349,57.72089],[18.89338,57.72104],[18.89338,57.72104],[18.8934,57.72109],[18.8934,57.72112],[18.89335,57.72122],[18.89331,57.72126],[18.89323,57.72131],[18.89318,57.72137],[18.89309,57.72157],[18.89297,57.72169],[18.89288,57.72181],[18.8928,57.72196],[18.89279,57.72204],[18.89284,57.72238],[18.89281,57.72245],[18.89273,57.7225],[18.89273,57.7225],[18.89271,57.72254],[18.89268,57.72258],[18.89267,57.72263],[18.89273,57.72279],[18.89304,57.72303],[18.89313,57.7231],[18.89341,57.72336],[18.89344,57.72343],[18.89345,57.72353],[18.89344,57.72359],[18.89339,57.72365],[18.89333,57.72369],[18.8932,57.72376],[18.89296,57.7239],[18.89288,57.72398],[18.89278,57.72405],[18.89265,57.72412],[18.89248,57.7242],[18.89239,57.72426],[18.89219,57.72443],[18.89205,57.7246],[18.89202,57.72468],[18.89199,57.7248],[18.89191,57.72495],[18.89177,57.72507],[18.89153,57.72523],[18.89108,57.72553],[18.89094,57.72569],[18.89085,57.72579],[18.8905,57.7261],[18.8903,57.72623],[18.89013,57.72635],[18.88999,57.72641],[18.88988,57.72647],[18.88975,57.72654],[18.88958,57.72662],[18.88949,57.72672],[18.88947,57.72677],[18.88948,57.72683],[18.88954,57.72697],[18.88961,57.72704],[18.88976,57.72719],[18.88994,57.72746],[18.89,57.72762],[18.89002,57.72769],[18.89002,57.72778],[18.88996,57.72794],[18.88983,57.72812],[18.88969,57.72822],[18.88957,57.72829],[18.889,57.72861],[18.88894,57.72865],[18.88892,57.72866]],[[18.89528,57.7237],[18.8954,57.72311],[18.89626,57.72311],[18.89611,57.72377],[18.89528,57.7237]]]},"properties":{"NVRID":"2014394","NAMN":"Sajgs","SKYDDSTYP":"Naturreservat","LAN":"Gotlands Län","KOMMUN":"Gotland","IUCNKATEGORI":"Ia, Strikt naturreservat (Strict Nature Reserve)","FORVALTARE":"Länsstyrelsen i Gotlands län","AREA_HA":91.274,"URSPR_BESLUTSDATUM":"2008-12-08"}},{"type":"Feature","geometry":{"type":"Polygon","coordinates":[[[18.51611,57.41348],[18.51603,57.41396],[18.51603,57.41396],[18.51603,57.41396],[18.51685,57.41393],[18.51674,57.41441],[18.51616,57.41459],[18.51531,57.4148],[18.51462,57.41562],[18.5142,57.41647],[18.5142,57.41677],[18.51453,57.41706],[18.51509,57.4172],[18.51598,57.4173],[18.51666,57.4171],[18.51724,57.41688],[18.51782,57.4168],[18.51805,57.41723],[18.51844,57.41747],[18.5182,57.41772],[18.51776,57.41795],[18.51776,57.41795],[18.5178,57.41813],[18.5178,57.41813],[18.51795,57.41817],[18.51796,57.41817],[18.51828,57.4181],[18.51881,57.41803],[18.51912,57.41807],[18.51951,57.41811],[18.51985,57.41814],[18.52065,57.41815],[18.52105,57.41831],[18.52152,57.41837],[18.52184,57.41853],[18.52184,57.41853],[18.52265,57.4186],[18.52324,57.41865],[18.52364,57.41868],[18.52451,57.41852],[18.52463,57.41861],[18.52463,57.41861],[18.52534,57.41871],[18.52548,57.41915],[18.52527,57.41952],[18.52527,57.41952],[18.52572,57.41987],[18.52589,57.4203],[18.52589,57.4203],[18.52635,57.42042],[18.52635,57.42042],[18.52636,57.42042],[18.52731,57.41974],[18.52761,57.41976],[18.52761,57.41976],[18.52931,57.41926],[18.53082,57.41921],[18.53082,57.41921],[18.53103,57.41911],[18.53135,57.41895],[18.53205,57.41861],[18.5325,57.41826],[18.53345,57.41745],[18.53417,57.41727],[18.53447,57.41707],[18.53444,57.41687],[18.53395,57.41655],[18.53376,57.41616],[18.53488,57.41521],[18.53511,57.41464],[18.53595,57.41433],[18.5364,57.41433],[18.53717,57.41464],[18.53867,57.41573],[18.53905,57.41619],[18.53922,57.41671],[18.53904,57.41712],[18.53846,57.41757],[18.53846,57.41757],[18.53846,57.41757],[18.53901,57.41786],[18.53901,57.41786],[18.53931,57.41782],[18.53982,57.41799],[18.53982,57.41799],[18.54048,57.41789],[18.54119,57.4183],[18.54064,57.42055],[18.53916,57.4206],[18.53829,57.42069],[18.53764,57.4206],[18.53764,57.4206],[18.53744,57.42066],[18.53744,57.42066],[18.53753,57.42117],[18.53738,57.42171],[18.53738,57.42171],[18.53824,57.42202],[18.5384,57.42224],[18.53811,57.42273],[18.5378,57.42312],[18.53791,57.42344],[18.53791,57.42344],[18.5383,57.4235],[18.53975,57.42342],[18.54018,57.42347],[18.54102,57.42329],[18.54123,57.42325],[18.54136,57.42322],[18.54136,57.42322],[18.54136,57.42322],[18.54133,57.42299],[18.54278,57.42326],[18.54311,57.42339],[18.54348,57.4238],[18.5436,57.42419],[18.54398,57.42461],[18.54398,57.42461],[18.5444,57.42475],[18.54465,57.42542],[18.5449,57.42565],[18.54521,57.4257],[18.54522,57.4257],[18.54571,57.42546],[18.54602,57.4255],[18.54646,57.42547],[18.5468,57.42565],[18.54688,57.42586],[18.54688,57.42586],[18.5473,57.42602],[18.5473,57.42602],[18.54804,57.42597],[18.54854,57.426],[18.54874,57.42715],[18.54874,57.42715],[18.55116,57.42788],[18.55116,57.42788],[18.55191,57.42779],[18.55243,57.42769],[18.55303,57.42744],[18.55303,57.42744],[18.55303,57.42744],[18.55201,57.42705],[18.55139,57.42664],[18.55051,57.4262],[18.55049,57.42618],[18.55015,57.42602],[18.54966,57.42557],[18.54926,57.4252],[18.54901,57.42479],[18.54939,57.42474],[18.54984,57.42459],[18.55014,57.4244],[18.55014,57.4244],[18.55014,57.4244],[18.55014,57.4244],[18.54936,57.42422],[18.54915,57.42406],[18.54918,57.42386],[18.54939,57.42369],[18.54939,57.42369],[18.54939,57.42368],[18.54931,57.42356],[18.54931,57.42356],[18.54841,57.4233],[18.54813,57.42312],[18.54815,57.42272],[18.54873,57.42222],[18.54923,57.42154],[18.54924,57.42126],[18.54898,57.42094],[18.54847,57.42065],[18.54827,57.4204],[18.54765,57.42002],[18.54724,57.41971],[18.5471,57.41916],[18.5468,57.41874],[18.54635,57.41843],[18.54557,57.4181],[18.54523,57.41782],[18.54511,57.41747],[18.54503,57.41684],[18.54488,57.41643],[18.54463,57.41598],[18.54411,57.41551],[18.54437,57.41535],[18.54437,57.41535],[18.54437,57.41535],[18.54396,57.41513],[18.54352,57.41475],[18.54273,57.41419],[18.54185,57.41349],[18.54162,57.41338],[18.5416,57.41317],[18.54132,57.41294],[18.54132,57.4124],[18.54018,57.41149],[18.54018,57.41149],[18.54017,57.41149],[18.53957,57.41188],[18.53924,57.41153],[18.53877,57.41122],[18.53863,57.41113],[18.53794,57.41082],[18.53741,57.4105],[18.53696,57.41042],[18.53621,57.41046],[18.53552,57.41053],[18.535,57.41029],[18.53456,57.40998],[18.53422,57.40992],[18.53422,57.40992],[18.53385,57.4101],[18.53385,57.4101],[18.53372,57.41027],[18.53351,57.41067],[18.53337,57.41079],[18.53321,57.41079],[18.53301,57.41069],[18.53264,57.4103],[18.53211,57.41],[18.53162,57.40971],[18.5313,57.40953],[18.53101,57.40934],[18.53037,57.40894],[18.52982,57.4087],[18.52994,57.40841],[18.52994,57.40841],[18.52993,57.40841],[18.52993,57.40841],[18.52905,57.40851],[18.52905,57.40851],[18.52905,57.40852],[18.52875,57.40913],[18.52806,57.4093],[18.52701,57.40927],[18.52735,57.40874],[18.52735,57.40874],[18.52735,57.40874],[18.52735,57.40873],[18.52735,57.40873],[18.52581,57.40893],[18.52537,57.40824],[18.52428,57.40735],[18.52495,57.40698],[18.52495,57.40698],[18.52495,57.40698],[18.52495,57.40698],[18.52196,57.40658],[18.52196,57.40658],[18.52137,57.40712],[18.52106,57.40726],[18.52066,57.40735],[18.52039,57.40736],[18.52039,57.40736],[18.52039,57.40736],[18.52025,57.40745],[18.52025,57.40746],[18.52037,57.40764],[18.52037,57.40764],[18.52037,57.40764],[18.52071,57.40771],[18.52111,57.40791],[18.52148,57.40805],[18.52146,57.40817],[18.52117,57.40831],[18.52088,57.40829],[18.52069,57.40828],[18.52062,57.40827],[18.52052,57.40827],[18.52052,57.40827],[18.52014,57.40838],[18.51983,57.40859],[18.51923,57.4088],[18.51878,57.4089],[18.51859,57.409],[18.51835,57.40953],[18.51835,57.40953],[18.51835,57.40953],[18.52042,57.40979],[18.52057,57.40983],[18.52021,57.41021],[18.51996,57.41032],[18.51839,57.41182],[18.5178,57.41258],[18.51731,57.41296],[18.51643,57.41312],[18.51643,57.41312],[18.51611,57.41348]]]},"properties":{"NVRID":"2000026","NAMN":"Lindhammarsmyr","SKYDDSTYP":"Naturreservat","LAN":"Gotlands Län","KOMMUN":"Gotland","IUCNKATEGORI":"Ia, Strikt naturreservat (Strict Nature Reserve)","FORVALTARE":"Länsstyrelsen i Gotlands län","AREA_HA":190.29,"URSPR_BESLUTSDATUM":"2003-11-03"}},{"type":"Feature","geometry":{"type":"Polygon","coordinates":[[[18.86898,57.72637],[18.86812,57.72612],[18.86811,57.72612],[18.86811,57.72612],[18.86811,57.72612],[18.8687,57.72875],[18.8687,57.72875],[18.8687,57.72875],[18.86922,57.72873],[18.86959,57.72866],[18.86987,57.72856],[18.87003,57.72849],[18.87011,57.72835],[18.87015,57.72822],[18.87016,57.72816],[18.87011,57.72796],[18.87011,57.72792],[18.87008,57.72778],[18.87001,57.72761],[18.86998,57.72751],[18.87001,57.72729],[18.87,57.7271],[18.86989,57.72683],[18.86977,57.72669],[18.86974,57.72666],[18.86927,57.72647],[18.86898,57.72637]]]},"properties":{"NVRID":"2000428","NAMN":"Hideviken","SKYDDSTYP":"Naturreservat","LAN":"Gotlands Län","KOMMUN":"Gotland","IUCNKATEGORI":"III, Naturmonument (Natural Monument)","FORVALTARE":"Länsstyrelsen i Gotlands län","AREA_HA":2.387,"URSPR_BESLUTSDATUM":"1931-09-22"}},{"type":"Feature","geometry":{"type":"Polygon","coordinates":[[[18.27324,57.33184],[18.27402,57.33599],[18.27285,57.33599],[18.27284,57.33599],[18.27284,57.33599],[18.27466,57.34112],[18.27466,57.34112],[18.27466,57.34112],[18.27467,57.34112],[18.28057,57.33898],[18.28733,57.33656],[18.28733,57.33656],[18.28733,57.33656],[18.2873,57.33643],[18.28726,57.33628],[18.28721,57.33613],[18.28717,57.33598],[18.28715,57.33589],[18.28714,57.3358],[18.28712,57.33571],[18.28712,57.33561],[18.28711,57.3355],[18.2871,57.33499],[18.28709,57.33475],[18.28708,57.33463],[18.28704,57.33411],[18.28704,57.33411],[18.28704,57.33411],[18.28704,57.33411],[18.28704,57.33411],[18.27841,57.33598],[18.2784,57.33593],[18.27766,57.33169],[18.27795,57.33168],[18.27795,57.33168],[18.27795,57.33168],[18.27791,57.33154],[18.27783,57.33134],[18.27765,57.33073],[18.27761,57.33057],[18.27744,57.32992],[18.27744,57.32992],[18.27744,57.32992],[18.27563,57.33004],[18.2755,57.32902],[18.2755,57.32901],[18.2755,57.32901],[18.27152,57.32915],[18.27152,57.32915],[18.27152,57.32915],[18.27152,57.32915],[18.27291,57.33185],[18.27291,57.33186],[18.27291,57.33186],[18.27324,57.33184]]]},"properties":{"NVRID":"2013503","NAMN":"Alstäde Skog","SKYDDSTYP":"Naturreservat","LAN":"Gotlands Län","KOMMUN":"Gotland","IUCNKATEGORI":"Ia, Strikt naturreservat (Strict Nature Reserve)","FORVALTARE":"Länsstyrelsen i Gotlands län","AREA_HA":53.991,"URSPR_BESLUTSDATUM":"2007-12-19"}},{"type":"Feature","geometry":{"type":"Polygon","coordinates":[[[18.17977,57.1592],[18.17977,57.1592],[18.17977,57.1592],[18.17977,57.1592],[18.17977,57.1592],[18.18576,57.15488],[18.18576,57.15488],[18.18576,57.15488],[18.18576,57.15488],[18.18077,57.15333],[18.18077,57.15333],[18.18077,57.15333],[18.17954,57.1543],[18.17954,57.1543],[18.18028,57.1553],[18.1773,57.15457],[18.1773,57.15457],[18.1773,57.15457],[18.17686,57.1549],[18.17686,57.1549],[18.17977,57.1592]]]},"properties":{"NVRID":"2000429","NAMN":"Krakvät","SKYDDSTYP":"Naturreservat","LAN":"Gotlands Län","KOMMUN":"Gotland","IUCNKATEGORI":"IV, Habitat/Artskyddsområde (Habitat/Species Management Area)","FORVALTARE":"Länsstyrelsen i Gotlands län","AREA_HA":16.394,"URSPR_BESLUTSDATUM":"1998-03-18"}},{"type":"Feature","geometry":{"type":"Polygon","coordinates":[[[18.69697,57.55631],[18.69398,57.55657],[18.69309,57.5568],[18.69309,57.5568],[18.69309,57.5568],[18.69502,57.55915],[18.6974,57.5596],[18.69819,57.56018],[18.69819,57.56018],[18.70063,57.56054],[18.70193,57.56068],[18.70291,57.56075],[18.7037,57.56158],[18.70244,57.56317],[18.7006,57.56439],[18.7006,57.56439],[18.70104,57.56496],[18.70104,57.56496],[18.70333,57.56499],[18.70605,57.56591],[18.70589,57.57122],[18.70589,57.57122],[18.70589,57.57123],[18.70634,57.57138],[18.70685,57.57192],[18.70592,57.57243],[18.70592,57.57243],[18.70592,57.57243],[18.71044,57.57794],[18.71045,57.57794],[18.71045,57.57794],[18.71781,57.57624],[18.72194,57.57529],[18.72195,57.57529],[18.72195,57.57529],[18.71983,57.57308],[18.7247,57.5718],[18.7247,57.5718],[18.7247,57.5718],[18.72461,57.57175],[18.72432,57.57154],[18.72365,57.5711],[18.72226,57.57028],[18.72145,57.5698],[18.72093,57.56949],[18.72072,57.56936],[18.72024,57.56903],[18.71969,57.56857],[18.71926,57.5682],[18.71926,57.5682],[18.71858,57.56817],[18.71767,57.56822],[18.71693,57.56829],[18.71635,57.56837],[18.71576,57.56831],[18.71588,57.56818],[18.71595,57.56807],[18.71602,57.56797],[18.71622,57.56779],[18.71634,57.56764],[18.71646,57.5675],[18.71653,57.56724],[18.71654,57.56693],[18.71653,57.56676],[18.71647,57.56651],[18.71649,57.56639],[18.71508,57.56517],[18.71614,57.56489],[18.71614,57.56489],[18.71614,57.56489],[18.71604,57.56475],[18.71552,57.56394],[18.71543,57.56384],[18.71527,57.5637],[18.71512,57.56357],[18.7149,57.56342],[18.71475,57.56331],[18.71459,57.56323],[18.71433,57.5631],[18.71421,57.56305],[18.71121,57.56205],[18.71094,57.56195],[18.71077,57.56186],[18.7106,57.56177],[18.71039,57.56163],[18.70989,57.56128],[18.70971,57.56116],[18.70947,57.56099],[18.70933,57.56089],[18.70908,57.56069],[18.70888,57.56052],[18.70876,57.5604],[18.70773,57.55935],[18.70747,57.55907],[18.70738,57.55897],[18.70728,57.55883],[18.70715,57.55862],[18.70691,57.55821],[18.70674,57.55795],[18.70665,57.55786],[18.70652,57.55773],[18.70627,57.5575],[18.70612,57.55737],[18.706,57.55727],[18.70576,57.5571],[18.70559,57.55698],[18.70523,57.55677],[18.705,57.55665],[18.70467,57.55646],[18.7043,57.5563],[18.7036,57.55592],[18.70323,57.55568],[18.7031,57.55521],[18.70314,57.55489],[18.70319,57.55462],[18.70317,57.55446],[18.70314,57.55431],[18.70311,57.5542],[18.70308,57.55414],[18.70299,57.55397],[18.70291,57.55384],[18.70279,57.55367],[18.7026,57.55346],[18.70241,57.55331],[18.70216,57.55312],[18.70186,57.55297],[18.7016,57.55285],[18.70129,57.55272],[18.70096,57.55256],[18.70057,57.5523],[18.70021,57.55202],[18.6999,57.55178],[18.69989,57.55178],[18.69989,57.55178],[18.6954,57.55291],[18.6954,57.55291],[18.6954,57.55291],[18.69795,57.55557],[18.69767,57.55564],[18.69767,57.55564],[18.69697,57.55631]],[[18.70906,57.56715],[18.70964,57.56691],[18.71112,57.56736],[18.71135,57.56809],[18.71018,57.56831],[18.70906,57.56715]]]},"properties":{"NVRID":"2050299","NAMN":"Sojdmyr","SKYDDSTYP":"Naturreservat","LAN":"Gotlands Län","KOMMUN":"Gotland","IUCNKATEGORI":"Ia, Strikt naturreservat (Strict Nature Reserve)","FORVALTARE":"Länsstyrelsen i Gotlands län","AREA_HA":185.43,"URSPR_BESLUTSDATUM":"2018-11-27"}},{"type":"Feature","geometry":{"type":"Polygon","coordinates":[[[18.64817,57.60933],[18.64441,57.60889],[18.64441,57.60889],[18.64441,57.60889],[18.64441,57.60889],[18.64407,57.61035],[18.64407,57.61035],[18.64407,57.61035],[18.64407,57.61035],[18.64679,57.61064],[18.64932,57.61091],[18.64932,57.61091],[18.64932,57.61091],[18.64932,57.61091],[18.64975,57.60903],[18.64975,57.60903],[18.64975,57.60903],[18.64975,57.60903],[18.6483,57.60887],[18.6483,57.60887],[18.6483,57.60887],[18.6483,57.60887],[18.64817,57.60933]]]},"properties":{"NVRID":"2000113","NAMN":"Alvena lindaräng","SKYDDSTYP":"Naturreservat","LAN":"Gotlands Län","KOMMUN":"Gotland","IUCNKATEGORI":"Ia, Strikt naturreservat (Strict Nature Reserve)","FORVALTARE":"Länsstyrelsen i Gotlands län","AREA_HA":5.61,"URSPR_BESLUTSDATUM":"1980-05-19"}},{"type":"Feature","geometry":{"type":"MultiPolygon","coordinates":[[[[18.36636,57.42655],[18.36643,57.42665],[18.36651,57.42681],[18.3666,57.42695],[18.36669,57.42711],[18.36678,57.42727],[18.36691,57.42751],[18.36705,57.42777],[18.36716,57.42795],[18.36721,57.42804],[18.36727,57.42815],[18.36734,57.42828],[18.36739,57.42837],[18.36744,57.42847],[18.3675,57.42858],[18.36754,57.42871],[18.36758,57.42882],[18.36762,57.42893],[18.36764,57.42905],[18.36766,57.42923],[18.36766,57.42923],[18.36766,57.42923],[18.3678,57.42922],[18.3678,57.42922],[18.36785,57.42917],[18.36805,57.42897],[18.3685,57.42862],[18.36911,57.42825],[18.36941,57.42809],[18.36949,57.42804],[18.36969,57.42794],[18.36973,57.42792],[18.3698,57.4279],[18.37001,57.42786],[18.37023,57.42783],[18.37038,57.4278],[18.37056,57.42775],[18.37056,57.42775],[18.37056,57.42775],[18.37056,57.42775],[18.37016,57.4276],[18.36829,57.42694],[18.36789,57.4268],[18.36647,57.42629],[18.36635,57.42624],[18.36617,57.42618],[18.36617,57.42618],[18.36617,57.42618],[18.36617,57.42618],[18.36636,57.42655]]],[[[18.36732,57.42953],[18.36735,57.42922],[18.36733,57.42906],[18.36727,57.42881],[18.3672,57.42864],[18.3671,57.42844],[18.36701,57.42826],[18.36699,57.42815],[18.36669,57.42759],[18.36616,57.42666],[18.36585,57.42611],[18.36585,57.42611],[18.36432,57.42553],[18.36432,57.42553],[18.36432,57.42553],[18.36432,57.42553],[18.36432,57.42553],[18.36289,57.4279],[18.36167,57.42996],[18.36167,57.42996],[18.36167,57.42996],[18.36167,57.42996],[18.36373,57.43012],[18.36422,57.43016],[18.36436,57.43017],[18.36454,57.43017],[18.36502,57.43019],[18.36582,57.43027],[18.36614,57.43029],[18.36695,57.43037],[18.36695,57.43037],[18.36695,57.43037],[18.36705,57.43015],[18.36717,57.42996],[18.36725,57.42978],[18.36731,57.42959],[18.36732,57.42953]]]]},"properties":{"NVRID":"2054322","NAMN":"Fonnsänget","SKYDDSTYP":"Naturreservat","LAN":"Gotlands Län","KOMMUN":"Gotland","IUCNKATEGORI":"Ia, Strikt naturreservat (Strict Nature Reserve)","FORVALTARE":"Länsstyrelsen i Gotlands län","AREA_HA":14.623,"URSPR_BESLUTSDATUM":"2020-11-09"}},{"type":"Feature","geometry":{"type":"Polygon","coordinates":[[[18.61608,57.77395],[18.61302,57.77319],[18.61302,57.77319],[18.61184,57.77356],[18.61184,57.77356],[18.61048,57.77869],[18.61048,57.77869],[18.61048,57.77869],[18.61226,57.77911],[18.61233,57.77913],[18.61233,57.77913],[18.61784,57.77689],[18.61995,57.77604],[18.62004,57.776],[18.62013,57.77596],[18.62018,57.77592],[18.62024,57.77589],[18.62028,57.77585],[18.62033,57.77582],[18.62038,57.77577],[18.62042,57.77573],[18.62045,57.7757],[18.62055,57.77558],[18.62092,57.77516],[18.62092,57.77516],[18.62092,57.77516],[18.62086,57.77514],[18.61608,57.77395]]]},"properties":{"NVRID":"2000125","NAMN":"Millumträsk","SKYDDSTYP":"Naturreservat","LAN":"Gotlands Län","KOMMUN":"Gotland","IUCNKATEGORI":"IV, Habitat/Artskyddsområde (Habitat/Species Management Area)","FORVALTARE":"Länsstyrelsen i Gotlands län","AREA_HA":22.836,"URSPR_BESLUTSDATUM":"1996-08-02"}},{"type":"Feature","geometry":{"type":"Polygon","coordinates":[[[18.82465,57.42036],[18.82465,57.42036],[18.82465,57.42036],[18.82468,57.42038],[18.82472,57.42039],[18.82487,57.42042],[18.82502,57.42043],[18.82512,57.42047],[18.82522,57.42053],[18.82534,57.42062],[18.82555,57.4207],[18.82554,57.42076],[18.82558,57.4208],[18.82555,57.42083],[18.82555,57.42084],[18.82577,57.42096],[18.82595,57.42101],[18.82611,57.42106],[18.82617,57.42106],[18.82627,57.42107],[18.82631,57.42111],[18.82637,57.42123],[18.82638,57.42126],[18.82648,57.42134],[18.82648,57.42134],[18.82656,57.42137],[18.82664,57.4214],[18.82672,57.42146],[18.82681,57.42153],[18.82688,57.4216],[18.82697,57.42164],[18.82705,57.42169],[18.82715,57.42175],[18.82725,57.42178],[18.8274,57.42178],[18.82749,57.4218],[18.82755,57.42179],[18.82763,57.42176],[18.8277,57.42176],[18.82784,57.42179],[18.82792,57.42182],[18.828,57.42187],[18.82813,57.42193],[18.8282,57.42197],[18.8282,57.42202],[18.8282,57.42203],[18.82832,57.42208],[18.82839,57.42214],[18.82849,57.42217],[18.82851,57.42218],[18.82851,57.42221],[18.82851,57.42221],[18.8286,57.42226],[18.82876,57.42229],[18.82882,57.42232],[18.82887,57.42232],[18.82904,57.42236],[18.82908,57.4224],[18.82914,57.42242],[18.82917,57.42248],[18.82927,57.42255],[18.82938,57.42261],[18.82946,57.42268],[18.82949,57.42274],[18.82949,57.42274],[18.82963,57.42278],[18.82973,57.4228],[18.82985,57.42285],[18.83007,57.42291],[18.83018,57.42293],[18.83026,57.42298],[18.83026,57.42298],[18.83037,57.42298],[18.83043,57.42299],[18.83043,57.42299],[18.83052,57.42295],[18.83063,57.4229],[18.83077,57.42283],[18.83091,57.42281],[18.83116,57.42277],[18.83116,57.42277],[18.83125,57.42272],[18.83196,57.42308],[18.83202,57.42316],[18.8321,57.42324],[18.83226,57.42332],[18.83237,57.42355],[18.83244,57.42366],[18.8325,57.42376],[18.83244,57.4238],[18.83244,57.4238],[18.83246,57.42383],[18.83249,57.42391],[18.83254,57.42394],[18.83262,57.42401],[18.83271,57.42405],[18.83281,57.42411],[18.83292,57.42415],[18.83298,57.42419],[18.83305,57.42423],[18.83308,57.42426],[18.83315,57.42429],[18.83325,57.4243],[18.83336,57.42431],[18.83351,57.42433],[18.8336,57.42434],[18.83368,57.42433],[18.83371,57.42434],[18.83377,57.42436],[18.83383,57.42439],[18.83389,57.4244],[18.834,57.42443],[18.83401,57.42443],[18.83408,57.42442],[18.83415,57.42442],[18.83421,57.42443],[18.8343,57.42444],[18.83436,57.42446],[18.83448,57.42447],[18.83422,57.42473],[18.83388,57.42506],[18.83388,57.42506],[18.83388,57.42506],[18.83507,57.4254],[18.83493,57.42565],[18.83493,57.42565],[18.83493,57.42565],[18.83493,57.42565],[18.83564,57.4256],[18.83656,57.42554],[18.83792,57.42544],[18.83871,57.42539],[18.83929,57.42535],[18.83981,57.42532],[18.83988,57.42531],[18.84074,57.42525],[18.84074,57.42525],[18.84074,57.42525],[18.84076,57.42408],[18.84157,57.42396],[18.84225,57.42514],[18.84225,57.42514],[18.84225,57.42514],[18.84237,57.42513],[18.84248,57.42511],[18.84259,57.4251],[18.84272,57.42507],[18.84287,57.42505],[18.84303,57.42501],[18.84316,57.42498],[18.84326,57.42495],[18.84339,57.42491],[18.84348,57.42487],[18.84377,57.42477],[18.84388,57.42471],[18.84434,57.42451],[18.84517,57.4242],[18.84589,57.42399],[18.84616,57.42389],[18.84654,57.42374],[18.84699,57.42356],[18.8474,57.4234],[18.84833,57.42302],[18.84892,57.42278],[18.84945,57.42256],[18.84973,57.42245],[18.84996,57.42235],[18.85071,57.42205],[18.85108,57.4219],[18.8514,57.4218],[18.85171,57.42172],[18.85205,57.42164],[18.8525,57.42156],[18.85292,57.42151],[18.85342,57.42147],[18.85384,57.42146],[18.85421,57.42147],[18.8549,57.42155],[18.8549,57.42155],[18.8549,57.42155],[18.85557,57.4208],[18.85849,57.42007],[18.8595,57.42021],[18.8595,57.42021],[18.8595,57.42021],[18.8596,57.42007],[18.85964,57.42001],[18.85969,57.41995],[18.85974,57.41989],[18.85979,57.41984],[18.85992,57.4197],[18.85997,57.41965],[18.86001,57.4196],[18.86006,57.41956],[18.86011,57.41952],[18.86016,57.41947],[18.8602,57.41944],[18.86025,57.4194],[18.86029,57.41936],[18.86034,57.41933],[18.86038,57.4193],[18.86042,57.41927],[18.86047,57.41923],[18.86051,57.4192],[18.86054,57.41917],[18.86056,57.41914],[18.86058,57.41912],[18.86059,57.41909],[18.86061,57.41904],[18.86062,57.41903],[18.86063,57.41901],[18.86065,57.419],[18.86066,57.41899],[18.86068,57.41898],[18.86071,57.41897],[18.86073,57.41896],[18.86074,57.41896],[18.86077,57.41879],[18.86076,57.4186],[18.86073,57.41823],[18.86077,57.41804],[18.86086,57.41776],[18.86101,57.41737],[18.86117,57.41695],[18.8613,57.41663],[18.86137,57.41641],[18.86143,57.41629],[18.8615,57.41619],[18.86157,57.41611],[18.86166,57.41602],[18.86179,57.41592],[18.86194,57.41583],[18.86215,57.41572],[18.86233,57.41563],[18.86248,57.41557],[18.86248,57.41557],[18.86248,57.41556],[18.86248,57.41556],[18.86062,57.41491],[18.85784,57.41393],[18.85784,57.41393],[18.85784,57.41393],[18.85776,57.41402],[18.85766,57.41412],[18.85753,57.41423],[18.85743,57.41429],[18.85733,57.41436],[18.85715,57.41447],[18.85692,57.41461],[18.85665,57.41477],[18.85641,57.41494],[18.85622,57.41511],[18.85606,57.41526],[18.85591,57.41538],[18.85576,57.41548],[18.85557,57.41558],[18.85532,57.4157],[18.85489,57.41592],[18.85473,57.41602],[18.85464,57.41608],[18.85458,57.41613],[18.85452,57.41625],[18.85443,57.41643],[18.85433,57.41664],[18.85425,57.41681],[18.85418,57.41693],[18.8541,57.417],[18.85396,57.41709],[18.85385,57.41716],[18.85379,57.41722],[18.85375,57.41728],[18.85373,57.41734],[18.85372,57.41746],[18.8537,57.4176],[18.85365,57.41777],[18.85361,57.41789],[18.85358,57.41802],[18.85353,57.41814],[18.85344,57.41824],[18.85333,57.41834],[18.85315,57.41847],[18.85295,57.41861],[18.85277,57.41878],[18.85265,57.41899],[18.8525,57.41937],[18.85235,57.41967],[18.85218,57.41982],[18.85208,57.41991],[18.852,57.42006],[18.85178,57.42029],[18.85167,57.4201],[18.8515,57.41988],[18.85136,57.41977],[18.85121,57.41968],[18.8481,57.41796],[18.84145,57.41557],[18.84365,57.4149],[18.84618,57.41414],[18.84618,57.41413],[18.84618,57.41413],[18.84618,57.41413],[18.84429,57.41321],[18.83982,57.41227],[18.83982,57.41227],[18.83982,57.41227],[18.83782,57.4147],[18.83751,57.41467],[18.8374,57.41465],[18.83718,57.41464],[18.83702,57.41463],[18.83685,57.41463],[18.83661,57.41464],[18.83635,57.41464],[18.83616,57.41465],[18.83596,57.41468],[18.83572,57.4147],[18.83545,57.41472],[18.83512,57.41474],[18.83485,57.41479],[18.83469,57.41481],[18.83626,57.41152],[18.83626,57.41152],[18.83626,57.41152],[18.83465,57.41117],[18.83329,57.41088],[18.83185,57.41058],[18.83189,57.41053],[18.83189,57.41053],[18.83189,57.41053],[18.83021,57.41017],[18.83021,57.41017],[18.83021,57.41017],[18.82716,57.41288],[18.82518,57.41464],[18.82518,57.41464],[18.82518,57.41464],[18.82518,57.41464],[18.8253,57.41467],[18.82567,57.41476],[18.82605,57.41486],[18.82636,57.41495],[18.82674,57.41505],[18.827,57.41511],[18.82734,57.41516],[18.82783,57.41519],[18.82825,57.41522],[18.82853,57.41525],[18.82892,57.41527],[18.82913,57.4153],[18.82946,57.41534],[18.82986,57.41539],[18.8301,57.41543],[18.83024,57.41546],[18.82465,57.42036]]]},"properties":{"NVRID":"2002948","NAMN":"Östergarnsberget","SKYDDSTYP":"Naturreservat","LAN":"Gotlands Län","KOMMUN":"Gotland","IUCNKATEGORI":"Ia, Strikt naturreservat (Strict Nature Reserve)","FORVALTARE":"Länsstyrelsen i Gotlands län","AREA_HA":193.303,"URSPR_BESLUTSDATUM":"2005-08-12"}},{"type":"Feature","geometry":{"type":"MultiPolygon","coordinates":[[[[18.64597,57.66725],[18.64576,57.66764],[18.64576,57.66764],[18.64576,57.66764],[18.65577,57.66749],[18.65712,57.66746],[18.65712,57.66746],[18.65712,57.66746],[18.65716,57.6661],[18.65716,57.6661],[18.65716,57.6661],[18.65411,57.66614],[18.64661,57.66628],[18.64661,57.66628],[18.64637,57.66646],[18.64614,57.66672],[18.64607,57.66694],[18.64597,57.66725]]],[[[18.63274,57.69953],[18.63274,57.69953],[18.63275,57.69953],[18.64013,57.69989],[18.64013,57.69989],[18.64013,57.69989],[18.64013,57.69989],[18.64054,57.69758],[18.64054,57.69758],[18.64054,57.69758],[18.64054,57.69758],[18.63439,57.69729],[18.63431,57.69728],[18.63431,57.69728],[18.63431,57.69728],[18.63431,57.69728],[18.63327,57.69848],[18.63327,57.69848],[18.63327,57.69848],[18.63327,57.69848],[18.63354,57.69851],[18.63332,57.69892],[18.63274,57.69953],[18.63274,57.69953]]],[[[18.64998,57.66127],[18.65035,57.66208],[18.65038,57.66223],[18.64995,57.66294],[18.64981,57.66323],[18.64951,57.6637],[18.64923,57.66411],[18.64923,57.66411],[18.64923,57.66411],[18.64923,57.66411],[18.65395,57.66402],[18.65955,57.66394],[18.65955,57.66394],[18.65955,57.66394],[18.65955,57.66394],[18.65938,57.661],[18.65938,57.661],[18.65938,57.661],[18.65361,57.65987],[18.65029,57.65927],[18.65028,57.65927],[18.65028,57.65928],[18.65029,57.65939],[18.65016,57.66008],[18.64993,57.66101],[18.64998,57.66127]]],[[[18.63426,57.69379],[18.63408,57.69402],[18.63408,57.69402],[18.63408,57.69402],[18.63438,57.69404],[18.64502,57.69452],[18.65637,57.69507],[18.66247,57.69532],[18.66536,57.69543],[18.66776,57.69554],[18.67166,57.69572],[18.67166,57.69571],[18.67166,57.69571],[18.67166,57.69571],[18.67166,57.69571],[18.67148,57.69552],[18.67201,57.69449],[18.67195,57.69406],[18.67157,57.69371],[18.67152,57.6934],[18.67178,57.69293],[18.67218,57.69249],[18.6724,57.6919],[18.6724,57.6919],[18.67239,57.6919],[18.67238,57.6919],[18.64703,57.69071],[18.63581,57.69019],[18.63581,57.69019],[18.63581,57.69019],[18.63545,57.69121],[18.63527,57.69182],[18.63501,57.69257],[18.63488,57.69283],[18.6346,57.69329],[18.63426,57.69379]]],[[[18.64285,57.67275],[18.64285,57.67275],[18.64285,57.67275],[18.64284,57.67285],[18.64284,57.67285],[18.64284,57.67285],[18.64545,57.67296],[18.64587,57.67343],[18.64549,57.6745],[18.64506,57.67457],[18.64506,57.67457],[18.64489,57.67495],[18.64489,57.67495],[18.64553,57.67562],[18.64561,57.67608],[18.64561,57.67608],[18.64562,57.67608],[18.64974,57.67627],[18.64974,57.67626],[18.64974,57.67626],[18.64974,57.67626],[18.64996,57.67475],[18.67584,57.67569],[18.67584,57.67569],[18.67584,57.67569],[18.67606,57.67307],[18.67606,57.67301],[18.67606,57.67301],[18.67598,57.67297],[18.67579,57.67289],[18.67567,57.6728],[18.67561,57.67272],[18.67555,57.67261],[18.67547,57.67251],[18.67537,57.6724],[18.67527,57.6723],[18.67509,57.67213],[18.675,57.67203],[18.67485,57.67197],[18.67463,57.67189],[18.67442,57.6718],[18.67417,57.67166],[18.67392,57.67143],[18.67377,57.67131],[18.67357,57.6711],[18.67344,57.67096],[18.67326,57.67082],[18.67313,57.67067],[18.67302,57.67056],[18.67291,57.67048],[18.67291,57.67048],[18.67284,57.67049],[18.67113,57.67046],[18.6699,57.67045],[18.66757,57.67042],[18.66375,57.67037],[18.66243,57.67035],[18.66102,57.67033],[18.65878,57.6703],[18.65495,57.67025],[18.65243,57.67021],[18.65037,57.67018],[18.64801,57.67015],[18.64598,57.67012],[18.64339,57.67009],[18.64339,57.67009],[18.64339,57.67009],[18.64276,57.67077],[18.64261,57.67097],[18.64223,57.67148],[18.64199,57.67187],[18.64175,57.67234],[18.64175,57.67234],[18.64175,57.67234],[18.64291,57.6724],[18.64286,57.67275],[18.64285,57.67275]]]]},"properties":{"NVRID":"2052781","NAMN":"Hejnum hällar","SKYDDSTYP":"Naturreservat","LAN":"Gotlands Län","KOMMUN":"Gotland","IUCNKATEGORI":"Ia, Strikt naturreservat (Strict Nature Reserve)","FORVALTARE":"Länsstyrelsen i Gotlands län","AREA_HA":245.341,"URSPR_BESLUTSDATUM":"2020-02-06"}},{"type":"Feature","geometry":{"type":"Polygon","coordinates":[[[18.65736,57.33057],[18.65716,57.33073],[18.65716,57.33073],[18.65717,57.33073],[18.66423,57.33162],[18.67338,57.3328],[18.67188,57.33397],[18.67188,57.33397],[18.67188,57.33397],[18.67384,57.33474],[18.67564,57.33517],[18.67564,57.33517],[18.67565,57.33517],[18.67657,57.33441],[18.67665,57.33417],[18.6768,57.33369],[18.6769,57.33341],[18.67694,57.33324],[18.67703,57.33297],[18.68337,57.33352],[18.68337,57.33352],[18.68337,57.33352],[18.68337,57.33352],[18.68448,57.32995],[18.68448,57.32995],[18.68448,57.32995],[18.68353,57.32987],[18.68379,57.32904],[18.68474,57.32911],[18.68474,57.32911],[18.68474,57.32911],[18.68532,57.32724],[18.68534,57.32718],[18.68534,57.32718],[18.68534,57.32718],[18.68534,57.32718],[18.68301,57.32698],[18.68101,57.32682],[18.68202,57.32617],[18.68233,57.32568],[18.68233,57.32568],[18.68165,57.32519],[18.68158,57.32492],[18.68131,57.32461],[18.68163,57.32401],[18.68163,57.32401],[18.68163,57.32401],[18.67933,57.3234],[18.67901,57.32314],[18.67901,57.32314],[18.67901,57.32314],[18.67901,57.32314],[18.67597,57.32426],[18.67304,57.32203],[18.67329,57.32193],[18.67569,57.32106],[18.68129,57.31891],[18.68144,57.31885],[18.68144,57.31885],[18.68144,57.31885],[18.68102,57.31823],[18.68051,57.31803],[18.67934,57.31785],[18.67934,57.31785],[18.67934,57.31785],[18.67736,57.31861],[18.67701,57.31875],[18.67498,57.31952],[18.6739,57.31991],[18.67142,57.32079],[18.67142,57.32079],[18.67142,57.32079],[18.67151,57.32086],[18.67221,57.32139],[18.66846,57.32279],[18.66591,57.32374],[18.66591,57.32374],[18.66591,57.32374],[18.66833,57.32571],[18.66833,57.32571],[18.66833,57.32571],[18.66833,57.32571],[18.66841,57.32567],[18.6704,57.32728],[18.66796,57.32832],[18.66781,57.32827],[18.66781,57.32827],[18.66694,57.32854],[18.66694,57.32854],[18.66694,57.32854],[18.66735,57.32889],[18.66709,57.32917],[18.66648,57.32925],[18.66614,57.32914],[18.66614,57.32914],[18.66554,57.32933],[18.66497,57.32935],[18.66393,57.32997],[18.66169,57.32826],[18.66169,57.32826],[18.66169,57.32826],[18.66138,57.32838],[18.66138,57.32838],[18.66138,57.32838],[18.66191,57.32873],[18.65934,57.32979],[18.65896,57.32958],[18.65869,57.32939],[18.65869,57.32939],[18.65869,57.32939],[18.65777,57.32975],[18.65777,57.32975],[18.65777,57.32977],[18.65772,57.3299],[18.6576,57.33013],[18.65748,57.33037],[18.65736,57.33057]],[[18.67038,57.33056],[18.67066,57.32871],[18.67081,57.32773],[18.67082,57.32762],[18.67238,57.32777],[18.6785,57.32832],[18.67816,57.32939],[18.67757,57.33125],[18.67198,57.33073],[18.67038,57.33056]]]},"properties":{"NVRID":"2000447","NAMN":"Ollajvs","SKYDDSTYP":"Naturreservat","LAN":"Gotlands Län","KOMMUN":"Gotland","IUCNKATEGORI":"0, Områden som ej kan klassificeras enligt IUCN: s system.","FORVALTARE":"Länsstyrelsen i Gotlands län","AREA_HA":116.787,"URSPR_BESLUTSDATUM":"2002-09-16"}},{"type":"Feature","geometry":{"type":"Polygon","coordinates":[[[18.08728,57.42956],[18.08714,57.42954],[18.08705,57.42952],[18.08697,57.42953],[18.08686,57.42954],[18.0867,57.42953],[18.08659,57.42951],[18.08646,57.42949],[18.08633,57.42948],[18.08622,57.42949],[18.08612,57.42953],[18.08605,57.42958],[18.08598,57.42964],[18.08592,57.42968],[18.08583,57.42971],[18.08578,57.42974],[18.08571,57.42975],[18.08562,57.42977],[18.08552,57.42979],[18.08546,57.4298],[18.08541,57.42982],[18.08535,57.42987],[18.0854,57.42997],[18.08545,57.43006],[18.0855,57.43013],[18.08555,57.43018],[18.08561,57.43028],[18.08571,57.43039],[18.08575,57.43047],[18.08579,57.43052],[18.08581,57.43063],[18.08581,57.43079],[18.08578,57.43107],[18.08575,57.43115],[18.08573,57.43124],[18.0857,57.43132],[18.0857,57.43139],[18.08572,57.43145],[18.08575,57.43155],[18.08575,57.4316],[18.08583,57.43181],[18.08583,57.43188],[18.08585,57.43196],[18.08593,57.43209],[18.08601,57.43221],[18.0861,57.43231],[18.08617,57.4324],[18.08623,57.43247],[18.08625,57.4325],[18.08634,57.43262],[18.08643,57.43273],[18.08643,57.43274],[18.08649,57.43284],[18.08653,57.43292],[18.08653,57.43292],[18.08656,57.433],[18.08657,57.43304],[18.08657,57.43309],[18.08656,57.43312],[18.08655,57.43318],[18.08654,57.4332],[18.08648,57.43323],[18.08642,57.43326],[18.0864,57.43327],[18.08631,57.43329],[18.08628,57.4333],[18.0861,57.43335],[18.08602,57.43337],[18.08598,57.43339],[18.08597,57.4334],[18.08597,57.43342],[18.08596,57.43343],[18.08597,57.43345],[18.08597,57.43345],[18.08601,57.43346],[18.08606,57.43346],[18.08607,57.43346],[18.08624,57.43346],[18.08625,57.43346],[18.08634,57.43347],[18.08642,57.43347],[18.08647,57.43346],[18.08656,57.43345],[18.08667,57.43344],[18.08669,57.43344],[18.08681,57.43345],[18.08684,57.43345],[18.0869,57.43346],[18.087,57.4335],[18.08701,57.4335],[18.08709,57.43356],[18.08718,57.43363],[18.08722,57.43367],[18.08724,57.4337],[18.08726,57.43372],[18.08727,57.43375],[18.0873,57.43379],[18.08735,57.43382],[18.08759,57.43396],[18.08768,57.43404],[18.0878,57.43416],[18.08783,57.43419],[18.08805,57.43446],[18.08811,57.43453],[18.08815,57.43457],[18.08827,57.43476],[18.0883,57.43482],[18.08832,57.43487],[18.08835,57.43494],[18.08841,57.43499],[18.08851,57.43505],[18.08871,57.4352],[18.08872,57.4352],[18.08894,57.4354],[18.089,57.43548],[18.08904,57.43554],[18.08916,57.4357],[18.08921,57.43577],[18.08925,57.43584],[18.0893,57.43591],[18.08961,57.43616],[18.08972,57.43627],[18.08981,57.43635],[18.08988,57.43643],[18.09015,57.43666],[18.09022,57.43673],[18.0903,57.43678],[18.09037,57.43686],[18.09094,57.43764],[18.09093,57.43769],[18.09091,57.43773],[18.09086,57.43778],[18.09082,57.43782],[18.0908,57.43788],[18.0908,57.43788],[18.0909,57.43795],[18.091,57.43799],[18.09112,57.43801],[18.09124,57.43802],[18.09139,57.43803],[18.09155,57.43802],[18.09165,57.43801],[18.09173,57.43801],[18.09206,57.4382],[18.09212,57.43823],[18.09223,57.4383],[18.09232,57.43834],[18.09241,57.43839],[18.09252,57.43845],[18.09259,57.4385],[18.09265,57.43853],[18.09268,57.43853],[18.09288,57.43859],[18.09349,57.43887],[18.0936,57.43896],[18.09397,57.43912],[18.09428,57.43922],[18.09453,57.43929],[18.0947,57.43931],[18.09498,57.43934],[18.09517,57.43936],[18.09525,57.43937],[18.09537,57.43937],[18.09577,57.43936],[18.0959,57.43936],[18.09616,57.43933],[18.09622,57.43932],[18.09635,57.43929],[18.09648,57.43924],[18.09657,57.43919],[18.0967,57.43913],[18.09675,57.43911],[18.09679,57.43909],[18.09684,57.43906],[18.0969,57.43902],[18.09696,57.439],[18.09704,57.43897],[18.09716,57.43896],[18.09725,57.43895],[18.09734,57.43895],[18.09745,57.43895],[18.09756,57.43896],[18.09761,57.43898],[18.0976,57.439],[18.09754,57.43902],[18.09751,57.43901],[18.09745,57.439],[18.09745,57.439],[18.09745,57.439],[18.09745,57.439],[18.09745,57.439],[18.09745,57.43904],[18.09745,57.43904],[18.09745,57.43904],[18.09755,57.43905],[18.09782,57.43901],[18.09814,57.43891],[18.09827,57.43887],[18.0984,57.43882],[18.09851,57.43874],[18.09855,57.43869],[18.0986,57.43864],[18.09866,57.43852],[18.09865,57.43847],[18.09861,57.43842],[18.09857,57.43836],[18.0985,57.43829],[18.09844,57.43824],[18.09833,57.43816],[18.09816,57.43803],[18.09809,57.43794],[18.09804,57.43789],[18.09798,57.43782],[18.09792,57.43775],[18.0979,57.43767],[18.09785,57.43755],[18.09784,57.4375],[18.09783,57.43743],[18.09781,57.43737],[18.09778,57.43732],[18.09775,57.43729],[18.09772,57.43725],[18.0977,57.43719],[18.09767,57.43714],[18.09765,57.43706],[18.09765,57.43698],[18.09764,57.43689],[18.09765,57.43682],[18.09769,57.43672],[18.0977,57.43663],[18.09772,57.43656],[18.09775,57.43647],[18.09765,57.43627],[18.0976,57.43623],[18.09754,57.43616],[18.09742,57.43601],[18.09737,57.43596],[18.09735,57.43591],[18.09733,57.43586],[18.09731,57.43581],[18.09728,57.43575],[18.09726,57.4357],[18.09723,57.43564],[18.0972,57.43559],[18.09714,57.43551],[18.09711,57.43546],[18.09705,57.43536],[18.09701,57.43528],[18.09697,57.43521],[18.09694,57.43512],[18.09689,57.43504],[18.09686,57.43496],[18.09685,57.4349],[18.09686,57.43482],[18.09688,57.43477],[18.09691,57.43469],[18.09693,57.43465],[18.09694,57.43461],[18.0969,57.43455],[18.09681,57.43451],[18.09674,57.43445],[18.09663,57.43437],[18.09654,57.4343],[18.09649,57.43426],[18.09643,57.43418],[18.09637,57.4341],[18.09633,57.43404],[18.09621,57.43395],[18.09617,57.4339],[18.09614,57.43383],[18.09611,57.43377],[18.09609,57.43371],[18.09608,57.43365],[18.09607,57.43359],[18.09605,57.43347],[18.09605,57.43343],[18.09606,57.43336],[18.09605,57.4333],[18.09604,57.43325],[18.09602,57.4332],[18.09599,57.43314],[18.09597,57.43308],[18.09597,57.43303],[18.09596,57.43299],[18.09589,57.43292],[18.09583,57.43288],[18.09575,57.43283],[18.0957,57.43279],[18.09558,57.43271],[18.09551,57.43267],[18.09547,57.43263],[18.09541,57.43258],[18.09525,57.43249],[18.09519,57.43246],[18.09516,57.43243],[18.09514,57.43237],[18.09513,57.43232],[18.09513,57.43226],[18.09512,57.43221],[18.09509,57.43216],[18.09503,57.43211],[18.09497,57.43206],[18.09486,57.432],[18.09473,57.43193],[18.09461,57.43188],[18.09452,57.43184],[18.09439,57.43178],[18.09427,57.43173],[18.09419,57.4317],[18.09404,57.43163],[18.09396,57.4316],[18.09387,57.43155],[18.09379,57.43151],[18.09372,57.43147],[18.09366,57.43143],[18.09356,57.43138],[18.09349,57.43134],[18.09343,57.4313],[18.09336,57.43126],[18.09329,57.43121],[18.09324,57.43115],[18.09319,57.4311],[18.09316,57.43104],[18.09313,57.43097],[18.09311,57.4309],[18.0931,57.43083],[18.0931,57.4308],[18.09315,57.43077],[18.09315,57.43077],[18.09314,57.43068],[18.09311,57.43064],[18.09306,57.4306],[18.09301,57.43056],[18.09292,57.4305],[18.09285,57.43045],[18.0928,57.43041],[18.09275,57.43036],[18.09269,57.4303],[18.09266,57.43022],[18.09252,57.43017],[18.09244,57.43013],[18.09237,57.4301],[18.09228,57.43006],[18.09222,57.43002],[18.09219,57.42996],[18.09217,57.42993],[18.09217,57.4299],[18.09221,57.42987],[18.0923,57.42985],[18.09237,57.4298],[18.09242,57.42974],[18.09246,57.42971],[18.09246,57.42971],[18.09246,57.42971],[18.09246,57.42971],[18.09239,57.4297],[18.09238,57.4297],[18.09231,57.42974],[18.09223,57.42979],[18.09219,57.42981],[18.09213,57.42983],[18.0921,57.42983],[18.09207,57.42976],[18.09203,57.4297],[18.092,57.42966],[18.09201,57.4296],[18.09205,57.42953],[18.09205,57.42953],[18.09199,57.42946],[18.0919,57.42942],[18.0918,57.42937],[18.0918,57.42937],[18.0918,57.42937],[18.09176,57.42941],[18.09172,57.42929],[18.09171,57.42923],[18.09171,57.42917],[18.09167,57.42912],[18.09167,57.42912],[18.0916,57.42911],[18.09154,57.42911],[18.09154,57.42911],[18.09154,57.42911],[18.0915,57.4292],[18.09149,57.42929],[18.09147,57.42934],[18.09142,57.42941],[18.09137,57.42945],[18.09129,57.42947],[18.09113,57.4295],[18.09104,57.42952],[18.09089,57.42954],[18.09075,57.42956],[18.09065,57.42957],[18.09052,57.42959],[18.09039,57.42961],[18.09013,57.42964],[18.09,57.42964],[18.08988,57.42965],[18.08974,57.42965],[18.08961,57.42964],[18.08951,57.42962],[18.0894,57.42961],[18.08931,57.42959],[18.08919,57.42955],[18.08912,57.42952],[18.08905,57.42947],[18.089,57.42942],[18.08895,57.42935],[18.08882,57.42927],[18.08878,57.42923],[18.08878,57.42923],[18.08874,57.42923],[18.08868,57.42917],[18.08857,57.42915],[18.08847,57.42915],[18.08833,57.42912],[18.08823,57.42908],[18.08813,57.42904],[18.08805,57.42901],[18.08793,57.429],[18.08793,57.429],[18.08778,57.42904],[18.08772,57.4291],[18.08773,57.42916],[18.08776,57.42923],[18.0878,57.42932],[18.08775,57.42942],[18.08766,57.42948],[18.08753,57.42952],[18.0874,57.42955],[18.08728,57.42956]]]},"properties":{"NVRID":"2000130","NAMN":"Västergarns utholme","SKYDDSTYP":"Naturreservat","LAN":"Gotlands Län","KOMMUN":"Gotland","IUCNKATEGORI":"IV, Habitat/Artskyddsområde (Habitat/Species Management Area)","FORVALTARE":"Länsstyrelsen i Gotlands län","AREA_HA":50.362,"URSPR_BESLUTSDATUM":"1990-03-26"}},{"type":"Feature","geometry":{"type":"Polygon","coordinates":[[[18.22761,57.25427],[18.22761,57.25472],[18.22761,57.25472],[18.22761,57.25472],[18.22846,57.25484],[18.22856,57.25572],[18.22856,57.25572],[18.22856,57.25572],[18.22916,57.25573],[18.22913,57.25605],[18.2295,57.2569],[18.2295,57.2569],[18.23169,57.25729],[18.23169,57.25729],[18.23169,57.25729],[18.23169,57.25729],[18.23272,57.25548],[18.23467,57.25575],[18.23358,57.25763],[18.23273,57.25761],[18.23272,57.25761],[18.23272,57.25761],[18.23272,57.2578],[18.23272,57.2578],[18.23272,57.2578],[18.23295,57.25782],[18.23577,57.25776],[18.23576,57.25799],[18.23576,57.25799],[18.23609,57.25809],[18.23748,57.25834],[18.23933,57.25868],[18.23934,57.25868],[18.24034,57.25835],[18.24051,57.25997],[18.23945,57.26003],[18.23945,57.26004],[18.23945,57.26004],[18.23951,57.26067],[18.23625,57.26021],[18.23625,57.26021],[18.23625,57.26021],[18.23624,57.26021],[18.23631,57.26064],[18.2363,57.26114],[18.23562,57.26121],[18.23562,57.26121],[18.23562,57.26121],[18.23566,57.26152],[18.23566,57.26152],[18.23566,57.26152],[18.23965,57.2624],[18.23965,57.2624],[18.24208,57.26164],[18.24421,57.26098],[18.24422,57.26098],[18.24421,57.26098],[18.24279,57.25972],[18.24309,57.25961],[18.24309,57.25961],[18.24309,57.25961],[18.24143,57.258],[18.2431,57.25745],[18.2431,57.25745],[18.2431,57.25745],[18.2431,57.25745],[18.24121,57.25547],[18.24245,57.25451],[18.24245,57.25451],[18.24053,57.25313],[18.23892,57.25197],[18.234,57.25106],[18.234,57.25106],[18.234,57.25106],[18.23217,57.25258],[18.23196,57.25291],[18.23086,57.25262],[18.23029,57.25256],[18.23029,57.25256],[18.23006,57.25259],[18.22763,57.25245],[18.22763,57.25245],[18.22736,57.2527],[18.2271,57.25288],[18.2271,57.25288],[18.22718,57.2542],[18.22718,57.2542],[18.22718,57.2542],[18.22761,57.25427]]]},"properties":{"NVRID":"2014006","NAMN":"Bosarve lövskog","SKYDDSTYP":"Naturreservat","LAN":"Gotlands Län","KOMMUN":"Gotland","IUCNKATEGORI":"Ia, Strikt naturreservat (Strict Nature Reserve)","FORVALTARE":"Länsstyrelsen i Gotlands län","AREA_HA":60.957,"URSPR_BESLUTSDATUM":"2008-05-14"}},{"type":"Feature","geometry":{"type":"Polygon","coordinates":[[[18.14327,56.93452],[18.14327,56.93452],[18.14359,56.93541],[18.14377,56.93613],[18.14384,56.93642],[18.14371,56.93743],[18.1438,56.93759],[18.14392,56.93766],[18.14405,56.9377],[18.14431,56.9378],[18.14466,56.93791],[18.14514,56.9379],[18.14596,56.93796],[18.14622,56.93821],[18.14805,56.93963],[18.14809,56.93966],[18.14885,56.94024],[18.14977,56.94097],[18.14994,56.94108],[18.1501,56.94133],[18.15012,56.94144],[18.15012,56.94185],[18.15014,56.94219],[18.15015,56.9426],[18.1506,56.94332],[18.15102,56.944],[18.15116,56.94423],[18.15175,56.94514],[18.15181,56.94524],[18.15197,56.94551],[18.15206,56.94564],[18.15242,56.94595],[18.15267,56.94608],[18.15324,56.94619],[18.15355,56.94619],[18.15415,56.94619],[18.15495,56.94615],[18.15632,56.94654],[18.15713,56.94719],[18.15861,56.94837],[18.15886,56.94849],[18.16034,56.95017],[18.16143,56.95142],[18.16309,56.95327],[18.16309,56.95327],[18.16309,56.95327],[18.1642,56.95329],[18.16643,56.95334],[18.16643,56.95334],[18.16663,56.9532],[18.1667,56.95315],[18.16674,56.95309],[18.16679,56.95304],[18.16684,56.95299],[18.16686,56.95294],[18.16688,56.95289],[18.16691,56.95284],[18.16693,56.95279],[18.16696,56.95274],[18.16697,56.95268],[18.16698,56.95262],[18.16697,56.95257],[18.16686,56.95206],[18.16656,56.95165],[18.16646,56.95155],[18.16638,56.9515],[18.16632,56.95144],[18.16625,56.95139],[18.16618,56.95134],[18.16601,56.9512],[18.16512,56.95025],[18.1648,56.94995],[18.1647,56.94988],[18.1646,56.94982],[18.16452,56.94977],[18.16379,56.9494],[18.16359,56.94933],[18.16343,56.94925],[18.16321,56.94913],[18.16304,56.949],[18.1628,56.94883],[18.16265,56.9487],[18.16235,56.94843],[18.16156,56.94773],[18.16115,56.94738],[18.16007,56.94659],[18.15998,56.94653],[18.15991,56.94649],[18.15982,56.94644],[18.15969,56.94638],[18.15867,56.94594],[18.15615,56.9449],[18.15513,56.94458],[18.15409,56.94426],[18.15315,56.944],[18.15277,56.94386],[18.15261,56.94378],[18.15209,56.94335],[18.1517,56.94298],[18.15128,56.94256],[18.15105,56.94228],[18.15085,56.94199],[18.15067,56.94164],[18.1505,56.94108],[18.15048,56.94099],[18.15031,56.94068],[18.15022,56.94054],[18.15015,56.94047],[18.1501,56.9404],[18.15004,56.94036],[18.14999,56.9403],[18.14994,56.94025],[18.14989,56.9402],[18.14945,56.9399],[18.14881,56.93966],[18.14872,56.93961],[18.14804,56.93921],[18.14803,56.93919],[18.14762,56.93882],[18.14726,56.93859],[18.147,56.93845],[18.1468,56.93794],[18.14675,56.93789],[18.14663,56.93751],[18.14657,56.93736],[18.1462,56.93677],[18.14611,56.9366],[18.14588,56.93622],[18.1458,56.93603],[18.14501,56.93464],[18.14487,56.93433],[18.14465,56.93404],[18.14427,56.93354],[18.14321,56.93221],[18.14321,56.9322],[18.14321,56.9322],[18.14186,56.93242],[18.14186,56.93242],[18.14186,56.93242],[18.14265,56.93338],[18.14327,56.93452]]]},"properties":{"NVRID":"2000126","NAMN":"Husrygg","SKYDDSTYP":"Naturreservat","LAN":"Gotlands Län","KOMMUN":"Gotland","IUCNKATEGORI":"III, Naturmonument (Natural Monument)","FORVALTARE":"Länsstyrelsen i Gotlands län","AREA_HA":38.412,"URSPR_BESLUTSDATUM":"1949-03-30"}},{"type":"Feature","geometry":{"type":"Polygon","coordinates":[[[18.18932,56.93659],[18.18564,56.93682],[18.18563,56.93682],[18.18563,56.93682],[18.18594,56.93711],[18.18623,56.93749],[18.1867,56.93808],[18.18723,56.93853],[18.18742,56.93866],[18.18846,56.93918],[18.18904,56.93942],[18.19029,56.93974],[18.19066,56.93983],[18.19132,56.93996],[18.1922,56.94013],[18.19245,56.9402],[18.19269,56.94027],[18.19318,56.94048],[18.19343,56.94062],[18.19382,56.94088],[18.1948,56.94158],[18.19631,56.94269],[18.19656,56.94283],[18.19656,56.94283],[18.19656,56.94283],[18.19875,56.94245],[18.19923,56.94295],[18.1995,56.94364],[18.19933,56.94456],[18.19907,56.94477],[18.19907,56.94477],[18.19907,56.94478],[18.19945,56.94494],[18.19945,56.94494],[18.1999,56.94485],[18.1999,56.94485],[18.1999,56.94485],[18.20008,56.94385],[18.20074,56.94399],[18.20149,56.94379],[18.20149,56.94379],[18.20172,56.94292],[18.20156,56.94196],[18.20362,56.94135],[18.2044,56.94112],[18.20753,56.9402],[18.20755,56.94019],[18.20755,56.94019],[18.20755,56.94019],[18.20562,56.93557],[18.20561,56.93557],[18.20561,56.93557],[18.20312,56.93573],[18.19948,56.93126],[18.19948,56.93126],[18.19947,56.93126],[18.19343,56.93171],[18.19343,56.93171],[18.19147,56.93374],[18.18983,56.93543],[18.18921,56.93607],[18.18921,56.93607],[18.18932,56.93659]]]},"properties":{"NVRID":"2000109","NAMN":"Muskmyr","SKYDDSTYP":"Naturreservat","LAN":"Gotlands Län","KOMMUN":"Gotland","IUCNKATEGORI":"IV, Habitat/Artskyddsområde (Habitat/Species Management Area)","FORVALTARE":"Länsstyrelsen i Gotlands län","AREA_HA":102.111,"URSPR_BESLUTSDATUM":"1985-10-21"}},{"type":"Feature","geometry":{"type":"Polygon","coordinates":[[[18.82714,57.87459],[18.82714,57.87459],[18.82736,57.87503],[18.82799,57.87524],[18.82799,57.87524],[18.82889,57.87518],[18.83008,57.87475],[18.83266,57.8749],[18.83266,57.8749],[18.83266,57.8749],[18.83271,57.87478],[18.83712,57.87519],[18.83712,57.87519],[18.83712,57.87519],[18.83712,57.87519],[18.83714,57.87514],[18.83718,57.87507],[18.83724,57.87499],[18.83732,57.87492],[18.8374,57.87486],[18.83752,57.87478],[18.83775,57.87464],[18.83784,57.87457],[18.83789,57.87452],[18.83794,57.87445],[18.83801,57.87431],[18.83802,57.87429],[18.8381,57.8742],[18.83818,57.87413],[18.83826,57.87406],[18.83833,57.87402],[18.83868,57.87382],[18.83892,57.87367],[18.83905,57.87357],[18.83914,57.87349],[18.83922,57.87339],[18.83936,57.87313],[18.83948,57.87298],[18.83958,57.87281],[18.83977,57.87235],[18.83982,57.87226],[18.83988,57.87218],[18.83993,57.87212],[18.84001,57.87197],[18.84013,57.87174],[18.84017,57.87167],[18.84022,57.87161],[18.84028,57.87155],[18.84059,57.87133],[18.84073,57.87125],[18.84082,57.87121],[18.84143,57.87094],[18.84163,57.87087],[18.84181,57.8708],[18.84212,57.87071],[18.84229,57.87064],[18.8424,57.87058],[18.84247,57.87053],[18.84255,57.87047],[18.84275,57.87028],[18.84298,57.87002],[18.8431,57.86984],[18.84321,57.86967],[18.8433,57.86957],[18.84342,57.86944],[18.8435,57.86935],[18.84359,57.86923],[18.84362,57.86915],[18.84367,57.86902],[18.8437,57.86888],[18.84377,57.86858],[18.8438,57.86841],[18.84384,57.86828],[18.8439,57.86819],[18.84396,57.86814],[18.84406,57.86807],[18.84447,57.86783],[18.84505,57.8675],[18.84515,57.86742],[18.84527,57.86733],[18.84575,57.86694],[18.84615,57.86661],[18.8466,57.86623],[18.84679,57.86607],[18.84707,57.86579],[18.84724,57.86555],[18.84755,57.86522],[18.84785,57.86488],[18.84785,57.86488],[18.84785,57.86488],[18.84445,57.86381],[18.84493,57.86341],[18.84493,57.86341],[18.84427,57.86281],[18.84305,57.86266],[18.84305,57.86266],[18.84305,57.86266],[18.84219,57.86378],[18.83791,57.86385],[18.83791,57.86385],[18.83741,57.86469],[18.83595,57.86593],[18.83571,57.86723],[18.83558,57.86834],[18.83485,57.86862],[18.83379,57.86823],[18.8324,57.86755],[18.82945,57.86721],[18.82945,57.86721],[18.82944,57.86721],[18.82764,57.86798],[18.82764,57.86798],[18.82764,57.86798],[18.82812,57.86856],[18.82842,57.86957],[18.82845,57.87038],[18.82822,57.87241],[18.82767,57.87315],[18.8278,57.87384],[18.82714,57.87459]]]},"properties":{"NVRID":"2013502","NAMN":"Horsan","SKYDDSTYP":"Naturreservat","LAN":"Gotlands Län","KOMMUN":"Gotland","IUCNKATEGORI":"Ia, Strikt naturreservat (Strict Nature Reserve)","FORVALTARE":"Länsstyrelsen i Gotlands län","AREA_HA":89.292,"URSPR_BESLUTSDATUM":"2007-12-19"}},{"type":"Feature","geometry":{"type":"Polygon","coordinates":[[[18.30568,57.65119],[18.30568,57.65119],[18.30568,57.65119],[18.30568,57.65119],[18.30644,57.65208],[18.30692,57.65263],[18.3076,57.65332],[18.30802,57.65385],[18.30828,57.6544],[18.309,57.65571],[18.31008,57.65655],[18.31116,57.65738],[18.31116,57.65738],[18.31116,57.65738],[18.31276,57.65662],[18.31319,57.65642],[18.31345,57.65632],[18.31366,57.65627],[18.31384,57.65624],[18.31405,57.65624],[18.31422,57.6563],[18.31438,57.65639],[18.31438,57.65639],[18.31438,57.65639],[18.31552,57.65582],[18.31626,57.65629],[18.31699,57.65682],[18.31774,57.65736],[18.31826,57.65769],[18.31867,57.65797],[18.31867,57.65797],[18.3188,57.65798],[18.31893,57.65795],[18.3191,57.65807],[18.31945,57.65845],[18.31984,57.65882],[18.31984,57.65882],[18.31984,57.65882],[18.31984,57.65882],[18.31984,57.65882],[18.31996,57.65865],[18.31996,57.65865],[18.31978,57.65835],[18.3197,57.65802],[18.31976,57.65798],[18.32065,57.65762],[18.32302,57.65667],[18.32302,57.65667],[18.32302,57.65667],[18.32288,57.65657],[18.32269,57.65642],[18.32199,57.65586],[18.32113,57.65504],[18.32113,57.65503],[18.32113,57.65503],[18.32113,57.65503],[18.3211,57.65504],[18.32108,57.65505],[18.32103,57.6551],[18.32092,57.65516],[18.3208,57.65519],[18.32068,57.65521],[18.32045,57.65521],[18.32031,57.6552],[18.32018,57.6552],[18.32003,57.6552],[18.31983,57.65524],[18.31955,57.65526],[18.31937,57.65528],[18.31925,57.6553],[18.31905,57.65525],[18.31882,57.65517],[18.31856,57.65514],[18.31855,57.65514],[18.31845,57.65519],[18.31845,57.65519],[18.31842,57.65535],[18.31844,57.65552],[18.31851,57.6556],[18.31875,57.65576],[18.31894,57.65586],[18.31817,57.65619],[18.31793,57.65629],[18.31678,57.65545],[18.31617,57.655],[18.31608,57.65496],[18.31608,57.65496],[18.31581,57.65496],[18.31461,57.65435],[18.31599,57.65376],[18.31635,57.65398],[18.31662,57.65407],[18.31688,57.65421],[18.31806,57.65474],[18.31861,57.65496],[18.31886,57.65507],[18.3192,57.65524],[18.3192,57.65524],[18.31933,57.65521],[18.31955,57.65519],[18.3198,57.65517],[18.32001,57.65513],[18.32017,57.65512],[18.32032,57.65513],[18.32046,57.65513],[18.32067,57.65513],[18.32075,57.65512],[18.32084,57.6551],[18.32107,57.65498],[18.32107,57.65498],[18.32107,57.65498],[18.3202,57.65414],[18.31914,57.65318],[18.31904,57.65306],[18.31852,57.65259],[18.3183,57.65238],[18.31824,57.65232],[18.31805,57.65215],[18.31805,57.65215],[18.31805,57.65215],[18.31789,57.65222],[18.31534,57.6534],[18.3111,57.65183],[18.31124,57.6511],[18.31633,57.65079],[18.31633,57.65079],[18.31633,57.65079],[18.31633,57.65079],[18.31589,57.65053],[18.31583,57.65046],[18.31594,57.65039],[18.31597,57.65038],[18.31597,57.65037],[18.31597,57.65037],[18.31259,57.64851],[18.3124,57.64847],[18.31184,57.64813],[18.31184,57.64813],[18.31184,57.64813],[18.31163,57.64822],[18.31134,57.64834],[18.3109,57.6485],[18.3105,57.64864],[18.31005,57.64881],[18.30968,57.64891],[18.30941,57.64896],[18.30896,57.64905],[18.30826,57.64917],[18.30808,57.64885],[18.30779,57.64843],[18.30751,57.64805],[18.30721,57.64777],[18.30698,57.6476],[18.30698,57.6476],[18.30698,57.6476],[18.30655,57.64769],[18.3065,57.6477],[18.30643,57.64772],[18.30616,57.64755],[18.30601,57.64741],[18.30531,57.64691],[18.30531,57.64691],[18.30531,57.64691],[18.3043,57.64721],[18.3043,57.64721],[18.30422,57.64773],[18.30422,57.64773],[18.30458,57.64799],[18.30518,57.6484],[18.30518,57.6484],[18.30518,57.6484],[18.30546,57.64832],[18.30563,57.64844],[18.30542,57.64855],[18.30542,57.64855],[18.30542,57.64855],[18.30606,57.64903],[18.30616,57.64918],[18.30595,57.64929],[18.3058,57.64936],[18.3042,57.65012],[18.30419,57.65012],[18.3042,57.65012],[18.30477,57.65047],[18.30531,57.65085],[18.30567,57.65116],[18.30568,57.65119]]]},"properties":{"NVRID":"2000431","NAMN":"Galgberget","SKYDDSTYP":"Naturreservat","LAN":"Gotlands Län","KOMMUN":"Gotland","IUCNKATEGORI":"III, Naturmonument (Natural Monument)","FORVALTARE":"Region Gotland","AREA_HA":55.179,"URSPR_BESLUTSDATUM":"1998-03-25"}},{"type":"Feature","geometry":{"type":"Polygon","coordinates":[[[18.58564,57.79755],[18.57676,57.79683],[18.57676,57.79683],[18.57676,57.79683],[18.57589,57.80107],[18.57589,57.80107],[18.57589,57.80107],[18.58073,57.80137],[18.59191,57.8021],[18.59191,57.8021],[18.59191,57.8021],[18.59191,57.8021],[18.59191,57.8021],[18.59076,57.80059],[18.59119,57.80063],[18.5912,57.80063],[18.5912,57.80063],[18.59051,57.79913],[18.59067,57.79894],[18.59127,57.79828],[18.59266,57.798],[18.59274,57.798],[18.59274,57.798],[18.59274,57.798],[18.59305,57.79727],[18.59355,57.79732],[18.59355,57.79732],[18.59355,57.79732],[18.59378,57.79671],[18.59553,57.79686],[18.59553,57.79686],[18.59553,57.79686],[18.59553,57.79686],[18.59587,57.79606],[18.59587,57.79605],[18.59587,57.79605],[18.59532,57.79596],[18.59503,57.7951],[18.59503,57.7951],[18.59503,57.79509],[18.59473,57.79508],[18.59426,57.79508],[18.59308,57.79469],[18.59306,57.79405],[18.5936,57.79399],[18.5936,57.79399],[18.5936,57.79399],[18.59336,57.7925],[18.59336,57.7925],[18.59336,57.7925],[18.59336,57.7925],[18.59297,57.79256],[18.59291,57.79175],[18.59291,57.79175],[18.59291,57.79175],[18.59178,57.7916],[18.59207,57.7903],[18.59776,57.79066],[18.59776,57.79066],[18.59776,57.79066],[18.59776,57.79066],[18.59774,57.78979],[18.5971,57.78928],[18.59687,57.78881],[18.59686,57.78881],[18.59469,57.78837],[18.59265,57.78809],[18.58716,57.78787],[18.58715,57.78787],[18.58715,57.78787],[18.58715,57.78787],[18.58715,57.78787],[18.58706,57.78868],[18.58706,57.78868],[18.58975,57.79013],[18.58866,57.79181],[18.58533,57.79312],[18.58533,57.79312],[18.58533,57.79312],[18.58708,57.79574],[18.58708,57.79574],[18.58708,57.79574],[18.58775,57.79573],[18.58833,57.79685],[18.58586,57.79663],[18.58586,57.79663],[18.58585,57.79663],[18.58585,57.79663],[18.58564,57.79755]]]},"properties":{"NVRID":"2002952","NAMN":"Gräne","SKYDDSTYP":"Naturreservat","LAN":"Gotlands Län","KOMMUN":"Gotland","IUCNKATEGORI":"Ia, Strikt naturreservat (Strict Nature Reserve)","FORVALTARE":"Länsstyrelsen i Gotlands län","AREA_HA":86.337,"URSPR_BESLUTSDATUM":"2005-08-12"}},{"type":"Feature","geometry":{"type":"Polygon","coordinates":[[[18.70503,57.61039],[18.69859,57.61252],[18.69859,57.61252],[18.69859,57.61252],[18.69859,57.61252],[18.70257,57.6147],[18.7058,57.61646],[18.7058,57.61646],[18.7058,57.61646],[18.70775,57.61544],[18.70891,57.61483],[18.71012,57.61418],[18.71012,57.61418],[18.71012,57.61418],[18.71012,57.61418],[18.70995,57.61414],[18.70964,57.61405],[18.70932,57.61397],[18.70912,57.61391],[18.70898,57.61387],[18.70889,57.61383],[18.70858,57.6137],[18.70792,57.61341],[18.7078,57.61335],[18.70773,57.6133],[18.70765,57.61323],[18.70758,57.61315],[18.70727,57.6128],[18.70707,57.6126],[18.70692,57.61242],[18.70639,57.61185],[18.70606,57.61149],[18.706,57.61143],[18.70931,57.6097],[18.70931,57.6097],[18.70931,57.6097],[18.70817,57.60784],[18.7071,57.60612],[18.7071,57.60612],[18.70237,57.60611],[18.70237,57.60611],[18.70177,57.60678],[18.70177,57.60678],[18.7019,57.60692],[18.70217,57.60722],[18.70255,57.60761],[18.70273,57.60783],[18.70309,57.6082],[18.70371,57.60886],[18.70407,57.60924],[18.70436,57.60956],[18.70462,57.60984],[18.70501,57.61026],[18.70508,57.61033],[18.70503,57.61039]]]},"properties":{"NVRID":"2058846","NAMN":"Svalings","SKYDDSTYP":"Naturreservat","LAN":"Gotlands Län","KOMMUN":"Gotland","IUCNKATEGORI":"Ia, Strikt naturreservat (Strict Nature Reserve)","FORVALTARE":"Länsstyrelsen i Gotlands län","AREA_HA":36.689,"URSPR_BESLUTSDATUM":"2022-10-05"}},{"type":"Feature","geometry":{"type":"Polygon","coordinates":[[[18.35468,57.69333],[18.35356,57.69242],[18.35356,57.69242],[18.35356,57.69242],[18.35331,57.69251],[18.35331,57.69251],[18.35331,57.69251],[18.35457,57.69354],[18.35457,57.69354],[18.35457,57.69354],[18.35477,57.69345],[18.35513,57.6936],[18.35615,57.69427],[18.35669,57.69471],[18.3567,57.69471],[18.35965,57.6944],[18.35966,57.6944],[18.35995,57.69407],[18.3606,57.69374],[18.36061,57.69374],[18.36061,57.69374],[18.36052,57.69363],[18.36044,57.69352],[18.36035,57.69341],[18.36028,57.6933],[18.3602,57.6932],[18.36013,57.69309],[18.36005,57.69298],[18.35991,57.69277],[18.35985,57.69269],[18.35978,57.69262],[18.3597,57.69254],[18.3596,57.69248],[18.35949,57.69243],[18.35937,57.69238],[18.35926,57.69234],[18.35919,57.69232],[18.35913,57.69231],[18.35909,57.6923],[18.35903,57.69231],[18.35896,57.69231],[18.35888,57.69234],[18.35876,57.69237],[18.35823,57.69252],[18.35765,57.69269],[18.35765,57.69269],[18.3576,57.69273],[18.3576,57.69273],[18.3576,57.69273],[18.35832,57.69347],[18.35751,57.6937],[18.3568,57.69361],[18.35611,57.69365],[18.35563,57.69353],[18.35468,57.69333]]]},"properties":{"NVRID":"2014004","NAMN":"Själsöån","SKYDDSTYP":"Naturreservat","LAN":"Gotlands Län","KOMMUN":"Gotland","IUCNKATEGORI":"0, Områden som ej kan klassificeras enligt IUCN: s system.","FORVALTARE":"Länsstyrelsen i Gotlands län","AREA_HA":4.618,"URSPR_BESLUTSDATUM":"2008-05-14"}},{"type":"Feature","geometry":{"type":"Polygon","coordinates":[[[18.35636,57.15642],[18.35636,57.15642],[18.35636,57.15642],[18.35636,57.15642],[18.35407,57.15633],[18.35407,57.15633],[18.35407,57.15633],[18.35265,57.15888],[18.35265,57.15888],[18.35265,57.15888],[18.35266,57.15888],[18.35531,57.15895],[18.35531,57.15895],[18.35531,57.15895],[18.35636,57.15642]]]},"properties":{"NVRID":"2048221","NAMN":"Kistänge","SKYDDSTYP":"Naturreservat","LAN":"Gotlands Län","KOMMUN":"Gotland","IUCNKATEGORI":"IV, Habitat/Artskyddsområde (Habitat/Species Management Area)","FORVALTARE":"Länsstyrelsen i Gotlands län","AREA_HA":4.303,"URSPR_BESLUTSDATUM":"2017-12-04"}},{"type":"Feature","geometry":{"type":"Polygon","coordinates":[[[18.7376,57.74415],[18.7387,57.74431],[18.73878,57.74531],[18.73878,57.74531],[18.73994,57.74582],[18.7416,57.74654],[18.74141,57.74776],[18.74141,57.74776],[18.74141,57.74776],[18.75073,57.74881],[18.75066,57.74889],[18.75066,57.7489],[18.75066,57.7489],[18.75096,57.74893],[18.75123,57.74898],[18.75177,57.74911],[18.75215,57.74922],[18.75249,57.7493],[18.75282,57.74939],[18.75325,57.74947],[18.75351,57.74952],[18.75382,57.74955],[18.75415,57.7496],[18.75448,57.74963],[18.75476,57.74967],[18.75501,57.74971],[18.75519,57.74976],[18.75555,57.74986],[18.75579,57.74995],[18.75605,57.75003],[18.75638,57.75012],[18.75682,57.75024],[18.75717,57.75034],[18.75774,57.75055],[18.75818,57.7507],[18.75866,57.75088],[18.75926,57.75114],[18.75962,57.75128],[18.76028,57.75144],[18.76058,57.7515],[18.76135,57.75168],[18.76179,57.7518],[18.76234,57.75193],[18.76274,57.75201],[18.76306,57.75207],[18.76336,57.7521],[18.76384,57.75214],[18.76421,57.75216],[18.76593,57.75237],[18.7664,57.75245],[18.76688,57.75251],[18.76726,57.75256],[18.76753,57.75258],[18.76778,57.75259],[18.76807,57.75259],[18.76835,57.75258],[18.7686,57.75255],[18.7689,57.75252],[18.76938,57.75242],[18.76983,57.75232],[18.77034,57.7522],[18.77045,57.75217],[18.77058,57.75212],[18.7707,57.75207],[18.7708,57.752],[18.77094,57.75188],[18.77098,57.75183],[18.77106,57.75174],[18.77111,57.75167],[18.77116,57.75149],[18.77124,57.75129],[18.77142,57.75092],[18.77149,57.7508],[18.77162,57.75068],[18.77169,57.75058],[18.77165,57.75048],[18.77167,57.75034],[18.77182,57.75008],[18.7719,57.74985],[18.77196,57.74967],[18.77198,57.74943],[18.77195,57.74921],[18.77185,57.74892],[18.77175,57.74878],[18.77154,57.74843],[18.77137,57.7482],[18.77107,57.74773],[18.77101,57.74754],[18.77097,57.7474],[18.77095,57.74719],[18.77092,57.74701],[18.7709,57.74677],[18.7709,57.74677],[18.7709,57.74677],[18.76981,57.74681],[18.76974,57.74569],[18.77095,57.74563],[18.77095,57.74563],[18.77095,57.74563],[18.77097,57.74535],[18.77096,57.74479],[18.77093,57.74458],[18.77086,57.74427],[18.77079,57.74407],[18.77069,57.74386],[18.77058,57.74366],[18.77039,57.7433],[18.7703,57.74312],[18.77018,57.74281],[18.77004,57.74249],[18.76996,57.7422],[18.76987,57.74191],[18.76981,57.74178],[18.76968,57.74166],[18.76962,57.74161],[18.7695,57.74153],[18.7688,57.74105],[18.76853,57.74088],[18.76803,57.74056],[18.76783,57.7404],[18.76767,57.74031],[18.76767,57.74031],[18.76767,57.74031],[18.7675,57.74036],[18.76709,57.7405],[18.76683,57.74061],[18.76663,57.74067],[18.76649,57.74071],[18.7664,57.74073],[18.76625,57.74075],[18.766,57.74079],[18.76537,57.74087],[18.76499,57.74091],[18.76418,57.74102],[18.7633,57.74113],[18.7633,57.74113],[18.7633,57.74113],[18.76355,57.74169],[18.7585,57.74238],[18.75671,57.74046],[18.75565,57.738],[18.76153,57.73724],[18.76324,57.74099],[18.76324,57.74099],[18.76324,57.74099],[18.76324,57.74099],[18.76412,57.74089],[18.76493,57.74078],[18.76532,57.74074],[18.76576,57.74068],[18.76594,57.74066],[18.76631,57.74061],[18.76669,57.7405],[18.76695,57.74039],[18.76749,57.7402],[18.7675,57.7402],[18.7675,57.7402],[18.7675,57.7402],[18.76723,57.74004],[18.76692,57.73983],[18.76664,57.73964],[18.76629,57.73941],[18.76608,57.73926],[18.76589,57.73911],[18.76565,57.7389],[18.76543,57.73869],[18.76529,57.73855],[18.76503,57.73832],[18.7648,57.73814],[18.76464,57.738],[18.76437,57.73781],[18.76407,57.73759],[18.76378,57.73737],[18.76345,57.73716],[18.76322,57.73701],[18.76305,57.73689],[18.76293,57.73682],[18.76277,57.73673],[18.76258,57.73663],[18.76225,57.73647],[18.76187,57.7363],[18.76154,57.73615],[18.76132,57.73604],[18.76107,57.73592],[18.76058,57.73568],[18.75995,57.73536],[18.7596,57.73517],[18.7595,57.73512],[18.75925,57.73495],[18.75882,57.73462],[18.75863,57.73447],[18.7584,57.73428],[18.75824,57.73414],[18.75804,57.73394],[18.75789,57.73376],[18.75774,57.73359],[18.75759,57.73336],[18.75746,57.73313],[18.75735,57.73288],[18.75722,57.73256],[18.75718,57.73246],[18.75715,57.73237],[18.75714,57.73237],[18.75714,57.73237],[18.75714,57.73237],[18.75714,57.73237],[18.744,57.73681],[18.74017,57.73678],[18.73957,57.73676],[18.73851,57.73672],[18.73851,57.73672],[18.73851,57.73672],[18.73851,57.73693],[18.73848,57.7376],[18.73755,57.73758],[18.73755,57.73758],[18.73755,57.73758],[18.73774,57.73819],[18.738,57.73881],[18.73828,57.73943],[18.73845,57.74006],[18.73849,57.74069],[18.73845,57.74132],[18.73825,57.74193],[18.73799,57.74257],[18.73757,57.74316],[18.73713,57.74375],[18.73665,57.74438],[18.73666,57.74438],[18.73766,57.74481],[18.73766,57.74481],[18.73766,57.74481],[18.73766,57.74481],[18.7376,57.74415]],[[18.77028,57.75099],[18.77023,57.75055],[18.77108,57.75049],[18.77111,57.75095],[18.77028,57.75099]]]},"properties":{"NVRID":"2052743","NAMN":"Hajdhagskogen","SKYDDSTYP":"Naturreservat","LAN":"Gotlands Län","KOMMUN":"Gotland","IUCNKATEGORI":"Ia, Strikt naturreservat (Strict Nature Reserve)","FORVALTARE":"Länsstyrelsen i Gotlands län","AREA_HA":274.632,"URSPR_BESLUTSDATUM":"2020-02-06"}},{"type":"Feature","geometry":{"type":"Polygon","coordinates":[[[18.96885,57.82699],[18.9697,57.82694],[18.9697,57.82694],[18.9697,57.82694],[18.96988,57.82561],[18.97003,57.82563],[18.97004,57.82563],[18.97004,57.82563],[18.97024,57.82455],[18.97023,57.82432],[18.97016,57.82375],[18.97005,57.82288],[18.97005,57.82288],[18.97005,57.82288],[18.97005,57.82288],[18.96481,57.82332],[18.96308,57.82345],[18.9625,57.82344],[18.9625,57.82344],[18.9625,57.82344],[18.9625,57.82344],[18.96277,57.8242],[18.9611,57.82772],[18.9611,57.82772],[18.9611,57.82772],[18.9639,57.82833],[18.9669,57.82862],[18.96863,57.82874],[18.96863,57.82874],[18.96863,57.82874],[18.96885,57.82699]]]},"properties":{"NVRID":"2045749","NAMN":"Nors","SKYDDSTYP":"Naturreservat","LAN":"Gotlands Län","KOMMUN":"Gotland","IUCNKATEGORI":"IV, Habitat/Artskyddsområde (Habitat/Species Management Area)","FORVALTARE":"Länsstyrelsen i Gotlands län","AREA_HA":26.418,"URSPR_BESLUTSDATUM":"2016-09-12"}},{"type":"Feature","geometry":{"type":"Polygon","coordinates":[[[18.67929,57.80011],[18.67929,57.80011],[18.67929,57.80011],[18.67928,57.80011],[18.67928,57.80011],[18.67606,57.80167],[18.673,57.80313],[18.6708,57.80419],[18.66877,57.80515],[18.66877,57.80515],[18.66877,57.80515],[18.66877,57.80515],[18.67119,57.80641],[18.67407,57.80792],[18.6764,57.80913],[18.67863,57.81029],[18.68106,57.81155],[18.68106,57.81155],[18.68106,57.81155],[18.68484,57.81016],[18.68508,57.81008],[18.6891,57.80858],[18.6891,57.80858],[18.6891,57.80858],[18.6891,57.80858],[18.68832,57.80818],[18.68632,57.80719],[18.68477,57.8064],[18.68236,57.80526],[18.68143,57.80395],[18.68056,57.80272],[18.67929,57.80011]]]},"properties":{"NVRID":"2064967","NAMN":"Hangvar Suderbys","SKYDDSTYP":"Naturreservat","LAN":"Gotlands Län","KOMMUN":"Gotland","IUCNKATEGORI":"Ia, Strikt naturreservat (Strict Nature Reserve)","FORVALTARE":"Länsstyrelsen i Gotlands län","AREA_HA":66.524,"URSPR_BESLUTSDATUM":"2024-12-17"}},{"type":"Feature","geometry":{"type":"Polygon","coordinates":[[[18.97406,57.82911],[18.97286,57.82902],[18.97155,57.82893],[18.9669,57.82862],[18.9639,57.82833],[18.9611,57.82772],[18.9611,57.82772],[18.9611,57.82772],[18.95845,57.83329],[18.95794,57.83917],[18.95794,57.83917],[18.96072,57.8397],[18.96293,57.84012],[18.96877,57.84123],[18.97179,57.8418],[18.98075,57.84349],[18.98356,57.84402],[18.98654,57.84459],[18.98801,57.84486],[18.98871,57.84499],[18.98871,57.84499],[18.98872,57.84499],[18.98872,57.84499],[18.98879,57.84431],[18.9889,57.84343],[18.98904,57.84236],[18.98913,57.84196],[18.98918,57.84174],[18.98927,57.84147],[18.98935,57.84122],[18.98946,57.84099],[18.98956,57.84078],[18.98984,57.84018],[18.98993,57.83991],[18.98997,57.8397],[18.98999,57.83938],[18.99,57.83904],[18.99001,57.83776],[18.99003,57.83654],[18.99005,57.8359],[18.99008,57.83505],[18.99008,57.83458],[18.99007,57.83427],[18.99005,57.83389],[18.99002,57.8337],[18.98996,57.83348],[18.98987,57.8333],[18.98977,57.83312],[18.98964,57.83292],[18.98948,57.83272],[18.98918,57.83236],[18.98889,57.83204],[18.98889,57.83204],[18.98889,57.83204],[18.98815,57.83211],[18.98422,57.83245],[18.98181,57.83267],[18.98141,57.83252],[18.98141,57.83252],[18.98141,57.83252],[18.98066,57.83318],[18.97932,57.83289],[18.97918,57.8324],[18.97944,57.83219],[18.97944,57.83219],[18.97944,57.83219],[18.97944,57.83219],[18.97838,57.83181],[18.97875,57.83155],[18.97985,57.8307],[18.98045,57.83025],[18.98266,57.83107],[18.98266,57.83107],[18.98266,57.83107],[18.98459,57.82974],[18.988,57.82738],[18.98837,57.82713],[18.98837,57.82713],[18.98837,57.82713],[18.98837,57.82713],[18.98506,57.82672],[18.98418,57.82655],[18.98309,57.82635],[18.98108,57.8264],[18.97916,57.82645],[18.97718,57.82655],[18.976,57.82673],[18.97452,57.82666],[18.97452,57.82666],[18.97452,57.82666],[18.9743,57.82787],[18.97406,57.82911]],[[18.97426,57.83382],[18.97419,57.83282],[18.97613,57.83288],[18.97608,57.83376],[18.97488,57.83374],[18.97426,57.83382]]]},"properties":{"NVRID":"2041250","NAMN":"Bräntings","SKYDDSTYP":"Naturreservat","LAN":"Gotlands Län","KOMMUN":"Gotland","IUCNKATEGORI":"IV, Habitat/Artskyddsområde (Habitat/Species Management Area)","FORVALTARE":"Länsstyrelsen i Gotlands län","AREA_HA":275.87,"URSPR_BESLUTSDATUM":"2013-05-29"}},{"type":"Feature","geometry":{"type":"Polygon","coordinates":[[[18.94795,57.8252],[18.94731,57.82425],[18.94731,57.82424],[18.94731,57.82424],[18.94731,57.82424],[18.9461,57.82442],[18.9461,57.82442],[18.9461,57.82442],[18.94751,57.83812],[18.94751,57.83812],[18.94751,57.83812],[18.94972,57.83855],[18.95074,57.83894],[18.95103,57.83931],[18.95103,57.83931],[18.95309,57.83976],[18.95414,57.83999],[18.95479,57.84017],[18.95526,57.84031],[18.95532,57.84034],[18.95532,57.84034],[18.95532,57.84033],[18.95542,57.84027],[18.95565,57.84013],[18.95587,57.83996],[18.95607,57.83982],[18.95629,57.8397],[18.95663,57.83959],[18.95694,57.83949],[18.95716,57.83942],[18.9575,57.83929],[18.95772,57.83921],[18.95794,57.83914],[18.95794,57.83914],[18.95845,57.83329],[18.96277,57.8242],[18.96205,57.82218],[18.96205,57.82218],[18.96205,57.82218],[18.96204,57.82218],[18.96204,57.82218],[18.96097,57.82267],[18.96097,57.82267],[18.96171,57.82402],[18.96037,57.82432],[18.95924,57.82468],[18.95836,57.82329],[18.95767,57.82278],[18.95767,57.82278],[18.95767,57.82278],[18.94795,57.8252]]]},"properties":{"NVRID":"2023129","NAMN":"Sigfride","SKYDDSTYP":"Naturreservat","LAN":"Gotlands Län","KOMMUN":"Gotland","IUCNKATEGORI":"IV, Habitat/Artskyddsområde (Habitat/Species Management Area)","FORVALTARE":"Länsstyrelsen i Gotlands län","AREA_HA":130.927,"URSPR_BESLUTSDATUM":"2010-09-06"}},{"type":"Feature","geometry":{"type":"Polygon","coordinates":[[[18.69026,57.57582],[18.69026,57.57582],[18.69026,57.57582],[18.69606,57.57792],[18.69991,57.57932],[18.70495,57.58115],[18.70495,57.58115],[18.70495,57.58115],[18.70571,57.57915],[18.70838,57.57841],[18.70838,57.57841],[18.70838,57.57841],[18.70838,57.57841],[18.69756,57.57431],[18.69409,57.573],[18.69409,57.573],[18.69409,57.573],[18.69026,57.57582]]]},"properties":{"NVRID":"2000450","NAMN":"Jusarve skog","SKYDDSTYP":"Naturreservat","LAN":"Gotlands Län","KOMMUN":"Gotland","IUCNKATEGORI":"0, Områden som ej kan klassificeras enligt IUCN: s system.","FORVALTARE":"Länsstyrelsen i Gotlands län","AREA_HA":38.284,"URSPR_BESLUTSDATUM":"2002-12-02"}},{"type":"Feature","geometry":{"type":"Polygon","coordinates":[[[19.08186,57.83777],[19.08158,57.83837],[19.08158,57.83837],[19.08158,57.83837],[19.08301,57.83872],[19.0891,57.84021],[19.0891,57.84021],[19.0891,57.84021],[19.0891,57.84021],[19.0891,57.8402],[19.0891,57.84007],[19.08915,57.8399],[19.08918,57.83984],[19.08924,57.83979],[19.08938,57.83967],[19.08952,57.83959],[19.08967,57.83948],[19.09001,57.83936],[19.09005,57.83932],[19.09009,57.83926],[19.09013,57.83922],[19.09024,57.83908],[19.0903,57.83902],[19.09035,57.83895],[19.09042,57.83884],[19.09048,57.83873],[19.09053,57.8386],[19.09058,57.83848],[19.09061,57.83841],[19.09064,57.83835],[19.09073,57.83825],[19.09075,57.83822],[19.09076,57.83821],[19.09079,57.83817],[19.09081,57.83811],[19.09082,57.83805],[19.09082,57.83804],[19.09082,57.83798],[19.09085,57.83789],[19.0909,57.83776],[19.09095,57.83767],[19.09097,57.83763],[19.09098,57.83758],[19.09095,57.83748],[19.09093,57.83736],[19.09093,57.83722],[19.09098,57.83704],[19.0911,57.8368],[19.09113,57.83674],[19.09122,57.83662],[19.09141,57.83644],[19.09157,57.83632],[19.09173,57.83621],[19.09204,57.83593],[19.09213,57.83585],[19.09222,57.83579],[19.09239,57.83567],[19.09247,57.83556],[19.09256,57.83545],[19.09261,57.83535],[19.09264,57.83524],[19.0927,57.83479],[19.09272,57.83471],[19.09274,57.83458],[19.09276,57.83444],[19.09284,57.83423],[19.09288,57.83413],[19.09297,57.83399],[19.09315,57.83387],[19.0932,57.83376],[19.09319,57.83343],[19.09319,57.83328],[19.09323,57.8329],[19.09317,57.83243],[19.0931,57.8321],[19.09308,57.8317],[19.09293,57.83121],[19.0929,57.83105],[19.093,57.83048],[19.093,57.83048],[19.093,57.83048],[19.09299,57.83048],[19.09155,57.83053],[19.09139,57.83051],[19.09127,57.83047],[19.09114,57.83042],[19.09082,57.83018],[19.09066,57.83007],[19.09052,57.82999],[19.09018,57.82993],[19.08974,57.82983],[19.08935,57.82976],[19.08895,57.82976],[19.08819,57.82987],[19.0871,57.83],[19.0871,57.83],[19.0871,57.83],[19.08693,57.83075],[19.08538,57.83075],[19.08538,57.83075],[19.08538,57.83075],[19.08538,57.83075],[19.08534,57.83115],[19.08527,57.83142],[19.0852,57.8316],[19.08519,57.83175],[19.08518,57.83179],[19.08518,57.83179],[19.08518,57.83179],[19.08533,57.8318],[19.08605,57.83188],[19.0858,57.83252],[19.08556,57.83247],[19.08411,57.83214],[19.08411,57.83214],[19.0841,57.83214],[19.08207,57.83411],[19.08207,57.83411],[19.08207,57.83411],[19.08279,57.83446],[19.08344,57.83488],[19.08215,57.83536],[19.08166,57.8349],[19.08139,57.83478],[19.08138,57.83478],[19.08138,57.83478],[19.08138,57.83478],[19.08053,57.83561],[19.08053,57.83561],[19.08053,57.83561],[19.08251,57.83615],[19.08242,57.83626],[19.08242,57.83626],[19.08242,57.83626],[19.08242,57.83626],[19.08299,57.83616],[19.08311,57.83634],[19.08253,57.83644],[19.08228,57.83645],[19.08228,57.83645],[19.08191,57.8368],[19.0809,57.8375],[19.0809,57.83751],[19.0809,57.83751],[19.08186,57.83777]]]},"properties":{"NVRID":"2010855","NAMN":"Bungenäs","SKYDDSTYP":"Naturreservat","LAN":"Gotlands Län","KOMMUN":"Gotland","IUCNKATEGORI":"Ia, Strikt naturreservat (Strict Nature Reserve)","FORVALTARE":"Länsstyrelsen i Gotlands län","AREA_HA":55.858,"URSPR_BESLUTSDATUM":"2006-12-20"}},{"type":"Feature","geometry":{"type":"Polygon","coordinates":[[[18.47042,57.16817],[18.4693,57.16933],[18.4693,57.16933],[18.4693,57.16933],[18.47993,57.17245],[18.47993,57.17245],[18.47993,57.17244],[18.48041,57.1721],[18.48103,57.17229],[18.48103,57.17229],[18.48103,57.17229],[18.48163,57.17186],[18.48286,57.17221],[18.48286,57.17221],[18.48286,57.17221],[18.48434,57.17103],[18.48479,57.17123],[18.48479,57.17123],[18.48479,57.17123],[18.4849,57.17116],[18.48525,57.17016],[18.48916,57.16874],[18.48916,57.16874],[18.49255,57.16544],[18.49502,57.1629],[18.49595,57.16204],[18.49667,57.16121],[18.49686,57.16027],[18.49634,57.15924],[18.49536,57.15832],[18.49437,57.15778],[18.49255,57.1573],[18.4897,57.15723],[18.48739,57.15738],[18.48118,57.15837],[18.47332,57.15977],[18.47332,57.15977],[18.47332,57.15977],[18.47544,57.1628],[18.47034,57.16814],[18.47034,57.16814],[18.47034,57.16814],[18.47042,57.16817]],[[18.47692,57.16902],[18.47837,57.16863],[18.47906,57.1685],[18.47913,57.16855],[18.4792,57.16864],[18.47925,57.16872],[18.47925,57.16882],[18.47926,57.16937],[18.47924,57.1695],[18.47922,57.16952],[18.47903,57.16973],[18.47861,57.16977],[18.47845,57.16978],[18.47844,57.16965],[18.47844,57.16965],[18.47844,57.16965],[18.47773,57.16958],[18.47726,57.16936],[18.47692,57.16902]]]},"properties":{"NVRID":"2000437","NAMN":"Ålarve","SKYDDSTYP":"Naturreservat","LAN":"Gotlands Län","KOMMUN":"Gotland","IUCNKATEGORI":"IV, Habitat/Artskyddsområde (Habitat/Species Management Area)","FORVALTARE":"Länsstyrelsen i Gotlands län","AREA_HA":174.728,"URSPR_BESLUTSDATUM":"1999-04-08"}},{"type":"Feature","geometry":{"type":"Polygon","coordinates":[[[18.61797,57.39624],[18.62066,57.39566],[18.62177,57.39614],[18.62177,57.39614],[18.62301,57.39599],[18.62375,57.39555],[18.62495,57.39489],[18.62551,57.39417],[18.62599,57.39399],[18.62678,57.39367],[18.62718,57.3927],[18.62757,57.39227],[18.62787,57.39067],[18.62749,57.39022],[18.62749,57.39022],[18.62749,57.39022],[18.62355,57.39108],[18.62232,57.38942],[18.62232,57.38942],[18.62232,57.38942],[18.61447,57.39088],[18.61438,57.39089],[18.61438,57.39089],[18.61208,57.39353],[18.61434,57.39699],[18.61434,57.39699],[18.61434,57.39699],[18.61808,57.3964],[18.61808,57.3964],[18.61808,57.3964],[18.61797,57.39624]]]},"properties":{"NVRID":"2046534","NAMN":"Fjälängar","SKYDDSTYP":"Naturreservat","LAN":"Gotlands Län","KOMMUN":"Gotland","IUCNKATEGORI":"IV, Habitat/Artskyddsområde (Habitat/Species Management Area)","FORVALTARE":"Länsstyrelsen i Gotlands län","AREA_HA":52.018,"URSPR_BESLUTSDATUM":"2017-02-10"}},{"type":"Feature","geometry":{"type":"Polygon","coordinates":[[[18.59626,57.84027],[18.59458,57.84144],[18.59458,57.84144],[18.59458,57.84144],[18.59459,57.84144],[18.59464,57.84145],[18.59508,57.84155],[18.5953,57.8416],[18.59541,57.84163],[18.59586,57.84175],[18.59622,57.84184],[18.59633,57.84187],[18.59661,57.84195],[18.59701,57.84204],[18.59722,57.84209],[18.59794,57.84228],[18.59817,57.84233],[18.5983,57.84237],[18.59866,57.8425],[18.59902,57.84257],[18.59917,57.8426],[18.59934,57.84266],[18.59946,57.8427],[18.60044,57.84302],[18.60076,57.84314],[18.60119,57.8433],[18.6031,57.84404],[18.6031,57.84404],[18.6031,57.84403],[18.6031,57.84403],[18.60296,57.84243],[18.59947,57.8409],[18.59927,57.84068],[18.5989,57.84023],[18.59895,57.83993],[18.59908,57.83962],[18.59917,57.83953],[18.59962,57.83907],[18.59979,57.8389],[18.60014,57.83865],[18.60052,57.83842],[18.60066,57.83833],[18.60073,57.83824],[18.60075,57.83817],[18.6007,57.83806],[18.60056,57.83788],[18.60055,57.83756],[18.60056,57.83747],[18.60049,57.83727],[18.60049,57.83722],[18.60052,57.83708],[18.60056,57.837],[18.60067,57.83691],[18.60076,57.83688],[18.60086,57.83687],[18.60107,57.83686],[18.60116,57.83687],[18.60138,57.83689],[18.60161,57.83689],[18.60181,57.83684],[18.6019,57.8368],[18.60217,57.8367],[18.60238,57.83661],[18.60253,57.83648],[18.6027,57.83627],[18.6027,57.83627],[18.6027,57.83627],[18.60198,57.83598],[18.60264,57.835],[18.60264,57.835],[18.60264,57.835],[18.60088,57.83471],[18.60088,57.83471],[18.60088,57.83471],[18.60056,57.83488],[18.59954,57.83427],[18.59954,57.83427],[18.59954,57.83427],[18.59885,57.8346],[18.59824,57.83472],[18.59824,57.83472],[18.59808,57.83504],[18.59805,57.83535],[18.59788,57.8358],[18.59778,57.83621],[18.59767,57.83645],[18.59767,57.83645],[18.5979,57.83671],[18.59779,57.8371],[18.59811,57.83748],[18.59818,57.83777],[18.59776,57.83837],[18.5977,57.83893],[18.59716,57.8395],[18.59609,57.8399],[18.59589,57.84013],[18.59589,57.84013],[18.59589,57.84013],[18.59626,57.84027]]]},"properties":{"NVRID":"2023151","NAMN":"Ireån","SKYDDSTYP":"Naturreservat","LAN":"Gotlands Län","KOMMUN":"Gotland","IUCNKATEGORI":"Ia, Strikt naturreservat (Strict Nature Reserve)","FORVALTARE":"Länsstyrelsen i Gotlands län","AREA_HA":20.899,"URSPR_BESLUTSDATUM":"2010-09-06"}},{"type":"Feature","geometry":{"type":"Polygon","coordinates":[[[18.48406,57.25658],[18.48405,57.25658],[18.48406,57.25658],[18.48406,57.25658],[18.48406,57.25658],[18.4939,57.25729],[18.49482,57.25687],[18.49483,57.25687],[18.49483,57.25687],[18.49482,57.25687],[18.4928,57.2564],[18.49288,57.25606],[18.49342,57.25599],[18.49392,57.25579],[18.49392,57.25579],[18.49373,57.25537],[18.49389,57.25505],[18.49557,57.25452],[18.49557,57.25452],[18.49557,57.25451],[18.49523,57.25403],[18.49523,57.25403],[18.49522,57.25403],[18.49306,57.25413],[18.49229,57.25345],[18.49229,57.25345],[18.48875,57.25354],[18.48875,57.25354],[18.48406,57.25658]]]},"properties":{"NVRID":"2014396","NAMN":"Sigdes","SKYDDSTYP":"Naturreservat","LAN":"Gotlands Län","KOMMUN":"Gotland","IUCNKATEGORI":"Ia, Strikt naturreservat (Strict Nature Reserve)","FORVALTARE":"Länsstyrelsen i Gotlands län","AREA_HA":17.844,"URSPR_BESLUTSDATUM":"2008-12-09"}},{"type":"Feature","geometry":{"type":"Polygon","coordinates":[[[18.82642,57.87784],[18.82668,57.87782],[18.82681,57.87781],[18.82701,57.87782],[18.82723,57.87783],[18.82736,57.87784],[18.82754,57.87785],[18.82776,57.87787],[18.82787,57.87788],[18.8279,57.87788],[18.82801,57.8779],[18.82821,57.87791],[18.82821,57.87791],[18.83136,57.87652],[18.83136,57.87652],[18.83136,57.87652],[18.83136,57.87652],[18.83136,57.87652],[18.83051,57.87648],[18.82976,57.87644],[18.82913,57.87641],[18.82873,57.87637],[18.82838,57.87634],[18.82803,57.87629],[18.82767,57.87623],[18.8274,57.87617],[18.82712,57.87615],[18.82689,57.87611],[18.82655,57.87601],[18.82631,57.87589],[18.82618,57.87579],[18.82609,57.8757],[18.82598,57.87556],[18.82582,57.87542],[18.82564,57.87524],[18.82534,57.87491],[18.82513,57.87466],[18.82497,57.87443],[18.82483,57.87423],[18.82472,57.87401],[18.82464,57.8738],[18.82457,57.87355],[18.82449,57.87332],[18.82437,57.87308],[18.82416,57.87277],[18.82386,57.87243],[18.82363,57.87219],[18.82349,57.87208],[18.82327,57.87188],[18.82319,57.87174],[18.82301,57.87156],[18.8228,57.87138],[18.82261,57.87124],[18.82211,57.87089],[18.82127,57.87031],[18.82075,57.86994],[18.82051,57.86975],[18.82032,57.86961],[18.82011,57.86942],[18.81996,57.86925],[18.81979,57.86907],[18.81964,57.86891],[18.81952,57.86877],[18.81941,57.86863],[18.81932,57.86849],[18.81922,57.86835],[18.81912,57.86824],[18.81887,57.86804],[18.81839,57.86775],[18.81812,57.86757],[18.81797,57.86746],[18.81788,57.8674],[18.81762,57.86728],[18.8174,57.86713],[18.81726,57.86698],[18.81721,57.86686],[18.8172,57.86672],[18.81723,57.86654],[18.81731,57.86637],[18.81752,57.86611],[18.81758,57.86583],[18.81758,57.86583],[18.81758,57.86583],[18.81758,57.86583],[18.81758,57.86583],[18.81301,57.86697],[18.81301,57.86697],[18.81301,57.86697],[18.81309,57.86708],[18.81314,57.86714],[18.81326,57.8673],[18.81341,57.86742],[18.81349,57.86749],[18.81365,57.8676],[18.81373,57.86769],[18.81385,57.86777],[18.81414,57.86793],[18.81465,57.86817],[18.81505,57.86836],[18.81535,57.86849],[18.81573,57.86862],[18.81605,57.86874],[18.81632,57.86888],[18.81649,57.86895],[18.81662,57.869],[18.81695,57.86914],[18.81701,57.86919],[18.81709,57.86924],[18.81725,57.86935],[18.81733,57.86939],[18.81758,57.86949],[18.81797,57.86969],[18.81821,57.86986],[18.8185,57.87006],[18.81859,57.87011],[18.81876,57.87022],[18.81929,57.87056],[18.81945,57.87065],[18.81963,57.87087],[18.81967,57.87095],[18.81979,57.87108],[18.81997,57.87123],[18.82023,57.8714],[18.82035,57.87148],[18.82042,57.87157],[18.82045,57.87162],[18.82064,57.87181],[18.82083,57.87191],[18.8209,57.87196],[18.82096,57.872],[18.82104,57.8721],[18.82117,57.87232],[18.82123,57.87238],[18.8214,57.87252],[18.82147,57.8726],[18.82152,57.8727],[18.82153,57.87279],[18.82156,57.8729],[18.82161,57.873],[18.82184,57.87328],[18.8219,57.87335],[18.82196,57.8734],[18.822,57.87344],[18.82205,57.87348],[18.82213,57.87356],[18.82224,57.87369],[18.82243,57.87396],[18.82259,57.87414],[18.82273,57.87438],[18.82278,57.87448],[18.82294,57.87473],[18.82312,57.87501],[18.82336,57.87531],[18.82362,57.87573],[18.82365,57.87579],[18.82371,57.87587],[18.82387,57.87607],[18.82395,57.87616],[18.82412,57.8763],[18.8244,57.87645],[18.82459,57.87654],[18.82496,57.87677],[18.82507,57.87687],[18.82524,57.87703],[18.82544,57.87729],[18.82548,57.87739],[18.82548,57.87746],[18.82548,57.87748],[18.82548,57.87756],[18.82545,57.87759],[18.82538,57.87764],[18.82531,57.87769],[18.82531,57.87777],[18.8253,57.87784],[18.82527,57.87787],[18.82523,57.87791],[18.82518,57.878],[18.82517,57.8781],[18.8252,57.87818],[18.8253,57.87829],[18.82536,57.87832],[18.8255,57.87834],[18.82562,57.87833],[18.8257,57.8783],[18.82578,57.87826],[18.82581,57.87823],[18.82584,57.87815],[18.82591,57.87805],[18.82598,57.87798],[18.82602,57.87795],[18.82606,57.87791],[18.82611,57.87789],[18.82619,57.87786],[18.82642,57.87784]]]},"properties":{"NVRID":"2000423","NAMN":"Grodde","SKYDDSTYP":"Naturreservat","LAN":"Gotlands Län","KOMMUN":"Gotland","IUCNKATEGORI":"III, Naturmonument (Natural Monument)","FORVALTARE":"Länsstyrelsen i Gotlands län","AREA_HA":24.328,"URSPR_BESLUTSDATUM":"1981-05-25"}},{"type":"Feature","geometry":{"type":"Polygon","coordinates":[[[18.19345,57.16551],[18.19186,57.1639],[18.19186,57.1639],[18.19185,57.1639],[18.19185,57.1639],[18.18965,57.16509],[18.18965,57.16509],[18.18965,57.16509],[18.18965,57.16509],[18.19114,57.16606],[18.19114,57.16606],[18.19114,57.16606],[18.19345,57.16551],[18.19345,57.16551],[18.19345,57.16551],[18.19345,57.16551]]]},"properties":{"NVRID":"2000433","NAMN":"Hägsarve kärräng","SKYDDSTYP":"Naturreservat","LAN":"Gotlands Län","KOMMUN":"Gotland","IUCNKATEGORI":"IV, Habitat/Artskyddsområde (Habitat/Species Management Area)","FORVALTARE":"Länsstyrelsen i Gotlands län","AREA_HA":2.873,"URSPR_BESLUTSDATUM":"1998-12-16"}},{"type":"Feature","geometry":{"type":"Polygon","coordinates":[[[18.55219,57.30284],[18.55161,57.30271],[18.55161,57.30271],[18.55161,57.30271],[18.55095,57.30378],[18.55095,57.30378],[18.55101,57.30386],[18.55101,57.30386],[18.55202,57.3042],[18.55202,57.3042],[18.55202,57.3042],[18.553,57.30368],[18.55416,57.30306],[18.55456,57.30259],[18.55456,57.30259],[18.55456,57.30259],[18.55456,57.30259],[18.55293,57.30217],[18.55293,57.30217],[18.55293,57.30217],[18.55293,57.30217],[18.55219,57.30284]]]},"properties":{"NVRID":"2000115","NAMN":"Bosarve naturskog","SKYDDSTYP":"Naturreservat","LAN":"Gotlands Län","KOMMUN":"Gotland","IUCNKATEGORI":"Ia, Strikt naturreservat (Strict Nature Reserve)","FORVALTARE":"Länsstyrelsen i Gotlands län","AREA_HA":2.485,"URSPR_BESLUTSDATUM":"1980-11-24"}},{"type":"Feature","geometry":{"type":"Polygon","coordinates":[[[18.40985,57.61884],[18.41132,57.62076],[18.41132,57.62076],[18.41296,57.62125],[18.41296,57.62125],[18.41402,57.62104],[18.41514,57.62174],[18.41525,57.62258],[18.41525,57.62258],[18.41525,57.62258],[18.41525,57.62258],[18.42574,57.62123],[18.43211,57.62041],[18.43211,57.62041],[18.43211,57.62041],[18.43109,57.61795],[18.43107,57.61791],[18.43107,57.61791],[18.43078,57.6172],[18.43184,57.61705],[18.43185,57.61705],[18.43185,57.61705],[18.43185,57.61705],[18.43162,57.61664],[18.432,57.61659],[18.432,57.61659],[18.432,57.61659],[18.43175,57.61623],[18.43282,57.61605],[18.43282,57.61605],[18.43282,57.61605],[18.43232,57.61552],[18.43191,57.61508],[18.43191,57.61508],[18.42997,57.61512],[18.42956,57.61514],[18.42939,57.61514],[18.42927,57.61513],[18.42914,57.61511],[18.42901,57.61508],[18.4287,57.61499],[18.42825,57.61487],[18.42804,57.61482],[18.42787,57.6148],[18.42729,57.61469],[18.42698,57.61465],[18.42632,57.61457],[18.42569,57.61451],[18.42494,57.61443],[18.42413,57.61435],[18.42332,57.61429],[18.42265,57.61426],[18.4221,57.61424],[18.42137,57.61423],[18.42071,57.61423],[18.41929,57.61423],[18.41832,57.61422],[18.41795,57.61422],[18.4175,57.6142],[18.41698,57.61418],[18.41632,57.61415],[18.41567,57.61412],[18.41444,57.61406],[18.41359,57.61402],[18.41304,57.614],[18.41246,57.61399],[18.41206,57.614],[18.41161,57.61402],[18.4113,57.61403],[18.41098,57.61406],[18.41054,57.61411],[18.41011,57.61416],[18.40966,57.61424],[18.40966,57.61424],[18.40966,57.61424],[18.41112,57.61568],[18.41056,57.6158],[18.41055,57.6158],[18.41055,57.6158],[18.41055,57.6158],[18.41089,57.61633],[18.40949,57.61657],[18.40949,57.61657],[18.40949,57.61657],[18.40949,57.61657],[18.40975,57.61712],[18.40655,57.61793],[18.40655,57.61793],[18.40655,57.61794],[18.40655,57.61794],[18.40752,57.61906],[18.40752,57.61906],[18.40752,57.61906],[18.40985,57.61884]]]},"properties":{"NVRID":"2057501","NAMN":"Hejdebyhöjden","SKYDDSTYP":"Naturreservat","LAN":"Gotlands Län","KOMMUN":"Gotland","IUCNKATEGORI":"Ia, Strikt naturreservat (Strict Nature Reserve)","FORVALTARE":"Länsstyrelsen i Gotlands län","AREA_HA":103.226,"URSPR_BESLUTSDATUM":"2022-04-12"}},{"type":"Feature","geometry":{"type":"Polygon","coordinates":[[[18.97801,57.77602],[18.97801,57.77608],[18.97801,57.77608],[18.97801,57.77608],[18.97888,57.77607],[18.97888,57.77607],[18.97888,57.77607],[18.9792,57.77352],[18.9792,57.77352],[18.97919,57.77352],[18.97814,57.77348],[18.97814,57.77348],[18.97814,57.77348],[18.97814,57.7735],[18.97813,57.77357],[18.9781,57.77368],[18.97808,57.77376],[18.97807,57.77384],[18.97805,57.77393],[18.97806,57.774],[18.97806,57.77409],[18.97805,57.77419],[18.97802,57.77436],[18.97799,57.77446],[18.97797,57.77456],[18.97795,57.77468],[18.97796,57.77478],[18.97797,57.77488],[18.97796,57.77497],[18.97794,57.77506],[18.97794,57.77511],[18.97796,57.77526],[18.97796,57.7753],[18.97796,57.77536],[18.97791,57.77542],[18.97789,57.77549],[18.97789,57.77552],[18.97789,57.77555],[18.97787,57.77563],[18.97787,57.77568],[18.97789,57.77571],[18.97792,57.77574],[18.97794,57.77578],[18.97795,57.77582],[18.97796,57.77586],[18.97799,57.77593],[18.97799,57.776],[18.97799,57.776],[18.97801,57.77602]]]},"properties":{"NVRID":"2000422","NAMN":"Husken","SKYDDSTYP":"Naturreservat","LAN":"Gotlands Län","KOMMUN":"Gotland","IUCNKATEGORI":"III, Naturmonument (Natural Monument)","FORVALTARE":"Länsstyrelsen i Gotlands län","AREA_HA":1.793,"URSPR_BESLUTSDATUM":"1931-09-22"}},{"type":"Feature","geometry":{"type":"Polygon","coordinates":[[[17.93956,57.28378],[17.93963,57.28452],[17.93981,57.28526],[17.93998,57.28606],[17.94024,57.28678],[17.94026,57.28683],[17.94063,57.28754],[17.94077,57.28784],[17.9408,57.28799],[17.94083,57.28812],[17.94084,57.28822],[17.94091,57.28861],[17.941,57.28942],[17.94102,57.29016],[17.94116,57.2909],[17.9414,57.29163],[17.94176,57.29235],[17.94223,57.29305],[17.9428,57.29375],[17.94317,57.29422],[17.94367,57.29475],[17.94371,57.29479],[17.94483,57.29587],[17.94559,57.29649],[17.94643,57.29708],[17.94736,57.29762],[17.94837,57.29813],[17.94945,57.29858],[17.9506,57.29898],[17.95181,57.29934],[17.95307,57.29963],[17.95436,57.29987],[17.95517,57.29999],[17.95759,57.30025],[17.95896,57.30032],[17.96033,57.30033],[17.9617,57.30028],[17.96305,57.30017],[17.96438,57.3],[17.96534,57.29985],[17.96695,57.29987],[17.96711,57.2999],[17.9684,57.30016],[17.96914,57.30034],[17.9697,57.30052],[17.97027,57.30068],[17.97056,57.30076],[17.97181,57.30107],[17.97319,57.30135],[17.97476,57.30166],[17.97608,57.30185],[17.97743,57.30199],[17.97879,57.30207],[17.98016,57.30209],[17.98153,57.30205],[17.9827,57.30199],[17.98406,57.30189],[17.98427,57.30187],[17.98524,57.30178],[17.98644,57.30163],[17.98655,57.30162],[17.98762,57.30145],[17.98866,57.30124],[17.98967,57.30099],[17.98982,57.30095],[17.99064,57.30072],[17.99144,57.30046],[17.99222,57.30017],[17.99243,57.30009],[17.993,57.29986],[17.99354,57.29962],[17.99435,57.29924],[17.99505,57.29887],[17.99512,57.29882],[17.99603,57.29827],[17.99685,57.29768],[17.99758,57.29705],[17.99782,57.29682],[17.99858,57.29611],[17.99913,57.29552],[17.9993,57.29533],[18.00001,57.29458],[18.00053,57.29389],[18.00095,57.29319],[18.00117,57.29294],[18.00136,57.29274],[18.0014,57.2927],[18.00143,57.29267],[18.00252,57.29166],[18.00313,57.29112],[18.00338,57.29087],[18.00401,57.29021],[18.00487,57.28907],[18.00544,57.28832],[18.00587,57.28762],[18.00619,57.2869],[18.00631,57.28655],[18.00632,57.28649],[18.00646,57.28587],[18.00652,57.28524],[18.0065,57.28461],[18.0065,57.28456],[18.00644,57.28416],[18.00644,57.28398],[18.00646,57.28324],[18.00637,57.2825],[18.00616,57.28176],[18.00584,57.28104],[18.00571,57.28079],[18.00568,57.28075],[18.00522,57.28006],[18.00465,57.27938],[18.00398,57.27873],[18.00381,57.27858],[18.00376,57.27854],[18.00297,57.27793],[18.00187,57.27723],[18.00057,57.27643],[17.99969,57.27587],[17.99873,57.27534],[17.99817,57.27507],[17.99714,57.27457],[17.9969,57.27446],[17.99585,57.27398],[17.99474,57.27355],[17.99329,57.27294],[17.99219,57.27249],[17.99091,57.27205],[17.9897,57.2717],[17.98844,57.27141],[17.98714,57.27117],[17.98582,57.27099],[17.98446,57.27088],[17.98351,57.27074],[17.98295,57.2706],[17.98257,57.27051],[17.98187,57.27035],[17.98115,57.27021],[17.98043,57.27008],[17.97994,57.27],[17.97956,57.26993],[17.97876,57.26976],[17.97784,57.26959],[17.97691,57.26945],[17.97679,57.26943],[17.97597,57.26933],[17.97514,57.26926],[17.9743,57.26921],[17.97396,57.26919],[17.97247,57.26909],[17.97111,57.26906],[17.9709,57.26905],[17.97057,57.26905],[17.97025,57.26906],[17.96992,57.26907],[17.96963,57.26907],[17.96836,57.26913],[17.96701,57.26924],[17.96568,57.26942],[17.96438,57.26965],[17.96304,57.26973],[17.96257,57.26971],[17.96154,57.26969],[17.96051,57.2697],[17.95949,57.26974],[17.95938,57.26975],[17.95897,57.26978],[17.95856,57.26981],[17.95815,57.26985],[17.95773,57.26989],[17.95739,57.26993],[17.95704,57.26997],[17.9567,57.27002],[17.95659,57.27003],[17.95575,57.27016],[17.95561,57.27019],[17.95432,57.27044],[17.95307,57.27074],[17.95232,57.27096],[17.95111,57.2713],[17.94996,57.2717],[17.94887,57.27215],[17.94796,57.27259],[17.9479,57.27262],[17.9475,57.27284],[17.94708,57.27307],[17.94624,57.27357],[17.94614,57.27363],[17.9453,57.27422],[17.9445,57.27483],[17.94376,57.27545],[17.94312,57.27611],[17.94259,57.27679],[17.94193,57.27794],[17.94165,57.27867],[17.94097,57.28001],[17.94047,57.28071],[17.94009,57.28142],[17.93981,57.28214],[17.93979,57.28221],[17.93976,57.2823],[17.9396,57.28304],[17.93956,57.28378]]]},"properties":{"NVRID":"2000435","NAMN":"Stora Karlsö","SKYDDSTYP":"Naturreservat","LAN":"Gotlands Län","KOMMUN":"Gotland","IUCNKATEGORI":"Ia, Strikt naturreservat (Strict Nature Reserve)","FORVALTARE":"Enskild markägare","AREA_HA":1181.105,"URSPR_BESLUTSDATUM":"1947-10-29"}},{"type":"Feature","geometry":{"type":"Polygon","coordinates":[[[18.18437,57.16406],[18.18437,57.16406],[18.18437,57.16406],[18.18437,57.16406],[18.18888,57.16089],[18.18904,57.16105],[18.18904,57.16105],[18.19172,57.16127],[18.19172,57.16127],[18.19172,57.16127],[18.19327,57.15978],[18.19327,57.15977],[18.19327,57.15977],[18.18552,57.15733],[18.18537,57.15734],[18.18537,57.15734],[18.18537,57.15734],[18.18283,57.16315],[18.18283,57.16315],[18.18437,57.16406]]]},"properties":{"NVRID":"2000430","NAMN":"Sävvät","SKYDDSTYP":"Naturreservat","LAN":"Gotlands Län","KOMMUN":"Gotland","IUCNKATEGORI":"IV, Habitat/Artskyddsområde (Habitat/Species Management Area)","FORVALTARE":"Länsstyrelsen i Gotlands län","AREA_HA":21.439,"URSPR_BESLUTSDATUM":"1998-03-18"}},{"type":"Feature","geometry":{"type":"Polygon","coordinates":[[[18.66568,57.45141],[18.66761,57.45152],[18.66761,57.45152],[18.66761,57.45152],[18.6688,57.44543],[18.6688,57.44543],[18.6688,57.44543],[18.66259,57.44547],[18.66259,57.44547],[18.66258,57.44547],[18.66388,57.45136],[18.66388,57.45136],[18.66388,57.45136],[18.66569,57.45146],[18.66569,57.45146],[18.66569,57.45146],[18.66568,57.45141]]]},"properties":{"NVRID":"2064203","NAMN":"Gurpe","SKYDDSTYP":"Naturreservat","LAN":"Gotlands Län","KOMMUN":"Gotland","IUCNKATEGORI":"Ia, Strikt naturreservat (Strict Nature Reserve)","FORVALTARE":"Länsstyrelsen i Gotlands län","AREA_HA":19.926,"URSPR_BESLUTSDATUM":"2024-09-18"}},{"type":"Feature","geometry":{"type":"Polygon","coordinates":[[[18.72966,57.38139],[18.72805,57.38081],[18.72805,57.38081],[18.72805,57.38081],[18.72623,57.38284],[18.71991,57.38669],[18.71991,57.38669],[18.71991,57.38669],[18.72103,57.38799],[18.72103,57.38799],[18.72312,57.38857],[18.72525,57.38917],[18.73024,57.39056],[18.73981,57.39323],[18.73926,57.39378],[18.73926,57.39378],[18.73926,57.39378],[18.75029,57.39692],[18.75029,57.39692],[18.75029,57.39692],[18.75321,57.39386],[18.75321,57.39386],[18.75321,57.39386],[18.75115,57.39329],[18.7541,57.39021],[18.7541,57.39021],[18.7541,57.3902],[18.75085,57.38933],[18.7452,57.38783],[18.74096,57.38674],[18.74017,57.38527],[18.74017,57.38527],[18.73312,57.38228],[18.73312,57.38228],[18.73128,57.38226],[18.73152,57.382],[18.73152,57.38199],[18.73152,57.38199],[18.7301,57.38126],[18.7301,57.38126],[18.7301,57.38126],[18.72966,57.38139]]]},"properties":{"NVRID":"2000442","NAMN":"Russvätar","SKYDDSTYP":"Naturreservat","LAN":"Gotlands Län","KOMMUN":"Gotland","IUCNKATEGORI":"Ia, Strikt naturreservat (Strict Nature Reserve)","FORVALTARE":"Länsstyrelsen i Gotlands län","AREA_HA":158.56,"URSPR_BESLUTSDATUM":"2001-10-16"}},{"type":"Feature","geometry":{"type":"Polygon","coordinates":[[[18.65468,57.64326],[18.64671,57.64403],[18.64401,57.64428],[18.64401,57.64428],[18.64401,57.64428],[18.64401,57.64428],[18.64401,57.64428],[18.6532,57.64575],[18.6545,57.64596],[18.65451,57.64596],[18.65451,57.64596],[18.65513,57.64538],[18.65704,57.64496],[18.65801,57.64501],[18.65993,57.64601],[18.65993,57.64601],[18.66171,57.64578],[18.66171,57.64578],[18.66171,57.64578],[18.66171,57.64578],[18.66171,57.64578],[18.66049,57.64506],[18.6634,57.64469],[18.6634,57.64469],[18.66366,57.64457],[18.66561,57.64437],[18.66561,57.64437],[18.66627,57.64397],[18.66879,57.64386],[18.66879,57.64386],[18.66879,57.64386],[18.66879,57.64386],[18.6672,57.64307],[18.66658,57.64232],[18.66637,57.64106],[18.66802,57.64139],[18.66802,57.64139],[18.66862,57.64113],[18.66862,57.64113],[18.66848,57.64068],[18.66701,57.63979],[18.66701,57.63979],[18.66586,57.63999],[18.66509,57.63925],[18.665,57.63867],[18.66499,57.63867],[18.66499,57.63867],[18.65378,57.63881],[18.65378,57.63881],[18.65378,57.63881],[18.6544,57.64146],[18.65468,57.64326]]]},"properties":{"NVRID":"2048144","NAMN":"Burggathagen","SKYDDSTYP":"Naturreservat","LAN":"Gotlands Län","KOMMUN":"Gotland","IUCNKATEGORI":"Ia, Strikt naturreservat (Strict Nature Reserve)","FORVALTARE":"Länsstyrelsen i Gotlands län","AREA_HA":61.923,"URSPR_BESLUTSDATUM":"2017-11-13"}},{"type":"Feature","geometry":{"type":"Polygon","coordinates":[[[18.91458,57.79004],[18.91461,57.79005],[18.91467,57.79008],[18.9147,57.7901],[18.91477,57.79014],[18.91485,57.79019],[18.91485,57.7902],[18.91482,57.79031],[18.91483,57.79034],[18.91482,57.79037],[18.91483,57.79044],[18.91487,57.79055],[18.9149,57.79066],[18.91493,57.79069],[18.91494,57.79072],[18.91504,57.79081],[18.91513,57.79091],[18.91518,57.79093],[18.91521,57.79096],[18.91536,57.79103],[18.9155,57.79111],[18.91557,57.79114],[18.9156,57.79115],[18.9156,57.79115],[18.91561,57.79115],[18.91563,57.79116],[18.91584,57.79121],[18.91604,57.79127],[18.91608,57.79127],[18.91611,57.79128],[18.91634,57.7913],[18.91656,57.79132],[18.9166,57.79132],[18.91663,57.79132],[18.91686,57.7913],[18.91708,57.79128],[18.91712,57.79127],[18.91715,57.79127],[18.91717,57.79126],[18.91727,57.79128],[18.91732,57.79128],[18.91736,57.79128],[18.91758,57.79127],[18.91779,57.79127],[18.91796,57.79125],[18.91816,57.79121],[18.91837,57.79118],[18.91841,57.79116],[18.91846,57.79115],[18.91863,57.79108],[18.9188,57.79101],[18.91883,57.79099],[18.91887,57.79098],[18.91899,57.79088],[18.91902,57.79087],[18.91904,57.79086],[18.9191,57.79086],[18.91916,57.79086],[18.91926,57.79087],[18.91936,57.79087],[18.91943,57.79087],[18.91945,57.79087],[18.91955,57.79088],[18.91958,57.79088],[18.91961,57.79088],[18.91966,57.79088],[18.91971,57.79089],[18.91992,57.79089],[18.92013,57.79089],[18.92021,57.79089],[18.92022,57.79089],[18.92034,57.79089],[18.92046,57.79091],[18.9206,57.79091],[18.92074,57.79091],[18.92086,57.7909],[18.92099,57.79089],[18.92113,57.79088],[18.92129,57.79084],[18.92147,57.79081],[18.92157,57.79079],[18.92162,57.79077],[18.92162,57.79077],[18.92163,57.79077],[18.92171,57.79074],[18.92172,57.79074],[18.92175,57.79073],[18.92192,57.79067],[18.922,57.79064],[18.92206,57.7906],[18.92214,57.79057],[18.92224,57.7905],[18.92235,57.79043],[18.92239,57.79038],[18.92245,57.79034],[18.92249,57.79029],[18.92257,57.79023],[18.92267,57.79017],[18.92267,57.79017],[18.92273,57.79015],[18.92273,57.79015],[18.92275,57.79014],[18.9228,57.79013],[18.92284,57.79012],[18.92294,57.79009],[18.923,57.79007],[18.92302,57.79006],[18.92303,57.79006],[18.92305,57.79005],[18.92311,57.79001],[18.92323,57.78997],[18.92338,57.78989],[18.92352,57.78979],[18.92366,57.78969],[18.92373,57.78962],[18.9238,57.78953],[18.92382,57.78951],[18.92382,57.7895],[18.92383,57.7895],[18.92389,57.78943],[18.92392,57.78936],[18.92394,57.7893],[18.92397,57.78923],[18.92399,57.78917],[18.92399,57.78911],[18.924,57.78906],[18.924,57.789],[18.924,57.78897],[18.924,57.78894],[18.92396,57.78883],[18.92393,57.78872],[18.9239,57.78869],[18.92389,57.78867],[18.92385,57.78861],[18.92381,57.78857],[18.9238,57.78849],[18.9238,57.78849],[18.9238,57.78848],[18.92378,57.78843],[18.92378,57.78843],[18.92378,57.78842],[18.92369,57.7883],[18.9237,57.78828],[18.92369,57.78824],[18.92369,57.7882],[18.92365,57.7881],[18.92362,57.788],[18.92359,57.78796],[18.92358,57.78793],[18.92353,57.78786],[18.92352,57.78785],[18.92351,57.78784],[18.92347,57.78779],[18.92343,57.78774],[18.92344,57.78771],[18.92343,57.78764],[18.92345,57.78757],[18.92344,57.78748],[18.92342,57.78743],[18.92343,57.78739],[18.92341,57.78731],[18.92339,57.78725],[18.92339,57.78723],[18.92339,57.78721],[18.92338,57.78719],[18.92338,57.78711],[18.92337,57.7871],[18.92337,57.7871],[18.92334,57.78701],[18.92342,57.787],[18.9235,57.78697],[18.92359,57.78696],[18.92373,57.7869],[18.92387,57.78685],[18.92393,57.78682],[18.92397,57.7868],[18.92398,57.7868],[18.92401,57.78679],[18.92405,57.78676],[18.92416,57.78668],[18.92422,57.78664],[18.92423,57.78663],[18.9243,57.78658],[18.92432,57.78656],[18.92435,57.78653],[18.92441,57.78642],[18.92449,57.78632],[18.92449,57.78629],[18.92451,57.78625],[18.92452,57.78616],[18.92455,57.78606],[18.92454,57.78602],[18.92455,57.78597],[18.9245,57.78588],[18.92447,57.78578],[18.92444,57.78573],[18.92441,57.7857],[18.92441,57.7857],[18.92441,57.7857],[18.9244,57.78568],[18.92438,57.78565],[18.92432,57.78559],[18.92428,57.78554],[18.92425,57.78551],[18.92423,57.7855],[18.92416,57.78542],[18.92415,57.78541],[18.92414,57.7854],[18.92396,57.78531],[18.92379,57.78522],[18.92371,57.78519],[18.92366,57.78517],[18.92363,57.78516],[18.92343,57.78511],[18.92324,57.78506],[18.92319,57.78505],[18.92317,57.78505],[18.92316,57.78503],[18.92316,57.78502],[18.92314,57.78498],[18.9231,57.78492],[18.92308,57.7849],[18.92308,57.78488],[18.92296,57.78478],[18.92285,57.78467],[18.92282,57.78466],[18.9228,57.78464],[18.92273,57.7846],[18.92261,57.78454],[18.9225,57.78448],[18.92241,57.78445],[18.92233,57.78441],[18.92223,57.78439],[18.92223,57.78439],[18.92218,57.78438],[18.92205,57.78434],[18.92197,57.78432],[18.92188,57.78431],[18.92184,57.78431],[18.92182,57.7843],[18.92174,57.78429],[18.92159,57.78428],[18.92145,57.78427],[18.92133,57.78427],[18.92121,57.78427],[18.92107,57.78429],[18.92092,57.7843],[18.92081,57.78432],[18.9207,57.78434],[18.92058,57.78438],[18.92044,57.78441],[18.92035,57.78445],[18.92025,57.78449],[18.92019,57.78452],[18.92012,57.78456],[18.92004,57.7846],[18.91996,57.78467],[18.91986,57.78473],[18.91982,57.78479],[18.91976,57.78483],[18.91972,57.78492],[18.91971,57.78493],[18.9197,57.78492],[18.91959,57.78484],[18.9195,57.78475],[18.91942,57.78469],[18.91924,57.78461],[18.91917,57.78457],[18.91912,57.78455],[18.91905,57.78451],[18.91901,57.7845],[18.91886,57.78446],[18.91872,57.78442],[18.91863,57.7844],[18.91854,57.78438],[18.91837,57.78437],[18.91821,57.78435],[18.91811,57.78435],[18.91801,57.78435],[18.91785,57.78436],[18.91769,57.78437],[18.91759,57.78438],[18.91756,57.78439],[18.91755,57.78439],[18.91744,57.78439],[18.91719,57.78438],[18.91718,57.78438],[18.91716,57.78438],[18.91707,57.78439],[18.91688,57.78442],[18.91669,57.78444],[18.91663,57.78446],[18.91657,57.78447],[18.9164,57.78453],[18.91623,57.78459],[18.91614,57.78463],[18.9161,57.78465],[18.91606,57.78467],[18.91599,57.7847],[18.91585,57.78479],[18.91571,57.78489],[18.91569,57.78491],[18.91567,57.78492],[18.91559,57.78503],[18.9155,57.78515],[18.9155,57.78517],[18.91547,57.78519],[18.91545,57.78523],[18.91537,57.78528],[18.91536,57.78528],[18.91535,57.78528],[18.91535,57.78529],[18.91525,57.78534],[18.91517,57.78539],[18.91511,57.78545],[18.91503,57.7855],[18.91498,57.78557],[18.91491,57.78563],[18.91489,57.7857],[18.91484,57.78577],[18.91482,57.78582],[18.91482,57.78588],[18.91479,57.78595],[18.91481,57.78602],[18.9148,57.7861],[18.91484,57.78616],[18.91484,57.78617],[18.91483,57.78619],[18.91483,57.78622],[18.91483,57.78623],[18.91482,57.78626],[18.91481,57.78631],[18.91483,57.7864],[18.91483,57.7865],[18.91486,57.78654],[18.91486,57.78658],[18.91483,57.7866],[18.91476,57.78664],[18.91467,57.78672],[18.91457,57.78679],[18.91451,57.78686],[18.91445,57.78695],[18.91442,57.78696],[18.91432,57.78698],[18.9142,57.78703],[18.91406,57.78707],[18.91399,57.78711],[18.9139,57.78714],[18.9138,57.7872],[18.91365,57.78731],[18.91351,57.78742],[18.91345,57.78748],[18.9134,57.78755],[18.91334,57.78762],[18.91328,57.78772],[18.91328,57.78773],[18.91327,57.78773],[18.91325,57.78778],[18.91324,57.78781],[18.91322,57.78784],[18.9132,57.78795],[18.91318,57.78806],[18.91319,57.78809],[18.91318,57.78812],[18.91321,57.78826],[18.91324,57.78832],[18.91322,57.78837],[18.91317,57.7885],[18.91315,57.78852],[18.91311,57.78865],[18.91306,57.78877],[18.91306,57.78883],[18.91306,57.78885],[18.91306,57.78887],[18.91306,57.78899],[18.91306,57.789],[18.91306,57.78901],[18.91306,57.78908],[18.91308,57.78914],[18.91307,57.78917],[18.91309,57.7892],[18.91309,57.78925],[18.91311,57.78928],[18.91314,57.78932],[18.91315,57.78935],[18.91317,57.78938],[18.9132,57.78944],[18.91326,57.78949],[18.91329,57.78954],[18.91339,57.78961],[18.91348,57.78968],[18.91353,57.78971],[18.9136,57.78974],[18.91365,57.78978],[18.9138,57.78983],[18.91393,57.78989],[18.91402,57.78991],[18.91409,57.78994],[18.91429,57.78998],[18.91443,57.79001],[18.91455,57.79004],[18.91458,57.79004]]]},"properties":{"NVRID":"2000438","NAMN":"Storholmen","SKYDDSTYP":"Naturreservat","LAN":"Gotlands Län","KOMMUN":"Gotland","IUCNKATEGORI":"0, Områden som ej kan klassificeras enligt IUCN: s system.","FORVALTARE":"Länsstyrelsen i Gotlands län","AREA_HA":40.501,"URSPR_BESLUTSDATUM":"1999-12-20"}},{"type":"Feature","geometry":{"type":"Polygon","coordinates":[[[18.15736,56.93378],[18.15736,56.93378],[18.15736,56.93378],[18.15736,56.93378],[18.15829,56.93472],[18.16331,56.93982],[18.16331,56.93982],[18.16331,56.93982],[18.16439,56.93918],[18.16507,56.93878],[18.16507,56.93878],[18.16368,56.93622],[18.16292,56.93482],[18.16254,56.93412],[18.16198,56.93308],[18.16198,56.93308],[18.16198,56.93308],[18.15736,56.93378]]]},"properties":{"NVRID":"2000108","NAMN":"Vaktbackar","SKYDDSTYP":"Naturreservat","LAN":"Gotlands Län","KOMMUN":"Gotland","IUCNKATEGORI":"III, Naturmonument (Natural Monument)","FORVALTARE":"Länsstyrelsen i Gotlands län","AREA_HA":15.342,"URSPR_BESLUTSDATUM":"1972-08-28"}},{"type":"Feature","geometry":{"type":"Polygon","coordinates":[[[19.07612,57.92652],[19.07615,57.92659],[19.07618,57.92667],[19.07623,57.92673],[19.07628,57.92678],[19.07632,57.92681],[19.07638,57.92684],[19.07655,57.92692],[19.07683,57.92708],[19.07697,57.92716],[19.07712,57.92725],[19.07725,57.92733],[19.07745,57.92748],[19.07752,57.92752],[19.0776,57.92757],[19.07767,57.92761],[19.07776,57.92765],[19.07784,57.92769],[19.07809,57.92781],[19.07812,57.92783],[19.0759,57.92846],[19.07347,57.92915],[19.06936,57.9302],[19.06936,57.9302],[19.06795,57.93206],[19.06795,57.93206],[19.07313,57.93552],[19.08249,57.93866],[19.08249,57.93866],[19.08249,57.93866],[19.08249,57.93866],[19.08352,57.93489],[19.08828,57.93354],[19.08828,57.93354],[19.0904,57.93198],[19.09527,57.92754],[19.0972,57.92582],[19.0972,57.92582],[19.0972,57.92582],[19.0972,57.92582],[19.08214,57.92332],[19.08214,57.92332],[19.08213,57.92332],[19.08213,57.92332],[19.08212,57.92333],[19.08211,57.92334],[19.0821,57.92335],[19.08209,57.92336],[19.08208,57.92337],[19.08206,57.92338],[19.08204,57.92339],[19.08202,57.92339],[19.082,57.9234],[19.08198,57.9234],[19.08196,57.92341],[19.08194,57.92341],[19.08192,57.92341],[19.0819,57.92341],[19.08187,57.92341],[19.08185,57.92341],[19.08183,57.92341],[19.08181,57.92341],[19.08179,57.9234],[19.08177,57.9234],[19.08175,57.92339],[19.08174,57.92339],[19.08173,57.92339],[19.08172,57.92338],[19.0817,57.92337],[19.08169,57.92336],[19.08167,57.92335],[19.08167,57.92335],[19.08166,57.92334],[19.08165,57.92333],[19.08165,57.92332],[19.08164,57.92331],[19.08164,57.9233],[19.08163,57.92328],[19.08163,57.92327],[19.08164,57.92326],[19.08164,57.92325],[19.08165,57.92324],[19.08165,57.92323],[19.08166,57.92322],[19.08167,57.9232],[19.08169,57.9232],[19.0817,57.92319],[19.08172,57.92318],[19.08173,57.92317],[19.08175,57.92316],[19.08176,57.92316],[19.08176,57.92316],[19.08176,57.92316],[19.08138,57.92283],[19.08138,57.92283],[19.08137,57.92283],[19.08012,57.92311],[19.08012,57.92311],[19.08012,57.92311],[19.08012,57.92311],[19.0803,57.92319],[19.08107,57.92332],[19.0811,57.92334],[19.08109,57.92335],[19.08105,57.92337],[19.081,57.92341],[19.08097,57.92345],[19.08095,57.92348],[19.08093,57.92352],[19.08091,57.92356],[19.08088,57.92361],[19.08083,57.92366],[19.08068,57.92377],[19.08051,57.92387],[19.08031,57.92397],[19.07991,57.92416],[19.07979,57.92421],[19.07965,57.92425],[19.07948,57.92428],[19.07931,57.92431],[19.07908,57.92433],[19.07823,57.92441],[19.07802,57.92443],[19.078,57.92443],[19.07766,57.92451],[19.07752,57.92455],[19.07739,57.92459],[19.07727,57.92464],[19.07703,57.92477],[19.07683,57.92489],[19.07674,57.92496],[19.07666,57.92504],[19.07659,57.92513],[19.07654,57.92523],[19.07648,57.9254],[19.07646,57.92547],[19.07642,57.92554],[19.07632,57.92569],[19.07623,57.92583],[19.0762,57.92591],[19.07612,57.92636],[19.07612,57.92643],[19.07612,57.92652]],[[19.07815,57.92782],[19.07834,57.92759],[19.07849,57.92741],[19.07934,57.92759],[19.07958,57.92787],[19.07949,57.92803],[19.07815,57.92782]]]},"properties":{"NVRID":"2002951","NAMN":"Marpes","SKYDDSTYP":"Naturreservat","LAN":"Gotlands Län","KOMMUN":"Gotland","IUCNKATEGORI":"IV, Habitat/Artskyddsområde (Habitat/Species Management Area)","FORVALTARE":"Länsstyrelsen i Gotlands län","AREA_HA":151.16,"URSPR_BESLUTSDATUM":"2005-08-12"}},{"type":"Feature","geometry":{"type":"Polygon","coordinates":[[[18.72642,57.34344],[18.72916,57.34406],[18.73079,57.34545],[18.73269,57.34592],[18.73184,57.34656],[18.73184,57.34656],[18.73184,57.34656],[18.73274,57.34683],[18.73294,57.34693],[18.73321,57.34705],[18.73375,57.34726],[18.73427,57.34744],[18.73462,57.34758],[18.73513,57.34782],[18.73568,57.34804],[18.73612,57.34816],[18.73643,57.34826],[18.73651,57.34829],[18.73656,57.34832],[18.73662,57.34837],[18.73685,57.34862],[18.73693,57.34867],[18.73729,57.34889],[18.73736,57.34894],[18.73749,57.34906],[18.7379,57.34936],[18.73798,57.34942],[18.73827,57.3496],[18.73878,57.34994],[18.73885,57.35],[18.73907,57.35027],[18.73907,57.35027],[18.73944,57.35038],[18.74007,57.35122],[18.74016,57.3514],[18.74027,57.35167],[18.74006,57.35304],[18.74,57.35382],[18.74,57.35382],[18.74,57.35382],[18.74,57.35382],[18.74,57.35382],[18.74164,57.35304],[18.74204,57.35368],[18.74204,57.35368],[18.74205,57.35368],[18.74269,57.35353],[18.74711,57.35229],[18.74711,57.35229],[18.74711,57.35229],[18.74704,57.35213],[18.74695,57.35198],[18.74687,57.35185],[18.74683,57.3518],[18.74682,57.35175],[18.74682,57.35161],[18.74681,57.35147],[18.74679,57.35134],[18.74677,57.35124],[18.74674,57.35115],[18.74673,57.3511],[18.74673,57.35102],[18.74672,57.35094],[18.74672,57.35086],[18.7467,57.35079],[18.74668,57.3507],[18.74666,57.35063],[18.74665,57.35055],[18.74664,57.35047],[18.74663,57.35039],[18.74662,57.35031],[18.7466,57.35023],[18.74658,57.35018],[18.74655,57.35007],[18.74652,57.35],[18.74648,57.34992],[18.74644,57.34984],[18.74641,57.34976],[18.74638,57.34968],[18.74634,57.3496],[18.74631,57.34952],[18.74626,57.34944],[18.74621,57.34937],[18.74615,57.34928],[18.74608,57.34919],[18.746,57.34909],[18.74594,57.34903],[18.74569,57.34878],[18.7456,57.34871],[18.7455,57.34863],[18.74542,57.34856],[18.74531,57.34849],[18.74521,57.34842],[18.74511,57.34836],[18.74503,57.3483],[18.74493,57.34823],[18.74491,57.34821],[18.74491,57.34818],[18.74491,57.34817],[18.74493,57.34808],[18.74494,57.34802],[18.74495,57.34794],[18.74496,57.34785],[18.74496,57.34777],[18.74496,57.34769],[18.74495,57.34761],[18.74494,57.34753],[18.74493,57.34744],[18.74491,57.34737],[18.74489,57.34728],[18.74486,57.34721],[18.74483,57.34713],[18.74479,57.34705],[18.74474,57.34696],[18.7447,57.34688],[18.74465,57.3468],[18.74462,57.34674],[18.74458,57.34666],[18.74454,57.34658],[18.7445,57.34651],[18.74446,57.34643],[18.74442,57.34635],[18.74437,57.34627],[18.74432,57.34618],[18.74427,57.3461],[18.7442,57.34602],[18.74414,57.34594],[18.74406,57.34586],[18.74399,57.34579],[18.74391,57.34571],[18.74382,57.34563],[18.74374,57.34556],[18.74365,57.3455],[18.74354,57.34542],[18.74344,57.34536],[18.74334,57.34528],[18.74323,57.34521],[18.74311,57.34512],[18.74301,57.34505],[18.74289,57.34498],[18.74278,57.34492],[18.74264,57.34484],[18.74252,57.34478],[18.74239,57.34471],[18.74228,57.34466],[18.74213,57.3446],[18.74201,57.34455],[18.74186,57.34449],[18.74173,57.34445],[18.74159,57.3444],[18.74143,57.34435],[18.74129,57.34431],[18.74116,57.34427],[18.74097,57.34423],[18.74079,57.34419],[18.74064,57.34416],[18.74046,57.34413],[18.7403,57.3441],[18.74016,57.34408],[18.73996,57.34406],[18.73978,57.34404],[18.73963,57.34403],[18.73943,57.34402],[18.73926,57.34401],[18.73913,57.34401],[18.73892,57.34401],[18.73874,57.344],[18.7386,57.344],[18.73853,57.344],[18.73847,57.34399],[18.7384,57.34397],[18.73827,57.34392],[18.73815,57.34388],[18.73797,57.34383],[18.73782,57.34379],[18.73768,57.34375],[18.7375,57.34371],[18.73734,57.34368],[18.73721,57.34366],[18.73699,57.34362],[18.73686,57.3436],[18.73668,57.34357],[18.73648,57.34353],[18.73627,57.3435],[18.73612,57.34348],[18.73594,57.34346],[18.73576,57.34344],[18.7356,57.34342],[18.73541,57.34338],[18.73524,57.34334],[18.73509,57.34331],[18.73493,57.34327],[18.7348,57.34325],[18.73465,57.34322],[18.73455,57.34318],[18.73443,57.34314],[18.73435,57.34311],[18.73428,57.34308],[18.73423,57.34303],[18.73419,57.34298],[18.73413,57.3429],[18.73406,57.34282],[18.73399,57.34274],[18.73391,57.34266],[18.73382,57.34258],[18.73374,57.34251],[18.73363,57.34241],[18.73354,57.34234],[18.73344,57.34226],[18.73336,57.3422],[18.73322,57.3421],[18.73311,57.34202],[18.73301,57.34196],[18.73286,57.34187],[18.73273,57.3418],[18.73261,57.34174],[18.73254,57.3417],[18.73247,57.34166],[18.73233,57.34159],[18.7322,57.34152],[18.73205,57.34146],[18.73192,57.3414],[18.73177,57.34134],[18.73166,57.34128],[18.73159,57.34124],[18.73146,57.34117],[18.73136,57.34112],[18.73123,57.34105],[18.7311,57.34099],[18.73094,57.34092],[18.73081,57.34087],[18.73065,57.34081],[18.73049,57.34076],[18.73023,57.34067],[18.73007,57.34062],[18.7299,57.34057],[18.72976,57.34054],[18.72973,57.34052],[18.72965,57.34046],[18.72955,57.34037],[18.72945,57.3403],[18.72935,57.34023],[18.72923,57.34015],[18.72912,57.34008],[18.729,57.34001],[18.72888,57.33995],[18.72872,57.33987],[18.7286,57.33981],[18.72841,57.33973],[18.72826,57.33968],[18.72805,57.33962],[18.72789,57.33958],[18.72769,57.33953],[18.72755,57.33951],[18.72755,57.33951],[18.72755,57.33951],[18.72504,57.34187],[18.72422,57.34307],[18.7242,57.34322],[18.7242,57.34322],[18.72498,57.34351],[18.72642,57.34344]]]},"properties":{"NVRID":"2000120","NAMN":"Folhammar","SKYDDSTYP":"Naturreservat","LAN":"Gotlands Län","KOMMUN":"Gotland","IUCNKATEGORI":"III, Naturmonument (Natural Monument)","FORVALTARE":"Länsstyrelsen i Gotlands län","AREA_HA":77.35,"URSPR_BESLUTSDATUM":"1974-12-17"}},{"type":"Feature","geometry":{"type":"Polygon","coordinates":[[[18.98405,57.85244],[18.98405,57.85244],[18.98405,57.85244],[18.98405,57.85244],[18.98405,57.85244],[18.98437,57.85179],[18.98439,57.85178],[18.98439,57.85178],[18.98462,57.85131],[18.98459,57.85108],[18.98513,57.851],[18.98552,57.85122],[18.98553,57.85122],[18.98553,57.85122],[18.98588,57.85108],[18.98588,57.85108],[18.98587,57.85098],[18.9859,57.85076],[18.98562,57.85052],[18.98554,57.85042],[18.98551,57.85031],[18.98551,57.85021],[18.98554,57.85012],[18.98562,57.85001],[18.98573,57.84994],[18.98608,57.84988],[18.98824,57.85058],[18.98815,57.85071],[18.98814,57.85081],[18.98814,57.85081],[18.98846,57.85105],[18.9888,57.85121],[18.9888,57.85121],[18.9888,57.85121],[18.9896,57.85076],[18.99005,57.85093],[18.99027,57.85099],[18.99165,57.85154],[18.99067,57.85218],[18.98911,57.8531],[18.98682,57.85229],[18.98682,57.85229],[18.98682,57.85229],[18.98553,57.85297],[18.98553,57.85297],[18.98553,57.85297],[18.98571,57.85303],[18.98698,57.85348],[18.98758,57.85369],[18.98832,57.85395],[18.98863,57.85401],[18.98915,57.8541],[18.98978,57.85419],[18.99055,57.85423],[18.99138,57.85427],[18.99203,57.85429],[18.99255,57.85432],[18.99316,57.8544],[18.99404,57.85456],[18.99471,57.85469],[18.995,57.85474],[18.99594,57.85492],[18.99675,57.85506],[18.99706,57.8551],[18.99759,57.85516],[18.99956,57.85484],[19.00127,57.85438],[19.00234,57.85409],[19.00235,57.85409],[19.00234,57.85409],[19.00174,57.85345],[19.0017,57.8527],[19.00203,57.85154],[19.00203,57.85154],[19.00203,57.85154],[18.99982,57.85066],[19.00053,57.84976],[19.00053,57.84976],[19.00053,57.84976],[18.99959,57.84946],[18.99999,57.84903],[18.99999,57.84903],[18.99999,57.84903],[18.99908,57.84866],[19.00049,57.84754],[19.00049,57.84754],[19.00021,57.84723],[19.0006,57.84676],[19.0006,57.84676],[19.0006,57.84676],[19.0006,57.84676],[18.99932,57.84682],[18.99887,57.84593],[18.9995,57.84586],[18.9995,57.84586],[18.9995,57.84586],[18.9993,57.84548],[18.99874,57.84489],[18.9983,57.84403],[18.9983,57.84403],[18.9983,57.84403],[18.9983,57.84403],[18.9983,57.84403],[18.98881,57.84566],[18.98881,57.84567],[18.98881,57.84567],[18.98879,57.84613],[18.98878,57.84655],[18.98877,57.84685],[18.98877,57.84705],[18.98875,57.84719],[18.98871,57.84731],[18.98865,57.84744],[18.98858,57.84757],[18.9885,57.84769],[18.9884,57.84784],[18.98829,57.84795],[18.98815,57.84807],[18.98802,57.84817],[18.98788,57.84827],[18.98774,57.84835],[18.98624,57.84912],[18.98557,57.84947],[18.98489,57.84983],[18.98418,57.85019],[18.98363,57.85048],[18.98288,57.85087],[18.98247,57.85108],[18.98223,57.85121],[18.98185,57.85142],[18.98169,57.85152],[18.98171,57.85158],[18.98171,57.85158],[18.98229,57.85181],[18.98288,57.85203],[18.9835,57.85225],[18.98382,57.85236],[18.98405,57.85244]]]},"properties":{"NVRID":"2002747","NAMN":"Bluttmo-Gildarshagen","SKYDDSTYP":"Naturreservat","LAN":"Gotlands Län","KOMMUN":"Gotland","IUCNKATEGORI":"Ia, Strikt naturreservat (Strict Nature Reserve)","FORVALTARE":"Länsstyrelsen i Gotlands län","AREA_HA":82.205,"URSPR_BESLUTSDATUM":"2003-11-03"}},{"type":"Feature","geometry":{"type":"Polygon","coordinates":[[[18.8333,57.73044],[18.83576,57.72829],[18.84075,57.72745],[18.8444,57.72659],[18.84737,57.72662],[18.84737,57.72662],[18.84737,57.72662],[18.84843,57.72355],[18.84979,57.72192],[18.84977,57.71969],[18.85361,57.7195],[18.85369,57.72087],[18.85439,57.72251],[18.85494,57.72345],[18.85495,57.72345],[18.85495,57.72345],[18.85623,57.72341],[18.85845,57.72253],[18.86338,57.72095],[18.86551,57.72068],[18.86687,57.72093],[18.87017,57.72263],[18.8707,57.72338],[18.87215,57.72713],[18.87216,57.72713],[18.87357,57.72746],[18.87455,57.72828],[18.87455,57.72828],[18.88508,57.72922],[18.88508,57.72922],[18.88681,57.72871],[18.88834,57.72771],[18.88834,57.72771],[18.88785,57.72697],[18.8881,57.72624],[18.89155,57.72345],[18.89155,57.72345],[18.89105,57.72281],[18.89118,57.72179],[18.89427,57.71702],[18.89612,57.71476],[18.89844,57.71346],[18.90047,57.71297],[18.90271,57.71292],[18.90468,57.71318],[18.90715,57.71355],[18.90843,57.71351],[18.90937,57.71296],[18.91075,57.71273],[18.91206,57.71279],[18.9128,57.71309],[18.91329,57.71366],[18.91417,57.71547],[18.91435,57.71782],[18.91402,57.71845],[18.91428,57.72021],[18.91435,57.72078],[18.91374,57.72126],[18.91264,57.72152],[18.91264,57.72152],[18.91255,57.72193],[18.91255,57.72193],[18.91422,57.72313],[18.91466,57.72401],[18.9143,57.72467],[18.91356,57.72517],[18.91356,57.72518],[18.91442,57.72631],[18.91716,57.72904],[18.91716,57.72904],[18.91995,57.73007],[18.92117,57.73029],[18.92399,57.72996],[18.92601,57.73018],[18.92881,57.73074],[18.92993,57.73112],[18.93118,57.73195],[18.93118,57.73195],[18.93184,57.73191],[18.93184,57.73191],[18.93254,57.73132],[18.93423,57.73042],[18.9351,57.72783],[18.93507,57.72708],[18.93588,57.72636],[18.93793,57.72558],[18.93901,57.72524],[18.94033,57.72429],[18.94091,57.7232],[18.94162,57.72249],[18.94219,57.72224],[18.94309,57.72208],[18.94439,57.72208],[18.9456,57.72227],[18.9467,57.72261],[18.95032,57.72419],[18.95164,57.72465],[18.95416,57.72633],[18.95494,57.72675],[18.95595,57.72709],[18.95596,57.72709],[18.95707,57.72687],[18.95886,57.7268],[18.96024,57.72715],[18.96091,57.7275],[18.96141,57.72815],[18.96142,57.72853],[18.96107,57.72894],[18.96053,57.72924],[18.95938,57.72983],[18.95857,57.73016],[18.95662,57.73112],[18.95629,57.73142],[18.95609,57.73218],[18.95615,57.73256],[18.95657,57.73282],[18.95715,57.73312],[18.95813,57.73393],[18.95844,57.73594],[18.95821,57.73676],[18.95871,57.73746],[18.95859,57.73836],[18.95838,57.73869],[18.95746,57.7398],[18.95708,57.74009],[18.95675,57.74023],[18.95621,57.74038],[18.9559,57.74044],[18.95487,57.74052],[18.95422,57.74048],[18.95363,57.74033],[18.95289,57.74002],[18.95224,57.73997],[18.95224,57.73997],[18.95158,57.74033],[18.95158,57.74033],[18.95135,57.74147],[18.95154,57.74232],[18.95244,57.74318],[18.95275,57.74335],[18.953,57.74361],[18.95309,57.74393],[18.95303,57.74417],[18.95281,57.74443],[18.95239,57.74467],[18.95155,57.74498],[18.95155,57.74498],[18.95144,57.74534],[18.95152,57.74588],[18.95176,57.74624],[18.95179,57.74659],[18.95149,57.74743],[18.95129,57.7485],[18.95104,57.74957],[18.95098,57.75061],[18.95132,57.75159],[18.95165,57.75224],[18.95195,57.75315],[18.95214,57.75469],[18.95371,57.75603],[18.95438,57.75662],[18.955,57.75857],[18.95578,57.75977],[18.95586,57.76011],[18.95593,57.76177],[18.95586,57.76273],[18.95569,57.76331],[18.95538,57.7639],[18.95455,57.7646],[18.95414,57.76538],[18.95331,57.76638],[18.95331,57.76638],[18.95331,57.76638],[18.95331,57.76638],[18.95332,57.76638],[18.967,57.76582],[18.98251,57.76551],[18.99899,57.76528],[18.99899,57.76528],[18.99899,57.76528],[18.9991,57.76494],[18.99946,57.76447],[19.00004,57.76393],[19.00004,57.76393],[18.9999,57.76368],[18.99953,57.76347],[18.99905,57.76313],[18.99832,57.76241],[18.99799,57.76187],[18.99775,57.76119],[18.99769,57.76046],[18.99813,57.7594],[18.9987,57.75874],[18.99939,57.75828],[18.99963,57.75819],[19.00023,57.75784],[19.00066,57.75765],[19.00133,57.75721],[19.00208,57.75632],[19.0026,57.75553],[19.003,57.75502],[19.00338,57.75461],[19.01089,57.7542],[19.01308,57.75448],[19.01447,57.75486],[19.01594,57.75529],[19.01805,57.75534],[19.02084,57.75535],[19.02084,57.75535],[19.02084,57.75535],[19.047,57.7278],[19.047,57.7278],[19.047,57.7278],[18.97556,57.69499],[18.97556,57.69499],[18.97556,57.69499],[18.96563,57.7181],[18.95567,57.71797],[18.961,57.68836],[18.961,57.68836],[18.93904,57.67821],[18.93904,57.67821],[18.93903,57.67821],[18.8857,57.69381],[18.8619,57.67736],[18.86045,57.67657],[18.85891,57.676],[18.85723,57.67564],[18.85565,57.6755],[18.85384,57.6756],[18.85246,57.67584],[18.85106,57.67623],[18.84946,57.67689],[18.84805,57.67778],[18.84755,57.67813],[18.84697,57.67875],[18.83434,57.69477],[18.83415,57.69498],[18.83396,57.69541],[18.8339,57.69588],[18.83504,57.70938],[18.80928,57.71495],[18.80927,57.71495],[18.80927,57.71495],[18.80927,57.71495],[18.81023,57.71611],[18.81223,57.7204],[18.8144,57.72683],[18.81338,57.73379],[18.81338,57.73379],[18.81819,57.73783],[18.81819,57.73783],[18.82538,57.73857],[18.8299,57.73683],[18.83059,57.73643],[18.83198,57.73569],[18.83198,57.73569],[18.83313,57.73335],[18.83358,57.73219],[18.8333,57.73044]],[[19.01484,57.75246],[19.01535,57.75219],[19.01535,57.7522],[19.01535,57.7522],[19.01535,57.7522],[19.01535,57.7522],[19.01535,57.7522],[19.01592,57.75183],[19.016,57.75192],[19.0161,57.75219],[19.01589,57.75243],[19.01541,57.7527],[19.01484,57.75246]],[[19.01467,57.74968],[19.01495,57.74879],[19.01578,57.74887],[19.01549,57.74976],[19.01467,57.74968]],[[19.01591,57.75245],[19.0162,57.75242],[19.01671,57.75243],[19.01671,57.75243],[19.01694,57.75233],[19.01721,57.7523],[19.01733,57.75238],[19.01696,57.75254],[19.01696,57.75254],[19.01657,57.75373],[19.01623,57.75373],[19.01635,57.75288],[19.01635,57.75288],[19.01597,57.75261],[19.01591,57.75245]],[[19.01582,57.75415],[19.01664,57.75408],[19.0169,57.75481],[19.01656,57.75511],[19.01599,57.75507],[19.01582,57.75415]]]},"properties":{"NVRID":"2046153","NAMN":"Slite skärgård","SKYDDSTYP":"Naturreservat","LAN":"Gotlands Län","KOMMUN":"Gotland","IUCNKATEGORI":"V, Skyddat landskap/havsområde (Protected Landscape/Seascape)","FORVALTARE":"Länsstyrelsen i Gotlands län","AREA_HA":6322.855,"URSPR_BESLUTSDATUM":"2016-11-25"}},{"type":"Feature","geometry":{"type":"Polygon","coordinates":[[[18.44613,57.80412],[18.44624,57.80418],[18.44629,57.8042],[18.44629,57.8042],[18.44646,57.80422],[18.44657,57.80426],[18.44663,57.80431],[18.44669,57.80436],[18.44691,57.80452],[18.44697,57.80456],[18.44741,57.80486],[18.44749,57.80492],[18.44756,57.80498],[18.44765,57.80507],[18.4477,57.80511],[18.44802,57.80545],[18.44805,57.80549],[18.4481,57.80554],[18.44821,57.80568],[18.44825,57.80574],[18.44845,57.80601],[18.4485,57.80608],[18.44868,57.80633],[18.44871,57.8064],[18.44879,57.80655],[18.44883,57.80664],[18.44895,57.80692],[18.44903,57.80708],[18.44909,57.80727],[18.44927,57.8077],[18.44931,57.8078],[18.44942,57.80801],[18.44948,57.80815],[18.4496,57.80856],[18.44963,57.80863],[18.44988,57.80905],[18.44999,57.80926],[18.45004,57.80933],[18.45006,57.80936],[18.45015,57.80951],[18.45019,57.80965],[18.45021,57.80973],[18.45026,57.8098],[18.45037,57.81005],[18.4504,57.8101],[18.4505,57.81029],[18.45056,57.81039],[18.45068,57.81058],[18.45079,57.81074],[18.45085,57.81084],[18.45095,57.81095],[18.45106,57.81106],[18.45113,57.81115],[18.45121,57.81124],[18.4513,57.81133],[18.45138,57.8114],[18.45144,57.81147],[18.45185,57.81186],[18.45204,57.81203],[18.45218,57.81216],[18.45223,57.81221],[18.45236,57.81232],[18.45236,57.81232],[18.45236,57.81232],[18.45236,57.81232],[18.45356,57.81125],[18.4549,57.81006],[18.46571,57.80039],[18.47074,57.79587],[18.47629,57.79088],[18.47629,57.79088],[18.47629,57.79088],[18.47629,57.79088],[18.4759,57.79086],[18.47544,57.79084],[18.47454,57.79081],[18.47315,57.79077],[18.47214,57.79073],[18.47018,57.79065],[18.4696,57.79061],[18.4691,57.79057],[18.4687,57.79054],[18.46849,57.79051],[18.46324,57.78979],[18.46305,57.78976],[18.46258,57.7897],[18.46217,57.78964],[18.46208,57.78963],[18.46199,57.78963],[18.46196,57.78963],[18.46162,57.7896],[18.46151,57.78959],[18.46086,57.78951],[18.46069,57.78949],[18.46023,57.78941],[18.45976,57.78932],[18.45914,57.78917],[18.45905,57.78915],[18.45875,57.78906],[18.45841,57.78897],[18.45808,57.78886],[18.45808,57.78886],[18.45808,57.78886],[18.45038,57.79435],[18.44826,57.79586],[18.4475,57.79639],[18.44558,57.79777],[18.44417,57.79878],[18.4425,57.79998],[18.4425,57.79998],[18.4427,57.80024],[18.44279,57.80035],[18.44295,57.80051],[18.44311,57.80069],[18.4432,57.80079],[18.44352,57.80114],[18.44361,57.80124],[18.44372,57.80136],[18.44374,57.80137],[18.44383,57.80146],[18.4439,57.80155],[18.44403,57.80168],[18.44425,57.8019],[18.44433,57.80198],[18.44439,57.80205],[18.44475,57.80245],[18.44484,57.80255],[18.44521,57.80294],[18.44539,57.80311],[18.44562,57.80338],[18.44566,57.80345],[18.44566,57.80358],[18.44563,57.80362],[18.4456,57.80376],[18.44557,57.80383],[18.44557,57.80387],[18.44554,57.80398],[18.44554,57.80401],[18.44555,57.80401],[18.44573,57.80404],[18.4458,57.80405],[18.44596,57.80409],[18.44606,57.8041],[18.44613,57.80412]]]},"properties":{"NVRID":"2000135","NAMN":"Björkume","SKYDDSTYP":"Naturreservat","LAN":"Gotlands Län","KOMMUN":"Gotland","IUCNKATEGORI":"V, Skyddat landskap/havsområde (Protected Landscape/Seascape)","FORVALTARE":"Länsstyrelsen i Gotlands län","AREA_HA":239.07,"URSPR_BESLUTSDATUM":"1995-03-27"}},{"type":"Feature","geometry":{"type":"Polygon","coordinates":[[[19.14289,57.97697],[19.14091,57.97875],[19.14091,57.97875],[19.14091,57.97875],[19.14091,57.97875],[19.14099,57.97876],[19.14111,57.97879],[19.14122,57.97883],[19.14134,57.97885],[19.14151,57.97886],[19.14197,57.97893],[19.14205,57.97895],[19.14247,57.97902],[19.14288,57.97913],[19.14298,57.97917],[19.14358,57.97941],[19.14374,57.97947],[19.14429,57.97966],[19.14443,57.97971],[19.14457,57.97977],[19.14477,57.97986],[19.14482,57.97989],[19.14493,57.97994],[19.14512,57.98003],[19.14531,57.98012],[19.14597,57.98039],[19.14609,57.98045],[19.14624,57.9805],[19.14631,57.98052],[19.14651,57.98061],[19.14668,57.98069],[19.14686,57.98076],[19.14704,57.98084],[19.14714,57.98088],[19.14727,57.98094],[19.14741,57.98102],[19.14766,57.98118],[19.14775,57.98124],[19.14791,57.98136],[19.14805,57.98146],[19.14824,57.98163],[19.14833,57.98171],[19.1484,57.98181],[19.14861,57.98205],[19.14872,57.98214],[19.14878,57.9822],[19.1489,57.98232],[19.14897,57.98237],[19.14926,57.98264],[19.14944,57.98278],[19.14952,57.98283],[19.14985,57.98307],[19.15014,57.98323],[19.15027,57.98329],[19.15058,57.98346],[19.15069,57.98353],[19.15086,57.98366],[19.15091,57.98371],[19.15111,57.98388],[19.15126,57.98403],[19.15148,57.98436],[19.15154,57.98444],[19.15158,57.98447],[19.15161,57.9845],[19.15144,57.98457],[19.15139,57.98459],[19.15135,57.98462],[19.15135,57.98462],[19.15135,57.98462],[19.15152,57.98483],[19.15164,57.98494],[19.15175,57.98505],[19.15181,57.98511],[19.15188,57.98518],[19.15197,57.98531],[19.15215,57.98547],[19.15223,57.98556],[19.15229,57.98563],[19.15242,57.98576],[19.15247,57.98581],[19.15255,57.98587],[19.15259,57.98593],[19.15265,57.986],[19.15269,57.98603],[19.15316,57.98633],[19.15329,57.98638],[19.15354,57.9865],[19.15366,57.98658],[19.15377,57.98668],[19.15383,57.98672],[19.1539,57.98675],[19.15404,57.98678],[19.15431,57.98691],[19.15438,57.98694],[19.15469,57.987],[19.15485,57.9871],[19.155,57.98717],[19.15513,57.98721],[19.15513,57.98721],[19.15532,57.98721],[19.1554,57.9872],[19.15545,57.98721],[19.15549,57.98722],[19.15549,57.98723],[19.15545,57.98725],[19.15545,57.98728],[19.15545,57.98728],[19.15549,57.9873],[19.15555,57.98731],[19.15569,57.98733],[19.15583,57.98734],[19.15583,57.98734],[19.15583,57.98734],[19.15586,57.98729],[19.15587,57.98728],[19.15588,57.98727],[19.15595,57.98729],[19.15607,57.9873],[19.15619,57.98731],[19.15628,57.98732],[19.15628,57.98732],[19.15638,57.9873],[19.15643,57.9873],[19.15654,57.9873],[19.15658,57.98731],[19.15663,57.98733],[19.15663,57.98733],[19.15663,57.98733],[19.15674,57.98728],[19.15681,57.98726],[19.15732,57.98726],[19.15754,57.98729],[19.15759,57.9873],[19.15765,57.98732],[19.15773,57.98737],[19.15779,57.98743],[19.15783,57.98754],[19.15791,57.98771],[19.15796,57.98781],[19.15798,57.98787],[19.15805,57.98802],[19.15811,57.98815],[19.15813,57.98819],[19.15817,57.98825],[19.15819,57.9883],[19.15824,57.98844],[19.1583,57.98857],[19.15835,57.98863],[19.15842,57.98868],[19.15855,57.98873],[19.15892,57.9888],[19.15903,57.98882],[19.15911,57.98884],[19.15917,57.98893],[19.15915,57.98902],[19.15913,57.98907],[19.15913,57.98908],[19.1591,57.98913],[19.15909,57.98918],[19.1591,57.98926],[19.15915,57.98934],[19.15922,57.98941],[19.15928,57.98946],[19.15936,57.98975],[19.15936,57.98981],[19.15946,57.99005],[19.1595,57.99011],[19.15956,57.99024],[19.15962,57.99033],[19.15968,57.9904],[19.15973,57.99047],[19.1598,57.99055],[19.15988,57.99062],[19.15994,57.99067],[19.15998,57.99072],[19.16004,57.99077],[19.16009,57.99081],[19.16011,57.99083],[19.16033,57.99114],[19.16038,57.99122],[19.16052,57.99138],[19.16082,57.99161],[19.16089,57.99166],[19.161,57.99173],[19.16116,57.99184],[19.16125,57.99189],[19.16157,57.99209],[19.16162,57.99212],[19.1617,57.99217],[19.16177,57.99221],[19.16184,57.99226],[19.16202,57.9924],[19.16209,57.99246],[19.16214,57.99252],[19.16221,57.99257],[19.16234,57.9927],[19.16246,57.99283],[19.16258,57.99298],[19.16269,57.99309],[19.1627,57.9931],[19.16285,57.99324],[19.16324,57.9936],[19.16342,57.99373],[19.16351,57.9938],[19.16359,57.99385],[19.16375,57.99395],[19.16399,57.99411],[19.16429,57.99427],[19.16433,57.99428],[19.16453,57.99434],[19.16477,57.9944],[19.16483,57.99442],[19.16508,57.99452],[19.16531,57.99457],[19.16538,57.99457],[19.1657,57.99464],[19.16626,57.99476],[19.16641,57.99481],[19.16668,57.99493],[19.16679,57.99498],[19.16684,57.995],[19.16691,57.99503],[19.16718,57.99512],[19.16725,57.99513],[19.16726,57.99514],[19.16726,57.99516],[19.16721,57.99518],[19.16717,57.9952],[19.16717,57.9952],[19.16716,57.99523],[19.16716,57.99523],[19.16716,57.99523],[19.1672,57.99525],[19.16727,57.99527],[19.16737,57.99525],[19.16744,57.99523],[19.16749,57.99519],[19.16751,57.99517],[19.16754,57.99517],[19.16761,57.9952],[19.16766,57.99522],[19.16771,57.99524],[19.16771,57.99524],[19.16771,57.99524],[19.16778,57.99521],[19.16818,57.99526],[19.16847,57.9953],[19.16859,57.99533],[19.1688,57.99541],[19.16886,57.99544],[19.16892,57.99548],[19.16896,57.99549],[19.16896,57.99549],[19.16896,57.99549],[19.16912,57.99543],[19.16915,57.99543],[19.16918,57.99545],[19.16918,57.99545],[19.16914,57.99548],[19.16909,57.99551],[19.16907,57.99553],[19.16907,57.99555],[19.16911,57.99558],[19.16912,57.99558],[19.16916,57.99559],[19.16916,57.99559],[19.16922,57.99558],[19.16935,57.99553],[19.16942,57.99552],[19.16972,57.99555],[19.16991,57.99558],[19.17004,57.99561],[19.17016,57.99564],[19.17017,57.99565],[19.17039,57.99572],[19.17049,57.99574],[19.17078,57.99571],[19.17092,57.99571],[19.17104,57.99573],[19.17121,57.99577],[19.17138,57.99581],[19.17156,57.99586],[19.17163,57.99587],[19.17171,57.99587],[19.17173,57.99587],[19.17172,57.99589],[19.1717,57.99592],[19.1717,57.99592],[19.17173,57.99596],[19.17174,57.99596],[19.17174,57.99596],[19.17186,57.99593],[19.17192,57.9959],[19.17196,57.99589],[19.17203,57.9959],[19.17207,57.99592],[19.17207,57.99595],[19.17212,57.99599],[19.17212,57.99599],[19.17231,57.996],[19.17238,57.99602],[19.17241,57.99604],[19.17238,57.9961],[19.17238,57.9961],[19.17241,57.99617],[19.17246,57.9962],[19.17246,57.9962],[19.17247,57.9962],[19.17247,57.9962],[19.17247,57.99619],[19.17247,57.99615],[19.17249,57.99615],[19.17253,57.99616],[19.17262,57.99617],[19.17273,57.99617],[19.17286,57.99614],[19.17291,57.99613],[19.17294,57.99615],[19.17308,57.99622],[19.17314,57.99623],[19.17322,57.99623],[19.1733,57.99624],[19.17347,57.9963],[19.17353,57.99633],[19.1736,57.99639],[19.17364,57.99642],[19.17372,57.99646],[19.17378,57.99648],[19.17383,57.99647],[19.17383,57.99647],[19.17383,57.99647],[19.17384,57.99641],[19.17385,57.99641],[19.17392,57.99645],[19.17392,57.99645],[19.17399,57.99646],[19.17405,57.99644],[19.17417,57.9963],[19.1742,57.99617],[19.17421,57.99614],[19.17425,57.99612],[19.17467,57.99617],[19.17488,57.9962],[19.17511,57.99625],[19.17552,57.99631],[19.17606,57.99637],[19.17623,57.99638],[19.17648,57.99639],[19.17673,57.9964],[19.17693,57.99641],[19.17741,57.9965],[19.17756,57.99654],[19.17801,57.9967],[19.17816,57.99677],[19.17839,57.99688],[19.17849,57.99693],[19.17848,57.99693],[19.17846,57.99693],[19.1783,57.99695],[19.1783,57.99695],[19.1783,57.99695],[19.1783,57.99697],[19.17835,57.997],[19.17836,57.99701],[19.17835,57.99701],[19.17827,57.997],[19.17827,57.997],[19.17827,57.997],[19.17828,57.99702],[19.17823,57.99702],[19.17823,57.99702],[19.17823,57.99702],[19.17819,57.99704],[19.17819,57.99704],[19.17819,57.99707],[19.17819,57.99707],[19.17825,57.99711],[19.17834,57.99715],[19.17833,57.99716],[19.17817,57.99717],[19.17817,57.99717],[19.17817,57.99717],[19.1782,57.99719],[19.17829,57.99722],[19.17837,57.99724],[19.17861,57.99725],[19.17861,57.99725],[19.17861,57.99725],[19.17866,57.99721],[19.17865,57.99717],[19.17865,57.99717],[19.17861,57.99715],[19.17861,57.99715],[19.17856,57.99716],[19.17855,57.99715],[19.17857,57.99714],[19.17859,57.99711],[19.17859,57.99711],[19.17856,57.99709],[19.17858,57.99709],[19.17867,57.99712],[19.17867,57.99712],[19.17867,57.99712],[19.17871,57.99709],[19.17872,57.99706],[19.17876,57.99704],[19.1788,57.99707],[19.17886,57.99711],[19.17904,57.99719],[19.17909,57.99722],[19.17913,57.99723],[19.17914,57.99724],[19.17914,57.99727],[19.17914,57.99727],[19.17918,57.9973],[19.17927,57.99732],[19.17931,57.99732],[19.17934,57.99736],[19.17934,57.99736],[19.17942,57.99739],[19.17949,57.99741],[19.1795,57.99742],[19.1795,57.99742],[19.1795,57.99742],[19.17957,57.99744],[19.17965,57.99744],[19.17972,57.99748],[19.17974,57.99752],[19.17977,57.99755],[19.17977,57.99755],[19.17987,57.99759],[19.17998,57.9976],[19.18024,57.99767],[19.18038,57.99775],[19.18048,57.99779],[19.18068,57.99784],[19.18099,57.998],[19.18108,57.99806],[19.18117,57.99813],[19.18129,57.9982],[19.18134,57.99823],[19.1814,57.99831],[19.18142,57.99836],[19.18142,57.9984],[19.18142,57.9984],[19.18158,57.99848],[19.18163,57.99851],[19.18165,57.99855],[19.18167,57.99858],[19.18173,57.99862],[19.18173,57.99862],[19.18174,57.99862],[19.18185,57.99862],[19.18189,57.99862],[19.18193,57.99863],[19.18194,57.99864],[19.1819,57.99872],[19.18189,57.99874],[19.18189,57.99874],[19.18189,57.99874],[19.18204,57.99879],[19.18213,57.99884],[19.18213,57.99884],[19.18228,57.99883],[19.1823,57.99882],[19.18237,57.99887],[19.18273,57.99902],[19.18284,57.99905],[19.18292,57.99906],[19.18299,57.99906],[19.18314,57.99914],[19.18329,57.99914],[19.18331,57.99915],[19.1833,57.99919],[19.18325,57.99924],[19.18322,57.99925],[19.18316,57.99923],[19.18309,57.9992],[19.18304,57.99919],[19.18298,57.9992],[19.18298,57.9992],[19.18298,57.9992],[19.18296,57.99922],[19.18296,57.99922],[19.18296,57.99922],[19.18303,57.99928],[19.18308,57.99932],[19.18311,57.99934],[19.18311,57.99934],[19.18315,57.99935],[19.18315,57.99935],[19.18322,57.99934],[19.18327,57.99932],[19.1834,57.99928],[19.18354,57.99922],[19.18358,57.99919],[19.18359,57.99919],[19.18363,57.99922],[19.18363,57.99922],[19.18363,57.99922],[19.1837,57.9992],[19.18376,57.99918],[19.18388,57.99919],[19.18395,57.99917],[19.184,57.99916],[19.1841,57.99917],[19.18429,57.99918],[19.18436,57.9992],[19.18445,57.99923],[19.18452,57.99925],[19.18458,57.99927],[19.18478,57.99925],[19.18486,57.99925],[19.18495,57.99927],[19.18497,57.99927],[19.18496,57.99932],[19.18485,57.99937],[19.18479,57.9994],[19.18479,57.9994],[19.18479,57.99943],[19.18482,57.99946],[19.18482,57.99946],[19.18482,57.99946],[19.18495,57.99946],[19.1851,57.99941],[19.18512,57.99941],[19.18516,57.99943],[19.18519,57.99945],[19.18519,57.99945],[19.18524,57.99945],[19.18524,57.99945],[19.18524,57.99945],[19.18528,57.99938],[19.18528,57.99937],[19.18536,57.99937],[19.18546,57.99935],[19.18553,57.99931],[19.18555,57.99931],[19.1856,57.9993],[19.18566,57.99924],[19.18568,57.99922],[19.18572,57.99921],[19.186,57.99924],[19.1862,57.99926],[19.1863,57.9993],[19.1864,57.99934],[19.1864,57.99934],[19.18657,57.99932],[19.18677,57.99929],[19.18706,57.99928],[19.1871,57.99928],[19.18714,57.99928],[19.18758,57.99936],[19.18773,57.99942],[19.18821,57.99963],[19.1889,57.99982],[19.18904,57.99984],[19.18913,57.99982],[19.19,57.99966],[19.19033,57.99954],[19.19056,57.9993],[19.19063,57.9992],[19.1906,57.99865],[19.19062,57.99864],[19.19074,57.99855],[19.19082,57.99849],[19.19093,57.99841],[19.19103,57.9983],[19.19127,57.99804],[19.19146,57.99787],[19.19174,57.99767],[19.1918,57.99762],[19.19194,57.99748],[19.19202,57.99737],[19.19211,57.99727],[19.19218,57.9972],[19.19233,57.99703],[19.19238,57.99699],[19.19251,57.99688],[19.19282,57.99662],[19.19308,57.99638],[19.19339,57.99608],[19.19366,57.99568],[19.1937,57.9956],[19.19371,57.99553],[19.1937,57.99534],[19.19357,57.99507],[19.19339,57.99486],[19.19332,57.99479],[19.19324,57.9947],[19.19313,57.99459],[19.19282,57.99435],[19.19265,57.99423],[19.19234,57.99401],[19.19187,57.99377],[19.19132,57.99355],[19.19086,57.99339],[19.19074,57.99335],[19.19038,57.99324],[19.1899,57.99311],[19.18957,57.99304],[19.18946,57.99301],[19.18932,57.99298],[19.18906,57.99291],[19.18902,57.99288],[19.18893,57.99276],[19.18889,57.99267],[19.18886,57.99263],[19.18878,57.99245],[19.18875,57.99239],[19.18865,57.99225],[19.1885,57.99214],[19.18843,57.9921],[19.18824,57.99202],[19.18799,57.99193],[19.18784,57.99189],[19.18777,57.99187],[19.18757,57.99184],[19.1875,57.99184],[19.18747,57.99185],[19.18742,57.99187],[19.18742,57.99187],[19.18739,57.99192],[19.18739,57.99192],[19.18741,57.99196],[19.18741,57.99196],[19.18749,57.99199],[19.1875,57.992],[19.18759,57.99204],[19.18775,57.99212],[19.18784,57.99216],[19.1879,57.99219],[19.18799,57.99229],[19.18813,57.99237],[19.18825,57.99242],[19.18828,57.99245],[19.18828,57.99248],[19.18825,57.99255],[19.18825,57.99258],[19.18829,57.99261],[19.18837,57.99265],[19.18843,57.99268],[19.18848,57.99271],[19.18845,57.99273],[19.18835,57.99278],[19.18834,57.99284],[19.18835,57.99287],[19.18849,57.99298],[19.18854,57.993],[19.18861,57.99301],[19.18879,57.99303],[19.18894,57.99305],[19.189,57.99309],[19.18908,57.99316],[19.18909,57.99319],[19.18908,57.9932],[19.18904,57.99321],[19.18889,57.99323],[19.18861,57.99325],[19.18853,57.99325],[19.1884,57.99323],[19.18783,57.99309],[19.18755,57.99301],[19.1873,57.99294],[19.18716,57.99287],[19.18702,57.99277],[19.18696,57.99273],[19.18678,57.99262],[19.18673,57.99258],[19.18668,57.9925],[19.18667,57.99249],[19.18662,57.99245],[19.18654,57.99241],[19.18648,57.99237],[19.18637,57.99228],[19.18629,57.99224],[19.18622,57.99222],[19.18606,57.99219],[19.18599,57.99217],[19.18581,57.99214],[19.18571,57.99212],[19.18564,57.9921],[19.1856,57.99209],[19.18558,57.99206],[19.18551,57.99194],[19.1854,57.9918],[19.18531,57.99165],[19.18527,57.99159],[19.18516,57.99145],[19.18509,57.99141],[19.18504,57.99137],[19.18497,57.99128],[19.18487,57.99113],[19.18469,57.99086],[19.18462,57.99083],[19.18454,57.99079],[19.18437,57.99073],[19.1843,57.99063],[19.18423,57.9905],[19.18413,57.99032],[19.18404,57.99026],[19.18403,57.99024],[19.18386,57.9899],[19.18384,57.98982],[19.1838,57.98945],[19.18372,57.9893],[19.1835,57.98901],[19.18338,57.98894],[19.18338,57.98891],[19.18341,57.98884],[19.1835,57.98877],[19.1836,57.98874],[19.18369,57.98869],[19.18371,57.98865],[19.18378,57.98856],[19.18398,57.98832],[19.18404,57.98828],[19.18418,57.98822],[19.18435,57.98818],[19.18441,57.98813],[19.18442,57.98809],[19.18445,57.98803],[19.18448,57.98801],[19.18452,57.98799],[19.18454,57.98797],[19.18457,57.98796],[19.18457,57.98796],[19.18464,57.9879],[19.18473,57.98784],[19.18489,57.98773],[19.18508,57.98765],[19.18514,57.98763],[19.18518,57.9876],[19.18524,57.98759],[19.18533,57.98757],[19.18534,57.98757],[19.18534,57.98757],[19.18536,57.98754],[19.18537,57.98751],[19.18543,57.9875],[19.18549,57.98749],[19.18557,57.98747],[19.18567,57.98746],[19.18577,57.98744],[19.18589,57.98743],[19.18604,57.98741],[19.18613,57.98739],[19.18619,57.98736],[19.18627,57.98733],[19.18636,57.98729],[19.18643,57.98727],[19.18652,57.98727],[19.18661,57.98727],[19.18669,57.98729],[19.18676,57.98732],[19.18691,57.98736],[19.187,57.98737],[19.18709,57.98737],[19.18748,57.98727],[19.18775,57.98717],[19.18787,57.9871],[19.18796,57.98702],[19.18803,57.98694],[19.18806,57.98688],[19.18806,57.98666],[19.18807,57.98656],[19.18812,57.98646],[19.18815,57.98639],[19.18817,57.9863],[19.18818,57.98617],[19.18817,57.98609],[19.1882,57.98592],[19.18821,57.98581],[19.1882,57.98566],[19.18821,57.98565],[19.1882,57.98558],[19.1883,57.9855],[19.18834,57.98545],[19.18837,57.98539],[19.18836,57.98535],[19.18836,57.98535],[19.1882,57.9852],[19.18812,57.98512],[19.18784,57.98495],[19.18767,57.9849],[19.18756,57.98488],[19.18745,57.98487],[19.18723,57.98486],[19.18701,57.98482],[19.18691,57.98482],[19.18679,57.98482],[19.18663,57.98482],[19.18647,57.98479],[19.18644,57.98478],[19.18638,57.98478],[19.18628,57.98477],[19.18613,57.98478],[19.18604,57.9848],[19.18586,57.98477],[19.18579,57.98476],[19.18564,57.98475],[19.18524,57.98475],[19.18509,57.98473],[19.18498,57.98472],[19.18484,57.98468],[19.18473,57.98465],[19.18466,57.98462],[19.18461,57.98461],[19.18449,57.9846],[19.18449,57.9846],[19.18418,57.98468],[19.18407,57.9847],[19.18382,57.98468],[19.18368,57.98469],[19.18365,57.98468],[19.18362,57.98465],[19.18354,57.98463],[19.18351,57.98464],[19.18351,57.98464],[19.18351,57.98464],[19.18273,57.98588],[19.17656,57.98602],[19.17545,57.98442],[19.17447,57.98308],[19.17381,57.98193],[19.17344,57.98118],[19.17511,57.98004],[19.17625,57.97933],[19.17625,57.97933],[19.17366,57.97663],[19.17366,57.97663],[19.17366,57.97663],[19.16997,57.97696],[19.16776,57.97663],[19.16554,57.97458],[19.17193,57.97166],[19.17193,57.97166],[19.17208,57.9709],[19.17208,57.9709],[19.17208,57.9709],[19.15399,57.9669],[19.14824,57.96409],[19.14824,57.96409],[19.14824,57.96409],[19.14824,57.96409],[19.14822,57.96411],[19.14788,57.96452],[19.14782,57.96462],[19.14782,57.96464],[19.14783,57.96468],[19.14781,57.96472],[19.14771,57.96484],[19.14771,57.96487],[19.14769,57.9649],[19.14764,57.96495],[19.14757,57.96502],[19.14751,57.96511],[19.14734,57.96531],[19.14718,57.96546],[19.14713,57.9655],[19.14701,57.96558],[19.14696,57.96562],[19.14691,57.96564],[19.14686,57.96568],[19.14686,57.96568],[19.14686,57.96568],[19.14688,57.9657],[19.1469,57.96571],[19.14687,57.96577],[19.14678,57.96583],[19.14672,57.96589],[19.14668,57.96596],[19.14666,57.96603],[19.14661,57.96611],[19.14657,57.96617],[19.14652,57.96621],[19.1464,57.96634],[19.14637,57.96638],[19.1463,57.96647],[19.14629,57.96649],[19.14623,57.96652],[19.14619,57.96655],[19.1461,57.9666],[19.14601,57.96668],[19.14571,57.96692],[19.14549,57.96706],[19.14534,57.96725],[19.14531,57.96729],[19.14528,57.96732],[19.14524,57.96737],[19.14523,57.96742],[19.14522,57.96745],[19.14513,57.96751],[19.14508,57.96753],[19.14493,57.96763],[19.14485,57.96766],[19.14482,57.9677],[19.14482,57.9677],[19.14485,57.96778],[19.14486,57.96781],[19.14485,57.96782],[19.14481,57.96784],[19.14481,57.96784],[19.14478,57.96792],[19.14475,57.96797],[19.1447,57.96807],[19.14469,57.96811],[19.14467,57.96814],[19.14462,57.96818],[19.14456,57.96821],[19.14453,57.96823],[19.14453,57.96823],[19.14453,57.96823],[19.14916,57.97331],[19.14923,57.97336],[19.14926,57.9734],[19.14925,57.97344],[19.14921,57.97345],[19.14921,57.97345],[19.1492,57.9735],[19.14918,57.97351],[19.14918,57.97355],[19.14915,57.97359],[19.14917,57.97364],[19.14918,57.97371],[19.14919,57.97378],[19.14921,57.97386],[19.14922,57.97387],[19.14919,57.97396],[19.14917,57.97402],[19.14915,57.97406],[19.14915,57.97406],[19.14924,57.97411],[19.14923,57.9742],[19.1492,57.97425],[19.1492,57.97425],[19.14922,57.97427],[19.14921,57.97435],[19.1492,57.97437],[19.14912,57.97438],[19.14912,57.97438],[19.14908,57.97442],[19.14907,57.97452],[19.14911,57.9746],[19.14916,57.97466],[19.1492,57.97475],[19.14918,57.97481],[19.14918,57.97481],[19.14921,57.97483],[19.14954,57.97513],[19.14972,57.97529],[19.14982,57.97539],[19.15004,57.97554],[19.1501,57.97556],[19.1502,57.97562],[19.15027,57.9757],[19.15026,57.97571],[19.15022,57.97574],[19.15025,57.97579],[19.15033,57.97587],[19.15035,57.97591],[19.15043,57.97601],[19.15046,57.97604],[19.15055,57.9761],[19.15059,57.97612],[19.15066,57.97614],[19.15068,57.97616],[19.15076,57.97624],[19.15082,57.97628],[19.15089,57.9763],[19.15093,57.97631],[19.15096,57.97637],[19.15101,57.97642],[19.151,57.97644],[19.151,57.97644],[19.151,57.97644],[19.151,57.97644],[19.15312,57.97582],[19.15555,57.98065],[19.15168,57.98093],[19.14987,57.98047],[19.14814,57.97954],[19.14646,57.97833],[19.14646,57.97833],[19.14646,57.97833],[19.14642,57.97834],[19.14635,57.97836],[19.14629,57.97838],[19.14615,57.97843],[19.14611,57.97846],[19.14607,57.97852],[19.14589,57.97855],[19.14587,57.97855],[19.14576,57.97847],[19.14576,57.97847],[19.14576,57.97847],[19.14562,57.97853],[19.14555,57.97857],[19.14509,57.97855],[19.14498,57.97854],[19.14492,57.97852],[19.1449,57.9785],[19.14492,57.97847],[19.14494,57.97842],[19.14494,57.97842],[19.14493,57.9784],[19.14493,57.9784],[19.14477,57.97834],[19.14474,57.97832],[19.14478,57.97816],[19.14482,57.97807],[19.14483,57.97803],[19.14487,57.97798],[19.14495,57.97792],[19.14502,57.97788],[19.14565,57.97775],[19.14574,57.97774],[19.14581,57.97774],[19.14589,57.97773],[19.14602,57.97772],[19.14646,57.97776],[19.14664,57.97774],[19.14674,57.97771],[19.14681,57.97769],[19.14681,57.97769],[19.14685,57.97764],[19.14685,57.97764],[19.14683,57.97761],[19.14683,57.97761],[19.14668,57.97759],[19.14658,57.97756],[19.14641,57.97751],[19.14632,57.97751],[19.14595,57.9775],[19.14579,57.97751],[19.14561,57.97749],[19.14549,57.97748],[19.14545,57.97747],[19.14543,57.97745],[19.14541,57.9774],[19.14539,57.97736],[19.1454,57.97735],[19.14549,57.97734],[19.14554,57.97733],[19.14554,57.97733],[19.14561,57.97725],[19.14562,57.97723],[19.14562,57.97723],[19.14562,57.97723],[19.14557,57.9772],[19.14557,57.9772],[19.14522,57.97715],[19.1451,57.97714],[19.14485,57.9772],[19.14481,57.97722],[19.14442,57.97719],[19.14434,57.97719],[19.14428,57.97721],[19.14427,57.97721],[19.14424,57.9772],[19.14421,57.97716],[19.14417,57.97708],[19.14414,57.97702],[19.14409,57.97698],[19.14407,57.97693],[19.14404,57.97689],[19.14393,57.97685],[19.14386,57.97682],[19.14374,57.97681],[19.14367,57.97681],[19.14363,57.97681],[19.14345,57.97684],[19.14321,57.97689],[19.14308,57.9769],[19.14301,57.97691],[19.14295,57.97691],[19.14289,57.97692],[19.14289,57.97692],[19.14289,57.97692],[19.14289,57.97697]],[[19.15191,57.96974],[19.15195,57.96885],[19.15231,57.968],[19.15424,57.96868],[19.15313,57.96982],[19.15191,57.96974]],[[19.16105,57.98449],[19.16252,57.98385],[19.16427,57.98482],[19.16426,57.98493],[19.16251,57.9856],[19.16227,57.98531],[19.16105,57.98449]]]},"properties":{"NVRID":"2000419","NAMN":"Langhammars","SKYDDSTYP":"Naturreservat","LAN":"Gotlands Län","KOMMUN":"Gotland","IUCNKATEGORI":"III, Naturmonument (Natural Monument)","FORVALTARE":"Länsstyrelsen i Gotlands län","AREA_HA":480.425,"URSPR_BESLUTSDATUM":"1931-09-22"}},{"type":"Feature","geometry":{"type":"Polygon","coordinates":[[[19.24005,57.96396],[19.24005,57.96396],[19.24005,57.96396],[19.24005,57.96397],[19.24005,57.96397],[19.24013,57.96397],[19.24104,57.96406],[19.24096,57.96432],[19.2408,57.96481],[19.24071,57.96506],[19.2407,57.96511],[19.24173,57.96837],[19.24173,57.96837],[19.24173,57.96837],[19.24446,57.96821],[19.24418,57.97014],[19.24418,57.97014],[19.24418,57.97014],[19.24434,57.97013],[19.24523,57.97007],[19.24612,57.97],[19.24694,57.96994],[19.24756,57.96989],[19.24813,57.96985],[19.24871,57.96981],[19.24953,57.96974],[19.25033,57.96969],[19.25052,57.96967],[19.25125,57.96962],[19.25197,57.96956],[19.25269,57.96951],[19.25365,57.96944],[19.25518,57.96933],[19.25543,57.96926],[19.25603,57.96936],[19.25668,57.96947],[19.25739,57.96959],[19.25774,57.96964],[19.25745,57.97009],[19.25745,57.97009],[19.25745,57.97009],[19.25745,57.97009],[19.25833,57.97023],[19.25887,57.97031],[19.25887,57.97031],[19.25887,57.97031],[19.25902,57.97009],[19.2592,57.96998],[19.25931,57.96987],[19.25963,57.96962],[19.26005,57.96932],[19.26041,57.9692],[19.26099,57.969],[19.26099,57.969],[19.26099,57.969],[19.26099,57.969],[19.2602,57.96871],[19.26077,57.96837],[19.26171,57.96674],[19.2631,57.96508],[19.2631,57.96508],[19.26162,57.9621],[19.26162,57.9621],[19.26162,57.9621],[19.2611,57.96206],[19.26117,57.96151],[19.25657,57.95768],[19.25657,57.95768],[19.25657,57.95768],[19.25364,57.95751],[19.25214,57.95754],[19.24521,57.95791],[19.24521,57.95791],[19.24521,57.95791],[19.24511,57.95875],[19.24481,57.95984],[19.24434,57.96133],[19.24272,57.96116],[19.24272,57.96116],[19.24272,57.96116],[19.24272,57.96116],[19.24249,57.96182],[19.24237,57.96268],[19.24227,57.96301],[19.24146,57.96294],[19.24146,57.96294],[19.24146,57.96294],[19.24082,57.9634],[19.24049,57.96364],[19.24005,57.96396]]]},"properties":{"NVRID":"2000105","NAMN":"Ullahau","SKYDDSTYP":"Naturreservat","LAN":"Gotlands Län","KOMMUN":"Gotland","IUCNKATEGORI":"III, Naturmonument (Natural Monument)","FORVALTARE":"Länsstyrelsen i Gotlands län","AREA_HA":143.593,"URSPR_BESLUTSDATUM":"1966-07-21"}},{"type":"Feature","geometry":{"type":"Polygon","coordinates":[[[18.18817,57.59285],[18.18825,57.59286],[18.18838,57.5929],[18.18842,57.59295],[18.18847,57.59299],[18.18853,57.59303],[18.18865,57.59309],[18.18871,57.59311],[18.18871,57.59311],[18.189,57.59312],[18.18927,57.59317],[18.18942,57.59322],[18.18956,57.59327],[18.18982,57.59335],[18.18996,57.59339],[18.19007,57.59343],[18.19032,57.59353],[18.19061,57.59365],[18.19085,57.59372],[18.19098,57.59375],[18.1911,57.5938],[18.19126,57.59389],[18.19132,57.59394],[18.19144,57.594],[18.19149,57.59404],[18.19158,57.59409],[18.19163,57.59412],[18.19177,57.59419],[18.19179,57.59421],[18.19187,57.59425],[18.19187,57.59425],[18.19193,57.59427],[18.19204,57.59431],[18.19217,57.59437],[18.1927,57.5947],[18.19296,57.59486],[18.19308,57.59497],[18.19314,57.59502],[18.19319,57.59509],[18.19324,57.59515],[18.19335,57.59526],[18.1934,57.5953],[18.19364,57.59551],[18.19373,57.59557],[18.19386,57.59566],[18.19404,57.59578],[18.19415,57.59585],[18.19466,57.5961],[18.19476,57.59615],[18.19492,57.59623],[18.19508,57.59632],[18.19536,57.59649],[18.19545,57.59654],[18.19548,57.59657],[18.19551,57.59663],[18.19557,57.59668],[18.19567,57.59676],[18.19573,57.5968],[18.19587,57.59686],[18.19598,57.59692],[18.19613,57.59702],[18.19623,57.59705],[18.19633,57.59709],[18.19645,57.59714],[18.19651,57.5972],[18.19658,57.59728],[18.19669,57.59733],[18.19671,57.59734],[18.19674,57.59736],[18.19675,57.59736],[18.19681,57.5974],[18.19686,57.59745],[18.19695,57.5975],[18.1972,57.59769],[18.19757,57.59797],[18.19758,57.59798],[18.19763,57.598],[18.19774,57.59804],[18.19789,57.59812],[18.19794,57.59814],[18.19812,57.5982],[18.19815,57.59824],[18.19813,57.59826],[18.19812,57.59829],[18.19812,57.59829],[18.19813,57.59832],[18.19819,57.59835],[18.19826,57.59838],[18.19832,57.5984],[18.19835,57.59845],[18.19839,57.59847],[18.19849,57.59851],[18.19859,57.59854],[18.19861,57.59855],[18.19874,57.59859],[18.19877,57.5986],[18.19883,57.59863],[18.19884,57.59864],[18.19886,57.59868],[18.19889,57.59874],[18.19894,57.59877],[18.19914,57.59885],[18.19923,57.59886],[18.1993,57.59887],[18.19935,57.5989],[18.19962,57.59906],[18.19969,57.59909],[18.19975,57.59912],[18.19975,57.59914],[18.19972,57.59917],[18.19966,57.59921],[18.19966,57.59921],[18.19967,57.59925],[18.19974,57.5993],[18.19976,57.59932],[18.19975,57.59934],[18.19979,57.59937],[18.19987,57.5994],[18.19994,57.59942],[18.2,57.59945],[18.20004,57.59948],[18.20002,57.59951],[18.20004,57.59954],[18.20012,57.59957],[18.20014,57.5996],[18.20017,57.59965],[18.20013,57.59966],[18.20008,57.59968],[18.20008,57.59969],[18.20008,57.59969],[18.20009,57.59971],[18.20014,57.59976],[18.20018,57.59989],[18.20017,57.59994],[18.20016,57.6],[18.20018,57.60007],[18.20021,57.6001],[18.20032,57.60016],[18.2004,57.60019],[18.20071,57.60026],[18.20083,57.60029],[18.20118,57.60034],[18.20138,57.6004],[18.20156,57.60045],[18.20169,57.60048],[18.20202,57.60051],[18.20202,57.60051],[18.20208,57.6005],[18.20216,57.60049],[18.20224,57.60049],[18.20233,57.60051],[18.20246,57.60052],[18.20254,57.60052],[18.20254,57.60052],[18.20263,57.60048],[18.20268,57.60043],[18.2029,57.60023],[18.20294,57.60021],[18.20326,57.6001],[18.20334,57.60004],[18.20345,57.6],[18.20355,57.6],[18.20375,57.59998],[18.20379,57.59998],[18.20393,57.59998],[18.204,57.59997],[18.2041,57.59994],[18.20425,57.59993],[18.20435,57.59994],[18.20458,57.59994],[18.2046,57.59995],[18.20461,57.59995],[18.20461,57.59995],[18.20482,57.59963],[18.20482,57.59963],[18.20482,57.59963],[18.20475,57.5996],[18.20475,57.5996],[18.2036,57.59966],[18.20324,57.59946],[18.20317,57.59942],[18.20237,57.59898],[18.20109,57.59828],[18.20066,57.59804],[18.20014,57.59775],[18.1996,57.59746],[18.19908,57.59717],[18.19799,57.59658],[18.19799,57.59657],[18.19799,57.59657],[18.19799,57.59657],[18.19799,57.59658],[18.19773,57.59687],[18.19769,57.59688],[18.1957,57.59559],[18.1957,57.59559],[18.1957,57.59559],[18.19527,57.59575],[18.19464,57.59534],[18.1933,57.59445],[18.19236,57.59383],[18.19226,57.59376],[18.19151,57.59342],[18.19059,57.593],[18.18966,57.59258],[18.18918,57.59237],[18.1883,57.59197],[18.18822,57.59193],[18.18822,57.59193],[18.18822,57.59193],[18.188,57.592],[18.1871,57.59225],[18.1871,57.59225],[18.1871,57.59225],[18.1871,57.59225],[18.18717,57.5923],[18.18721,57.59235],[18.18727,57.59238],[18.18735,57.59246],[18.18741,57.59253],[18.18746,57.59257],[18.18756,57.59265],[18.18757,57.59269],[18.1876,57.59271],[18.18766,57.59273],[18.18776,57.59275],[18.18784,57.59278],[18.1879,57.59281],[18.18805,57.59285],[18.18811,57.59286],[18.18817,57.59285]]]},"properties":{"NVRID":"2000132","NAMN":"Högklint","SKYDDSTYP":"Naturreservat","LAN":"Gotlands Län","KOMMUN":"Gotland","IUCNKATEGORI":"III, Naturmonument (Natural Monument)","FORVALTARE":"Länsstyrelsen i Gotlands län","AREA_HA":12.172,"URSPR_BESLUTSDATUM":"1969-09-10"}},{"type":"Feature","geometry":{"type":"Polygon","coordinates":[[[18.35922,57.61265],[18.35508,57.61049],[18.35507,57.61049],[18.35502,57.61051],[18.35484,57.61057],[18.35476,57.61061],[18.35471,57.61064],[18.35459,57.61069],[18.35432,57.61084],[18.35424,57.61091],[18.35385,57.61109],[18.35346,57.61131],[18.35301,57.61162],[18.35287,57.61173],[18.35256,57.61188],[18.35232,57.61203],[18.35125,57.61249],[18.35101,57.6126],[18.35074,57.61277],[18.35055,57.61292],[18.35022,57.61304],[18.34969,57.61333],[18.34969,57.61333],[18.34969,57.61333],[18.34969,57.61333],[18.35145,57.61425],[18.3556,57.61642],[18.35574,57.6165],[18.36338,57.6203],[18.36338,57.6203],[18.36338,57.6203],[18.36338,57.6203],[18.37076,57.61627],[18.37424,57.61637],[18.37746,57.61602],[18.39049,57.60955],[18.39049,57.60955],[18.39049,57.60955],[18.38984,57.60903],[18.38841,57.60791],[18.38781,57.6061],[18.38781,57.6061],[18.38781,57.6061],[18.38781,57.6061],[18.37501,57.60808],[18.36759,57.60336],[18.36758,57.60336],[18.36758,57.60336],[18.36758,57.60336],[18.36732,57.60349],[18.367,57.60364],[18.36663,57.60378],[18.36613,57.604],[18.36545,57.60426],[18.36479,57.60451],[18.36368,57.60508],[18.3633,57.60531],[18.36291,57.60561],[18.36241,57.60595],[18.3621,57.6061],[18.36172,57.60638],[18.36143,57.6066],[18.36118,57.60685],[18.36099,57.60712],[18.36099,57.60712],[18.36558,57.60999],[18.36592,57.6102],[18.36541,57.61043],[18.36465,57.61077],[18.36423,57.61096],[18.3638,57.61112],[18.36322,57.61135],[18.36271,57.61149],[18.36233,57.61163],[18.36187,57.61179],[18.36113,57.61203],[18.36086,57.61212],[18.36053,57.61222],[18.35956,57.61248],[18.35922,57.61265]],[[18.38057,57.61183],[18.38193,57.61164],[18.38215,57.61216],[18.38083,57.61235],[18.38057,57.61183]]]},"properties":{"NVRID":"2055202","NAMN":"Stora Vede","SKYDDSTYP":"Naturreservat","LAN":"Gotlands Län","KOMMUN":"Gotland","IUCNKATEGORI":"Ia, Strikt naturreservat (Strict Nature Reserve)","FORVALTARE":"Länsstyrelsen i Gotlands län","AREA_HA":203.732,"URSPR_BESLUTSDATUM":"2021-03-25"}},{"type":"Feature","geometry":{"type":"Polygon","coordinates":[[[18.1769,57.30966],[18.17092,57.30955],[18.17092,57.30955],[18.17092,57.30955],[18.17087,57.30974],[18.17084,57.30992],[18.17082,57.31013],[18.17081,57.31028],[18.17083,57.31048],[18.17086,57.31068],[18.17088,57.31077],[18.17092,57.31092],[18.17098,57.3111],[18.17112,57.31137],[18.17121,57.31155],[18.17134,57.31174],[18.17151,57.31196],[18.17151,57.31196],[18.17151,57.31196],[18.18245,57.31214],[18.18245,57.31214],[18.18531,57.30979],[18.18531,57.30979],[18.18531,57.30979],[18.1853,57.30979],[18.18042,57.30971],[18.1769,57.30966]]]},"properties":{"NVRID":"2043026","NAMN":"Helges hage","SKYDDSTYP":"Naturreservat","LAN":"Gotlands Län","KOMMUN":"Gotland","IUCNKATEGORI":"Ia, Strikt naturreservat (Strict Nature Reserve)","FORVALTARE":"Länsstyrelsen i Gotlands län","AREA_HA":20.693,"URSPR_BESLUTSDATUM":"2014-11-10"}},{"type":"Feature","geometry":{"type":"Polygon","coordinates":[[[18.71631,57.86344],[18.71639,57.86294],[18.7164,57.86256],[18.7164,57.86255],[18.7164,57.86255],[18.7147,57.86257],[18.7147,57.86257],[18.7147,57.86257],[18.71508,57.86452],[18.71556,57.86687],[18.71643,57.87124],[18.71715,57.87489],[18.71715,57.8749],[18.71743,57.87498],[18.72236,57.87642],[18.72236,57.87642],[18.72236,57.87642],[18.72236,57.87642],[18.72286,57.87573],[18.7248,57.87324],[18.72528,57.87255],[18.72829,57.86572],[18.72829,57.86572],[18.72829,57.86572],[18.72604,57.86578],[18.72585,57.86542],[18.72585,57.86542],[18.72585,57.86542],[18.72496,57.8654],[18.72313,57.8654],[18.72299,57.86509],[18.72299,57.86509],[18.72299,57.86509],[18.72257,57.86502],[18.72055,57.86482],[18.7196,57.86473],[18.71817,57.86455],[18.71829,57.86436],[18.71829,57.86436],[18.71829,57.86436],[18.71803,57.8643],[18.71811,57.86413],[18.71811,57.86413],[18.71811,57.86413],[18.71811,57.86413],[18.71742,57.86402],[18.71779,57.86342],[18.71779,57.86342],[18.71779,57.86342],[18.71779,57.86342],[18.71779,57.86342],[18.71631,57.86344]]]},"properties":{"NVRID":"2052003","NAMN":"Västerhuse","SKYDDSTYP":"Naturreservat","LAN":"Gotlands Län","KOMMUN":"Gotland","IUCNKATEGORI":"Ia, Strikt naturreservat (Strict Nature Reserve)","FORVALTARE":"Länsstyrelsen i Gotlands län","AREA_HA":72.251,"URSPR_BESLUTSDATUM":"2019-09-09"}},{"type":"Feature","geometry":{"type":"Polygon","coordinates":[[[18.20851,57.01419],[18.20504,57.01494],[18.20504,57.01494],[18.20504,57.01494],[18.20773,57.01853],[18.20773,57.01853],[18.20773,57.01853],[18.21114,57.01781],[18.21114,57.01781],[18.21114,57.01781],[18.20986,57.01605],[18.21428,57.0151],[18.21766,57.01438],[18.21766,57.01438],[18.21766,57.01438],[18.2153,57.01106],[18.21522,57.01102],[18.21372,57.0089],[18.21339,57.00844],[18.21339,57.00844],[18.21339,57.00844],[18.20924,57.00896],[18.20924,57.00896],[18.20924,57.00896],[18.20887,57.0097],[18.21052,57.01201],[18.20731,57.01264],[18.20731,57.01264],[18.20731,57.01265],[18.20851,57.01419]]]},"properties":{"NVRID":"2000439","NAMN":"Västlands","SKYDDSTYP":"Naturreservat","LAN":"Gotlands Län","KOMMUN":"Gotland","IUCNKATEGORI":"0, Områden som ej kan klassificeras enligt IUCN: s system.","FORVALTARE":"Länsstyrelsen i Gotlands län","AREA_HA":40.364,"URSPR_BESLUTSDATUM":"2000-03-27"}},{"type":"Feature","geometry":{"type":"Polygon","coordinates":[[[18.7591,57.43091],[18.7591,57.43091],[18.7591,57.43091],[18.76086,57.43207],[18.76052,57.43253],[18.76052,57.43253],[18.76052,57.43253],[18.76079,57.43259],[18.76265,57.43301],[18.76482,57.43351],[18.76751,57.43411],[18.76993,57.43467],[18.7714,57.435],[18.77273,57.4353],[18.77301,57.43536],[18.77301,57.43536],[18.77301,57.43536],[18.77301,57.43536],[18.77297,57.43519],[18.77271,57.43405],[18.77249,57.43303],[18.7722,57.43177],[18.77193,57.4306],[18.77172,57.42963],[18.77163,57.42926],[18.77163,57.42926],[18.77163,57.42926],[18.77028,57.42927],[18.76973,57.42896],[18.76954,57.42883],[18.76834,57.42804],[18.76661,57.42689],[18.7666,57.42689],[18.7666,57.42689],[18.76612,57.42703],[18.76562,57.42718],[18.76513,57.42735],[18.76464,57.42752],[18.7642,57.42769],[18.76378,57.42786],[18.76339,57.42804],[18.76301,57.42821],[18.76264,57.42839],[18.76229,57.42857],[18.76198,57.42874],[18.76168,57.42891],[18.7614,57.42909],[18.76113,57.42926],[18.76113,57.42926],[18.76113,57.42926],[18.76116,57.42927],[18.76257,57.42982],[18.76148,57.43061],[18.76006,57.43003],[18.76006,57.43003],[18.76006,57.43003],[18.75981,57.43024],[18.75958,57.43045],[18.75931,57.43069],[18.7591,57.43091]]]},"properties":{"NVRID":"2014045","NAMN":"Langmyrskog","SKYDDSTYP":"Naturreservat","LAN":"Gotlands Län","KOMMUN":"Gotland","IUCNKATEGORI":"Ia, Strikt naturreservat (Strict Nature Reserve)","FORVALTARE":"Länsstyrelsen i Gotlands län","AREA_HA":43.881,"URSPR_BESLUTSDATUM":"2008-06-11"}},{"type":"Feature","geometry":{"type":"Polygon","coordinates":[[[18.70985,57.373],[18.70957,57.373],[18.70926,57.37303],[18.70902,57.37313],[18.70877,57.37322],[18.70838,57.37334],[18.70749,57.37354],[18.70686,57.37375],[18.7067,57.37379],[18.70528,57.37424],[18.70528,57.37424],[18.70518,57.37431],[18.70518,57.37431],[18.70531,57.37445],[18.70531,57.37445],[18.70541,57.37449],[18.70559,57.37452],[18.70623,57.37462],[18.70667,57.37468],[18.70697,57.37471],[18.70758,57.37477],[18.70836,57.37483],[18.70947,57.37488],[18.71019,57.37489],[18.71019,57.37489],[18.71019,57.37489],[18.71019,57.37489],[18.71013,57.37477],[18.71011,57.37469],[18.71007,57.3746],[18.71006,57.37453],[18.71005,57.37446],[18.71007,57.37438],[18.71014,57.37413],[18.71018,57.37397],[18.71023,57.37377],[18.71027,57.37355],[18.71027,57.37355],[18.71027,57.37355],[18.7098,57.37353],[18.70986,57.373],[18.70986,57.373],[18.70985,57.373]]]},"properties":{"NVRID":"2062584","NAMN":"Mullvalds änge","SKYDDSTYP":"Naturreservat","LAN":"Gotlands Län","KOMMUN":"Gotland","IUCNKATEGORI":"Ia, Strikt naturreservat (Strict Nature Reserve)","FORVALTARE":"Länsstyrelsen i Gotlands län","AREA_HA":3.896,"URSPR_BESLUTSDATUM":"2024-02-07"}},{"type":"Feature","geometry":{"type":"Polygon","coordinates":[[[18.74248,57.71202],[18.73427,57.71197],[18.73427,57.71197],[18.73427,57.71197],[18.73438,57.71321],[18.73438,57.71321],[18.73438,57.71321],[18.74289,57.71314],[18.74646,57.7137],[18.75226,57.71667],[18.75226,57.71667],[18.75226,57.71667],[18.75227,57.71667],[18.75268,57.71584],[18.7533,57.71474],[18.75391,57.7138],[18.75458,57.71284],[18.75507,57.71213],[18.75507,57.71213],[18.75507,57.71212],[18.75507,57.71212],[18.74248,57.71202]]]},"properties":{"NVRID":"2043067","NAMN":"Storhagen","SKYDDSTYP":"Naturreservat","LAN":"Gotlands Län","KOMMUN":"Gotland","IUCNKATEGORI":"Ia, Strikt naturreservat (Strict Nature Reserve)","FORVALTARE":"Länsstyrelsen i Gotlands län","AREA_HA":25.932,"URSPR_BESLUTSDATUM":"2014-11-21"}},{"type":"Feature","geometry":{"type":"Polygon","coordinates":[[[18.64491,57.72602],[18.64487,57.72605],[18.64482,57.72611],[18.64474,57.72618],[18.64456,57.72628],[18.64454,57.72629],[18.64453,57.7263],[18.6445,57.72633],[18.64447,57.72634],[18.64437,57.7264],[18.6443,57.72645],[18.6442,57.72653],[18.64413,57.72657],[18.64408,57.72663],[18.64405,57.72669],[18.64406,57.72677],[18.64406,57.72685],[18.64407,57.72688],[18.64406,57.72692],[18.64407,57.72694],[18.64413,57.72706],[18.64418,57.7271],[18.64421,57.72711],[18.64421,57.72711],[18.64579,57.72747],[18.64579,57.72747],[18.64579,57.72747],[18.64622,57.72699],[18.64779,57.72519],[18.65116,57.72583],[18.65116,57.72583],[18.65196,57.72556],[18.65282,57.72513],[18.65325,57.72472],[18.654,57.72336],[18.65315,57.72206],[18.65216,57.72054],[18.65216,57.72054],[18.65094,57.72019],[18.65094,57.72019],[18.64994,57.72053],[18.64924,57.71947],[18.6511,57.7185],[18.6511,57.7185],[18.6511,57.7185],[18.65107,57.71845],[18.65107,57.71845],[18.65081,57.71843],[18.64811,57.71828],[18.64535,57.71812],[18.64499,57.7181],[18.64499,57.7181],[18.64499,57.7181],[18.64506,57.71832],[18.64323,57.71896],[18.64323,57.71896],[18.64323,57.71912],[18.64353,57.71959],[18.64353,57.71959],[18.64368,57.71967],[18.64378,57.71972],[18.64378,57.71972],[18.64379,57.71972],[18.64524,57.7189],[18.64615,57.72189],[18.64384,57.72426],[18.64384,57.72426],[18.64384,57.72426],[18.64543,57.72471],[18.64539,57.7248],[18.64538,57.72486],[18.64537,57.7249],[18.64524,57.7251],[18.64511,57.72528],[18.64503,57.72542],[18.64498,57.72553],[18.64492,57.72567],[18.64491,57.72573],[18.64494,57.72584],[18.6449,57.72586],[18.64488,57.72589],[18.64488,57.72593],[18.64491,57.72602]]]},"properties":{"NVRID":"2000025","NAMN":"Grodvät","SKYDDSTYP":"Naturreservat","LAN":"Gotlands Län","KOMMUN":"Gotland","IUCNKATEGORI":"IV, Habitat/Artskyddsområde (Habitat/Species Management Area)","FORVALTARE":"Länsstyrelsen i Gotlands län","AREA_HA":37.003,"URSPR_BESLUTSDATUM":"2004-02-17"}},{"type":"Feature","geometry":{"type":"Polygon","coordinates":[[[18.47622,57.38322],[18.47622,57.38322],[18.47623,57.38322],[18.47725,57.38325],[18.47725,57.38325],[18.47792,57.38271],[18.4786,57.38295],[18.47825,57.38379],[18.47855,57.38457],[18.47892,57.38498],[18.47892,57.38498],[18.47892,57.38498],[18.47892,57.38498],[18.47986,57.38473],[18.48177,57.38409],[18.4826,57.384],[18.48297,57.38387],[18.48309,57.38375],[18.48324,57.3836],[18.48817,57.38381],[18.48817,57.38381],[18.48817,57.3838],[18.48816,57.38362],[18.48896,57.38338],[18.4901,57.38324],[18.49132,57.38299],[18.49132,57.38299],[18.49132,57.38299],[18.49124,57.38233],[18.49146,57.382],[18.49143,57.38149],[18.49146,57.38087],[18.49146,57.38087],[18.49145,57.38087],[18.48792,57.38076],[18.48775,57.37871],[18.48775,57.37871],[18.48775,57.37871],[18.48775,57.37871],[18.47619,57.38086],[18.47619,57.38086],[18.47619,57.38086],[18.47622,57.38322]]]},"properties":{"NVRID":"2014005","NAMN":"Rongärde","SKYDDSTYP":"Naturreservat","LAN":"Gotlands Län","KOMMUN":"Gotland","IUCNKATEGORI":"Ia, Strikt naturreservat (Strict Nature Reserve)","FORVALTARE":"Länsstyrelsen i Gotlands län","AREA_HA":37.853,"URSPR_BESLUTSDATUM":"2008-05-14"}},{"type":"Feature","geometry":{"type":"Polygon","coordinates":[[[18.34507,57.68783],[18.34514,57.68786],[18.34534,57.68796],[18.34556,57.68805],[18.34574,57.68815],[18.34582,57.6882],[18.34591,57.68823],[18.34605,57.68827],[18.3461,57.68831],[18.34623,57.68843],[18.34634,57.68847],[18.34645,57.68853],[18.34652,57.68856],[18.34652,57.68856],[18.34658,57.68856],[18.34663,57.68858],[18.34678,57.68866],[18.34692,57.68874],[18.34701,57.68877],[18.34702,57.68877],[18.3471,57.68878],[18.3474,57.68879],[18.34744,57.68882],[18.34749,57.68887],[18.34749,57.68905],[18.34753,57.68913],[18.3477,57.68922],[18.34787,57.68926],[18.34797,57.68932],[18.34805,57.68934],[18.34818,57.68937],[18.34832,57.68938],[18.34841,57.68937],[18.34862,57.68934],[18.3489,57.6893],[18.34937,57.68921],[18.34976,57.68913],[18.35014,57.68909],[18.35025,57.68908],[18.35032,57.68908],[18.35079,57.68919],[18.35093,57.68924],[18.35103,57.68927],[18.35112,57.68931],[18.35129,57.68939],[18.35148,57.68946],[18.35162,57.68954],[18.35169,57.68959],[18.35169,57.68959],[18.35169,57.68959],[18.35203,57.68945],[18.35275,57.68918],[18.35275,57.68918],[18.35275,57.68918],[18.35275,57.68918],[18.35148,57.68829],[18.35197,57.68807],[18.35213,57.68793],[18.35214,57.68793],[18.35214,57.68793],[18.35205,57.68785],[18.35303,57.68683],[18.35336,57.68651],[18.35368,57.6862],[18.35455,57.68536],[18.35455,57.68536],[18.35455,57.68536],[18.35354,57.68489],[18.3532,57.68478],[18.35244,57.68462],[18.35151,57.68445],[18.3511,57.68437],[18.35081,57.68432],[18.35032,57.68423],[18.35003,57.68418],[18.34972,57.68411],[18.34954,57.68407],[18.34937,57.68401],[18.34912,57.68393],[18.34895,57.68386],[18.34882,57.6838],[18.34872,57.68375],[18.34853,57.68365],[18.34824,57.68347],[18.34731,57.6829],[18.34715,57.68279],[18.34701,57.68269],[18.34689,57.6826],[18.34677,57.6825],[18.34668,57.68241],[18.34668,57.68241],[18.34668,57.68241],[18.34616,57.68261],[18.34499,57.68308],[18.34352,57.68397],[18.34216,57.6853],[18.34212,57.68535],[18.34214,57.68541],[18.34236,57.68584],[18.34249,57.68601],[18.34258,57.68615],[18.34279,57.68647],[18.34292,57.6866],[18.34321,57.68686],[18.3433,57.68695],[18.34348,57.68711],[18.34374,57.68734],[18.3441,57.68762],[18.34438,57.68784],[18.34448,57.68786],[18.34462,57.68783],[18.34476,57.68782],[18.34492,57.68782],[18.34507,57.68783]]]},"properties":{"NVRID":"2000107","NAMN":"Brucebo","SKYDDSTYP":"Naturreservat","LAN":"Gotlands Län","KOMMUN":"Gotland","IUCNKATEGORI":"IV, Habitat/Artskyddsområde (Habitat/Species Management Area)","FORVALTARE":"Länsstyrelsen i Gotlands län","AREA_HA":33.903,"URSPR_BESLUTSDATUM":"1970-05-28"}},{"type":"Feature","geometry":{"type":"Polygon","coordinates":[[[18.50129,57.83091],[18.50133,57.83088],[18.50139,57.83083],[18.50175,57.83059],[18.50186,57.83054],[18.50219,57.83047],[18.50255,57.83044],[18.50285,57.83039],[18.50365,57.83026],[18.50403,57.83021],[18.50411,57.83019],[18.50436,57.83007],[18.5047,57.82995],[18.50472,57.82995],[18.50488,57.82998],[18.50488,57.82998],[18.50493,57.82997],[18.50505,57.82995],[18.50514,57.82991],[18.50518,57.82988],[18.50519,57.82985],[18.50515,57.82982],[18.5051,57.82979],[18.50505,57.82978],[18.50499,57.82972],[18.50497,57.82966],[18.50498,57.82961],[18.5051,57.8294],[18.5052,57.8293],[18.50528,57.82924],[18.50564,57.82898],[18.50578,57.82888],[18.5059,57.8288],[18.50602,57.82874],[18.50609,57.82871],[18.50622,57.82862],[18.50627,57.82848],[18.50631,57.82843],[18.50631,57.82843],[18.50631,57.82843],[18.50631,57.82843],[18.50613,57.82842],[18.50747,57.82766],[18.50747,57.82766],[18.50747,57.82766],[18.50739,57.82763],[18.50628,57.82723],[18.50628,57.82723],[18.50628,57.82723],[18.50505,57.82775],[18.5036,57.82689],[18.50359,57.82689],[18.50359,57.82689],[18.50359,57.82689],[18.50359,57.82689],[18.50333,57.82825],[18.50323,57.82824],[18.49938,57.82806],[18.49938,57.82806],[18.49938,57.82806],[18.49914,57.83094],[18.49915,57.83094],[18.49915,57.83094],[18.49953,57.83095],[18.4997,57.83096],[18.49984,57.83095],[18.50033,57.83093],[18.50051,57.83095],[18.5006,57.83099],[18.50077,57.83104],[18.50099,57.83104],[18.50099,57.83104],[18.50116,57.83099],[18.50129,57.83091]]]},"properties":{"NVRID":"2000121","NAMN":"Jungfrun","SKYDDSTYP":"Naturreservat","LAN":"Gotlands Län","KOMMUN":"Gotland","IUCNKATEGORI":"III, Naturmonument (Natural Monument)","FORVALTARE":"Länsstyrelsen i Gotlands län","AREA_HA":11.76,"URSPR_BESLUTSDATUM":"1930-12-22"}},{"type":"Feature","geometry":{"type":"Polygon","coordinates":[[[18.66041,57.53375],[18.65766,57.5313],[18.65765,57.5313],[18.65765,57.5313],[18.65267,57.5322],[18.65161,57.53239],[18.65161,57.53239],[18.65161,57.53239],[18.65161,57.53239],[18.65406,57.53643],[18.65406,57.53643],[18.65406,57.53643],[18.65424,57.53642],[18.65481,57.53637],[18.65518,57.53634],[18.65568,57.5363],[18.65588,57.53628],[18.6564,57.53621],[18.6565,57.53619],[18.65715,57.53604],[18.65778,57.53589],[18.6582,57.53576],[18.65855,57.53566],[18.65881,57.53557],[18.65925,57.53541],[18.65944,57.53533],[18.65995,57.5351],[18.66075,57.53474],[18.66131,57.53457],[18.66133,57.53457],[18.66133,57.53457],[18.66133,57.53456],[18.66041,57.53375]]]},"properties":{"NVRID":"2064201","NAMN":"Mattsarve skog","SKYDDSTYP":"Naturreservat","LAN":"Gotlands Län","KOMMUN":"Gotland","IUCNKATEGORI":"Ia, Strikt naturreservat (Strict Nature Reserve)","FORVALTARE":"Länsstyrelsen i Gotlands län","AREA_HA":20.467,"URSPR_BESLUTSDATUM":"2024-09-18"}},{"type":"Feature","geometry":{"type":"Polygon","coordinates":[[[18.28825,56.93106],[18.28825,56.93106],[18.28825,56.93106],[18.2886,56.9314],[18.2886,56.9314],[18.2886,56.9314],[18.2886,56.9314],[18.28914,56.9307],[18.28953,56.93065],[18.28953,56.93065],[18.28958,56.9306],[18.28965,56.93056],[18.28974,56.93052],[18.28987,56.93047],[18.29004,56.93042],[18.29017,56.93038],[18.2903,56.93036],[18.29041,56.93036],[18.29058,56.93036],[18.29076,56.93036],[18.29092,56.93036],[18.29106,56.93035],[18.29115,56.93034],[18.29126,56.93033],[18.2914,56.93032],[18.29149,56.93032],[18.29159,56.93033],[18.29169,56.93035],[18.29178,56.93037],[18.29196,56.93043],[18.29215,56.93049],[18.29233,56.93054],[18.29251,56.93061],[18.29267,56.93068],[18.29282,56.93075],[18.29337,56.93102],[18.2935,56.93109],[18.29362,56.93116],[18.29372,56.93123],[18.29381,56.9313],[18.29389,56.93137],[18.29392,56.93138],[18.29393,56.9314],[18.29396,56.93144],[18.29404,56.93151],[18.29411,56.93158],[18.29417,56.93165],[18.29423,56.93172],[18.29427,56.93179],[18.2943,56.93186],[18.29433,56.93193],[18.29435,56.932],[18.29436,56.93207],[18.29436,56.93214],[18.29436,56.93221],[18.29436,56.93229],[18.29435,56.93236],[18.29435,56.93242],[18.29436,56.9325],[18.29435,56.93257],[18.29434,56.93264],[18.29433,56.93271],[18.29431,56.93278],[18.29428,56.93284],[18.29433,56.93306],[18.29426,56.93324],[18.29259,56.93447],[18.29259,56.93447],[18.29259,56.93447],[18.29259,56.93447],[18.29337,56.93452],[18.29337,56.93452],[18.2934,56.9345],[18.29343,56.93446],[18.29366,56.9342],[18.29378,56.93404],[18.29381,56.93396],[18.2939,56.9338],[18.29404,56.93366],[18.2941,56.93361],[18.29425,56.93347],[18.29437,56.93342],[18.29454,56.93338],[18.29471,56.93334],[18.29475,56.93332],[18.29477,56.93329],[18.29477,56.93323],[18.29477,56.9332],[18.2948,56.93317],[18.29489,56.93311],[18.29495,56.93303],[18.29495,56.93303],[18.29492,56.93298],[18.29488,56.9329],[18.29494,56.93282],[18.29499,56.93278],[18.29513,56.93267],[18.2952,56.93257],[18.29527,56.93242],[18.29528,56.93237],[18.29527,56.93231],[18.2953,56.93228],[18.29538,56.93225],[18.29541,56.93222],[18.29543,56.93219],[18.29549,56.93204],[18.29551,56.932],[18.29554,56.93195],[18.29556,56.93192],[18.29558,56.93189],[18.29558,56.93183],[18.29559,56.93175],[18.29556,56.93165],[18.29555,56.93162],[18.29556,56.93158],[18.2956,56.93155],[18.29562,56.93153],[18.29562,56.93153],[18.29556,56.93135],[18.29558,56.93132],[18.29557,56.93128],[18.29557,56.93128],[18.29552,56.93125],[18.29545,56.93123],[18.2954,56.93122],[18.29535,56.93117],[18.29534,56.93113],[18.29536,56.93108],[18.29538,56.93106],[18.29538,56.93103],[18.29537,56.93099],[18.29538,56.93097],[18.29539,56.93094],[18.29537,56.93091],[18.29532,56.93089],[18.29532,56.93089],[18.29532,56.93089],[18.29521,56.93091],[18.29518,56.93091],[18.29516,56.93085],[18.29516,56.93081],[18.29517,56.93076],[18.29517,56.9307],[18.29516,56.93065],[18.29516,56.93065],[18.29511,56.93063],[18.29499,56.93063],[18.29497,56.93064],[18.29485,56.93056],[18.29483,56.93055],[18.29479,56.93054],[18.29472,56.93051],[18.29467,56.93045],[18.29454,56.93036],[18.29448,56.93033],[18.29444,56.93025],[18.29443,56.93024],[18.29443,56.93024],[18.29435,56.93023],[18.29434,56.93022],[18.29429,56.93016],[18.29414,56.93006],[18.29409,56.93002],[18.29405,56.92997],[18.29402,56.92996],[18.29398,56.92997],[18.29395,56.92994],[18.29392,56.9299],[18.29392,56.9299],[18.29385,56.9299],[18.29382,56.9299],[18.29379,56.9299],[18.29379,56.92982],[18.29379,56.92982],[18.29367,56.92978],[18.29358,56.9298],[18.29353,56.9298],[18.29343,56.92976],[18.29341,56.92974],[18.29335,56.92972],[18.29328,56.92971],[18.29324,56.92971],[18.29322,56.92966],[18.29321,56.92965],[18.29321,56.92965],[18.29317,56.92964],[18.29317,56.92964],[18.29309,56.92966],[18.29304,56.92968],[18.29301,56.92968],[18.29294,56.92967],[18.29282,56.92968],[18.29261,56.92966],[18.29227,56.92962],[18.29217,56.92962],[18.29213,56.92961],[18.29204,56.92962],[18.29186,56.92964],[18.29165,56.92968],[18.2916,56.92968],[18.29145,56.92967],[18.29132,56.92964],[18.29127,56.92962],[18.29127,56.92962],[18.29116,56.92961],[18.29109,56.92961],[18.29101,56.92962],[18.29097,56.92963],[18.29092,56.92963],[18.2908,56.92964],[18.2908,56.92964],[18.2907,56.92972],[18.29045,56.92975],[18.29029,56.92977],[18.29008,56.9298],[18.28998,56.92984],[18.28988,56.92987],[18.28984,56.9299],[18.28983,56.92992],[18.2898,56.92995],[18.28975,56.92996],[18.28965,56.92999],[18.28957,56.93001],[18.28952,56.93002],[18.28915,56.9301],[18.28909,56.93014],[18.28902,56.93021],[18.28902,56.93021],[18.28904,56.93024],[18.28905,56.93025],[18.289,56.9303],[18.28893,56.93034],[18.28885,56.93036],[18.28883,56.93037],[18.28883,56.93037],[18.28884,56.93039],[18.28886,56.93043],[18.28884,56.93045],[18.28867,56.93059],[18.28859,56.93065],[18.28845,56.93067],[18.28844,56.93067],[18.28844,56.93067],[18.28844,56.93067],[18.28864,56.93092],[18.28825,56.93106]]]},"properties":{"NVRID":"2013544","NAMN":"Holmhällar","SKYDDSTYP":"Naturreservat","LAN":"Gotlands Län","KOMMUN":"Gotland","IUCNKATEGORI":"III, Naturmonument (Natural Monument)","FORVALTARE":"Länsstyrelsen i Gotlands län","AREA_HA":5.746,"URSPR_BESLUTSDATUM":"2008-02-06"}},{"type":"Feature","geometry":{"type":"MultiPolygon","coordinates":[[[[18.67963,57.74543],[18.67963,57.74543],[18.6803,57.74533],[18.68165,57.74514],[18.68196,57.74509],[18.68196,57.74509],[18.68196,57.74509],[18.68196,57.74509],[18.67587,57.74322],[18.67587,57.74322],[18.67587,57.74322],[18.67587,57.74322],[18.67565,57.74356],[18.67565,57.74356],[18.67565,57.74356],[18.67963,57.74543]]],[[[18.67027,57.71467],[18.67027,57.71467],[18.67027,57.71467],[18.67027,57.71467],[18.67027,57.71467],[18.6699,57.71476],[18.66769,57.71534],[18.66769,57.71534],[18.66552,57.71857],[18.66473,57.71973],[18.66473,57.71973],[18.66473,57.71973],[18.66754,57.72024],[18.66787,57.7203],[18.66787,57.7203],[18.66787,57.7203],[18.66874,57.71827],[18.66947,57.71655],[18.6702,57.71485],[18.67027,57.71467]]],[[[18.65518,57.73987],[18.65529,57.74039],[18.65561,57.74115],[18.6557,57.74183],[18.65453,57.74378],[18.65453,57.74378],[18.6565,57.74548],[18.65802,57.74585],[18.66061,57.74557],[18.66166,57.74495],[18.66537,57.7447],[18.66953,57.7445],[18.66954,57.7445],[18.66954,57.7445],[18.6696,57.74407],[18.66985,57.74358],[18.67002,57.74296],[18.67015,57.74258],[18.67277,57.74226],[18.67277,57.74226],[18.67277,57.74226],[18.67277,57.74226],[18.67032,57.73832],[18.66485,57.72956],[18.67017,57.72905],[18.67017,57.72905],[18.67017,57.72905],[18.67017,57.72905],[18.67017,57.72905],[18.66922,57.7288],[18.66739,57.72832],[18.66666,57.72813],[18.66509,57.72771],[18.66255,57.72704],[18.6602,57.72642],[18.6602,57.72642],[18.6602,57.72642],[18.65964,57.72725],[18.65952,57.72743],[18.65905,57.72735],[18.65643,57.72685],[18.65643,57.72685],[18.65643,57.72685],[18.65643,57.72685],[18.65537,57.7288],[18.65684,57.73208],[18.65494,57.73659],[18.6546,57.73728],[18.6546,57.73728],[18.65521,57.7378],[18.65574,57.73896],[18.65518,57.73987]]]]},"properties":{"NVRID":"2000445","NAMN":"Filehajdar","SKYDDSTYP":"Naturreservat","LAN":"Gotlands Län","KOMMUN":"Gotland","IUCNKATEGORI":"Ia, Strikt naturreservat (Strict Nature Reserve)","FORVALTARE":"Länsstyrelsen i Gotlands län","AREA_HA":168.614,"URSPR_BESLUTSDATUM":"1997-08-11"}},{"type":"Feature","geometry":{"type":"MultiPolygon","coordinates":[[[[18.42826,57.30533],[18.42827,57.30533],[18.42827,57.30533],[18.42827,57.30533],[18.42827,57.30533],[18.42752,57.30418],[18.42752,57.30418],[18.42752,57.30418],[18.42752,57.30418],[18.42752,57.30418],[18.42602,57.30497],[18.42602,57.30497],[18.42602,57.30497],[18.42603,57.30497],[18.42826,57.30533]]],[[[18.42755,57.30415],[18.42834,57.30534],[18.42834,57.30534],[18.43137,57.30583],[18.43137,57.30583],[18.43137,57.30583],[18.433,57.30403],[18.43299,57.30403],[18.43299,57.30403],[18.42679,57.30164],[18.42679,57.30164],[18.42679,57.30164],[18.42621,57.30207],[18.42621,57.30207],[18.42755,57.30415]]]]},"properties":{"NVRID":"2048145","NAMN":"Maldes","SKYDDSTYP":"Naturreservat","LAN":"Gotlands Län","KOMMUN":"Gotland","IUCNKATEGORI":"Ia, Strikt naturreservat (Strict Nature Reserve)","FORVALTARE":"Länsstyrelsen i Gotlands län","AREA_HA":10.314,"URSPR_BESLUTSDATUM":"2017-11-13"}},{"type":"Feature","geometry":{"type":"Polygon","coordinates":[[[18.90699,57.41658],[18.90699,57.41658],[18.90699,57.41658],[18.90701,57.41665],[18.90717,57.41736],[18.90728,57.41795],[18.90737,57.41824],[18.90752,57.41854],[18.90782,57.41895],[18.90809,57.41934],[18.90816,57.41946],[18.9083,57.41983],[18.90853,57.42054],[18.90854,57.42054],[18.90854,57.42054],[18.90854,57.42054],[18.90915,57.42036],[18.90941,57.4207],[18.90863,57.42092],[18.90863,57.42092],[18.90869,57.42113],[18.90878,57.42141],[18.9081,57.4217],[18.90809,57.4217],[18.90839,57.4225],[18.90839,57.4225],[18.90839,57.4225],[18.90862,57.42245],[18.90899,57.42289],[18.90836,57.42304],[18.90836,57.42304],[18.90836,57.42304],[18.90841,57.4231],[18.90866,57.42337],[18.90866,57.42337],[18.90866,57.42337],[18.90919,57.42324],[18.9104,57.423],[18.91075,57.42293],[18.91075,57.42293],[18.91075,57.42293],[18.91072,57.42189],[18.91071,57.42181],[18.91098,57.42175],[18.91111,57.42171],[18.9112,57.42168],[18.91128,57.42164],[18.91139,57.42158],[18.91139,57.42158],[18.91139,57.42158],[18.911,57.42133],[18.91124,57.42103],[18.91184,57.4207],[18.91262,57.42031],[18.91305,57.41997],[18.91305,57.41997],[18.91305,57.41997],[18.91305,57.41997],[18.91305,57.41997],[18.91251,57.41995],[18.91258,57.41958],[18.91274,57.41924],[18.91338,57.41928],[18.91338,57.41928],[18.91338,57.41928],[18.9135,57.41864],[18.91366,57.41775],[18.91383,57.41677],[18.91386,57.4166],[18.91405,57.41556],[18.91405,57.41556],[18.91405,57.41556],[18.9097,57.41617],[18.90699,57.41658]]]},"properties":{"NVRID":"2002748","NAMN":"Hässle backe","SKYDDSTYP":"Naturreservat","LAN":"Gotlands Län","KOMMUN":"Gotland","IUCNKATEGORI":"IV, Habitat/Artskyddsområde (Habitat/Species Management Area)","FORVALTARE":"Länsstyrelsen i Gotlands län","AREA_HA":21.541,"URSPR_BESLUTSDATUM":"2002-06-10"}},{"type":"Feature","geometry":{"type":"MultiPolygon","coordinates":[[[[18.73145,57.29427],[18.73169,57.29472],[18.73211,57.29525],[18.73253,57.29575],[18.73291,57.29618],[18.7332,57.29652],[18.73359,57.29693],[18.73396,57.29733],[18.73414,57.2975],[18.73454,57.29769],[18.7349,57.29789],[18.73572,57.29838],[18.73626,57.29872],[18.7366,57.29891],[18.73701,57.29908],[18.73742,57.29921],[18.73803,57.29943],[18.73908,57.29975],[18.7409,57.30025],[18.74135,57.30036],[18.74174,57.30043],[18.74211,57.30044],[18.74267,57.30046],[18.74373,57.30049],[18.7441,57.3005],[18.74464,57.30046],[18.74523,57.30041],[18.74584,57.30032],[18.74658,57.30019],[18.747,57.3001],[18.7475,57.29997],[18.74805,57.29977],[18.74857,57.2996],[18.74909,57.29941],[18.74997,57.29966],[18.75111,57.29994],[18.75242,57.30019],[18.75364,57.30029],[18.75515,57.30031],[18.75627,57.30028],[18.75767,57.30015],[18.75866,57.29996],[18.75965,57.29973],[18.76052,57.29947],[18.76142,57.29915],[18.76211,57.29883],[18.76289,57.29841],[18.76344,57.29799],[18.76388,57.29756],[18.76422,57.2971],[18.76448,57.29664],[18.7646,57.29608],[18.76454,57.29568],[18.76446,57.29508],[18.76436,57.29452],[18.76413,57.29394],[18.76391,57.29347],[18.76358,57.29296],[18.76336,57.29267],[18.7632,57.29249],[18.76311,57.29236],[18.76301,57.29206],[18.76283,57.29163],[18.76265,57.29131],[18.76239,57.2909],[18.76211,57.29061],[18.76186,57.29033],[18.76147,57.29],[18.76106,57.28969],[18.76061,57.28938],[18.76017,57.28914],[18.75983,57.28897],[18.75937,57.28881],[18.75859,57.28853],[18.75765,57.28826],[18.75679,57.28803],[18.75599,57.28784],[18.75497,57.28769],[18.75417,57.28763],[18.75356,57.28763],[18.75252,57.2877],[18.75187,57.28775],[18.75041,57.28787],[18.74989,57.28789],[18.74963,57.2879],[18.74929,57.28786],[18.74878,57.28784],[18.748,57.28783],[18.74733,57.28786],[18.74672,57.28788],[18.74612,57.28792],[18.74528,57.28804],[18.74447,57.28819],[18.74361,57.28831],[18.74345,57.2883],[18.74315,57.28825],[18.74232,57.28809],[18.74163,57.28797],[18.74096,57.28787],[18.74044,57.28779],[18.74002,57.28776],[18.73939,57.28776],[18.73894,57.28776],[18.73834,57.2878],[18.73766,57.2879],[18.73687,57.28804],[18.73606,57.2882],[18.73542,57.28838],[18.73495,57.28852],[18.73437,57.28878],[18.73393,57.289],[18.7336,57.28917],[18.73304,57.2895],[18.73255,57.28979],[18.73231,57.29002],[18.73203,57.29026],[18.73178,57.29053],[18.7316,57.29075],[18.7316,57.29092],[18.73147,57.29122],[18.73128,57.29225],[18.73118,57.29276],[18.73116,57.2932],[18.7313,57.29379],[18.73145,57.29427]]],[[[18.7357,57.27913],[18.73597,57.27967],[18.7363,57.28024],[18.73668,57.2808],[18.73699,57.28121],[18.73746,57.2817],[18.73787,57.28206],[18.73842,57.28252],[18.73904,57.28289],[18.73995,57.28339],[18.74075,57.28378],[18.7416,57.28415],[18.74274,57.28454],[18.7437,57.28481],[18.7449,57.28508],[18.74604,57.28527],[18.74686,57.28538],[18.74804,57.28551],[18.74934,57.28559],[18.75046,57.28562],[18.75129,57.28558],[18.75216,57.28551],[18.75307,57.28536],[18.7542,57.28515],[18.75516,57.2849],[18.75625,57.28464],[18.7574,57.28431],[18.75869,57.28388],[18.75978,57.28348],[18.76095,57.28289],[18.7618,57.28236],[18.7625,57.28183],[18.76292,57.28167],[18.76398,57.28129],[18.76512,57.28089],[18.76645,57.28042],[18.76732,57.28009],[18.7679,57.27977],[18.76826,57.27946],[18.76874,57.27902],[18.769,57.2787],[18.7693,57.27832],[18.76945,57.27796],[18.76953,57.27771],[18.76953,57.2774],[18.76951,57.27704],[18.76947,57.27675],[18.76937,57.27643],[18.76927,57.27618],[18.76909,57.27587],[18.76888,57.27561],[18.7683,57.27489],[18.76783,57.27446],[18.76745,57.2741],[18.76692,57.27378],[18.76649,57.27346],[18.76589,57.27312],[18.76521,57.27277],[18.76447,57.27244],[18.76386,57.2722],[18.76302,57.27191],[18.76214,57.27166],[18.7612,57.27145],[18.76011,57.27124],[18.75947,57.27112],[18.75822,57.27095],[18.75705,57.27083],[18.75603,57.27075],[18.75519,57.27072],[18.75428,57.27074],[18.75339,57.27083],[18.7521,57.271],[18.75146,57.27113],[18.75049,57.27137],[18.74971,57.27163],[18.749,57.27188],[18.74839,57.27208],[18.74598,57.27201],[18.74509,57.27206],[18.74415,57.27214],[18.74284,57.27232],[18.7417,57.27254],[18.74067,57.27283],[18.73957,57.27319],[18.73853,57.27369],[18.73759,57.27425],[18.73693,57.27487],[18.73624,57.2756],[18.73588,57.27619],[18.73564,57.27682],[18.73546,57.27758],[18.73545,57.27815],[18.73551,57.2786],[18.7357,57.27913]]]]},"properties":{"NVRID":"2000114","NAMN":"Laus holmar","SKYDDSTYP":"Naturreservat","LAN":"Gotlands Län","KOMMUN":"Gotland","IUCNKATEGORI":"IV, Habitat/Artskyddsområde (Habitat/Species Management Area)","FORVALTARE":"Länsstyrelsen i Gotlands län","AREA_HA":491.681,"URSPR_BESLUTSDATUM":"1981-10-26"}},{"type":"Feature","geometry":{"type":"Polygon","coordinates":[[[18.94682,57.7559],[18.94658,57.75578],[18.94658,57.75578],[18.94658,57.75578],[18.94507,57.75643],[18.94507,57.75643],[18.94507,57.75643],[18.9469,57.75746],[18.94691,57.75746],[18.9472,57.75739],[18.94742,57.75733],[18.9476,57.75727],[18.9479,57.75714],[18.94803,57.75706],[18.94815,57.75699],[18.94821,57.75695],[18.94829,57.75689],[18.94842,57.75677],[18.94848,57.75672],[18.94853,57.75666],[18.94859,57.75652],[18.94866,57.75636],[18.94873,57.75619],[18.94878,57.756],[18.94898,57.75519],[18.94901,57.75503],[18.94903,57.75486],[18.94902,57.75469],[18.94897,57.75456],[18.94894,57.7545],[18.94887,57.75439],[18.94883,57.75436],[18.94883,57.75436],[18.94883,57.75436],[18.94758,57.75459],[18.94758,57.75459],[18.94733,57.755],[18.94682,57.7559]]]},"properties":{"NVRID":"2000426","NAMN":"Malms-Kyllaj","SKYDDSTYP":"Naturreservat","LAN":"Gotlands Län","KOMMUN":"Gotland","IUCNKATEGORI":"III, Naturmonument (Natural Monument)","FORVALTARE":"Länsstyrelsen i Gotlands län","AREA_HA":4.17,"URSPR_BESLUTSDATUM":"1931-09-22"}},{"type":"Feature","geometry":{"type":"Polygon","coordinates":[[[18.6702,57.71485],[18.67027,57.71467],[18.67027,57.71467],[18.67027,57.71467],[18.67027,57.71467],[18.6699,57.71476],[18.66769,57.71534],[18.66769,57.71534],[18.66552,57.71857],[18.66473,57.71973],[18.66473,57.71973],[18.66473,57.71973],[18.66754,57.72024],[18.66787,57.7203],[18.66787,57.7203],[18.66787,57.7203],[18.66874,57.71827],[18.66947,57.71655],[18.6702,57.71485]]]},"properties":{"NVRID":"2000445","NAMN":"Filehajdar","SKYDDSTYP":"Naturreservat","LAN":"Gotlands Län","KOMMUN":"Gotland","IUCNKATEGORI":"Ia, Strikt naturreservat (Strict Nature Reserve)","FORVALTARE":"Länsstyrelsen i Gotlands län","AREA_HA":9.423,"URSPR_BESLUTSDATUM":"1997-08-11"}},{"type":"Feature","geometry":{"type":"Polygon","coordinates":[[[18.73433,57.82962],[18.73395,57.82982],[18.73395,57.82983],[18.73395,57.82983],[18.73848,57.83623],[18.74098,57.83786],[18.74098,57.83786],[18.74098,57.83786],[18.74098,57.83786],[18.74195,57.83744],[18.74262,57.83771],[18.74298,57.83789],[18.74296,57.8379],[18.74296,57.8379],[18.74296,57.83791],[18.74371,57.83827],[18.74371,57.83827],[18.74371,57.83827],[18.74397,57.83815],[18.74477,57.83835],[18.74477,57.83835],[18.74496,57.83825],[18.74496,57.83825],[18.74496,57.83825],[18.74496,57.83825],[18.74471,57.83815],[18.74566,57.83795],[18.74717,57.83806],[18.74818,57.83848],[18.74818,57.83848],[18.74818,57.83848],[18.74818,57.83848],[18.74961,57.83753],[18.75029,57.83749],[18.75076,57.83727],[18.75182,57.83693],[18.7531,57.83655],[18.75352,57.83636],[18.75787,57.83786],[18.75875,57.83916],[18.75875,57.83916],[18.75875,57.83917],[18.76132,57.83845],[18.76302,57.83719],[18.7637,57.83725],[18.76427,57.83731],[18.76453,57.83727],[18.7648,57.83724],[18.76512,57.83725],[18.76558,57.8372],[18.76611,57.83718],[18.76648,57.83717],[18.76668,57.83714],[18.76702,57.83707],[18.76722,57.83701],[18.76755,57.83688],[18.76772,57.8368],[18.76789,57.83671],[18.76807,57.83641],[18.77204,57.83642],[18.77198,57.83687],[18.77186,57.83766],[18.77186,57.83766],[18.77186,57.83766],[18.77374,57.83821],[18.77426,57.83828],[18.77432,57.8385],[18.77432,57.83851],[18.77432,57.83851],[18.77601,57.83859],[18.77601,57.83859],[18.77601,57.83859],[18.77587,57.83823],[18.7763,57.83812],[18.77644,57.83822],[18.77644,57.83822],[18.77684,57.83821],[18.77684,57.83821],[18.77684,57.83821],[18.77685,57.838],[18.77759,57.83783],[18.77855,57.83785],[18.77854,57.83838],[18.77854,57.83838],[18.77854,57.83838],[18.78072,57.83849],[18.78097,57.83858],[18.78097,57.83858],[18.78344,57.83867],[18.78364,57.83907],[18.78364,57.83907],[18.78488,57.83959],[18.78488,57.83959],[18.78488,57.83959],[18.78488,57.83958],[18.78596,57.83866],[18.78596,57.83866],[18.78596,57.83866],[18.78372,57.8374],[18.78372,57.8374],[18.78192,57.8373],[18.78192,57.8373],[18.78192,57.8373],[18.78179,57.83762],[18.7804,57.83754],[18.77856,57.83743],[18.77767,57.83732],[18.7769,57.83732],[18.77487,57.83772],[18.77332,57.8377],[18.77347,57.83691],[18.77347,57.83691],[18.77347,57.83691],[18.77329,57.83691],[18.77299,57.83638],[18.77311,57.83581],[18.77311,57.83581],[18.77311,57.83581],[18.77104,57.83576],[18.77104,57.83576],[18.77104,57.83576],[18.77084,57.83601],[18.76949,57.83593],[18.76949,57.83572],[18.76946,57.83565],[18.76939,57.83557],[18.76924,57.83551],[18.76924,57.83551],[18.76879,57.8355],[18.76565,57.83512],[18.76564,57.83512],[18.76564,57.83512],[18.765,57.83634],[18.76417,57.83634],[18.76333,57.83461],[18.76376,57.83093],[18.7638,57.83064],[18.76403,57.82867],[18.76525,57.82692],[18.76547,57.82646],[18.7655,57.82626],[18.76531,57.82603],[18.76521,57.82574],[18.766,57.82122],[18.76526,57.82067],[18.76488,57.82034],[18.76488,57.82034],[18.76487,57.82034],[18.75926,57.82188],[18.75787,57.82149],[18.75899,57.81782],[18.75782,57.81701],[18.75551,57.81641],[18.75551,57.81641],[18.75318,57.81694],[18.75318,57.81694],[18.75318,57.81694],[18.75316,57.81737],[18.75311,57.81862],[18.75304,57.82042],[18.7524,57.8205],[18.75187,57.821],[18.75189,57.82143],[18.75203,57.82177],[18.75223,57.82195],[18.75269,57.82213],[18.75297,57.82221],[18.75296,57.82257],[18.75223,57.82309],[18.74992,57.82323],[18.74788,57.82392],[18.74391,57.82286],[18.74391,57.82286],[18.74391,57.82286],[18.74391,57.82286],[18.74335,57.82351],[18.74247,57.82375],[18.74185,57.82388],[18.74159,57.82373],[18.74159,57.82373],[18.74159,57.82373],[18.74159,57.82373],[18.73893,57.82641],[18.73893,57.82641],[18.73893,57.82641],[18.74463,57.8279],[18.74466,57.82936],[18.74466,57.82936],[18.74466,57.82936],[18.74647,57.82984],[18.74645,57.82989],[18.7463,57.83213],[18.73767,57.82909],[18.73659,57.82763],[18.73659,57.82763],[18.73569,57.82738],[18.73569,57.82738],[18.73569,57.82738],[18.73354,57.82936],[18.73354,57.82936],[18.73354,57.82936],[18.73433,57.82962]]]},"properties":{"NVRID":"2000137","NAMN":"Träskmyr och Vasteån","SKYDDSTYP":"Naturreservat","LAN":"Gotlands Län","KOMMUN":"Gotland","IUCNKATEGORI":"IV, Habitat/Artskyddsområde (Habitat/Species Management Area)","FORVALTARE":"Länsstyrelsen i Gotlands län","AREA_HA":288.876,"URSPR_BESLUTSDATUM":"1981-03-23"}},{"type":"Feature","geometry":{"type":"Polygon","coordinates":[[[18.71999,57.69018],[18.71959,57.69018],[18.71538,57.69027],[18.71242,57.69033],[18.71204,57.69034],[18.71203,57.69034],[18.71203,57.69034],[18.71203,57.69034],[18.71203,57.69034],[18.71213,57.69162],[18.71225,57.69288],[18.71225,57.69288],[18.71225,57.69288],[18.71225,57.69288],[18.73169,57.6925],[18.73169,57.6925],[18.73169,57.6925],[18.73158,57.69114],[18.73152,57.69025],[18.73136,57.68816],[18.73134,57.68796],[18.72931,57.68528],[18.72826,57.68389],[18.72695,57.68217],[18.72695,57.68217],[18.72004,57.68248],[18.7179,57.68258],[18.7179,57.68258],[18.7179,57.68258],[18.7179,57.68258],[18.71833,57.68701],[18.71833,57.68701],[18.71833,57.68701],[18.72102,57.68692],[18.72097,57.68819],[18.72093,57.68919],[18.72092,57.68936],[18.71999,57.69018]]]},"properties":{"NVRID":"2041650","NAMN":"Bojsvätar","SKYDDSTYP":"Naturreservat","LAN":"Gotlands Län","KOMMUN":"Gotland","IUCNKATEGORI":"Ia, Strikt naturreservat (Strict Nature Reserve)","FORVALTARE":"Länsstyrelsen i Gotlands län","AREA_HA":87.199,"URSPR_BESLUTSDATUM":"2013-11-27"}},{"type":"Feature","geometry":{"type":"Polygon","coordinates":[[[18.8434,57.74414],[18.84249,57.74431],[18.84249,57.74431],[18.84249,57.74431],[18.84249,57.74432],[18.84266,57.74452],[18.84317,57.74514],[18.84317,57.74514],[18.84737,57.74547],[18.84681,57.74633],[18.84678,57.74637],[18.84628,57.74714],[18.84521,57.74879],[18.84444,57.74997],[18.84444,57.74998],[18.84444,57.74998],[18.84752,57.75052],[18.85095,57.75114],[18.85066,57.7521],[18.85009,57.75405],[18.84976,57.75515],[18.84976,57.75515],[18.84976,57.75515],[18.84977,57.75515],[18.85393,57.75539],[18.85315,57.75838],[18.85315,57.75838],[18.85315,57.75838],[18.85336,57.75842],[18.8537,57.7585],[18.85431,57.75867],[18.85497,57.75881],[18.85597,57.75898],[18.85647,57.75906],[18.85694,57.75915],[18.85809,57.75942],[18.8586,57.75953],[18.8586,57.75953],[18.8586,57.75953],[18.8587,57.7595],[18.8587,57.7595],[18.8587,57.7595],[18.8593,57.75741],[18.86285,57.75768],[18.86285,57.75768],[18.86285,57.75768],[18.86423,57.7535],[18.86423,57.7535],[18.86423,57.7535],[18.8578,57.75312],[18.85798,57.75252],[18.85867,57.75018],[18.86498,57.75123],[18.86499,57.75123],[18.86499,57.75123],[18.86499,57.75123],[18.86513,57.75081],[18.86536,57.75046],[18.86623,57.74918],[18.86765,57.74707],[18.86784,57.74679],[18.86883,57.74534],[18.86951,57.74433],[18.86951,57.74433],[18.86762,57.74333],[18.86762,57.74333],[18.86531,57.7429],[18.86531,57.7429],[18.86531,57.7429],[18.86522,57.74298],[18.86309,57.74307],[18.86412,57.74161],[18.86412,57.74161],[18.86408,57.74158],[18.86165,57.73959],[18.86164,57.73958],[18.86164,57.73958],[18.86163,57.73958],[18.86161,57.73958],[18.86126,57.73961],[18.86108,57.73963],[18.86028,57.73982],[18.85987,57.73986],[18.85977,57.73986],[18.85963,57.73983],[18.8595,57.73978],[18.85918,57.73963],[18.85912,57.73961],[18.85903,57.73959],[18.85853,57.73957],[18.85829,57.73958],[18.85768,57.73974],[18.85704,57.73996],[18.85661,57.74013],[18.85446,57.74075],[18.85422,57.74083],[18.8537,57.74116],[18.85301,57.74161],[18.85251,57.74192],[18.85236,57.74199],[18.85202,57.74209],[18.85194,57.7421],[18.85194,57.7421],[18.85194,57.7421],[18.85207,57.74317],[18.85205,57.74329],[18.85174,57.74529],[18.85017,57.74523],[18.85008,57.74235],[18.85008,57.74235],[18.85008,57.74235],[18.84952,57.74235],[18.84896,57.74238],[18.84896,57.74238],[18.84896,57.74238],[18.84899,57.74261],[18.84799,57.74287],[18.84799,57.74287],[18.84763,57.744],[18.8475,57.74432],[18.84525,57.74438],[18.84508,57.74378],[18.84477,57.74256],[18.84477,57.74256],[18.84476,57.74256],[18.84417,57.74261],[18.84417,57.74261],[18.84322,57.74372],[18.84322,57.74372],[18.8434,57.74414]]]},"properties":{"NVRID":"2014393","NAMN":"Dagghagen","SKYDDSTYP":"Naturreservat","LAN":"Gotlands Län","KOMMUN":"Gotland","IUCNKATEGORI":"Ia, Strikt naturreservat (Strict Nature Reserve)","FORVALTARE":"Länsstyrelsen i Gotlands län","AREA_HA":181.877,"URSPR_BESLUTSDATUM":"2008-12-08"}},{"type":"Feature","geometry":{"type":"Polygon","coordinates":[[[18.96254,57.85457],[18.97216,57.84989],[18.97411,57.84893],[18.97462,57.84905],[18.97556,57.84929],[18.97645,57.84955],[18.97726,57.84981],[18.97817,57.85014],[18.97901,57.85047],[18.97986,57.85082],[18.98053,57.85109],[18.98053,57.8511],[18.98053,57.85109],[18.98058,57.85107],[18.98456,57.84899],[18.9854,57.84944],[18.9854,57.84944],[18.9854,57.84944],[18.98601,57.84912],[18.98669,57.84878],[18.98749,57.84836],[18.98768,57.84825],[18.98785,57.84814],[18.988,57.84803],[18.98813,57.84791],[18.98824,57.8478],[18.98833,57.84768],[18.98841,57.84757],[18.98847,57.84745],[18.98852,57.84732],[18.98856,57.84719],[18.98859,57.84705],[18.9886,57.84673],[18.98861,57.84622],[18.98867,57.84539],[18.98872,57.84499],[18.98871,57.84499],[18.98871,57.84499],[18.98801,57.84486],[18.98654,57.84459],[18.98356,57.84402],[18.98075,57.84349],[18.97179,57.8418],[18.96877,57.84123],[18.96293,57.84012],[18.96072,57.8397],[18.95809,57.8392],[18.95809,57.8392],[18.95809,57.8392],[18.95801,57.83923],[18.95783,57.83929],[18.9576,57.83937],[18.95726,57.8395],[18.95704,57.83957],[18.95673,57.83967],[18.9564,57.83978],[18.95621,57.83988],[18.95602,57.84002],[18.95579,57.84019],[18.95556,57.84034],[18.95544,57.84041],[18.95542,57.84052],[18.95532,57.84062],[18.95516,57.84078],[18.95501,57.84093],[18.95495,57.84102],[18.95488,57.84123],[18.9548,57.8414],[18.95474,57.84162],[18.95466,57.84187],[18.9546,57.84198],[18.95441,57.8422],[18.95399,57.84257],[18.95383,57.84268],[18.95369,57.84284],[18.95358,57.84307],[18.95343,57.84321],[18.95314,57.84347],[18.95302,57.84366],[18.95298,57.84376],[18.95291,57.84407],[18.95287,57.84417],[18.95263,57.84433],[18.95234,57.84446],[18.95164,57.84472],[18.95146,57.84479],[18.95091,57.84496],[18.95065,57.84504],[18.95047,57.84513],[18.95034,57.84522],[18.95,57.84551],[18.94986,57.84567],[18.94978,57.84579],[18.94962,57.84589],[18.94942,57.84602],[18.94914,57.84628],[18.94893,57.84643],[18.94875,57.84655],[18.9485,57.84677],[18.94823,57.847],[18.94819,57.84709],[18.94811,57.84743],[18.94809,57.84746],[18.94783,57.84805],[18.94768,57.84837],[18.94743,57.84859],[18.94729,57.84869],[18.94698,57.84884],[18.94656,57.84902],[18.9461,57.84916],[18.94545,57.84947],[18.94516,57.8496],[18.94471,57.84988],[18.94455,57.85001],[18.9443,57.85016],[18.94396,57.85026],[18.94367,57.85038],[18.94331,57.85055],[18.94306,57.85068],[18.94248,57.85094],[18.94215,57.85113],[18.94193,57.85124],[18.9412,57.85153],[18.9411,57.85156],[18.94062,57.85174],[18.94048,57.85178],[18.94025,57.85185],[18.93999,57.8519],[18.93988,57.85194],[18.93939,57.85214],[18.93908,57.85224],[18.93894,57.8523],[18.9389,57.85231],[18.93864,57.85246],[18.93832,57.85259],[18.93791,57.85269],[18.9378,57.85271],[18.93707,57.85299],[18.93671,57.85306],[18.93633,57.85311],[18.93527,57.85325],[18.93498,57.85328],[18.93492,57.85329],[18.9346,57.85328],[18.93419,57.85329],[18.93368,57.85341],[18.93345,57.85348],[18.93331,57.85352],[18.93295,57.85357],[18.93279,57.85359],[18.93235,57.8536],[18.9322,57.85361],[18.9321,57.85363],[18.93173,57.85378],[18.93151,57.85385],[18.93128,57.85387],[18.93071,57.85392],[18.93071,57.85392],[18.93071,57.85392],[18.93071,57.85392],[18.93073,57.85398],[18.93112,57.85548],[18.93206,57.85912],[18.93252,57.86091],[18.93294,57.86254],[18.93337,57.8642],[18.93338,57.86423],[18.93338,57.86423],[18.93338,57.86423],[18.93723,57.86414],[18.94001,57.86407],[18.94284,57.864],[18.9432,57.86399],[18.9432,57.86399],[18.94403,57.86358],[18.94647,57.8624],[18.9494,57.86097],[18.9518,57.8598],[18.95411,57.85868],[18.95709,57.85723],[18.96019,57.85572],[18.96254,57.85457]]]},"properties":{"NVRID":"2000441","NAMN":"Bräntings haid","SKYDDSTYP":"Naturreservat","LAN":"Gotlands Län","KOMMUN":"Gotland","IUCNKATEGORI":"0, Områden som ej kan klassificeras enligt IUCN: s system.","FORVALTARE":"Länsstyrelsen i Gotlands län","AREA_HA":421.431,"URSPR_BESLUTSDATUM":"2001-10-16"}},{"type":"Feature","geometry":{"type":"MultiPolygon","coordinates":[[[[18.71402,57.92405],[18.71396,57.92406],[18.71392,57.92406],[18.71392,57.92406],[18.71392,57.92406],[18.71391,57.92409],[18.71391,57.92409],[18.71391,57.92409],[18.71391,57.92409],[18.71397,57.92409],[18.71403,57.92408],[18.71405,57.92407],[18.71405,57.92407],[18.71403,57.92405],[18.71402,57.92405]]],[[[18.71316,57.92385],[18.71314,57.9239],[18.71314,57.9239],[18.71314,57.9239],[18.71314,57.9239],[18.71319,57.9239],[18.71323,57.92389],[18.71323,57.92389],[18.71324,57.92387],[18.71324,57.92387],[18.71321,57.92385],[18.71321,57.92385],[18.71321,57.92385],[18.71316,57.92385],[18.71316,57.92385]]],[[[18.70075,57.92251],[18.70075,57.92251],[18.70075,57.92251],[18.70075,57.92251],[18.70081,57.92255],[18.70081,57.92255],[18.70086,57.92254],[18.70086,57.92254],[18.70089,57.92251],[18.70089,57.92251],[18.70089,57.92248],[18.70089,57.92248],[18.70089,57.92248],[18.70086,57.92248],[18.70086,57.92248],[18.70084,57.9225],[18.70075,57.92251]]],[[[18.69976,57.92276],[18.69979,57.92278],[18.69979,57.92278],[18.69979,57.92278],[18.69979,57.92278],[18.69984,57.92273],[18.69984,57.92273],[18.69984,57.92273],[18.69979,57.9227],[18.69974,57.92268],[18.69974,57.92268],[18.6997,57.92268],[18.6997,57.92268],[18.6997,57.92268],[18.6997,57.92271],[18.6997,57.92271],[18.69976,57.92273],[18.69976,57.92276]]],[[[18.72281,57.92952],[18.72281,57.92952],[18.72281,57.92952],[18.72282,57.92955],[18.72283,57.92957],[18.72287,57.9296],[18.72287,57.9296],[18.72287,57.9296],[18.72294,57.92959],[18.72294,57.92959],[18.72294,57.92959],[18.72296,57.92954],[18.72296,57.92953],[18.72296,57.92953],[18.72293,57.92952],[18.72281,57.92952],[18.72281,57.92952]]],[[[18.7223,57.92894],[18.72235,57.92897],[18.7224,57.929],[18.7224,57.929],[18.7224,57.929],[18.7224,57.929],[18.72242,57.92897],[18.72242,57.92897],[18.72235,57.92893],[18.72236,57.92886],[18.72236,57.92886],[18.72236,57.92886],[18.72236,57.92886],[18.72227,57.92885],[18.72227,57.92885],[18.72227,57.92885],[18.72225,57.92889],[18.72225,57.92889],[18.72225,57.92889],[18.72231,57.9289],[18.7223,57.92894],[18.7223,57.92894]]],[[[18.71245,57.9241],[18.71245,57.9241],[18.71247,57.92405],[18.71249,57.92397],[18.71249,57.92397],[18.71249,57.92397],[18.71245,57.92398],[18.71242,57.92397],[18.71242,57.92397],[18.71237,57.92398],[18.71232,57.92403],[18.71232,57.92403],[18.71232,57.92406],[18.71237,57.9241],[18.71237,57.9241],[18.71245,57.9241],[18.71245,57.9241]]],[[[18.71323,57.92383],[18.71323,57.92383],[18.71328,57.92385],[18.71328,57.92385],[18.71328,57.92385],[18.71333,57.92384],[18.71333,57.92384],[18.71333,57.92384],[18.71333,57.92381],[18.7134,57.92377],[18.7134,57.92377],[18.7134,57.92377],[18.7134,57.92377],[18.71335,57.92374],[18.71332,57.92373],[18.71326,57.92371],[18.71326,57.92371],[18.71326,57.92371],[18.71323,57.92376],[18.71317,57.92379],[18.71317,57.92379],[18.71317,57.92379],[18.71317,57.92379],[18.71323,57.92381],[18.71323,57.92383],[18.71323,57.92383]]],[[[18.70158,57.92264],[18.70163,57.92265],[18.70163,57.92265],[18.70163,57.92265],[18.70167,57.92263],[18.70171,57.92262],[18.70171,57.92262],[18.70172,57.92259],[18.70171,57.92259],[18.70165,57.92256],[18.7016,57.92254],[18.70156,57.92252],[18.70155,57.92252],[18.70155,57.92252],[18.70155,57.92252],[18.70153,57.92255],[18.7015,57.92261],[18.7015,57.92261],[18.7015,57.92261],[18.70156,57.92263],[18.70158,57.92264],[18.70158,57.92264]]],[[[18.72933,57.93106],[18.72933,57.93106],[18.72933,57.93106],[18.72936,57.93104],[18.72941,57.93103],[18.72946,57.93103],[18.7295,57.93102],[18.72953,57.931],[18.72956,57.93097],[18.72956,57.93097],[18.72956,57.93097],[18.7295,57.93094],[18.7295,57.93094],[18.72945,57.93094],[18.72945,57.93094],[18.72945,57.93094],[18.72942,57.93098],[18.72938,57.93099],[18.72929,57.93098],[18.72929,57.93098],[18.72929,57.93098],[18.72927,57.93102],[18.72927,57.93102],[18.72927,57.93102],[18.72933,57.93106],[18.72933,57.93106]]],[[[18.71478,57.92415],[18.71483,57.92417],[18.71487,57.92418],[18.71487,57.92418],[18.71487,57.92418],[18.71487,57.92418],[18.71487,57.92415],[18.71487,57.92415],[18.71483,57.92413],[18.7149,57.92411],[18.71496,57.92412],[18.71499,57.92413],[18.71494,57.92416],[18.71494,57.92416],[18.71494,57.92416],[18.71497,57.92418],[18.71497,57.92418],[18.71497,57.92418],[18.71505,57.92416],[18.71505,57.92416],[18.71505,57.92416],[18.71505,57.92411],[18.715,57.92407],[18.715,57.92407],[18.715,57.92407],[18.71484,57.9241],[18.71471,57.9241],[18.71459,57.92412],[18.71448,57.92414],[18.71437,57.92416],[18.71437,57.92416],[18.7143,57.9242],[18.7143,57.9242],[18.7143,57.9242],[18.7143,57.9242],[18.7143,57.9242],[18.71433,57.92421],[18.71444,57.9242],[18.71452,57.92421],[18.7146,57.92423],[18.71461,57.92423],[18.71461,57.92423],[18.71464,57.9242],[18.71465,57.92418],[18.71478,57.92415]]],[[[18.72424,57.92974],[18.72424,57.92974],[18.72424,57.92974],[18.7243,57.92975],[18.72435,57.92974],[18.7244,57.92971],[18.72441,57.92965],[18.72447,57.92964],[18.72456,57.9297],[18.7246,57.92971],[18.72464,57.92974],[18.72464,57.92974],[18.72467,57.92974],[18.72467,57.92974],[18.72467,57.92974],[18.72468,57.92971],[18.72468,57.92971],[18.72461,57.92967],[18.72455,57.92965],[18.72452,57.9296],[18.72454,57.92957],[18.72459,57.92954],[18.72458,57.92949],[18.72458,57.92949],[18.72458,57.92949],[18.72453,57.92948],[18.72446,57.92946],[18.72443,57.92941],[18.72441,57.9294],[18.72441,57.9294],[18.72441,57.9294],[18.72441,57.9294],[18.72433,57.92944],[18.72429,57.92943],[18.72429,57.92943],[18.72423,57.92947],[18.72422,57.92957],[18.72419,57.92963],[18.7242,57.92968],[18.72425,57.9297],[18.72424,57.92974],[18.72424,57.92974]]],[[[18.72301,57.92982],[18.72301,57.92984],[18.72301,57.92984],[18.72308,57.9299],[18.72316,57.92994],[18.72328,57.92998],[18.72346,57.93004],[18.72354,57.93007],[18.72358,57.93008],[18.72372,57.93011],[18.72376,57.93011],[18.72377,57.93011],[18.72377,57.93011],[18.72377,57.93011],[18.72377,57.93006],[18.72372,57.93002],[18.72355,57.92995],[18.72341,57.92986],[18.72336,57.92974],[18.72331,57.92968],[18.72325,57.92958],[18.72319,57.92949],[18.72319,57.92949],[18.72318,57.92949],[18.72318,57.92949],[18.72305,57.92953],[18.72305,57.92953],[18.72305,57.92953],[18.72308,57.92958],[18.72309,57.92962],[18.72308,57.92967],[18.72309,57.9297],[18.72312,57.92971],[18.72307,57.92974],[18.72301,57.92982]]],[[[18.73019,57.93027],[18.73019,57.93027],[18.73018,57.93027],[18.73018,57.93027],[18.73018,57.93027],[18.73018,57.93032],[18.73018,57.93032],[18.73021,57.93036],[18.73027,57.93041],[18.73038,57.93046],[18.7305,57.93051],[18.73059,57.93055],[18.73063,57.93057],[18.73055,57.93061],[18.73055,57.93061],[18.73055,57.93061],[18.73055,57.93061],[18.73055,57.93061],[18.73065,57.93064],[18.73072,57.93065],[18.7308,57.93064],[18.73088,57.93062],[18.73096,57.9306],[18.73103,57.93055],[18.73107,57.93049],[18.7311,57.93042],[18.73104,57.93035],[18.73105,57.93033],[18.73104,57.93033],[18.73104,57.93033],[18.73104,57.93033],[18.73094,57.93035],[18.73083,57.93035],[18.73072,57.93033],[18.73066,57.93031],[18.73062,57.9303],[18.73062,57.9303],[18.73062,57.9303],[18.73062,57.9303],[18.73059,57.93032],[18.7305,57.93036],[18.73042,57.93036],[18.73034,57.93033],[18.73029,57.93033],[18.73019,57.93027]]],[[[18.62105,57.88273],[18.62117,57.88274],[18.62126,57.88274],[18.62137,57.88272],[18.62144,57.88268],[18.62144,57.88268],[18.62144,57.88268],[18.6214,57.88262],[18.62136,57.88255],[18.62138,57.8824],[18.62133,57.88229],[18.62125,57.88221],[18.62125,57.88221],[18.62114,57.88219],[18.62114,57.88219],[18.62104,57.88222],[18.62097,57.88227],[18.62088,57.88235],[18.62082,57.88245],[18.62081,57.88252],[18.62082,57.88258],[18.62092,57.88267],[18.62105,57.88273]]],[[[18.60828,57.84199],[18.60828,57.84199],[18.60828,57.84199],[18.60878,57.84243],[18.60878,57.84243],[18.60878,57.84243],[18.60944,57.84227],[18.61073,57.84366],[18.6097,57.84574],[18.6097,57.84574],[18.6097,57.84574],[18.60988,57.84582],[18.60997,57.84585],[18.61014,57.84593],[18.61029,57.84606],[18.61044,57.84618],[18.61055,57.84626],[18.61064,57.84633],[18.6109,57.84654],[18.61095,57.8466],[18.61097,57.84666],[18.61105,57.84703],[18.61102,57.8472],[18.61097,57.84728],[18.61088,57.84737],[18.61086,57.84742],[18.61085,57.84756],[18.61081,57.84783],[18.61079,57.84795],[18.61082,57.84819],[18.61088,57.84832],[18.61116,57.8487],[18.61129,57.84883],[18.61146,57.84898],[18.61154,57.84908],[18.61165,57.84921],[18.6118,57.8494],[18.61194,57.84954],[18.61205,57.84965],[18.61214,57.84974],[18.61233,57.8499],[18.6125,57.85003],[18.6127,57.85018],[18.61292,57.85032],[18.613,57.85039],[18.6132,57.85055],[18.61325,57.85064],[18.61332,57.85077],[18.61335,57.8509],[18.61335,57.85108],[18.61335,57.85116],[18.61338,57.85125],[18.61346,57.85134],[18.61355,57.85145],[18.61362,57.8516],[18.61365,57.8517],[18.61369,57.8519],[18.61382,57.85216],[18.61389,57.85227],[18.6139,57.85231],[18.61391,57.85238],[18.61394,57.85254],[18.61394,57.85276],[18.61407,57.85295],[18.61407,57.85301],[18.61407,57.85307],[18.61414,57.85329],[18.61429,57.85345],[18.61438,57.85356],[18.61445,57.85367],[18.6145,57.85372],[18.61455,57.85375],[18.6147,57.85383],[18.61491,57.85398],[18.61516,57.85424],[18.61521,57.8543],[18.61525,57.8544],[18.61537,57.85463],[18.61547,57.85477],[18.6156,57.85494],[18.61587,57.85531],[18.61593,57.85539],[18.61608,57.85558],[18.61617,57.85572],[18.61624,57.8558],[18.61629,57.85588],[18.61634,57.85595],[18.61656,57.85623],[18.61658,57.8563],[18.61659,57.8566],[18.6166,57.85674],[18.6166,57.85699],[18.61653,57.85741],[18.61653,57.85761],[18.61656,57.8577],[18.61656,57.85779],[18.61653,57.85782],[18.6165,57.85785],[18.61649,57.85788],[18.61648,57.85798],[18.6164,57.85834],[18.61639,57.85851],[18.61647,57.85895],[18.61651,57.85922],[18.61652,57.85935],[18.61651,57.85944],[18.61645,57.85957],[18.61644,57.85961],[18.6164,57.85985],[18.61641,57.85995],[18.61638,57.86012],[18.61635,57.86017],[18.61627,57.86023],[18.61623,57.86028],[18.61621,57.86037],[18.6162,57.86056],[18.61624,57.86079],[18.61624,57.86088],[18.61627,57.86098],[18.61634,57.86122],[18.61637,57.86167],[18.61639,57.86178],[18.61642,57.86187],[18.61643,57.86194],[18.61645,57.86211],[18.61643,57.86229],[18.61644,57.86246],[18.61652,57.86275],[18.61655,57.86285],[18.61662,57.86329],[18.61668,57.8637],[18.6167,57.86382],[18.61677,57.86409],[18.61676,57.86414],[18.61673,57.86431],[18.61673,57.86452],[18.61673,57.86454],[18.61667,57.8649],[18.61669,57.86501],[18.61674,57.86516],[18.61677,57.86527],[18.61677,57.86534],[18.61674,57.86568],[18.61674,57.86576],[18.61676,57.86583],[18.61682,57.86599],[18.61683,57.86612],[18.61684,57.86625],[18.61686,57.86638],[18.61685,57.86656],[18.61683,57.86678],[18.61678,57.8671],[18.6167,57.86715],[18.61665,57.8672],[18.61664,57.86728],[18.61662,57.86731],[18.61658,57.8674],[18.61652,57.86746],[18.61651,57.86752],[18.61654,57.86757],[18.61662,57.8677],[18.61669,57.86779],[18.61711,57.86818],[18.61715,57.86822],[18.61722,57.86828],[18.61734,57.86838],[18.61745,57.86847],[18.61759,57.86862],[18.61783,57.86887],[18.61796,57.86903],[18.61805,57.86914],[18.61837,57.86954],[18.61844,57.86962],[18.61856,57.86973],[18.61884,57.87002],[18.61906,57.87036],[18.61928,57.87079],[18.61943,57.87104],[18.61948,57.87118],[18.61951,57.87129],[18.61955,57.87144],[18.61958,57.87163],[18.61965,57.87182],[18.61967,57.8719],[18.61972,57.87198],[18.61978,57.87207],[18.61984,57.87228],[18.61988,57.8724],[18.62002,57.87273],[18.62007,57.87304],[18.62007,57.87323],[18.62004,57.8734],[18.62,57.87348],[18.61999,57.87353],[18.61996,57.87359],[18.61988,57.87373],[18.61983,57.87378],[18.61981,57.87382],[18.61978,57.8739],[18.61975,57.87394],[18.61973,57.87396],[18.6197,57.87403],[18.61968,57.87415],[18.6197,57.8743],[18.61977,57.87456],[18.6198,57.87473],[18.61985,57.87505],[18.61988,57.87521],[18.61985,57.87536],[18.61988,57.87546],[18.61996,57.8756],[18.62005,57.8757],[18.62022,57.87591],[18.62035,57.87617],[18.62045,57.87635],[18.62053,57.87656],[18.62052,57.87671],[18.6204,57.8769],[18.62041,57.877],[18.62046,57.87713],[18.62049,57.87719],[18.6205,57.87719],[18.62061,57.87726],[18.62078,57.87735],[18.62096,57.87742],[18.62114,57.87748],[18.62138,57.87752],[18.62163,57.87751],[18.62167,57.87751],[18.62186,57.87753],[18.62209,57.87764],[18.62226,57.87777],[18.62242,57.87793],[18.62259,57.87816],[18.62272,57.87841],[18.62285,57.87864],[18.62287,57.87867],[18.62297,57.8789],[18.623,57.87895],[18.62305,57.8791],[18.62313,57.87926],[18.62319,57.87941],[18.62327,57.87962],[18.62327,57.8799],[18.62324,57.8802],[18.62324,57.88032],[18.62323,57.88056],[18.62323,57.88064],[18.62322,57.8807],[18.62319,57.88076],[18.62315,57.88084],[18.62312,57.88094],[18.62309,57.881],[18.62302,57.88106],[18.62298,57.8811],[18.6229,57.88115],[18.62278,57.88122],[18.62266,57.88123],[18.62247,57.88127],[18.6224,57.88127],[18.62218,57.88129],[18.62202,57.88134],[18.62188,57.88138],[18.62182,57.88141],[18.62175,57.8815],[18.62162,57.88163],[18.62156,57.88167],[18.62152,57.88173],[18.62155,57.88193],[18.62156,57.88205],[18.62156,57.88209],[18.62153,57.88228],[18.62153,57.88231],[18.62157,57.88234],[18.62165,57.88238],[18.62174,57.88244],[18.62201,57.88252],[18.62207,57.88254],[18.62219,57.88257],[18.62234,57.88263],[18.62246,57.88267],[18.6226,57.88274],[18.62277,57.88285],[18.62298,57.88299],[18.62311,57.88312],[18.6232,57.8833],[18.6232,57.88347],[18.62307,57.8836],[18.62294,57.88375],[18.62292,57.88384],[18.62292,57.88393],[18.62297,57.88404],[18.62304,57.88413],[18.6231,57.88424],[18.6232,57.88436],[18.62342,57.88457],[18.62365,57.88482],[18.62386,57.88504],[18.62414,57.88534],[18.62443,57.88571],[18.62471,57.88601],[18.62486,57.88619],[18.62507,57.88642],[18.6253,57.88663],[18.62553,57.88685],[18.62572,57.88704],[18.62595,57.88724],[18.62616,57.88739],[18.6264,57.88755],[18.62664,57.88772],[18.62694,57.88795],[18.62731,57.88821],[18.62755,57.88839],[18.62777,57.88853],[18.62804,57.88871],[18.62828,57.88886],[18.62859,57.88905],[18.62889,57.88924],[18.62927,57.88947],[18.62977,57.88977],[18.63017,57.88999],[18.63063,57.89026],[18.63098,57.89046],[18.63126,57.89062],[18.63145,57.89075],[18.63162,57.89085],[18.63189,57.891],[18.63248,57.89133],[18.63312,57.89169],[18.63355,57.89194],[18.63404,57.89219],[18.63429,57.89232],[18.63457,57.89246],[18.63492,57.89263],[18.63575,57.89302],[18.63608,57.89319],[18.63641,57.89336],[18.63676,57.89353],[18.63707,57.8937],[18.63727,57.89381],[18.63758,57.89395],[18.63792,57.89411],[18.63821,57.89427],[18.6385,57.89444],[18.63867,57.89455],[18.6388,57.89463],[18.63891,57.89468],[18.63909,57.89473],[18.63928,57.89478],[18.63971,57.89497],[18.63991,57.89504],[18.64011,57.89508],[18.6403,57.89515],[18.64043,57.89519],[18.64058,57.89521],[18.64078,57.89526],[18.64116,57.8954],[18.64155,57.89552],[18.6417,57.89556],[18.64188,57.8956],[18.64211,57.89566],[18.64242,57.89578],[18.64272,57.89588],[18.64307,57.89597],[18.64328,57.89603],[18.64372,57.89619],[18.64408,57.89627],[18.64461,57.89644],[18.64515,57.89659],[18.6455,57.89668],[18.64563,57.89673],[18.64582,57.89679],[18.64652,57.89703],[18.64665,57.89708],[18.64689,57.89714],[18.6474,57.89735],[18.64757,57.89742],[18.64766,57.89745],[18.64795,57.89756],[18.64806,57.89761],[18.64825,57.89769],[18.64858,57.89781],[18.64866,57.89784],[18.64872,57.89786],[18.64909,57.898],[18.64929,57.89806],[18.64955,57.89813],[18.6496,57.89815],[18.64971,57.8982],[18.64994,57.89827],[18.65018,57.89835],[18.65085,57.89857],[18.6511,57.89867],[18.65149,57.8988],[18.65216,57.89907],[18.65226,57.89911],[18.65267,57.89925],[18.65338,57.8995],[18.6535,57.89955],[18.65369,57.89962],[18.65379,57.89967],[18.65441,57.89988],[18.65456,57.89992],[18.65468,57.89995],[18.65486,57.9],[18.65547,57.90022],[18.65572,57.90031],[18.65596,57.90039],[18.65609,57.90044],[18.65618,57.90048],[18.65627,57.90051],[18.65634,57.90054],[18.65704,57.90079],[18.65721,57.90086],[18.6577,57.90104],[18.65825,57.90126],[18.65837,57.90131],[18.6585,57.90137],[18.65874,57.90148],[18.65895,57.90156],[18.65918,57.90165],[18.65937,57.90172],[18.65959,57.9018],[18.6598,57.90188],[18.66012,57.90203],[18.66049,57.9022],[18.66102,57.90242],[18.66141,57.90258],[18.6619,57.90281],[18.66227,57.90298],[18.66275,57.9032],[18.66314,57.90341],[18.66363,57.90369],[18.66402,57.90394],[18.66421,57.90407],[18.66438,57.90419],[18.66466,57.90436],[18.66488,57.90453],[18.66518,57.90472],[18.66535,57.90484],[18.66574,57.90506],[18.66595,57.90518],[18.66631,57.90538],[18.66688,57.90568],[18.66718,57.90582],[18.66748,57.90595],[18.66753,57.90601],[18.66761,57.90608],[18.6677,57.90612],[18.66785,57.90617],[18.66805,57.90622],[18.66837,57.90634],[18.66866,57.90647],[18.66889,57.90657],[18.66938,57.90684],[18.66938,57.90691],[18.66933,57.90699],[18.66929,57.90704],[18.66929,57.90704],[18.6693,57.90707],[18.6693,57.90707],[18.66931,57.90707],[18.66931,57.90707],[18.6694,57.90702],[18.66946,57.90695],[18.66952,57.90692],[18.66964,57.90692],[18.66986,57.90698],[18.67009,57.90704],[18.67049,57.9072],[18.67075,57.9073],[18.67096,57.90736],[18.67123,57.90746],[18.67148,57.9076],[18.67177,57.90772],[18.67234,57.90798],[18.6729,57.90822],[18.67326,57.90836],[18.67449,57.90896],[18.67502,57.90918],[18.67575,57.90953],[18.67637,57.90972],[18.67735,57.91014],[18.67762,57.91025],[18.67787,57.91036],[18.67836,57.91051],[18.67864,57.91064],[18.67896,57.91075],[18.67921,57.91086],[18.67954,57.91097],[18.67979,57.91112],[18.68012,57.91127],[18.6802,57.91136],[18.68065,57.91151],[18.68085,57.91159],[18.68098,57.91164],[18.68264,57.91233],[18.68283,57.91243],[18.6835,57.91271],[18.68386,57.91284],[18.68449,57.91307],[18.68479,57.91325],[18.68521,57.91344],[18.68549,57.91362],[18.68574,57.91374],[18.68605,57.91387],[18.68679,57.91424],[18.68709,57.91442],[18.68774,57.91468],[18.68804,57.91484],[18.68858,57.9152],[18.68894,57.91542],[18.68902,57.91553],[18.689,57.91557],[18.6888,57.91571],[18.6888,57.91571],[18.68881,57.91574],[18.68881,57.91574],[18.68886,57.91576],[18.68886,57.91576],[18.68886,57.91576],[18.68892,57.91571],[18.68895,57.91567],[18.68905,57.91562],[18.68913,57.9156],[18.68928,57.91568],[18.68965,57.9159],[18.6901,57.91619],[18.69056,57.91652],[18.69082,57.9167],[18.6911,57.9169],[18.69156,57.91722],[18.69186,57.91744],[18.69185,57.91749],[18.69178,57.91753],[18.69173,57.91754],[18.69173,57.91754],[18.69173,57.91754],[18.69173,57.91754],[18.69173,57.91754],[18.69182,57.91755],[18.6919,57.91755],[18.6919,57.91755],[18.69194,57.91753],[18.692,57.91757],[18.69208,57.91764],[18.69217,57.9177],[18.69233,57.9178],[18.69248,57.91788],[18.69257,57.91793],[18.69272,57.91803],[18.69291,57.91815],[18.69309,57.91829],[18.6933,57.91848],[18.69338,57.91853],[18.69353,57.91868],[18.69357,57.9187],[18.69373,57.91881],[18.69387,57.91886],[18.69391,57.91893],[18.69386,57.91899],[18.69375,57.91903],[18.69365,57.91905],[18.69359,57.91908],[18.69359,57.91908],[18.69359,57.91908],[18.69359,57.91908],[18.69369,57.9191],[18.69376,57.91913],[18.69386,57.91917],[18.69392,57.91917],[18.69392,57.91917],[18.694,57.91911],[18.69406,57.91912],[18.69415,57.91917],[18.6942,57.9192],[18.69424,57.91924],[18.69424,57.91933],[18.69426,57.91938],[18.6943,57.91942],[18.69438,57.91948],[18.69447,57.9195],[18.69454,57.91953],[18.6946,57.91954],[18.6946,57.91954],[18.6946,57.91954],[18.69463,57.91952],[18.69476,57.91959],[18.69489,57.9197],[18.69499,57.91977],[18.69514,57.91989],[18.69523,57.91996],[18.69533,57.92005],[18.69543,57.92011],[18.69551,57.92018],[18.69556,57.92027],[18.69566,57.92036],[18.6957,57.92039],[18.69574,57.92044],[18.69575,57.92049],[18.69584,57.92058],[18.69593,57.92062],[18.69602,57.92067],[18.69614,57.9207],[18.69623,57.92075],[18.69639,57.92083],[18.69645,57.92087],[18.69649,57.9209],[18.6965,57.92097],[18.69645,57.92104],[18.69642,57.92111],[18.69637,57.92117],[18.69635,57.92122],[18.6963,57.92127],[18.6963,57.92127],[18.69633,57.92131],[18.69633,57.92131],[18.69641,57.92132],[18.69649,57.92139],[18.69658,57.92142],[18.69658,57.92142],[18.69658,57.92142],[18.69661,57.92141],[18.69668,57.92136],[18.69682,57.92135],[18.6969,57.92135],[18.69706,57.92131],[18.69713,57.9213],[18.69727,57.92132],[18.69729,57.92139],[18.69725,57.92145],[18.69714,57.92148],[18.69707,57.92149],[18.69707,57.92149],[18.69703,57.92152],[18.69702,57.92156],[18.69698,57.92161],[18.69698,57.92161],[18.69698,57.92161],[18.69708,57.92164],[18.69714,57.92165],[18.69724,57.92167],[18.69735,57.92171],[18.69741,57.92172],[18.6975,57.92175],[18.6976,57.92178],[18.69762,57.92182],[18.69762,57.92183],[18.69771,57.92184],[18.69781,57.92188],[18.69792,57.92191],[18.69793,57.92194],[18.69793,57.92195],[18.69793,57.92195],[18.69793,57.92195],[18.69793,57.92195],[18.69797,57.92192],[18.69806,57.92185],[18.69813,57.92178],[18.69822,57.92176],[18.69814,57.92184],[18.69809,57.92189],[18.69804,57.92193],[18.69796,57.92197],[18.69796,57.92197],[18.69796,57.92197],[18.69804,57.922],[18.69814,57.92205],[18.69822,57.9221],[18.69833,57.92216],[18.69831,57.92222],[18.69827,57.92228],[18.69827,57.92233],[18.69821,57.92233],[18.69821,57.92233],[18.69821,57.92233],[18.69821,57.92235],[18.69823,57.92237],[18.69826,57.92238],[18.69823,57.92243],[18.69823,57.92243],[18.69826,57.92244],[18.69827,57.92244],[18.69827,57.92244],[18.69832,57.9224],[18.69841,57.9224],[18.6985,57.92242],[18.69859,57.92243],[18.69871,57.92245],[18.69886,57.92247],[18.69897,57.92247],[18.69905,57.92248],[18.69914,57.92251],[18.69924,57.92255],[18.69936,57.92257],[18.69936,57.92257],[18.69947,57.92256],[18.69948,57.92256],[18.69948,57.92256],[18.69947,57.92252],[18.69946,57.92246],[18.69946,57.92246],[18.69943,57.92243],[18.69935,57.92241],[18.6993,57.92239],[18.69932,57.92234],[18.69935,57.9223],[18.69941,57.92227],[18.69949,57.92223],[18.69956,57.92218],[18.69958,57.92216],[18.69958,57.92216],[18.69957,57.9221],[18.69955,57.92201],[18.69979,57.92186],[18.69992,57.9218],[18.70004,57.92179],[18.7002,57.92176],[18.70035,57.92176],[18.7005,57.9218],[18.70053,57.92187],[18.70059,57.92191],[18.70059,57.92191],[18.70059,57.92191],[18.7007,57.92189],[18.70071,57.92189],[18.7007,57.92179],[18.70076,57.92172],[18.70083,57.92166],[18.70097,57.92163],[18.70132,57.92163],[18.7015,57.92164],[18.70163,57.92164],[18.70193,57.92166],[18.70239,57.9217],[18.70288,57.92177],[18.70323,57.92183],[18.70347,57.92186],[18.7037,57.92191],[18.70381,57.92193],[18.70401,57.92196],[18.70414,57.922],[18.70431,57.92207],[18.70433,57.92211],[18.70438,57.92214],[18.70456,57.92219],[18.7047,57.92221],[18.70479,57.92224],[18.70486,57.92232],[18.70486,57.92232],[18.70503,57.92238],[18.7052,57.92243],[18.7053,57.92247],[18.70538,57.92254],[18.70546,57.9226],[18.70552,57.92262],[18.70552,57.92262],[18.70564,57.92259],[18.70572,57.9226],[18.70583,57.92264],[18.70593,57.9227],[18.706,57.92276],[18.70606,57.9228],[18.70623,57.92282],[18.70637,57.92285],[18.7065,57.92289],[18.70663,57.92292],[18.70676,57.92292],[18.70689,57.92292],[18.70702,57.92291],[18.70712,57.92289],[18.70718,57.92287],[18.7073,57.92284],[18.70741,57.92282],[18.70753,57.92283],[18.70764,57.92286],[18.70777,57.92288],[18.70777,57.92288],[18.70789,57.92286],[18.70799,57.92281],[18.7081,57.92278],[18.70819,57.92276],[18.70825,57.92276],[18.70841,57.92275],[18.70852,57.92273],[18.70864,57.92269],[18.70888,57.92272],[18.709,57.92273],[18.70909,57.92274],[18.70919,57.92273],[18.7093,57.92271],[18.70938,57.92271],[18.70949,57.92273],[18.70957,57.92272],[18.70957,57.92272],[18.70965,57.92265],[18.70983,57.92265],[18.70993,57.92266],[18.71003,57.92267],[18.71009,57.9227],[18.71018,57.92276],[18.71023,57.92281],[18.71023,57.92281],[18.71023,57.92281],[18.71029,57.9228],[18.71037,57.92287],[18.71044,57.92291],[18.71056,57.92291],[18.71066,57.9229],[18.71066,57.9229],[18.71073,57.92284],[18.71082,57.92285],[18.71081,57.9229],[18.71074,57.92297],[18.71074,57.92297],[18.71078,57.923],[18.71079,57.923],[18.71089,57.92301],[18.71103,57.92302],[18.7112,57.92307],[18.71134,57.92313],[18.71146,57.92318],[18.71148,57.92323],[18.71148,57.92331],[18.71149,57.92337],[18.71149,57.92345],[18.71142,57.92351],[18.71141,57.92358],[18.71139,57.92364],[18.71142,57.92371],[18.71142,57.92371],[18.71142,57.92371],[18.71142,57.92371],[18.71147,57.9237],[18.7115,57.92366],[18.71161,57.92341],[18.71164,57.92332],[18.7117,57.92332],[18.71182,57.92332],[18.71189,57.92332],[18.71191,57.92332],[18.71195,57.92333],[18.712,57.92334],[18.71207,57.92334],[18.71268,57.92352],[18.71273,57.92353],[18.71282,57.92357],[18.71289,57.92356],[18.71292,57.92355],[18.71299,57.92352],[18.71306,57.92351],[18.7131,57.92353],[18.71319,57.92355],[18.71325,57.9236],[18.71328,57.92365],[18.71331,57.92366],[18.71335,57.9237],[18.7134,57.92371],[18.7134,57.92371],[18.71348,57.92367],[18.71351,57.92361],[18.71351,57.92361],[18.71351,57.92361],[18.71343,57.92357],[18.71346,57.92351],[18.7135,57.92351],[18.7135,57.92351],[18.71357,57.92345],[18.71366,57.92343],[18.7137,57.92344],[18.71375,57.92344],[18.71383,57.92345],[18.71394,57.92346],[18.71399,57.92346],[18.71418,57.92346],[18.71423,57.92346],[18.71433,57.92341],[18.7144,57.92339],[18.71455,57.92336],[18.71461,57.92339],[18.71461,57.92339],[18.71469,57.9234],[18.71469,57.9234],[18.71471,57.92337],[18.71483,57.92339],[18.71489,57.92341],[18.7149,57.92341],[18.71502,57.92338],[18.71508,57.92334],[18.71508,57.92334],[18.71508,57.92328],[18.71505,57.92322],[18.71508,57.9232],[18.71516,57.92327],[18.71522,57.92331],[18.71529,57.92333],[18.71534,57.92334],[18.71539,57.92335],[18.71539,57.92335],[18.7155,57.92333],[18.71559,57.92334],[18.71562,57.92337],[18.71564,57.92343],[18.71567,57.92347],[18.71571,57.92354],[18.71569,57.92359],[18.71568,57.92362],[18.7156,57.92366],[18.71553,57.92367],[18.71544,57.92369],[18.71537,57.92372],[18.71533,57.92375],[18.71526,57.92381],[18.71524,57.92384],[18.71522,57.92387],[18.71516,57.92393],[18.71511,57.92397],[18.71512,57.92401],[18.71512,57.92401],[18.71512,57.92401],[18.71518,57.92401],[18.71517,57.92408],[18.71517,57.92408],[18.71517,57.92408],[18.71517,57.92408],[18.71528,57.92407],[18.71532,57.92406],[18.71532,57.92406],[18.71532,57.92406],[18.71532,57.92406],[18.71526,57.92404],[18.71531,57.924],[18.71531,57.924],[18.71528,57.92396],[18.71532,57.92394],[18.7154,57.9239],[18.71543,57.92389],[18.71551,57.92391],[18.71555,57.92393],[18.71555,57.92393],[18.71555,57.92393],[18.71573,57.92383],[18.71577,57.92382],[18.71585,57.9238],[18.71598,57.92378],[18.71607,57.92379],[18.71619,57.92383],[18.71631,57.92388],[18.71636,57.92393],[18.71637,57.92398],[18.71631,57.92403],[18.7163,57.92408],[18.71624,57.9241],[18.71624,57.9241],[18.71624,57.92414],[18.71624,57.92414],[18.71624,57.92414],[18.71624,57.92414],[18.71624,57.92414],[18.71631,57.9241],[18.71635,57.92411],[18.7164,57.92411],[18.7164,57.92411],[18.71646,57.92408],[18.71651,57.9241],[18.71643,57.92416],[18.71627,57.92427],[18.71612,57.92437],[18.71612,57.92437],[18.71612,57.92437],[18.71615,57.92438],[18.71615,57.92438],[18.71615,57.92438],[18.7163,57.92427],[18.71659,57.92409],[18.71666,57.92409],[18.71664,57.92411],[18.71658,57.92416],[18.71652,57.9242],[18.71646,57.92423],[18.71646,57.92423],[18.71646,57.92423],[18.71648,57.92426],[18.71649,57.92432],[18.71647,57.92441],[18.71644,57.92448],[18.7164,57.9246],[18.7164,57.9246],[18.71644,57.92463],[18.71644,57.92463],[18.71651,57.92464],[18.71661,57.92463],[18.71665,57.92463],[18.71669,57.92467],[18.71673,57.92473],[18.71673,57.92473],[18.7168,57.92474],[18.71688,57.92471],[18.71691,57.92471],[18.71695,57.92474],[18.71706,57.92478],[18.71718,57.92482],[18.71719,57.92484],[18.71722,57.92486],[18.71722,57.92486],[18.71727,57.92486],[18.71734,57.92487],[18.7174,57.92489],[18.71749,57.92492],[18.71749,57.92492],[18.7176,57.92491],[18.7176,57.92491],[18.71766,57.92488],[18.71766,57.92488],[18.71764,57.92484],[18.71764,57.92484],[18.71757,57.92483],[18.71747,57.92478],[18.71738,57.92474],[18.71733,57.92471],[18.71733,57.92471],[18.71727,57.9247],[18.71727,57.9247],[18.71727,57.9247],[18.71727,57.9247],[18.71727,57.9247],[18.71727,57.92473],[18.71717,57.92472],[18.71714,57.9247],[18.71705,57.92464],[18.71697,57.92458],[18.71698,57.92454],[18.71716,57.92459],[18.71723,57.9246],[18.71723,57.9246],[18.71723,57.92459],[18.71723,57.92459],[18.71723,57.92458],[18.7172,57.92454],[18.71718,57.9245],[18.71715,57.92445],[18.71714,57.92441],[18.71716,57.92438],[18.71719,57.92433],[18.71719,57.92428],[18.71723,57.92426],[18.71729,57.92426],[18.71738,57.92424],[18.71738,57.92424],[18.7174,57.92419],[18.71744,57.92414],[18.71749,57.92406],[18.71749,57.92406],[18.71743,57.924],[18.7173,57.92394],[18.71727,57.92386],[18.71726,57.92377],[18.71728,57.92371],[18.71722,57.92363],[18.71715,57.92359],[18.71701,57.9235],[18.71701,57.92345],[18.7171,57.9234],[18.71725,57.92343],[18.71742,57.92345],[18.71749,57.92345],[18.71767,57.9235],[18.71788,57.92354],[18.71802,57.92357],[18.71816,57.92358],[18.71826,57.92359],[18.71838,57.92359],[18.71846,57.92361],[18.71857,57.9237],[18.7187,57.92373],[18.71884,57.92377],[18.71887,57.9238],[18.71887,57.92386],[18.71887,57.92386],[18.71901,57.92392],[18.7191,57.92398],[18.71916,57.92406],[18.71918,57.92415],[18.71917,57.92428],[18.71905,57.92436],[18.71892,57.9244],[18.71884,57.92443],[18.71875,57.92444],[18.71871,57.92439],[18.7187,57.92433],[18.71869,57.92429],[18.71869,57.92429],[18.71861,57.92428],[18.71861,57.92428],[18.71861,57.92428],[18.71856,57.92431],[18.71852,57.92441],[18.71852,57.92441],[18.71856,57.92448],[18.71859,57.92454],[18.71858,57.92458],[18.71854,57.92461],[18.71845,57.92462],[18.71838,57.92461],[18.71824,57.92458],[18.71817,57.92455],[18.71812,57.92449],[18.71803,57.92446],[18.71793,57.92443],[18.71783,57.92444],[18.71783,57.92444],[18.71783,57.92444],[18.71783,57.92444],[18.71783,57.92444],[18.71789,57.92446],[18.71799,57.92449],[18.71807,57.92451],[18.71813,57.9246],[18.71814,57.9246],[18.71822,57.92462],[18.71819,57.92466],[18.71812,57.92469],[18.71805,57.92468],[18.71795,57.92464],[18.71792,57.9246],[18.71794,57.92456],[18.71794,57.92456],[18.71793,57.92455],[18.71781,57.9245],[18.71771,57.92449],[18.71766,57.9245],[18.71762,57.92452],[18.71762,57.92456],[18.71762,57.92456],[18.7177,57.92462],[18.71775,57.92467],[18.71784,57.92471],[18.71796,57.92475],[18.71805,57.92479],[18.71807,57.92483],[18.71798,57.92483],[18.71798,57.92483],[18.71793,57.92486],[18.71794,57.9249],[18.71794,57.9249],[18.718,57.92492],[18.71809,57.92494],[18.71816,57.92498],[18.71816,57.92498],[18.71821,57.92498],[18.71829,57.92499],[18.71834,57.92505],[18.71834,57.92505],[18.71834,57.92505],[18.71841,57.92506],[18.71847,57.92508],[18.71851,57.92509],[18.71865,57.92512],[18.71872,57.92515],[18.71878,57.9252],[18.71877,57.92524],[18.71869,57.92528],[18.71861,57.92529],[18.71861,57.92529],[18.71858,57.9253],[18.71853,57.92533],[18.71845,57.92538],[18.71836,57.9254],[18.71834,57.92543],[18.71834,57.92543],[18.71836,57.92547],[18.71838,57.9255],[18.71838,57.9255],[18.71847,57.92553],[18.71847,57.92553],[18.71847,57.92553],[18.71854,57.9255],[18.71866,57.92545],[18.71877,57.92543],[18.71891,57.92543],[18.71896,57.92544],[18.71901,57.92546],[18.71904,57.92549],[18.7191,57.92552],[18.71921,57.92555],[18.71931,57.92557],[18.71938,57.9256],[18.71948,57.92564],[18.71963,57.92566],[18.71963,57.92566],[18.71963,57.92566],[18.71966,57.9256],[18.71971,57.92558],[18.71984,57.92558],[18.71994,57.92556],[18.72005,57.92556],[18.7201,57.92558],[18.72027,57.92569],[18.72033,57.92574],[18.7204,57.9258],[18.72044,57.92585],[18.72045,57.92589],[18.72045,57.92589],[18.72056,57.92591],[18.72062,57.92595],[18.72064,57.926],[18.72067,57.92606],[18.7207,57.92613],[18.72066,57.92618],[18.72059,57.9262],[18.72053,57.92621],[18.72041,57.92623],[18.72031,57.92625],[18.72021,57.92627],[18.72011,57.9263],[18.71998,57.92635],[18.71993,57.92637],[18.71982,57.92638],[18.71971,57.92642],[18.7197,57.92642],[18.71967,57.92646],[18.71968,57.92651],[18.71973,57.92654],[18.71973,57.92657],[18.71973,57.92657],[18.71973,57.92657],[18.7198,57.92658],[18.7198,57.92658],[18.71987,57.92657],[18.71987,57.92657],[18.71994,57.92653],[18.72002,57.92649],[18.72015,57.92644],[18.72027,57.92645],[18.72034,57.92647],[18.72039,57.92648],[18.72039,57.92648],[18.72039,57.92648],[18.72043,57.92645],[18.72052,57.92641],[18.72064,57.92637],[18.72067,57.92633],[18.72074,57.92629],[18.72081,57.92629],[18.72084,57.92632],[18.72092,57.92636],[18.72094,57.9264],[18.72095,57.92646],[18.72094,57.92651],[18.72089,57.92654],[18.72082,57.92655],[18.72069,57.92654],[18.72068,57.92654],[18.72068,57.92654],[18.72068,57.92654],[18.72067,57.92658],[18.72067,57.92658],[18.72072,57.9266],[18.72072,57.9266],[18.72089,57.92663],[18.72102,57.92665],[18.72113,57.92669],[18.72123,57.92675],[18.72131,57.92676],[18.72137,57.92682],[18.72138,57.92682],[18.72146,57.92685],[18.72154,57.92686],[18.72161,57.92687],[18.7217,57.92693],[18.72176,57.92699],[18.72179,57.92702],[18.72181,57.92706],[18.72185,57.92711],[18.72188,57.92715],[18.72188,57.92721],[18.72186,57.92727],[18.72182,57.92732],[18.72178,57.92737],[18.72178,57.92737],[18.7218,57.9274],[18.72186,57.92742],[18.72198,57.92746],[18.72209,57.92749],[18.72216,57.92749],[18.72228,57.92748],[18.72225,57.92752],[18.72217,57.92757],[18.72217,57.92757],[18.72217,57.92757],[18.72222,57.9276],[18.72233,57.92764],[18.72239,57.92766],[18.72239,57.92766],[18.72249,57.92764],[18.72254,57.92766],[18.72251,57.92771],[18.72234,57.92779],[18.72228,57.92783],[18.72222,57.92787],[18.72215,57.9279],[18.72206,57.92796],[18.72202,57.92799],[18.72202,57.92799],[18.72202,57.92799],[18.72211,57.92802],[18.72217,57.92802],[18.72225,57.92803],[18.72225,57.92803],[18.72231,57.928],[18.72236,57.928],[18.72243,57.92799],[18.72253,57.92801],[18.72264,57.92801],[18.72273,57.928],[18.72282,57.92802],[18.72293,57.92805],[18.72306,57.92804],[18.72317,57.92806],[18.72327,57.92808],[18.72338,57.92808],[18.72358,57.9281],[18.72367,57.92812],[18.72375,57.92815],[18.724,57.9282],[18.72432,57.92839],[18.72448,57.9285],[18.72468,57.92859],[18.72478,57.92865],[18.72483,57.92866],[18.72508,57.92874],[18.72509,57.92879],[18.72509,57.92879],[18.72514,57.92881],[18.72562,57.92887],[18.72575,57.9289],[18.72616,57.92896],[18.72645,57.92902],[18.72675,57.92906],[18.72704,57.92912],[18.72747,57.92922],[18.72771,57.92925],[18.72836,57.92935],[18.72853,57.92938],[18.72951,57.92953],[18.73042,57.92971],[18.73062,57.92973],[18.73088,57.92974],[18.73106,57.92975],[18.73137,57.92976],[18.73169,57.92971],[18.73231,57.92964],[18.73261,57.92962],[18.73298,57.92957],[18.73381,57.92947],[18.73417,57.9294],[18.73481,57.92928],[18.73551,57.92917],[18.73592,57.9291],[18.73647,57.92897],[18.73696,57.92886],[18.73748,57.92872],[18.738,57.92854],[18.73874,57.92828],[18.7393,57.9281],[18.7393,57.9281],[18.7393,57.9281],[18.7393,57.9281],[18.73727,57.92691],[18.73724,57.92689],[18.73724,57.92689],[18.73724,57.92688],[18.73706,57.92692],[18.73656,57.92707],[18.73637,57.92717],[18.73637,57.92717],[18.73633,57.92723],[18.73633,57.92737],[18.73623,57.92753],[18.73606,57.92767],[18.73575,57.92786],[18.73552,57.928],[18.73532,57.92808],[18.73516,57.9282],[18.735,57.92837],[18.73483,57.92847],[18.73472,57.92849],[18.73461,57.9285],[18.7343,57.92851],[18.73399,57.9285],[18.73352,57.92853],[18.73321,57.92856],[18.73288,57.92858],[18.73246,57.92855],[18.73209,57.92853],[18.73176,57.92854],[18.7315,57.92858],[18.73125,57.92862],[18.73118,57.92863],[18.73108,57.92863],[18.72843,57.92841],[18.72843,57.92841],[18.72843,57.92841],[18.72834,57.92854],[18.72607,57.92768],[18.72524,57.92707],[18.72534,57.92696],[18.72745,57.92473],[18.73054,57.92145],[18.73149,57.92044],[18.73637,57.9219],[18.73692,57.92207],[18.73775,57.92232],[18.73813,57.92244],[18.73813,57.92244],[18.73813,57.92244],[18.739,57.9218],[18.73965,57.92133],[18.74238,57.92239],[18.74277,57.92254],[18.74315,57.92269],[18.74423,57.92329],[18.74459,57.92354],[18.74468,57.92362],[18.74528,57.92407],[18.74629,57.92463],[18.74629,57.92463],[18.74833,57.9244],[18.74834,57.9244],[18.74834,57.9244],[18.74825,57.92428],[18.74805,57.92399],[18.74951,57.92369],[18.74975,57.92403],[18.7498,57.9241],[18.74986,57.92419],[18.74987,57.92419],[18.74987,57.92419],[18.7499,57.92418],[18.74998,57.92417],[18.75014,57.92412],[18.75032,57.92401],[18.75046,57.92395],[18.75076,57.92371],[18.75082,57.92363],[18.75112,57.92333],[18.75126,57.9232],[18.75163,57.92291],[18.75223,57.92254],[18.75269,57.92228],[18.75327,57.92184],[18.75342,57.92176],[18.75394,57.92141],[18.75437,57.92108],[18.7547,57.92081],[18.75499,57.92049],[18.75522,57.92027],[18.75535,57.92011],[18.75558,57.91979],[18.75574,57.91949],[18.75583,57.91919],[18.75581,57.91907],[18.75581,57.91889],[18.75589,57.91863],[18.75592,57.91827],[18.75593,57.91783],[18.7559,57.91774],[18.75597,57.91752],[18.75621,57.91701],[18.75644,57.91645],[18.75666,57.91598],[18.75685,57.91561],[18.75717,57.91516],[18.75734,57.91499],[18.75742,57.91493],[18.75753,57.91481],[18.75771,57.91465],[18.75787,57.91447],[18.75796,57.91434],[18.75814,57.9142],[18.75831,57.91406],[18.7584,57.91397],[18.75855,57.91384],[18.75863,57.91371],[18.75878,57.91356],[18.75894,57.91339],[18.75913,57.91314],[18.75932,57.91287],[18.75948,57.91262],[18.75963,57.91239],[18.75983,57.91215],[18.75999,57.91196],[18.76006,57.91186],[18.76056,57.91135],[18.76096,57.91093],[18.76143,57.91041],[18.76177,57.91005],[18.76216,57.90959],[18.76266,57.90912],[18.76322,57.90856],[18.76357,57.90819],[18.7639,57.90782],[18.76392,57.90781],[18.76403,57.9077],[18.76416,57.90756],[18.76427,57.90745],[18.76445,57.90725],[18.76449,57.90721],[18.7647,57.90696],[18.76478,57.90677],[18.76485,57.90657],[18.76486,57.90632],[18.7648,57.90616],[18.76474,57.9061],[18.76451,57.90589],[18.76439,57.90582],[18.76433,57.90576],[18.76406,57.90552],[18.76399,57.90545],[18.76395,57.90539],[18.76391,57.90524],[18.76391,57.90515],[18.76393,57.90497],[18.76394,57.90492],[18.76402,57.90465],[18.7641,57.90442],[18.76413,57.90425],[18.76418,57.90407],[18.7642,57.90395],[18.76425,57.90383],[18.76428,57.90373],[18.76429,57.90349],[18.76428,57.9034],[18.76428,57.9034],[18.7636,57.9032],[18.7595,57.90198],[18.7567,57.90115],[18.75638,57.90105],[18.7562,57.901],[18.75414,57.90039],[18.75258,57.89993],[18.75202,57.89976],[18.75033,57.8984],[18.74914,57.89743],[18.74811,57.89659],[18.74811,57.89659],[18.7481,57.89659],[18.7481,57.89659],[18.74704,57.89754],[18.74637,57.89815],[18.74621,57.8983],[18.74604,57.89843],[18.74585,57.89857],[18.74566,57.8987],[18.74551,57.89879],[18.74534,57.89888],[18.74393,57.89963],[18.74203,57.90062],[18.74073,57.90128],[18.73948,57.90192],[18.73931,57.902],[18.73912,57.90209],[18.73894,57.90216],[18.73873,57.90224],[18.7386,57.90228],[18.73844,57.90232],[18.73831,57.90235],[18.73816,57.90238],[18.73774,57.90252],[18.73773,57.90252],[18.73774,57.90252],[18.738,57.90276],[18.73811,57.90287],[18.7382,57.90295],[18.73829,57.90305],[18.73569,57.90416],[18.73158,57.90725],[18.73019,57.90742],[18.72934,57.90737],[18.72934,57.90737],[18.72934,57.90737],[18.72833,57.90891],[18.72833,57.90891],[18.72833,57.90891],[18.73006,57.91026],[18.73023,57.91035],[18.73576,57.91313],[18.73557,57.91328],[18.73241,57.91582],[18.73138,57.91664],[18.73117,57.91652],[18.72992,57.91585],[18.72827,57.91496],[18.72661,57.91406],[18.72634,57.91392],[18.72634,57.91392],[18.72634,57.91392],[18.72634,57.91392],[18.72634,57.91392],[18.72634,57.91401],[18.72633,57.9142],[18.72634,57.91439],[18.72632,57.91465],[18.72628,57.91492],[18.72626,57.91503],[18.72625,57.91524],[18.72624,57.91545],[18.72623,57.91567],[18.72623,57.91585],[18.72622,57.91597],[18.7262,57.91618],[18.72619,57.91628],[18.72617,57.91637],[18.72613,57.91647],[18.72609,57.91656],[18.72606,57.91662],[18.72579,57.91704],[18.72575,57.9171],[18.72572,57.91716],[18.72569,57.91721],[18.72567,57.91727],[18.72565,57.91732],[18.72563,57.91739],[18.72562,57.91744],[18.72561,57.9175],[18.72561,57.91755],[18.72562,57.9176],[18.72564,57.91764],[18.72565,57.91768],[18.72566,57.91771],[18.72566,57.91775],[18.72565,57.91778],[18.72563,57.91781],[18.72562,57.91783],[18.7256,57.91786],[18.72557,57.91789],[18.72554,57.91792],[18.72552,57.91794],[18.72548,57.91796],[18.72544,57.91799],[18.72537,57.91803],[18.72537,57.91803],[18.72537,57.91803],[18.72646,57.91868],[18.72663,57.91878],[18.7268,57.91887],[18.72698,57.91896],[18.72717,57.91904],[18.7255,57.92005],[18.72425,57.91917],[18.72329,57.91694],[18.72329,57.91694],[18.72283,57.91666],[18.71841,57.91402],[18.71511,57.91204],[18.71318,57.91089],[18.71318,57.91089],[18.71317,57.91089],[18.71268,57.91095],[18.71268,57.91095],[18.71218,57.91132],[18.71149,57.91106],[18.71233,57.91043],[18.71233,57.91043],[18.71233,57.91043],[18.71171,57.91014],[18.71156,57.91007],[18.7114,57.91001],[18.71124,57.90994],[18.71108,57.90988],[18.71092,57.90982],[18.71075,57.90976],[18.71059,57.90971],[18.71042,57.90965],[18.70853,57.90906],[18.70853,57.90906],[18.70853,57.90906],[18.70643,57.91068],[18.70243,57.90913],[18.70242,57.90913],[18.70242,57.90913],[18.70242,57.90913],[18.70224,57.90932],[18.70217,57.90939],[18.7021,57.90945],[18.70197,57.90955],[18.70183,57.90965],[18.70169,57.90975],[18.70138,57.90994],[18.70121,57.91004],[18.70104,57.91012],[18.70087,57.91021],[18.70067,57.91028],[18.70047,57.91036],[18.70027,57.91042],[18.70005,57.91048],[18.69962,57.9106],[18.69952,57.91063],[18.69942,57.91065],[18.69931,57.91068],[18.69921,57.91071],[18.69911,57.91074],[18.69901,57.91077],[18.69892,57.91081],[18.69882,57.91084],[18.69871,57.91089],[18.69857,57.91094],[18.69843,57.91098],[18.69827,57.91101],[18.69811,57.91103],[18.69804,57.91103],[18.69794,57.91101],[18.69786,57.91098],[18.69778,57.91095],[18.69766,57.9109],[18.69752,57.91087],[18.69737,57.91084],[18.69721,57.91084],[18.69709,57.91085],[18.69694,57.91088],[18.6968,57.91091],[18.69666,57.91095],[18.6962,57.9111],[18.69573,57.91125],[18.69554,57.91131],[18.69535,57.91135],[18.69514,57.91139],[18.69494,57.91142],[18.69473,57.91145],[18.69452,57.91148],[18.69432,57.91152],[18.69412,57.91156],[18.6934,57.91174],[18.69318,57.91178],[18.69299,57.9118],[18.69277,57.9118],[18.69247,57.91179],[18.69207,57.91176],[18.69144,57.91166],[18.69085,57.91158],[18.69025,57.91147],[18.68968,57.91144],[18.689,57.91142],[18.68835,57.9114],[18.68794,57.91136],[18.68755,57.91128],[18.68724,57.91116],[18.68674,57.91099],[18.68607,57.91079],[18.68553,57.9106],[18.68528,57.91049],[18.68513,57.91034],[18.685,57.91026],[18.68496,57.91024],[18.68465,57.9101],[18.68437,57.90995],[18.68403,57.90983],[18.68373,57.9098],[18.68335,57.9098],[18.68314,57.90979],[18.68288,57.90973],[18.68265,57.9097],[18.68231,57.90973],[18.68205,57.90974],[18.68179,57.90971],[18.68138,57.90965],[18.68119,57.90961],[18.68052,57.90937],[18.68014,57.90923],[18.67991,57.90918],[18.6796,57.90906],[18.67929,57.90898],[18.67906,57.90895],[18.67883,57.90889],[18.67857,57.90875],[18.67845,57.90865],[18.67814,57.90846],[18.67782,57.90835],[18.67754,57.90827],[18.67731,57.90814],[18.6769,57.90786],[18.67645,57.90762],[18.67625,57.90743],[18.67603,57.90721],[18.67581,57.90698],[18.67559,57.90677],[18.67541,57.90664],[18.67515,57.90651],[18.67465,57.90629],[18.67428,57.9061],[18.67391,57.90587],[18.67369,57.90568],[18.67354,57.90547],[18.67348,57.90525],[18.67334,57.90507],[18.67318,57.90495],[18.67305,57.90487],[18.67289,57.90482],[18.6727,57.90473],[18.67224,57.90448],[18.67206,57.90437],[18.67194,57.90432],[18.67148,57.90415],[18.67074,57.90385],[18.67041,57.90371],[18.67043,57.90363],[18.67048,57.90348],[18.67051,57.90337],[18.67055,57.90329],[18.67059,57.9032],[18.67066,57.9031],[18.67074,57.90301],[18.67087,57.90285],[18.671,57.90273],[18.67106,57.90266],[18.67109,57.90261],[18.67115,57.90249],[18.67121,57.90237],[18.67139,57.90218],[18.67148,57.90209],[18.67152,57.90201],[18.67153,57.90179],[18.67152,57.90165],[18.67158,57.90148],[18.6717,57.90125],[18.67174,57.90098],[18.67173,57.90081],[18.67172,57.90078],[18.67777,57.89704],[18.67896,57.8968],[18.68127,57.89653],[18.68162,57.89649],[18.68197,57.89641],[18.68227,57.89634],[18.68278,57.89609],[18.68318,57.89597],[18.68331,57.89595],[18.68372,57.8959],[18.68411,57.89577],[18.68444,57.89563],[18.68459,57.89555],[18.68752,57.8965],[18.68786,57.89661],[18.68819,57.89673],[18.68852,57.89684],[18.68884,57.89696],[18.68913,57.89707],[18.68941,57.89719],[18.68968,57.89732],[18.68994,57.89744],[18.68994,57.89744],[18.68994,57.89744],[18.6902,57.89732],[18.69069,57.89707],[18.69142,57.89692],[18.69187,57.89725],[18.69201,57.8975],[18.69256,57.89786],[18.69256,57.89786],[18.69256,57.89786],[18.69597,57.89625],[18.70033,57.8942],[18.70033,57.8942],[18.69976,57.89283],[18.69919,57.89147],[18.69857,57.89],[18.69733,57.88703],[18.69676,57.88568],[18.69454,57.88413],[18.69291,57.88299],[18.69002,57.88098],[18.69024,57.88089],[18.69193,57.8802],[18.69385,57.87942],[18.69576,57.87864],[18.69576,57.87864],[18.69576,57.87864],[18.69497,57.8779],[18.6937,57.87675],[18.69192,57.87512],[18.69016,57.87352],[18.69016,57.87352],[18.69016,57.87352],[18.68715,57.87406],[18.68376,57.87468],[18.68155,57.87509],[18.68024,57.87532],[18.67061,57.87708],[18.66712,57.87771],[18.66524,57.87499],[18.66524,57.87499],[18.66524,57.87499],[18.66524,57.87499],[18.66135,57.87566],[18.66135,57.87566],[18.66135,57.87566],[18.66226,57.87859],[18.65105,57.88064],[18.65096,57.88048],[18.65091,57.8804],[18.65087,57.88033],[18.65084,57.88025],[18.65081,57.88017],[18.65078,57.88009],[18.65076,57.88],[18.65074,57.87992],[18.65073,57.87984],[18.65071,57.87968],[18.65071,57.87952],[18.65072,57.87936],[18.65074,57.8792],[18.65092,57.87808],[18.65111,57.87691],[18.65116,57.87664],[18.65118,57.87653],[18.65122,57.87642],[18.65127,57.87631],[18.65133,57.8762],[18.65141,57.87609],[18.6515,57.87599],[18.6516,57.87589],[18.65171,57.8758],[18.65187,57.87567],[18.65205,57.87553],[18.65218,57.87542],[18.65231,57.8753],[18.65243,57.87519],[18.65254,57.87507],[18.65265,57.87495],[18.65274,57.87482],[18.65283,57.87469],[18.65291,57.87456],[18.65307,57.87427],[18.6532,57.87406],[18.65327,57.87395],[18.65335,57.87384],[18.65349,57.87367],[18.65363,57.8735],[18.65377,57.87334],[18.65393,57.87318],[18.65409,57.87301],[18.65425,57.87284],[18.65442,57.87268],[18.65458,57.87251],[18.65458,57.87251],[18.64639,57.8675],[18.64519,57.86676],[18.64405,57.86607],[18.64292,57.86538],[18.64227,57.86458],[18.64377,57.86405],[18.64472,57.86377],[18.64638,57.86326],[18.64638,57.86326],[18.64638,57.86326],[18.64489,57.86185],[18.64973,57.86043],[18.64973,57.86043],[18.64973,57.86043],[18.64916,57.85987],[18.65209,57.85903],[18.65431,57.85839],[18.65542,57.85943],[18.65628,57.86023],[18.65628,57.86023],[18.65628,57.86023],[18.65648,57.86017],[18.65667,57.86009],[18.65686,57.86002],[18.65704,57.85994],[18.65721,57.85985],[18.65756,57.85968],[18.6579,57.85951],[18.65833,57.85928],[18.65874,57.85905],[18.65907,57.85885],[18.65939,57.85864],[18.66028,57.85804],[18.66078,57.85771],[18.66097,57.85759],[18.66117,57.85748],[18.66138,57.85737],[18.66159,57.85728],[18.66181,57.8572],[18.66204,57.85712],[18.66237,57.857],[18.66271,57.85688],[18.66306,57.85677],[18.66341,57.85667],[18.66365,57.8566],[18.6639,57.85654],[18.66415,57.85649],[18.66438,57.85645],[18.6646,57.8564],[18.66482,57.85634],[18.66503,57.85628],[18.66523,57.85621],[18.66542,57.85614],[18.66561,57.85607],[18.66579,57.85599],[18.66597,57.8559],[18.66608,57.85585],[18.66619,57.85579],[18.66619,57.85579],[18.66619,57.85579],[18.66369,57.85325],[18.65907,57.84844],[18.65907,57.84844],[18.65883,57.84842],[18.65858,57.8484],[18.65834,57.84839],[18.65808,57.84839],[18.65782,57.84839],[18.65756,57.84839],[18.65729,57.8484],[18.65651,57.84845],[18.65625,57.84846],[18.65599,57.84846],[18.65574,57.84846],[18.65548,57.84846],[18.65522,57.84845],[18.65496,57.84844],[18.65468,57.84841],[18.6544,57.84838],[18.65412,57.84834],[18.65384,57.84831],[18.65356,57.84826],[18.65329,57.84822],[18.65295,57.84816],[18.6526,57.8481],[18.65226,57.84804],[18.65192,57.84797],[18.65153,57.8479],[18.65114,57.84782],[18.65076,57.84773],[18.65037,57.84764],[18.64969,57.84747],[18.64935,57.84739],[18.64902,57.84732],[18.64837,57.84719],[18.64812,57.84715],[18.64788,57.84709],[18.64764,57.84704],[18.6474,57.84697],[18.64725,57.84693],[18.64709,57.84688],[18.64694,57.84683],[18.6468,57.84678],[18.64666,57.84672],[18.64652,57.84665],[18.64634,57.84656],[18.64616,57.84645],[18.64598,57.84635],[18.64582,57.84623],[18.64566,57.84612],[18.64551,57.84601],[18.64536,57.84589],[18.64522,57.84577],[18.64503,57.84559],[18.64483,57.84541],[18.6447,57.84531],[18.64457,57.84521],[18.64442,57.84511],[18.64427,57.84502],[18.64406,57.8449],[18.64384,57.84479],[18.64361,57.84469],[18.64337,57.84459],[18.64267,57.84429],[18.64239,57.84417],[18.64209,57.84406],[18.64135,57.84382],[18.63969,57.84327],[18.63929,57.84314],[18.63889,57.843],[18.63846,57.84284],[18.63803,57.84268],[18.6376,57.84251],[18.63718,57.84235],[18.637,57.84228],[18.63683,57.8422],[18.64344,57.83798],[18.64626,57.83618],[18.64931,57.83423],[18.66061,57.82701],[18.66061,57.82701],[18.66061,57.827],[18.66041,57.82686],[18.6602,57.82672],[18.66001,57.82659],[18.65981,57.82646],[18.6596,57.82634],[18.65938,57.82621],[18.659,57.82601],[18.6583,57.82564],[18.65813,57.82554],[18.65794,57.82543],[18.65775,57.82531],[18.65753,57.82519],[18.6573,57.82507],[18.65705,57.82496],[18.65679,57.82486],[18.65658,57.82478],[18.65636,57.8247],[18.65614,57.82463],[18.65585,57.82455],[18.65566,57.8245],[18.65546,57.82447],[18.65525,57.82444],[18.65504,57.82443],[18.65483,57.82443],[18.65463,57.82445],[18.65439,57.82447],[18.65414,57.82449],[18.6539,57.8245],[18.65352,57.82451],[18.65323,57.82452],[18.65294,57.82455],[18.65234,57.82464],[18.65218,57.82465],[18.65203,57.82465],[18.65187,57.82463],[18.65169,57.82459],[18.65153,57.82454],[18.65138,57.82447],[18.65107,57.82432],[18.65077,57.82416],[18.65051,57.82402],[18.65038,57.82395],[18.65027,57.82388],[18.65017,57.8238],[18.65008,57.82371],[18.64998,57.82358],[18.64987,57.82347],[18.64974,57.82336],[18.64959,57.82326],[18.64942,57.82317],[18.6492,57.82306],[18.64902,57.82298],[18.64886,57.82288],[18.64872,57.82278],[18.64859,57.82267],[18.64844,57.82251],[18.64835,57.82244],[18.64824,57.82238],[18.64811,57.82233],[18.64796,57.82229],[18.64776,57.82226],[18.64756,57.82223],[18.64735,57.82221],[18.64723,57.8222],[18.6471,57.82219],[18.6471,57.82219],[18.64506,57.82386],[18.64505,57.82581],[18.64506,57.82814],[18.64411,57.8286],[18.63898,57.83103],[18.63336,57.8279],[18.63335,57.8279],[18.63335,57.8279],[18.63335,57.8279],[18.63335,57.82791],[18.63336,57.82796],[18.63338,57.82801],[18.63337,57.82807],[18.63336,57.82809],[18.63328,57.8282],[18.63324,57.82825],[18.63308,57.82838],[18.63302,57.82842],[18.63295,57.82847],[18.63284,57.82851],[18.63252,57.82858],[18.63241,57.82862],[18.63232,57.82865],[18.63218,57.82871],[18.63208,57.82875],[18.63174,57.82886],[18.63162,57.82891],[18.63138,57.82903],[18.63127,57.82907],[18.63086,57.82916],[18.63074,57.82919],[18.63051,57.82926],[18.63039,57.82931],[18.63029,57.82935],[18.63023,57.82939],[18.63016,57.82943],[18.63009,57.82946],[18.62993,57.82952],[18.62979,57.82957],[18.62949,57.82965],[18.62938,57.82968],[18.62911,57.82979],[18.62903,57.82982],[18.62894,57.82987],[18.62871,57.82999],[18.62838,57.83015],[18.62817,57.83024],[18.62792,57.83033],[18.62783,57.83037],[18.62765,57.83045],[18.62747,57.83054],[18.62714,57.83072],[18.62682,57.83089],[18.62655,57.83105],[18.62649,57.83112],[18.62647,57.83119],[18.62644,57.83124],[18.62639,57.83129],[18.62632,57.83132],[18.62617,57.83134],[18.62607,57.83137],[18.626,57.8314],[18.62589,57.83143],[18.62578,57.83145],[18.62575,57.83147],[18.62571,57.83149],[18.62568,57.83152],[18.62566,57.83157],[18.62565,57.83162],[18.62565,57.83173],[18.62567,57.83179],[18.6257,57.83185],[18.62573,57.83192],[18.62574,57.83198],[18.62573,57.83201],[18.62569,57.83206],[18.62556,57.83216],[18.62551,57.83221],[18.62546,57.83227],[18.62543,57.83232],[18.62539,57.83252],[18.62532,57.83265],[18.62494,57.83306],[18.62476,57.8333],[18.62472,57.83338],[18.6247,57.83344],[18.62464,57.83369],[18.6246,57.83377],[18.62452,57.83385],[18.62443,57.83393],[18.62431,57.83402],[18.62424,57.83409],[18.62422,57.83413],[18.62422,57.83424],[18.6242,57.83431],[18.62418,57.83436],[18.62414,57.83442],[18.62411,57.83448],[18.62406,57.8346],[18.624,57.8347],[18.62387,57.83484],[18.62378,57.83492],[18.6237,57.83502],[18.62363,57.83508],[18.62348,57.83521],[18.62328,57.83539],[18.62311,57.83535],[18.62294,57.83533],[18.62277,57.83532],[18.62261,57.83531],[18.62244,57.83532],[18.62227,57.83533],[18.622,57.83536],[18.62156,57.83543],[18.62117,57.83549],[18.62055,57.83557],[18.62018,57.83563],[18.61982,57.83569],[18.61894,57.83585],[18.61849,57.83594],[18.61825,57.83598],[18.61801,57.83601],[18.61776,57.83604],[18.61751,57.83606],[18.61726,57.83608],[18.61701,57.83608],[18.61676,57.83607],[18.61652,57.83605],[18.61627,57.83602],[18.61603,57.83599],[18.61579,57.83594],[18.61557,57.83589],[18.61535,57.83582],[18.61514,57.83575],[18.61493,57.83568],[18.61473,57.8356],[18.61447,57.83549],[18.61422,57.83538],[18.61397,57.83526],[18.61373,57.83514],[18.6135,57.83502],[18.61327,57.8349],[18.61284,57.83466],[18.61284,57.83466],[18.61284,57.83466],[18.61213,57.83494],[18.61128,57.83445],[18.61002,57.83404],[18.60612,57.83274],[18.60612,57.83274],[18.60612,57.83274],[18.60569,57.83288],[18.60517,57.83305],[18.60517,57.83305],[18.60506,57.83332],[18.60482,57.8339],[18.60426,57.83524],[18.60685,57.83948],[18.60901,57.84181],[18.60828,57.84199],[18.60828,57.84199]],[[18.73914,57.90404],[18.73925,57.90427],[18.7387,57.90461],[18.73833,57.90436],[18.73833,57.90436],[18.73832,57.90436],[18.73795,57.90455],[18.73736,57.90413],[18.73778,57.9038],[18.73843,57.90333],[18.73914,57.90404]]]]},"properties":{"NVRID":"2000452","NAMN":"Hall-Hangvar","SKYDDSTYP":"Naturreservat","LAN":"Gotlands Län","KOMMUN":"Gotland","IUCNKATEGORI":"Ia, Strikt naturreservat (Strict Nature Reserve)","FORVALTARE":"Länsstyrelsen i Gotlands län","AREA_HA":2879.855,"URSPR_BESLUTSDATUM":"1967-08-15"}},{"type":"Feature","geometry":{"type":"Polygon","coordinates":[[[19.0863,57.94379],[19.0864,57.94405],[19.08662,57.94431],[19.08694,57.94448],[19.08741,57.94463],[19.08788,57.94469],[19.08833,57.94466],[19.08862,57.9446],[19.08895,57.94447],[19.08918,57.94428],[19.08944,57.94399],[19.08968,57.94377],[19.08968,57.94377],[19.08968,57.94376],[19.08937,57.94356],[19.08898,57.94328],[19.08883,57.94314],[19.08858,57.94287],[19.08846,57.94272],[19.08839,57.94259],[19.08839,57.94259],[19.08839,57.94259],[19.08785,57.94267],[19.08737,57.94278],[19.08698,57.94292],[19.08677,57.9431],[19.08653,57.94333],[19.08638,57.94356],[19.0863,57.94379]]]},"properties":{"NVRID":"2000420","NAMN":"Gamla hamn","SKYDDSTYP":"Naturreservat","LAN":"Gotlands Län","KOMMUN":"Gotland","IUCNKATEGORI":"III, Naturmonument (Natural Monument)","FORVALTARE":"Länsstyrelsen i Gotlands län","AREA_HA":3.117,"URSPR_BESLUTSDATUM":"1930-12-31"}},{"type":"Feature","geometry":{"type":"Polygon","coordinates":[[[19.32867,57.96004],[19.32907,57.96021],[19.32919,57.96033],[19.32924,57.96041],[19.32913,57.96058],[19.32898,57.96066],[19.32846,57.96077],[19.32829,57.96083],[19.32822,57.96086],[19.32818,57.96092],[19.32818,57.96095],[19.32843,57.96109],[19.32878,57.96123],[19.32918,57.96153],[19.32978,57.96188],[19.33001,57.96201],[19.33036,57.96216],[19.33062,57.9623],[19.33075,57.96238],[19.33079,57.96242],[19.33088,57.96251],[19.33099,57.96264],[19.33103,57.96269],[19.33105,57.96273],[19.33109,57.96301],[19.33097,57.9632],[19.33088,57.96334],[19.33088,57.96334],[19.33088,57.96334],[19.33109,57.9634],[19.33153,57.96353],[19.33167,57.96358],[19.33173,57.96359],[19.33178,57.96359],[19.33184,57.96358],[19.33189,57.96356],[19.33199,57.96353],[19.33222,57.96343],[19.33258,57.96328],[19.33275,57.96318],[19.3329,57.96306],[19.33327,57.96266],[19.33357,57.96235],[19.33372,57.96222],[19.33395,57.96205],[19.33446,57.96171],[19.33475,57.96149],[19.33506,57.96126],[19.33506,57.96126],[19.33506,57.96126],[19.33506,57.96126],[19.33306,57.96063],[19.3339,57.95985],[19.3339,57.95985],[19.33389,57.95985],[19.33379,57.95982],[19.33175,57.95929],[19.3321,57.95887],[19.33682,57.95878],[19.33682,57.95878],[19.33715,57.95847],[19.33715,57.95847],[19.33715,57.95847],[19.33715,57.95847],[19.33615,57.95827],[19.33579,57.95821],[19.3354,57.95813],[19.335,57.95806],[19.33307,57.95769],[19.33054,57.95721],[19.3276,57.95665],[19.32287,57.95576],[19.32287,57.95576],[19.32287,57.95576],[19.32287,57.95576],[19.32287,57.95576],[19.3229,57.95584],[19.32295,57.95609],[19.32296,57.95618],[19.32288,57.95645],[19.32282,57.9566],[19.32283,57.95667],[19.32282,57.9567],[19.3229,57.95699],[19.32293,57.95711],[19.32294,57.95735],[19.32324,57.95775],[19.32326,57.95786],[19.32326,57.95786],[19.32363,57.95802],[19.32386,57.95808],[19.32415,57.95822],[19.32435,57.9583],[19.32456,57.95837],[19.3247,57.95844],[19.32483,57.95852],[19.32514,57.95878],[19.32545,57.959],[19.32574,57.95919],[19.32585,57.95927],[19.32631,57.95954],[19.32657,57.95974],[19.3269,57.95994],[19.32724,57.96009],[19.3275,57.96013],[19.3277,57.96014],[19.32785,57.96012],[19.32805,57.96008],[19.32828,57.96004],[19.32852,57.96002],[19.32867,57.96004]]]},"properties":{"NVRID":"2000138","NAMN":"Skalahauar","SKYDDSTYP":"Naturreservat","LAN":"Gotlands Län","KOMMUN":"Gotland","IUCNKATEGORI":"III, Naturmonument (Natural Monument)","FORVALTARE":"Länsstyrelsen i Gotlands län","AREA_HA":29.113,"URSPR_BESLUTSDATUM":"1962-11-07"}},{"type":"Feature","geometry":{"type":"Polygon","coordinates":[[[19.08342,58.41018],[19.07635,58.41552],[19.07116,58.42127],[19.06824,58.42567],[19.06758,58.43253],[19.0693,58.4397],[19.0693,58.4397],[19.0693,58.4397],[19.08299,58.4421],[19.09919,58.44481],[19.11722,58.442],[19.12983,58.44101],[19.14465,58.43909],[19.16152,58.4364],[19.16172,58.43637],[19.16993,58.43589],[19.17868,58.43581],[19.18643,58.43691],[19.19263,58.43989],[19.19716,58.44161],[19.19869,58.44307],[19.19999,58.44598],[19.19926,58.44846],[19.19674,58.45578],[19.19196,58.46441],[19.18857,58.47312],[19.191,58.48245],[19.19088,58.48752],[19.1904,58.48821],[19.18888,58.49103],[19.1821,58.49565],[19.16737,58.49762],[19.15749,58.49603],[19.14999,58.49537],[19.14929,58.49532],[19.13841,58.49683],[19.1345,58.50086],[19.13289,58.50668],[19.13535,58.51248],[19.14149,58.51457],[19.14843,58.5152],[19.15194,58.51589],[19.1562,58.51673],[19.16207,58.51899],[19.16505,58.52175],[19.16236,58.52378],[19.15285,58.52541],[19.15048,58.52582],[19.14395,58.52642],[19.13902,58.52789],[19.12937,58.53077],[19.11752,58.53504],[19.11752,58.53504],[19.11344,58.54249],[19.11325,58.54597],[19.11412,58.54979],[19.11918,58.55479],[19.12473,58.56076],[19.12396,58.566],[19.12317,58.57304],[19.12657,58.57973],[19.12972,58.58355],[19.13613,58.58834],[19.14255,58.59238],[19.14709,58.59489],[19.1474,58.59549],[19.1474,58.59549],[19.1474,58.59549],[19.15572,58.59597],[19.16827,58.59632],[19.20393,58.59666],[19.23528,58.59535],[19.23528,58.59535],[19.23528,58.59535],[19.23582,58.59378],[19.23387,58.59197],[19.23341,58.58856],[19.22943,58.5853],[19.2242,58.58127],[19.22014,58.57716],[19.21689,58.57378],[19.21216,58.56915],[19.2119,58.56714],[19.21139,58.56135],[19.21082,58.55484],[19.21082,58.55484],[19.20672,58.55132],[19.20671,58.55132],[19.19935,58.55102],[19.1889,58.54962],[19.18016,58.54601],[19.17935,58.54262],[19.17834,58.53859],[19.17908,58.53547],[19.18331,58.53391],[19.18983,58.53457],[19.19451,58.53658],[19.20473,58.53952],[19.21523,58.54171],[19.22329,58.54327],[19.2301,58.54356],[19.2341,58.54305],[19.24018,58.54022],[19.24165,58.53954],[19.24165,58.53954],[19.24394,58.53398],[19.24394,58.53398],[19.24172,58.5317],[19.24095,58.53083],[19.23917,58.52985],[19.23648,58.5284],[19.23033,58.52588],[19.22228,58.52425],[19.21881,58.52023],[19.21886,58.51477],[19.22098,58.51291],[19.22591,58.51107],[19.23266,58.50961],[19.23716,58.5093],[19.24143,58.50902],[19.24585,58.50829],[19.24585,58.50829],[19.24742,58.50539],[19.24742,58.50539],[19.24339,58.50108],[19.23951,58.49606],[19.24167,58.48968],[19.24358,58.4868],[19.25138,58.47773],[19.25138,58.47773],[19.24438,58.46884],[19.23612,58.46095],[19.23448,58.45613],[19.23171,58.45338],[19.23046,58.45216],[19.23153,58.45156],[19.23432,58.45009],[19.24498,58.44893],[19.25418,58.44568],[19.26643,58.44558],[19.27155,58.44352],[19.27668,58.44089],[19.28792,58.43403],[19.29373,58.42879],[19.30287,58.42253],[19.31003,58.41945],[19.31398,58.41891],[19.32905,58.41689],[19.33567,58.41628],[19.34697,58.41547],[19.35625,58.41541],[19.36683,58.4137],[19.37383,58.41022],[19.38159,58.40563],[19.386,58.40189],[19.39174,58.39826],[19.39174,58.39826],[19.39114,58.3929],[19.39114,58.3929],[19.39114,58.3929],[19.39114,58.3929],[19.39164,58.38524],[19.3884,58.37709],[19.38721,58.37178],[19.38387,58.36689],[19.38362,58.36384],[19.38008,58.35899],[19.37338,58.35269],[19.36854,58.3486],[19.36854,58.3486],[19.36423,58.34508],[19.35634,58.33748],[19.34776,58.33095],[19.33778,58.3223],[19.33276,58.31543],[19.3294,58.30767],[19.3279,58.3048],[19.32684,58.30261],[19.32636,58.2973],[19.32986,58.29348],[19.333,58.28823],[19.33439,58.28217],[19.33495,58.27641],[19.33509,58.27053],[19.3331,58.26668],[19.32758,58.25988],[19.32333,58.25015],[19.31972,58.23805],[19.31863,58.22689],[19.31678,58.21525],[19.31474,58.20121],[19.31675,58.18853],[19.31815,58.17681],[19.32168,58.17019],[19.32331,58.16713],[19.32518,58.16122],[19.32308,58.15888],[19.31841,58.15628],[19.31491,58.15325],[19.31543,58.15042],[19.3178,58.14473],[19.32142,58.14016],[19.3278,58.13567],[19.33441,58.13191],[19.33886,58.12792],[19.34011,58.12475],[19.33999,58.12344],[19.34042,58.1191],[19.34342,58.1151],[19.35022,58.11109],[19.35897,58.1074],[19.36797,58.10527],[19.36931,58.10501],[19.37442,58.10421],[19.37973,58.1027],[19.38101,58.10037],[19.38236,58.09719],[19.38541,58.09294],[19.38924,58.08901],[19.39447,58.0876],[19.40103,58.08663],[19.40699,58.08794],[19.41372,58.09009],[19.41963,58.09208],[19.41963,58.09208],[19.41963,58.09208],[19.41963,58.09208],[19.42545,58.07742],[19.42698,58.07398],[19.42125,58.06431],[19.41839,58.05677],[19.4153,58.04837],[19.41328,58.04191],[19.41465,58.03582],[19.41687,58.03273],[19.41975,58.03014],[19.42593,58.02748],[19.43417,58.02429],[19.44428,58.02117],[19.44516,58.02093],[19.45528,58.01897],[19.46117,58.01634],[19.46666,58.01439],[19.47373,58.01169],[19.48284,58.00771],[19.4925,58.00327],[19.49727,57.99945],[19.49727,57.99945],[19.49727,57.99945],[19.47247,57.98621],[19.45245,57.97587],[19.43888,57.968],[19.4241,57.95937],[19.35887,57.95939],[19.3556,57.95958],[19.3556,57.95958],[19.355,57.96067],[19.35496,57.96159],[19.35471,57.96267],[19.35447,57.96406],[19.35336,57.96514],[19.35144,57.96618],[19.34916,57.967],[19.3479,57.96778],[19.34667,57.96865],[19.34538,57.96976],[19.34476,57.97084],[19.34452,57.97181],[19.34432,57.97271],[19.34453,57.97422],[19.34466,57.97541],[19.34449,57.97662],[19.34381,57.97818],[19.34359,57.97899],[19.34353,57.97901],[19.34352,57.97901],[19.34241,57.98006],[19.3416,57.98082],[19.33994,57.98182],[19.33754,57.98293],[19.33423,57.984],[19.33239,57.98456],[19.33018,57.98505],[19.32677,57.98557],[19.3231,57.986],[19.32006,57.9864],[19.31719,57.98681],[19.31437,57.98708],[19.31282,57.98738],[19.31161,57.98766],[19.31011,57.98803],[19.30888,57.98847],[19.30684,57.98916],[19.30488,57.98928],[19.30325,57.9892],[19.30325,57.9892],[19.30325,57.9892],[19.30009,58.01949],[19.30009,58.01949],[19.30541,58.02074],[19.31396,58.02407],[19.32271,58.02969],[19.32882,58.0352],[19.3324,58.03934],[19.33638,58.04451],[19.33828,58.04959],[19.34114,58.05773],[19.34144,58.06521],[19.34214,58.07441],[19.3429,58.07974],[19.34256,58.0847],[19.34059,58.08943],[19.33453,58.09389],[19.32461,58.09513],[19.31144,58.09502],[19.29696,58.09385],[19.28183,58.0923],[19.27383,58.09159],[19.24711,58.08811],[19.23079,58.08431],[19.20712,58.08344],[19.20651,58.08346],[19.19628,58.08474],[19.18849,58.08643],[19.18849,58.08643],[19.1813,58.09117],[19.17136,58.10019],[19.16057,58.11022],[19.15355,58.11761],[19.14896,58.12455],[19.14483,58.13002],[19.13996,58.13387],[19.12493,58.14879],[19.12066,58.15678],[19.12066,58.15678],[19.13281,58.16798],[19.13451,58.17148],[19.14061,58.17505],[19.15231,58.18149],[19.16169,58.18788],[19.16909,58.19149],[19.17698,58.19446],[19.18767,58.19543],[19.19823,58.19601],[19.20695,58.19671],[19.21206,58.19707],[19.2208,58.19896],[19.22529,58.20183],[19.23082,58.20453],[19.23496,58.2079],[19.2352,58.21192],[19.23332,58.21752],[19.23305,58.21942],[19.23092,58.22344],[19.22742,58.23355],[19.22283,58.2406],[19.22283,58.24061],[19.22682,58.24545],[19.22718,58.25156],[19.22434,58.25722],[19.21976,58.26237],[19.21899,58.26283],[19.21355,58.26565],[19.2122,58.26624],[19.20757,58.26948],[19.20182,58.27322],[19.19963,58.27576],[19.19477,58.28108],[19.1913,58.28641],[19.18615,58.29213],[19.17573,58.30216],[19.16513,58.30918],[19.1595,58.3128],[19.14884,58.31772],[19.14362,58.32243],[19.13428,58.32934],[19.12821,58.33303],[19.12396,58.33861],[19.11592,58.34492],[19.11222,58.35064],[19.11037,58.35553],[19.10781,58.36208],[19.10603,58.36537],[19.09968,58.37485],[19.09517,58.3837],[19.09199,58.39169],[19.08553,58.40109],[19.08223,58.40517],[19.08342,58.41018]],[[19.17091,58.40005],[19.17091,58.40001],[19.17086,58.39975],[19.17062,58.39944],[19.17059,58.39928],[19.17059,58.39927],[19.17058,58.39926],[19.17054,58.39907],[19.17051,58.39892],[19.17053,58.39885],[19.17048,58.39877],[19.17043,58.3983],[19.17045,58.39823],[19.17042,58.39817],[19.1704,58.39752],[19.17043,58.39746],[19.1704,58.3974],[19.17041,58.39732],[19.17037,58.3971],[19.17042,58.39693],[19.17035,58.39678],[19.17038,58.39611],[19.17038,58.39568],[19.17041,58.39562],[19.17039,58.39556],[19.17042,58.39521],[19.17043,58.39519],[19.17042,58.39517],[19.17048,58.39468],[19.17054,58.39459],[19.17052,58.39449],[19.17062,58.39406],[19.17068,58.39375],[19.17075,58.39364],[19.17073,58.39353],[19.17083,58.39325],[19.17093,58.39313],[19.17093,58.39301],[19.17112,58.39264],[19.17117,58.39259],[19.17117,58.39254],[19.17121,58.39248],[19.17126,58.39233],[19.17128,58.39231],[19.17127,58.39228],[19.17151,58.39163],[19.17171,58.39142],[19.17175,58.39119],[19.17207,58.39073],[19.17221,58.39064],[19.17225,58.39052],[19.1729,58.38981],[19.1736,58.38901],[19.17396,58.38858],[19.17408,58.3885],[19.17413,58.38839],[19.17419,58.38833],[19.17451,58.38798],[19.17453,58.38797],[19.17453,58.38796],[19.17489,58.38758],[19.17494,58.38755],[19.17496,58.38752],[19.1751,58.38737],[19.17515,58.38735],[19.17517,58.38731],[19.17532,58.38716],[19.17537,58.38714],[19.17538,58.38711],[19.17581,58.38674],[19.17587,58.3867],[19.1759,58.38666],[19.17601,58.38657],[19.17606,58.38652],[19.17606,58.38652],[19.17606,58.38652],[19.17616,58.38642],[19.17633,58.38625],[19.17636,58.38623],[19.17637,58.38621],[19.17649,58.38609],[19.1765,58.38608],[19.17651,58.38607],[19.17673,58.38585],[19.1769,58.38568],[19.17697,58.38564],[19.177,58.38558],[19.17714,58.38545],[19.17735,58.38518],[19.1775,58.38508],[19.17755,58.38496],[19.17773,58.38477],[19.17782,58.38472],[19.17785,58.38466],[19.17802,58.3845],[19.17808,58.38444],[19.17822,58.38435],[19.17828,58.38425],[19.17852,58.38404],[19.17857,58.384],[19.17862,58.38393],[19.17863,58.38392],[19.17874,58.38372],[19.17884,58.38351],[19.17889,58.3834],[19.17894,58.38328],[19.17895,58.38327],[19.17895,58.38326],[19.17906,58.38301],[19.17911,58.38296],[19.17911,58.38291],[19.17917,58.38279],[19.17931,58.38252],[19.17935,58.38248],[19.17936,58.38243],[19.17944,58.38229],[19.17956,58.38219],[19.17958,58.38207],[19.17971,58.38189],[19.17979,58.38184],[19.17981,58.38177],[19.17991,58.38166],[19.17997,58.38158],[19.17999,58.38156],[19.18,58.38155],[19.18019,58.38132],[19.18028,58.38126],[19.18031,58.38119],[19.18044,58.38106],[19.18069,58.38079],[19.18089,58.38058],[19.18112,58.38033],[19.18125,58.38016],[19.18127,58.38015],[19.18127,58.38013],[19.18131,58.38009],[19.18149,58.37988],[19.1815,58.37987],[19.1815,58.37986],[19.18163,58.37971],[19.18171,58.3796],[19.18173,58.37956],[19.18175,58.37952],[19.18188,58.37913],[19.18201,58.37872],[19.18209,58.37862],[19.18209,58.37851],[19.18228,58.37809],[19.1823,58.37807],[19.1823,58.37805],[19.18238,58.37788],[19.18247,58.3778],[19.18248,58.37771],[19.18275,58.37728],[19.18284,58.37721],[19.18286,58.37713],[19.18295,58.37701],[19.18318,58.37665],[19.18323,58.37658],[19.18329,58.37649],[19.18345,58.37636],[19.18349,58.37621],[19.18359,58.37609],[19.18373,58.37587],[19.18373,58.37586],[19.18374,58.37585],[19.18374,58.37584],[19.18375,58.37583],[19.1838,58.37574],[19.18386,58.37562],[19.18392,58.37556],[19.18392,58.3755],[19.18417,58.37508],[19.1842,58.37505],[19.1842,58.37503],[19.18446,58.37461],[19.18454,58.37455],[19.18455,58.37447],[19.18468,58.3743],[19.18493,58.37395],[19.18499,58.37385],[19.18507,58.37379],[19.18509,58.37372],[19.18536,58.37337],[19.18549,58.37319],[19.18561,58.3731],[19.18564,58.373],[19.18601,58.37259],[19.18606,58.37256],[19.18608,58.37252],[19.18615,58.37244],[19.18623,58.3724],[19.18625,58.37234],[19.18634,58.37226],[19.18637,58.37223],[19.18664,58.37188],[19.18669,58.37185],[19.1867,58.37181],[19.18685,58.37164],[19.18694,58.37158],[19.18697,58.37151],[19.1873,58.37117],[19.18758,58.37085],[19.18769,58.37072],[19.18783,58.3705],[19.18791,58.37044],[19.18793,58.37037],[19.18813,58.37011],[19.18816,58.37009],[19.18817,58.37006],[19.1883,58.3699],[19.18851,58.36962],[19.18852,58.3696],[19.18853,58.3696],[19.18859,58.36952],[19.18865,58.36948],[19.18867,58.36939],[19.18874,58.36929],[19.18887,58.3691],[19.18896,58.36903],[19.18898,58.36895],[19.18925,58.36859],[19.18937,58.36851],[19.1894,58.36841],[19.18969,58.36809],[19.18989,58.36783],[19.19001,58.36775],[19.19004,58.36764],[19.19016,58.36751],[19.19021,58.36748],[19.19023,58.36744],[19.19035,58.36732],[19.19051,58.36715],[19.19061,58.36704],[19.1907,58.36693],[19.19074,58.36691],[19.19075,58.36688],[19.19104,58.36655],[19.19127,58.36624],[19.19136,58.36618],[19.19138,58.36611],[19.19174,58.3657],[19.19177,58.36568],[19.19183,58.36545],[19.19209,58.36514],[19.19215,58.3651],[19.19217,58.36505],[19.19252,58.36467],[19.1926,58.36457],[19.19266,58.3645],[19.19282,58.36439],[19.19288,58.36426],[19.19296,58.36418],[19.19308,58.36406],[19.19309,58.36404],[19.1931,58.36403],[19.19321,58.36392],[19.19328,58.36387],[19.19334,58.36373],[19.19354,58.3635],[19.19363,58.36345],[19.19366,58.36339],[19.19406,58.36301],[19.1941,58.36298],[19.19411,58.36296],[19.19447,58.36263],[19.19451,58.36259],[19.19474,58.36234],[19.19481,58.36225],[19.19494,58.36215],[19.19499,58.36203],[19.19522,58.36178],[19.19531,58.36166],[19.19533,58.36164],[19.19533,58.36163],[19.19553,58.36136],[19.19557,58.36133],[19.19558,58.3613],[19.1957,58.36115],[19.1957,58.36115],[19.1957,58.36115],[19.19584,58.36098],[19.1959,58.36094],[19.19592,58.36089],[19.19607,58.36072],[19.19631,58.36046],[19.19647,58.36028],[19.19654,58.36024],[19.19656,58.36019],[19.19692,58.35981],[19.19704,58.3597],[19.19713,58.35959],[19.19719,58.35956],[19.19721,58.35951],[19.19754,58.35919],[19.19758,58.35913],[19.19769,58.35906],[19.19773,58.35897],[19.19789,58.35879],[19.19798,58.35868],[19.19806,58.35858],[19.19814,58.35852],[19.19817,58.35845],[19.19838,58.35821],[19.19838,58.3582],[19.19839,58.3582],[19.19862,58.35793],[19.1988,58.35773],[19.1989,58.35766],[19.19893,58.35758],[19.19904,58.35747],[19.19906,58.35746],[19.19915,58.35736],[19.19936,58.35705],[19.19943,58.35699],[19.19944,58.35692],[19.19971,58.35658],[19.19972,58.35657],[19.19973,58.35656],[19.20005,58.35615],[19.20011,58.35611],[19.20013,58.35605],[19.20032,58.35583],[19.20045,58.35576],[19.2005,58.35566],[19.20065,58.35551],[19.20068,58.35548],[19.20081,58.35534],[19.20087,58.35528],[19.20096,58.35514],[19.20106,58.35507],[19.20108,58.35499],[19.20143,58.35459],[19.2015,58.35455],[19.20152,58.3545],[19.20165,58.35436],[19.20171,58.35433],[19.20175,58.35428],[19.20177,58.35426],[19.20178,58.35423],[19.2018,58.35421],[19.2018,58.35421],[19.20211,58.35385],[19.2023,58.35361],[19.20233,58.35359],[19.20233,58.35356],[19.20262,58.3532],[19.20265,58.35318],[19.20266,58.35316],[19.20272,58.35309],[19.20284,58.35289],[19.20291,58.35284],[19.20292,58.35278],[19.20321,58.35236],[19.20326,58.35233],[19.20328,58.35228],[19.20338,58.35215],[19.20345,58.35205],[19.2035,58.35198],[19.20352,58.35197],[19.20352,58.35194],[19.20375,58.35156],[19.20402,58.35134],[19.20404,58.3513],[19.20405,58.35124],[19.2041,58.35117],[19.20415,58.35108],[19.2042,58.35102],[19.20433,58.35084],[19.20435,58.35082],[19.20436,58.3508],[19.20462,58.35044],[19.20467,58.35036],[19.20493,58.34996],[19.20497,58.34992],[19.20498,58.34988],[19.20514,58.34965],[19.20518,58.34958],[19.20536,58.34926],[19.20558,58.34907],[19.20566,58.34884],[19.20588,58.34861],[19.20588,58.3486],[19.20613,58.34818],[19.20619,58.34814],[19.2062,58.34808],[19.20626,58.34799],[19.20628,58.34798],[19.20628,58.34797],[19.20651,58.34763],[19.20656,58.34755],[19.20658,58.34754],[19.20658,58.34753],[19.20662,58.34746],[19.20668,58.34733],[19.20673,58.34729],[19.20673,58.34724],[19.2069,58.34695],[19.20706,58.34665],[19.20712,58.34655],[19.20714,58.34651],[19.20714,58.3465],[19.20715,58.34649],[19.20715,58.34649],[19.20715,58.34648],[19.20721,58.34636],[19.20733,58.34608],[19.20735,58.34599],[19.20739,58.34593],[19.20738,58.34587],[19.20743,58.34572],[19.20749,58.34566],[19.20748,58.34559],[19.20751,58.34552],[19.20756,58.34534],[19.20757,58.34507],[19.20762,58.34499],[19.20759,58.34492],[19.2076,58.34485],[19.20761,58.34484],[19.20761,58.34482],[19.20763,58.34471],[19.20765,58.34468],[19.20764,58.34464],[19.20766,58.34457],[19.20769,58.34453],[19.20768,58.34449],[19.20768,58.34447],[19.20768,58.34447],[19.20769,58.34445],[19.2077,58.34441],[19.20771,58.34439],[19.20771,58.34438],[19.20772,58.34432],[19.20773,58.34427],[19.20777,58.34408],[19.20779,58.34406],[19.20778,58.34403],[19.20785,58.34377],[19.20787,58.34363],[19.20788,58.34361],[19.20787,58.34358],[19.2079,58.3434],[19.20799,58.34326],[19.20797,58.34318],[19.20799,58.34309],[19.20799,58.34308],[19.208,58.34307],[19.20801,58.34299],[19.20802,58.34295],[19.20805,58.34291],[19.20804,58.34287],[19.2081,58.34259],[19.20819,58.34247],[19.20818,58.34234],[19.20827,58.34214],[19.20841,58.34179],[19.20847,58.34163],[19.20851,58.34159],[19.20851,58.34155],[19.20857,58.3414],[19.2086,58.34134],[19.20867,58.34117],[19.2087,58.34103],[19.20871,58.34102],[19.20871,58.34102],[19.20881,58.34064],[19.20882,58.34062],[19.20882,58.34062],[19.20882,58.34061],[19.2089,58.34021],[19.2089,58.34016],[19.20899,58.34003],[19.20897,58.33988],[19.209,58.33978],[19.209,58.33978],[19.209,58.33978],[19.20911,58.33945],[19.20924,58.3393],[19.20925,58.33914],[19.20946,58.33877],[19.20953,58.33872],[19.20954,58.33866],[19.20978,58.3383],[19.20981,58.33825],[19.20982,58.33824],[19.20982,58.33823],[19.20982,58.33822],[19.20991,58.33808],[19.21,58.338],[19.21002,58.3379],[19.21009,58.33781],[19.21012,58.33777],[19.21019,58.33765],[19.21067,58.33726],[19.21083,58.33699],[19.21115,58.33684],[19.21142,58.33659],[19.21152,58.33654],[19.2116,58.33651],[19.21164,58.33648],[19.21215,58.33634],[19.2122,58.33633],[19.21278,58.33604],[19.21371,58.33579],[19.21377,58.33578],[19.21382,58.33576],[19.21432,58.33563],[19.21437,58.33562],[19.21442,58.3356],[19.21444,58.33559],[19.21447,58.33559],[19.21478,58.33549],[19.21483,58.33548],[19.21488,58.33546],[19.2151,58.33539],[19.21514,58.33538],[19.21517,58.33537],[19.21529,58.33533],[19.2155,58.3353],[19.21557,58.33527],[19.2158,58.3352],[19.21621,58.33507],[19.21645,58.33503],[19.21652,58.33499],[19.21662,58.33496],[19.21667,58.33494],[19.21699,58.33486],[19.2171,58.33485],[19.21726,58.33478],[19.21791,58.33463],[19.21794,58.33462],[19.21797,58.33461],[19.2183,58.33458],[19.21849,58.33451],[19.2185,58.33451],[19.2185,58.33451],[19.21857,58.33449],[19.21872,58.33446],[19.21887,58.33442],[19.21945,58.33429],[19.21993,58.33417],[19.21997,58.33416],[19.22,58.33415],[19.22056,58.33401],[19.22058,58.33401],[19.22059,58.334],[19.22076,58.33396],[19.22102,58.33394],[19.22136,58.33381],[19.2217,58.33375],[19.2222,58.33372],[19.22266,58.33361],[19.22304,58.33358],[19.22306,58.33358],[19.22309,58.33358],[19.22319,58.33357],[19.22339,58.33354],[19.22357,58.33354],[19.22373,58.3335],[19.22413,58.33345],[19.22427,58.33343],[19.22441,58.3334],[19.22478,58.33339],[19.22511,58.3333],[19.22527,58.33328],[19.22531,58.33328],[19.22534,58.33328],[19.22536,58.33327],[19.22537,58.33327],[19.22541,58.33327],[19.22549,58.33326],[19.22607,58.33327],[19.22663,58.33319],[19.22678,58.33319],[19.22679,58.3332],[19.22723,58.33319],[19.22726,58.33318],[19.22731,58.33318],[19.22736,58.33316],[19.22756,58.33313],[19.22777,58.33307],[19.2278,58.33306],[19.22783,58.33305],[19.22807,58.33299],[19.22881,58.3329],[19.2295,58.33273],[19.22989,58.33269],[19.2302,58.33271],[19.23049,58.33265],[19.23102,58.33264],[19.2313,58.33262],[19.23163,58.33265],[19.23194,58.3326],[19.23222,58.3326],[19.23291,58.33271],[19.23364,58.33272],[19.23373,58.33273],[19.23417,58.33287],[19.23418,58.33287],[19.23459,58.33293],[19.23468,58.33292],[19.23492,58.33294],[19.23498,58.33295],[19.23504,58.33294],[19.23546,58.33297],[19.2357,58.33302],[19.23596,58.33301],[19.23617,58.33303],[19.23652,58.33305],[19.23662,58.33305],[19.23664,58.33305],[19.23665,58.33305],[19.23696,58.33305],[19.2371,58.33307],[19.23756,58.33307],[19.23771,58.33305],[19.2378,58.33304],[19.23832,58.33306],[19.23882,58.33299],[19.23896,58.33299],[19.23962,58.33296],[19.23977,58.33298],[19.23985,58.33297],[19.23995,58.33297],[19.24001,58.33296],[19.24006,58.33295],[19.24007,58.33295],[19.24012,58.33295],[19.24029,58.33293],[19.24068,58.33294],[19.24104,58.33288],[19.24133,58.33287],[19.2417,58.33291],[19.24207,58.33288],[19.24231,58.33289],[19.24251,58.33293],[19.2426,58.33292],[19.24281,58.33293],[19.24284,58.33293],[19.24287,58.33294],[19.24321,58.33295],[19.2438,58.33296],[19.24391,58.33296],[19.24409,58.33295],[19.24416,58.33296],[19.24419,58.33295],[19.24442,58.33294],[19.24445,58.33295],[19.24446,58.33294],[19.24457,58.33294],[19.24461,58.33294],[19.24519,58.33292],[19.24528,58.33292],[19.24543,58.33291],[19.24547,58.33291],[19.24563,58.3329],[19.24572,58.3329],[19.24579,58.33289],[19.24593,58.33289],[19.24596,58.33289],[19.24607,58.33287],[19.2468,58.33284],[19.24694,58.33283],[19.24699,58.33284],[19.2475,58.33278],[19.2476,58.33278],[19.24769,58.33276],[19.24789,58.33274],[19.24801,58.33275],[19.24813,58.33272],[19.24841,58.3327],[19.24872,58.33268],[19.24884,58.33269],[19.24896,58.33266],[19.2493,58.33265],[19.24943,58.33266],[19.24956,58.33264],[19.25006,58.33262],[19.2501,58.33263],[19.25022,58.33262],[19.25024,58.33262],[19.25029,58.33262],[19.25033,58.33262],[19.25034,58.33262],[19.25048,58.33262],[19.25072,58.33265],[19.25106,58.33261],[19.25147,58.33262],[19.2518,58.33268],[19.25215,58.33267],[19.25297,58.33275],[19.2531,58.33278],[19.25325,58.33278],[19.25373,58.33284],[19.25399,58.33288],[19.25478,58.33297],[19.25492,58.33301],[19.25508,58.33301],[19.25583,58.33313],[19.25635,58.3332],[19.25637,58.33321],[19.25638,58.33321],[19.25678,58.33326],[19.25681,58.33327],[19.25684,58.33327],[19.2572,58.33333],[19.25721,58.33333],[19.25722,58.33333],[19.25774,58.33341],[19.2585,58.33352],[19.25856,58.33354],[19.25863,58.33354],[19.259,58.33359],[19.25902,58.3336],[19.25905,58.3336],[19.2595,58.33367],[19.25959,58.33371],[19.25971,58.33371],[19.26012,58.33379],[19.26017,58.3338],[19.26021,58.33381],[19.26055,58.33387],[19.26128,58.33401],[19.26189,58.33412],[19.26208,58.33415],[19.26217,58.33417],[19.26228,58.33418],[19.26236,58.33419],[19.26308,58.33429],[19.26318,58.33432],[19.26329,58.33432],[19.26342,58.33434],[19.26368,58.33438],[19.26375,58.33439],[19.26376,58.33439],[19.26381,58.3344],[19.26387,58.33442],[19.26399,58.33442],[19.26413,58.33443],[19.26429,58.33445],[19.26438,58.33448],[19.26449,58.33448],[19.26485,58.33453],[19.26491,58.33454],[19.26505,58.33455],[19.26531,58.33462],[19.26552,58.33462],[19.26553,58.33462],[19.26553,58.33462],[19.26559,58.33462],[19.26573,58.33464],[19.2659,58.33466],[19.26591,58.33466],[19.26617,58.33468],[19.2665,58.33475],[19.26685,58.33474],[19.26699,58.33476],[19.26769,58.33483],[19.26776,58.33485],[19.26785,58.33485],[19.26867,58.33495],[19.26869,58.33496],[19.26871,58.33496],[19.26895,58.33499],[19.26908,58.335],[19.2691,58.335],[19.26911,58.335],[19.26943,58.33503],[19.26958,58.33507],[19.2697,58.33507],[19.26981,58.33508],[19.26982,58.33508],[19.26984,58.33508],[19.2702,58.33512],[19.27047,58.33515],[19.27073,58.33515],[19.27089,58.33518],[19.27106,58.33517],[19.2715,58.3352],[19.2717,58.33524],[19.27191,58.33523],[19.27231,58.33528],[19.27261,58.33531],[19.27262,58.33531],[19.27275,58.33532],[19.27284,58.33532],[19.27288,58.33532],[19.27325,58.33532],[19.27343,58.33535],[19.27352,58.33534],[19.27359,58.33534],[19.27363,58.33534],[19.27373,58.33535],[19.27406,58.33535],[19.2741,58.33535],[19.27414,58.33535],[19.27415,58.33535],[19.27423,58.33535],[19.2743,58.33536],[19.2744,58.33534],[19.2747,58.33533],[19.27522,58.33539],[19.27575,58.33536],[19.27595,58.33538],[19.27653,58.33551],[19.27716,58.33556],[19.27725,58.33557],[19.27747,58.33559],[19.27768,58.33564],[19.27768,58.33564],[19.27798,58.3356],[19.27821,58.33561],[19.27826,58.33561],[19.27829,58.33561],[19.27839,58.33562],[19.27846,58.33563],[19.2786,58.33562],[19.27871,58.33563],[19.27911,58.3357],[19.27919,58.3357],[19.27924,58.33572],[19.27971,58.33573],[19.27993,58.33577],[19.28006,58.33581],[19.28021,58.33582],[19.28039,58.33585],[19.28049,58.33587],[19.28062,58.33586],[19.28112,58.33591],[19.28117,58.33592],[19.2813,58.33592],[19.28171,58.33599],[19.28214,58.33598],[19.28275,58.33605],[19.28294,58.33607],[19.28298,58.33608],[19.28303,58.33608],[19.28325,58.3361],[19.28355,58.33613],[19.28359,58.33613],[19.28417,58.33618],[19.28458,58.33628],[19.28504,58.33629],[19.28534,58.33635],[19.28549,58.3364],[19.28567,58.33641],[19.28575,58.33643],[19.2858,58.33644],[19.28595,58.33644],[19.2863,58.3365],[19.28632,58.33651],[19.28634,58.33651],[19.28687,58.3366],[19.28691,58.33661],[19.28694,58.33661],[19.28715,58.33664],[19.28738,58.33667],[19.28747,58.33667],[19.28747,58.33667],[19.28748,58.33667],[19.28767,58.33668],[19.28769,58.33669],[19.28771,58.33668],[19.28783,58.33669],[19.28844,58.33681],[19.28909,58.33683],[19.28981,58.33697],[19.29011,58.33708],[19.29047,58.33712],[19.29062,58.33716],[19.29067,58.33718],[19.29073,58.33719],[19.29137,58.33737],[19.29144,58.33739],[19.29148,58.33741],[19.29152,58.33741],[19.29226,58.33762],[19.29253,58.33775],[19.29288,58.33782],[19.29344,58.33804],[19.29358,58.33809],[19.29404,58.33826],[19.29414,58.33832],[19.29428,58.33836],[19.29448,58.33844],[19.29457,58.33848],[19.2948,58.33864],[19.29513,58.33875],[19.29535,58.33887],[19.29538,58.3389],[19.29539,58.3389],[19.29548,58.33895],[19.29549,58.33895],[19.29551,58.33896],[19.29566,58.33904],[19.29577,58.33909],[19.29592,58.33915],[19.29595,58.33917],[19.29599,58.33918],[19.29611,58.33923],[19.29618,58.33928],[19.29628,58.33931],[19.29644,58.33938],[19.29654,58.33946],[19.29669,58.3395],[19.29699,58.33966],[19.29715,58.3398],[19.2974,58.3399],[19.29756,58.34001],[19.29763,58.3401],[19.29776,58.34015],[19.29793,58.34029],[19.29824,58.34051],[19.29827,58.34055],[19.29833,58.34058],[19.29848,58.34069],[19.29859,58.34086],[19.29882,58.341],[19.299,58.34119],[19.29908,58.3414],[19.2993,58.34157],[19.29934,58.34164],[19.29935,58.34173],[19.29943,58.3418],[19.29956,58.34207],[19.29956,58.3421],[19.29958,58.34212],[19.29975,58.3425],[19.29988,58.34273],[19.30011,58.3431],[19.30011,58.34313],[19.30015,58.34316],[19.30016,58.34318],[19.30016,58.34325],[19.30023,58.34331],[19.30032,58.3435],[19.30032,58.34353],[19.3004,58.34361],[19.30045,58.34369],[19.30058,58.34391],[19.30064,58.344],[19.30064,58.34402],[19.30066,58.34404],[19.3008,58.34426],[19.30083,58.34432],[19.30089,58.34441],[19.3009,58.34443],[19.30093,58.34446],[19.301,58.34457],[19.30105,58.34464],[19.3013,58.34496],[19.30132,58.34504],[19.30141,58.3451],[19.30152,58.34526],[19.30153,58.34532],[19.30158,58.34536],[19.30163,58.34545],[19.30177,58.34568],[19.3019,58.34587],[19.30196,58.34595],[19.30197,58.34599],[19.302,58.34602],[19.30208,58.34614],[19.3021,58.34617],[19.30238,58.34652],[19.30263,58.34684],[19.30288,58.34713],[19.303,58.34724],[19.30313,58.34736],[19.30326,58.34746],[19.30329,58.34752],[19.30338,58.34757],[19.30379,58.34795],[19.3038,58.34798],[19.30384,58.348],[19.30425,58.3484],[19.30425,58.34842],[19.30431,58.34846],[19.30442,58.34857],[19.30443,58.34858],[19.30445,58.34859],[19.30455,58.34869],[19.30462,58.34877],[19.3049,58.34903],[19.30494,58.34906],[19.30494,58.34907],[19.30495,58.34908],[19.30496,58.34908],[19.30528,58.34936],[19.30529,58.34938],[19.30532,58.3494],[19.30549,58.34955],[19.30587,58.34985],[19.30591,58.34991],[19.306,58.34995],[19.30639,58.35029],[19.30646,58.35034],[19.30683,58.35062],[19.30688,58.3507],[19.30699,58.35075],[19.3071,58.35085],[19.30713,58.35089],[19.30719,58.35093],[19.30736,58.35108],[19.30737,58.35111],[19.3074,58.35113],[19.30754,58.35122],[19.30759,58.35129],[19.3077,58.35133],[19.30785,58.35145],[19.30791,58.35153],[19.30804,58.3516],[19.30818,58.35172],[19.30826,58.35179],[19.30828,58.35183],[19.30834,58.35186],[19.30847,58.35197],[19.30872,58.35212],[19.30925,58.35244],[19.30978,58.35275],[19.30978,58.35276],[19.30979,58.35276],[19.3099,58.35282],[19.31002,58.35295],[19.31023,58.35304],[19.31034,58.35312],[19.31078,58.35341],[19.3108,58.35343],[19.31083,58.35344],[19.31133,58.35378],[19.31138,58.35381],[19.31139,58.35383],[19.31141,58.35384],[19.31143,58.35385],[19.31147,58.35387],[19.31148,58.35388],[19.31149,58.35388],[19.3115,58.35389],[19.31152,58.3539],[19.31207,58.35422],[19.31213,58.35428],[19.31223,58.35432],[19.31272,58.35463],[19.3128,58.35468],[19.31333,58.35497],[19.31335,58.35499],[19.3134,58.35501],[19.31355,58.3551],[19.31366,58.35521],[19.31386,58.3553],[19.31431,58.35561],[19.3144,58.35567],[19.31483,58.35591],[19.31488,58.35596],[19.31497,58.356],[19.3153,58.3562],[19.31543,58.35627],[19.31544,58.35628],[19.31549,58.35631],[19.31553,58.35635],[19.3156,58.35637],[19.31563,58.35639],[19.31566,58.35642],[19.31574,58.35645],[19.31605,58.35665],[19.31611,58.3567],[19.31615,58.35674],[19.31626,58.35678],[19.3164,58.35687],[19.31648,58.35696],[19.31663,58.35702],[19.31672,58.35708],[19.31672,58.35709],[19.31673,58.35709],[19.3169,58.35722],[19.3169,58.35722],[19.31719,58.35738],[19.31734,58.35744],[19.31736,58.35745],[19.31738,58.35746],[19.31787,58.35765],[19.31798,58.35772],[19.31813,58.35776],[19.31828,58.35783],[19.31845,58.35796],[19.31871,58.35805],[19.31907,58.35825],[19.3191,58.35828],[19.31916,58.3583],[19.31938,58.35844],[19.3199,58.35873],[19.31991,58.35874],[19.31992,58.35874],[19.32013,58.35886],[19.32047,58.35904],[19.32047,58.35904],[19.32047,58.35904],[19.32072,58.35917],[19.32084,58.35923],[19.32096,58.35929],[19.32104,58.35935],[19.32116,58.35939],[19.32154,58.35958],[19.32154,58.35959],[19.32155,58.35959],[19.32181,58.35973],[19.32218,58.3599],[19.32222,58.35991],[19.32261,58.36007],[19.3228,58.3602],[19.32307,58.36028],[19.32329,58.3604],[19.3233,58.36041],[19.32332,58.36041],[19.32353,58.36052],[19.32358,58.36057],[19.32367,58.3606],[19.32402,58.3608],[19.32413,58.36086],[19.32419,58.36088],[19.32427,58.36091],[19.32428,58.36091],[19.3243,58.36092],[19.3245,58.36098],[19.3246,58.36104],[19.32474,58.36107],[19.32507,58.3612],[19.32524,58.36126],[19.32536,58.36133],[19.32553,58.36137],[19.32568,58.36144],[19.32582,58.36153],[19.32598,58.36158],[19.32603,58.3616],[19.32604,58.3616],[19.32607,58.36162],[19.32612,58.36164],[19.32613,58.36165],[19.32615,58.36166],[19.32616,58.36166],[19.32618,58.36167],[19.32677,58.36195],[19.32681,58.36198],[19.32686,58.362],[19.32697,58.36205],[19.32715,58.36221],[19.32741,58.3623],[19.3276,58.36242],[19.32772,58.36254],[19.32792,58.36263],[19.32797,58.36267],[19.32798,58.36268],[19.32798,58.36268],[19.32798,58.36268],[19.328,58.3627],[19.32804,58.36272],[19.32811,58.36278],[19.32838,58.36318],[19.32839,58.36318],[19.32839,58.36319],[19.32852,58.36338],[19.32857,58.36345],[19.32877,58.36367],[19.32877,58.36371],[19.32877,58.36371],[19.32897,58.36398],[19.32902,58.3642],[19.32904,58.36426],[19.32904,58.36428],[19.32905,58.36429],[19.32916,58.36465],[19.32911,58.36489],[19.32923,58.36513],[19.32922,58.36554],[19.32909,58.36578],[19.32912,58.36603],[19.32902,58.36629],[19.32881,58.36651],[19.32875,58.36676],[19.32864,58.36691],[19.32844,58.36705],[19.32836,58.36722],[19.32826,58.36732],[19.3282,58.36738],[19.32812,58.36742],[19.32808,58.36748],[19.32798,58.36758],[19.32776,58.36769],[19.32764,58.36785],[19.32745,58.36798],[19.32732,58.36803],[19.32726,58.36811],[19.32708,58.36822],[19.327,58.36825],[19.32696,58.36829],[19.32681,58.36837],[19.32665,58.36843],[19.32655,58.36851],[19.32625,58.36867],[19.32615,58.36869],[19.32609,58.36874],[19.32588,58.36884],[19.32553,58.36893],[19.32527,58.36908],[19.32525,58.36909],[19.3251,58.36911],[19.32506,58.36914],[19.32502,58.36915],[19.32498,58.36917],[19.32487,58.3692],[19.32478,58.36924],[19.32472,58.36925],[19.32467,58.36926],[19.32461,58.36927],[19.3245,58.36933],[19.32432,58.36939],[19.32396,58.3695],[19.32388,58.36951],[19.32382,58.36954],[19.32341,58.36967],[19.32323,58.36969],[19.32309,58.36975],[19.32285,58.36981],[19.32282,58.36981],[19.3228,58.36983],[19.32242,58.36992],[19.32239,58.36992],[19.3221,58.37],[19.32198,58.37001],[19.32192,58.37004],[19.3217,58.3701],[19.32167,58.37011],[19.32158,58.37013],[19.32148,58.37014],[19.32133,58.37019],[19.32119,58.37022],[19.32103,58.37024],[19.32089,58.37028],[19.32081,58.3703],[19.32054,58.37039],[19.32021,58.37043],[19.31995,58.37054],[19.31965,58.37061],[19.31952,58.37068],[19.31935,58.37073],[19.3193,58.37077],[19.31929,58.37077],[19.31929,58.37077],[19.31922,58.37083],[19.31907,58.37089],[19.31893,58.37096],[19.31882,58.37099],[19.31874,58.37104],[19.31811,58.37132],[19.31793,58.3714],[19.31769,58.37145],[19.31752,58.37156],[19.31682,58.37181],[19.31679,58.37182],[19.31677,58.37183],[19.31606,58.37208],[19.31599,58.37209],[19.31594,58.37211],[19.31523,58.37235],[19.31523,58.37235],[19.31522,58.37235],[19.31493,58.37245],[19.31488,58.37248],[19.31443,58.37266],[19.314,58.37284],[19.31394,58.37286],[19.3139,58.37289],[19.31342,58.37308],[19.3133,58.37317],[19.31313,58.37326],[19.31306,58.37327],[19.31301,58.37331],[19.31255,58.37351],[19.31254,58.37351],[19.31251,58.37352],[19.31251,58.37353],[19.31248,58.37354],[19.31232,58.37361],[19.31226,58.37363],[19.31223,58.37365],[19.31213,58.3737],[19.31163,58.37392],[19.31107,58.37417],[19.31061,58.3744],[19.31004,58.37468],[19.30996,58.3747],[19.30991,58.37474],[19.30969,58.37484],[19.30946,58.3749],[19.3093,58.37501],[19.30903,58.37511],[19.30898,58.37512],[19.30897,58.37513],[19.30886,58.37517],[19.30885,58.37517],[19.30883,58.37518],[19.30834,58.37538],[19.30807,58.37549],[19.30794,58.37552],[19.30784,58.37557],[19.3077,58.37562],[19.30731,58.37576],[19.30706,58.37586],[19.30698,58.37588],[19.30692,58.37591],[19.30657,58.37604],[19.30602,58.37623],[19.30584,58.3763],[19.30551,58.37644],[19.3055,58.37645],[19.30549,58.37645],[19.30533,58.37652],[19.30474,58.37678],[19.30474,58.37678],[19.30473,58.37678],[19.30409,58.37706],[19.30402,58.37708],[19.30397,58.37711],[19.30371,58.37722],[19.30361,58.37726],[19.30345,58.37734],[19.30325,58.37739],[19.30312,58.37749],[19.30297,58.37754],[19.30272,58.37766],[19.30257,58.3777],[19.30246,58.37777],[19.30226,58.37785],[19.30225,58.37786],[19.30224,58.37787],[19.30179,58.37805],[19.30162,58.37813],[19.30106,58.3784],[19.30047,58.3787],[19.30042,58.37871],[19.30039,58.37874],[19.30025,58.37881],[19.30014,58.37884],[19.30007,58.37889],[19.29992,58.37895],[19.29986,58.37898],[19.29973,58.37901],[19.29947,58.37913],[19.2988,58.37947],[19.29808,58.37985],[19.29807,58.37985],[19.29807,58.37986],[19.29706,58.38038],[19.29703,58.38039],[19.29701,58.38041],[19.29646,58.38069],[19.29644,58.3807],[19.29642,58.38071],[19.29618,58.38083],[19.29593,58.38098],[19.2958,58.38103],[19.29573,58.3811],[19.29513,58.38142],[19.29513,58.38143],[19.29508,58.38147],[19.29505,58.38149],[19.29502,58.38152],[19.29502,58.38152],[19.29502,58.38153],[19.29492,58.38163],[19.29475,58.38182],[19.29471,58.38185],[19.2947,58.38188],[19.29432,58.38229],[19.29426,58.38233],[19.29424,58.38238],[19.2939,58.38271],[19.29366,58.38284],[19.29353,58.38301],[19.29347,58.38306],[19.29335,58.38311],[19.29328,58.38316],[19.29324,58.38331],[19.29315,58.38342],[19.29278,58.38365],[19.2927,58.38376],[19.29268,58.38381],[19.29263,58.38386],[19.29257,58.38393],[19.2925,58.38398],[19.29249,58.384],[19.29245,58.38401],[19.2924,58.38405],[19.29238,58.3841],[19.29228,58.38418],[19.29211,58.38427],[19.29203,58.38438],[19.29191,58.38447],[19.2913,58.38473],[19.2913,58.38473],[19.29125,58.38484],[19.29087,58.38506],[19.29074,58.38522],[19.29068,58.38525],[19.29068,58.38525],[19.29056,58.38538],[19.29028,58.38547],[19.29012,58.3856],[19.28975,58.3857],[19.28946,58.38587],[19.28943,58.38588],[19.28884,58.38598],[19.28835,58.38616],[19.28806,58.38617],[19.28776,58.38625],[19.28732,58.38624],[19.2869,58.38631],[19.28623,58.38623],[19.28569,58.38625],[19.28547,58.38619],[19.2851,58.38619],[19.28493,58.38616],[19.28492,58.38616],[19.28491,58.38616],[19.28459,58.38605],[19.28429,58.38601],[19.28408,58.38591],[19.28408,58.38591],[19.28355,58.386],[19.28331,58.38601],[19.2831,58.38606],[19.283,58.38608],[19.28281,58.38607],[19.28263,58.38611],[19.28193,58.38616],[19.2812,58.38622],[19.28075,58.38627],[19.28033,58.38633],[19.28024,58.38635],[19.27979,58.38645],[19.27963,58.38646],[19.27949,58.38651],[19.27882,58.38663],[19.27832,58.38674],[19.27819,58.38677],[19.27805,58.38678],[19.27793,58.38683],[19.2773,58.38697],[19.27722,58.38697],[19.27715,58.387],[19.27688,58.38705],[19.27655,58.38713],[19.27648,58.38713],[19.27639,58.38716],[19.27636,58.38717],[19.27621,58.3872],[19.27618,58.38721],[19.27576,58.38731],[19.27575,58.38731],[19.27574,58.38731],[19.27561,58.38734],[19.27559,58.38734],[19.27529,58.38742],[19.27488,58.38746],[19.27454,58.38758],[19.27437,58.38761],[19.27407,58.38761],[19.27381,58.38768],[19.27362,58.38769],[19.27362,58.3877],[19.27353,58.38771],[19.27353,58.38771],[19.27353,58.38771],[19.27331,58.38776],[19.27318,58.38776],[19.27299,58.38783],[19.27268,58.38789],[19.27259,58.38789],[19.27252,58.38792],[19.27229,58.38796],[19.27226,58.38797],[19.27189,58.38808],[19.2716,58.38811],[19.27137,58.3882],[19.27101,58.38828],[19.2706,58.38838],[19.27053,58.38838],[19.27048,58.38841],[19.27018,58.38847],[19.27016,58.38847],[19.27015,58.38848],[19.26943,58.38864],[19.26926,58.38868],[19.26914,58.38869],[19.26904,58.38872],[19.26866,58.3888],[19.2679,58.38896],[19.26774,58.38899],[19.26715,58.38914],[19.26704,58.38915],[19.26695,58.38919],[19.26648,58.3893],[19.26647,58.3893],[19.26619,58.38941],[19.26599,58.38945],[19.26585,58.38952],[19.26549,58.38964],[19.26483,58.38973],[19.26424,58.38992],[19.26371,58.38999],[19.26326,58.39],[19.26285,58.39008],[19.26234,58.39011],[19.2622,58.39015],[19.26185,58.39019],[19.26157,58.3903],[19.26143,58.39033],[19.26128,58.39037],[19.26125,58.39038],[19.26124,58.39038],[19.26122,58.39039],[19.26118,58.39039],[19.26107,58.39044],[19.26097,58.39047],[19.26054,58.39052],[19.26052,58.39052],[19.26047,58.39053],[19.26044,58.39054],[19.26032,58.39058],[19.26019,58.39059],[19.26002,58.39067],[19.25988,58.39071],[19.25944,58.39076],[19.25905,58.39088],[19.25896,58.39089],[19.25837,58.391],[19.25806,58.39105],[19.25802,58.39106],[19.25779,58.39111],[19.25771,58.39112],[19.25764,58.39114],[19.25717,58.39124],[19.2571,58.39125],[19.25705,58.39127],[19.25695,58.39129],[19.25688,58.39129],[19.25687,58.3913],[19.25657,58.39142],[19.25649,58.39143],[19.25649,58.39143],[19.25646,58.39144],[19.25631,58.39147],[19.25628,58.39149],[19.25618,58.39152],[19.25597,58.39155],[19.25581,58.39162],[19.25533,58.39174],[19.25521,58.39175],[19.25511,58.39179],[19.25471,58.39188],[19.25446,58.39197],[19.25316,58.39247],[19.253,58.3925],[19.25288,58.39256],[19.25206,58.39284],[19.25186,58.39287],[19.2517,58.39295],[19.2509,58.39317],[19.25022,58.39339],[19.24982,58.39357],[19.24966,58.39377],[19.24963,58.39382],[19.24962,58.39382],[19.24962,58.39382],[19.24952,58.39395],[19.24941,58.39403],[19.24936,58.39405],[19.24935,58.39406],[19.24908,58.39416],[19.24841,58.39443],[19.24796,58.39469],[19.24769,58.39474],[19.24742,58.39486],[19.24727,58.39489],[19.24685,58.39493],[19.24685,58.39493],[19.24674,58.39497],[19.24621,58.39499],[19.24542,58.39513],[19.24522,58.39513],[19.24489,58.39509],[19.24464,58.39511],[19.24453,58.39509],[19.24439,58.39511],[19.24427,58.39509],[19.24409,58.3951],[19.24386,58.39508],[19.2431,58.39489],[19.24261,58.39484],[19.24245,58.39476],[19.24186,58.39466],[19.24185,58.39465],[19.24179,58.39465],[19.24164,58.39462],[19.24149,58.39463],[19.24125,58.3946],[19.24065,58.39459],[19.24053,58.39457],[19.23999,58.3946],[19.23979,58.39458],[19.23958,58.3946],[19.23853,58.39461],[19.23843,58.39459],[19.23833,58.3946],[19.23754,58.39459],[19.23731,58.39455],[19.23649,58.3946],[19.23625,58.39458],[19.23587,58.39455],[19.23555,58.39455],[19.23519,58.39457],[19.23467,58.39459],[19.23402,58.39465],[19.23388,58.39464],[19.23375,58.39466],[19.23352,58.39467],[19.23331,58.3947],[19.23321,58.3947],[19.23313,58.39472],[19.23254,58.39477],[19.23241,58.39477],[19.2323,58.39479],[19.23188,58.39482],[19.23128,58.39489],[19.23099,58.39489],[19.23073,58.39494],[19.23013,58.39497],[19.23012,58.39497],[19.23011,58.39497],[19.2298,58.39499],[19.22933,58.39505],[19.22879,58.39504],[19.22875,58.39505],[19.22785,58.39516],[19.22755,58.39515],[19.22726,58.39521],[19.2265,58.39525],[19.22647,58.39525],[19.22585,58.3953],[19.22434,58.39543],[19.22315,58.39555],[19.22313,58.39555],[19.22312,58.39555],[19.22177,58.39567],[19.22175,58.39567],[19.22173,58.39568],[19.22057,58.39578],[19.22052,58.39578],[19.22047,58.39579],[19.22001,58.39583],[19.21998,58.39583],[19.21966,58.39589],[19.21899,58.39592],[19.21889,58.39594],[19.21872,58.39599],[19.21842,58.39603],[19.21836,58.39604],[19.21832,58.39604],[19.21719,58.39619],[19.21702,58.39619],[19.21688,58.39623],[19.21658,58.39626],[19.2164,58.39629],[19.21599,58.39632],[19.21561,58.39642],[19.2148,58.3965],[19.21282,58.39677],[19.21117,58.39702],[19.21106,58.39702],[19.21096,58.39705],[19.20942,58.39725],[19.20748,58.39758],[19.20741,58.39758],[19.20736,58.3976],[19.20535,58.39791],[19.20515,58.39791],[19.20497,58.39796],[19.20347,58.39813],[19.2023,58.39832],[19.20227,58.39832],[19.20224,58.39832],[19.20077,58.39854],[19.20074,58.39854],[19.20072,58.39855],[19.19921,58.39877],[19.19917,58.39877],[19.19914,58.39878],[19.19782,58.39895],[19.19714,58.39909],[19.19695,58.39914],[19.19631,58.39932],[19.19597,58.39936],[19.19568,58.39947],[19.19471,58.39966],[19.19449,58.39967],[19.19431,58.39973],[19.19332,58.39988],[19.19307,58.39988],[19.19284,58.39994],[19.19186,58.40003],[19.19126,58.4],[19.19067,58.40007],[19.19,58.40005],[19.18965,58.39999],[19.18928,58.40001],[19.18875,58.39995],[19.18873,58.39995],[19.18767,58.4001],[19.18766,58.4001],[19.18765,58.4001],[19.1864,58.40026],[19.18576,58.40036],[19.18576,58.40036],[19.18541,58.40059],[19.18509,58.40095],[19.18493,58.40105],[19.18449,58.40121],[19.18416,58.40144],[19.18391,58.40154],[19.18357,58.40161],[19.1833,58.40175],[19.18292,58.40186],[19.18251,58.40192],[19.18217,58.40204],[19.1818,58.40212],[19.18159,58.40213],[19.18142,58.40218],[19.18105,58.40224],[19.1807,58.40224],[19.18038,58.40231],[19.17993,58.40235],[19.17986,58.40234],[19.1798,58.40236],[19.17917,58.40239],[19.17882,58.40237],[19.17848,58.40241],[19.17783,58.40241],[19.17766,58.40238],[19.1775,58.4024],[19.1769,58.40237],[19.17637,58.40228],[19.1758,58.40226],[19.17537,58.40219],[19.17503,58.40208],[19.17464,58.40204],[19.17414,58.40192],[19.1738,58.40176],[19.17337,58.40168],[19.1731,58.40158],[19.17291,58.40145],[19.17263,58.40137],[19.17234,58.40123],[19.17187,58.40084],[19.17161,58.40074],[19.17145,58.40052],[19.17102,58.40021],[19.17093,58.40009],[19.17092,58.40006],[19.17092,58.40006],[19.17091,58.40005]]]},"properties":{"NVRID":"2000443","NAMN":"Salvorev-Kopparstenarna","SKYDDSTYP":"Naturreservat","LAN":"Gotlands Län","KOMMUN":"Gotland","IUCNKATEGORI":"Ib, Vildmarksområde (Wilderness Area)","FORVALTARE":"Länsstyrelsen i Gotlands län","AREA_HA":56031.049,"URSPR_BESLUTSDATUM":"1987-10-26"}},{"type":"Feature","geometry":{"type":"Polygon","coordinates":[[[18.9995,57.78014],[18.99955,57.78016],[18.99962,57.78021],[18.99965,57.78025],[18.99974,57.7803],[18.99977,57.78031],[18.99988,57.78037],[18.99991,57.78042],[18.99991,57.78045],[18.99989,57.78049],[18.99985,57.78048],[18.9998,57.78047],[18.99975,57.78048],[18.99975,57.78048],[18.99975,57.78048],[18.99973,57.78054],[18.99981,57.78066],[18.99987,57.78071],[18.99994,57.78076],[18.99997,57.78082],[19.00003,57.78087],[19.00016,57.78093],[19.00026,57.78097],[19.00038,57.78103],[19.00054,57.7811],[19.00061,57.78115],[19.00088,57.78134],[19.00108,57.78142],[19.00115,57.78143],[19.00149,57.78143],[19.00158,57.78143],[19.00166,57.78143],[19.00169,57.78142],[19.00181,57.78136],[19.00199,57.78131],[19.00211,57.78131],[19.00211,57.78131],[19.00211,57.78131],[19.00211,57.78131],[19.00218,57.7813],[19.00218,57.7813],[19.00223,57.78129],[19.00223,57.78128],[19.00226,57.78122],[19.0024,57.78119],[19.0025,57.78117],[19.00255,57.78116],[19.00276,57.78125],[19.00277,57.78127],[19.00276,57.78137],[19.00279,57.78141],[19.00281,57.78143],[19.00289,57.78147],[19.00296,57.78148],[19.00301,57.78149],[19.00303,57.7815],[19.00301,57.78165],[19.00302,57.78173],[19.00303,57.78178],[19.00302,57.78187],[19.003,57.78193],[19.00302,57.78197],[19.00304,57.782],[19.00307,57.78204],[19.00317,57.7821],[19.0032,57.78212],[19.00321,57.78213],[19.00325,57.7822],[19.00335,57.78227],[19.00341,57.78232],[19.00351,57.78237],[19.00355,57.78241],[19.00357,57.78244],[19.00363,57.78246],[19.00374,57.78248],[19.0038,57.78252],[19.00408,57.78264],[19.00419,57.78268],[19.00443,57.78272],[19.0045,57.78274],[19.00458,57.78278],[19.00478,57.78285],[19.0048,57.78286],[19.00485,57.78289],[19.00491,57.78296],[19.005,57.78308],[19.0053,57.78324],[19.00539,57.78327],[19.00551,57.7833],[19.00554,57.78331],[19.00591,57.78343],[19.00599,57.78345],[19.00603,57.7835],[19.00608,57.78354],[19.00616,57.78356],[19.00626,57.78357],[19.0063,57.78358],[19.00637,57.78363],[19.00644,57.78367],[19.00646,57.78369],[19.00648,57.7837],[19.0065,57.78376],[19.00645,57.78382],[19.00643,57.78385],[19.00643,57.78385],[19.00648,57.78388],[19.00663,57.78393],[19.00676,57.78395],[19.00682,57.78395],[19.00686,57.78396],[19.0069,57.784],[19.00691,57.78403],[19.00688,57.78405],[19.00686,57.78406],[19.00683,57.7841],[19.00683,57.7841],[19.00685,57.78413],[19.0069,57.78418],[19.00697,57.78421],[19.00707,57.78424],[19.00711,57.78427],[19.00715,57.78429],[19.00722,57.78431],[19.00724,57.78432],[19.00725,57.78436],[19.00714,57.78441],[19.00714,57.78441],[19.00714,57.78446],[19.00713,57.78451],[19.00715,57.78457],[19.00716,57.78461],[19.00721,57.78469],[19.00727,57.78476],[19.00727,57.7848],[19.00727,57.78482],[19.0074,57.78494],[19.00742,57.78497],[19.00739,57.78511],[19.00737,57.78517],[19.00737,57.78522],[19.00737,57.78522],[19.00741,57.78525],[19.00741,57.78525],[19.0076,57.78527],[19.00767,57.78526],[19.00767,57.78526],[19.00772,57.78518],[19.0078,57.78516],[19.00786,57.78515],[19.00799,57.78505],[19.00804,57.78502],[19.0081,57.785],[19.00814,57.785],[19.00819,57.785],[19.00828,57.78504],[19.00838,57.78508],[19.00855,57.78514],[19.00864,57.78517],[19.00868,57.78525],[19.00868,57.78527],[19.00861,57.7853],[19.0086,57.78534],[19.00859,57.78535],[19.00852,57.78535],[19.00847,57.78535],[19.00846,57.78535],[19.0084,57.78539],[19.00835,57.78542],[19.00825,57.78548],[19.00825,57.78548],[19.00825,57.78552],[19.00825,57.78552],[19.00836,57.78557],[19.00857,57.78565],[19.00864,57.7857],[19.00868,57.78574],[19.00873,57.78584],[19.00872,57.78585],[19.0087,57.78589],[19.0087,57.78592],[19.0087,57.78592],[19.00873,57.78596],[19.0089,57.78603],[19.00901,57.78606],[19.00915,57.78606],[19.00915,57.78606],[19.0092,57.78604],[19.00922,57.78603],[19.00928,57.78602],[19.00928,57.78602],[19.00934,57.78598],[19.00939,57.78593],[19.00949,57.78588],[19.00954,57.78586],[19.00955,57.78582],[19.00954,57.78578],[19.00949,57.78574],[19.00936,57.78568],[19.00934,57.78566],[19.00965,57.78565],[19.00971,57.78565],[19.00976,57.78564],[19.00976,57.78564],[19.00983,57.7856],[19.00985,57.78559],[19.00991,57.78559],[19.01,57.7856],[19.01006,57.78562],[19.01008,57.78566],[19.01008,57.78566],[19.01017,57.78567],[19.01035,57.78565],[19.01081,57.78563],[19.01086,57.78562],[19.01086,57.78562],[19.01098,57.78548],[19.01099,57.78548],[19.011,57.78548],[19.01103,57.7855],[19.01101,57.78565],[19.01103,57.7857],[19.01106,57.78573],[19.01111,57.78575],[19.01117,57.78577],[19.01125,57.7858],[19.01127,57.78582],[19.0113,57.78586],[19.01134,57.78587],[19.01134,57.78587],[19.01143,57.78586],[19.01156,57.78577],[19.01162,57.78575],[19.01166,57.78573],[19.01166,57.78573],[19.01166,57.78573],[19.01166,57.78573],[19.01156,57.78568],[19.01152,57.78566],[19.01152,57.78565],[19.01154,57.78565],[19.0117,57.78564],[19.01183,57.78563],[19.01189,57.78561],[19.01192,57.78559],[19.01192,57.78559],[19.01191,57.78559],[19.01179,57.78557],[19.01177,57.78556],[19.01185,57.78554],[19.0119,57.78554],[19.012,57.78556],[19.01207,57.78555],[19.01211,57.78555],[19.0122,57.78557],[19.01227,57.78558],[19.0125,57.78552],[19.01253,57.78551],[19.01263,57.78553],[19.01269,57.78554],[19.0127,57.78556],[19.01271,57.78558],[19.01276,57.78562],[19.01276,57.78562],[19.01284,57.78563],[19.01302,57.78564],[19.01314,57.78562],[19.01319,57.78561],[19.01359,57.78566],[19.0137,57.78566],[19.01379,57.78565],[19.01404,57.78573],[19.01413,57.78575],[19.01422,57.78573],[19.01426,57.78572],[19.0143,57.78571],[19.0143,57.78571],[19.01424,57.78581],[19.01424,57.78584],[19.01424,57.78584],[19.01436,57.78591],[19.01443,57.78594],[19.01447,57.78595],[19.01462,57.78599],[19.01475,57.78599],[19.01483,57.78598],[19.01497,57.78599],[19.01501,57.78599],[19.0151,57.78598],[19.01517,57.78594],[19.01527,57.78593],[19.01539,57.78594],[19.01556,57.78598],[19.01564,57.78601],[19.01572,57.78601],[19.0158,57.78603],[19.01583,57.78605],[19.01589,57.78613],[19.01603,57.78627],[19.01607,57.7863],[19.01623,57.78639],[19.01632,57.78646],[19.01647,57.78654],[19.01647,57.78654],[19.01647,57.78654],[19.01664,57.78652],[19.01673,57.78652],[19.01679,57.78655],[19.01694,57.78665],[19.01703,57.78673],[19.01734,57.78684],[19.01773,57.78709],[19.01779,57.78712],[19.01785,57.78714],[19.01802,57.78719],[19.01807,57.78721],[19.01841,57.78727],[19.01863,57.78732],[19.01874,57.78735],[19.01881,57.78737],[19.01888,57.78741],[19.01894,57.78744],[19.01922,57.7875],[19.01952,57.7875],[19.01958,57.7875],[19.01958,57.7875],[19.01958,57.78749],[19.01959,57.78746],[19.01962,57.78743],[19.01967,57.78741],[19.01982,57.78738],[19.01994,57.78738],[19.02001,57.78739],[19.02008,57.7874],[19.02008,57.7874],[19.02029,57.78729],[19.02036,57.78726],[19.02052,57.78722],[19.02061,57.78719],[19.02066,57.78718],[19.02071,57.78715],[19.02092,57.78706],[19.02098,57.78705],[19.02104,57.78705],[19.02107,57.78705],[19.0211,57.78712],[19.0211,57.78712],[19.02121,57.78717],[19.02135,57.78719],[19.02164,57.78716],[19.02176,57.78711],[19.0218,57.78705],[19.0218,57.78705],[19.02178,57.78702],[19.0217,57.78697],[19.0217,57.78696],[19.02172,57.78693],[19.02177,57.78692],[19.02182,57.78693],[19.02188,57.78695],[19.0219,57.78699],[19.02201,57.7871],[19.02211,57.78717],[19.02218,57.78722],[19.02224,57.78724],[19.02231,57.78724],[19.02239,57.78724],[19.0226,57.78719],[19.02271,57.78715],[19.02281,57.7871],[19.02288,57.78706],[19.02298,57.78692],[19.02298,57.78689],[19.02298,57.78689],[19.02292,57.78685],[19.02287,57.78683],[19.02287,57.78683],[19.02286,57.78683],[19.02274,57.78687],[19.02262,57.78699],[19.02259,57.78701],[19.02251,57.78701],[19.02241,57.78702],[19.02236,57.78704],[19.0223,57.78708],[19.02228,57.78709],[19.0222,57.78707],[19.02209,57.78698],[19.02207,57.78693],[19.02212,57.78687],[19.02233,57.78681],[19.02246,57.78678],[19.02249,57.78677],[19.02253,57.78675],[19.02274,57.78667],[19.02281,57.78664],[19.0229,57.78656],[19.02291,57.78656],[19.02292,57.78651],[19.0229,57.78648],[19.0229,57.78644],[19.02292,57.78639],[19.02294,57.78634],[19.02299,57.78625],[19.02302,57.78619],[19.02309,57.78613],[19.02312,57.78611],[19.02317,57.78609],[19.02322,57.78605],[19.0233,57.78594],[19.02361,57.78557],[19.02367,57.78548],[19.02382,57.78527],[19.02395,57.78518],[19.024,57.78513],[19.02403,57.78511],[19.02424,57.78503],[19.02431,57.78502],[19.02435,57.78501],[19.02438,57.78501],[19.02448,57.785],[19.02465,57.78498],[19.02485,57.7849],[19.0249,57.78487],[19.02496,57.78485],[19.02502,57.78484],[19.02513,57.78475],[19.0252,57.78474],[19.02533,57.78472],[19.02538,57.78471],[19.02542,57.78467],[19.02545,57.78463],[19.02558,57.78457],[19.0263,57.78441],[19.02638,57.78438],[19.02641,57.78437],[19.02645,57.78435],[19.02648,57.78433],[19.02654,57.78426],[19.02657,57.78417],[19.02657,57.78403],[19.02657,57.78403],[19.02657,57.78403],[19.02649,57.78403],[19.02649,57.78403],[19.02636,57.78406],[19.02623,57.78409],[19.02614,57.78411],[19.02603,57.78418],[19.02571,57.78422],[19.02556,57.78424],[19.02544,57.78422],[19.02533,57.78409],[19.02539,57.78404],[19.02545,57.784],[19.02558,57.78375],[19.0256,57.7837],[19.02561,57.78359],[19.02561,57.78359],[19.02558,57.78357],[19.02558,57.78357],[19.02528,57.78354],[19.02521,57.78352],[19.02521,57.78351],[19.02522,57.78347],[19.02525,57.78334],[19.02526,57.78333],[19.0253,57.78334],[19.02539,57.78338],[19.02544,57.7834],[19.0255,57.78341],[19.0256,57.7834],[19.02564,57.78338],[19.02566,57.78337],[19.02568,57.78336],[19.02568,57.78336],[19.02568,57.78336],[19.02568,57.78335],[19.02576,57.78333],[19.02589,57.7833],[19.02608,57.7832],[19.02616,57.78316],[19.02627,57.78315],[19.02632,57.78316],[19.02634,57.78317],[19.02628,57.78321],[19.02626,57.78325],[19.02626,57.78325],[19.02633,57.78331],[19.02648,57.78337],[19.02672,57.78343],[19.02694,57.78347],[19.02704,57.78348],[19.02709,57.78347],[19.02709,57.78347],[19.02709,57.78347],[19.02711,57.78341],[19.02707,57.78337],[19.02703,57.78336],[19.02698,57.78335],[19.02693,57.78335],[19.02691,57.78334],[19.02687,57.78333],[19.02683,57.78331],[19.02678,57.7833],[19.02674,57.7833],[19.02671,57.78329],[19.02667,57.78328],[19.02665,57.78327],[19.02663,57.78327],[19.02662,57.78325],[19.02664,57.78322],[19.02666,57.78319],[19.02668,57.78314],[19.02671,57.78309],[19.02674,57.78304],[19.02677,57.78301],[19.02684,57.78297],[19.02694,57.78294],[19.02705,57.7829],[19.02714,57.78284],[19.0272,57.78277],[19.02721,57.78275],[19.02724,57.78272],[19.02727,57.78269],[19.02729,57.78265],[19.02731,57.7826],[19.02731,57.78253],[19.02728,57.78251],[19.02723,57.78249],[19.0272,57.78246],[19.02715,57.78243],[19.02709,57.78241],[19.02706,57.7824],[19.02696,57.78237],[19.02682,57.78224],[19.02678,57.78219],[19.02678,57.78217],[19.02681,57.78214],[19.02683,57.78209],[19.02683,57.78209],[19.02677,57.78203],[19.02668,57.78192],[19.02664,57.78187],[19.0266,57.7818],[19.02659,57.78174],[19.02659,57.78162],[19.02665,57.78157],[19.02669,57.78154],[19.02668,57.78151],[19.02667,57.78148],[19.02667,57.78145],[19.02668,57.78142],[19.02672,57.78137],[19.02675,57.78133],[19.02678,57.78131],[19.02687,57.78125],[19.02693,57.78122],[19.02699,57.78119],[19.02703,57.78118],[19.0271,57.78116],[19.02716,57.78114],[19.02724,57.7811],[19.02729,57.78108],[19.02734,57.78107],[19.02742,57.78107],[19.02749,57.78106],[19.02755,57.78105],[19.0276,57.78103],[19.0276,57.78103],[19.0276,57.781],[19.0276,57.781],[19.02757,57.78098],[19.02753,57.78097],[19.02747,57.78097],[19.02743,57.78097],[19.02738,57.78098],[19.02736,57.78098],[19.0273,57.78099],[19.02727,57.78099],[19.02722,57.78098],[19.0272,57.78098],[19.0272,57.78096],[19.0272,57.78092],[19.02721,57.78089],[19.02721,57.78087],[19.02722,57.78084],[19.02723,57.78081],[19.02722,57.78077],[19.02722,57.78073],[19.02722,57.78069],[19.02721,57.78066],[19.0272,57.78062],[19.02718,57.78058],[19.02718,57.78055],[19.02719,57.78052],[19.0272,57.78049],[19.02723,57.78045],[19.0273,57.78041],[19.02736,57.78036],[19.02742,57.78032],[19.02746,57.78029],[19.02751,57.78026],[19.02755,57.78024],[19.02759,57.7802],[19.02762,57.78016],[19.02764,57.78013],[19.02764,57.78009],[19.02761,57.78007],[19.02759,57.78003],[19.02757,57.78],[19.02754,57.77997],[19.02751,57.77994],[19.02749,57.7799],[19.02746,57.77983],[19.02744,57.77979],[19.02743,57.77975],[19.02742,57.77972],[19.02743,57.77968],[19.02744,57.77963],[19.02745,57.77959],[19.02746,57.77956],[19.02749,57.77953],[19.02752,57.77949],[19.02766,57.77922],[19.02776,57.77889],[19.02779,57.77886],[19.02782,57.77884],[19.02788,57.77881],[19.028,57.77878],[19.02808,57.77877],[19.02819,57.77878],[19.02825,57.77879],[19.02832,57.77878],[19.02832,57.77878],[19.02838,57.77875],[19.0284,57.77872],[19.0284,57.77872],[19.0284,57.77872],[19.02837,57.7787],[19.02837,57.7787],[19.02831,57.77869],[19.02827,57.77869],[19.02823,57.77868],[19.02821,57.77867],[19.0282,57.77866],[19.02819,57.77864],[19.02822,57.77861],[19.02828,57.7786],[19.02828,57.7786],[19.02833,57.77852],[19.02836,57.77849],[19.02837,57.77843],[19.02838,57.77838],[19.02822,57.77813],[19.0282,57.77809],[19.02816,57.77798],[19.02812,57.77792],[19.02807,57.77785],[19.02802,57.77776],[19.02797,57.7777],[19.02795,57.77767],[19.02795,57.77766],[19.02793,57.77761],[19.0279,57.77755],[19.02786,57.7775],[19.02782,57.77743],[19.02781,57.77738],[19.02783,57.77735],[19.02786,57.77732],[19.02789,57.77729],[19.02793,57.77727],[19.02801,57.77726],[19.02809,57.77723],[19.02816,57.77718],[19.02819,57.77715],[19.02819,57.77711],[19.02814,57.77707],[19.02807,57.77704],[19.02797,57.77702],[19.02797,57.77702],[19.02787,57.77703],[19.02779,57.77705],[19.02779,57.77705],[19.02775,57.77709],[19.02768,57.77711],[19.02764,57.7771],[19.02758,57.77707],[19.02751,57.77705],[19.02751,57.777],[19.02744,57.77697],[19.02744,57.77697],[19.02735,57.77698],[19.02729,57.777],[19.02722,57.77704],[19.02716,57.77707],[19.02711,57.77707],[19.02707,57.77706],[19.02705,57.77703],[19.02699,57.777],[19.02679,57.77698],[19.02651,57.77694],[19.02635,57.7769],[19.02596,57.7768],[19.0256,57.77665],[19.02553,57.7766],[19.0255,57.77657],[19.0255,57.77657],[19.0255,57.77657],[19.0255,57.77657],[19.0255,57.77657],[19.02527,57.77669],[19.02523,57.7767],[19.02522,57.7767],[19.02506,57.7767],[19.0241,57.77676],[19.02363,57.77672],[19.02314,57.7766],[19.02231,57.77642],[19.02224,57.77641],[19.02204,57.7764],[19.02141,57.77652],[19.0213,57.7766],[19.0209,57.7768],[19.02047,57.77694],[19.01996,57.77705],[19.01925,57.77714],[19.01863,57.77718],[19.0181,57.7772],[19.0171,57.77723],[19.01613,57.77722],[19.01558,57.77722],[19.01302,57.7776],[19.01302,57.7776],[19.01266,57.7778],[19.01224,57.77777],[19.01224,57.77777],[19.01144,57.77832],[19.01016,57.7779],[19.01016,57.7779],[19.01016,57.7779],[19.01016,57.7779],[19.00873,57.779],[19.00783,57.77892],[19.00682,57.77816],[19.00682,57.77815],[19.00682,57.77815],[19.00682,57.77816],[19.00586,57.77891],[19.00331,57.77825],[19.00331,57.77825],[19.00331,57.77825],[19.00331,57.77825],[19.00235,57.77916],[19.00179,57.77948],[18.99915,57.78003],[18.99915,57.78004],[18.99911,57.7801],[18.99911,57.7801],[18.99914,57.78015],[18.99914,57.78015],[18.99927,57.7802],[18.99934,57.78022],[18.9994,57.78022],[18.99945,57.7802],[18.99945,57.7802],[18.99949,57.78015],[18.9995,57.78014]]]},"properties":{"NVRID":"2022310","NAMN":"Furilden","SKYDDSTYP":"Naturreservat","LAN":"Gotlands Län","KOMMUN":"Gotland","IUCNKATEGORI":"IV, Habitat/Artskyddsområde (Habitat/Species Management Area)","FORVALTARE":"Länsstyrelsen i Gotlands län","AREA_HA":130.83,"URSPR_BESLUTSDATUM":"2009-12-07"}}]}