{"type":"FeatureCollection","features":[{"type":"Feature","geometry":{"type":"Polygon","coordinates":[[[13.19634,56.33633],[13.19634,56.33633],[13.19634,56.33633],[13.19638,56.33631],[13.19638,56.33631],[13.19638,56.33631],[13.19819,56.33544],[13.19914,56.33495],[13.19992,56.33459],[13.19992,56.33459],[13.19992,56.33459],[13.19965,56.33431],[13.19925,56.33389],[13.19864,56.33319],[13.19827,56.33277],[13.19812,56.3326],[13.19747,56.3321],[13.19689,56.33165],[13.19626,56.33113],[13.19544,56.33051],[13.19489,56.33005],[13.19411,56.32942],[13.19339,56.32883],[13.19174,56.32754],[13.19101,56.32693],[13.19043,56.32649],[13.18944,56.3257],[13.1891,56.32541],[13.1891,56.32541],[13.18909,56.32541],[13.18786,56.32563],[13.18786,56.32563],[13.18786,56.32563],[13.18756,56.32654],[13.18737,56.32737],[13.18725,56.32792],[13.18707,56.3287],[13.18677,56.32956],[13.18677,56.32956],[13.18728,56.33],[13.18793,56.33059],[13.18879,56.33129],[13.18917,56.33164],[13.18961,56.33202],[13.19009,56.33243],[13.1908,56.3331],[13.19124,56.3335],[13.19147,56.33369],[13.19243,56.3345],[13.19335,56.33532],[13.19521,56.33687],[13.19521,56.33687],[13.19522,56.33687],[13.1958,56.33659],[13.19634,56.33633]]]},"properties":{"NVRID":"2001095","NAMN":"Björsåkra-Bölinge","SKYDDSTYP":"Naturreservat","LAN":"Hallands Län","KOMMUN":"Laholm","IUCNKATEGORI":"IV, Habitat/Artskyddsområde (Habitat/Species Management Area)","FORVALTARE":"Länsstyrelsen i Hallands län","AREA_HA":44.625,"URSPR_BESLUTSDATUM":"1966-11-25"}},{"type":"Feature","geometry":{"type":"Polygon","coordinates":[[[12.30135,57.02614],[12.32854,57.0057],[12.34037,57.00923],[12.34037,57.00923],[12.34037,57.00923],[12.34713,57.00231],[12.35198,57.0037],[12.35196,57.00379],[12.35207,57.00417],[12.35206,57.00471],[12.35155,57.00518],[12.35092,57.00605],[12.35022,57.00671],[12.35018,57.00684],[12.35018,57.00684],[12.35066,57.00731],[12.35117,57.00744],[12.35174,57.00748],[12.35188,57.00753],[12.35187,57.00773],[12.35162,57.00797],[12.35164,57.00813],[12.35164,57.00813],[12.35164,57.00813],[12.35186,57.00822],[12.35219,57.00871],[12.35219,57.00871],[12.35224,57.00872],[12.35224,57.00872],[12.35224,57.00872],[12.35255,57.00826],[12.3527,57.00805],[12.35352,57.00688],[12.35422,57.00585],[12.35612,57.00619],[12.35612,57.00619],[12.35612,57.00619],[12.35665,57.00545],[12.35665,57.00545],[12.35665,57.00545],[12.35665,57.00545],[12.3566,57.00543],[12.35574,57.00527],[12.35631,57.00452],[12.35645,57.00452],[12.35645,57.00452],[12.35646,57.00452],[12.3573,57.00328],[12.3575,57.00327],[12.3575,57.00327],[12.3575,57.00327],[12.35818,57.00225],[12.35991,57.00013],[12.36021,56.99975],[12.36243,57.00025],[12.36243,57.00025],[12.36243,57.00025],[12.36277,56.99994],[12.36336,56.99937],[12.36379,56.99895],[12.36441,56.99835],[12.36441,56.99835],[12.36441,56.99835],[12.36341,56.99809],[12.36384,56.99771],[12.36483,56.99789],[12.36483,56.99789],[12.36484,56.99789],[12.365,56.99768],[12.36567,56.99708],[12.36637,56.99639],[12.36637,56.99639],[12.36637,56.99639],[12.36598,56.99632],[12.36141,56.99535],[12.36137,56.99532],[12.3622,56.99428],[12.36434,56.99481],[12.36434,56.99481],[12.36434,56.99481],[12.36494,56.99378],[12.36503,56.99361],[12.36506,56.99357],[12.36506,56.99357],[12.36506,56.99357],[12.36449,56.99341],[12.36472,56.99303],[12.36472,56.99303],[12.36472,56.99303],[12.36178,56.99217],[12.35623,56.99053],[12.33884,56.9898],[12.34032,56.97075],[12.34032,56.97075],[12.34032,56.97075],[12.32855,56.97124],[12.32855,56.97124],[12.32855,56.97124],[12.27125,57.02352],[12.27125,57.02352],[12.27125,57.02352],[12.30135,57.02614],[12.30135,57.02614],[12.30135,57.02614]]]},"properties":{"NVRID":"2049038","NAMN":"Sik","SKYDDSTYP":"Naturreservat","LAN":"Hallands Län","KOMMUN":"Falkenberg, Varberg","IUCNKATEGORI":"Ia, Strikt naturreservat (Strict Nature Reserve)","FORVALTARE":"Länsstyrelsen i Hallands län","AREA_HA":1394.278,"URSPR_BESLUTSDATUM":"2020-03-16"}},{"type":"Feature","geometry":{"type":"Polygon","coordinates":[[[11.91261,57.47394],[11.90062,57.47552],[11.90061,57.47552],[11.90061,57.47552],[11.89828,57.48386],[11.90245,57.49097],[11.90245,57.49097],[11.90245,57.49097],[11.91382,57.49148],[11.91975,57.49241],[11.92568,57.49658],[11.92568,57.49658],[11.92568,57.49658],[11.93829,57.49682],[11.95077,57.49068],[11.95079,57.49068],[11.95077,57.4907],[11.95074,57.49077],[11.95082,57.49092],[11.95092,57.49096],[11.951,57.49101],[11.95101,57.49106],[11.95109,57.49109],[11.95108,57.49112],[11.95108,57.49112],[11.95108,57.49112],[11.95112,57.49115],[11.95117,57.49116],[11.95121,57.49121],[11.95127,57.49126],[11.95132,57.49129],[11.95146,57.49141],[11.95146,57.49141],[11.95147,57.49141],[11.95152,57.4914],[11.95156,57.49147],[11.95168,57.49151],[11.95168,57.49151],[11.95173,57.49148],[11.95186,57.4915],[11.95195,57.49149],[11.95208,57.49149],[11.95217,57.49155],[11.95225,57.49165],[11.95229,57.49175],[11.95239,57.49181],[11.95241,57.49189],[11.95241,57.49189],[11.95263,57.49195],[11.95262,57.49199],[11.95256,57.49202],[11.95252,57.49206],[11.95244,57.49207],[11.95238,57.4921],[11.95233,57.49215],[11.95223,57.49223],[11.95223,57.49223],[11.95223,57.49223],[11.95229,57.49228],[11.95232,57.49231],[11.95236,57.49237],[11.95244,57.49241],[11.95247,57.49249],[11.95247,57.49249],[11.95255,57.49254],[11.95263,57.49264],[11.95275,57.49271],[11.95293,57.49276],[11.95314,57.49279],[11.95314,57.49279],[11.95314,57.49279],[11.95318,57.49275],[11.95325,57.49273],[11.95327,57.49271],[11.95332,57.49268],[11.95347,57.49268],[11.95355,57.4927],[11.95364,57.49272],[11.9537,57.49278],[11.95379,57.49281],[11.95389,57.49286],[11.95398,57.49289],[11.95398,57.49289],[11.95407,57.49289],[11.95411,57.49292],[11.95411,57.49292],[11.95411,57.49292],[11.95415,57.49291],[11.95422,57.49296],[11.9543,57.49298],[11.95433,57.49302],[11.95433,57.49302],[11.95442,57.49306],[11.95452,57.4931],[11.95463,57.49317],[11.95473,57.4932],[11.95484,57.49319],[11.95494,57.4932],[11.95508,57.49321],[11.9553,57.49319],[11.95547,57.49318],[11.95548,57.49318],[11.95553,57.49314],[11.95561,57.49313],[11.95561,57.49313],[11.95562,57.49309],[11.95581,57.49254],[11.95658,57.49029],[11.95658,57.49029],[11.95658,57.49029],[11.95572,57.49019],[11.95576,57.49002],[11.95612,57.48995],[11.95642,57.48998],[11.95646,57.48999],[11.95668,57.49001],[11.95668,57.49001],[11.95668,57.49001],[11.9567,57.48996],[11.95716,57.48859],[11.95729,57.48828],[11.95736,57.48809],[11.95706,57.48698],[11.95706,57.48698],[11.95706,57.48698],[11.95503,57.48716],[11.95465,57.48597],[11.95367,57.48427],[11.95352,57.48422],[11.95349,57.48421],[11.9533,57.48414],[11.95205,57.48355],[11.95145,57.48326],[11.95143,57.48325],[11.94901,57.48209],[11.94856,57.48192],[11.94558,57.4804],[11.94523,57.47943],[11.94517,57.47928],[11.94471,57.47801],[11.94459,57.47771],[11.94459,57.47771],[11.94459,57.47771],[11.94386,57.47574],[11.94384,57.47568],[11.94383,57.47567],[11.94323,57.474],[11.94191,57.47035],[11.94132,57.46874],[11.94124,57.46858],[11.94124,57.46858],[11.94124,57.46858],[11.93943,57.46864],[11.93924,57.46864],[11.93888,57.46868],[11.93717,57.46874],[11.93717,57.46875],[11.93673,57.46904],[11.93631,57.46935],[11.9363,57.46942],[11.93631,57.46942],[11.93631,57.46944],[11.93633,57.46946],[11.93633,57.46947],[11.93634,57.46947],[11.93635,57.46949],[11.93651,57.46971],[11.93651,57.46971],[11.93651,57.46971],[11.93664,57.46989],[11.93668,57.47002],[11.93669,57.47006],[11.93661,57.47015],[11.93659,57.47018],[11.93658,57.4702],[11.93649,57.47033],[11.93649,57.47034],[11.93648,57.47034],[11.93647,57.47036],[11.93646,57.47038],[11.93646,57.47038],[11.93646,57.4704],[11.93645,57.47043],[11.93645,57.47044],[11.93645,57.47045],[11.93645,57.47046],[11.93645,57.47049],[11.93645,57.4705],[11.93645,57.47051],[11.93645,57.47053],[11.93646,57.47055],[11.93646,57.47056],[11.93646,57.47056],[11.93647,57.47058],[11.93648,57.4706],[11.93648,57.47061],[11.93649,57.47062],[11.9365,57.47063],[11.93652,57.47066],[11.93652,57.47066],[11.93653,57.47067],[11.93655,57.47069],[11.93656,57.47071],[11.93657,57.47071],[11.93658,57.47072],[11.9366,57.47074],[11.93662,57.47075],[11.93663,57.47076],[11.93664,57.47079],[11.93664,57.4708],[11.93664,57.4708],[11.93665,57.47082],[11.93666,57.47085],[11.93666,57.47086],[11.93666,57.47086],[11.93669,57.4709],[11.9367,57.47091],[11.93667,57.47092],[11.93664,57.47094],[11.93661,57.47096],[11.93658,57.47099],[11.93655,57.47101],[11.93653,57.47104],[11.93651,57.47106],[11.93648,57.47111],[11.93646,57.47117],[11.93645,57.47122],[11.93645,57.47137],[11.93645,57.47137],[11.93645,57.47138],[11.93645,57.47139],[11.93646,57.47142],[11.93646,57.47143],[11.93646,57.47145],[11.93647,57.47148],[11.93648,57.47148],[11.93648,57.47149],[11.93649,57.4715],[11.93651,57.47153],[11.93651,57.47154],[11.93651,57.47154],[11.93653,57.47156],[11.93655,57.47158],[11.93656,57.47159],[11.93656,57.47159],[11.93658,57.47161],[11.93661,57.47163],[11.93661,57.47164],[11.93662,57.47164],[11.93664,57.47165],[11.93667,57.47168],[11.93668,57.47168],[11.93687,57.47178],[11.93688,57.47179],[11.93688,57.47179],[11.93703,57.47187],[11.93709,57.47193],[11.9371,57.47195],[11.9371,57.47196],[11.9371,57.47198],[11.93711,57.47199],[11.93711,57.472],[11.93712,57.47202],[11.93712,57.47203],[11.93713,57.47204],[11.93714,57.47206],[11.93715,57.47207],[11.93716,57.47208],[11.93717,57.4721],[11.93719,57.47211],[11.93719,57.47212],[11.93721,57.47214],[11.93722,57.47215],[11.93723,57.47216],[11.93725,57.47217],[11.93728,57.47219],[11.93729,57.4722],[11.93731,57.47222],[11.9374,57.47226],[11.93741,57.47227],[11.93738,57.47228],[11.93735,57.47229],[11.93732,57.47229],[11.93731,57.4723],[11.93729,57.4723],[11.93727,57.47231],[11.93723,57.47233],[11.9372,57.47234],[11.93716,57.47236],[11.93713,57.47238],[11.9371,57.4724],[11.93709,57.47241],[11.93708,57.47242],[11.93707,57.47242],[11.93705,57.47243],[11.93703,57.47245],[11.93702,57.47247],[11.93701,57.47247],[11.937,57.47248],[11.937,57.47249],[11.93699,57.47249],[11.93698,57.47249],[11.93691,57.47251],[11.9369,57.47251],[11.93689,57.47251],[11.93688,57.47251],[11.93682,57.47253],[11.93681,57.47253],[11.9368,57.47254],[11.93677,57.47255],[11.93673,57.47256],[11.93672,57.47257],[11.93672,57.47257],[11.93665,57.4726],[11.93664,57.4726],[11.93664,57.47261],[11.93662,57.47262],[11.93658,57.47264],[11.93658,57.47265],[11.93657,57.47265],[11.93644,57.47274],[11.93643,57.47275],[11.93642,57.47276],[11.93639,57.47279],[11.93637,57.47281],[11.93635,57.47283],[11.93634,57.47284],[11.93633,57.47285],[11.93633,57.47286],[11.93632,57.47287],[11.93631,57.47289],[11.9363,57.4729],[11.9363,57.47291],[11.93629,57.47292],[11.93628,57.47295],[11.93628,57.47297],[11.93628,57.473],[11.93628,57.47302],[11.93628,57.47303],[11.93628,57.47306],[11.93629,57.47308],[11.9363,57.47311],[11.9363,57.47311],[11.9363,57.47312],[11.93631,57.47314],[11.93633,57.47316],[11.935,57.47309],[11.93497,57.47308],[11.9349,57.47308],[11.93488,57.47308],[11.93486,57.47308],[11.93484,57.47309],[11.93479,57.47309],[11.93477,57.47309],[11.93476,57.47309],[11.93473,57.4731],[11.93469,57.4731],[11.93467,57.4731],[11.93466,57.47311],[11.93463,57.47311],[11.93459,57.47312],[11.93457,57.47313],[11.93456,57.47313],[11.93454,57.47313],[11.9345,57.47314],[11.93448,57.47315],[11.93447,57.47315],[11.93444,57.47316],[11.93441,57.47318],[11.9344,57.47318],[11.93438,57.47319],[11.93433,57.47321],[11.93431,57.47323],[11.93426,57.47325],[11.93424,57.47327],[11.93422,57.47329],[11.9342,57.4733],[11.93419,57.47331],[11.93418,57.47332],[11.93417,57.47333],[11.93415,57.47335],[11.93414,57.47337],[11.93414,57.47338],[11.93412,57.4734],[11.93411,57.47342],[11.93409,57.47346],[11.93409,57.47347],[11.93408,57.47352],[11.93408,57.47353],[11.93409,57.47357],[11.93409,57.47358],[11.93409,57.47359],[11.9341,57.47363],[11.9341,57.47363],[11.93411,57.47364],[11.93413,57.47368],[11.93413,57.47369],[11.93414,57.4737],[11.93416,57.47372],[11.92802,57.47493],[11.92468,57.47379],[11.91901,57.47309],[11.91274,57.47222],[11.91274,57.47222],[11.91274,57.47222],[11.91261,57.47394]],[[11.92823,57.49063],[11.92834,57.4906],[11.92853,57.49051],[11.92898,57.49026],[11.92907,57.49018],[11.92924,57.49008],[11.92965,57.48996],[11.92982,57.48987],[11.92988,57.48981],[11.93005,57.48975],[11.93019,57.48966],[11.93031,57.48951],[11.93044,57.48939],[11.9306,57.48923],[11.93061,57.48913],[11.93061,57.48902],[11.93065,57.48886],[11.93072,57.48873],[11.93098,57.48861],[11.93131,57.48856],[11.93149,57.48844],[11.93153,57.48834],[11.93156,57.48833],[11.93158,57.48831],[11.93246,57.48882],[11.93249,57.48886],[11.93249,57.48888],[11.93248,57.48891],[11.93248,57.48891],[11.93287,57.48916],[11.9333,57.49038],[11.93033,57.49172],[11.92953,57.49174],[11.92834,57.49127],[11.92823,57.49063]]]},"properties":{"NVRID":"2001959","NAMN":"Vallda Sandö","SKYDDSTYP":"Naturreservat","LAN":"Hallands Län","KOMMUN":"Kungsbacka","IUCNKATEGORI":"IV, Habitat/Artskyddsområde (Habitat/Species Management Area)","FORVALTARE":"Västkuststiftelsen","AREA_HA":680.091,"URSPR_BESLUTSDATUM":"1972-03-13"}},{"type":"Feature","geometry":{"type":"MultiPolygon","coordinates":[[[[12.68311,57.18781],[12.68327,57.18781],[12.68336,57.18777],[12.68345,57.18774],[12.68345,57.18774],[12.68347,57.18772],[12.68361,57.18765],[12.68364,57.18761],[12.6838,57.18751],[12.68389,57.18749],[12.68408,57.18744],[12.68419,57.18742],[12.68431,57.18738],[12.68447,57.18734],[12.68471,57.18727],[12.68471,57.18727],[12.68482,57.18711],[12.68492,57.18694],[12.68502,57.18664],[12.68507,57.18635],[12.68503,57.18615],[12.68485,57.18592],[12.68481,57.18576],[12.68479,57.1856],[12.68478,57.18555],[12.68476,57.18538],[12.6848,57.18532],[12.68487,57.18519],[12.68499,57.18508],[12.68537,57.18484],[12.68565,57.18475],[12.68584,57.18469],[12.68633,57.18451],[12.68674,57.1844],[12.68689,57.18436],[12.68717,57.18429],[12.68717,57.18429],[12.68717,57.18429],[12.6867,57.18384],[12.6867,57.18384],[12.6858,57.18385],[12.68351,57.18329],[12.68217,57.18256],[12.68217,57.18256],[12.68217,57.18256],[12.68217,57.18256],[12.6816,57.18287],[12.68124,57.18321],[12.68105,57.1835],[12.68095,57.18389],[12.68096,57.18424],[12.68097,57.1844],[12.681,57.18476],[12.68092,57.1851],[12.68074,57.18543],[12.68041,57.18586],[12.68006,57.18616],[12.67989,57.18627],[12.67951,57.18665],[12.67877,57.18739],[12.67855,57.1878],[12.67855,57.1878],[12.67855,57.1878],[12.67899,57.18792],[12.67933,57.18801],[12.67992,57.18806],[12.68041,57.18807],[12.68088,57.18808],[12.68127,57.18809],[12.68152,57.18812],[12.68188,57.18818],[12.68214,57.18824],[12.68215,57.18824],[12.68243,57.1881],[12.68258,57.18807],[12.68278,57.18799],[12.68292,57.18788],[12.68297,57.18779],[12.68311,57.18781]]],[[[12.6806,57.16711],[12.68042,57.16717],[12.68027,57.16725],[12.68013,57.16733],[12.68009,57.16736],[12.68006,57.16738],[12.67994,57.16745],[12.67992,57.16746],[12.67986,57.16751],[12.67982,57.16754],[12.67981,57.16754],[12.6798,57.16756],[12.67975,57.1676],[12.67975,57.1676],[12.68097,57.16983],[12.68372,57.17324],[12.68372,57.17324],[12.68525,57.1736],[12.6852,57.17363],[12.68514,57.17367],[12.68507,57.17374],[12.68497,57.17382],[12.68496,57.17391],[12.68496,57.17395],[12.68496,57.17398],[12.68498,57.17408],[12.68501,57.17417],[12.68504,57.17421],[12.68508,57.17426],[12.68514,57.17513],[12.68514,57.17513],[12.68514,57.17513],[12.68514,57.17513],[12.68588,57.17486],[12.68594,57.17485],[12.68628,57.17481],[12.68674,57.17474],[12.68728,57.17479],[12.68827,57.17487],[12.68855,57.17489],[12.68904,57.17502],[12.68904,57.17502],[12.68904,57.17502],[12.68958,57.17455],[12.69059,57.17428],[12.69129,57.17354],[12.69146,57.1735],[12.69146,57.1735],[12.69155,57.17324],[12.69101,57.17229],[12.69221,57.17182],[12.69221,57.17182],[12.69221,57.17182],[12.69221,57.17182],[12.68837,57.17045],[12.68864,57.1702],[12.68895,57.17007],[12.68895,57.17007],[12.6893,57.1695],[12.68922,57.16913],[12.68959,57.16884],[12.68985,57.16848],[12.6906,57.16859],[12.69095,57.16852],[12.69095,57.16852],[12.69095,57.16852],[12.69095,57.16852],[12.69085,57.16842],[12.69082,57.1684],[12.69082,57.1684],[12.69079,57.16836],[12.69078,57.16834],[12.69077,57.16829],[12.69078,57.16825],[12.69078,57.1682],[12.69079,57.16818],[12.6908,57.16816],[12.69081,57.16815],[12.69082,57.16813],[12.69088,57.16805],[12.69113,57.16788],[12.69122,57.16782],[12.6913,57.16776],[12.69136,57.1677],[12.69141,57.16766],[12.69145,57.16762],[12.69146,57.1676],[12.69147,57.16759],[12.69134,57.16739],[12.69127,57.16733],[12.69113,57.1671],[12.69096,57.16685],[12.69093,57.16682],[12.69086,57.16671],[12.69079,57.16655],[12.69079,57.16655],[12.69079,57.16655],[12.68976,57.16669],[12.68975,57.16669],[12.68975,57.16669],[12.68931,57.16722],[12.68845,57.16889],[12.68765,57.16874],[12.68765,57.16874],[12.68699,57.16903],[12.68473,57.16819],[12.68475,57.16817],[12.68476,57.16813],[12.68478,57.1681],[12.68479,57.16808],[12.6848,57.16806],[12.6848,57.16803],[12.68482,57.16799],[12.68484,57.16788],[12.68484,57.16784],[12.68485,57.16779],[12.68484,57.16777],[12.68485,57.16776],[12.68484,57.16773],[12.68483,57.16768],[12.68481,57.16756],[12.68481,57.16755],[12.68481,57.16754],[12.68481,57.16754],[12.6848,57.16751],[12.6848,57.16748],[12.68479,57.16743],[12.68478,57.16741],[12.68478,57.1674],[12.68476,57.16736],[12.68475,57.16732],[12.68471,57.16725],[12.68469,57.1672],[12.68469,57.16719],[12.68466,57.16712],[12.68465,57.1671],[12.68464,57.16707],[12.68462,57.16704],[12.6846,57.16702],[12.68458,57.16699],[12.68457,57.16696],[12.68451,57.16689],[12.6845,57.16688],[12.68449,57.16687],[12.68448,57.16686],[12.68447,57.16685],[12.68445,57.16681],[12.68442,57.16677],[12.68441,57.16676],[12.68441,57.16675],[12.68437,57.16671],[12.68433,57.16666],[12.68433,57.16666],[12.68432,57.16665],[12.68427,57.1666],[12.68422,57.16657],[12.68421,57.16656],[12.68421,57.16656],[12.68417,57.16653],[12.68409,57.16648],[12.68409,57.16648],[12.68407,57.16647],[12.684,57.16643],[12.68394,57.1664],[12.68393,57.1664],[12.68392,57.16639],[12.68386,57.16636],[12.68382,57.16635],[12.68381,57.16634],[12.68376,57.16631],[12.68373,57.1663],[12.6837,57.16628],[12.68362,57.16625],[12.68361,57.16624],[12.6836,57.16624],[12.68356,57.16622],[12.68346,57.16618],[12.68345,57.16618],[12.68344,57.16617],[12.68333,57.16614],[12.68328,57.16612],[12.68328,57.16612],[12.68326,57.16612],[12.68318,57.16609],[12.68313,57.16608],[12.6831,57.16607],[12.68303,57.16606],[12.68298,57.16605],[12.68295,57.16605],[12.6829,57.16604],[12.68284,57.16603],[12.68278,57.16602],[12.68275,57.16602],[12.6827,57.16601],[12.68264,57.16601],[12.68258,57.16601],[12.68253,57.16601],[12.68249,57.166],[12.68244,57.166],[12.68237,57.166],[12.68233,57.16601],[12.68229,57.16601],[12.68221,57.16601],[12.68216,57.16602],[12.68214,57.16602],[12.68208,57.16603],[12.68201,57.16604],[12.68196,57.16604],[12.68192,57.16605],[12.68188,57.16606],[12.68183,57.16607],[12.68177,57.16608],[12.68172,57.1661],[12.68169,57.1661],[12.68162,57.16613],[12.6816,57.16613],[12.68156,57.16614],[12.68146,57.16617],[12.68144,57.16618],[12.68142,57.16619],[12.68139,57.1662],[12.68132,57.16624],[12.68128,57.16625],[12.68126,57.16626],[12.68123,57.16627],[12.68117,57.16631],[12.68113,57.16633],[12.68112,57.16634],[12.68109,57.16636],[12.68107,57.16637],[12.68106,57.16638],[12.68106,57.16638],[12.68105,57.16639],[12.681,57.16642],[12.68094,57.16647],[12.68093,57.16648],[12.68089,57.16652],[12.68084,57.16657],[12.68084,57.16657],[12.68083,57.16658],[12.68076,57.16668],[12.68073,57.16674],[12.68071,57.16678],[12.68071,57.16679],[12.68071,57.16679],[12.68069,57.16686],[12.68068,57.16689],[12.68068,57.16691],[12.68068,57.16693],[12.68068,57.16701],[12.68069,57.16702],[12.68069,57.16702],[12.6807,57.16708],[12.6806,57.16711]]]]},"properties":{"NVRID":"2060961","NAMN":"Hjärtareds naturreservat","SKYDDSTYP":"Naturreservat","LAN":"Hallands Län","KOMMUN":"Falkenberg","IUCNKATEGORI":"IV, Habitat/Artskyddsområde (Habitat/Species Management Area)","FORVALTARE":"Länsstyrelsen i Hallands län","AREA_HA":57.544,"URSPR_BESLUTSDATUM":"2024-12-04"}},{"type":"Feature","geometry":{"type":"MultiPolygon","coordinates":[[[[12.79734,57.05969],[12.79731,57.05981],[12.79731,57.05981],[12.79732,57.05981],[12.79753,57.05984],[12.79788,57.05985],[12.79827,57.05996],[12.7988,57.06028],[12.79935,57.06049],[12.79962,57.06053],[12.7998,57.06059],[12.7999,57.06069],[12.80077,57.06138],[12.80145,57.06144],[12.80166,57.06145],[12.80166,57.06145],[12.80166,57.06145],[12.80166,57.06145],[12.80166,57.06145],[12.79864,57.05826],[12.79864,57.05826],[12.79692,57.05792],[12.79692,57.05792],[12.79692,57.05792],[12.79649,57.0584],[12.79662,57.05914],[12.79662,57.05914],[12.79734,57.05969]]],[[[12.80306,57.0605],[12.80207,57.06022],[12.80207,57.06022],[12.80151,57.06029],[12.80151,57.06029],[12.80151,57.06029],[12.80166,57.06145],[12.80167,57.06145],[12.80167,57.06145],[12.80284,57.06152],[12.80389,57.06159],[12.80897,57.06186],[12.80983,57.06187],[12.80983,57.06187],[12.80983,57.06187],[12.80983,57.06187],[12.80962,57.06118],[12.80962,57.06118],[12.80962,57.06118],[12.80794,57.06084],[12.80646,57.06126],[12.8048,57.06087],[12.80401,57.0609],[12.80306,57.0605]]],[[[12.79032,57.05855],[12.79032,57.05855],[12.79032,57.05855],[12.79044,57.05862],[12.79058,57.05872],[12.7907,57.05881],[12.79084,57.05887],[12.79089,57.05889],[12.79099,57.05889],[12.79143,57.05897],[12.79181,57.05899],[12.79244,57.05914],[12.79276,57.05916],[12.79291,57.05916],[12.79323,57.05919],[12.79393,57.0593],[12.79393,57.0593],[12.79393,57.0593],[12.79393,57.0593],[12.79393,57.0593],[12.79312,57.05876],[12.7924,57.05866],[12.7922,57.05849],[12.79214,57.05826],[12.7921,57.05804],[12.7922,57.05782],[12.79291,57.05802],[12.79291,57.05802],[12.79291,57.05802],[12.79333,57.0574],[12.7945,57.0575],[12.79495,57.05746],[12.79495,57.05746],[12.79495,57.05746],[12.79495,57.05745],[12.79487,57.05734],[12.79405,57.057],[12.79255,57.05616],[12.79266,57.05588],[12.79358,57.05552],[12.79417,57.05563],[12.79505,57.05604],[12.7962,57.05631],[12.79658,57.05661],[12.79658,57.05661],[12.79658,57.05661],[12.79688,57.05641],[12.79689,57.05641],[12.79689,57.05641],[12.79587,57.05534],[12.79606,57.05515],[12.79606,57.05515],[12.79606,57.05515],[12.79606,57.05515],[12.79589,57.05513],[12.79555,57.05497],[12.79517,57.05467],[12.79497,57.05455],[12.79449,57.05435],[12.79449,57.05435],[12.79311,57.05448],[12.79247,57.05397],[12.79256,57.05359],[12.79252,57.05327],[12.79252,57.05327],[12.79252,57.05327],[12.79252,57.05327],[12.79172,57.0533],[12.79145,57.05326],[12.7909,57.05311],[12.7909,57.05311],[12.7909,57.05311],[12.7908,57.05329],[12.79101,57.05348],[12.79113,57.05358],[12.79133,57.05372],[12.79153,57.05392],[12.79173,57.05404],[12.79194,57.05419],[12.7921,57.05435],[12.79231,57.05449],[12.79244,57.05459],[12.79263,57.05477],[12.79275,57.05489],[12.79297,57.05505],[12.7931,57.05512],[12.79231,57.05562],[12.79105,57.05496],[12.79105,57.05496],[12.79003,57.05523],[12.79003,57.05523],[12.79003,57.05523],[12.79028,57.05565],[12.79026,57.05603],[12.79018,57.05641],[12.79013,57.0567],[12.79045,57.05708],[12.79076,57.05729],[12.79102,57.05739],[12.79116,57.05743],[12.79058,57.0582],[12.79032,57.05855]]],[[[12.7931,57.05195],[12.79263,57.05247],[12.79263,57.05247],[12.79263,57.05247],[12.79306,57.05253],[12.79316,57.05254],[12.79329,57.05254],[12.79358,57.05255],[12.79397,57.0525],[12.7945,57.05259],[12.79553,57.05294],[12.79593,57.05307],[12.79665,57.05337],[12.79718,57.05348],[12.79774,57.05352],[12.79835,57.0535],[12.79835,57.0535],[12.79857,57.0534],[12.79877,57.05336],[12.7989,57.05352],[12.79929,57.05366],[12.79937,57.05411],[12.79937,57.05411],[12.79937,57.05411],[12.80279,57.05417],[12.80344,57.05449],[12.80559,57.055],[12.80559,57.055],[12.80559,57.055],[12.80579,57.05449],[12.80579,57.05448],[12.80579,57.05448],[12.80566,57.05447],[12.80519,57.05436],[12.80462,57.05421],[12.80428,57.05413],[12.804,57.05405],[12.80366,57.05396],[12.80345,57.05382],[12.80321,57.05365],[12.80292,57.05354],[12.80243,57.05346],[12.80202,57.05339],[12.80162,57.05328],[12.80127,57.05321],[12.80117,57.0532],[12.80099,57.05309],[12.80065,57.05283],[12.80041,57.05262],[12.79999,57.05239],[12.79964,57.05222],[12.79948,57.05214],[12.79933,57.0521],[12.79891,57.05205],[12.79874,57.05203],[12.79846,57.05198],[12.79828,57.05193],[12.79811,57.05183],[12.79788,57.05172],[12.79768,57.05167],[12.79748,57.05154],[12.79724,57.05142],[12.79691,57.05131],[12.79651,57.05117],[12.79626,57.05108],[12.79487,57.05092],[12.7943,57.05081],[12.79379,57.05078],[12.79379,57.05078],[12.79378,57.05078],[12.79373,57.05083],[12.79371,57.05088],[12.79341,57.0509],[12.79321,57.05092],[12.79275,57.05088],[12.79243,57.05081],[12.79215,57.05081],[12.79215,57.05081],[12.79206,57.05084],[12.7918,57.05098],[12.79114,57.05123],[12.79114,57.05123],[12.79114,57.05123],[12.79229,57.05156],[12.7926,57.05161],[12.7931,57.05195]]],[[[12.80359,57.06807],[12.80359,57.06807],[12.80358,57.06856],[12.80358,57.06856],[12.80358,57.06856],[12.80476,57.06828],[12.80529,57.0682],[12.80584,57.06817],[12.80656,57.06805],[12.80691,57.06788],[12.80711,57.06766],[12.80714,57.06753],[12.80702,57.06674],[12.8071,57.06657],[12.80722,57.06646],[12.80744,57.06636],[12.80936,57.06606],[12.80963,57.06598],[12.8109,57.06532],[12.81368,57.06597],[12.81368,57.06597],[12.81596,57.06543],[12.81669,57.06567],[12.81669,57.06567],[12.81669,57.06567],[12.8175,57.06531],[12.8175,57.06531],[12.81752,57.06521],[12.8173,57.06452],[12.81713,57.06429],[12.81681,57.06401],[12.81643,57.06378],[12.81602,57.06365],[12.81574,57.06361],[12.81497,57.06364],[12.81341,57.06341],[12.81312,57.06343],[12.81256,57.06361],[12.81208,57.06387],[12.81208,57.06387],[12.81176,57.06449],[12.81102,57.06393],[12.81119,57.06269],[12.81119,57.06269],[12.81118,57.06269],[12.81118,57.06269],[12.8079,57.06273],[12.8078,57.06273],[12.8078,57.06273],[12.80491,57.06659],[12.80396,57.06794],[12.80359,57.06807]]]]},"properties":{"NVRID":"2062861","NAMN":"Fylleklevs naturreservat","SKYDDSTYP":"Naturreservat","LAN":"Hallands Län","KOMMUN":"Falkenberg","IUCNKATEGORI":"Ia, Strikt naturreservat (Strict Nature Reserve)","FORVALTARE":"Länsstyrelsen i Hallands län","AREA_HA":53.903,"URSPR_BESLUTSDATUM":"2024-11-13"}},{"type":"Feature","geometry":{"type":"Polygon","coordinates":[[[12.54124,56.94428],[12.54124,56.94428],[12.54124,56.94428],[12.54124,56.94428],[12.54139,56.94432],[12.54142,56.94439],[12.54122,56.9444],[12.54122,56.9444],[12.54122,56.9444],[12.54122,56.9444],[12.54122,56.9444],[12.5415,56.94454],[12.54181,56.94489],[12.54196,56.945],[12.54273,56.94554],[12.54289,56.94566],[12.54322,56.94597],[12.54322,56.94597],[12.54322,56.94597],[12.54322,56.94597],[12.54435,56.94456],[12.54435,56.94456],[12.54412,56.94438],[12.54508,56.94403],[12.54529,56.94396],[12.54917,56.94255],[12.54917,56.94255],[12.54917,56.94255],[12.54916,56.94249],[12.54914,56.94244],[12.5491,56.94236],[12.54905,56.9423],[12.549,56.94224],[12.54899,56.94218],[12.54901,56.94212],[12.54905,56.94206],[12.54909,56.94198],[12.54913,56.94188],[12.54916,56.9418],[12.54917,56.94174],[12.54913,56.94169],[12.54962,56.94142],[12.54977,56.94127],[12.54977,56.94127],[12.54977,56.94127],[12.54778,56.94016],[12.54781,56.93901],[12.54809,56.9389],[12.54809,56.9389],[12.54809,56.9389],[12.54729,56.93782],[12.54729,56.93782],[12.54729,56.93782],[12.54729,56.93782],[12.54668,56.93848],[12.54591,56.93898],[12.54591,56.93898],[12.54596,56.94057],[12.54639,56.94096],[12.54653,56.94125],[12.54546,56.94236],[12.54512,56.94246],[12.54224,56.94337],[12.54163,56.94393],[12.54124,56.94428]]]},"properties":{"NVRID":"2012994","NAMN":"Vinberg","SKYDDSTYP":"Naturreservat","LAN":"Hallands Län","KOMMUN":"Falkenberg","IUCNKATEGORI":"IV, Habitat/Artskyddsområde (Habitat/Species Management Area)","FORVALTARE":"Falkenbergs kommun","AREA_HA":14.026,"URSPR_BESLUTSDATUM":"2003-09-19"}},{"type":"Feature","geometry":{"type":"MultiPolygon","coordinates":[[[[12.60981,57.09047],[12.6098,57.09053],[12.60977,57.09064],[12.60977,57.09064],[12.60977,57.09065],[12.61188,57.09091],[12.61188,57.09091],[12.61188,57.09091],[12.61328,57.08742],[12.61328,57.08742],[12.61328,57.08742],[12.61086,57.08696],[12.61086,57.08696],[12.61086,57.08696],[12.61059,57.08717],[12.61031,57.08739],[12.60985,57.08771],[12.60985,57.08771],[12.60985,57.08771],[12.61015,57.08789],[12.6106,57.08802],[12.61093,57.08815],[12.61107,57.08828],[12.6088,57.08917],[12.6088,57.08918],[12.6088,57.08918],[12.60883,57.08925],[12.60866,57.0896],[12.60861,57.08976],[12.60862,57.08992],[12.60869,57.09],[12.60869,57.09001],[12.60914,57.09021],[12.60981,57.09047]]],[[[12.59931,57.08817],[12.59822,57.08748],[12.5975,57.08684],[12.59737,57.08652],[12.5973,57.08614],[12.59729,57.08614],[12.59729,57.08614],[12.59729,57.08614],[12.59729,57.08614],[12.59644,57.08673],[12.59608,57.08822],[12.59609,57.08822],[12.59693,57.08868],[12.5984,57.08978],[12.5984,57.08978],[12.5984,57.08978],[12.59942,57.08951],[12.60027,57.09014],[12.60112,57.09033],[12.60099,57.09075],[12.60152,57.092],[12.60157,57.09206],[12.60066,57.09389],[12.60066,57.09389],[12.60066,57.09389],[12.60528,57.09654],[12.60528,57.09654],[12.6081,57.09595],[12.609,57.09585],[12.60979,57.09528],[12.61006,57.0955],[12.6102,57.09589],[12.61047,57.09638],[12.61047,57.09638],[12.61142,57.09666],[12.61176,57.09692],[12.61176,57.09692],[12.61176,57.09692],[12.61323,57.09662],[12.61492,57.0945],[12.61535,57.09386],[12.61535,57.09386],[12.61535,57.09386],[12.6129,57.09274],[12.6129,57.09274],[12.6129,57.09274],[12.6129,57.09274],[12.61184,57.09359],[12.61184,57.09359],[12.6123,57.09402],[12.61238,57.09421],[12.61166,57.0948],[12.61134,57.09499],[12.61042,57.09475],[12.61183,57.09359],[12.61183,57.09359],[12.61183,57.09359],[12.61168,57.09348],[12.61158,57.09342],[12.61153,57.09337],[12.6115,57.0933],[12.61147,57.0932],[12.61144,57.09316],[12.61137,57.09309],[12.61117,57.09301],[12.61095,57.09292],[12.61076,57.09285],[12.61061,57.09283],[12.61028,57.09281],[12.61,57.09278],[12.60969,57.09272],[12.60943,57.09267],[12.60919,57.09262],[12.60887,57.09256],[12.6084,57.09254],[12.60789,57.09244],[12.60769,57.09242],[12.60741,57.09245],[12.60752,57.09233],[12.60749,57.09219],[12.60722,57.09183],[12.60721,57.09168],[12.60721,57.09168],[12.60721,57.09168],[12.60627,57.09168],[12.60562,57.09151],[12.60537,57.09124],[12.60469,57.09113],[12.60452,57.09103],[12.60411,57.09052],[12.60392,57.09034],[12.60392,57.09034],[12.60357,57.0903],[12.60335,57.09029],[12.60298,57.09043],[12.6027,57.09053],[12.60254,57.09059],[12.60248,57.09058],[12.60247,57.09053],[12.6026,57.09037],[12.60263,57.09032],[12.60257,57.09009],[12.60257,57.08999],[12.60333,57.08987],[12.60483,57.08951],[12.60498,57.08944],[12.60544,57.08932],[12.60568,57.08929],[12.60579,57.08926],[12.60579,57.08926],[12.60583,57.08919],[12.60589,57.08916],[12.60609,57.08884],[12.60566,57.08787],[12.60555,57.08721],[12.60555,57.08721],[12.60554,57.08721],[12.60554,57.08721],[12.60474,57.08746],[12.60394,57.08763],[12.60322,57.08717],[12.603,57.08697],[12.6028,57.08676],[12.60272,57.08662],[12.60271,57.08662],[12.60271,57.08662],[12.60242,57.08674],[12.60181,57.08733],[12.60043,57.08808],[12.59931,57.08817]]]]},"properties":{"NVRID":"2049401","NAMN":"Björka","SKYDDSTYP":"Naturreservat","LAN":"Hallands Län","KOMMUN":"Falkenberg","IUCNKATEGORI":"IV, Habitat/Artskyddsområde (Habitat/Species Management Area)","FORVALTARE":"Länsstyrelsen i Hallands län","AREA_HA":57.415,"URSPR_BESLUTSDATUM":"2018-12-17"}},{"type":"Feature","geometry":{"type":"Polygon","coordinates":[[[13.17319,56.57637],[13.17341,56.57632],[13.17363,56.57633],[13.17386,56.57634],[13.17406,56.57634],[13.17427,56.57643],[13.17432,56.57644],[13.1744,56.57644],[13.17481,56.57633],[13.17481,56.57633],[13.17492,56.57612],[13.1752,56.57565],[13.17534,56.57507],[13.17542,56.57473],[13.17547,56.57453],[13.1756,56.57423],[13.17569,56.57401],[13.17569,56.57401],[13.17517,56.57361],[13.17497,56.57352],[13.17451,56.57337],[13.17399,56.57322],[13.17353,56.5731],[13.17339,56.57306],[13.17339,56.57306],[13.17339,56.57306],[13.1729,56.57381],[13.17196,56.57529],[13.17155,56.57593],[13.17129,56.57632],[13.17095,56.57687],[13.17063,56.57735],[13.17063,56.57735],[13.17063,56.57735],[13.17063,56.57735],[13.17116,56.57748],[13.17117,56.57748],[13.17117,56.57748],[13.17164,56.57729],[13.17186,56.57715],[13.17213,56.57694],[13.1724,56.57687],[13.17253,56.57671],[13.17259,56.57666],[13.17284,56.57653],[13.17302,56.57642],[13.17319,56.57637]]]},"properties":{"NVRID":"2001081","NAMN":"Bölarp","SKYDDSTYP":"Naturreservat","LAN":"Hallands Län","KOMMUN":"Laholm","IUCNKATEGORI":"IV, Habitat/Artskyddsområde (Habitat/Species Management Area)","FORVALTARE":"Länsstyrelsen i Hallands län","AREA_HA":7.336,"URSPR_BESLUTSDATUM":"1986-06-25"}},{"type":"Feature","geometry":{"type":"Polygon","coordinates":[[[12.91458,56.91903],[12.91458,56.91904],[12.91458,56.91904],[12.91524,56.91975],[12.91524,56.91975],[12.91524,56.91975],[12.91554,56.91976],[12.91554,56.91976],[12.91554,56.91976],[12.91575,56.9192],[12.91722,56.91895],[12.91798,56.91902],[12.91795,56.91953],[12.91878,56.92031],[12.9189,56.92065],[12.9189,56.92065],[12.91891,56.92065],[12.91972,56.92058],[12.92012,56.92082],[12.92012,56.92082],[12.92013,56.92082],[12.92013,56.92082],[12.92043,56.92064],[12.92063,56.92057],[12.92079,56.92055],[12.92156,56.92096],[12.9216,56.921],[12.9216,56.921],[12.92228,56.92102],[12.92229,56.92102],[12.92238,56.92099],[12.92253,56.92092],[12.92271,56.92093],[12.92293,56.92097],[12.92294,56.92097],[12.92305,56.92093],[12.92315,56.92092],[12.92315,56.92092],[12.9232,56.92089],[12.92372,56.92095],[12.92459,56.92087],[12.92513,56.92059],[12.92513,56.92059],[12.92513,56.92059],[12.92513,56.92059],[12.92469,56.92037],[12.92469,56.92037],[12.92367,56.92057],[12.92328,56.92011],[12.92328,56.92011],[12.92322,56.92011],[12.92246,56.92002],[12.92246,56.92002],[12.92226,56.92006],[12.9219,56.92014],[12.92155,56.9202],[12.92141,56.92024],[12.92137,56.92028],[12.92128,56.91988],[12.92093,56.91972],[12.92149,56.91953],[12.92149,56.91953],[12.92149,56.91952],[12.92142,56.91941],[12.92022,56.9189],[12.92033,56.91887],[12.92033,56.91887],[12.92033,56.91887],[12.91952,56.91841],[12.91945,56.91822],[12.91974,56.91814],[12.91974,56.91814],[12.91974,56.91814],[12.91962,56.91773],[12.91992,56.91708],[12.92018,56.91665],[12.92033,56.91622],[12.9206,56.91588],[12.92077,56.91561],[12.92077,56.9156],[12.92076,56.9156],[12.91842,56.91463],[12.91842,56.91463],[12.91842,56.91463],[12.91831,56.9147],[12.91819,56.91473],[12.91803,56.91481],[12.91762,56.91501],[12.91761,56.91504],[12.9176,56.9151],[12.91763,56.91517],[12.9177,56.91536],[12.91765,56.91543],[12.91753,56.91553],[12.9174,56.91565],[12.91733,56.91574],[12.91722,56.91577],[12.917,56.91586],[12.9168,56.91615],[12.91659,56.91638],[12.91658,56.91645],[12.91656,56.91649],[12.91653,56.91652],[12.91648,56.91654],[12.91641,56.91657],[12.91635,56.91661],[12.9163,56.91667],[12.91626,56.91682],[12.91627,56.91688],[12.91637,56.91701],[12.91644,56.91706],[12.91645,56.91709],[12.91642,56.91711],[12.91633,56.91718],[12.91631,56.91721],[12.91631,56.91721],[12.91632,56.91723],[12.91637,56.91727],[12.91642,56.91727],[12.9165,56.91729],[12.9166,56.91733],[12.9166,56.91736],[12.91654,56.91755],[12.9165,56.91766],[12.9164,56.91774],[12.91629,56.9178],[12.91616,56.91787],[12.91606,56.91796],[12.91601,56.91801],[12.91589,56.91805],[12.91578,56.9181],[12.91566,56.91815],[12.91549,56.9182],[12.91548,56.91821],[12.91542,56.91833],[12.91536,56.91838],[12.91523,56.91853],[12.9152,56.91861],[12.91514,56.91865],[12.91497,56.91872],[12.91497,56.91872],[12.91494,56.91876],[12.91488,56.91891],[12.91483,56.91894],[12.91474,56.91896],[12.91458,56.91903]]]},"properties":{"NVRID":"2028009","NAMN":"Bohult","SKYDDSTYP":"Naturreservat","LAN":"Hallands Län","KOMMUN":"Halmstad","IUCNKATEGORI":"IV, Habitat/Artskyddsområde (Habitat/Species Management Area)","FORVALTARE":"Länsstyrelsen i Hallands län","AREA_HA":15.354,"URSPR_BESLUTSDATUM":"2011-09-22"}},{"type":"Feature","geometry":{"type":"Polygon","coordinates":[[[12.97082,56.39559],[12.97082,56.39559],[12.97081,56.39559],[12.97081,56.39559],[12.97013,56.39624],[12.96949,56.39689],[12.96949,56.39689],[12.96949,56.39689],[12.97215,56.3977],[12.97215,56.3977],[12.97215,56.3977],[12.9735,56.39681],[12.9735,56.39681],[12.9735,56.39681],[12.9735,56.39681],[12.97082,56.39559]]]},"properties":{"NVRID":"2002593","NAMN":"Tjuvhultskärret","SKYDDSTYP":"Naturreservat","LAN":"Hallands Län","KOMMUN":"Laholm","IUCNKATEGORI":"IV, Habitat/Artskyddsområde (Habitat/Species Management Area)","FORVALTARE":"Länsstyrelsen i Hallands län","AREA_HA":2.962,"URSPR_BESLUTSDATUM":"2003-09-29"}},{"type":"Feature","geometry":{"type":"MultiPolygon","coordinates":[[[[12.57003,57.12261],[12.57003,57.12261],[12.57003,57.12261],[12.57003,57.12261],[12.57003,57.12261],[12.57132,57.12225],[12.57223,57.12202],[12.57259,57.12201],[12.57272,57.12198],[12.57272,57.12197],[12.57272,57.12197],[12.57258,57.12185],[12.57258,57.12185],[12.57152,57.12172],[12.57152,57.12172],[12.57003,57.12261]]],[[[12.56967,57.12551],[12.56967,57.12551],[12.56967,57.12551],[12.56968,57.12551],[12.56968,57.12551],[12.56968,57.12551],[12.56968,57.1255],[12.57024,57.12531],[12.57059,57.1256],[12.57003,57.12579],[12.57003,57.1258],[12.57002,57.1258],[12.56991,57.12591],[12.56991,57.12591],[12.56991,57.12591],[12.57032,57.12635],[12.56989,57.12646],[12.56983,57.12647],[12.56983,57.12647],[12.56983,57.12647],[12.57011,57.12677],[12.57017,57.12688],[12.57017,57.12688],[12.57017,57.12688],[12.57034,57.12686],[12.57101,57.12682],[12.57113,57.127],[12.57142,57.12744],[12.57142,57.12744],[12.57142,57.12744],[12.57167,57.12736],[12.5719,57.12758],[12.57176,57.12763],[12.57176,57.12763],[12.57176,57.12773],[12.57145,57.12784],[12.57127,57.12783],[12.57127,57.12783],[12.57103,57.12793],[12.57103,57.12793],[12.57103,57.12793],[12.57104,57.12794],[12.57104,57.12794],[12.57158,57.12817],[12.57195,57.12822],[12.57374,57.12807],[12.57431,57.12812],[12.57723,57.12877],[12.57793,57.12892],[12.57793,57.12892],[12.57839,57.12861],[12.57872,57.12873],[12.57873,57.12873],[12.57873,57.12873],[12.57873,57.12873],[12.57878,57.12861],[12.57948,57.1283],[12.57985,57.12819],[12.58031,57.12782],[12.58031,57.12782],[12.58025,57.12752],[12.58054,57.1274],[12.58084,57.127],[12.58129,57.12714],[12.58129,57.12714],[12.58158,57.12704],[12.58158,57.12704],[12.58177,57.12679],[12.5819,57.1264],[12.58217,57.12587],[12.58217,57.12587],[12.58217,57.12587],[12.58217,57.12587],[12.58217,57.12587],[12.58212,57.12588],[12.5824,57.12501],[12.58287,57.12495],[12.58287,57.12495],[12.58287,57.12495],[12.58291,57.1244],[12.58291,57.1244],[12.58291,57.1244],[12.5829,57.1244],[12.5829,57.1244],[12.58287,57.12444],[12.58273,57.12449],[12.58255,57.12451],[12.5824,57.12454],[12.58233,57.12455],[12.58228,57.12459],[12.58217,57.12468],[12.58205,57.12474],[12.582,57.12475],[12.58192,57.12476],[12.58182,57.12475],[12.58162,57.12471],[12.58153,57.12467],[12.5815,57.12463],[12.58146,57.12454],[12.58145,57.12448],[12.58145,57.12444],[12.5814,57.12439],[12.58118,57.12428],[12.58102,57.12422],[12.58093,57.12418],[12.58081,57.12418],[12.58066,57.12418],[12.58041,57.1242],[12.5802,57.12422],[12.58003,57.1242],[12.5799,57.12417],[12.57983,57.12413],[12.57975,57.12407],[12.57971,57.12399],[12.57967,57.12383],[12.57967,57.12372],[12.57969,57.12361],[12.57975,57.12351],[12.57975,57.12351],[12.57941,57.12332],[12.57956,57.12323],[12.57969,57.12314],[12.57984,57.12302],[12.58008,57.12281],[12.58012,57.12276],[12.58017,57.12271],[12.5803,57.12251],[12.58035,57.12244],[12.58039,57.12235],[12.58056,57.12217],[12.58059,57.12212],[12.58062,57.12207],[12.58062,57.12207],[12.58062,57.12207],[12.58032,57.12198],[12.58044,57.12177],[12.58045,57.12174],[12.58057,57.12157],[12.58066,57.12144],[12.5808,57.12125],[12.58083,57.12122],[12.58083,57.1212],[12.58082,57.12115],[12.58081,57.12109],[12.58075,57.121],[12.58068,57.12092],[12.58025,57.12033],[12.58025,57.12033],[12.58025,57.12033],[12.58008,57.12042],[12.57989,57.1205],[12.57956,57.12065],[12.5793,57.12076],[12.57887,57.12095],[12.57875,57.12118],[12.57817,57.12165],[12.57814,57.12166],[12.5781,57.12168],[12.57807,57.12168],[12.57804,57.12169],[12.57801,57.1217],[12.57798,57.12171],[12.57796,57.12173],[12.57793,57.12174],[12.5779,57.12175],[12.57777,57.1218],[12.57751,57.12185],[12.57725,57.12189],[12.57711,57.1219],[12.57691,57.12193],[12.57661,57.12197],[12.5766,57.12198],[12.57658,57.12198],[12.57656,57.12199],[12.57655,57.12199],[12.57653,57.122],[12.57652,57.122],[12.57651,57.12201],[12.57649,57.12202],[12.57648,57.12202],[12.57647,57.12203],[12.57646,57.12204],[12.57645,57.12205],[12.57644,57.12205],[12.57643,57.12207],[12.57642,57.12207],[12.57641,57.12208],[12.5764,57.12209],[12.57639,57.1221],[12.57638,57.12211],[12.57637,57.12212],[12.57635,57.12213],[12.57634,57.12213],[12.57633,57.12214],[12.57632,57.12214],[12.5763,57.12215],[12.5763,57.12215],[12.57629,57.12215],[12.57627,57.12215],[12.57627,57.12215],[12.57626,57.12215],[12.57625,57.12215],[12.57624,57.12215],[12.57617,57.12214],[12.57609,57.12213],[12.57606,57.12212],[12.57603,57.12212],[12.576,57.12212],[12.57597,57.12213],[12.57594,57.12214],[12.5759,57.12215],[12.57587,57.12215],[12.57583,57.12215],[12.57578,57.12215],[12.57574,57.12214],[12.5757,57.12213],[12.57564,57.12213],[12.5756,57.12212],[12.57555,57.12213],[12.57547,57.12215],[12.57541,57.12216],[12.57535,57.12217],[12.5753,57.12216],[12.57524,57.12216],[12.5752,57.12217],[12.57517,57.12217],[12.57512,57.12218],[12.57508,57.12219],[12.57499,57.12222],[12.57495,57.12223],[12.57491,57.12224],[12.57484,57.12224],[12.57471,57.12224],[12.57457,57.12223],[12.57449,57.12223],[12.57445,57.12223],[12.57439,57.12225],[12.57432,57.12227],[12.57429,57.12228],[12.57424,57.12229],[12.5742,57.12229],[12.57417,57.12229],[12.57413,57.12228],[12.5741,57.12227],[12.57408,57.12226],[12.57406,57.12225],[12.57402,57.12224],[12.57398,57.12224],[12.57393,57.12224],[12.57386,57.12224],[12.57377,57.12224],[12.57368,57.12225],[12.57348,57.12227],[12.57344,57.12226],[12.57341,57.12226],[12.57338,57.12224],[12.57333,57.12221],[12.57326,57.12217],[12.57323,57.12215],[12.57321,57.12214],[12.57318,57.12213],[12.57312,57.12211],[12.57304,57.1221],[12.57284,57.12208],[12.57281,57.12205],[12.57281,57.12205],[12.57281,57.12205],[12.57029,57.12272],[12.56976,57.1229],[12.56908,57.12326],[12.56908,57.12326],[12.56908,57.12326],[12.56928,57.12346],[12.5678,57.12394],[12.56711,57.12435],[12.56711,57.12435],[12.56711,57.12435],[12.56843,57.12524],[12.56843,57.12524],[12.56843,57.12524],[12.56847,57.12523],[12.56911,57.12501],[12.56967,57.12551]],[[12.57517,57.12766],[12.57544,57.12742],[12.57568,57.12746],[12.57541,57.12783],[12.57527,57.12778],[12.57517,57.12766]],[[12.57641,57.12801],[12.57709,57.12822],[12.57671,57.12845],[12.57636,57.12837],[12.57641,57.12801]],[[12.57905,57.12534],[12.57969,57.12546],[12.5794,57.12579],[12.57883,57.12569],[12.57905,57.12534]]]]},"properties":{"NVRID":"2049138","NAMN":"Åkullaboket","SKYDDSTYP":"Naturreservat","LAN":"Hallands Län","KOMMUN":"Varberg","IUCNKATEGORI":"0, Områden som ej kan klassificeras enligt IUCN: s system.","FORVALTARE":"Länsstyrelsen i Hallands län","AREA_HA":49.335,"URSPR_BESLUTSDATUM":"2020-11-12"}},{"type":"Feature","geometry":{"type":"MultiPolygon","coordinates":[[[[12.51615,57.03986],[12.5172,57.04031],[12.51684,57.04067],[12.51684,57.04067],[12.51689,57.04075],[12.51552,57.04133],[12.51552,57.04133],[12.51552,57.04133],[12.51582,57.04159],[12.51605,57.0419],[12.51607,57.04192],[12.51616,57.04207],[12.51626,57.04223],[12.51623,57.04226],[12.51623,57.04226],[12.51623,57.04226],[12.51647,57.04235],[12.51691,57.0425],[12.51691,57.0425],[12.51691,57.0425],[12.51695,57.04248],[12.51727,57.04259],[12.5178,57.0428],[12.51801,57.04285],[12.51801,57.04285],[12.51801,57.04285],[12.51801,57.04285],[12.51796,57.04194],[12.51787,57.0416],[12.51803,57.04106],[12.52017,57.03975],[12.52031,57.03969],[12.52031,57.03969],[12.52031,57.03969],[12.51963,57.03926],[12.51924,57.03907],[12.51757,57.03839],[12.51679,57.03814],[12.51611,57.0381],[12.51603,57.03808],[12.51578,57.03802],[12.51551,57.03797],[12.51535,57.03796],[12.51532,57.03796],[12.5152,57.03798],[12.5151,57.038],[12.51502,57.03804],[12.51459,57.03825],[12.51443,57.0383],[12.5144,57.0383],[12.51407,57.03835],[12.514,57.03836],[12.51393,57.03837],[12.51393,57.03837],[12.51393,57.03837],[12.51393,57.03837],[12.51398,57.0385],[12.5141,57.03863],[12.5142,57.03899],[12.5142,57.03917],[12.51418,57.03932],[12.51414,57.03955],[12.51414,57.03958],[12.51411,57.03965],[12.51405,57.03976],[12.51398,57.03986],[12.51398,57.03986],[12.51398,57.03986],[12.51422,57.03996],[12.51434,57.04005],[12.51434,57.04005],[12.51435,57.04005],[12.51519,57.03991],[12.51615,57.03986]]],[[[12.51863,57.03625],[12.51871,57.03631],[12.51867,57.03634],[12.51849,57.03667],[12.51848,57.03668],[12.51847,57.03669],[12.51836,57.03687],[12.51834,57.03699],[12.51838,57.03707],[12.51858,57.03723],[12.51839,57.03733],[12.5183,57.03736],[12.51817,57.03741],[12.51806,57.03745],[12.51775,57.03758],[12.51711,57.03782],[12.51711,57.03782],[12.51711,57.03782],[12.51726,57.03795],[12.51794,57.03819],[12.51837,57.0383],[12.51903,57.03856],[12.51999,57.03903],[12.52028,57.03915],[12.52084,57.03945],[12.52084,57.03945],[12.52084,57.03945],[12.52146,57.03917],[12.52146,57.03917],[12.52283,57.03745],[12.52421,57.03673],[12.52421,57.03673],[12.52421,57.03673],[12.52421,57.03673],[12.52229,57.03566],[12.52266,57.03548],[12.5234,57.03533],[12.524,57.0351],[12.5245,57.03484],[12.5245,57.03484],[12.5245,57.03484],[12.52416,57.03466],[12.5242,57.03461],[12.5242,57.03461],[12.5242,57.03461],[12.52396,57.03452],[12.52369,57.03443],[12.52303,57.03421],[12.52264,57.03413],[12.52215,57.034],[12.52199,57.03398],[12.52158,57.03391],[12.52131,57.0339],[12.52131,57.0339],[12.51991,57.03437],[12.51949,57.03416],[12.51949,57.03416],[12.51949,57.03416],[12.51901,57.03435],[12.51821,57.03472],[12.51795,57.0349],[12.51795,57.0349],[12.51795,57.0349],[12.51851,57.0353],[12.51876,57.03535],[12.5194,57.03565],[12.5194,57.03565],[12.5205,57.03549],[12.52161,57.03582],[12.52196,57.0361],[12.52227,57.03648],[12.52218,57.03653],[12.52196,57.03649],[12.521,57.03602],[12.521,57.03602],[12.52081,57.03599],[12.51967,57.03607],[12.51891,57.03601],[12.51864,57.03602],[12.51817,57.03613],[12.51817,57.03613],[12.51817,57.03613],[12.51817,57.03613],[12.51863,57.03625]]]]},"properties":{"NVRID":"2047140","NAMN":"Jällsjö","SKYDDSTYP":"Naturreservat","LAN":"Hallands Län","KOMMUN":"Varberg","IUCNKATEGORI":"IV, Habitat/Artskyddsområde (Habitat/Species Management Area)","FORVALTARE":"Länsstyrelsen i Hallands län","AREA_HA":23.975,"URSPR_BESLUTSDATUM":"2017-10-18"}},{"type":"Feature","geometry":{"type":"Polygon","coordinates":[[[12.98393,56.83655],[12.98393,56.83655],[12.98393,56.83655],[12.98322,56.83742],[12.98322,56.83742],[12.98322,56.83743],[12.98436,56.83754],[12.98484,56.83762],[12.9857,56.83784],[12.98612,56.83793],[12.98648,56.83809],[12.98791,56.83834],[12.98883,56.83857],[12.99021,56.83887],[12.99097,56.83894],[12.99214,56.83912],[12.9935,56.83925],[12.99392,56.83925],[12.99457,56.83932],[12.9952,56.83944],[12.99551,56.83951],[12.99587,56.83963],[12.99628,56.83977],[12.99736,56.84045],[12.99792,56.84083],[12.99792,56.84083],[12.99846,56.84097],[12.99902,56.84098],[12.99994,56.84081],[13.00036,56.84081],[13.00289,56.8411],[13.00346,56.84117],[13.0042,56.8413],[13.00483,56.84143],[13.0062,56.84174],[13.00652,56.84193],[13.00652,56.84193],[13.00684,56.84191],[13.00719,56.84191],[13.00753,56.84182],[13.00753,56.84182],[13.00753,56.84181],[13.00745,56.8415],[13.00745,56.8415],[13.00643,56.84099],[13.00626,56.84071],[13.00625,56.84065],[13.00649,56.84064],[13.00652,56.84063],[13.00652,56.84063],[13.00652,56.84063],[13.00658,56.84038],[13.00658,56.84038],[13.00658,56.84038],[13.00637,56.84032],[13.00637,56.84032],[13.00637,56.84032],[13.00637,56.84032],[13.00629,56.8405],[13.00444,56.84015],[13.0052,56.83899],[13.0052,56.83899],[13.0052,56.83899],[13.0052,56.83899],[13.00516,56.83898],[13.00415,56.83873],[13.00415,56.83873],[13.00354,56.83884],[13.00227,56.83865],[13.00168,56.83847],[13.0016,56.83845],[13.00189,56.83811],[13.00189,56.83811],[13.00189,56.83811],[13.00189,56.83811],[13.00144,56.83797],[13.00156,56.83774],[13.00156,56.83774],[13.00156,56.83774],[13.00085,56.83772],[12.99984,56.83793],[12.99901,56.83787],[12.99776,56.83773],[12.99668,56.83769],[12.99572,56.83762],[12.99499,56.83746],[12.99381,56.83725],[12.99257,56.83696],[12.99053,56.83691],[12.98898,56.8362],[12.98898,56.8362],[12.98847,56.83627],[12.98735,56.83574],[12.98735,56.83574],[12.98694,56.83581],[12.98656,56.83591],[12.98633,56.83597],[12.98604,56.836],[12.98585,56.83601],[12.98585,56.83601],[12.98565,56.83618],[12.98476,56.83596],[12.98475,56.83596],[12.98402,56.8362],[12.98402,56.8362],[12.98396,56.83651],[12.98393,56.83655]]]},"properties":{"NVRID":"2002869","NAMN":"Nissaström","SKYDDSTYP":"Naturreservat","LAN":"Hallands Län","KOMMUN":"Halmstad","IUCNKATEGORI":"Ia, Strikt naturreservat (Strict Nature Reserve)","FORVALTARE":"Länsstyrelsen i Hallands län","AREA_HA":35.158,"URSPR_BESLUTSDATUM":"2004-06-21"}},{"type":"Feature","geometry":{"type":"Polygon","coordinates":[[[12.98539,56.85971],[12.98539,56.85971],[12.98765,56.86157],[12.99597,56.87416],[12.99604,56.87429],[12.99604,56.87429],[12.99604,56.87429],[12.99605,56.87429],[12.9986,56.87267],[12.99875,56.87261],[12.99875,56.87261],[12.99875,56.87261],[12.99846,56.87205],[12.99322,56.86107],[12.9867,56.85726],[12.98705,56.85704],[12.98705,56.85704],[12.98703,56.85696],[12.98678,56.85672],[12.98678,56.85672],[12.98678,56.85672],[12.98678,56.85672],[12.98621,56.85707],[12.98621,56.85708],[12.98539,56.85971]]]},"properties":{"NVRID":"2002189","NAMN":"Skrockeberg","SKYDDSTYP":"Naturreservat","LAN":"Hallands Län","KOMMUN":"Halmstad","IUCNKATEGORI":"0, Områden som ej kan klassificeras enligt IUCN: s system.","FORVALTARE":"Länsstyrelsen i Hallands län","AREA_HA":50.78,"URSPR_BESLUTSDATUM":"1996-09-03"}},{"type":"Feature","geometry":{"type":"MultiPolygon","coordinates":[[[[12.10403,57.40189],[12.10403,57.40189],[12.10367,57.40185],[12.10326,57.40187],[12.10326,57.40187],[12.10326,57.40187],[12.10311,57.40218],[12.10299,57.40235],[12.10308,57.40246],[12.10326,57.4026],[12.10372,57.40275],[12.10372,57.40275],[12.10397,57.40274],[12.10408,57.40296],[12.10392,57.40299],[12.10391,57.403],[12.10391,57.403],[12.10404,57.40316],[12.10404,57.40316],[12.10404,57.40316],[12.10449,57.40304],[12.10489,57.40297],[12.10489,57.40296],[12.10489,57.40296],[12.10426,57.40203],[12.10403,57.40189]]],[[[12.08026,57.40031],[12.08016,57.40037],[12.08012,57.40048],[12.07997,57.4006],[12.07992,57.40071],[12.07986,57.40074],[12.07978,57.40105],[12.07973,57.4011],[12.07973,57.4011],[12.07972,57.40121],[12.07976,57.40146],[12.07983,57.4015],[12.0799,57.40158],[12.07998,57.40165],[12.08,57.40169],[12.0801,57.40175],[12.08015,57.4018],[12.08013,57.4019],[12.08017,57.402],[12.08028,57.40209],[12.0804,57.40216],[12.08044,57.40227],[12.08046,57.40247],[12.08047,57.40251],[12.08046,57.40264],[12.08049,57.40267],[12.08048,57.40275],[12.0805,57.40289],[12.0805,57.40301],[12.08052,57.40315],[12.08047,57.40325],[12.08045,57.40353],[12.08043,57.40363],[12.08039,57.40374],[12.08044,57.40388],[12.0805,57.40399],[12.08053,57.40411],[12.0806,57.40422],[12.08064,57.40439],[12.0808,57.40474],[12.08099,57.40502],[12.08115,57.40532],[12.08129,57.40562],[12.08136,57.40577],[12.08149,57.40589],[12.08154,57.40612],[12.08158,57.40639],[12.08156,57.40657],[12.08157,57.40673],[12.08156,57.40681],[12.0816,57.40687],[12.08163,57.40696],[12.08182,57.40707],[12.08191,57.40723],[12.08216,57.4074],[12.08231,57.40754],[12.08244,57.40764],[12.08264,57.40782],[12.08264,57.40782],[12.08281,57.40788],[12.08307,57.4079],[12.08307,57.4079],[12.08317,57.40788],[12.0833,57.40787],[12.08353,57.40787],[12.08356,57.4079],[12.08355,57.40795],[12.08355,57.40802],[12.08353,57.40808],[12.0835,57.40811],[12.0835,57.40811],[12.0835,57.40811],[12.08354,57.40813],[12.08354,57.40813],[12.08354,57.40813],[12.08357,57.4081],[12.0836,57.40806],[12.08362,57.408],[12.08367,57.40798],[12.08387,57.40796],[12.08401,57.40791],[12.08423,57.40787],[12.08438,57.40784],[12.08469,57.40778],[12.08492,57.4077],[12.08507,57.40769],[12.08533,57.40758],[12.08542,57.40754],[12.08555,57.40755],[12.08575,57.40751],[12.08589,57.40743],[12.08602,57.40735],[12.08623,57.40727],[12.08642,57.40724],[12.08655,57.40724],[12.08678,57.40723],[12.08686,57.40722],[12.08687,57.40727],[12.08687,57.40727],[12.08706,57.40734],[12.08711,57.40739],[12.08728,57.40746],[12.08728,57.40746],[12.08728,57.40746],[12.08736,57.40742],[12.08743,57.40741],[12.0875,57.40738],[12.08767,57.40736],[12.08789,57.40725],[12.08821,57.40715],[12.08828,57.40713],[12.08828,57.40713],[12.08828,57.40713],[12.08828,57.40712],[12.08834,57.40711],[12.08853,57.4071],[12.08875,57.40715],[12.0888,57.40714],[12.08915,57.40708],[12.0892,57.40708],[12.08934,57.40709],[12.08962,57.40712],[12.08968,57.40711],[12.08975,57.4071],[12.08975,57.4071],[12.08979,57.40708],[12.08994,57.40707],[12.09004,57.40711],[12.09014,57.40713],[12.09024,57.40716],[12.09026,57.4072],[12.09026,57.4072],[12.09037,57.40723],[12.09048,57.40725],[12.09049,57.40725],[12.09057,57.40721],[12.09079,57.40717],[12.09092,57.40716],[12.09107,57.40714],[12.09135,57.4071],[12.09152,57.40709],[12.0916,57.40709],[12.09163,57.40715],[12.09166,57.40729],[12.09165,57.40742],[12.09163,57.40755],[12.09161,57.4076],[12.09156,57.40765],[12.09157,57.40765],[12.09162,57.40769],[12.09162,57.40769],[12.09162,57.40769],[12.09162,57.40769],[12.09167,57.40763],[12.09171,57.40758],[12.09185,57.40751],[12.09215,57.40742],[12.09231,57.40737],[12.09247,57.40735],[12.0926,57.40735],[12.09278,57.40733],[12.09298,57.40735],[12.09322,57.40747],[12.09322,57.40754],[12.09321,57.40761],[12.09332,57.40772],[12.09337,57.40783],[12.09342,57.40787],[12.0934,57.40802],[12.0934,57.40813],[12.09339,57.4082],[12.09336,57.40827],[12.09336,57.40827],[12.09343,57.40837],[12.09354,57.40842],[12.09359,57.40846],[12.09357,57.4085],[12.09357,57.4085],[12.09357,57.4085],[12.09357,57.4085],[12.09357,57.4085],[12.09365,57.40849],[12.09366,57.40849],[12.09366,57.40849],[12.09379,57.4085],[12.09406,57.40846],[12.09433,57.4084],[12.09461,57.40836],[12.09473,57.40833],[12.09493,57.40832],[12.09511,57.40826],[12.09527,57.40821],[12.09547,57.40818],[12.09563,57.40817],[12.09587,57.40814],[12.09643,57.40805],[12.09656,57.40804],[12.09687,57.40796],[12.09722,57.4079],[12.09741,57.40784],[12.09819,57.40746],[12.09836,57.40734],[12.09852,57.40729],[12.09869,57.40727],[12.09877,57.40725],[12.09908,57.40726],[12.09929,57.40726],[12.09938,57.40731],[12.09938,57.40731],[12.09951,57.4073],[12.09951,57.4073],[12.09954,57.40728],[12.09964,57.40724],[12.09974,57.40725],[12.09998,57.40727],[12.1001,57.40734],[12.10048,57.40746],[12.10085,57.40756],[12.10161,57.4076],[12.10185,57.40764],[12.102,57.40769],[12.10225,57.40776],[12.10245,57.40776],[12.10278,57.40778],[12.10327,57.40771],[12.10347,57.40771],[12.1036,57.40767],[12.10406,57.40764],[12.1047,57.40749],[12.10497,57.40745],[12.10513,57.4074],[12.10567,57.40737],[12.10567,57.40737],[12.10579,57.40731],[12.106,57.40727],[12.10636,57.40725],[12.1065,57.40727],[12.10668,57.4073],[12.10718,57.4073],[12.10754,57.40733],[12.10779,57.40729],[12.10796,57.40726],[12.10822,57.40725],[12.10841,57.40719],[12.10861,57.40717],[12.10874,57.40711],[12.10927,57.40704],[12.10967,57.40699],[12.11001,57.40692],[12.11024,57.40687],[12.11041,57.40685],[12.11051,57.40682],[12.11058,57.40681],[12.11067,57.40685],[12.11062,57.40692],[12.11049,57.40711],[12.11049,57.40711],[12.11051,57.40723],[12.11057,57.40736],[12.11056,57.40745],[12.11048,57.4075],[12.11039,57.40753],[12.11022,57.40761],[12.11003,57.40774],[12.10995,57.40778],[12.10977,57.40779],[12.10977,57.40779],[12.10958,57.40789],[12.10939,57.40802],[12.10922,57.40809],[12.10903,57.40818],[12.10888,57.40826],[12.10877,57.40829],[12.10851,57.4085],[12.1082,57.40865],[12.10791,57.40879],[12.10776,57.40896],[12.10763,57.40917],[12.1075,57.40938],[12.1075,57.40938],[12.10754,57.40943],[12.10757,57.40948],[12.10748,57.40954],[12.10745,57.40964],[12.10735,57.41009],[12.1073,57.41024],[12.10732,57.41045],[12.10723,57.41057],[12.10711,57.41056],[12.10711,57.41056],[12.10704,57.41061],[12.10704,57.41061],[12.10704,57.41061],[12.10704,57.41061],[12.1074,57.4106],[12.10744,57.41061],[12.10753,57.4108],[12.10764,57.41118],[12.10772,57.41173],[12.10772,57.41189],[12.10775,57.41204],[12.10774,57.41226],[12.1077,57.41242],[12.10771,57.41245],[12.10769,57.41268],[12.10763,57.41296],[12.10757,57.41314],[12.10751,57.41323],[12.10739,57.41349],[12.10719,57.41385],[12.10701,57.41409],[12.10679,57.41435],[12.10651,57.4146],[12.10625,57.41473],[12.10625,57.41473],[12.10625,57.41473],[12.10625,57.41473],[12.10642,57.41476],[12.10646,57.41489],[12.10646,57.41489],[12.10646,57.41489],[12.12918,57.41908],[12.12919,57.41908],[12.12919,57.41908],[12.13701,57.41305],[12.13745,57.41269],[12.13816,57.41214],[12.13816,57.41214],[12.13816,57.41214],[12.13666,57.41157],[12.13674,57.41151],[12.13706,57.41164],[12.13706,57.41164],[12.13706,57.41164],[12.1427,57.40675],[12.1427,57.40674],[12.1427,57.40674],[12.14105,57.40642],[12.14094,57.4064],[12.13994,57.40622],[12.13845,57.40593],[12.13694,57.40564],[12.13694,57.40564],[12.13694,57.40564],[12.13484,57.40743],[12.13186,57.40663],[12.1294,57.40611],[12.12958,57.40596],[12.13211,57.40461],[12.13211,57.40461],[12.13211,57.40461],[12.13211,57.40461],[12.12996,57.40376],[12.12996,57.40376],[12.12996,57.40376],[12.12917,57.40407],[12.12911,57.40415],[12.12841,57.40486],[12.12828,57.405],[12.12811,57.40512],[12.12773,57.40531],[12.12769,57.40536],[12.12769,57.40541],[12.12768,57.40547],[12.12788,57.40562],[12.12792,57.40567],[12.12792,57.40569],[12.12798,57.40592],[12.12798,57.40592],[12.12839,57.40625],[12.12857,57.40634],[12.12889,57.40639],[12.12881,57.40643],[12.12863,57.40663],[12.12855,57.40662],[12.12845,57.40659],[12.12828,57.40655],[12.12806,57.40648],[12.12774,57.40638],[12.12754,57.40632],[12.12729,57.40624],[12.12687,57.40614],[12.1265,57.40606],[12.12606,57.40595],[12.12571,57.40587],[12.12473,57.40563],[12.12395,57.40545],[12.12348,57.40535],[12.12297,57.40524],[12.12268,57.40518],[12.12203,57.40504],[12.12087,57.40479],[12.11966,57.40454],[12.11888,57.40437],[12.11847,57.40428],[12.11823,57.40423],[12.11805,57.40418],[12.11784,57.40413],[12.11749,57.40403],[12.11725,57.40397],[12.11702,57.40392],[12.11683,57.40389],[12.11656,57.40384],[12.11556,57.40369],[12.11411,57.40348],[12.11393,57.40346],[12.11384,57.40345],[12.11375,57.40343],[12.11358,57.40341],[12.11339,57.40338],[12.11308,57.40334],[12.11298,57.40332],[12.11289,57.40331],[12.11277,57.40329],[12.11268,57.40326],[12.11265,57.40323],[12.11263,57.40319],[12.11263,57.40313],[12.1126,57.40308],[12.11257,57.40303],[12.11243,57.40289],[12.11212,57.40255],[12.11201,57.40241],[12.11191,57.40226],[12.11184,57.40213],[12.11177,57.40196],[12.11158,57.40153],[12.1115,57.4014],[12.11141,57.40129],[12.11125,57.40118],[12.11111,57.4011],[12.11089,57.401],[12.11089,57.401],[12.11012,57.40113],[12.10994,57.40076],[12.10993,57.40058],[12.1108,57.40049],[12.1108,57.40049],[12.1108,57.40049],[12.1108,57.40047],[12.11074,57.4002],[12.11072,57.40004],[12.11076,57.39992],[12.11089,57.39978],[12.11112,57.39955],[12.11118,57.39943],[12.11117,57.39918],[12.11106,57.39892],[12.11088,57.39874],[12.11045,57.39846],[12.11012,57.39825],[12.11,57.39812],[12.11,57.39801],[12.1101,57.39784],[12.11017,57.39768],[12.11009,57.39757],[12.1097,57.39729],[12.10932,57.39702],[12.10874,57.39674],[12.10838,57.39658],[12.10808,57.39651],[12.1078,57.39642],[12.10778,57.39641],[12.10778,57.39641],[12.10777,57.39641],[12.10777,57.39641],[12.10756,57.39649],[12.1073,57.39613],[12.10765,57.3961],[12.10765,57.3961],[12.10765,57.3961],[12.10765,57.39607],[12.10763,57.39591],[12.10763,57.39575],[12.10766,57.39566],[12.10765,57.39566],[12.1074,57.39551],[12.107,57.39489],[12.10704,57.3946],[12.10704,57.3946],[12.10698,57.39456],[12.10688,57.39453],[12.10663,57.39449],[12.10644,57.39449],[12.10611,57.39452],[12.10581,57.39456],[12.10565,57.39457],[12.10553,57.39454],[12.1054,57.39453],[12.10506,57.39457],[12.10484,57.39465],[12.10464,57.39486],[12.10448,57.39501],[12.1043,57.39515],[12.10419,57.39527],[12.10404,57.39535],[12.10379,57.39554],[12.10358,57.39569],[12.10337,57.39586],[12.10307,57.39607],[12.10297,57.39609],[12.10297,57.39609],[12.10245,57.39645],[12.10213,57.3971],[12.10259,57.39755],[12.10259,57.39755],[12.1026,57.39755],[12.1026,57.39755],[12.10303,57.39738],[12.10363,57.39714],[12.10462,57.39706],[12.10456,57.39728],[12.10401,57.39758],[12.10306,57.39768],[12.10306,57.39768],[12.10306,57.39769],[12.10306,57.39769],[12.10359,57.39808],[12.10414,57.39831],[12.1045,57.39859],[12.10451,57.39904],[12.10469,57.40028],[12.1046,57.40039],[12.10455,57.40146],[12.10455,57.40146],[12.10455,57.40146],[12.10564,57.4017],[12.10558,57.40186],[12.1055,57.4029],[12.1055,57.4029],[12.1055,57.40291],[12.10669,57.40305],[12.10702,57.40314],[12.10947,57.40392],[12.10947,57.40392],[12.10947,57.40392],[12.10962,57.40373],[12.11011,57.40366],[12.1102,57.40384],[12.1102,57.40384],[12.1102,57.40384],[12.1102,57.40384],[12.11046,57.40381],[12.11079,57.40383],[12.11017,57.40441],[12.11,57.40462],[12.10825,57.40489],[12.10783,57.40415],[12.10783,57.40415],[12.10783,57.40414],[12.10726,57.40418],[12.10701,57.40378],[12.10684,57.40341],[12.10684,57.40341],[12.10684,57.40341],[12.1052,57.40318],[12.1052,57.40318],[12.1052,57.40318],[12.1052,57.40318],[12.1052,57.40318],[12.10653,57.40524],[12.10649,57.40523],[12.10645,57.40523],[12.10635,57.40522],[12.10623,57.4052],[12.10612,57.40518],[12.10601,57.40516],[12.1059,57.40513],[12.1058,57.40511],[12.10569,57.40508],[12.10559,57.40505],[12.10548,57.40502],[12.10538,57.40499],[12.10529,57.40496],[12.10519,57.40493],[12.1051,57.40489],[12.10501,57.40486],[12.10492,57.40482],[12.10483,57.40478],[12.10475,57.40474],[12.10466,57.40469],[12.10458,57.40465],[12.10451,57.40461],[12.10444,57.40457],[12.10438,57.40453],[12.10432,57.40449],[12.10427,57.40445],[12.10427,57.40445],[12.10426,57.40445],[12.10384,57.40453],[12.10298,57.40466],[12.10248,57.40354],[12.10209,57.4027],[12.10201,57.40251],[12.10147,57.40137],[12.10149,57.40137],[12.10165,57.40135],[12.10192,57.40131],[12.10228,57.40127],[12.1024,57.40124],[12.10251,57.40119],[12.10277,57.40108],[12.10297,57.40099],[12.10303,57.40095],[12.10303,57.40095],[12.10304,57.40093],[12.10302,57.40087],[12.10299,57.40083],[12.10295,57.40079],[12.10291,57.40074],[12.10287,57.4007],[12.10278,57.40061],[12.10273,57.40056],[12.10257,57.40039],[12.1024,57.40021],[12.10231,57.40012],[12.10222,57.40002],[12.10214,57.39994],[12.10201,57.39981],[12.10197,57.39976],[12.10186,57.39964],[12.1018,57.39957],[12.10168,57.39945],[12.10164,57.39943],[12.1016,57.39941],[12.10151,57.39939],[12.10151,57.39939],[12.10133,57.39939],[12.1011,57.39943],[12.10095,57.39944],[12.10089,57.39933],[12.10156,57.39921],[12.10188,57.39933],[12.1026,57.39938],[12.1026,57.39938],[12.10312,57.39909],[12.10313,57.39909],[12.10313,57.39909],[12.10312,57.39909],[12.10133,57.3981],[12.10133,57.3981],[12.10133,57.3981],[12.10091,57.39838],[12.10005,57.39807],[12.09987,57.39794],[12.09967,57.39776],[12.09967,57.39776],[12.09967,57.39776],[12.09957,57.39779],[12.0995,57.3978],[12.09943,57.39781],[12.09943,57.39782],[12.09943,57.39782],[12.09944,57.39797],[12.09953,57.39816],[12.09962,57.39829],[12.09958,57.39834],[12.09938,57.3984],[12.09926,57.39846],[12.09926,57.39846],[12.09927,57.39851],[12.09928,57.39854],[12.09925,57.39859],[12.09889,57.39865],[12.09878,57.3987],[12.09878,57.3987],[12.0988,57.39877],[12.09865,57.39879],[12.09842,57.39882],[12.09808,57.3988],[12.09793,57.39879],[12.09792,57.39879],[12.09784,57.39883],[12.09772,57.39886],[12.09759,57.39884],[12.09745,57.39879],[12.09737,57.39869],[12.09737,57.39869],[12.09729,57.39867],[12.09729,57.39867],[12.09715,57.39873],[12.09707,57.39884],[12.09631,57.39881],[12.09631,57.39875],[12.09624,57.39864],[12.09612,57.39852],[12.09612,57.39852],[12.09583,57.39851],[12.09582,57.39851],[12.09582,57.39851],[12.09572,57.39855],[12.09563,57.39855],[12.09558,57.39851],[12.09535,57.39845],[12.09533,57.39823],[12.09539,57.39808],[12.09546,57.39796],[12.09548,57.39784],[12.09556,57.39776],[12.09566,57.39769],[12.09576,57.39764],[12.09584,57.39756],[12.09584,57.39756],[12.09585,57.39741],[12.09584,57.39725],[12.09585,57.39707],[12.09584,57.39687],[12.0958,57.39682],[12.0958,57.39682],[12.0958,57.39682],[12.09568,57.39681],[12.09565,57.39673],[12.09555,57.39665],[12.09538,57.39659],[12.0952,57.39649],[12.09492,57.3964],[12.09452,57.39626],[12.0942,57.39616],[12.09419,57.3961],[12.09419,57.3961],[12.09419,57.3961],[12.09397,57.39605],[12.09385,57.39601],[12.09385,57.39601],[12.09369,57.39602],[12.09352,57.39603],[12.0934,57.396],[12.09312,57.39595],[12.09276,57.3959],[12.0926,57.39585],[12.09253,57.39575],[12.0925,57.39569],[12.0925,57.39569],[12.0925,57.39569],[12.09224,57.39566],[12.0921,57.39565],[12.0921,57.39565],[12.09199,57.39567],[12.09194,57.39567],[12.09184,57.39563],[12.09156,57.3956],[12.09149,57.39558],[12.09149,57.39549],[12.09144,57.39536],[12.09144,57.39536],[12.09116,57.39532],[12.09098,57.39529],[12.09098,57.39529],[12.09093,57.39531],[12.09093,57.39531],[12.09097,57.39539],[12.09103,57.39545],[12.09114,57.39549],[12.09115,57.39551],[12.0911,57.39552],[12.09097,57.39552],[12.09069,57.39553],[12.09069,57.39554],[12.09069,57.39554],[12.09069,57.39554],[12.09076,57.3956],[12.09083,57.39568],[12.09092,57.39574],[12.09097,57.39582],[12.09114,57.39595],[12.09114,57.39595],[12.09128,57.39599],[12.09139,57.39603],[12.09135,57.39608],[12.09138,57.39617],[12.09145,57.39623],[12.09156,57.39628],[12.09153,57.39635],[12.09142,57.3964],[12.09129,57.39647],[12.09117,57.39657],[12.09102,57.39662],[12.09077,57.39675],[12.09064,57.39683],[12.09054,57.39707],[12.09037,57.39719],[12.09002,57.39736],[12.08981,57.39745],[12.08968,57.39751],[12.08953,57.39771],[12.08922,57.39791],[12.089,57.39803],[12.08886,57.39805],[12.08877,57.39803],[12.08866,57.39795],[12.08856,57.39791],[12.0884,57.39782],[12.0884,57.39782],[12.08828,57.39781],[12.08828,57.39781],[12.08828,57.39781],[12.08819,57.39789],[12.08807,57.39789],[12.08792,57.39788],[12.08763,57.39801],[12.08741,57.39792],[12.08741,57.39792],[12.08741,57.39793],[12.08732,57.39799],[12.08691,57.39796],[12.08683,57.39791],[12.08676,57.39782],[12.08664,57.3977],[12.08646,57.39751],[12.08636,57.39733],[12.08638,57.39707],[12.08639,57.39694],[12.08643,57.39677],[12.0866,57.39637],[12.08658,57.3962],[12.08666,57.39592],[12.08666,57.39592],[12.08651,57.39585],[12.08642,57.39581],[12.08637,57.39577],[12.08626,57.39574],[12.08626,57.39574],[12.08626,57.39574],[12.0862,57.39579],[12.08615,57.39581],[12.08591,57.39564],[12.08596,57.39555],[12.08595,57.39544],[12.0859,57.39525],[12.08589,57.39517],[12.08589,57.39516],[12.08577,57.39507],[12.08577,57.39501],[12.08584,57.3949],[12.08584,57.39482],[12.08581,57.39463],[12.08574,57.39455],[12.08561,57.39452],[12.08552,57.39447],[12.08552,57.39439],[12.08557,57.39427],[12.08569,57.3941],[12.0857,57.394],[12.08586,57.39389],[12.08586,57.39389],[12.08578,57.39377],[12.08561,57.39356],[12.08547,57.39345],[12.08543,57.39337],[12.08546,57.39333],[12.08546,57.39332],[12.08546,57.39332],[12.08546,57.39332],[12.08538,57.39333],[12.08531,57.39328],[12.08538,57.39325],[12.08538,57.39324],[12.08542,57.39321],[12.08543,57.39315],[12.08543,57.39315],[12.0853,57.39305],[12.08523,57.39296],[12.08523,57.39296],[12.08523,57.39296],[12.08515,57.39297],[12.08496,57.39291],[12.08495,57.39283],[12.08491,57.39275],[12.08481,57.39261],[12.08466,57.3925],[12.08452,57.39243],[12.08441,57.39243],[12.08441,57.39243],[12.08434,57.39255],[12.08428,57.39262],[12.08422,57.39257],[12.08416,57.39255],[12.08416,57.39255],[12.08416,57.39255],[12.0841,57.39266],[12.0841,57.39266],[12.08414,57.39272],[12.08416,57.39274],[12.08416,57.39274],[12.08417,57.39274],[12.08417,57.39274],[12.08423,57.3927],[12.08429,57.3927],[12.08427,57.39275],[12.08409,57.39283],[12.08406,57.3929],[12.08392,57.39295],[12.08376,57.39298],[12.08364,57.39296],[12.0836,57.39293],[12.0836,57.39293],[12.08359,57.39293],[12.08355,57.39296],[12.08351,57.39306],[12.08339,57.39311],[12.08307,57.3932],[12.08275,57.39331],[12.08255,57.3934],[12.0824,57.39348],[12.08226,57.39352],[12.08217,57.39357],[12.08208,57.39367],[12.08194,57.39373],[12.08184,57.3938],[12.0816,57.39396],[12.08144,57.3941],[12.08145,57.39423],[12.08139,57.3943],[12.08129,57.39439],[12.08125,57.39448],[12.08125,57.39448],[12.0813,57.39455],[12.08135,57.39467],[12.08133,57.39482],[12.08128,57.39495],[12.08122,57.39509],[12.08119,57.3952],[12.08104,57.39533],[12.08072,57.39548],[12.08051,57.39558],[12.0803,57.39569],[12.08016,57.39587],[12.08001,57.39612],[12.0799,57.39639],[12.0799,57.39655],[12.07994,57.39675],[12.08002,57.39695],[12.08,57.39717],[12.0801,57.39744],[12.08018,57.39765],[12.08026,57.39784],[12.08027,57.39809],[12.08035,57.39846],[12.08033,57.39869],[12.08038,57.39909],[12.08038,57.39923],[12.08035,57.39952],[12.0803,57.4],[12.08026,57.40031]],[[12.10574,57.40564],[12.10584,57.40588],[12.10531,57.40595],[12.10517,57.40571],[12.10574,57.40564]],[[12.112,57.41086],[12.11201,57.41119],[12.11138,57.41104],[12.11138,57.41074],[12.112,57.41086]],[[12.1112,57.40944],[12.11197,57.40961],[12.11212,57.40976],[12.11215,57.40983],[12.11188,57.40983],[12.11145,57.40983],[12.11105,57.40974],[12.1112,57.40944]],[[12.11616,57.41394],[12.11616,57.41394],[12.11616,57.41394],[12.11679,57.41352],[12.11794,57.4136],[12.11767,57.41445],[12.11718,57.41448],[12.11678,57.41444],[12.11582,57.41415],[12.11583,57.4139],[12.11616,57.41394]],[[12.13074,57.40693],[12.13158,57.40715],[12.13257,57.40748],[12.13393,57.40795],[12.13333,57.4083],[12.13025,57.40766],[12.13074,57.40693]],[[12.11307,57.40978],[12.11312,57.40973],[12.11327,57.40978],[12.11346,57.40983],[12.11361,57.40986],[12.11377,57.40989],[12.1139,57.40993],[12.11403,57.40998],[12.11417,57.41004],[12.11434,57.41014],[12.11455,57.41023],[12.11473,57.4103],[12.11542,57.4105],[12.1155,57.41052],[12.11573,57.41058],[12.11586,57.41061],[12.11601,57.41059],[12.11628,57.41065],[12.11739,57.41092],[12.1175,57.41118],[12.11733,57.41135],[12.11693,57.41129],[12.11693,57.41129],[12.11693,57.41129],[12.11621,57.41182],[12.11363,57.41115],[12.11363,57.41082],[12.11351,57.41063],[12.11285,57.41037],[12.11307,57.40978]]]]},"properties":{"NVRID":"2200076","NAMN":"Tjolöholms naturreservat","SKYDDSTYP":"Naturreservat","LAN":"Hallands Län","KOMMUN":"Kungsbacka","IUCNKATEGORI":"IV, Habitat/Artskyddsområde (Habitat/Species Management Area)","FORVALTARE":"Länsstyrelsen i Hallands län","AREA_HA":445.434,"URSPR_BESLUTSDATUM":"2025-11-20"}},{"type":"Feature","geometry":{"type":"Polygon","coordinates":[[[12.49465,57.27043],[12.49463,57.27068],[12.49461,57.27081],[12.49461,57.27081],[12.49461,57.27081],[12.49461,57.27081],[12.49462,57.27081],[12.49472,57.27081],[12.49482,57.2708],[12.49482,57.2708],[12.4949,57.27076],[12.49498,57.27074],[12.49507,57.27077],[12.49507,57.27077],[12.49519,57.27074],[12.49533,57.27075],[12.49547,57.27082],[12.49556,57.27088],[12.49566,57.27093],[12.49572,57.27097],[12.49586,57.27104],[12.49611,57.27124],[12.49638,57.27166],[12.4965,57.27179],[12.49665,57.27191],[12.49672,57.27197],[12.49698,57.27228],[12.49709,57.27239],[12.49727,57.27256],[12.49731,57.27265],[12.49734,57.27271],[12.49741,57.27279],[12.49733,57.27296],[12.49728,57.27304],[12.49722,57.27309],[12.4971,57.27318],[12.49705,57.27328],[12.49705,57.27333],[12.49716,57.27349],[12.49725,57.27362],[12.49728,57.27371],[12.49733,57.27376],[12.49736,57.2738],[12.49753,57.27406],[12.49768,57.27418],[12.49814,57.27447],[12.49882,57.27474],[12.49902,57.27482],[12.49924,57.27499],[12.49963,57.27536],[12.49991,57.27556],[12.50011,57.2757],[12.50021,57.27574],[12.50041,57.27578],[12.50057,57.27582],[12.50059,57.27585],[12.50063,57.27594],[12.50065,57.27597],[12.50069,57.276],[12.50085,57.27602],[12.50108,57.27609],[12.50116,57.27614],[12.50123,57.2762],[12.50127,57.27628],[12.5013,57.27643],[12.5013,57.27652],[12.50129,57.27659],[12.50131,57.27666],[12.50135,57.27669],[12.50144,57.27672],[12.50148,57.27673],[12.50157,57.27693],[12.50161,57.27704],[12.50165,57.27708],[12.50182,57.27713],[12.50196,57.27718],[12.50212,57.27731],[12.50239,57.2775],[12.5025,57.27757],[12.5026,57.27767],[12.50269,57.27776],[12.50283,57.27786],[12.50315,57.27799],[12.50326,57.27803],[12.50353,57.27807],[12.50364,57.27808],[12.5039,57.27808],[12.50426,57.27802],[12.50445,57.27798],[12.50477,57.27792],[12.50492,57.27789],[12.50505,57.27787],[12.50515,57.27788],[12.50539,57.27791],[12.5056,57.27795],[12.50568,57.27797],[12.50579,57.27805],[12.5059,57.27815],[12.50603,57.27836],[12.50606,57.2784],[12.50614,57.27847],[12.5062,57.27852],[12.50629,57.27866],[12.5063,57.27867],[12.50637,57.27871],[12.50645,57.27877],[12.50654,57.2788],[12.50663,57.27882],[12.50668,57.27883],[12.50671,57.27886],[12.50675,57.27889],[12.50675,57.27889],[12.5068,57.27891],[12.50701,57.27894],[12.5071,57.27897],[12.50721,57.27904],[12.50726,57.27909],[12.50728,57.27922],[12.50729,57.27933],[12.50734,57.2795],[12.50747,57.27964],[12.50754,57.27973],[12.50759,57.27983],[12.50761,57.27991],[12.50763,57.27995],[12.50774,57.28012],[12.50778,57.28016],[12.50783,57.28019],[12.5079,57.28021],[12.50821,57.28024],[12.50836,57.28024],[12.50873,57.28024],[12.50896,57.28023],[12.50921,57.28023],[12.50927,57.28023],[12.50935,57.28027],[12.50946,57.28033],[12.50955,57.28036],[12.50962,57.28036],[12.50962,57.28036],[12.50978,57.28032],[12.50989,57.2803],[12.51004,57.2803],[12.51024,57.2803],[12.51041,57.28029],[12.51074,57.28033],[12.51091,57.28035],[12.51129,57.28041],[12.51144,57.28042],[12.51155,57.28043],[12.51167,57.28047],[12.51172,57.28051],[12.51188,57.28068],[12.51189,57.28074],[12.51178,57.28101],[12.51169,57.28123],[12.51164,57.28136],[12.51158,57.28154],[12.51157,57.2816],[12.51158,57.28165],[12.51158,57.28168],[12.51158,57.2817],[12.51158,57.28174],[12.51157,57.28175],[12.51157,57.28184],[12.51161,57.28199],[12.5117,57.28216],[12.51192,57.28241],[12.51201,57.28249],[12.51228,57.28266],[12.51241,57.28275],[12.51262,57.28294],[12.51276,57.28308],[12.51286,57.28317],[12.51293,57.28321],[12.51306,57.28324],[12.51337,57.2834],[12.51346,57.28345],[12.51358,57.28353],[12.51374,57.28361],[12.51384,57.28368],[12.51403,57.28386],[12.5141,57.2839],[12.5141,57.2839],[12.5142,57.28391],[12.51442,57.28391],[12.5146,57.28392],[12.51466,57.28395],[12.51472,57.28399],[12.51474,57.28403],[12.51472,57.28409],[12.5147,57.28413],[12.5147,57.28414],[12.51479,57.28421],[12.51491,57.28426],[12.51498,57.28427],[12.51513,57.28427],[12.51523,57.28427],[12.51529,57.28424],[12.51529,57.28424],[12.51532,57.28417],[12.51533,57.28414],[12.51545,57.28409],[12.51549,57.28407],[12.51551,57.28404],[12.51543,57.28393],[12.51535,57.2838],[12.51533,57.28376],[12.51528,57.28371],[12.51527,57.28364],[12.51526,57.28348],[12.51514,57.28316],[12.51512,57.28297],[12.51513,57.28283],[12.51516,57.28272],[12.51522,57.28259],[12.51523,57.28253],[12.51524,57.28246],[12.51528,57.2824],[12.51531,57.28237],[12.51531,57.28237],[12.51527,57.28226],[12.51516,57.28209],[12.51509,57.28203],[12.51494,57.28193],[12.51482,57.28188],[12.51456,57.28174],[12.51431,57.28151],[12.51409,57.28127],[12.51409,57.28127],[12.51388,57.28122],[12.51383,57.28122],[12.51375,57.28121],[12.51365,57.28116],[12.51363,57.28115],[12.51353,57.28109],[12.51322,57.28091],[12.51314,57.28086],[12.51304,57.28077],[12.51299,57.28067],[12.51297,57.28055],[12.513,57.28036],[12.51302,57.28029],[12.51305,57.28016],[12.51303,57.28009],[12.51312,57.27969],[12.51312,57.27962],[12.5132,57.27933],[12.51325,57.27925],[12.51331,57.27921],[12.51345,57.2792],[12.51345,57.2792],[12.51345,57.2792],[12.51283,57.27874],[12.51207,57.27777],[12.51207,57.27777],[12.51207,57.27777],[12.51199,57.27778],[12.51174,57.27779],[12.51151,57.2778],[12.51112,57.27781],[12.51087,57.2778],[12.51051,57.27779],[12.51027,57.27777],[12.50991,57.27775],[12.50956,57.27773],[12.50881,57.2777],[12.50794,57.27765],[12.50744,57.27763],[12.50682,57.27759],[12.50678,57.27747],[12.5067,57.27689],[12.5065,57.2765],[12.50626,57.2763],[12.5061,57.27602],[12.5062,57.27578],[12.5062,57.27578],[12.50587,57.27537],[12.50547,57.27507],[12.50501,57.27467],[12.50471,57.27434],[12.50432,57.27379],[12.50403,57.27319],[12.50374,57.27278],[12.50483,57.2726],[12.50548,57.27249],[12.50642,57.27357],[12.50669,57.27404],[12.50669,57.27404],[12.50669,57.27404],[12.50719,57.27397],[12.50783,57.27505],[12.5083,57.27592],[12.5083,57.27592],[12.5083,57.27592],[12.5083,57.27592],[12.51083,57.27551],[12.51094,57.2758],[12.51123,57.2762],[12.51138,57.2764],[12.51138,57.2764],[12.51164,57.27652],[12.51285,57.2766],[12.51326,57.27676],[12.51326,57.27676],[12.51381,57.27664],[12.51382,57.27664],[12.51429,57.2763],[12.51429,57.27629],[12.51426,57.27612],[12.5141,57.27579],[12.51389,57.27547],[12.51315,57.27423],[12.51249,57.27355],[12.51214,57.27284],[12.51255,57.27252],[12.5139,57.27203],[12.51414,57.2719],[12.51414,57.2719],[12.51414,57.2719],[12.51368,57.27162],[12.51311,57.27118],[12.51311,57.27118],[12.51311,57.27118],[12.51311,57.27118],[12.51299,57.27124],[12.51288,57.2713],[12.51276,57.27133],[12.51238,57.27149],[12.51228,57.27153],[12.51209,57.27157],[12.51193,57.27165],[12.5117,57.27171],[12.5116,57.27179],[12.51147,57.27182],[12.51139,57.27186],[12.51128,57.27188],[12.51116,57.27187],[12.51109,57.27188],[12.511,57.27186],[12.511,57.27186],[12.51092,57.27189],[12.51086,57.27194],[12.51076,57.27192],[12.51076,57.27192],[12.51076,57.27192],[12.51075,57.27192],[12.51073,57.27196],[12.51061,57.27198],[12.51057,57.27202],[12.51038,57.27205],[12.51009,57.27208],[12.50994,57.27211],[12.50983,57.27214],[12.50965,57.27215],[12.50952,57.27214],[12.50934,57.2721],[12.50876,57.2718],[12.50859,57.27172],[12.50807,57.27148],[12.50782,57.27132],[12.50762,57.27119],[12.50733,57.27101],[12.50684,57.27084],[12.50668,57.27081],[12.5065,57.27077],[12.50639,57.27073],[12.50613,57.27064],[12.50598,57.27057],[12.50587,57.27053],[12.50577,57.2705],[12.5057,57.2705],[12.5052,57.27036],[12.50514,57.27035],[12.50514,57.27035],[12.5051,57.27036],[12.50506,57.27037],[12.50498,57.27036],[12.50487,57.27032],[12.50478,57.2703],[12.50468,57.27027],[12.50462,57.27025],[12.5045,57.27018],[12.50443,57.27015],[12.50424,57.27005],[12.5041,57.26999],[12.5041,57.26999],[12.5041,57.26999],[12.5041,57.26999],[12.50406,57.27003],[12.50402,57.2701],[12.50402,57.27018],[12.50407,57.2703],[12.50411,57.27037],[12.50417,57.27045],[12.50423,57.2705],[12.50427,57.27053],[12.50429,57.2706],[12.50432,57.27067],[12.50446,57.27088],[12.50453,57.27105],[12.50457,57.27121],[12.50457,57.27137],[12.50455,57.27148],[12.50453,57.27155],[12.50458,57.27171],[12.50459,57.27174],[12.50456,57.27178],[12.5045,57.27181],[12.50445,57.27183],[12.50416,57.27189],[12.50403,57.2719],[12.50397,57.2719],[12.50373,57.27183],[12.50361,57.27179],[12.50346,57.27175],[12.50335,57.27171],[12.50325,57.27165],[12.50304,57.27158],[12.5028,57.27154],[12.50247,57.27145],[12.50213,57.27123],[12.50208,57.27119],[12.50184,57.27077],[12.50166,57.27052],[12.50123,57.27014],[12.50115,57.27006],[12.50105,57.26996],[12.50082,57.26969],[12.50075,57.2696],[12.50072,57.26956],[12.50029,57.26919],[12.50014,57.26898],[12.50012,57.26886],[12.50011,57.26874],[12.5003,57.26833],[12.5004,57.26818],[12.50057,57.26785],[12.5006,57.26779],[12.5006,57.26757],[12.50059,57.26746],[12.50054,57.26729],[12.50043,57.26702],[12.50033,57.26681],[12.50033,57.2668],[12.50024,57.26676],[12.5002,57.26674],[12.50019,57.2666],[12.50013,57.26648],[12.50001,57.26637],[12.49996,57.2663],[12.49988,57.26619],[12.4998,57.26613],[12.49975,57.2661],[12.49968,57.26607],[12.49955,57.26589],[12.49953,57.26586],[12.4995,57.26584],[12.49944,57.26582],[12.4991,57.26558],[12.49903,57.26553],[12.49892,57.26541],[12.49875,57.26525],[12.49859,57.26506],[12.49854,57.26502],[12.49846,57.26497],[12.49832,57.26491],[12.49828,57.26487],[12.49826,57.26482],[12.49827,57.26477],[12.49816,57.26467],[12.49804,57.26461],[12.49796,57.26458],[12.49791,57.26457],[12.49786,57.26452],[12.49784,57.26448],[12.49784,57.26443],[12.49775,57.26429],[12.4977,57.26419],[12.49767,57.26417],[12.4976,57.26412],[12.49755,57.26408],[12.49752,57.26379],[12.4975,57.26372],[12.49744,57.2636],[12.49735,57.26347],[12.49732,57.26333],[12.49733,57.26329],[12.49733,57.2632],[12.49731,57.26314],[12.49727,57.2631],[12.49724,57.26298],[12.49722,57.26295],[12.49718,57.26288],[12.49709,57.26276],[12.49695,57.26244],[12.49682,57.26233],[12.49683,57.26227],[12.4968,57.26218],[12.49677,57.26213],[12.49676,57.2621],[12.49676,57.2621],[12.49666,57.26206],[12.49661,57.26204],[12.49656,57.26198],[12.49651,57.26192],[12.49641,57.26186],[12.49629,57.26181],[12.49623,57.2618],[12.49617,57.26179],[12.49614,57.26177],[12.49614,57.26177],[12.49614,57.26177],[12.49593,57.26187],[12.49222,57.26351],[12.49222,57.26351],[12.49222,57.26351],[12.49303,57.26442],[12.49543,57.26702],[12.4966,57.26766],[12.49689,57.26811],[12.49689,57.26811],[12.49722,57.2681],[12.4983,57.26856],[12.49857,57.26886],[12.49807,57.26881],[12.49775,57.26888],[12.49775,57.26888],[12.49775,57.26888],[12.49823,57.26944],[12.49858,57.26995],[12.49878,57.2705],[12.49878,57.27075],[12.49943,57.27129],[12.49973,57.27161],[12.50037,57.27201],[12.50101,57.2723],[12.50085,57.27256],[12.50112,57.2729],[12.50163,57.27329],[12.50236,57.27351],[12.50288,57.27389],[12.50249,57.27403],[12.50249,57.27404],[12.50249,57.27404],[12.50305,57.27445],[12.50305,57.27445],[12.50333,57.27449],[12.50399,57.27488],[12.50364,57.27502],[12.50364,57.27502],[12.50364,57.27502],[12.50364,57.27502],[12.50413,57.27529],[12.50388,57.27541],[12.5034,57.2752],[12.5034,57.2752],[12.5034,57.2752],[12.50306,57.27533],[12.50266,57.27529],[12.50194,57.27518],[12.50186,57.27502],[12.50186,57.27502],[12.50186,57.27502],[12.50151,57.27499],[12.50095,57.27421],[12.50061,57.27364],[12.50024,57.27312],[12.50024,57.27312],[12.50024,57.27312],[12.50024,57.27312],[12.49881,57.27394],[12.49803,57.27293],[12.49868,57.27237],[12.49844,57.27185],[12.49844,57.27185],[12.49793,57.27169],[12.49728,57.27122],[12.49672,57.27095],[12.49626,57.27076],[12.49645,57.27041],[12.49645,57.27012],[12.49645,57.27012],[12.49645,57.27012],[12.49595,57.26989],[12.49536,57.2694],[12.49536,57.2694],[12.49536,57.2694],[12.49536,57.2694],[12.49374,57.26994],[12.49374,57.26994],[12.49374,57.26994],[12.49374,57.26994],[12.49465,57.27043]]]},"properties":{"NVRID":"2004534","NAMN":"Stackenäs","SKYDDSTYP":"Naturreservat","LAN":"Hallands Län","KOMMUN":"Varberg","IUCNKATEGORI":"Ia, Strikt naturreservat (Strict Nature Reserve)","FORVALTARE":"Länsstyrelsen i Hallands län","AREA_HA":84.846,"URSPR_BESLUTSDATUM":"2012-01-16"}},{"type":"Feature","geometry":{"type":"MultiPolygon","coordinates":[[[[13.33705,56.89972],[13.33716,56.89977],[13.33725,56.89989],[13.33744,56.90006],[13.33754,56.90012],[13.33765,56.90018],[13.33772,56.90026],[13.33778,56.90035],[13.33782,56.90041],[13.3379,56.90046],[13.33799,56.9005],[13.33809,56.90055],[13.3382,56.90062],[13.33827,56.90073],[13.33828,56.90085],[13.33829,56.90092],[13.33829,56.90092],[13.33834,56.90094],[13.33846,56.90096],[13.33856,56.90101],[13.3387,56.90106],[13.3387,56.90106],[13.33882,56.90104],[13.33896,56.90105],[13.33908,56.90106],[13.33917,56.90104],[13.33918,56.90104],[13.33919,56.90097],[13.3392,56.90089],[13.33922,56.90081],[13.33925,56.90078],[13.33925,56.90078],[13.33925,56.90078],[13.33668,56.89738],[13.33668,56.89738],[13.33668,56.89738],[13.33563,56.89762],[13.33562,56.89762],[13.33562,56.89763],[13.33685,56.8997],[13.33685,56.8997],[13.33685,56.8997],[13.33705,56.89972]]],[[[13.34099,56.89911],[13.34115,56.8991],[13.34132,56.89913],[13.34142,56.89914],[13.34167,56.89912],[13.34181,56.89913],[13.34197,56.89919],[13.34208,56.89922],[13.34237,56.89924],[13.34248,56.89925],[13.34258,56.89926],[13.34272,56.89928],[13.34292,56.89928],[13.34293,56.89928],[13.34307,56.89924],[13.34319,56.89919],[13.34326,56.89913],[13.34332,56.89904],[13.34333,56.89895],[13.34331,56.89889],[13.34331,56.89889],[13.34319,56.89882],[13.34295,56.89871],[13.34277,56.89855],[13.34272,56.89849],[13.34271,56.89843],[13.34276,56.89824],[13.34275,56.89815],[13.34269,56.89811],[13.3426,56.89808],[13.34249,56.89807],[13.34249,56.89807],[13.34244,56.89811],[13.34238,56.89815],[13.34229,56.89815],[13.34217,56.89811],[13.34205,56.89805],[13.34194,56.89798],[13.34188,56.89789],[13.34185,56.89779],[13.34186,56.89772],[13.34186,56.89764],[13.34187,56.89757],[13.34184,56.89751],[13.34167,56.89736],[13.34153,56.89721],[13.34139,56.89708],[13.34125,56.89696],[13.34125,56.89696],[13.34096,56.89685],[13.34075,56.89682],[13.34062,56.89682],[13.34048,56.89683],[13.34037,56.89686],[13.34028,56.89687],[13.34015,56.89686],[13.34015,56.89686],[13.34015,56.89686],[13.33934,56.89754],[13.33934,56.89754],[13.34087,56.8991],[13.34087,56.8991],[13.34087,56.8991],[13.34099,56.89911]]]]},"properties":{"NVRID":"2024629","NAMN":"Hägnen","SKYDDSTYP":"Naturreservat","LAN":"Hallands Län","KOMMUN":"Hylte","IUCNKATEGORI":"0, Områden som ej kan klassificeras enligt IUCN: s system.","FORVALTARE":"Länsstyrelsen i Hallands län","AREA_HA":6.653,"URSPR_BESLUTSDATUM":"2010-11-03"}},{"type":"Feature","geometry":{"type":"Polygon","coordinates":[[[12.14974,57.19311],[12.14974,57.19311],[12.14974,57.19311],[12.1498,57.19313],[12.14978,57.19316],[12.1498,57.19327],[12.14984,57.19336],[12.14984,57.19336],[12.14998,57.19341],[12.15009,57.19346],[12.15011,57.19353],[12.15004,57.19355],[12.15004,57.19355],[12.15004,57.19355],[12.15008,57.19358],[12.15019,57.19364],[12.15028,57.19373],[12.15041,57.19387],[12.15042,57.19397],[12.15049,57.19409],[12.15046,57.19417],[12.15046,57.19417],[12.15052,57.19424],[12.15061,57.19432],[12.15069,57.19445],[12.15076,57.19457],[12.15085,57.19466],[12.15085,57.19466],[12.15103,57.19469],[12.15103,57.19469],[12.15127,57.19467],[12.15149,57.19464],[12.15156,57.1947],[12.15161,57.19475],[12.15181,57.19479],[12.15191,57.19485],[12.15192,57.19491],[12.15192,57.19491],[12.15204,57.19494],[12.15207,57.195],[12.15217,57.1951],[12.15213,57.19515],[12.15208,57.19521],[12.15208,57.19521],[12.15208,57.19521],[12.15208,57.19521],[12.15208,57.19521],[12.15217,57.19521],[12.15228,57.19523],[12.15228,57.19528],[12.15226,57.19533],[12.15226,57.19533],[12.15232,57.19542],[12.15232,57.19542],[12.15244,57.19547],[12.15255,57.19554],[12.15256,57.19554],[12.15256,57.19554],[12.15265,57.19552],[12.15275,57.19548],[12.15288,57.19549],[12.15295,57.19549],[12.15311,57.19548],[12.15329,57.19548],[12.15336,57.19555],[12.15342,57.19562],[12.15347,57.19571],[12.15343,57.19573],[12.1534,57.19583],[12.15341,57.19594],[12.15339,57.19602],[12.15336,57.19608],[12.15336,57.19608],[12.15343,57.19616],[12.15352,57.19623],[12.15364,57.19631],[12.15367,57.19636],[12.15367,57.19636],[12.15378,57.19638],[12.15392,57.19641],[12.15407,57.19643],[12.15407,57.19643],[12.15418,57.1964],[12.15432,57.19636],[12.15445,57.19639],[12.15453,57.19644],[12.15456,57.1965],[12.15461,57.19656],[12.15476,57.19659],[12.15483,57.19664],[12.15481,57.1967],[12.15479,57.19678],[12.15478,57.1969],[12.15483,57.197],[12.15488,57.19709],[12.15489,57.19721],[12.15484,57.19732],[12.15485,57.19739],[12.15476,57.19744],[12.15474,57.19752],[12.15474,57.19752],[12.15478,57.19756],[12.15483,57.19761],[12.15472,57.19765],[12.15472,57.19765],[12.15472,57.19765],[12.15477,57.19772],[12.15484,57.19777],[12.15492,57.19785],[12.1551,57.19798],[12.1551,57.19798],[12.1553,57.19804],[12.15543,57.19806],[12.15563,57.19809],[12.15577,57.19811],[12.15577,57.19811],[12.1559,57.19806],[12.15603,57.19802],[12.15632,57.19803],[12.15642,57.19801],[12.15666,57.19797],[12.15681,57.19794],[12.15712,57.19787],[12.15726,57.19781],[12.15737,57.19772],[12.15751,57.19763],[12.15772,57.19755],[12.15796,57.19749],[12.15815,57.19744],[12.15826,57.19738],[12.15839,57.19732],[12.15852,57.19728],[12.15857,57.19719],[12.15859,57.19703],[12.15863,57.19691],[12.15858,57.19681],[12.15853,57.19669],[12.15859,57.19665],[12.15878,57.19661],[12.15907,57.1966],[12.15922,57.19658],[12.15959,57.1966],[12.15994,57.19663],[12.16011,57.19664],[12.16019,57.19669],[12.16031,57.19673],[12.16031,57.19673],[12.16043,57.19672],[12.16057,57.19678],[12.1607,57.19684],[12.16091,57.19693],[12.16104,57.19698],[12.16119,57.19702],[12.16132,57.19704],[12.16139,57.1971],[12.16141,57.19721],[12.16141,57.19721],[12.16147,57.19723],[12.16155,57.19724],[12.16158,57.19727],[12.16164,57.1973],[12.16171,57.19731],[12.16176,57.19733],[12.16179,57.19735],[12.16179,57.19735],[12.16179,57.19735],[12.16185,57.19733],[12.1619,57.19731],[12.16206,57.1973],[12.16227,57.19731],[12.16245,57.19732],[12.16256,57.19734],[12.16257,57.19734],[12.16257,57.19734],[12.16257,57.19734],[12.16417,57.19385],[12.16417,57.19385],[12.16417,57.19385],[12.16379,57.19377],[12.16185,57.19341],[12.16157,57.19335],[12.16161,57.19319],[12.16226,57.19104],[12.16229,57.19096],[12.16243,57.1905],[12.16244,57.19048],[12.16246,57.1904],[12.16253,57.19018],[12.1626,57.18994],[12.16264,57.18982],[12.16266,57.18974],[12.16274,57.18948],[12.1628,57.18926],[12.16286,57.18907],[12.16295,57.18879],[12.1631,57.1883],[12.16318,57.18805],[12.16321,57.18792],[12.16323,57.18787],[12.16338,57.18738],[12.16352,57.18693],[12.16385,57.18586],[12.16395,57.18555],[12.16395,57.18555],[12.16395,57.18555],[12.16395,57.18555],[12.16394,57.18555],[12.16343,57.18557],[12.16332,57.18557],[12.1632,57.1856],[12.16305,57.18563],[12.16297,57.18562],[12.16276,57.18561],[12.16246,57.18564],[12.16206,57.18568],[12.16169,57.18575],[12.16154,57.18578],[12.16139,57.18579],[12.16122,57.18579],[12.16109,57.18583],[12.16094,57.18583],[12.1608,57.18582],[12.16066,57.18583],[12.16053,57.18586],[12.16035,57.18591],[12.16026,57.18592],[12.16016,57.18592],[12.16005,57.18593],[12.15986,57.186],[12.15971,57.18605],[12.15963,57.18604],[12.15954,57.18602],[12.1594,57.18602],[12.1594,57.18602],[12.15929,57.18605],[12.15929,57.18605],[12.15929,57.18605],[12.15928,57.18611],[12.15926,57.18614],[12.15917,57.18614],[12.15913,57.18612],[12.15912,57.18611],[12.15911,57.18611],[12.15911,57.18611],[12.15882,57.18626],[12.15882,57.18626],[12.15881,57.18632],[12.15876,57.18634],[12.15865,57.18638],[12.15863,57.18645],[12.15862,57.1865],[12.15851,57.18655],[12.15844,57.18664],[12.15835,57.1867],[12.15823,57.18677],[12.15819,57.18683],[12.15813,57.18688],[12.1581,57.18695],[12.15801,57.187],[12.15792,57.18709],[12.15782,57.18718],[12.15764,57.18728],[12.1575,57.18737],[12.15749,57.18737],[12.1575,57.18737],[12.15754,57.18743],[12.15754,57.18748],[12.15743,57.18749],[12.15735,57.18746],[12.15722,57.18741],[12.15709,57.18741],[12.15708,57.18741],[12.15708,57.18741],[12.15708,57.18748],[12.15709,57.18753],[12.157,57.18762],[12.15694,57.1876],[12.15694,57.1876],[12.15681,57.18761],[12.15656,57.18763],[12.15631,57.18767],[12.15615,57.18766],[12.15615,57.18766],[12.15591,57.18771],[12.15577,57.18777],[12.15571,57.18787],[12.15556,57.18789],[12.15523,57.18793],[12.15495,57.18793],[12.15478,57.18798],[12.15473,57.18794],[12.15473,57.18791],[12.15473,57.18791],[12.15473,57.18791],[12.15455,57.1879],[12.15455,57.18791],[12.1545,57.18796],[12.15437,57.18798],[12.15422,57.18794],[12.15407,57.18789],[12.15407,57.18789],[12.1539,57.1879],[12.15387,57.18786],[12.15395,57.18782],[12.15395,57.18782],[12.15389,57.18776],[12.15389,57.18776],[12.1537,57.18774],[12.15356,57.18776],[12.15347,57.18777],[12.15342,57.18773],[12.15342,57.18773],[12.15342,57.18773],[12.15342,57.18773],[12.15337,57.18776],[12.15336,57.18783],[12.15341,57.18789],[12.15343,57.18794],[12.1534,57.18798],[12.15335,57.18804],[12.1534,57.18813],[12.15336,57.18818],[12.15336,57.18825],[12.15345,57.18835],[12.15338,57.18843],[12.15331,57.18855],[12.1533,57.18871],[12.1533,57.18871],[12.15339,57.18878],[12.15349,57.18886],[12.15368,57.18895],[12.1539,57.18905],[12.15409,57.18907],[12.15432,57.18908],[12.1546,57.18913],[12.1547,57.18921],[12.15486,57.18927],[12.1551,57.18932],[12.15522,57.18937],[12.15522,57.18946],[12.15529,57.18951],[12.15529,57.18951],[12.15537,57.18949],[12.15542,57.18944],[12.15557,57.18942],[12.15581,57.18944],[12.1559,57.18948],[12.15597,57.18953],[12.15608,57.18956],[12.15609,57.1896],[12.156,57.18965],[12.15593,57.18972],[12.15578,57.18973],[12.15578,57.18973],[12.15574,57.18978],[12.15565,57.18985],[12.15561,57.1899],[12.15561,57.1899],[12.15568,57.19],[12.15573,57.19015],[12.15572,57.1903],[12.15568,57.19041],[12.15557,57.19053],[12.15557,57.19053],[12.15557,57.19064],[12.15557,57.19064],[12.15565,57.19067],[12.15567,57.1907],[12.15559,57.19073],[12.15548,57.19079],[12.15539,57.19086],[12.15532,57.19098],[12.15532,57.19098],[12.15534,57.19105],[12.15547,57.19111],[12.15547,57.19111],[12.15563,57.1911],[12.15576,57.19113],[12.15589,57.19118],[12.15603,57.19128],[12.15612,57.19129],[12.15619,57.19133],[12.15635,57.19141],[12.15649,57.19148],[12.15681,57.19158],[12.15695,57.19158],[12.15705,57.19159],[12.15705,57.19168],[12.15706,57.19176],[12.15713,57.19181],[12.15706,57.19191],[12.15699,57.19195],[12.15692,57.19193],[12.15692,57.19193],[12.15692,57.19193],[12.15685,57.19199],[12.15683,57.19205],[12.15669,57.19216],[12.1566,57.19223],[12.15659,57.19231],[12.15651,57.19236],[12.15641,57.19234],[12.15634,57.19231],[12.15634,57.19231],[12.15634,57.19231],[12.15634,57.19231],[12.15632,57.19237],[12.15632,57.19244],[12.15635,57.19251],[12.15635,57.19251],[12.15635,57.19251],[12.15647,57.19252],[12.15666,57.19253],[12.15683,57.19259],[12.157,57.19264],[12.15715,57.19269],[12.15725,57.19277],[12.15734,57.19288],[12.15725,57.19294],[12.15722,57.19298],[12.15722,57.19298],[12.15726,57.19303],[12.15719,57.19308],[12.15719,57.19308],[12.15721,57.19315],[12.1573,57.19323],[12.15732,57.19333],[12.15728,57.19344],[12.15726,57.19355],[12.15733,57.19366],[12.15742,57.19375],[12.15755,57.19383],[12.1576,57.19393],[12.15754,57.19403],[12.15736,57.19417],[12.15736,57.19417],[12.15737,57.19422],[12.15735,57.19425],[12.15728,57.19419],[12.15721,57.19407],[12.15712,57.19394],[12.15701,57.19384],[12.15691,57.19377],[12.15683,57.19364],[12.15676,57.1936],[12.15676,57.1936],[12.15676,57.1936],[12.15676,57.1936],[12.15671,57.19364],[12.15665,57.19373],[12.15662,57.19383],[12.15651,57.19388],[12.15639,57.19382],[12.15627,57.19371],[12.15617,57.1936],[12.15616,57.19352],[12.1561,57.19341],[12.15603,57.19329],[12.15604,57.19319],[12.15608,57.19315],[12.15608,57.19315],[12.15605,57.19313],[12.1559,57.19304],[12.15581,57.19299],[12.15563,57.19291],[12.15557,57.1928],[12.15551,57.19275],[12.15551,57.19275],[12.1552,57.19271],[12.15505,57.19271],[12.15504,57.19271],[12.15488,57.19275],[12.1547,57.19273],[12.15454,57.19274],[12.15439,57.19274],[12.15431,57.19268],[12.15426,57.19266],[12.1542,57.19266],[12.15421,57.19258],[12.15428,57.19248],[12.15425,57.19242],[12.15425,57.19242],[12.15425,57.19242],[12.15412,57.19241],[12.15399,57.19241],[12.15386,57.19238],[12.15342,57.19237],[12.15318,57.19233],[12.15302,57.19232],[12.15292,57.19227],[12.15289,57.19222],[12.15285,57.19215],[12.15287,57.19209],[12.15287,57.19209],[12.15287,57.19209],[12.15268,57.1921],[12.15253,57.19213],[12.15253,57.19213],[12.15251,57.19221],[12.15252,57.19225],[12.15238,57.19231],[12.15222,57.19237],[12.15222,57.19237],[12.15222,57.19237],[12.15222,57.19237],[12.15227,57.19241],[12.15225,57.19245],[12.15214,57.19245],[12.15207,57.19246],[12.15206,57.19246],[12.15199,57.19252],[12.15187,57.19255],[12.15187,57.19255],[12.15189,57.19263],[12.15195,57.19272],[12.15191,57.19275],[12.15183,57.19275],[12.15177,57.19276],[12.15161,57.19279],[12.15143,57.19283],[12.15133,57.1928],[12.15117,57.19274],[12.15101,57.19265],[12.15086,57.19257],[12.15086,57.19257],[12.15073,57.19257],[12.15047,57.19263],[12.15022,57.19269],[12.15005,57.19278],[12.14997,57.19281],[12.14997,57.19281],[12.14997,57.19281],[12.14997,57.19284],[12.14998,57.19288],[12.14986,57.19295],[12.14981,57.19303],[12.14974,57.19311]]]},"properties":{"NVRID":"2001975","NAMN":"Årnäsudden","SKYDDSTYP":"Naturreservat","LAN":"Hallands Län","KOMMUN":"Varberg","IUCNKATEGORI":"IV, Habitat/Artskyddsområde (Habitat/Species Management Area)","FORVALTARE":"Länsstyrelsen i Hallands län","AREA_HA":64.734,"URSPR_BESLUTSDATUM":"1968-06-19"}},{"type":"Feature","geometry":{"type":"MultiPolygon","coordinates":[[[[13.52918,56.89402],[13.52904,56.89398],[13.52884,56.89392],[13.52883,56.89392],[13.52876,56.89394],[13.52876,56.89394],[13.52876,56.89394],[13.52874,56.89401],[13.52872,56.89409],[13.52879,56.8942],[13.52888,56.89431],[13.52901,56.8944],[13.5292,56.89448],[13.52937,56.89456],[13.52963,56.89463],[13.52983,56.8947],[13.53003,56.89475],[13.5302,56.89479],[13.53041,56.89479],[13.53041,56.89478],[13.53049,56.89471],[13.53054,56.89461],[13.53058,56.89452],[13.53048,56.89445],[13.53034,56.89433],[13.53022,56.89425],[13.5302,56.89414],[13.53022,56.89409],[13.53052,56.89403],[13.53068,56.89399],[13.53083,56.89392],[13.53103,56.89382],[13.53109,56.89369],[13.53109,56.8935],[13.53109,56.8935],[13.53107,56.89348],[13.53102,56.89347],[13.53094,56.8934],[13.53084,56.89331],[13.53081,56.89324],[13.53091,56.89308],[13.53098,56.89299],[13.53098,56.89294],[13.53098,56.89294],[13.53081,56.89276],[13.5308,56.89276],[13.53072,56.89275],[13.53064,56.89272],[13.53053,56.89263],[13.5305,56.89255],[13.53052,56.89252],[13.5305,56.8925],[13.5305,56.89249],[13.53042,56.89248],[13.53037,56.89246],[13.53021,56.89236],[13.53007,56.89232],[13.52987,56.8923],[13.52987,56.8923],[13.52987,56.8923],[13.52994,56.89243],[13.52996,56.89264],[13.52998,56.89282],[13.52991,56.89298],[13.52982,56.89321],[13.52963,56.89353],[13.52942,56.8937],[13.52936,56.89381],[13.5293,56.89399],[13.52918,56.89402]]],[[[13.51813,56.89348],[13.51957,56.89337],[13.51943,56.89366],[13.51943,56.89366],[13.51943,56.89366],[13.51998,56.89389],[13.51998,56.89389],[13.51998,56.89389],[13.52039,56.89373],[13.52039,56.89373],[13.52026,56.89318],[13.52095,56.89288],[13.52095,56.89288],[13.52095,56.89288],[13.52095,56.89288],[13.52064,56.89276],[13.52116,56.89246],[13.52163,56.89228],[13.52201,56.89204],[13.52203,56.89163],[13.52212,56.89134],[13.52241,56.89132],[13.52263,56.89152],[13.52282,56.89158],[13.52282,56.89158],[13.52329,56.89147],[13.52397,56.89105],[13.52467,56.89155],[13.52467,56.89155],[13.52467,56.89155],[13.52467,56.89155],[13.52605,56.89079],[13.52694,56.89105],[13.52715,56.89132],[13.52675,56.89196],[13.52671,56.89202],[13.52671,56.89202],[13.52671,56.89202],[13.52676,56.89204],[13.52678,56.89209],[13.52678,56.89209],[13.52683,56.89211],[13.52688,56.89215],[13.52688,56.89218],[13.52677,56.89219],[13.52677,56.89219],[13.52673,56.89227],[13.52674,56.89236],[13.52682,56.89244],[13.52694,56.89249],[13.5271,56.89251],[13.52741,56.89252],[13.52753,56.89253],[13.52761,56.89267],[13.52765,56.89275],[13.52776,56.89283],[13.52784,56.89286],[13.52784,56.89286],[13.52788,56.89285],[13.52788,56.89285],[13.5279,56.89281],[13.5279,56.89275],[13.52785,56.89272],[13.52777,56.8927],[13.52768,56.89257],[13.52762,56.89247],[13.5276,56.8924],[13.52766,56.89228],[13.52771,56.89223],[13.52781,56.89214],[13.52795,56.89204],[13.52809,56.89201],[13.52836,56.89205],[13.52848,56.8921],[13.52865,56.89215],[13.52873,56.89226],[13.52882,56.89242],[13.52891,56.8925],[13.52898,56.89255],[13.52898,56.89255],[13.52898,56.89255],[13.52905,56.89254],[13.52905,56.89254],[13.52905,56.89254],[13.52905,56.89254],[13.52905,56.89253],[13.52904,56.89249],[13.52908,56.89245],[13.5292,56.89233],[13.52931,56.89223],[13.52934,56.89215],[13.52923,56.89197],[13.52915,56.89183],[13.52915,56.89183],[13.52901,56.89181],[13.52889,56.89178],[13.52865,56.89172],[13.52855,56.89168],[13.5285,56.8916],[13.52852,56.89154],[13.52857,56.89141],[13.52854,56.89123],[13.52843,56.89105],[13.52846,56.89098],[13.52852,56.89087],[13.52863,56.89074],[13.52872,56.89066],[13.52872,56.89066],[13.52872,56.89066],[13.52841,56.89046],[13.52828,56.89043],[13.52815,56.89038],[13.52809,56.89034],[13.52805,56.89027],[13.52807,56.89017],[13.5281,56.89008],[13.52809,56.89001],[13.52803,56.8899],[13.52798,56.88985],[13.52782,56.88976],[13.52774,56.88971],[13.52778,56.88968],[13.52787,56.88961],[13.52798,56.88953],[13.52802,56.88949],[13.52802,56.88949],[13.52801,56.88948],[13.52775,56.88927],[13.52766,56.88923],[13.52754,56.88921],[13.52743,56.88922],[13.52731,56.88925],[13.52718,56.88926],[13.52711,56.88924],[13.527,56.88917],[13.5269,56.88908],[13.52649,56.88886],[13.52639,56.88883],[13.52629,56.88882],[13.52617,56.88882],[13.52587,56.88876],[13.52573,56.88875],[13.52563,56.88876],[13.52518,56.88861],[13.52506,56.88858],[13.52498,56.88857],[13.52487,56.88859],[13.52469,56.88861],[13.5245,56.88863],[13.52439,56.8886],[13.52426,56.8885],[13.52407,56.88845],[13.52395,56.88841],[13.52385,56.88835],[13.52386,56.88829],[13.5239,56.8882],[13.52392,56.88813],[13.5239,56.88801],[13.52388,56.88795],[13.52388,56.88795],[13.52379,56.88792],[13.52379,56.88792],[13.52374,56.88792],[13.52374,56.88792],[13.52369,56.88796],[13.52369,56.88804],[13.52371,56.88808],[13.52368,56.88808],[13.52368,56.88808],[13.52368,56.88808],[13.52161,56.88974],[13.52144,56.88976],[13.52144,56.88976],[13.5213,56.88987],[13.52118,56.88994],[13.52082,56.89008],[13.52,56.88983],[13.51927,56.88951],[13.51802,56.8889],[13.51708,56.88874],[13.51662,56.88859],[13.51662,56.88859],[13.51661,56.88859],[13.51624,56.8889],[13.51613,56.88917],[13.51622,56.88961],[13.51622,56.88961],[13.51711,56.88995],[13.51737,56.89009],[13.51796,56.89046],[13.51851,56.89117],[13.5189,56.89136],[13.51893,56.89166],[13.51866,56.89184],[13.51859,56.89193],[13.51837,56.89213],[13.51796,56.89232],[13.51742,56.89273],[13.51694,56.89301],[13.51682,56.89321],[13.51657,56.89357],[13.51657,56.89357],[13.51707,56.89391],[13.51764,56.89394],[13.51764,56.89394],[13.51765,56.89394],[13.51813,56.89348]]]]},"properties":{"NVRID":"2014555","NAMN":"Sjö","SKYDDSTYP":"Naturreservat","LAN":"Hallands Län","KOMMUN":"Hylte","IUCNKATEGORI":"IV, Habitat/Artskyddsområde (Habitat/Species Management Area)","FORVALTARE":"Länsstyrelsen i Hallands län","AREA_HA":25.041,"URSPR_BESLUTSDATUM":"2012-06-07"}},{"type":"Feature","geometry":{"type":"Polygon","coordinates":[[[12.65129,57.0928],[12.65129,57.0928],[12.65085,57.09373],[12.65084,57.09374],[12.65084,57.09375],[12.65123,57.09404],[12.65189,57.09438],[12.65233,57.09449],[12.65413,57.09457],[12.65418,57.09462],[12.65418,57.09462],[12.65418,57.09462],[12.65525,57.0945],[12.657,57.0943],[12.65677,57.09813],[12.65677,57.09814],[12.65677,57.09814],[12.66141,57.09812],[12.66142,57.09812],[12.66142,57.09812],[12.66155,57.09744],[12.66186,57.0959],[12.66289,57.096],[12.66488,57.09577],[12.66642,57.09504],[12.66747,57.09383],[12.66918,57.09404],[12.66956,57.09452],[12.66956,57.09452],[12.67156,57.09471],[12.6726,57.09493],[12.67287,57.09519],[12.67283,57.09576],[12.67283,57.09576],[12.67283,57.09576],[12.67343,57.09585],[12.67365,57.09591],[12.67335,57.09599],[12.67335,57.09599],[12.67335,57.09599],[12.67335,57.09599],[12.67353,57.0962],[12.67353,57.0962],[12.67353,57.0962],[12.67353,57.0962],[12.67394,57.09606],[12.67436,57.09595],[12.67436,57.09595],[12.67436,57.09595],[12.67423,57.09565],[12.67423,57.09541],[12.67429,57.09509],[12.67381,57.09473],[12.67407,57.09337],[12.67487,57.09308],[12.67487,57.09308],[12.67487,57.09308],[12.67481,57.09265],[12.67475,57.0924],[12.67462,57.09218],[12.67451,57.09187],[12.67429,57.09152],[12.67401,57.09104],[12.67367,57.09061],[12.67367,57.09061],[12.67285,57.09046],[12.67285,57.09046],[12.67285,57.09046],[12.67166,57.09214],[12.67089,57.09267],[12.66981,57.09218],[12.66981,57.09188],[12.66955,57.09151],[12.66955,57.09151],[12.6693,57.09148],[12.66881,57.0913],[12.6688,57.0913],[12.6688,57.0913],[12.66741,57.09245],[12.6659,57.09216],[12.66452,57.09109],[12.66452,57.09109],[12.66387,57.09103],[12.66387,57.09103],[12.66387,57.09104],[12.6633,57.09175],[12.6633,57.09175],[12.66332,57.09194],[12.65976,57.09187],[12.65976,57.09187],[12.65844,57.09311],[12.65714,57.09269],[12.65713,57.09269],[12.65713,57.09269],[12.65702,57.09282],[12.65508,57.09225],[12.65508,57.09225],[12.65508,57.09225],[12.65495,57.09256],[12.65491,57.09264],[12.65444,57.09265],[12.65397,57.09269],[12.65351,57.09279],[12.65302,57.09289],[12.65264,57.09293],[12.65215,57.09291],[12.65175,57.09283],[12.65155,57.09272],[12.65155,57.09272],[12.65155,57.09272],[12.65129,57.0928]]]},"properties":{"NVRID":"2001987","NAMN":"Sumpafallen","SKYDDSTYP":"Naturreservat","LAN":"Hallands Län","KOMMUN":"Falkenberg","IUCNKATEGORI":"III, Naturmonument (Natural Monument)","FORVALTARE":"Västkuststiftelsen","AREA_HA":54.334,"URSPR_BESLUTSDATUM":"1978-11-30"}},{"type":"Feature","geometry":{"type":"Polygon","coordinates":[[[12.51665,57.10307],[12.51664,57.10307],[12.51664,57.10307],[12.51673,57.10318],[12.51697,57.10345],[12.51772,57.10394],[12.51772,57.10394],[12.51772,57.10394],[12.51998,57.10357],[12.51998,57.10357],[12.52044,57.10275],[12.52101,57.10262],[12.52102,57.10262],[12.52102,57.10262],[12.52087,57.10215],[12.52289,57.10211],[12.52302,57.10218],[12.52356,57.10304],[12.52356,57.10304],[12.52431,57.10328],[12.52463,57.10364],[12.52463,57.10364],[12.52463,57.10364],[12.52584,57.10337],[12.52642,57.10361],[12.52643,57.10361],[12.52643,57.10361],[12.52712,57.10328],[12.52784,57.10324],[12.52854,57.1031],[12.52948,57.10359],[12.52948,57.10359],[12.53011,57.10356],[12.53094,57.10365],[12.53112,57.10376],[12.53139,57.10412],[12.53162,57.10466],[12.53192,57.10485],[12.53232,57.10555],[12.53241,57.10564],[12.53285,57.10591],[12.53285,57.10591],[12.53285,57.10591],[12.53402,57.1055],[12.53473,57.10546],[12.53513,57.10547],[12.53558,57.1055],[12.53695,57.10556],[12.53724,57.10575],[12.53735,57.10584],[12.53735,57.10584],[12.53755,57.10583],[12.53755,57.10583],[12.53755,57.10583],[12.53751,57.10574],[12.53752,57.10565],[12.53756,57.10557],[12.53765,57.10549],[12.5377,57.10543],[12.53773,57.10537],[12.53776,57.10534],[12.53788,57.10528],[12.53811,57.10528],[12.5383,57.10526],[12.53845,57.10522],[12.53857,57.10517],[12.53867,57.10511],[12.53867,57.10511],[12.5387,57.10502],[12.53874,57.10493],[12.53869,57.10472],[12.53869,57.10463],[12.53872,57.10461],[12.53886,57.10457],[12.53905,57.10449],[12.53918,57.10442],[12.53924,57.10437],[12.53926,57.10431],[12.53928,57.10425],[12.53932,57.10418],[12.53936,57.10413],[12.53937,57.10405],[12.53942,57.10402],[12.53944,57.10395],[12.53945,57.10389],[12.53945,57.10389],[12.53937,57.10385],[12.53933,57.10379],[12.53925,57.10371],[12.53912,57.10364],[12.53898,57.10359],[12.53879,57.10356],[12.53861,57.10354],[12.53861,57.10354],[12.53847,57.10356],[12.53818,57.10363],[12.53805,57.10364],[12.53794,57.10364],[12.53774,57.10362],[12.53774,57.10362],[12.53769,57.10364],[12.53762,57.10366],[12.53748,57.1037],[12.53728,57.10376],[12.53711,57.10379],[12.53693,57.10381],[12.53678,57.1038],[12.53665,57.10375],[12.53656,57.10371],[12.53643,57.10366],[12.53625,57.10361],[12.53606,57.10358],[12.53589,57.10355],[12.53574,57.10357],[12.53563,57.10358],[12.53551,57.10356],[12.53539,57.1035],[12.53526,57.10343],[12.53519,57.10332],[12.53515,57.10321],[12.53519,57.10313],[12.5352,57.10306],[12.53518,57.10299],[12.53577,57.10084],[12.53576,57.10084],[12.53576,57.10084],[12.52873,57.09922],[12.52873,57.09922],[12.52843,57.09927],[12.52817,57.09926],[12.52802,57.09922],[12.52798,57.09918],[12.52785,57.09907],[12.52775,57.09898],[12.52764,57.09891],[12.52751,57.09883],[12.52738,57.09878],[12.52729,57.09875],[12.52726,57.09866],[12.5272,57.09862],[12.5271,57.09859],[12.52687,57.09852],[12.52672,57.09847],[12.52657,57.09845],[12.52643,57.0984],[12.52627,57.09833],[12.52599,57.09816],[12.5259,57.09814],[12.52571,57.0981],[12.52557,57.09808],[12.52557,57.09808],[12.52543,57.09811],[12.52531,57.09811],[12.52521,57.09812],[12.52513,57.09814],[12.52499,57.09814],[12.52481,57.09816],[12.52469,57.09818],[12.52445,57.09818],[12.52418,57.09814],[12.52397,57.0981],[12.52375,57.09809],[12.52352,57.09812],[12.52328,57.09822],[12.52291,57.09837],[12.52261,57.09847],[12.52239,57.0986],[12.52213,57.09869],[12.52195,57.09875],[12.52187,57.09881],[12.52164,57.09887],[12.52146,57.09896],[12.52118,57.09904],[12.52105,57.09909],[12.52087,57.09911],[12.52077,57.09908],[12.52075,57.09905],[12.52076,57.09902],[12.52081,57.09898],[12.52081,57.09898],[12.52081,57.09898],[12.52081,57.09898],[12.5208,57.09898],[12.52059,57.099],[12.51838,57.09986],[12.51793,57.10006],[12.51793,57.10006],[12.51793,57.10006],[12.51793,57.10006],[12.51793,57.10006],[12.518,57.10005],[12.51815,57.1],[12.5182,57.09998],[12.51838,57.09998],[12.51844,57.1],[12.5186,57.10013],[12.51861,57.10019],[12.51853,57.10032],[12.51849,57.10041],[12.51851,57.10052],[12.51838,57.10061],[12.51829,57.10072],[12.51826,57.10082],[12.51826,57.10083],[12.51842,57.10093],[12.51852,57.10108],[12.5185,57.10118],[12.51847,57.10124],[12.51835,57.10135],[12.51828,57.10142],[12.51819,57.10149],[12.518,57.10159],[12.51768,57.1017],[12.51751,57.10173],[12.51742,57.10177],[12.51737,57.1018],[12.51732,57.10189],[12.51726,57.102],[12.51716,57.10211],[12.51704,57.10223],[12.51688,57.10239],[12.5168,57.10248],[12.51674,57.10258],[12.51674,57.10258],[12.51677,57.10268],[12.51683,57.10277],[12.51683,57.1028],[12.51674,57.10287],[12.5167,57.10292],[12.5167,57.10292],[12.51671,57.10305],[12.51665,57.10307]]]},"properties":{"NVRID":"2013492","NAMN":"Toppbjär","SKYDDSTYP":"Naturreservat","LAN":"Hallands Län","KOMMUN":"Varberg","IUCNKATEGORI":"IV, Habitat/Artskyddsområde (Habitat/Species Management Area)","FORVALTARE":"Länsstyrelsen i Hallands län","AREA_HA":58.028,"URSPR_BESLUTSDATUM":"2007-12-17"}},{"type":"Feature","geometry":{"type":"MultiPolygon","coordinates":[[[[13.39187,56.50655],[13.39187,56.50655],[13.39187,56.50655],[13.39495,56.50927],[13.39495,56.50927],[13.39495,56.50927],[13.39606,56.50884],[13.39606,56.50884],[13.39606,56.50884],[13.39573,56.50819],[13.39454,56.50775],[13.39482,56.50734],[13.39482,56.50734],[13.39482,56.50734],[13.39219,56.50649],[13.39219,56.50649],[13.39219,56.50649],[13.39187,56.50655]]],[[[13.38078,56.5034],[13.38078,56.5034],[13.38078,56.5034],[13.38003,56.50348],[13.37952,56.50354],[13.37903,56.50381],[13.37903,56.50381],[13.37903,56.50382],[13.37903,56.50382],[13.38163,56.50484],[13.38163,56.50484],[13.38163,56.50484],[13.38206,56.50437],[13.384,56.50491],[13.38394,56.50501],[13.38394,56.50501],[13.38438,56.50527],[13.38487,56.5054],[13.38808,56.50619],[13.38808,56.50619],[13.38967,56.50586],[13.38967,56.50585],[13.38995,56.50493],[13.38995,56.50493],[13.38995,56.50493],[13.38968,56.50477],[13.38968,56.50477],[13.38967,56.50477],[13.38938,56.50488],[13.38817,56.50474],[13.38693,56.50411],[13.38714,56.50357],[13.38714,56.50357],[13.38714,56.50357],[13.38699,56.5035],[13.38662,56.50342],[13.38614,56.50337],[13.38614,56.50337],[13.38591,56.50334],[13.38581,56.50332],[13.38568,56.5033],[13.38562,56.50328],[13.38552,56.50324],[13.38542,56.50321],[13.38535,56.50317],[13.38485,56.5029],[13.38483,56.50289],[13.38483,56.50289],[13.38483,56.50289],[13.38364,56.50315],[13.38364,56.50315],[13.3833,56.504],[13.38206,56.50363],[13.38206,56.50363],[13.38157,56.50382],[13.38078,56.5034]]]]},"properties":{"NVRID":"2201125","NAMN":"Varhalla naturreservat","SKYDDSTYP":"Naturreservat","LAN":"Hallands Län","KOMMUN":"Laholm","IUCNKATEGORI":"0, Områden som ej kan klassificeras enligt IUCN: s system.","FORVALTARE":"Länsstyrelsen i Hallands län","AREA_HA":13.141,"URSPR_BESLUTSDATUM":"2025-12-17"}},{"type":"Feature","geometry":{"type":"Polygon","coordinates":[[[12.90254,56.63264],[12.90281,56.63235],[12.90444,56.63272],[12.90567,56.63293],[12.90606,56.63298],[12.90606,56.63298],[12.90624,56.63288],[12.90748,56.63215],[12.90797,56.63183],[12.90843,56.63149],[12.90903,56.63103],[12.90954,56.6307],[12.91072,56.63004],[12.91168,56.6297],[12.91181,56.62963],[12.91192,56.62956],[12.91202,56.62947],[12.91206,56.6294],[12.91207,56.62934],[12.91204,56.62922],[12.91247,56.62877],[12.91249,56.62863],[12.91243,56.62854],[12.91237,56.62841],[12.91207,56.62733],[12.91202,56.62693],[12.91199,56.62612],[12.91195,56.62578],[12.91183,56.62544],[12.91167,56.62503],[12.91175,56.6238],[12.91164,56.62353],[12.91122,56.62309],[12.91037,56.62259],[12.91009,56.62231],[12.90997,56.62218],[12.90984,56.62201],[12.90968,56.62177],[12.90953,56.62159],[12.90936,56.62144],[12.90925,56.62122],[12.90903,56.62086],[12.90888,56.62058],[12.90819,56.61995],[12.90819,56.61995],[12.90819,56.61995],[12.90724,56.62015],[12.90724,56.62015],[12.90722,56.62039],[12.90713,56.62039],[12.90713,56.62039],[12.90709,56.62042],[12.90704,56.62045],[12.90698,56.62051],[12.90695,56.62058],[12.90687,56.6207],[12.9068,56.62088],[12.90672,56.62105],[12.90667,56.6212],[12.90647,56.62145],[12.90628,56.62163],[12.90605,56.62188],[12.90588,56.62214],[12.90578,56.62234],[12.90559,56.62258],[12.90533,56.62287],[12.90503,56.6233],[12.90488,56.62368],[12.90467,56.62403],[12.90435,56.62447],[12.90409,56.62485],[12.90368,56.6254],[12.90342,56.6257],[12.90329,56.62596],[12.90309,56.62633],[12.90296,56.62649],[12.90282,56.62665],[12.90271,56.62682],[12.90261,56.62694],[12.9025,56.6271],[12.90237,56.62726],[12.90223,56.62742],[12.9021,56.62759],[12.90199,56.62775],[12.90181,56.6279],[12.9017,56.62802],[12.90153,56.62823],[12.90147,56.62839],[12.90134,56.62852],[12.90123,56.62868],[12.9011,56.62889],[12.90096,56.62904],[12.90083,56.6292],[12.90071,56.62936],[12.90059,56.62952],[12.90044,56.62967],[12.9003,56.62983],[12.90017,56.62999],[12.90009,56.63019],[12.89993,56.63035],[12.89978,56.63054],[12.89965,56.63064],[12.8995,56.63079],[12.89942,56.63089],[12.89928,56.63104],[12.89916,56.63121],[12.89907,56.63132],[12.89893,56.63148],[12.89878,56.63163],[12.89866,56.6318],[12.89855,56.63189],[12.89846,56.63198],[12.89833,56.63214],[12.89819,56.6323],[12.89804,56.63245],[12.89791,56.63262],[12.89779,56.63278],[12.89766,56.63293],[12.89737,56.63332],[12.89686,56.63384],[12.8968,56.63398],[12.89646,56.6343],[12.89621,56.63455],[12.89555,56.63527],[12.89511,56.63573],[12.89487,56.63604],[12.89476,56.63612],[12.89476,56.63612],[12.89476,56.63612],[12.89512,56.63624],[12.89814,56.63727],[12.89814,56.63727],[12.89814,56.63727],[12.89862,56.63672],[12.89949,56.63609],[12.89973,56.63588],[12.90022,56.63493],[12.90026,56.63488],[12.90254,56.63264]]]},"properties":{"NVRID":"2002417","NAMN":"Hagön","SKYDDSTYP":"Naturreservat","LAN":"Hallands Län","KOMMUN":"Halmstad","IUCNKATEGORI":"IV, Habitat/Artskyddsområde (Habitat/Species Management Area)","FORVALTARE":"Halmstads kommun","AREA_HA":79.809,"URSPR_BESLUTSDATUM":"1973-02-27"}},{"type":"Feature","geometry":{"type":"Polygon","coordinates":[[[12.71523,57.06505],[12.71521,57.06501],[12.71521,57.06501],[12.71504,57.06494],[12.71492,57.06489],[12.71492,57.06489],[12.71491,57.06489],[12.71491,57.0649],[12.71491,57.0649],[12.71499,57.06515],[12.71502,57.06522],[12.71505,57.06534],[12.71507,57.06542],[12.71512,57.0655],[12.71512,57.0655],[12.71522,57.06557],[12.71545,57.06581],[12.7157,57.06601],[12.71579,57.0662],[12.71601,57.0663],[12.71648,57.06641],[12.71678,57.06661],[12.71717,57.06681],[12.71738,57.06703],[12.71791,57.06739],[12.71791,57.06743],[12.71799,57.06769],[12.71806,57.06785],[12.71805,57.06793],[12.7183,57.06836],[12.71834,57.06847],[12.71832,57.06859],[12.7187,57.06932],[12.71871,57.06932],[12.71872,57.06936],[12.71858,57.06937],[12.71842,57.06941],[12.71831,57.06956],[12.71829,57.06961],[12.71826,57.06971],[12.71819,57.06988],[12.71815,57.06997],[12.71804,57.07023],[12.71798,57.07033],[12.71787,57.07042],[12.71776,57.0705],[12.71767,57.07056],[12.71754,57.07063],[12.71739,57.0707],[12.71725,57.07081],[12.71714,57.07091],[12.71705,57.07101],[12.71694,57.07112],[12.71689,57.07121],[12.71668,57.07133],[12.71643,57.07141],[12.71643,57.07141],[12.71643,57.07141],[12.71643,57.07141],[12.71678,57.07171],[12.71683,57.07179],[12.71696,57.07192],[12.71713,57.07202],[12.71716,57.07208],[12.71729,57.07222],[12.71762,57.07249],[12.71786,57.07267],[12.71847,57.07301],[12.71883,57.07315],[12.71916,57.07326],[12.71946,57.07334],[12.71998,57.07347],[12.72111,57.07372],[12.72155,57.07379],[12.72164,57.07379],[12.72179,57.07379],[12.72266,57.07376],[12.72341,57.0737],[12.72445,57.07354],[12.72475,57.07353],[12.72592,57.07292],[12.72595,57.07294],[12.72595,57.07305],[12.72597,57.07311],[12.72615,57.07331],[12.72638,57.07345],[12.72641,57.07352],[12.72667,57.07371],[12.72682,57.07387],[12.72693,57.07394],[12.72698,57.07404],[12.72707,57.07411],[12.72723,57.07436],[12.72737,57.07457],[12.72755,57.07474],[12.72767,57.07481],[12.72776,57.07495],[12.72785,57.07503],[12.72791,57.07506],[12.72813,57.07512],[12.72804,57.0752],[12.72804,57.0752],[12.72804,57.0752],[12.72817,57.07523],[12.72869,57.07538],[12.72926,57.07557],[12.73021,57.07588],[12.73074,57.07606],[12.73108,57.07618],[12.73149,57.07637],[12.73177,57.07651],[12.7321,57.07669],[12.7324,57.07686],[12.73269,57.07705],[12.73301,57.07728],[12.73301,57.07728],[12.73301,57.07728],[12.73301,57.07728],[12.73322,57.07711],[12.73348,57.07726],[12.73348,57.07726],[12.73348,57.07726],[12.73384,57.07711],[12.73499,57.07602],[12.73507,57.07562],[12.73486,57.07524],[12.73491,57.07506],[12.73735,57.0748],[12.73761,57.07471],[12.73775,57.07475],[12.73775,57.07475],[12.73856,57.07476],[12.73933,57.07477],[12.7397,57.0748],[12.73986,57.07488],[12.73986,57.07488],[12.73986,57.07488],[12.74199,57.07429],[12.74374,57.07438],[12.74441,57.07435],[12.74484,57.07428],[12.74505,57.07427],[12.74528,57.07426],[12.74573,57.07423],[12.74617,57.0742],[12.74617,57.0742],[12.74653,57.07401],[12.74749,57.07344],[12.74749,57.07344],[12.74749,57.07344],[12.74453,57.07144],[12.74352,57.07076],[12.73846,57.07002],[12.73156,57.06906],[12.7281,57.06548],[12.72665,57.06416],[12.72665,57.06416],[12.72665,57.06416],[12.72482,57.06431],[12.72278,57.06448],[12.72018,57.06467],[12.71842,57.0648],[12.71523,57.06505]],[[12.73128,57.07606],[12.73183,57.07563],[12.73267,57.07597],[12.73208,57.07633],[12.73128,57.07606]],[[12.72211,57.0696],[12.72282,57.06966],[12.72337,57.06982],[12.72393,57.07004],[12.72351,57.07025],[12.72345,57.07028],[12.72338,57.07037],[12.72322,57.07047],[12.72297,57.07059],[12.72276,57.07065],[12.72253,57.07067],[12.72239,57.07067],[12.72211,57.0696]]]},"properties":{"NVRID":"2052141","NAMN":"Kålabro","SKYDDSTYP":"Naturreservat","LAN":"Hallands Län","KOMMUN":"Falkenberg","IUCNKATEGORI":"IV, Habitat/Artskyddsområde (Habitat/Species Management Area)","FORVALTARE":"Länsstyrelsen i Hallands län","AREA_HA":133.523,"URSPR_BESLUTSDATUM":"2019-11-28"}},{"type":"Feature","geometry":{"type":"Polygon","coordinates":[[[12.8859,56.85201],[12.8859,56.85201],[12.8859,56.85201],[12.89867,56.85648],[12.90111,56.85733],[12.90111,56.85733],[12.90316,56.8569],[12.90525,56.85702],[12.90525,56.85702],[12.90556,56.85695],[12.90556,56.85695],[12.90556,56.85695],[12.9057,56.8567],[12.90599,56.85638],[12.90621,56.8562],[12.90704,56.85565],[12.90704,56.85565],[12.90704,56.85565],[12.90703,56.85565],[12.90451,56.85561],[12.90457,56.85486],[12.90457,56.85485],[12.90324,56.85382],[12.90206,56.85329],[12.90153,56.8529],[12.89943,56.85067],[12.89943,56.85067],[12.89943,56.85067],[12.89912,56.85066],[12.8989,56.85062],[12.89883,56.85058],[12.89872,56.85052],[12.89862,56.85047],[12.89844,56.8504],[12.89827,56.85035],[12.89812,56.85034],[12.89794,56.85032],[12.89783,56.85031],[12.89763,56.8503],[12.89744,56.8503],[12.89731,56.85031],[12.89702,56.85035],[12.89662,56.85042],[12.89627,56.85047],[12.89554,56.85066],[12.89448,56.8506],[12.89418,56.85033],[12.89504,56.84952],[12.89504,56.84952],[12.89504,56.84952],[12.89501,56.84949],[12.89513,56.84936],[12.89523,56.84927],[12.89545,56.84915],[12.89562,56.84908],[12.89575,56.84904],[12.89636,56.8489],[12.89636,56.8489],[12.89636,56.8489],[12.89641,56.84831],[12.89641,56.84831],[12.89538,56.8477],[12.8896,56.84621],[12.8896,56.84621],[12.8896,56.84621],[12.8859,56.85201]]]},"properties":{"NVRID":"2010862","NAMN":"Almeberget","SKYDDSTYP":"Naturreservat","LAN":"Hallands Län","KOMMUN":"Halmstad","IUCNKATEGORI":"Ia, Strikt naturreservat (Strict Nature Reserve)","FORVALTARE":"Länsstyrelsen i Hallands län","AREA_HA":68.748,"URSPR_BESLUTSDATUM":"2006-12-18"}},{"type":"Feature","geometry":{"type":"Polygon","coordinates":[[[13.48198,57.00851],[13.4806,57.00887],[13.4806,57.00888],[13.48054,57.00953],[13.48054,57.00953],[13.48219,57.00996],[13.48278,57.01054],[13.48278,57.01055],[13.48278,57.01055],[13.48382,57.01047],[13.48441,57.0108],[13.48365,57.01118],[13.48365,57.01118],[13.48408,57.01221],[13.48408,57.01221],[13.48408,57.01221],[13.48702,57.01185],[13.48748,57.01216],[13.48432,57.0128],[13.48432,57.0128],[13.48432,57.0128],[13.48468,57.01404],[13.48425,57.01545],[13.48425,57.01545],[13.48425,57.01545],[13.48533,57.01548],[13.48664,57.01559],[13.4863,57.01666],[13.4866,57.01799],[13.48675,57.01846],[13.48702,57.01918],[13.48795,57.01973],[13.48789,57.02009],[13.48747,57.02044],[13.48747,57.02044],[13.48775,57.02121],[13.4852,57.0211],[13.4852,57.0211],[13.4852,57.0211],[13.4852,57.0211],[13.4852,57.0211],[13.48665,57.02223],[13.48861,57.02408],[13.48918,57.02529],[13.48918,57.02529],[13.48918,57.02529],[13.49033,57.02524],[13.49033,57.02524],[13.49033,57.02524],[13.49033,57.02524],[13.49032,57.02487],[13.49082,57.02468],[13.49172,57.02533],[13.49173,57.02533],[13.49173,57.02533],[13.49194,57.02528],[13.4923,57.02527],[13.49259,57.02591],[13.4928,57.02602],[13.49319,57.02722],[13.49309,57.02741],[13.49325,57.02805],[13.49356,57.02861],[13.4932,57.02946],[13.49322,57.03029],[13.49278,57.03083],[13.4932,57.03146],[13.49184,57.032],[13.49184,57.032],[13.49184,57.032],[13.49184,57.032],[13.49199,57.03212],[13.49209,57.03223],[13.49218,57.03241],[13.49227,57.03255],[13.49237,57.03266],[13.49255,57.03275],[13.49266,57.03285],[13.49271,57.03289],[13.49279,57.03295],[13.49286,57.03309],[13.49291,57.03322],[13.49289,57.03338],[13.49287,57.0335],[13.49292,57.03365],[13.49299,57.03375],[13.49299,57.03375],[13.49323,57.03386],[13.49335,57.03397],[13.49355,57.03414],[13.49361,57.03429],[13.49361,57.03449],[13.49363,57.03465],[13.4937,57.03485],[13.49381,57.03504],[13.49389,57.03521],[13.49395,57.03541],[13.49395,57.03541],[13.49406,57.03544],[13.49407,57.03544],[13.49427,57.0354],[13.49446,57.03537],[13.49476,57.03535],[13.49503,57.03534],[13.49532,57.03541],[13.49564,57.03546],[13.49589,57.03549],[13.49616,57.03548],[13.49643,57.03552],[13.49686,57.03563],[13.49694,57.03574],[13.49701,57.03587],[13.4971,57.03592],[13.49735,57.03609],[13.49733,57.03615],[13.49731,57.03632],[13.49726,57.03635],[13.49726,57.03635],[13.49726,57.03635],[13.49726,57.03635],[13.49726,57.03635],[13.49726,57.03635],[13.49843,57.03598],[13.49999,57.03651],[13.50144,57.03825],[13.50267,57.03882],[13.5029,57.03887],[13.50305,57.03888],[13.50316,57.03887],[13.50554,57.03852],[13.50554,57.03852],[13.50554,57.03852],[13.50554,57.03852],[13.50554,57.03852],[13.50509,57.03831],[13.50501,57.0378],[13.50546,57.03637],[13.50546,57.03637],[13.50546,57.03637],[13.50405,57.03602],[13.50397,57.03436],[13.50272,57.03294],[13.5022,57.03171],[13.50401,57.0309],[13.50604,57.0302],[13.50644,57.03069],[13.50644,57.03069],[13.50644,57.03069],[13.50644,57.03069],[13.50812,57.02975],[13.50812,57.02975],[13.50812,57.02975],[13.50733,57.0284],[13.50733,57.0284],[13.50733,57.0284],[13.50589,57.02876],[13.50589,57.02876],[13.50555,57.0293],[13.50355,57.03021],[13.50277,57.03012],[13.50277,57.03012],[13.50277,57.03012],[13.5022,57.03079],[13.50126,57.03088],[13.50088,57.03071],[13.50061,57.02969],[13.50079,57.02922],[13.50091,57.02852],[13.50185,57.02869],[13.50186,57.02869],[13.50186,57.02869],[13.50245,57.02802],[13.50245,57.02802],[13.50245,57.02802],[13.5017,57.02779],[13.50109,57.02718],[13.50238,57.0262],[13.50293,57.02588],[13.5034,57.02563],[13.50349,57.02557],[13.50349,57.02557],[13.50335,57.0254],[13.50354,57.02518],[13.50364,57.02476],[13.5036,57.0242],[13.50351,57.0239],[13.50341,57.02341],[13.50405,57.02344],[13.5046,57.02334],[13.50491,57.02315],[13.50509,57.02287],[13.50509,57.02287],[13.50263,57.02155],[13.50235,57.02124],[13.5021,57.02096],[13.5021,57.02096],[13.5015,57.02092],[13.50108,57.02101],[13.50108,57.02101],[13.50108,57.02101],[13.50104,57.02119],[13.50096,57.02134],[13.5009,57.02151],[13.5009,57.0217],[13.50065,57.0221],[13.50047,57.02232],[13.50047,57.02232],[13.50065,57.0227],[13.50089,57.02304],[13.50048,57.02333],[13.49969,57.02326],[13.49931,57.02313],[13.49823,57.0223],[13.4984,57.0218],[13.49786,57.02122],[13.49771,57.02069],[13.49762,57.02016],[13.49732,57.01966],[13.49655,57.01923],[13.49651,57.01885],[13.49734,57.01842],[13.49734,57.01842],[13.49734,57.01842],[13.49734,57.01842],[13.49553,57.01769],[13.49512,57.01718],[13.49512,57.01718],[13.49512,57.01718],[13.4943,57.01717],[13.49423,57.01686],[13.49512,57.01636],[13.49512,57.01636],[13.49512,57.01636],[13.49473,57.01604],[13.49468,57.01561],[13.49468,57.01561],[13.49468,57.01561],[13.49438,57.01556],[13.49398,57.01546],[13.49309,57.01525],[13.49267,57.01504],[13.49265,57.01503],[13.49217,57.01477],[13.49227,57.01454],[13.49227,57.01454],[13.49227,57.01454],[13.49057,57.0137],[13.48938,57.01211],[13.48764,57.01148],[13.48748,57.01039],[13.4863,57.00964],[13.48617,57.00934],[13.48589,57.00894],[13.48589,57.00894],[13.48588,57.00893],[13.48562,57.0083],[13.48437,57.00759],[13.48437,57.00759],[13.48437,57.00759],[13.48408,57.00764],[13.48101,57.00758],[13.481,57.00758],[13.481,57.00758],[13.481,57.00758],[13.48186,57.00823],[13.48198,57.00851]]]},"properties":{"NVRID":"2044881","NAMN":"Yamossen","SKYDDSTYP":"Naturreservat","LAN":"Hallands Län","KOMMUN":"Hylte","IUCNKATEGORI":"IV, Habitat/Artskyddsområde (Habitat/Species Management Area)","FORVALTARE":"Länsstyrelsen i Hallands län","AREA_HA":183.856,"URSPR_BESLUTSDATUM":"2022-03-04"}},{"type":"Feature","geometry":{"type":"Polygon","coordinates":[[[12.08294,57.28444],[12.07888,57.27682],[12.07888,57.27682],[12.07888,57.27682],[12.06379,57.27655],[12.06379,57.27655],[12.06379,57.27655],[12.05641,57.28513],[12.05641,57.28513],[12.06158,57.29653],[12.08522,57.30848],[12.08416,57.31944],[12.08417,57.31944],[12.08417,57.31944],[12.09196,57.31986],[12.13646,57.31928],[12.13646,57.31928],[12.13646,57.31928],[12.14127,57.31224],[12.14333,57.30757],[12.14333,57.30757],[12.12282,57.2855],[12.12282,57.2855],[12.09239,57.28466],[12.08294,57.28444]],[[12.12304,57.30228],[12.12373,57.30222],[12.12385,57.30258],[12.12327,57.30263],[12.12321,57.30255],[12.12321,57.30255],[12.1232,57.30255],[12.12313,57.30256],[12.12304,57.30228]],[[12.11918,57.30064],[12.12011,57.3003],[12.12039,57.30067],[12.11973,57.30082],[12.11918,57.30064]],[[12.12231,57.30149],[12.12236,57.30127],[12.12271,57.30083],[12.12277,57.30083],[12.12392,57.30109],[12.12378,57.30145],[12.1235,57.30139],[12.1235,57.30139],[12.1235,57.30139],[12.1235,57.30139],[12.12343,57.30158],[12.12308,57.30154],[12.12231,57.30149]],[[12.12062,57.30043],[12.12098,57.3002],[12.12161,57.2999],[12.12192,57.30005],[12.12199,57.3001],[12.12206,57.30017],[12.12226,57.30031],[12.12237,57.30035],[12.12237,57.30035],[12.12246,57.30036],[12.12262,57.30037],[12.12293,57.30044],[12.12293,57.30044],[12.12293,57.30045],[12.12293,57.30045],[12.12349,57.30057],[12.12336,57.3007],[12.12319,57.30085],[12.12295,57.3008],[12.12285,57.3008],[12.12254,57.30076],[12.12254,57.30076],[12.12194,57.3009],[12.12188,57.30091],[12.12146,57.30066],[12.12062,57.30043]]]},"properties":{"NVRID":"2001971","NAMN":"Vendelsöarna","SKYDDSTYP":"Naturreservat","LAN":"Hallands Län","KOMMUN":"Kungsbacka, Varberg","IUCNKATEGORI":"IV, Habitat/Artskyddsområde (Habitat/Species Management Area)","FORVALTARE":"Länsstyrelsen i Hallands län","AREA_HA":1582.763,"URSPR_BESLUTSDATUM":"2002-12-06"}},{"type":"Feature","geometry":{"type":"Polygon","coordinates":[[[13.14521,56.72391],[13.14506,56.72379],[13.14506,56.72379],[13.14506,56.72379],[13.14333,56.72502],[13.14333,56.72502],[13.14369,56.72531],[13.14402,56.72556],[13.14433,56.72581],[13.14443,56.72589],[13.14463,56.72617],[13.14483,56.7266],[13.14505,56.72709],[13.14519,56.72741],[13.1453,56.72766],[13.14541,56.72784],[13.14632,56.72826],[13.14632,56.72826],[13.14633,56.72826],[13.14768,56.72773],[13.14793,56.72763],[13.14812,56.7276],[13.14828,56.72758],[13.14828,56.72758],[13.14828,56.72758],[13.14828,56.72758],[13.14799,56.72692],[13.14789,56.72661],[13.14785,56.72622],[13.14793,56.72593],[13.14814,56.72561],[13.14814,56.72553],[13.14814,56.72553],[13.14784,56.72537],[13.14776,56.72522],[13.14735,56.72488],[13.14725,56.72466],[13.14671,56.72421],[13.14629,56.72397],[13.14629,56.72397],[13.14589,56.72398],[13.1456,56.7239],[13.14521,56.72391]]]},"properties":{"NVRID":"2001418","NAMN":"Hule (norra)","SKYDDSTYP":"Naturreservat","LAN":"Hallands Län","KOMMUN":"Halmstad","IUCNKATEGORI":"IV, Habitat/Artskyddsområde (Habitat/Species Management Area)","FORVALTARE":"Halmstads kommun","AREA_HA":8.834,"URSPR_BESLUTSDATUM":"1974-06-20"}},{"type":"Feature","geometry":{"type":"Polygon","coordinates":[[[12.21773,57.56937],[12.21717,57.5689],[12.21716,57.5689],[12.21716,57.5689],[12.21706,57.56895],[12.21706,57.56895],[12.21706,57.56895],[12.21768,57.57038],[12.21791,57.57125],[12.21791,57.57125],[12.21791,57.57125],[12.21791,57.57125],[12.21791,57.57125],[12.21912,57.57038],[12.22626,57.57321],[12.22626,57.57321],[12.22626,57.57321],[12.22733,57.57246],[12.22733,57.57246],[12.22733,57.57246],[12.22651,57.57173],[12.22638,57.57132],[12.22562,57.57092],[12.22584,57.57076],[12.22584,57.57075],[12.22584,57.57075],[12.22518,57.57049],[12.22453,57.57006],[12.2243,57.56993],[12.22307,57.56936],[12.22267,57.56915],[12.22203,57.56874],[12.22203,57.56874],[12.22203,57.56874],[12.22175,57.56894],[12.22096,57.56875],[12.22037,57.5685],[12.22021,57.56847],[12.22015,57.56845],[12.22,57.56837],[12.21993,57.5683],[12.21989,57.56815],[12.21987,57.56809],[12.21984,57.56801],[12.21979,57.56793],[12.21975,57.56785],[12.21955,57.56755],[12.2194,57.56737],[12.2194,57.56737],[12.21928,57.56732],[12.21928,57.56732],[12.21928,57.56732],[12.21928,57.56732],[12.21928,57.56732],[12.21953,57.56762],[12.21967,57.56787],[12.21969,57.56792],[12.21961,57.56794],[12.21961,57.56794],[12.21961,57.56794],[12.21957,57.56848],[12.2191,57.56882],[12.21773,57.56937]]]},"properties":{"NVRID":"2048499","NAMN":"Salvebo","SKYDDSTYP":"Naturreservat","LAN":"Hallands Län","KOMMUN":"Kungsbacka","IUCNKATEGORI":"IV, Habitat/Artskyddsområde (Habitat/Species Management Area)","FORVALTARE":"Länsstyrelsen i Hallands län","AREA_HA":14.0,"URSPR_BESLUTSDATUM":"2018-10-09"}},{"type":"Feature","geometry":{"type":"Polygon","coordinates":[[[13.0146,56.79644],[13.0146,56.79644],[13.0146,56.79644],[13.0146,56.79644],[13.01475,56.79651],[13.01479,56.79657],[13.01481,56.79666],[13.01477,56.79677],[13.01474,56.79685],[13.0145,56.79698],[13.01437,56.79704],[13.01426,56.79708],[13.01411,56.79718],[13.01405,56.79725],[13.01406,56.79734],[13.0141,56.79741],[13.01419,56.79748],[13.01427,56.79753],[13.01509,56.79767],[13.01577,56.79778],[13.01619,56.79784],[13.0166,56.79792],[13.01675,56.79791],[13.01696,56.79789],[13.01708,56.79783],[13.01732,56.79775],[13.01762,56.7978],[13.01775,56.79783],[13.01797,56.79785],[13.01819,56.79786],[13.01831,56.79797],[13.01834,56.79804],[13.01837,56.79813],[13.01846,56.79822],[13.01857,56.79829],[13.01876,56.79834],[13.01909,56.79843],[13.01929,56.79848],[13.0196,56.79858],[13.01979,56.79863],[13.02,56.7987],[13.02014,56.79873],[13.02035,56.79882],[13.02052,56.79888],[13.02081,56.79895],[13.02107,56.79898],[13.02107,56.79898],[13.02122,56.79894],[13.02131,56.79889],[13.02141,56.79878],[13.02148,56.79869],[13.02161,56.7986],[13.0233,56.79681],[13.02331,56.79679],[13.02331,56.79679],[13.02331,56.79679],[13.02303,56.79671],[13.02276,56.79659],[13.02263,56.79654],[13.02244,56.79639],[13.02221,56.79624],[13.02207,56.79605],[13.02167,56.79576],[13.0214,56.79558],[13.0214,56.79558],[13.0214,56.79558],[13.02121,56.79564],[13.02021,56.79527],[13.0203,56.79515],[13.0203,56.79515],[13.0203,56.79515],[13.02014,56.7951],[13.01893,56.79441],[13.01893,56.79441],[13.01893,56.79441],[13.01637,56.79564],[13.01531,56.7961],[13.0146,56.79644]]]},"properties":{"NVRID":"2001399","NAMN":"Virsehatt","SKYDDSTYP":"Naturreservat","LAN":"Hallands Län","KOMMUN":"Halmstad","IUCNKATEGORI":"IV, Habitat/Artskyddsområde (Habitat/Species Management Area)","FORVALTARE":"Länsstyrelsen i Hallands län","AREA_HA":15.337,"URSPR_BESLUTSDATUM":"1937-02-04"}},{"type":"Feature","geometry":{"type":"Polygon","coordinates":[[[12.70709,56.65168],[12.70709,56.65173],[12.70709,56.65173],[12.70709,56.65173],[12.70744,56.65181],[12.70841,56.65202],[12.70894,56.6521],[12.70956,56.6522],[12.7102,56.65227],[12.71094,56.65233],[12.71154,56.65236],[12.71231,56.65238],[12.71302,56.65238],[12.71368,56.65239],[12.71448,56.65233],[12.71508,56.65218],[12.71581,56.65192],[12.71638,56.65166],[12.71719,56.65129],[12.71756,56.65104],[12.71784,56.65082],[12.71817,56.65055],[12.71847,56.65022],[12.71878,56.64976],[12.71901,56.64931],[12.71928,56.64886],[12.71946,56.64847],[12.71953,56.64813],[12.71964,56.64773],[12.7196,56.64727],[12.71961,56.64694],[12.71943,56.64666],[12.71938,56.6464],[12.71933,56.64601],[12.71918,56.64556],[12.71899,56.64513],[12.71882,56.64485],[12.7185,56.64454],[12.71776,56.64393],[12.7173,56.64366],[12.71708,56.64349],[12.7169,56.6434],[12.71642,56.64324],[12.71591,56.64311],[12.71551,56.64299],[12.71507,56.64291],[12.71458,56.64285],[12.71393,56.64285],[12.71325,56.64288],[12.7126,56.6429],[12.71205,56.64294],[12.71156,56.64305],[12.71135,56.64313],[12.71107,56.64319],[12.71074,56.64321],[12.71042,56.64319],[12.70999,56.64311],[12.7096,56.64311],[12.70875,56.64321],[12.70844,56.64324],[12.70708,56.64347],[12.70572,56.64389],[12.7048,56.64441],[12.70423,56.6451],[12.70375,56.64629],[12.70361,56.64757],[12.70366,56.64799],[12.70391,56.64875],[12.70391,56.64935],[12.70414,56.65004],[12.7046,56.65047],[12.7053,56.65108],[12.7053,56.65108],[12.7065,56.65151],[12.70709,56.65168]]]},"properties":{"NVRID":"2002413","NAMN":"Tylön","SKYDDSTYP":"Naturreservat","LAN":"Hallands Län","KOMMUN":"Halmstad","IUCNKATEGORI":"IV, Habitat/Artskyddsområde (Habitat/Species Management Area)","FORVALTARE":"Länsstyrelsen i Hallands län","AREA_HA":86.216,"URSPR_BESLUTSDATUM":"1927-01-28"}},{"type":"Feature","geometry":{"type":"Polygon","coordinates":[[[13.11722,56.65441],[13.11761,56.65494],[13.11761,56.65494],[13.11761,56.65494],[13.11845,56.65493],[13.11845,56.65492],[13.11997,56.65425],[13.12096,56.65413],[13.12096,56.65413],[13.12096,56.65413],[13.12028,56.65365],[13.12134,56.6531],[13.12327,56.65224],[13.12404,56.65208],[13.12525,56.65211],[13.12615,56.65244],[13.12685,56.65257],[13.12733,56.65259],[13.12808,56.65249],[13.1286,56.65231],[13.13125,56.65058],[13.13153,56.6506],[13.13227,56.65091],[13.13254,56.65111],[13.13264,56.65135],[13.13286,56.65148],[13.13286,56.65148],[13.1333,56.65157],[13.13369,56.65155],[13.1342,56.65132],[13.13476,56.65146],[13.13476,56.65146],[13.13476,56.65146],[13.13508,56.65129],[13.13556,56.65108],[13.13601,56.6508],[13.13627,56.65055],[13.13679,56.65053],[13.13739,56.6504],[13.13739,56.6504],[13.13758,56.64986],[13.13989,56.65041],[13.13989,56.65041],[13.13989,56.65041],[13.13989,56.65041],[13.13951,56.64962],[13.14508,56.64975],[13.14508,56.64975],[13.14508,56.64975],[13.14523,56.64911],[13.1467,56.64978],[13.1467,56.64978],[13.15043,56.64988],[13.15043,56.64988],[13.15044,56.64988],[13.1505,56.64948],[13.1505,56.64916],[13.15053,56.64911],[13.15061,56.64902],[13.15079,56.64886],[13.15091,56.64874],[13.15091,56.64874],[13.15091,56.64874],[13.15021,56.64842],[13.14874,56.64775],[13.14798,56.64739],[13.14726,56.64707],[13.147,56.64696],[13.14681,56.64687],[13.14662,56.64678],[13.14549,56.64627],[13.14502,56.64606],[13.14475,56.64593],[13.14415,56.64567],[13.14298,56.64513],[13.14088,56.6442],[13.14066,56.64409],[13.14065,56.64409],[13.14065,56.64409],[13.14057,56.64413],[13.14045,56.64419],[13.14033,56.64424],[13.14023,56.64431],[13.1402,56.6444],[13.14005,56.6444],[13.13991,56.64442],[13.13973,56.64443],[13.13954,56.64448],[13.13946,56.64453],[13.13931,56.64462],[13.13908,56.64477],[13.13889,56.64491],[13.13876,56.64498],[13.13865,56.64502],[13.1386,56.64504],[13.1386,56.64504],[13.13858,56.64516],[13.13858,56.64521],[13.13847,56.64537],[13.13832,56.64552],[13.13812,56.64573],[13.13693,56.64531],[13.1362,56.64507],[13.13575,56.64495],[13.13467,56.64457],[13.13392,56.64426],[13.13267,56.64353],[13.13227,56.6432],[13.13163,56.64279],[13.13122,56.64267],[13.13122,56.64267],[13.13122,56.64267],[13.13122,56.64267],[13.13122,56.64267],[13.1314,56.64288],[13.1321,56.64348],[13.13367,56.64478],[13.1338,56.64491],[13.13396,56.64506],[13.13406,56.6452],[13.13415,56.64542],[13.1342,56.64558],[13.13422,56.64574],[13.13421,56.64584],[13.13416,56.64604],[13.1339,56.64684],[13.1337,56.64678],[13.13292,56.64669],[13.1325,56.64663],[13.13176,56.64654],[13.13143,56.64647],[13.13143,56.64647],[13.13143,56.64647],[13.13042,56.64728],[13.13042,56.64729],[13.13058,56.64891],[13.13068,56.64986],[13.1307,56.65008],[13.12996,56.65009],[13.13053,56.65008],[13.13053,56.65008],[13.13053,56.65008],[13.13053,56.65008],[13.13053,56.65008],[13.12938,56.65008],[13.12554,56.65011],[13.12317,56.65098],[13.12286,56.65098],[13.12278,56.65092],[13.12278,56.65091],[13.12278,56.65091],[13.12278,56.65092],[13.12241,56.65159],[13.12157,56.65164],[13.12072,56.6513],[13.12072,56.6513],[13.12072,56.6513],[13.12032,56.65143],[13.12032,56.65144],[13.12032,56.65144],[13.12141,56.65214],[13.12106,56.65237],[13.12074,56.65264],[13.12009,56.6527],[13.12009,56.6527],[13.11967,56.65308],[13.118,56.65361],[13.11739,56.65391],[13.11639,56.65419],[13.11639,56.65419],[13.11623,56.65456],[13.11623,56.65456],[13.11623,56.65456],[13.1164,56.65462],[13.1164,56.65462],[13.11722,56.65441]]]},"properties":{"NVRID":"2002414","NAMN":"Hyltan-Bökhult","SKYDDSTYP":"Naturreservat","LAN":"Hallands Län","KOMMUN":"Halmstad","IUCNKATEGORI":"IV, Habitat/Artskyddsområde (Habitat/Species Management Area)","FORVALTARE":"Länsstyrelsen i Hallands län","AREA_HA":74.477,"URSPR_BESLUTSDATUM":"2001-09-21"}},{"type":"Feature","geometry":{"type":"Polygon","coordinates":[[[12.55871,57.05209],[12.55804,57.05227],[12.55804,57.05227],[12.55804,57.05227],[12.55869,57.05328],[12.55927,57.05425],[12.55944,57.05604],[12.55944,57.05604],[12.56088,57.05666],[12.56101,57.05707],[12.56101,57.05707],[12.56101,57.05707],[12.56377,57.05708],[12.56602,57.05741],[12.56658,57.0577],[12.56724,57.05779],[12.56724,57.05779],[12.56724,57.05779],[12.56759,57.05727],[12.5676,57.05628],[12.56805,57.05548],[12.56805,57.05548],[12.56706,57.05478],[12.56574,57.05384],[12.56409,57.05289],[12.563,57.05211],[12.56257,57.05204],[12.5616,57.05155],[12.5613,57.05137],[12.56055,57.05132],[12.55917,57.0516],[12.5587,57.05192],[12.5587,57.05192],[12.55871,57.05209]]]},"properties":{"NVRID":"2001999","NAMN":"Slättagärde","SKYDDSTYP":"Naturreservat","LAN":"Hallands Län","KOMMUN":"Varberg","IUCNKATEGORI":"IV, Habitat/Artskyddsområde (Habitat/Species Management Area)","FORVALTARE":"Länsstyrelsen i Hallands län","AREA_HA":25.681,"URSPR_BESLUTSDATUM":"2002-12-06"}},{"type":"Feature","geometry":{"type":"Polygon","coordinates":[[[12.60904,57.09586],[12.60798,57.09596],[12.60524,57.09656],[12.60524,57.09656],[12.60422,57.0989],[12.60422,57.0989],[12.60898,57.10216],[12.60898,57.10216],[12.60898,57.10216],[12.62114,57.09819],[12.62114,57.09819],[12.62114,57.09819],[12.62114,57.09818],[12.61927,57.09699],[12.6209,57.09654],[12.6209,57.09654],[12.6209,57.09653],[12.62067,57.0963],[12.62178,57.0961],[12.62178,57.0961],[12.62178,57.0961],[12.62178,57.0961],[12.61983,57.09392],[12.61983,57.09392],[12.61983,57.09392],[12.61556,57.09437],[12.61492,57.0945],[12.61492,57.0945],[12.61323,57.09662],[12.61176,57.09692],[12.61142,57.09666],[12.61047,57.09638],[12.61006,57.0955],[12.60979,57.09528],[12.60979,57.09528],[12.60979,57.09528],[12.60904,57.09586]]]},"properties":{"NVRID":"2001985","NAMN":"Björkekullen","SKYDDSTYP":"Naturreservat","LAN":"Hallands Län","KOMMUN":"Falkenberg","IUCNKATEGORI":"IV, Habitat/Artskyddsområde (Habitat/Species Management Area)","FORVALTARE":"Länsstyrelsen i Hallands län","AREA_HA":53.019,"URSPR_BESLUTSDATUM":"1990-12-14"}},{"type":"Feature","geometry":{"type":"Polygon","coordinates":[[[12.47656,57.17007],[12.47669,57.17018],[12.47674,57.17025],[12.47691,57.17035],[12.47701,57.17044],[12.4771,57.17057],[12.47713,57.17064],[12.47715,57.17075],[12.47718,57.17084],[12.47718,57.17093],[12.47726,57.17108],[12.47726,57.17109],[12.47725,57.1711],[12.47719,57.17111],[12.47715,57.17112],[12.47713,57.17113],[12.47713,57.17115],[12.47719,57.17138],[12.47721,57.17144],[12.47726,57.17152],[12.47728,57.17153],[12.47745,57.17162],[12.47745,57.17179],[12.47767,57.17199],[12.47812,57.17211],[12.47812,57.17211],[12.47935,57.17211],[12.47935,57.17211],[12.47935,57.17211],[12.47941,57.17141],[12.47953,57.17141],[12.48011,57.17143],[12.48027,57.17143],[12.48046,57.17142],[12.48058,57.17141],[12.48085,57.17137],[12.48135,57.17128],[12.48156,57.17125],[12.4819,57.17123],[12.48293,57.17119],[12.48313,57.17118],[12.48327,57.17117],[12.48332,57.17112],[12.48393,57.17122],[12.48483,57.1714],[12.48512,57.17135],[12.48599,57.17139],[12.48599,57.17139],[12.48655,57.17104],[12.48666,57.17084],[12.48675,57.17064],[12.48675,57.17064],[12.48675,57.17064],[12.48671,57.17063],[12.48658,57.1706],[12.48646,57.17055],[12.48636,57.1705],[12.48625,57.17042],[12.48618,57.17034],[12.48613,57.17026],[12.48612,57.17023],[12.48611,57.17016],[12.48609,57.17006],[12.4861,57.17],[12.48614,57.16992],[12.48616,57.16983],[12.48627,57.16921],[12.48636,57.16889],[12.48637,57.16866],[12.48637,57.16866],[12.4862,57.16845],[12.48598,57.16815],[12.48577,57.16779],[12.48581,57.16774],[12.48581,57.16774],[12.48581,57.16774],[12.48548,57.16753],[12.48488,57.16731],[12.48402,57.16703],[12.48292,57.16686],[12.48236,57.1666],[12.48194,57.16625],[12.48194,57.16625],[12.48194,57.16625],[12.48119,57.16644],[12.48106,57.16652],[12.48106,57.16652],[12.48111,57.16662],[12.48109,57.16666],[12.48102,57.16672],[12.48095,57.16674],[12.48087,57.16674],[12.48072,57.16671],[12.48064,57.1667],[12.4804,57.16663],[12.48032,57.16663],[12.48009,57.16665],[12.47988,57.16665],[12.47971,57.16664],[12.47964,57.16663],[12.47957,57.16663],[12.47957,57.16663],[12.47947,57.16669],[12.47936,57.16672],[12.47911,57.16675],[12.47888,57.16682],[12.4788,57.16685],[12.47876,57.16686],[12.47871,57.16691],[12.47869,57.16693],[12.47864,57.16693],[12.47864,57.16693],[12.47848,57.16702],[12.47846,57.16702],[12.47846,57.16702],[12.47846,57.16702],[12.47841,57.1671],[12.47828,57.16732],[12.4782,57.16743],[12.47812,57.16752],[12.47802,57.16761],[12.47788,57.16769],[12.47769,57.16777],[12.47754,57.16781],[12.47736,57.16783],[12.47693,57.16785],[12.47678,57.16786],[12.47664,57.16788],[12.47649,57.16792],[12.47637,57.168],[12.47631,57.16809],[12.47628,57.16822],[12.47614,57.16866],[12.47605,57.16876],[12.47592,57.16888],[12.47587,57.16894],[12.47581,57.16902],[12.47579,57.16909],[12.47582,57.16919],[12.47591,57.16934],[12.47596,57.16943],[12.47605,57.16959],[12.47613,57.16972],[12.47622,57.16989],[12.47625,57.16998],[12.47626,57.17],[12.47626,57.17],[12.47632,57.17001],[12.47648,57.17005],[12.47656,57.17007]]]},"properties":{"NVRID":"2052321","NAMN":"Himmelsberg","SKYDDSTYP":"Naturreservat","LAN":"Hallands Län","KOMMUN":"Varberg","IUCNKATEGORI":"IV, Habitat/Artskyddsområde (Habitat/Species Management Area)","FORVALTARE":"Länsstyrelsen i Hallands län","AREA_HA":29.02,"URSPR_BESLUTSDATUM":"2020-06-17"}},{"type":"Feature","geometry":{"type":"Polygon","coordinates":[[[13.05432,56.92214],[13.05413,56.92211],[13.05413,56.92211],[13.05221,56.9225],[13.05221,56.9225],[13.05221,56.9225],[13.05236,56.92268],[13.05255,56.9228],[13.05279,56.92297],[13.05284,56.923],[13.05319,56.92318],[13.05352,56.92332],[13.05384,56.92347],[13.05409,56.92362],[13.05437,56.92369],[13.05467,56.92381],[13.05495,56.92389],[13.05499,56.92391],[13.05522,56.92399],[13.05546,56.92402],[13.05578,56.92403],[13.05598,56.92403],[13.05623,56.92414],[13.05653,56.92423],[13.05671,56.92429],[13.05681,56.92438],[13.05703,56.92451],[13.05723,56.92466],[13.05751,56.92471],[13.05774,56.92471],[13.05783,56.92477],[13.05799,56.92487],[13.05799,56.92487],[13.05799,56.92487],[13.05828,56.92481],[13.05856,56.92472],[13.05891,56.92467],[13.05936,56.92461],[13.05984,56.92461],[13.06006,56.92464],[13.06032,56.92462],[13.06074,56.92455],[13.06111,56.92445],[13.06145,56.92436],[13.06154,56.92431],[13.06154,56.92431],[13.06138,56.92344],[13.0608,56.9224],[13.0608,56.9224],[13.06068,56.92233],[13.0607,56.92227],[13.0607,56.92219],[13.06071,56.92204],[13.06069,56.92189],[13.06068,56.92182],[13.06068,56.92175],[13.0607,56.92164],[13.06076,56.92141],[13.06076,56.92141],[13.06076,56.92141],[13.06076,56.92141],[13.06076,56.92141],[13.05989,56.92166],[13.05911,56.9217],[13.05669,56.92071],[13.05668,56.92071],[13.05668,56.92071],[13.05668,56.92072],[13.05572,56.92174],[13.05479,56.92194],[13.05459,56.92208],[13.05432,56.92214]]]},"properties":{"NVRID":"2059941","NAMN":"Hinnakullsbergs naturreservat","SKYDDSTYP":"Naturreservat","LAN":"Hallands Län","KOMMUN":"Hylte","IUCNKATEGORI":"Ia, Strikt naturreservat (Strict Nature Reserve)","FORVALTARE":"Länsstyrelsen i Hallands län","AREA_HA":14.797,"URSPR_BESLUTSDATUM":"2023-09-13"}},{"type":"Feature","geometry":{"type":"MultiPolygon","coordinates":[[[[13.104,56.76155],[13.10366,56.7616],[13.10328,56.76165],[13.10286,56.76172],[13.10212,56.76184],[13.10178,56.7619],[13.10154,56.76195],[13.10119,56.76202],[13.10093,56.76208],[13.1008,56.76211],[13.1008,56.76211],[13.1008,56.76211],[13.10141,56.76259],[13.10141,56.76259],[13.10141,56.76259],[13.10296,56.7621],[13.10321,56.76194],[13.10364,56.76184],[13.10415,56.76179],[13.10477,56.76167],[13.10522,56.76142],[13.10522,56.76142],[13.10522,56.76142],[13.10522,56.76142],[13.10522,56.76142],[13.1051,56.76143],[13.10488,56.76145],[13.10438,56.76151],[13.104,56.76155]]],[[[13.11162,56.76092],[13.11104,56.76096],[13.10978,56.76106],[13.10744,56.76124],[13.10638,56.76133],[13.10624,56.76134],[13.10624,56.76134],[13.10624,56.76134],[13.10624,56.76134],[13.10849,56.76314],[13.10974,56.76414],[13.10975,56.76414],[13.10975,56.76414],[13.10975,56.76414],[13.11034,56.76392],[13.11066,56.76384],[13.11094,56.76374],[13.11499,56.76229],[13.11528,56.76221],[13.11583,56.76198],[13.11619,56.76186],[13.1162,56.76186],[13.1162,56.76186],[13.1162,56.76186],[13.1143,56.76085],[13.11401,56.76085],[13.11258,56.76088],[13.11213,56.76089],[13.11162,56.76092]]],[[[13.10212,56.7544],[13.10212,56.7544],[13.10212,56.7544],[13.1019,56.75428],[13.10187,56.75333],[13.10187,56.75333],[13.10187,56.75333],[13.09795,56.75364],[13.09795,56.75364],[13.09794,56.75364],[13.09803,56.75453],[13.09884,56.75753],[13.09876,56.75774],[13.09868,56.75817],[13.09869,56.75868],[13.09867,56.7589],[13.09869,56.75958],[13.09893,56.76006],[13.09905,56.76035],[13.0993,56.76082],[13.09941,56.76096],[13.09956,56.76112],[13.10002,56.76145],[13.10067,56.762],[13.10067,56.762],[13.10067,56.762],[13.10105,56.76192],[13.10141,56.76184],[13.10171,56.76178],[13.10205,56.76172],[13.1028,56.76159],[13.10321,56.76153],[13.10361,56.76148],[13.10395,56.76143],[13.10433,56.76138],[13.10483,56.76133],[13.10517,56.76129],[13.10548,56.76127],[13.10548,56.76127],[13.10554,56.76123],[13.1057,56.76116],[13.10595,56.7611],[13.1061,56.76122],[13.1061,56.76122],[13.1061,56.76122],[13.10635,56.7612],[13.10741,56.76112],[13.10964,56.76094],[13.11105,56.76083],[13.11172,56.76078],[13.11212,56.76076],[13.11264,56.76075],[13.11353,56.76074],[13.11407,56.76073],[13.11407,56.76073],[13.11407,56.76073],[13.11407,56.76073],[13.11266,56.75997],[13.11112,56.75915],[13.11097,56.75906],[13.11087,56.75901],[13.11024,56.7589],[13.10214,56.76044],[13.1023,56.75978],[13.10287,56.75808],[13.10315,56.75762],[13.10317,56.75667],[13.10317,56.75667],[13.10317,56.75667],[13.1014,56.75647],[13.10153,56.7559],[13.10153,56.7559],[13.10152,56.75589],[13.10075,56.7557],[13.10212,56.7544]]]]},"properties":{"NVRID":"2001411","NAMN":"Råmebo","SKYDDSTYP":"Naturreservat","LAN":"Hallands Län","KOMMUN":"Halmstad","IUCNKATEGORI":"IV, Habitat/Artskyddsområde (Habitat/Species Management Area)","FORVALTARE":"Länsstyrelsen i Hallands län","AREA_HA":44.617,"URSPR_BESLUTSDATUM":"1966-11-25"}},{"type":"Feature","geometry":{"type":"Polygon","coordinates":[[[12.80003,57.03588],[12.80006,57.0359],[12.80015,57.03616],[12.80017,57.03623],[12.80017,57.03629],[12.80021,57.03638],[12.80021,57.03646],[12.80016,57.03663],[12.80013,57.03667],[12.8001,57.03677],[12.80012,57.03686],[12.80015,57.03687],[12.80037,57.03691],[12.80055,57.03696],[12.80083,57.03706],[12.80094,57.03707],[12.80108,57.03708],[12.80115,57.03708],[12.80149,57.03705],[12.80161,57.03704],[12.80169,57.03705],[12.80189,57.03721],[12.80195,57.03723],[12.80203,57.03724],[12.80209,57.03726],[12.80213,57.03729],[12.80229,57.03742],[12.80247,57.0375],[12.8029,57.0378],[12.80294,57.03785],[12.80295,57.03794],[12.8029,57.03798],[12.8029,57.03798],[12.8029,57.03798],[12.8029,57.03798],[12.8029,57.03798],[12.8029,57.03798],[12.80311,57.03792],[12.80391,57.03769],[12.80403,57.03765],[12.80403,57.03765],[12.80403,57.03765],[12.80403,57.03765],[12.80403,57.03765],[12.80388,57.03763],[12.80372,57.03762],[12.8037,57.0376],[12.80366,57.03753],[12.8036,57.0375],[12.80345,57.03743],[12.80342,57.0374],[12.8034,57.03734],[12.8034,57.0373],[12.80343,57.03724],[12.80357,57.03712],[12.80365,57.03708],[12.80378,57.03704],[12.80392,57.03699],[12.80403,57.03695],[12.80409,57.03692],[12.80414,57.03692],[12.80419,57.03691],[12.80443,57.03677],[12.80444,57.03674],[12.80443,57.03667],[12.80439,57.03665],[12.80436,57.0366],[12.80439,57.03657],[12.80453,57.0366],[12.80461,57.03659],[12.80488,57.03648],[12.80507,57.03639],[12.80512,57.03634],[12.80514,57.0362],[12.80516,57.03613],[12.80524,57.03596],[12.80523,57.0359],[12.80523,57.0359],[12.80519,57.03589],[12.80494,57.03588],[12.80483,57.03584],[12.8047,57.03583],[12.8045,57.03576],[12.80441,57.03567],[12.80438,57.0356],[12.80427,57.03547],[12.80395,57.0352],[12.80395,57.0352],[12.80359,57.03508],[12.80344,57.03499],[12.80337,57.03489],[12.80329,57.03478],[12.80312,57.03462],[12.80298,57.03455],[12.80291,57.0345],[12.80281,57.03445],[12.80273,57.03433],[12.80273,57.03433],[12.80273,57.03433],[12.80253,57.03429],[12.80219,57.03426],[12.80194,57.03426],[12.80185,57.03428],[12.80176,57.03434],[12.80172,57.03441],[12.80168,57.03447],[12.80151,57.03462],[12.80141,57.03469],[12.80135,57.0347],[12.80129,57.03469],[12.80122,57.03466],[12.80115,57.03459],[12.80112,57.03453],[12.80114,57.03448],[12.80122,57.03443],[12.80129,57.03439],[12.8014,57.03435],[12.80144,57.03429],[12.80144,57.03428],[12.80143,57.03426],[12.80137,57.03421],[12.80137,57.03421],[12.80128,57.03419],[12.80128,57.03419],[12.80122,57.03418],[12.80113,57.0342],[12.80108,57.03422],[12.80099,57.03429],[12.80099,57.03429],[12.80099,57.03429],[12.80103,57.03432],[12.80094,57.03442],[12.80073,57.03456],[12.80065,57.0346],[12.80043,57.03476],[12.80026,57.03491],[12.80005,57.03514],[12.79988,57.03523],[12.79976,57.0353],[12.79969,57.03539],[12.79964,57.03563],[12.79967,57.03576],[12.79977,57.03583],[12.79986,57.03585],[12.80003,57.03588]]]},"properties":{"NVRID":"2047640","NAMN":"Halvön","SKYDDSTYP":"Naturreservat","LAN":"Hallands Län","KOMMUN":"Falkenberg","IUCNKATEGORI":"0, Områden som ej kan klassificeras enligt IUCN: s system.","FORVALTARE":"Länsstyrelsen i Hallands län","AREA_HA":8.007,"URSPR_BESLUTSDATUM":"2018-01-17"}},{"type":"Feature","geometry":{"type":"Polygon","coordinates":[[[13.37992,56.55436],[13.37937,56.55464],[13.37937,56.55464],[13.37937,56.55464],[13.37937,56.55464],[13.37947,56.55467],[13.37977,56.55473],[13.37973,56.55482],[13.37968,56.55491],[13.37968,56.55491],[13.37969,56.55493],[13.37966,56.55502],[13.37963,56.55513],[13.37962,56.55519],[13.37967,56.55541],[13.37971,56.55552],[13.37977,56.55573],[13.37985,56.55585],[13.38001,56.55605],[13.38009,56.55623],[13.38011,56.55632],[13.38009,56.5566],[13.3801,56.55669],[13.38014,56.55683],[13.38019,56.55701],[13.38025,56.55711],[13.38031,56.55718],[13.38039,56.55724],[13.38047,56.55729],[13.38069,56.55739],[13.3808,56.55746],[13.38092,56.55752],[13.38104,56.55763],[13.38117,56.55772],[13.38131,56.5578],[13.38141,56.55786],[13.38154,56.55789],[13.38166,56.55791],[13.38202,56.55818],[13.38213,56.5583],[13.38214,56.55838],[13.38232,56.5585],[13.38256,56.55875],[13.38273,56.55892],[13.38293,56.55909],[13.38294,56.5591],[13.3832,56.55925],[13.38335,56.55931],[13.38347,56.55935],[13.38363,56.55938],[13.38388,56.5594],[13.38408,56.55941],[13.38434,56.55942],[13.38466,56.55946],[13.38523,56.55955],[13.38561,56.55959],[13.38603,56.55967],[13.38622,56.55969],[13.38632,56.55969],[13.38652,56.55969],[13.38695,56.55965],[13.3873,56.55959],[13.3876,56.55956],[13.38773,56.55955],[13.38792,56.55956],[13.38811,56.55958],[13.38833,56.55961],[13.38864,56.55966],[13.38911,56.55975],[13.38931,56.55977],[13.38951,56.55978],[13.38969,56.55977],[13.39005,56.55976],[13.3904,56.55976],[13.39041,56.55975],[13.39042,56.55974],[13.39047,56.55968],[13.39052,56.55962],[13.39056,56.55955],[13.39059,56.55946],[13.39062,56.55937],[13.39062,56.55929],[13.39062,56.55921],[13.39058,56.55898],[13.3905,56.55878],[13.39046,56.55864],[13.39042,56.55846],[13.39038,56.55834],[13.39033,56.55817],[13.39022,56.55795],[13.39014,56.55777],[13.39004,56.55759],[13.39002,56.55752],[13.39,56.55743],[13.39,56.55731],[13.38999,56.55719],[13.38998,56.55706],[13.38998,56.55695],[13.38995,56.55688],[13.3899,56.55679],[13.3899,56.55679],[13.3899,56.55679],[13.38983,56.55678],[13.38927,56.5561],[13.38927,56.5561],[13.38927,56.5561],[13.38885,56.55619],[13.38885,56.55619],[13.38885,56.55619],[13.38884,56.55625],[13.38877,56.55628],[13.38866,56.55632],[13.38862,56.55637],[13.38856,56.55636],[13.38843,56.55633],[13.38834,56.55629],[13.38824,56.55626],[13.38803,56.55617],[13.3879,56.55605],[13.38772,56.55592],[13.38765,56.55583],[13.38759,56.55577],[13.38747,56.55565],[13.38739,56.55556],[13.38729,56.55543],[13.38719,56.5554],[13.38686,56.55535],[13.38679,56.5553],[13.38674,56.55522],[13.38673,56.55516],[13.3867,56.55512],[13.3867,56.55509],[13.38671,56.55504],[13.38671,56.55504],[13.38671,56.55504],[13.38237,56.55375],[13.38237,56.55375],[13.38237,56.55375],[13.38231,56.55381],[13.3822,56.55394],[13.38215,56.55396],[13.38196,56.55389],[13.38186,56.55387],[13.38176,56.55386],[13.3816,56.55386],[13.38142,56.55386],[13.3813,56.55388],[13.3813,56.55388],[13.38126,56.55399],[13.3812,56.55407],[13.38117,56.55412],[13.38109,56.55423],[13.38102,56.55433],[13.38096,56.55437],[13.38084,56.55441],[13.3807,56.55443],[13.38048,56.55445],[13.38035,56.55444],[13.38024,56.55442],[13.38019,56.55441],[13.37993,56.55436],[13.37992,56.55436]]]},"properties":{"NVRID":"2044375","NAMN":"Tygared","SKYDDSTYP":"Naturreservat","LAN":"Hallands Län","KOMMUN":"Laholm","IUCNKATEGORI":"IV, Habitat/Artskyddsområde (Habitat/Species Management Area)","FORVALTARE":"Länsstyrelsen i Hallands län","AREA_HA":29.659,"URSPR_BESLUTSDATUM":"2015-10-02"}},{"type":"Feature","geometry":{"type":"Polygon","coordinates":[[[13.29368,56.82888],[13.29132,56.83027],[13.29132,56.83027],[13.29246,56.83141],[13.29251,56.83148],[13.29259,56.83165],[13.29267,56.83184],[13.29278,56.83205],[13.29289,56.83221],[13.29298,56.83237],[13.29306,56.83252],[13.29319,56.83268],[13.29365,56.83313],[13.29365,56.83313],[13.29365,56.83313],[13.29365,56.83313],[13.2944,56.83265],[13.30017,56.83274],[13.30017,56.83274],[13.30017,56.83274],[13.30031,56.82823],[13.30031,56.82823],[13.30031,56.82823],[13.29779,56.82811],[13.29812,56.82583],[13.30016,56.82659],[13.30016,56.82659],[13.30016,56.82659],[13.30016,56.82659],[13.30066,56.82453],[13.30066,56.82453],[13.30066,56.82453],[13.29816,56.82365],[13.29816,56.82365],[13.29816,56.82365],[13.29802,56.82433],[13.29541,56.82415],[13.29541,56.82415],[13.29541,56.82415],[13.29493,56.82484],[13.29493,56.82484],[13.29493,56.82484],[13.29602,56.82539],[13.29657,56.82634],[13.29553,56.82766],[13.29558,56.82827],[13.29426,56.82854],[13.29378,56.82861],[13.29377,56.82861],[13.29377,56.82861],[13.29368,56.82888]]]},"properties":{"NVRID":"2002026","NAMN":"Mogölsmyren","SKYDDSTYP":"Naturreservat","LAN":"Hallands Län","KOMMUN":"Halmstad, Hylte","IUCNKATEGORI":"Ia, Strikt naturreservat (Strict Nature Reserve)","FORVALTARE":"Länsstyrelsen i Hallands län","AREA_HA":32.558,"URSPR_BESLUTSDATUM":"1972-06-30"}},{"type":"Feature","geometry":{"type":"Polygon","coordinates":[[[12.37889,57.35998],[12.37883,57.36005],[12.37883,57.36005],[12.379,57.3602],[12.37886,57.36163],[12.37883,57.36202],[12.37871,57.36331],[12.37866,57.36392],[12.37866,57.36392],[12.37866,57.36392],[12.37866,57.36392],[12.38129,57.36412],[12.38148,57.36454],[12.38148,57.36454],[12.38148,57.36454],[12.3857,57.3649],[12.38569,57.36555],[12.38569,57.36555],[12.38569,57.36555],[12.38569,57.36555],[12.38681,57.36561],[12.38704,57.36608],[12.38704,57.36608],[12.38704,57.36608],[12.38704,57.36608],[12.38981,57.36483],[12.38981,57.36483],[12.38981,57.36483],[12.38529,57.36253],[12.38461,57.36114],[12.38461,57.36114],[12.37996,57.36019],[12.3789,57.35998],[12.37889,57.35998],[12.37889,57.35998]]]},"properties":{"NVRID":"2014213","NAMN":"Skoga","SKYDDSTYP":"Naturreservat","LAN":"Hallands Län","KOMMUN":"Kungsbacka","IUCNKATEGORI":"Ia, Strikt naturreservat (Strict Nature Reserve)","FORVALTARE":"Länsstyrelsen i Hallands län","AREA_HA":21.612,"URSPR_BESLUTSDATUM":"2008-09-25"}},{"type":"Feature","geometry":{"type":"Polygon","coordinates":[[[13.24015,56.43613],[13.24015,56.43613],[13.24016,56.43613],[13.24148,56.43656],[13.24355,56.43639],[13.24355,56.43639],[13.24355,56.43639],[13.24355,56.43638],[13.24355,56.43638],[13.24299,56.43591],[13.24294,56.43509],[13.2412,56.43379],[13.24201,56.43329],[13.24246,56.43361],[13.24444,56.43424],[13.24742,56.43385],[13.24743,56.43385],[13.24743,56.43385],[13.24743,56.43385],[13.24471,56.43056],[13.24471,56.43056],[13.24471,56.43056],[13.24086,56.43095],[13.24086,56.43095],[13.24086,56.43095],[13.24086,56.43095],[13.24143,56.43257],[13.24062,56.43297],[13.24062,56.43297],[13.24015,56.43613]]]},"properties":{"NVRID":"2020226","NAMN":"Oxhult","SKYDDSTYP":"Naturreservat","LAN":"Hallands Län","KOMMUN":"Laholm","IUCNKATEGORI":"IV, Habitat/Artskyddsområde (Habitat/Species Management Area)","FORVALTARE":"Länsstyrelsen i Hallands län","AREA_HA":15.366,"URSPR_BESLUTSDATUM":"2009-12-14"}},{"type":"Feature","geometry":{"type":"Polygon","coordinates":[[[12.7361,57.01633],[12.7361,57.01633],[12.7361,57.01633],[12.73588,57.01666],[12.73586,57.01674],[12.73579,57.01693],[12.73579,57.01693],[12.73607,57.01722],[12.73662,57.01769],[12.73683,57.01797],[12.73683,57.01805],[12.73683,57.01805],[12.73696,57.01814],[12.73703,57.01822],[12.73702,57.01849],[12.73702,57.01849],[12.73702,57.01849],[12.73776,57.01858],[12.73777,57.01858],[12.73777,57.01858],[12.73777,57.01858],[12.7378,57.01832],[12.73774,57.01805],[12.73771,57.01751],[12.73736,57.01714],[12.73736,57.01714],[12.73709,57.01711],[12.73693,57.01694],[12.7367,57.01659],[12.73658,57.01638],[12.73658,57.01638],[12.73658,57.01638],[12.7361,57.01633]]]},"properties":{"NVRID":"2002001","NAMN":"Skallabjäret","SKYDDSTYP":"Naturreservat","LAN":"Hallands Län","KOMMUN":"Falkenberg","IUCNKATEGORI":"IV, Habitat/Artskyddsområde (Habitat/Species Management Area)","FORVALTARE":"Länsstyrelsen i Hallands län","AREA_HA":1.463,"URSPR_BESLUTSDATUM":"1996-11-15"}},{"type":"Feature","geometry":{"type":"Polygon","coordinates":[[[13.02762,56.36309],[13.02767,56.36312],[13.02772,56.36326],[13.02785,56.36332],[13.02824,56.36394],[13.02863,56.36402],[13.02917,56.36424],[13.02964,56.36419],[13.02979,56.36428],[13.03009,56.36443],[13.02977,56.36474],[13.02976,56.36474],[13.02977,56.36474],[13.03023,56.36493],[13.02897,56.36691],[13.02783,56.36725],[13.02783,56.36726],[13.02784,56.36775],[13.02674,56.36839],[13.02573,56.3692],[13.02573,56.3692],[13.02583,56.36969],[13.02579,56.37005],[13.02579,56.37005],[13.02579,56.37005],[13.02804,56.37074],[13.02828,56.37145],[13.0291,56.37178],[13.02945,56.37188],[13.02995,56.3719],[13.03056,56.37194],[13.03108,56.37193],[13.03206,56.37186],[13.03238,56.37181],[13.03292,56.37181],[13.03406,56.37172],[13.03448,56.37172],[13.03491,56.37173],[13.03523,56.37171],[13.03553,56.37162],[13.03586,56.37144],[13.03614,56.37122],[13.03614,56.37122],[13.03614,56.37122],[13.03614,56.37122],[13.03409,56.37061],[13.03344,56.37012],[13.03304,56.36829],[13.03237,56.36734],[13.03267,56.36697],[13.03228,56.36592],[13.03235,56.36445],[13.03599,56.36461],[13.0397,56.36517],[13.0397,56.36517],[13.0397,56.36517],[13.0397,56.36517],[13.03951,56.36472],[13.03798,56.36379],[13.03798,56.36379],[13.03798,56.36379],[13.03797,56.36379],[13.0374,56.36413],[13.03672,56.36408],[13.03628,56.36382],[13.03628,56.36382],[13.0344,56.36395],[13.03328,56.36377],[13.03182,56.36231],[13.03182,56.36231],[13.03182,56.36231],[13.03028,56.36274],[13.02916,56.36278],[13.02829,56.36226],[13.02829,56.36226],[13.02725,56.36239],[13.02725,56.36239],[13.02725,56.36239],[13.0275,56.36309],[13.0275,56.36309],[13.0275,56.36309],[13.02762,56.36309]]]},"properties":{"NVRID":"2001091","NAMN":"Pennebo","SKYDDSTYP":"Naturreservat","LAN":"Hallands Län","KOMMUN":"Laholm","IUCNKATEGORI":"IV, Habitat/Artskyddsområde (Habitat/Species Management Area)","FORVALTARE":"Länsstyrelsen i Hallands län","AREA_HA":35.966,"URSPR_BESLUTSDATUM":"2000-09-22"}},{"type":"Feature","geometry":{"type":"Polygon","coordinates":[[[12.63916,56.73471],[12.63916,56.73471],[12.63916,56.73471],[12.64163,56.73592],[12.64163,56.73592],[12.64163,56.73592],[12.64198,56.73575],[12.64247,56.73625],[12.64241,56.7363],[12.64241,56.7363],[12.64241,56.7363],[12.64323,56.73671],[12.64323,56.73671],[12.64323,56.73671],[12.64358,56.73646],[12.64379,56.73645],[12.64424,56.73664],[12.64378,56.73697],[12.64378,56.73697],[12.64378,56.73697],[12.64604,56.73808],[12.64604,56.73808],[12.64604,56.73808],[12.64685,56.73748],[12.64707,56.73751],[12.64806,56.73801],[12.64806,56.73801],[12.64806,56.73801],[12.64989,56.7369],[12.64989,56.7369],[12.64989,56.7369],[12.64851,56.73606],[12.64851,56.73606],[12.64851,56.73606],[12.64278,56.73259],[12.64277,56.73259],[12.64277,56.73259],[12.64267,56.73264],[12.6425,56.73278],[12.64234,56.73289],[12.64223,56.73298],[12.64214,56.73308],[12.64202,56.73319],[12.64193,56.73326],[12.64181,56.73333],[12.64176,56.73342],[12.64158,56.73351],[12.64149,56.73351],[12.64142,56.73347],[12.6414,56.73341],[12.64137,56.73333],[12.64137,56.73333],[12.64131,56.7333],[12.64119,56.73328],[12.64107,56.73327],[12.64106,56.73327],[12.64101,56.7333],[12.64091,56.73335],[12.64085,56.73332],[12.64087,56.73327],[12.64087,56.73327],[12.64082,56.73324],[12.64082,56.73324],[12.64082,56.73324],[12.64082,56.73324],[12.64074,56.73329],[12.64074,56.73329],[12.64073,56.73333],[12.64075,56.73337],[12.64074,56.73341],[12.64068,56.7334],[12.64069,56.73331],[12.64069,56.73331],[12.64068,56.73331],[12.64065,56.7333],[12.64057,56.7333],[12.64049,56.73332],[12.64041,56.7333],[12.64041,56.7333],[12.64041,56.7333],[12.64041,56.7333],[12.64039,56.73335],[12.64039,56.73335],[12.64043,56.73338],[12.64043,56.7334],[12.64034,56.73339],[12.64032,56.73335],[12.64033,56.73332],[12.64032,56.73332],[12.64032,56.73332],[12.64023,56.73331],[12.64023,56.73331],[12.64013,56.73335],[12.64,56.73344],[12.63983,56.73351],[12.6397,56.73358],[12.63958,56.73365],[12.63947,56.73372],[12.63941,56.73385],[12.63927,56.73396],[12.63922,56.73407],[12.63917,56.73417],[12.63918,56.73427],[12.63917,56.73443],[12.63911,56.73451],[12.63909,56.7346],[12.63912,56.73469],[12.63916,56.73471]],[[12.6395,56.73447],[12.63956,56.73445],[12.63964,56.73444],[12.63992,56.73441],[12.63997,56.73455],[12.6397,56.73459],[12.63953,56.7346],[12.6395,56.73454],[12.6395,56.73447]],[[12.64239,56.73402],[12.64266,56.73393],[12.64266,56.73393],[12.64266,56.73393],[12.64314,56.73431],[12.64314,56.73431],[12.64314,56.73431],[12.64314,56.73431],[12.64314,56.73432],[12.64271,56.73439],[12.64239,56.73402]],[[12.64047,56.73474],[12.64106,56.7346],[12.64143,56.73503],[12.64081,56.73511],[12.64047,56.73474]]]},"properties":{"NVRID":"2002569","NAMN":"Särdal","SKYDDSTYP":"Naturreservat","LAN":"Hallands Län","KOMMUN":"Halmstad","IUCNKATEGORI":"IV, Habitat/Artskyddsområde (Habitat/Species Management Area)","FORVALTARE":"Länsstyrelsen i Hallands län","AREA_HA":18.077,"URSPR_BESLUTSDATUM":"2003-11-07"}},{"type":"Feature","geometry":{"type":"Polygon","coordinates":[[[12.55483,57.11293],[12.55483,57.11308],[12.55482,57.11321],[12.55483,57.11324],[12.55483,57.11329],[12.55485,57.11337],[12.55486,57.11341],[12.55488,57.11346],[12.5549,57.1135],[12.55494,57.11355],[12.55499,57.11361],[12.55507,57.11369],[12.55517,57.1138],[12.5552,57.11384],[12.55521,57.11386],[12.55524,57.11391],[12.55526,57.11396],[12.55527,57.11401],[12.55527,57.11406],[12.55527,57.11411],[12.55526,57.1142],[12.55519,57.11453],[12.55511,57.11487],[12.5551,57.11494],[12.55509,57.11502],[12.55509,57.11508],[12.55509,57.11513],[12.55511,57.11519],[12.55513,57.11524],[12.55516,57.11529],[12.5552,57.11535],[12.5553,57.1155],[12.55541,57.11563],[12.55546,57.11568],[12.55554,57.11575],[12.55564,57.11584],[12.55572,57.1159],[12.55589,57.11602],[12.55642,57.11634],[12.55677,57.11656],[12.55696,57.11667],[12.55751,57.117],[12.55771,57.11712],[12.55788,57.11722],[12.55799,57.11729],[12.55808,57.11735],[12.55819,57.11742],[12.55828,57.11749],[12.55845,57.11761],[12.55851,57.11765],[12.55857,57.1177],[12.55864,57.11776],[12.55877,57.11788],[12.55899,57.11806],[12.55945,57.11845],[12.55945,57.11845],[12.55945,57.11845],[12.55945,57.11845],[12.56107,57.1169],[12.56348,57.11825],[12.56348,57.11825],[12.56445,57.1182],[12.56445,57.1182],[12.56516,57.11754],[12.56516,57.11754],[12.56516,57.11754],[12.5643,57.11709],[12.5643,57.11709],[12.56377,57.1172],[12.5637,57.11719],[12.56333,57.1169],[12.56323,57.11675],[12.56323,57.11675],[12.56323,57.11675],[12.56304,57.11678],[12.56283,57.11679],[12.562,57.11672],[12.56154,57.11645],[12.56346,57.11462],[12.56376,57.11491],[12.56388,57.11501],[12.56415,57.11515],[12.56544,57.11555],[12.56573,57.11569],[12.56663,57.11621],[12.56663,57.11621],[12.567,57.11624],[12.5674,57.11625],[12.56845,57.11618],[12.56911,57.11615],[12.56996,57.11609],[12.5702,57.11609],[12.57067,57.11607],[12.57137,57.11599],[12.57178,57.11588],[12.5722,57.11574],[12.57282,57.1156],[12.57319,57.11556],[12.57432,57.11494],[12.57449,57.11481],[12.57449,57.11481],[12.57449,57.11481],[12.5741,57.11436],[12.57409,57.11436],[12.57341,57.11432],[12.57217,57.11424],[12.57109,57.11408],[12.57106,57.1136],[12.57061,57.11243],[12.57061,57.11243],[12.57061,57.11243],[12.56646,57.11176],[12.56529,57.11102],[12.56468,57.10906],[12.56423,57.10868],[12.56423,57.10868],[12.56329,57.10862],[12.56266,57.1081],[12.56299,57.10792],[12.56358,57.10752],[12.56358,57.10752],[12.56358,57.10752],[12.56031,57.10638],[12.56031,57.10638],[12.56031,57.10638],[12.55901,57.10732],[12.55901,57.10732],[12.55901,57.10732],[12.55901,57.10732],[12.56042,57.10793],[12.56039,57.10805],[12.56041,57.10818],[12.56036,57.10833],[12.56015,57.1084],[12.55976,57.10839],[12.55951,57.10838],[12.55936,57.10839],[12.55672,57.10896],[12.55651,57.10906],[12.55618,57.10933],[12.55611,57.10948],[12.5561,57.11037],[12.55622,57.11087],[12.55602,57.11129],[12.55578,57.11166],[12.5557,57.11174],[12.55561,57.11183],[12.55555,57.11189],[12.55547,57.11196],[12.5554,57.11202],[12.55528,57.11214],[12.55516,57.11224],[12.55512,57.11228],[12.55501,57.11238],[12.55496,57.11246],[12.55491,57.11254],[12.55489,57.11258],[12.55487,57.11265],[12.55486,57.11273],[12.55484,57.11283],[12.55483,57.11293]],[[12.55955,57.11218],[12.56014,57.11213],[12.5602,57.11269],[12.55957,57.11256],[12.55955,57.11218]]]},"properties":{"NVRID":"2014693","NAMN":"Nabben","SKYDDSTYP":"Naturreservat","LAN":"Hallands Län","KOMMUN":"Varberg","IUCNKATEGORI":"Ia, Strikt naturreservat (Strict Nature Reserve)","FORVALTARE":"Länsstyrelsen i Hallands län","AREA_HA":75.66,"URSPR_BESLUTSDATUM":"2009-05-11"}},{"type":"Feature","geometry":{"type":"Polygon","coordinates":[[[12.51373,57.05874],[12.51373,57.05874],[12.51373,57.05874],[12.5137,57.05974],[12.51366,57.06018],[12.51368,57.06138],[12.51368,57.06138],[12.51368,57.06138],[12.51368,57.06138],[12.51382,57.06135],[12.51403,57.06131],[12.51418,57.06129],[12.51437,57.06129],[12.51456,57.06132],[12.51474,57.06134],[12.51494,57.06149],[12.51512,57.06159],[12.51512,57.06159],[12.51528,57.0616],[12.5155,57.0616],[12.51553,57.0616],[12.51578,57.06157],[12.51601,57.06154],[12.51623,57.06152],[12.51649,57.06154],[12.51698,57.06157],[12.51718,57.06158],[12.5174,57.0615],[12.51766,57.0614],[12.51784,57.06134],[12.51808,57.06125],[12.51826,57.06123],[12.51836,57.06122],[12.51853,57.0612],[12.51868,57.06116],[12.5189,57.06111],[12.51907,57.06107],[12.51932,57.06106],[12.51953,57.06104],[12.51982,57.06102],[12.52003,57.061],[12.52023,57.06096],[12.52047,57.06093],[12.52065,57.06091],[12.52087,57.06086],[12.52105,57.06083],[12.52122,57.06077],[12.52132,57.06072],[12.52152,57.06071],[12.52168,57.06078],[12.52186,57.06082],[12.52199,57.06084],[12.52219,57.06084],[12.52229,57.06087],[12.52246,57.06094],[12.52264,57.06098],[12.52273,57.06103],[12.52273,57.06103],[12.52298,57.06109],[12.52314,57.06109],[12.52326,57.06112],[12.52335,57.06118],[12.52348,57.06123],[12.52359,57.0613],[12.52376,57.06137],[12.52425,57.06151],[12.52439,57.06153],[12.52457,57.06157],[12.52467,57.06161],[12.52473,57.06169],[12.52481,57.06174],[12.52482,57.06181],[12.52486,57.06188],[12.52486,57.06188],[12.52486,57.06188],[12.52817,57.06201],[12.5286,57.06275],[12.5286,57.06276],[12.5286,57.06276],[12.5286,57.06276],[12.5286,57.06275],[12.52865,57.06272],[12.52877,57.06271],[12.52888,57.06272],[12.529,57.06272],[12.52919,57.06272],[12.52935,57.06277],[12.52957,57.06282],[12.52957,57.06282],[12.5297,57.06279],[12.52978,57.0628],[12.52991,57.06286],[12.53002,57.06288],[12.53002,57.06288],[12.53012,57.06287],[12.53024,57.06289],[12.53038,57.06292],[12.53056,57.06296],[12.53116,57.06308],[12.53134,57.06311],[12.53159,57.06314],[12.53178,57.06315],[12.53203,57.0632],[12.5323,57.06326],[12.53261,57.06331],[12.53279,57.06334],[12.53309,57.06337],[12.53327,57.06339],[12.53354,57.06342],[12.53404,57.06345],[12.53427,57.06347],[12.53451,57.06345],[12.53486,57.06346],[12.53518,57.06353],[12.53548,57.06353],[12.53568,57.06356],[12.53568,57.06356],[12.53586,57.06351],[12.53593,57.06346],[12.536,57.06343],[12.53615,57.06342],[12.53628,57.0634],[12.53647,57.06339],[12.53663,57.06336],[12.53683,57.06336],[12.53719,57.06337],[12.53719,57.06337],[12.53728,57.06333],[12.53745,57.06329],[12.53757,57.06327],[12.53778,57.06325],[12.53796,57.06323],[12.53816,57.06323],[12.53847,57.06325],[12.53885,57.06327],[12.53906,57.0633],[12.53938,57.06328],[12.53953,57.06329],[12.54037,57.06331],[12.54061,57.06332],[12.54086,57.06332],[12.54116,57.06335],[12.54139,57.06332],[12.54173,57.06333],[12.54208,57.06333],[12.54238,57.06335],[12.54272,57.06337],[12.54303,57.06341],[12.54329,57.06342],[12.54348,57.06342],[12.54374,57.06346],[12.54399,57.06345],[12.54417,57.06344],[12.54437,57.06343],[12.54474,57.06347],[12.54501,57.06349],[12.54533,57.06356],[12.54546,57.06355],[12.54563,57.06357],[12.54579,57.06361],[12.54589,57.06363],[12.54603,57.06364],[12.54639,57.06375],[12.54662,57.06376],[12.54686,57.06379],[12.54712,57.06383],[12.54742,57.06389],[12.54795,57.06396],[12.54822,57.06397],[12.54856,57.06401],[12.54878,57.06401],[12.54897,57.06408],[12.54903,57.06414],[12.54906,57.0642],[12.5492,57.06431],[12.54929,57.06441],[12.54934,57.06456],[12.54938,57.06469],[12.5494,57.06482],[12.54948,57.06488],[12.54946,57.06495],[12.54947,57.06499],[12.54947,57.06499],[12.54947,57.06499],[12.5501,57.065],[12.5501,57.065],[12.5501,57.065],[12.55016,57.06453],[12.5506,57.06406],[12.5506,57.06406],[12.5506,57.06405],[12.54907,57.06326],[12.54924,57.06303],[12.54924,57.06303],[12.54924,57.06303],[12.54785,57.06276],[12.54798,57.06242],[12.54798,57.06242],[12.54798,57.06242],[12.54709,57.06217],[12.54314,57.06183],[12.54314,57.06183],[12.54314,57.06183],[12.54302,57.06221],[12.53877,57.06181],[12.53728,57.06149],[12.53728,57.06149],[12.53511,57.06184],[12.53454,57.06177],[12.53225,57.06137],[12.5313,57.06142],[12.52986,57.06111],[12.52986,57.06111],[12.52986,57.06111],[12.52968,57.06123],[12.52962,57.06126],[12.52903,57.06113],[12.52835,57.06103],[12.52749,57.06091],[12.52735,57.06092],[12.52633,57.06066],[12.52633,57.06066],[12.52633,57.06066],[12.52627,57.06076],[12.52537,57.06043],[12.52495,57.06034],[12.52474,57.06028],[12.5245,57.06017],[12.52422,57.0601],[12.52388,57.05993],[12.5239,57.0598],[12.5239,57.0598],[12.52322,57.05956],[12.5215,57.05951],[12.5215,57.05951],[12.5215,57.05951],[12.52128,57.06007],[12.51859,57.05991],[12.51863,57.05865],[12.51863,57.05865],[12.51863,57.05865],[12.51806,57.05859],[12.51806,57.05859],[12.51806,57.05859],[12.51723,57.05946],[12.51679,57.05956],[12.51626,57.05881],[12.51626,57.05881],[12.51457,57.05873],[12.51373,57.05874]]]},"properties":{"NVRID":"2001997","NAMN":"Långanskogen","SKYDDSTYP":"Naturreservat","LAN":"Hallands Län","KOMMUN":"Varberg","IUCNKATEGORI":"0, Områden som ej kan klassificeras enligt IUCN: s system.","FORVALTARE":"Länsstyrelsen i Hallands län","AREA_HA":39.437,"URSPR_BESLUTSDATUM":"2002-03-22"}},{"type":"Feature","geometry":{"type":"Polygon","coordinates":[[[12.26986,57.05163],[12.26992,57.05122],[12.27037,57.05121],[12.27037,57.05121],[12.27047,57.05118],[12.27127,57.05122],[12.27148,57.05127],[12.272,57.05138],[12.27248,57.05133],[12.27254,57.05133],[12.27255,57.05132],[12.27255,57.05132],[12.27282,57.05113],[12.27316,57.05117],[12.27316,57.05117],[12.27316,57.05117],[12.27317,57.05117],[12.27317,57.05117],[12.27317,57.05116],[12.27443,57.05055],[12.27443,57.05055],[12.27462,57.04997],[12.27592,57.04982],[12.27594,57.04982],[12.27666,57.04971],[12.27666,57.04971],[12.27685,57.04945],[12.27649,57.04863],[12.28034,57.04803],[12.28135,57.04836],[12.28204,57.04861],[12.28312,57.0488],[12.28312,57.04879],[12.28366,57.04857],[12.28383,57.04851],[12.28535,57.04893],[12.28535,57.04893],[12.28535,57.04893],[12.28535,57.04893],[12.28543,57.04884],[12.28577,57.04845],[12.28601,57.04818],[12.28616,57.04812],[12.28629,57.04813],[12.28629,57.04813],[12.28629,57.04813],[12.28764,57.04682],[12.28774,57.04674],[12.28798,57.04676],[12.28798,57.04676],[12.28798,57.04676],[12.28804,57.04658],[12.28829,57.04652],[12.28829,57.04652],[12.28833,57.04628],[12.28837,57.04605],[12.2884,57.04595],[12.28931,57.04601],[12.28942,57.04602],[12.2895,57.04603],[12.2895,57.04603],[12.2895,57.04603],[12.2895,57.04603],[12.28943,57.04593],[12.28941,57.04578],[12.28999,57.04571],[12.29018,57.04566],[12.29042,57.0457],[12.29092,57.04573],[12.29139,57.04576],[12.29181,57.0458],[12.29181,57.0458],[12.29195,57.04574],[12.29195,57.04574],[12.29195,57.04574],[12.29194,57.04574],[12.29133,57.04535],[12.29017,57.04432],[12.29069,57.04402],[12.29136,57.04359],[12.29164,57.0434],[12.2919,57.04317],[12.29196,57.04309],[12.29226,57.04269],[12.29249,57.04235],[12.29249,57.04235],[12.29249,57.04235],[12.29248,57.04235],[12.29209,57.04232],[12.29143,57.04226],[12.29165,57.04197],[12.29167,57.04193],[12.29167,57.04193],[12.29167,57.04193],[12.2917,57.04189],[12.2917,57.04189],[12.2917,57.04189],[12.29211,57.04133],[12.29211,57.04133],[12.29211,57.04133],[12.29236,57.04104],[12.29239,57.04101],[12.29239,57.04101],[12.29239,57.04101],[12.29239,57.04101],[12.29245,57.04098],[12.29275,57.0408],[12.29302,57.04065],[12.29345,57.04041],[12.29345,57.04041],[12.29345,57.04041],[12.29454,57.03978],[12.29555,57.04036],[12.29555,57.04036],[12.29555,57.04036],[12.29555,57.04036],[12.29609,57.04006],[12.29621,57.03999],[12.29621,57.03999],[12.29621,57.03999],[12.29617,57.03997],[12.29617,57.03997],[12.29617,57.03997],[12.29517,57.03945],[12.29569,57.03909],[12.29574,57.03906],[12.29574,57.03905],[12.29574,57.03905],[12.29574,57.03905],[12.29602,57.03887],[12.29603,57.03887],[12.29603,57.03887],[12.29603,57.03887],[12.29673,57.03841],[12.29727,57.0387],[12.29729,57.03871],[12.29729,57.03871],[12.29729,57.03871],[12.29729,57.03871],[12.29759,57.03827],[12.29759,57.03826],[12.29756,57.03825],[12.29719,57.03802],[12.29725,57.03798],[12.29782,57.0375],[12.29782,57.0375],[12.29782,57.0375],[12.29753,57.03731],[12.29753,57.03731],[12.29753,57.0373],[12.29775,57.03702],[12.29783,57.03695],[12.29815,57.0367],[12.29828,57.03667],[12.29848,57.03685],[12.29854,57.03691],[12.29854,57.03691],[12.29855,57.03691],[12.29855,57.03691],[12.29855,57.03691],[12.2988,57.03708],[12.29882,57.0371],[12.29882,57.0371],[12.29882,57.0371],[12.29949,57.0369],[12.30027,57.03679],[12.3012,57.03641],[12.30135,57.03632],[12.30146,57.03631],[12.30289,57.03638],[12.30346,57.0365],[12.3038,57.0365],[12.30469,57.03675],[12.30505,57.03686],[12.3053,57.03694],[12.30544,57.03698],[12.30558,57.03703],[12.30558,57.03703],[12.30558,57.03703],[12.30558,57.03703],[12.30659,57.036],[12.30692,57.0361],[12.30688,57.03615],[12.30688,57.03615],[12.30688,57.03615],[12.30712,57.03625],[12.30712,57.03625],[12.30713,57.03625],[12.30713,57.03625],[12.30766,57.0358],[12.31042,57.03584],[12.31071,57.03618],[12.31078,57.03626],[12.31078,57.03627],[12.31078,57.03627],[12.3108,57.03629],[12.3108,57.03629],[12.311,57.03633],[12.311,57.03633],[12.311,57.03633],[12.31108,57.03613],[12.31179,57.03565],[12.31233,57.03524],[12.31263,57.03541],[12.31263,57.03541],[12.31343,57.03552],[12.31508,57.03575],[12.31508,57.03575],[12.31671,57.03557],[12.31671,57.03557],[12.31709,57.03532],[12.31715,57.03528],[12.31812,57.0342],[12.31825,57.03407],[12.31997,57.03321],[12.31997,57.03321],[12.31997,57.03321],[12.32005,57.03317],[12.32047,57.03296],[12.32143,57.03222],[12.32143,57.03222],[12.32143,57.03222],[12.32101,57.03207],[12.32075,57.03154],[12.3201,57.0313],[12.3201,57.0313],[12.31968,57.03126],[12.31655,57.03106],[12.31458,57.0308],[12.31392,57.03069],[12.31356,57.03052],[12.31322,57.03024],[12.31268,57.02975],[12.31216,57.02934],[12.31164,57.02898],[12.31164,57.02898],[12.31095,57.02889],[12.30924,57.0286],[12.30882,57.02857],[12.30843,57.02851],[12.30817,57.02849],[12.30792,57.02849],[12.30786,57.02845],[12.30782,57.02838],[12.30783,57.02828],[12.30786,57.02824],[12.30787,57.02816],[12.30787,57.02816],[12.30787,57.02816],[12.30787,57.02816],[12.30787,57.02816],[12.30778,57.02817],[12.30772,57.02818],[12.30764,57.02817],[12.30747,57.02814],[12.30696,57.02804],[12.30217,57.02642],[12.30135,57.02614],[12.30135,57.02614],[12.30135,57.02614],[12.29348,57.03173],[12.28212,57.0397],[12.28212,57.0397],[12.28211,57.0397],[12.2726,57.04641],[12.2726,57.04641],[12.2726,57.04641],[12.2726,57.04641],[12.27261,57.04641],[12.26485,57.05176],[12.26485,57.05176],[12.26486,57.05176],[12.27031,57.05404],[12.27031,57.05404],[12.27031,57.05404],[12.27031,57.05404],[12.27159,57.0521],[12.27159,57.0521],[12.27045,57.05162],[12.27045,57.05162],[12.26986,57.05163]]]},"properties":{"NVRID":"2001998","NAMN":"Gamla Köpstad (södra)","SKYDDSTYP":"Naturreservat","LAN":"Hallands Län","KOMMUN":"Varberg","IUCNKATEGORI":"IV, Habitat/Artskyddsområde (Habitat/Species Management Area)","FORVALTARE":"Länsstyrelsen i Hallands län","AREA_HA":272.161,"URSPR_BESLUTSDATUM":"1972-10-26"}},{"type":"Feature","geometry":{"type":"Polygon","coordinates":[[[12.97169,56.68496],[12.96775,56.68352],[12.96613,56.68335],[12.96613,56.68335],[12.96599,56.68337],[12.96599,56.68337],[12.96596,56.68351],[12.96594,56.68367],[12.96593,56.6838],[12.96593,56.6839],[12.96595,56.684],[12.96598,56.68409],[12.96605,56.68423],[12.96616,56.68444],[12.96618,56.68451],[12.96619,56.68455],[12.9662,56.68458],[12.9662,56.68464],[12.9662,56.6847],[12.9662,56.68476],[12.96619,56.68483],[12.96619,56.68487],[12.96618,56.68491],[12.96617,56.68494],[12.96617,56.68495],[12.96611,56.68504],[12.96607,56.68511],[12.96603,56.68516],[12.96595,56.68526],[12.9659,56.68534],[12.96587,56.68539],[12.96586,56.68542],[12.96586,56.68544],[12.96585,56.68548],[12.96587,56.68555],[12.9659,56.6856],[12.96594,56.68566],[12.96598,56.68571],[12.96602,56.68575],[12.96609,56.68579],[12.96613,56.68581],[12.96619,56.68584],[12.96626,56.68586],[12.96633,56.68588],[12.96642,56.6859],[12.96653,56.68592],[12.96665,56.68593],[12.96675,56.68594],[12.96681,56.68594],[12.96688,56.68594],[12.96695,56.68595],[12.96717,56.68594],[12.96735,56.68594],[12.96744,56.68593],[12.9675,56.68592],[12.96759,56.68591],[12.96768,56.68589],[12.96772,56.68589],[12.96779,56.68588],[12.96791,56.68589],[12.96805,56.68589],[12.96817,56.6859],[12.96835,56.68596],[12.96857,56.68604],[12.96872,56.68608],[12.96877,56.68609],[12.96899,56.68613],[12.96917,56.68617],[12.96936,56.68621],[12.9695,56.68625],[12.96973,56.68633],[12.96977,56.68634],[12.96995,56.6864],[12.97003,56.68642],[12.97012,56.68644],[12.97021,56.68645],[12.97028,56.68646],[12.9704,56.68647],[12.9706,56.68648],[12.97068,56.68648],[12.971,56.68641],[12.97105,56.68639],[12.9711,56.68637],[12.9712,56.68636],[12.97124,56.68635],[12.97129,56.68635],[12.97136,56.68635],[12.972,56.6864],[12.97236,56.68644],[12.97293,56.68663],[12.97318,56.68683],[12.97325,56.68716],[12.97332,56.6876],[12.97341,56.68776],[12.97345,56.68782],[12.97349,56.68786],[12.97298,56.6881],[12.97298,56.6881],[12.97311,56.68865],[12.97211,56.68973],[12.97209,56.68975],[12.97209,56.68975],[12.97209,56.68975],[12.97209,56.68975],[12.97209,56.68975],[12.97433,56.68981],[12.97488,56.68988],[12.9753,56.68997],[12.97564,56.69007],[12.9759,56.69022],[12.97702,56.6911],[12.97702,56.6911],[12.97702,56.6911],[12.97702,56.6911],[12.97751,56.69061],[12.97776,56.69044],[12.97809,56.69029],[12.97881,56.69003],[12.97903,56.68991],[12.97917,56.68979],[12.97929,56.68961],[12.97976,56.68886],[12.98004,56.68888],[12.98015,56.68963],[12.98015,56.68964],[12.98015,56.68964],[12.98369,56.68911],[12.98437,56.6891],[12.98567,56.68892],[12.98646,56.68884],[12.98818,56.68852],[12.98916,56.68858],[12.98978,56.68879],[12.9905,56.68926],[12.99097,56.68962],[12.99097,56.68962],[12.99256,56.68962],[12.99345,56.69023],[12.99343,56.69068],[12.99343,56.69068],[12.99343,56.69068],[12.99397,56.69075],[12.9946,56.69103],[12.99542,56.69154],[12.99612,56.69165],[12.99763,56.692],[12.99787,56.69206],[12.9981,56.69214],[12.99814,56.69216],[12.99814,56.69216],[12.99814,56.69216],[12.99814,56.69215],[12.99815,56.69211],[12.99857,56.69229],[12.99913,56.69252],[12.99924,56.69256],[12.99936,56.69264],[12.99946,56.6928],[12.99946,56.6928],[12.99982,56.69284],[12.99982,56.69284],[12.99982,56.69283],[12.99963,56.69223],[12.9998,56.69214],[13.00176,56.69241],[13.00201,56.69294],[13.00185,56.6934],[13.0014,56.69341],[13.0014,56.69341],[13.0014,56.69341],[13.0014,56.69341],[13.0014,56.69341],[13.00153,56.69347],[13.00153,56.69347],[13.00263,56.69345],[13.00257,56.69382],[13.00211,56.69379],[13.0021,56.6938],[13.0021,56.6938],[13.00203,56.69418],[13.0023,56.69479],[13.0012,56.69467],[13.0012,56.69467],[13.0012,56.69467],[13.00118,56.69471],[13.00118,56.69471],[13.00118,56.69471],[13.0024,56.69485],[13.00279,56.69507],[13.00454,56.69534],[13.00454,56.69534],[13.00454,56.69534],[13.00454,56.69534],[13.00473,56.69395],[13.00584,56.6945],[13.00721,56.69509],[13.00766,56.69531],[13.00766,56.69531],[13.00766,56.69531],[13.00766,56.69531],[13.00766,56.69531],[13.00774,56.69485],[13.0087,56.69528],[13.0087,56.69528],[13.0116,56.69468],[13.01392,56.69426],[13.01547,56.69501],[13.01573,56.69507],[13.01691,56.69534],[13.01691,56.69571],[13.01691,56.69571],[13.01726,56.69581],[13.01726,56.69581],[13.01726,56.69581],[13.01726,56.69581],[13.0173,56.69531],[13.01788,56.69536],[13.01855,56.69572],[13.02031,56.69625],[13.02031,56.69625],[13.02031,56.69625],[13.02062,56.69611],[13.02062,56.69611],[13.02061,56.69561],[13.02094,56.69569],[13.02116,56.69582],[13.02127,56.69614],[13.02127,56.69614],[13.02157,56.69627],[13.02192,56.69641],[13.02259,56.69681],[13.02271,56.69693],[13.02271,56.69693],[13.02272,56.69693],[13.02291,56.69684],[13.0233,56.69708],[13.02364,56.69728],[13.02379,56.6974],[13.02413,56.69763],[13.0242,56.69769],[13.0242,56.69769],[13.0242,56.69769],[13.02431,56.69765],[13.02431,56.69765],[13.02431,56.69765],[13.02431,56.69765],[13.02219,56.69614],[13.02218,56.69614],[13.02177,56.69608],[13.02161,56.69572],[13.02167,56.69514],[13.02133,56.69484],[13.02085,56.69478],[13.02085,56.69478],[13.01985,56.6954],[13.01932,56.69533],[13.01868,56.69503],[13.01789,56.69448],[13.01793,56.69377],[13.01793,56.69377],[13.01793,56.69377],[13.01765,56.69369],[13.01765,56.69368],[13.01765,56.69368],[13.01547,56.69303],[13.01548,56.69303],[13.01548,56.69303],[13.01548,56.69303],[13.01553,56.69276],[13.01553,56.69276],[13.01553,56.69276],[13.01552,56.69276],[13.01481,56.69274],[13.01385,56.6924],[13.01399,56.69228],[13.01399,56.69228],[13.01399,56.69228],[13.01317,56.69212],[13.01136,56.69197],[13.0112,56.69163],[13.0112,56.69163],[13.0112,56.69162],[13.01086,56.69165],[13.00965,56.69144],[13.00965,56.69144],[13.00965,56.69144],[13.00965,56.69144],[13.00965,56.69144],[13.01082,56.69205],[13.00945,56.6922],[13.00945,56.6922],[13.00872,56.69282],[13.00801,56.69395],[13.00759,56.69387],[13.00671,56.69315],[13.00559,56.69228],[13.00396,56.69159],[13.00185,56.69106],[13.00152,56.69095],[12.99859,56.68997],[12.99781,56.68972],[12.99744,56.68959],[12.99649,56.68922],[12.99649,56.68922],[12.99649,56.68922],[12.99631,56.68948],[12.99528,56.6888],[12.9943,56.68809],[12.99372,56.68723],[12.99355,56.68684],[12.99339,56.68649],[12.99339,56.68649],[12.99339,56.68649],[12.99339,56.68649],[12.99208,56.68666],[12.99202,56.68662],[12.99188,56.68656],[12.9917,56.68653],[12.99152,56.68646],[12.99126,56.68643],[12.99105,56.68641],[12.99075,56.68641],[12.9906,56.68643],[12.99043,56.6865],[12.99027,56.68661],[12.99008,56.68681],[12.98996,56.68701],[12.98979,56.68723],[12.98964,56.68736],[12.98941,56.68748],[12.98914,56.68755],[12.98882,56.6876],[12.98853,56.68763],[12.98801,56.68762],[12.98756,56.68754],[12.98635,56.68742],[12.98603,56.6874],[12.98565,56.68741],[12.985,56.68743],[12.98476,56.68743],[12.98385,56.68731],[12.98345,56.68726],[12.98231,56.68721],[12.98187,56.68723],[12.98117,56.68729],[12.98114,56.68718],[12.98114,56.68718],[12.98114,56.68718],[12.98085,56.68718],[12.98057,56.68721],[12.98014,56.68728],[12.98012,56.68728],[12.97994,56.68696],[12.97992,56.68688],[12.97992,56.68677],[12.97993,56.68672],[12.98,56.68652],[12.9801,56.68622],[12.9801,56.68622],[12.9801,56.68622],[12.97865,56.68589],[12.97645,56.68585],[12.97645,56.68585],[12.97645,56.68585],[12.97573,56.68632],[12.97173,56.68482],[12.97173,56.68482],[12.97173,56.68482],[12.97169,56.68496]]]},"properties":{"NVRID":"2002411","NAMN":"Fylleåns dalgång","SKYDDSTYP":"Naturreservat","LAN":"Hallands Län","KOMMUN":"Halmstad","IUCNKATEGORI":"IV, Habitat/Artskyddsområde (Habitat/Species Management Area)","FORVALTARE":"Länsstyrelsen i Hallands län","AREA_HA":90.154,"URSPR_BESLUTSDATUM":"1976-02-19"}},{"type":"Feature","geometry":{"type":"Polygon","coordinates":[[[13.38106,56.97577],[13.38064,56.97579],[13.38025,56.97589],[13.38008,56.97595],[13.37988,56.97603],[13.37965,56.97616],[13.37949,56.97627],[13.37899,56.97661],[13.37848,56.97698],[13.37848,56.97698],[13.37848,56.97698],[13.37848,56.97698],[13.37876,56.97699],[13.37899,56.97701],[13.37938,56.97705],[13.3795,56.97708],[13.38051,56.9771],[13.38066,56.97712],[13.38084,56.97717],[13.38117,56.97728],[13.38126,56.97731],[13.38136,56.97734],[13.38153,56.97735],[13.38165,56.97734],[13.38201,56.97728],[13.38214,56.97729],[13.38222,56.97733],[13.3823,56.97737],[13.38236,56.97743],[13.38246,56.9775],[13.38254,56.97756],[13.38266,56.97761],[13.38277,56.97763],[13.3829,56.97765],[13.38306,56.97767],[13.38324,56.97767],[13.38341,56.97765],[13.38358,56.97764],[13.38369,56.97766],[13.38381,56.97768],[13.38389,56.97772],[13.38394,56.97777],[13.38397,56.97783],[13.38398,56.9779],[13.38395,56.97797],[13.38393,56.97804],[13.38396,56.97808],[13.38396,56.97808],[13.38401,56.9781],[13.3841,56.97811],[13.3842,56.97812],[13.38428,56.9781],[13.38428,56.9781],[13.38431,56.97805],[13.38442,56.97801],[13.38479,56.97784],[13.385,56.97778],[13.38517,56.97774],[13.38539,56.97773],[13.38549,56.97775],[13.38572,56.97778],[13.38605,56.97786],[13.38633,56.97794],[13.38652,56.978],[13.38665,56.97807],[13.38682,56.97811],[13.38695,56.97815],[13.3871,56.97816],[13.38729,56.97816],[13.38748,56.97818],[13.38765,56.97819],[13.38782,56.97817],[13.38798,56.97815],[13.38817,56.97812],[13.38824,56.9781],[13.38825,56.9781],[13.38825,56.9781],[13.38791,56.97414],[13.38789,56.97346],[13.38788,56.97346],[13.38788,56.97346],[13.38788,56.97346],[13.38721,56.97345],[13.38716,56.97331],[13.38716,56.97331],[13.38716,56.97331],[13.38716,56.97331],[13.38221,56.97441],[13.38221,56.97441],[13.38206,56.97466],[13.38172,56.97516],[13.38106,56.97577]]]},"properties":{"NVRID":"2003006","NAMN":"Gassbo","SKYDDSTYP":"Naturreservat","LAN":"Hallands Län","KOMMUN":"Hylte","IUCNKATEGORI":"Ia, Strikt naturreservat (Strict Nature Reserve)","FORVALTARE":"Länsstyrelsen i Hallands län","AREA_HA":19.307,"URSPR_BESLUTSDATUM":"2005-09-26"}},{"type":"Feature","geometry":{"type":"Polygon","coordinates":[[[12.62592,56.78548],[12.62592,56.78548],[12.62592,56.78548],[12.62592,56.78548],[12.62592,56.78548],[12.62645,56.78567],[12.62731,56.78618],[12.62824,56.78693],[12.62883,56.78711],[12.62988,56.78782],[12.6302,56.78829],[12.6302,56.78829],[12.6302,56.78829],[12.63059,56.78822],[12.63171,56.789],[12.6326,56.79002],[12.6326,56.79002],[12.6326,56.79002],[12.63298,56.78995],[12.63414,56.79134],[12.63513,56.79236],[12.63615,56.79267],[12.63483,56.793],[12.63427,56.79332],[12.63427,56.79332],[12.63443,56.79388],[12.63443,56.79388],[12.63574,56.79406],[12.63586,56.79424],[12.63586,56.79424],[12.63586,56.79424],[12.63758,56.79408],[12.63846,56.79467],[12.63846,56.79467],[12.63846,56.79467],[12.63964,56.79465],[12.64195,56.79448],[12.64203,56.79452],[12.64203,56.79452],[12.64311,56.79447],[12.64586,56.79422],[12.64586,56.79422],[12.64586,56.79422],[12.64583,56.79352],[12.64598,56.79331],[12.64598,56.7933],[12.64562,56.79262],[12.64562,56.79262],[12.64562,56.79262],[12.64388,56.79245],[12.6439,56.79205],[12.64388,56.79192],[12.64397,56.79181],[12.64401,56.79127],[12.64401,56.79127],[12.64369,56.79108],[12.64338,56.79072],[12.64345,56.79055],[12.64345,56.79055],[12.6433,56.79033],[12.64304,56.79006],[12.64266,56.78959],[12.64255,56.78942],[12.64238,56.78899],[12.64239,56.78868],[12.64233,56.78821],[12.64244,56.78783],[12.64272,56.78758],[12.64284,56.78742],[12.64284,56.78742],[12.64266,56.78706],[12.64249,56.78685],[12.64215,56.7866],[12.64215,56.7866],[12.6417,56.78653],[12.64158,56.78645],[12.64047,56.78531],[12.64079,56.78509],[12.64114,56.78481],[12.6412,56.78333],[12.6412,56.78333],[12.64119,56.78333],[12.64119,56.78333],[12.63163,56.78468],[12.62655,56.78539],[12.62592,56.78548]],[[12.63922,56.79107],[12.63972,56.7909],[12.6401,56.79122],[12.64048,56.79155],[12.63999,56.79172],[12.63961,56.79139],[12.63922,56.79107]],[[12.6416,56.7931],[12.64221,56.79291],[12.64262,56.79332],[12.64262,56.79332],[12.64263,56.79333],[12.64373,56.79306],[12.64379,56.79352],[12.644,56.79381],[12.64309,56.79398],[12.64266,56.79405],[12.64203,56.79347],[12.6416,56.7931]]]},"properties":{"NVRID":"2001398","NAMN":"Skipås","SKYDDSTYP":"Naturreservat","LAN":"Hallands Län","KOMMUN":"Falkenberg, Halmstad","IUCNKATEGORI":"IV, Habitat/Artskyddsområde (Habitat/Species Management Area)","FORVALTARE":"Länsstyrelsen i Hallands län","AREA_HA":78.607,"URSPR_BESLUTSDATUM":"1974-06-20"}},{"type":"Feature","geometry":{"type":"Polygon","coordinates":[[[12.2923,57.46199],[12.2923,57.46199],[12.2923,57.46199],[12.2923,57.46199],[12.2923,57.46199],[12.29238,57.46198],[12.29247,57.46199],[12.29273,57.46201],[12.2929,57.46201],[12.29332,57.46211],[12.29358,57.46216],[12.29384,57.46216],[12.29416,57.46219],[12.29459,57.46226],[12.29501,57.46237],[12.29545,57.46246],[12.29564,57.46249],[12.29583,57.46251],[12.29623,57.46255],[12.29644,57.46258],[12.2968,57.4626],[12.2971,57.4626],[12.29729,57.4626],[12.29778,57.46268],[12.29814,57.46273],[12.29866,57.46279],[12.29921,57.46285],[12.29943,57.46287],[12.29962,57.4629],[12.29974,57.46292],[12.3005,57.46309],[12.30067,57.46315],[12.30072,57.46318],[12.30073,57.4632],[12.30076,57.46325],[12.30076,57.46325],[12.30084,57.46326],[12.30084,57.46326],[12.30123,57.46322],[12.30139,57.4632],[12.30221,57.46321],[12.30251,57.46323],[12.30303,57.46322],[12.30356,57.46324],[12.3037,57.46325],[12.30391,57.46327],[12.30415,57.4633],[12.30439,57.46333],[12.3047,57.46338],[12.30503,57.46344],[12.30531,57.46348],[12.30561,57.46352],[12.30586,57.46355],[12.30604,57.46358],[12.30621,57.4636],[12.30631,57.4636],[12.30668,57.46364],[12.30699,57.46362],[12.3071,57.46361],[12.3075,57.4636],[12.30772,57.4636],[12.30827,57.46357],[12.30882,57.46352],[12.3089,57.46351],[12.30909,57.4635],[12.30916,57.46349],[12.30928,57.46348],[12.30935,57.46349],[12.30946,57.46349],[12.30962,57.46347],[12.30969,57.46347],[12.30983,57.4635],[12.30992,57.46351],[12.31014,57.46356],[12.31017,57.46357],[12.31017,57.46357],[12.31017,57.46357],[12.31017,57.46357],[12.31021,57.4635],[12.31,57.46231],[12.30992,57.46197],[12.3099,57.46181],[12.30979,57.46128],[12.30979,57.46128],[12.30979,57.46128],[12.3088,57.46119],[12.30752,57.46105],[12.30729,57.46094],[12.30729,57.46094],[12.30673,57.46087],[12.30651,57.46087],[12.30538,57.46052],[12.30515,57.4605],[12.30515,57.4605],[12.30515,57.4605],[12.30502,57.46076],[12.30497,57.46095],[12.305,57.46116],[12.30491,57.46135],[12.30063,57.46151],[12.29777,57.4615],[12.29504,57.46138],[12.29422,57.46137],[12.29282,57.46126],[12.29282,57.46126],[12.29282,57.46126],[12.29251,57.4617],[12.2923,57.46199]]]},"properties":{"NVRID":"2013925","NAMN":"Öxared","SKYDDSTYP":"Naturreservat","LAN":"Hallands Län","KOMMUN":"Kungsbacka","IUCNKATEGORI":"IV, Habitat/Artskyddsområde (Habitat/Species Management Area)","FORVALTARE":"Länsstyrelsen i Hallands län","AREA_HA":19.969,"URSPR_BESLUTSDATUM":"2017-01-24"}},{"type":"Feature","geometry":{"type":"Polygon","coordinates":[[[12.31837,57.48243],[12.31837,57.48243],[12.31836,57.48243],[12.31815,57.48282],[12.3181,57.48289],[12.3181,57.48289],[12.3181,57.48289],[12.31963,57.48333],[12.32009,57.48363],[12.32039,57.48396],[12.32036,57.48403],[12.3199,57.48487],[12.31945,57.48534],[12.31945,57.48534],[12.31945,57.48534],[12.31974,57.4854],[12.31974,57.4854],[12.32053,57.48527],[12.32091,57.48531],[12.32179,57.48524],[12.32273,57.48516],[12.32273,57.48516],[12.32273,57.48516],[12.32274,57.48499],[12.32275,57.48485],[12.32279,57.48454],[12.32286,57.48386],[12.32293,57.48317],[12.32292,57.48317],[12.32292,57.48317],[12.31837,57.48243]]]},"properties":{"NVRID":"2001960","NAMN":"Oxhagen","SKYDDSTYP":"Naturreservat","LAN":"Hallands Län","KOMMUN":"Kungsbacka","IUCNKATEGORI":"IV, Habitat/Artskyddsområde (Habitat/Species Management Area)","FORVALTARE":"Länsstyrelsen i Hallands län","AREA_HA":5.126,"URSPR_BESLUTSDATUM":"1997-03-21"}},{"type":"Feature","geometry":{"type":"Polygon","coordinates":[[[12.90908,56.45518],[12.91001,56.45501],[12.91089,56.45486],[12.91165,56.45473],[12.91231,56.45461],[12.91556,56.45405],[12.91556,56.45405],[12.91556,56.45405],[12.91542,56.4538],[12.91541,56.45378],[12.91444,56.45204],[12.91427,56.45172],[12.91411,56.45158],[12.91406,56.45154],[12.9134,56.45097],[12.91315,56.45076],[12.91267,56.45033],[12.91077,56.44871],[12.91062,56.44858],[12.90994,56.448],[12.90994,56.448],[12.90616,56.44703],[12.90616,56.44703],[12.89853,56.44872],[12.89697,56.44913],[12.89555,56.4495],[12.89221,56.45222],[12.89221,56.45222],[12.89221,56.45222],[12.90017,56.45891],[12.90017,56.45891],[12.90017,56.45891],[12.90903,56.45659],[12.90943,56.45637],[12.90969,56.45628],[12.91007,56.45619],[12.91008,56.45619],[12.91008,56.45619],[12.9096,56.45571],[12.9094,56.4555],[12.90936,56.45546],[12.90908,56.45518]],[[12.90456,56.4517],[12.90504,56.45156],[12.90635,56.4529],[12.90736,56.45392],[12.9066,56.45418],[12.90599,56.45364],[12.90548,56.45319],[12.90615,56.45296],[12.90615,56.45296],[12.90615,56.45296],[12.90575,56.45256],[12.90575,56.45256],[12.90575,56.45256],[12.9056,56.45261],[12.90544,56.45246],[12.90544,56.45246],[12.90544,56.45246],[12.90534,56.45249],[12.90518,56.45233],[12.90518,56.45233],[12.90518,56.45233],[12.90507,56.45237],[12.90491,56.45221],[12.90491,56.45221],[12.90491,56.45221],[12.90485,56.45223],[12.90468,56.45206],[12.90474,56.45203],[12.90474,56.45203],[12.90474,56.45203],[12.90459,56.45188],[12.9047,56.45185],[12.9047,56.45185],[12.9047,56.45185],[12.90456,56.4517]],[[12.90491,56.45096],[12.9064,56.45054],[12.90743,56.45164],[12.90601,56.45207],[12.90491,56.45096]]]},"properties":{"NVRID":"2001087","NAMN":"Södra Skummeslöv","SKYDDSTYP":"Naturreservat","LAN":"Hallands Län","KOMMUN":"Båstad, Laholm","IUCNKATEGORI":"Ia, Strikt naturreservat (Strict Nature Reserve)","FORVALTARE":"Länsstyrelsen i Hallands län","AREA_HA":111.368,"URSPR_BESLUTSDATUM":"1972-06-30"}},{"type":"Feature","geometry":{"type":"Polygon","coordinates":[[[13.04866,56.37859],[13.04967,56.37968],[13.04967,56.37968],[13.05151,56.37975],[13.05125,56.38081],[13.05046,56.38191],[13.05046,56.38191],[13.05106,56.38264],[13.05107,56.38264],[13.05425,56.38307],[13.05367,56.38467],[13.05367,56.38467],[13.05367,56.38467],[13.05367,56.38467],[13.05685,56.38445],[13.06178,56.38531],[13.06178,56.38531],[13.06564,56.38329],[13.06664,56.38247],[13.06812,56.38203],[13.0724,56.38544],[13.07241,56.38544],[13.07241,56.38544],[13.07521,56.38424],[13.07521,56.38424],[13.07521,56.38424],[13.07521,56.38424],[13.07367,56.38302],[13.07451,56.38168],[13.07451,56.38168],[13.07451,56.38168],[13.06981,56.37998],[13.06542,56.37651],[13.06844,56.37553],[13.06844,56.37553],[13.06844,56.37553],[13.0622,56.37281],[13.05452,56.3661],[13.05452,56.36609],[13.05075,56.36623],[13.05074,56.36623],[13.05074,56.36623],[13.05009,56.36723],[13.04852,56.36879],[13.04852,56.36879],[13.04852,56.36879],[13.05118,56.3703],[13.05131,56.37093],[13.05131,56.37094],[13.05454,56.37237],[13.05417,56.37362],[13.05297,56.37368],[13.05104,56.37449],[13.04861,56.37407],[13.04785,56.37408],[13.04785,56.37408],[13.04785,56.37408],[13.04586,56.37665],[13.04558,56.37791],[13.04472,56.37943],[13.04472,56.37943],[13.04597,56.3807],[13.04597,56.3807],[13.04597,56.3807],[13.04597,56.3807],[13.04752,56.37911],[13.04866,56.37859]],[[13.06567,56.38007],[13.06714,56.3795],[13.0674,56.37971],[13.06769,56.37993],[13.06621,56.38051],[13.06595,56.38029],[13.06567,56.38007]]]},"properties":{"NVRID":"2001090","NAMN":"Åstarpe mosse","SKYDDSTYP":"Naturreservat","LAN":"Hallands Län","KOMMUN":"Laholm","IUCNKATEGORI":"IV, Habitat/Artskyddsområde (Habitat/Species Management Area)","FORVALTARE":"Länsstyrelsen i Hallands län","AREA_HA":188.944,"URSPR_BESLUTSDATUM":"2000-09-22"}},{"type":"Feature","geometry":{"type":"Polygon","coordinates":[[[12.99298,56.78469],[12.99537,56.78535],[12.99491,56.78594],[12.99491,56.78594],[12.99509,56.78613],[12.99509,56.78613],[12.9951,56.78613],[12.99575,56.78601],[12.99608,56.78591],[12.99652,56.78573],[12.99709,56.78543],[12.9973,56.78503],[12.99733,56.78492],[12.99732,56.78474],[12.99724,56.78457],[12.99718,56.78411],[12.99811,56.78412],[12.99881,56.78421],[12.99908,56.78429],[12.99977,56.78443],[12.9997,56.78457],[12.9997,56.78457],[12.9997,56.78457],[13.00342,56.78508],[13.00537,56.78584],[13.00822,56.78715],[13.00822,56.78715],[13.00822,56.78715],[13.00831,56.78708],[13.00831,56.78708],[13.00837,56.78688],[13.00837,56.78664],[13.00827,56.78638],[13.00827,56.78638],[13.00801,56.7862],[13.00779,56.78604],[13.00774,56.78591],[13.00774,56.78591],[13.00773,56.78591],[13.0075,56.7859],[13.00714,56.78584],[13.00685,56.78579],[13.00663,56.78571],[13.00649,56.78552],[13.00631,56.78541],[13.00617,56.78533],[13.00625,56.78525],[13.00646,56.78518],[13.00676,56.78515],[13.00676,56.78515],[13.00676,56.78515],[13.00678,56.78505],[13.00671,56.78494],[13.00647,56.78483],[13.00647,56.78483],[13.00624,56.78485],[13.00606,56.78495],[13.00592,56.78497],[13.00574,56.78487],[13.00569,56.78475],[13.00569,56.78475],[13.00569,56.78475],[13.00548,56.78474],[13.00548,56.78474],[13.00531,56.78483],[13.00524,56.7849],[13.0051,56.78478],[13.00497,56.78458],[13.00485,56.78439],[13.00481,56.78427],[13.00492,56.78424],[13.00507,56.78433],[13.00507,56.78433],[13.00523,56.78433],[13.00543,56.7843],[13.00543,56.7843],[13.00543,56.7843],[13.00544,56.78417],[13.00544,56.7841],[13.00544,56.7841],[13.00528,56.78398],[13.00528,56.78398],[13.00504,56.78394],[13.0048,56.78385],[13.00462,56.78369],[13.00439,56.78359],[13.00439,56.78359],[13.00417,56.78366],[13.00399,56.78373],[13.00382,56.78376],[13.00374,56.78366],[13.00371,56.78351],[13.00359,56.78339],[13.00359,56.78339],[13.00327,56.78329],[13.00294,56.78326],[13.00257,56.78323],[13.00226,56.78321],[13.002,56.78322],[13.002,56.78322],[13.002,56.78322],[13.00202,56.78326],[13.0012,56.78324],[13.00122,56.78316],[13.00139,56.78308],[13.00155,56.783],[13.00155,56.783],[13.0016,56.78289],[13.00148,56.7828],[13.00148,56.7828],[13.00121,56.7828],[13.00092,56.78279],[13.00071,56.78281],[13.00071,56.78281],[13.00071,56.78281],[13.00069,56.78291],[13.00053,56.78294],[13.00052,56.78288],[13.00052,56.78288],[13.00051,56.78288],[13.00051,56.78288],[12.99179,56.78439],[12.99179,56.78439],[12.99178,56.78439],[12.99164,56.78459],[12.99124,56.7848],[12.99124,56.7848],[12.99129,56.78491],[12.99146,56.78499],[12.99146,56.78499],[12.9917,56.78496],[12.99298,56.78469]]]},"properties":{"NVRID":"2050159","NAMN":"Finnsboskogen","SKYDDSTYP":"Naturreservat","LAN":"Hallands Län","KOMMUN":"Halmstad","IUCNKATEGORI":"Ia, Strikt naturreservat (Strict Nature Reserve)","FORVALTARE":"Länsstyrelsen i Hallands län","AREA_HA":15.396,"URSPR_BESLUTSDATUM":"2018-10-31"}},{"type":"Feature","geometry":{"type":"Polygon","coordinates":[[[13.08474,56.3611],[13.08318,56.36195],[13.08318,56.36195],[13.08352,56.36236],[13.08439,56.36415],[13.08384,56.36555],[13.08384,56.36555],[13.08384,56.36555],[13.08384,56.36555],[13.0865,56.36517],[13.08631,56.36849],[13.08622,56.37006],[13.08603,56.37012],[13.08593,56.37016],[13.08593,56.37016],[13.08593,56.37016],[13.08598,56.37026],[13.08641,56.37063],[13.08657,56.37088],[13.08653,56.37132],[13.08653,56.37132],[13.08794,56.3717],[13.09021,56.37146],[13.09469,56.37138],[13.09617,56.37202],[13.09767,56.37275],[13.09767,56.37275],[13.09919,56.37256],[13.10005,56.37242],[13.10005,56.37242],[13.10019,56.3723],[13.10246,56.37333],[13.10246,56.37333],[13.10246,56.37333],[13.10246,56.37333],[13.10296,56.37214],[13.10296,56.37214],[13.09714,56.36918],[13.096,56.36792],[13.09613,56.36777],[13.09637,56.36756],[13.097,56.36709],[13.09749,56.36678],[13.09794,56.36654],[13.09798,56.36646],[13.09798,56.36646],[13.09773,56.36618],[13.0977,56.36604],[13.09745,56.36559],[13.09727,56.36539],[13.097,56.36519],[13.09681,56.36511],[13.09681,56.36511],[13.09608,56.36503],[13.09542,56.36505],[13.09363,56.36521],[13.09195,56.36487],[13.09205,56.36325],[13.09204,56.36325],[13.09204,56.36325],[13.09204,56.36325],[13.09145,56.36334],[13.09145,56.36334],[13.09056,56.36411],[13.08883,56.36371],[13.09033,56.36083],[13.09079,56.35994],[13.09341,56.35969],[13.09341,56.35969],[13.09341,56.35969],[13.09341,56.35969],[13.09341,56.35969],[13.09153,56.35872],[13.08779,56.35678],[13.08584,56.35577],[13.07951,56.35248],[13.07842,56.35191],[13.07841,56.35191],[13.07479,56.35177],[13.07479,56.35177],[13.07479,56.35177],[13.07479,56.35177],[13.07944,56.35556],[13.08421,56.35814],[13.0858,56.35995],[13.08442,56.36039],[13.08442,56.36039],[13.08442,56.36039],[13.08474,56.3611]]]},"properties":{"NVRID":"2023511","NAMN":"Musikedalen","SKYDDSTYP":"Naturreservat","LAN":"Hallands Län","KOMMUN":"Laholm","IUCNKATEGORI":"IV, Habitat/Artskyddsområde (Habitat/Species Management Area)","FORVALTARE":"Länsstyrelsen i Hallands län","AREA_HA":109.87,"URSPR_BESLUTSDATUM":"2010-09-14"}},{"type":"Feature","geometry":{"type":"Polygon","coordinates":[[[13.21005,56.6192],[13.21007,56.61922],[13.21007,56.61922],[13.21008,56.61923],[13.21026,56.61919],[13.21043,56.61911],[13.21063,56.61907],[13.21068,56.61905],[13.21081,56.61897],[13.211,56.61884],[13.21118,56.61877],[13.21161,56.61855],[13.21198,56.61835],[13.21212,56.61826],[13.2123,56.61817],[13.21256,56.61802],[13.2126,56.61799],[13.2126,56.61799],[13.2126,56.61799],[13.20994,56.61691],[13.20603,56.61535],[13.20553,56.61517],[13.20409,56.61455],[13.2028,56.61408],[13.20163,56.6136],[13.19803,56.61218],[13.19796,56.61213],[13.19795,56.61213],[13.19795,56.61213],[13.19795,56.61213],[13.19785,56.61225],[13.19753,56.61244],[13.19723,56.61268],[13.19697,56.61291],[13.19665,56.61319],[13.19638,56.61337],[13.19638,56.61337],[13.19638,56.61337],[13.19711,56.61368],[13.19761,56.61391],[13.19809,56.61413],[13.19899,56.61454],[13.20081,56.6153],[13.20304,56.61623],[13.2031,56.61627],[13.20539,56.61725],[13.20688,56.61787],[13.20918,56.61884],[13.21005,56.6192]]]},"properties":{"NVRID":"2010861","NAMN":"Vännet","SKYDDSTYP":"Naturreservat","LAN":"Hallands Län","KOMMUN":"Laholm","IUCNKATEGORI":"Ia, Strikt naturreservat (Strict Nature Reserve)","FORVALTARE":"Länsstyrelsen i Hallands län","AREA_HA":20.542,"URSPR_BESLUTSDATUM":"2006-12-18"}},{"type":"Feature","geometry":{"type":"Polygon","coordinates":[[[12.77883,57.06129],[12.77893,57.06173],[12.77939,57.06205],[12.77939,57.06205],[12.7792,57.06211],[12.77883,57.06217],[12.7785,57.06227],[12.77809,57.06234],[12.77788,57.06237],[12.77788,57.06237],[12.77783,57.06242],[12.77776,57.06249],[12.77775,57.06249],[12.77775,57.06249],[12.77775,57.0625],[12.77911,57.06283],[12.78013,57.06301],[12.78082,57.06333],[12.78082,57.06333],[12.78083,57.06333],[12.78083,57.06333],[12.78087,57.06324],[12.78103,57.06304],[12.78134,57.0629],[12.78171,57.06267],[12.78186,57.06273],[12.78204,57.06283],[12.78232,57.06295],[12.7828,57.06312],[12.78323,57.06325],[12.78383,57.06342],[12.78409,57.06354],[12.7844,57.06376],[12.78456,57.06398],[12.78474,57.06418],[12.78499,57.0643],[12.78534,57.06434],[12.78534,57.06434],[12.78534,57.06434],[12.78535,57.06434],[12.78534,57.06434],[12.78522,57.06427],[12.78576,57.06432],[12.78576,57.06432],[12.78576,57.06432],[12.78578,57.06429],[12.78578,57.06429],[12.78577,57.06429],[12.78564,57.06425],[12.78555,57.0642],[12.78549,57.06416],[12.78543,57.06411],[12.78524,57.06404],[12.78508,57.06396],[12.78487,57.06383],[12.78476,57.06374],[12.78471,57.06366],[12.78468,57.06358],[12.78468,57.06352],[12.78471,57.0634],[12.7847,57.06327],[12.78468,57.06321],[12.78463,57.06316],[12.78457,57.06309],[12.78431,57.06291],[12.78407,57.06276],[12.78397,57.06272],[12.78375,57.06263],[12.78353,57.06253],[12.78331,57.0624],[12.78323,57.06234],[12.78319,57.06228],[12.7831,57.0622],[12.78303,57.06214],[12.78296,57.06212],[12.78268,57.06205],[12.78248,57.06199],[12.78238,57.06194],[12.7823,57.06186],[12.78227,57.06175],[12.7823,57.06163],[12.78236,57.06154],[12.78245,57.06145],[12.78257,57.06136],[12.78297,57.06111],[12.78333,57.06086],[12.7834,57.06107],[12.78347,57.06123],[12.78354,57.06134],[12.7837,57.0615],[12.78392,57.06169],[12.78416,57.06187],[12.78432,57.06199],[12.78445,57.06206],[12.78458,57.06212],[12.78489,57.06223],[12.78525,57.06234],[12.7857,57.06247],[12.78598,57.06257],[12.7863,57.06267],[12.78649,57.06273],[12.78666,57.06277],[12.78685,57.06279],[12.78725,57.06279],[12.78752,57.06278],[12.7877,57.06279],[12.78785,57.06282],[12.78797,57.06285],[12.78801,57.06286],[12.78812,57.06288],[12.78822,57.06289],[12.78831,57.06288],[12.78839,57.06285],[12.78924,57.06242],[12.78924,57.06242],[12.78924,57.06242],[12.78922,57.06239],[12.78912,57.06215],[12.78906,57.06165],[12.78893,57.06109],[12.78801,57.05997],[12.78785,57.05984],[12.78785,57.05984],[12.78785,57.05984],[12.78781,57.05984],[12.78762,57.05957],[12.7874,57.05932],[12.7874,57.05932],[12.7874,57.05932],[12.78733,57.05933],[12.78717,57.0592],[12.78717,57.0592],[12.78716,57.0592],[12.78639,57.05938],[12.78622,57.05941],[12.78603,57.05942],[12.78589,57.0594],[12.78572,57.05936],[12.78561,57.05931],[12.78537,57.05923],[12.78515,57.05917],[12.78494,57.05912],[12.78466,57.05906],[12.78441,57.05902],[12.78411,57.05899],[12.78382,57.05895],[12.78359,57.05889],[12.78327,57.0588],[12.78296,57.05871],[12.78269,57.05862],[12.78254,57.05854],[12.7824,57.05846],[12.78227,57.0584],[12.78205,57.05832],[12.7819,57.05828],[12.78179,57.05827],[12.78163,57.0583],[12.78163,57.0583],[12.78163,57.0583],[12.7818,57.05873],[12.7819,57.05889],[12.782,57.05905],[12.7818,57.05913],[12.78158,57.05928],[12.78139,57.05938],[12.78126,57.05942],[12.78105,57.05947],[12.78091,57.05949],[12.78077,57.05948],[12.78057,57.05945],[12.7803,57.05942],[12.77998,57.05932],[12.77989,57.05925],[12.77989,57.05925],[12.77989,57.05925],[12.77989,57.05925],[12.77901,57.06049],[12.77844,57.06054],[12.77844,57.06054],[12.77844,57.06054],[12.77849,57.06117],[12.7785,57.06117],[12.77883,57.06129]]]},"properties":{"NVRID":"2046878","NAMN":"Boa","SKYDDSTYP":"Naturreservat","LAN":"Hallands Län","KOMMUN":"Falkenberg","IUCNKATEGORI":"Ia, Strikt naturreservat (Strict Nature Reserve)","FORVALTARE":"Länsstyrelsen i Hallands län","AREA_HA":23.33,"URSPR_BESLUTSDATUM":"2017-10-05"}},{"type":"Feature","geometry":{"type":"Polygon","coordinates":[[[13.14448,56.75524],[13.14412,56.75492],[13.14301,56.75418],[13.14233,56.75392],[13.14175,56.7538],[13.14123,56.75358],[13.14066,56.75317],[13.14015,56.75269],[13.13852,56.75252],[13.13852,56.75252],[13.13852,56.75252],[13.13852,56.75252],[13.13853,56.75503],[13.13853,56.75503],[13.13853,56.75503],[13.14406,56.75709],[13.1477,56.75844],[13.1477,56.75844],[13.1477,56.75844],[13.14771,56.75844],[13.14771,56.75844],[13.14763,56.75738],[13.15381,56.75856],[13.15381,56.75856],[13.15381,56.75856],[13.15404,56.75792],[13.15404,56.75792],[13.15404,56.75792],[13.14754,56.75654],[13.14506,56.75539],[13.14448,56.75524]]]},"properties":{"NVRID":"2049971","NAMN":"Timrilt","SKYDDSTYP":"Naturreservat","LAN":"Hallands Län","KOMMUN":"Halmstad","IUCNKATEGORI":"Ia, Strikt naturreservat (Strict Nature Reserve)","FORVALTARE":"Länsstyrelsen i Hallands län","AREA_HA":17.769,"URSPR_BESLUTSDATUM":"2018-12-04"}},{"type":"Feature","geometry":{"type":"Polygon","coordinates":[[[12.21333,57.12863],[12.21332,57.12863],[12.21332,57.12863],[12.21332,57.12863],[12.21333,57.12863],[12.21801,57.13033],[12.22313,57.13231],[12.22459,57.13248],[12.22481,57.13253],[12.22496,57.13255],[12.22522,57.13261],[12.22545,57.13267],[12.22574,57.13269],[12.22591,57.13265],[12.22604,57.13258],[12.22615,57.13258],[12.2264,57.13257],[12.22668,57.13261],[12.22698,57.13266],[12.22726,57.1327],[12.22749,57.13269],[12.22775,57.13268],[12.22809,57.13268],[12.22836,57.13265],[12.22766,57.13393],[12.22766,57.13394],[12.22766,57.13394],[12.22766,57.13394],[12.22766,57.13394],[12.22766,57.13394],[12.22841,57.1338],[12.23002,57.13473],[12.23069,57.13511],[12.23046,57.13533],[12.23046,57.13533],[12.23046,57.13533],[12.23373,57.13749],[12.23333,57.13772],[12.23333,57.13772],[12.23333,57.13772],[12.23445,57.1383],[12.23445,57.1383],[12.23446,57.1383],[12.23485,57.13805],[12.2374,57.1393],[12.23876,57.13998],[12.23909,57.14012],[12.2399,57.14104],[12.24071,57.14196],[12.24072,57.14197],[12.24072,57.14197],[12.24226,57.14217],[12.24582,57.14262],[12.24764,57.14315],[12.24764,57.14315],[12.24764,57.14315],[12.24827,57.14242],[12.2484,57.14246],[12.25041,57.14304],[12.25306,57.14382],[12.2532,57.14386],[12.25413,57.14486],[12.25413,57.14486],[12.25413,57.14486],[12.25413,57.14486],[12.25413,57.14486],[12.25523,57.14447],[12.25523,57.14447],[12.25544,57.14418],[12.25548,57.14416],[12.25548,57.14416],[12.25558,57.14403],[12.25558,57.14403],[12.25618,57.14309],[12.25695,57.14199],[12.25712,57.14182],[12.25712,57.14182],[12.25712,57.14182],[12.25704,57.1418],[12.25742,57.14128],[12.25813,57.14035],[12.25814,57.14031],[12.25815,57.14029],[12.25815,57.14029],[12.25807,57.14021],[12.25802,57.14018],[12.25795,57.13999],[12.25798,57.13993],[12.25802,57.13989],[12.25804,57.13978],[12.25808,57.13954],[12.25815,57.1395],[12.2582,57.13941],[12.25822,57.13928],[12.258,57.13893],[12.25776,57.13863],[12.2576,57.13846],[12.25748,57.13837],[12.25734,57.13819],[12.2572,57.13808],[12.25717,57.13801],[12.25701,57.13779],[12.25683,57.13757],[12.25667,57.13744],[12.25663,57.13734],[12.25658,57.13726],[12.25639,57.13698],[12.25618,57.13666],[12.25605,57.13647],[12.25587,57.13625],[12.25582,57.13611],[12.25573,57.13595],[12.25556,57.13578],[12.2555,57.13567],[12.25545,57.13558],[12.25544,57.1355],[12.25541,57.13546],[12.25566,57.1354],[12.25566,57.1354],[12.25566,57.1354],[12.25566,57.1354],[12.25685,57.13514],[12.25685,57.13514],[12.25685,57.13514],[12.25598,57.13318],[12.25596,57.13288],[12.25576,57.13218],[12.25561,57.13198],[12.25543,57.13143],[12.25509,57.13083],[12.25502,57.13067],[12.25494,57.13026],[12.25494,57.13026],[12.25494,57.13026],[12.25493,57.13026],[12.25421,57.12891],[12.25422,57.12889],[12.25381,57.12809],[12.25381,57.12809],[12.25381,57.12809],[12.25261,57.12822],[12.25217,57.12654],[12.25221,57.12632],[12.25141,57.12367],[12.25141,57.12367],[12.25116,57.12362],[12.2508,57.12352],[12.25028,57.12339],[12.24968,57.12322],[12.24915,57.12301],[12.24858,57.12285],[12.248,57.12273],[12.2475,57.12262],[12.24681,57.12248],[12.24611,57.12241],[12.24533,57.12237],[12.2448,57.12234],[12.24424,57.12236],[12.24362,57.12242],[12.24323,57.12247],[12.24284,57.12252],[12.24244,57.1226],[12.242,57.12267],[12.24148,57.12277],[12.24081,57.12293],[12.2403,57.12304],[12.23946,57.12318],[12.23883,57.12321],[12.23819,57.12326],[12.23765,57.12328],[12.23707,57.12327],[12.23656,57.12322],[12.23656,57.12322],[12.23656,57.12323],[12.23655,57.12324],[12.23633,57.12321],[12.23594,57.12318],[12.23553,57.12314],[12.23524,57.12308],[12.23488,57.12302],[12.23457,57.12296],[12.23427,57.12288],[12.23427,57.12288],[12.23427,57.12288],[12.23427,57.12288],[12.23431,57.12296],[12.23432,57.12309],[12.23431,57.12325],[12.23431,57.12338],[12.23429,57.12359],[12.23425,57.12387],[12.23424,57.12404],[12.23424,57.12421],[12.23416,57.12448],[12.23409,57.1248],[12.23397,57.12514],[12.23382,57.1254],[12.23371,57.12561],[12.23355,57.12588],[12.23334,57.1262],[12.23308,57.1265],[12.23294,57.12664],[12.23257,57.12685],[12.23223,57.12694],[12.23192,57.12693],[12.23152,57.12694],[12.23124,57.12692],[12.23091,57.1269],[12.23017,57.12691],[12.22966,57.12698],[12.22906,57.1269],[12.22789,57.12678],[12.22637,57.12652],[12.22538,57.12636],[12.22465,57.12586],[12.22363,57.12576],[12.22362,57.12576],[12.22353,57.12578],[12.2202,57.12608],[12.21618,57.12758],[12.21481,57.12808],[12.21333,57.12863]]]},"properties":{"NVRID":"2001978","NAMN":"Getteröns naturreservat","SKYDDSTYP":"Naturreservat","LAN":"Hallands Län","KOMMUN":"Varberg","IUCNKATEGORI":"IV, Habitat/Artskyddsområde (Habitat/Species Management Area)","FORVALTARE":"Länsstyrelsen i Hallands län","AREA_HA":350.409,"URSPR_BESLUTSDATUM":"1970-02-10"}},{"type":"Feature","geometry":{"type":"Polygon","coordinates":[[[12.88872,56.91175],[12.88874,56.91188],[12.88885,56.91222],[12.88881,56.91228],[12.8887,56.91242],[12.88864,56.91259],[12.88858,56.91277],[12.88859,56.91302],[12.88882,56.9132],[12.88939,56.91335],[12.89022,56.91329],[12.89057,56.91318],[12.89131,56.91283],[12.89188,56.91257],[12.89275,56.91228],[12.89304,56.91197],[12.89289,56.91142],[12.89315,56.91102],[12.89345,56.91048],[12.89369,56.91008],[12.89443,56.90879],[12.89421,56.90802],[12.89491,56.90732],[12.89474,56.90695],[12.89465,56.90686],[12.89465,56.90686],[12.8942,56.90672],[12.8942,56.90672],[12.89419,56.90672],[12.89376,56.9069],[12.89347,56.90705],[12.8933,56.90714],[12.89313,56.90721],[12.89286,56.90729],[12.89275,56.90742],[12.89247,56.90759],[12.89207,56.9077],[12.8917,56.90787],[12.89155,56.90788],[12.89155,56.90788],[12.89129,56.90796],[12.89102,56.90803],[12.89096,56.90807],[12.89066,56.90829],[12.89036,56.90853],[12.8902,56.90867],[12.89005,56.90876],[12.88996,56.90882],[12.88982,56.90892],[12.88977,56.90899],[12.8896,56.90908],[12.8895,56.90916],[12.88932,56.9094],[12.88931,56.90947],[12.88907,56.90982],[12.88904,56.91002],[12.88906,56.91012],[12.88912,56.91048],[12.88903,56.91071],[12.88902,56.91073],[12.88897,56.91081],[12.8889,56.91098],[12.88886,56.91117],[12.8888,56.9113],[12.88875,56.91145],[12.88872,56.91162],[12.88872,56.91175]]]},"properties":{"NVRID":"2002014","NAMN":"Getabäcken","SKYDDSTYP":"Naturreservat","LAN":"Hallands Län","KOMMUN":"Halmstad","IUCNKATEGORI":"0, Områden som ej kan klassificeras enligt IUCN: s system.","FORVALTARE":"Länsstyrelsen i Hallands län","AREA_HA":15.989,"URSPR_BESLUTSDATUM":"2001-12-14"}},{"type":"Feature","geometry":{"type":"Polygon","coordinates":[[[12.77373,56.64694],[12.77372,56.64694],[12.77372,56.64694],[12.77372,56.64694],[12.77632,56.64874],[12.77632,56.64874],[12.77632,56.64874],[12.77633,56.64875],[12.76918,56.65549],[12.76918,56.65549],[12.76918,56.65549],[12.76919,56.65549],[12.76919,56.65549],[12.7742,56.65494],[12.7742,56.65494],[12.77887,56.65052],[12.77887,56.65052],[12.77887,56.65052],[12.77714,56.64876],[12.77714,56.64875],[12.77687,56.64848],[12.7769,56.64842],[12.77718,56.64833],[12.77719,56.64833],[12.77719,56.64833],[12.77715,56.6483],[12.77714,56.64829],[12.77689,56.64803],[12.77665,56.6478],[12.77644,56.64759],[12.77621,56.64736],[12.77573,56.64688],[12.77573,56.64688],[12.77573,56.64688],[12.7744,56.6469],[12.77439,56.6469],[12.77439,56.6469],[12.77439,56.6469],[12.77373,56.64693],[12.77373,56.64693],[12.77373,56.64693],[12.77373,56.64693],[12.77373,56.64693],[12.77373,56.64693],[12.77373,56.64694]]]},"properties":{"NVRID":"2002412","NAMN":"Eketånga","SKYDDSTYP":"Naturreservat","LAN":"Hallands Län","KOMMUN":"Halmstad","IUCNKATEGORI":"0, Områden som ej kan klassificeras enligt IUCN: s system.","FORVALTARE":"Länsstyrelsen i Hallands län","AREA_HA":19.354,"URSPR_BESLUTSDATUM":"1972-06-30"}},{"type":"Feature","geometry":{"type":"Polygon","coordinates":[[[12.74352,57.07076],[12.74453,57.07144],[12.74748,57.07344],[12.74749,57.07344],[12.74749,57.07344],[12.74899,57.07254],[12.75209,57.07065],[12.75483,57.06892],[12.75754,57.06715],[12.75754,57.06715],[12.75754,57.06715],[12.75754,57.06715],[12.75264,57.0655],[12.75217,57.06534],[12.75217,57.06534],[12.75217,57.06534],[12.75217,57.06534],[12.75213,57.06537],[12.75195,57.0655],[12.75158,57.06572],[12.75129,57.0659],[12.75117,57.06599],[12.75106,57.06607],[12.75088,57.06624],[12.7506,57.06655],[12.75052,57.06665],[12.75041,57.06675],[12.75022,57.06687],[12.74997,57.06702],[12.74871,57.06762],[12.74727,57.0683],[12.74678,57.06853],[12.74661,57.06862],[12.7422,57.06701],[12.7422,57.06701],[12.7422,57.06701],[12.7422,57.06701],[12.73847,57.07002],[12.73847,57.07002],[12.73847,57.07002],[12.73847,57.07002],[12.74352,57.07076]]]},"properties":{"NVRID":"2014488","NAMN":"Skogen","SKYDDSTYP":"Naturreservat","LAN":"Hallands Län","KOMMUN":"Falkenberg","IUCNKATEGORI":"IV, Habitat/Artskyddsområde (Habitat/Species Management Area)","FORVALTARE":"Länsstyrelsen i Hallands län","AREA_HA":43.874,"URSPR_BESLUTSDATUM":"2008-12-08"}},{"type":"Feature","geometry":{"type":"MultiPolygon","coordinates":[[[[12.84519,56.78753],[12.84519,56.78753],[12.84519,56.78753],[12.84519,56.78753],[12.84519,56.78754],[12.84543,56.78757],[12.84549,56.78757],[12.84555,56.78758],[12.84558,56.78759],[12.84562,56.78761],[12.84565,56.78762],[12.84568,56.78764],[12.84571,56.78766],[12.84574,56.78769],[12.84577,56.78775],[12.84581,56.78781],[12.84589,56.78796],[12.84591,56.78799],[12.84594,56.78805],[12.84596,56.78808],[12.84598,56.78812],[12.84602,56.78815],[12.84608,56.78821],[12.84608,56.78821],[12.84608,56.78821],[12.84608,56.78821],[12.84623,56.78814],[12.84654,56.788],[12.84667,56.78797],[12.84681,56.78795],[12.84698,56.78795],[12.84717,56.788],[12.84735,56.78806],[12.84743,56.78809],[12.8476,56.78814],[12.84806,56.78818],[12.84832,56.78821],[12.84866,56.78827],[12.84898,56.78832],[12.84916,56.78865],[12.84916,56.78865],[12.84948,56.78871],[12.84948,56.78871],[12.84948,56.78871],[12.8496,56.78858],[12.84994,56.78771],[12.85021,56.78734],[12.85095,56.78707],[12.85095,56.78707],[12.85095,56.78706],[12.85078,56.78658],[12.85051,56.78581],[12.85039,56.78538],[12.85039,56.78538],[12.85002,56.7852],[12.84991,56.78518],[12.84981,56.78517],[12.84974,56.78516],[12.8495,56.78514],[12.84935,56.78502],[12.84888,56.78471],[12.848,56.78414],[12.848,56.78414],[12.848,56.78414],[12.84778,56.7843],[12.84767,56.78439],[12.84762,56.78445],[12.84753,56.78458],[12.8475,56.78464],[12.84745,56.78479],[12.84738,56.78502],[12.84729,56.78521],[12.84723,56.78533],[12.84711,56.78556],[12.847,56.78575],[12.84691,56.78589],[12.84684,56.78602],[12.8468,56.78615],[12.84675,56.78633],[12.84669,56.78653],[12.84667,56.78668],[12.84663,56.78681],[12.84659,56.78689],[12.84657,56.78694],[12.84654,56.787],[12.84651,56.78704],[12.84643,56.78717],[12.84638,56.78723],[12.84631,56.78731],[12.8462,56.78737],[12.84607,56.78744],[12.84592,56.78749],[12.84583,56.78751],[12.84565,56.78753],[12.84551,56.78753],[12.84542,56.78754],[12.84532,56.78753],[12.84519,56.78753]]],[[[12.84203,56.78028],[12.84419,56.78167],[12.84419,56.78167],[12.84419,56.78167],[12.84795,56.78061],[12.84795,56.78061],[12.84795,56.78061],[12.84789,56.78051],[12.84786,56.78048],[12.84778,56.78035],[12.84768,56.78026],[12.84755,56.78018],[12.8474,56.7801],[12.84722,56.78001],[12.84701,56.77995],[12.84661,56.77987],[12.84655,56.77986],[12.84649,56.77985],[12.84622,56.77969],[12.84614,56.77964],[12.8459,56.7795],[12.84578,56.77944],[12.8457,56.77938],[12.84558,56.77927],[12.8454,56.77915],[12.84526,56.77903],[12.8452,56.77898],[12.84502,56.77882],[12.84495,56.77874],[12.84492,56.77871],[12.84483,56.77866],[12.84471,56.77859],[12.8446,56.77853],[12.84445,56.77845],[12.84435,56.7784],[12.84428,56.77835],[12.84425,56.77832],[12.84424,56.77828],[12.84421,56.77815],[12.8442,56.77811],[12.84417,56.77807],[12.8441,56.778],[12.8439,56.77783],[12.84383,56.77778],[12.8437,56.77771],[12.84365,56.77767],[12.8436,56.77761],[12.84177,56.77701],[12.84063,56.7764],[12.84011,56.77551],[12.84011,56.77551],[12.84011,56.77551],[12.84011,56.77551],[12.83744,56.77686],[12.83744,56.77686],[12.83744,56.77686],[12.83838,56.77792],[12.84203,56.78028]]],[[[12.84052,56.78639],[12.84052,56.78639],[12.84052,56.78639],[12.84106,56.78661],[12.84164,56.7868],[12.84215,56.78694],[12.84327,56.78722],[12.84472,56.78748],[12.84493,56.7875],[12.84497,56.78751],[12.84512,56.7875],[12.84532,56.7875],[12.84543,56.7875],[12.84551,56.7875],[12.84564,56.7875],[12.84581,56.78748],[12.8459,56.78746],[12.84603,56.78741],[12.84616,56.78735],[12.84626,56.78729],[12.84633,56.78722],[12.84638,56.78715],[12.84646,56.78703],[12.84648,56.78699],[12.84651,56.78693],[12.84654,56.78688],[12.84657,56.7868],[12.84661,56.78667],[12.84664,56.78652],[12.84671,56.78627],[12.84674,56.78614],[12.84678,56.78601],[12.84682,56.78594],[12.84686,56.78588],[12.8469,56.78581],[12.84695,56.78574],[12.84705,56.78555],[12.84717,56.78532],[12.84726,56.78514],[12.84732,56.78501],[12.84738,56.78485],[12.84745,56.78463],[12.84748,56.78457],[12.84756,56.78444],[12.84762,56.78438],[12.84773,56.78428],[12.84796,56.78412],[12.84796,56.78412],[12.84796,56.78412],[12.84599,56.78284],[12.84599,56.78284],[12.84101,56.78298],[12.84007,56.783],[12.83975,56.78314],[12.83722,56.78418],[12.83698,56.78427],[12.83698,56.78427],[12.83698,56.78427],[12.83698,56.78428],[12.83713,56.78435],[12.8373,56.78446],[12.83742,56.78453],[12.83789,56.78484],[12.8385,56.78525],[12.83907,56.78561],[12.83923,56.7857],[12.83969,56.78598],[12.83998,56.78614],[12.83998,56.78614],[12.83998,56.78614],[12.84068,56.78555],[12.84127,56.78577],[12.84052,56.78639]]],[[[12.84836,56.7791],[12.84807,56.77957],[12.84807,56.77957],[12.84812,56.77977],[12.84812,56.77977],[12.84849,56.77998],[12.84787,56.78026],[12.84787,56.78026],[12.84783,56.78034],[12.84802,56.78059],[12.84802,56.78059],[12.84802,56.78059],[12.84907,56.78029],[12.85218,56.77939],[12.85255,56.77976],[12.8526,56.77988],[12.85259,56.78014],[12.85262,56.78033],[12.85263,56.78037],[12.85257,56.78047],[12.85238,56.78058],[12.85215,56.78067],[12.85158,56.78067],[12.85137,56.78063],[12.85114,56.78058],[12.85101,56.78055],[12.85101,56.78055],[12.85088,56.78058],[12.85077,56.7807],[12.85067,56.78081],[12.85067,56.78081],[12.85067,56.78091],[12.85074,56.78096],[12.85111,56.78113],[12.85155,56.78132],[12.85186,56.78144],[12.85219,56.7816],[12.85232,56.78172],[12.85235,56.78181],[12.85233,56.78196],[12.85235,56.78208],[12.85239,56.7822],[12.85257,56.78233],[12.85277,56.78251],[12.85296,56.78273],[12.85314,56.78306],[12.85323,56.78319],[12.85331,56.78331],[12.8533,56.78343],[12.85327,56.7835],[12.85319,56.78355],[12.85304,56.7836],[12.85281,56.78367],[12.8526,56.78375],[12.85252,56.78379],[12.85252,56.78379],[12.85252,56.7838],[12.85267,56.78382],[12.85318,56.78391],[12.85661,56.78347],[12.85732,56.78346],[12.85754,56.7841],[12.85773,56.7847],[12.8573,56.78527],[12.85736,56.78565],[12.85696,56.78595],[12.85696,56.78664],[12.85697,56.78664],[12.85732,56.78676],[12.8572,56.7872],[12.85716,56.78763],[12.85685,56.78774],[12.85685,56.78774],[12.85685,56.78774],[12.85717,56.78809],[12.85705,56.78827],[12.85705,56.78827],[12.85742,56.78876],[12.85771,56.78899],[12.85908,56.79127],[12.85915,56.79176],[12.85936,56.79204],[12.85899,56.79209],[12.85858,56.79196],[12.85825,56.7918],[12.85825,56.7918],[12.85698,56.79204],[12.85698,56.79204],[12.85662,56.79289],[12.85674,56.79334],[12.85792,56.79541],[12.85792,56.79541],[12.85984,56.796],[12.85984,56.796],[12.85984,56.796],[12.86005,56.79593],[12.86203,56.79519],[12.86217,56.79525],[12.86239,56.79536],[12.86258,56.79545],[12.8632,56.7957],[12.86357,56.79582],[12.86404,56.79593],[12.86445,56.79606],[12.86465,56.79614],[12.86505,56.79635],[12.86519,56.7964],[12.86533,56.79643],[12.86549,56.79644],[12.8656,56.79643],[12.86573,56.79638],[12.86583,56.79632],[12.86663,56.79676],[12.86865,56.79674],[12.87,56.7985],[12.86803,56.79849],[12.86803,56.79849],[12.86803,56.7985],[12.86792,56.79861],[12.86769,56.79873],[12.86752,56.79879],[12.8674,56.79886],[12.86735,56.79892],[12.86729,56.79909],[12.86718,56.7992],[12.86708,56.79935],[12.86662,56.79937],[12.86635,56.79952],[12.86571,56.79976],[12.86571,56.79976],[12.86571,56.79976],[12.86578,56.79987],[12.86513,56.80021],[12.86513,56.80021],[12.86513,56.80021],[12.86581,56.80065],[12.86527,56.8009],[12.86512,56.80109],[12.86512,56.80109],[12.86571,56.80164],[12.86599,56.80208],[12.86609,56.80272],[12.86623,56.80308],[12.8668,56.80417],[12.86672,56.80479],[12.86706,56.80542],[12.86721,56.80565],[12.86722,56.80582],[12.86711,56.80623],[12.86664,56.80679],[12.86592,56.80728],[12.86592,56.80728],[12.86592,56.80728],[12.86593,56.80728],[12.86746,56.80774],[12.86657,56.80849],[12.86657,56.80849],[12.86657,56.80849],[12.86764,56.80952],[12.86791,56.80992],[12.86829,56.81037],[12.8687,56.81084],[12.86908,56.81108],[12.86887,56.81124],[12.86887,56.81124],[12.86887,56.81124],[12.87061,56.81198],[12.86862,56.81346],[12.86846,56.81358],[12.86846,56.81358],[12.86846,56.81358],[12.86938,56.81395],[12.87267,56.81539],[12.87268,56.81539],[12.87268,56.81539],[12.87361,56.8149],[12.87378,56.81481],[12.87394,56.815],[12.87432,56.81516],[12.87441,56.81528],[12.87454,56.81563],[12.87518,56.81603],[12.87518,56.81603],[12.87518,56.81603],[12.87518,56.81603],[12.87541,56.81593],[12.87552,56.81589],[12.87573,56.81584],[12.87573,56.81584],[12.87573,56.81584],[12.87571,56.81576],[12.87576,56.81571],[12.87576,56.81571],[12.87574,56.81568],[12.87592,56.81561],[12.87631,56.8155],[12.87664,56.81545],[12.87673,56.81543],[12.87687,56.81535],[12.87697,56.81533],[12.87708,56.81531],[12.87716,56.81525],[12.8772,56.81524],[12.87731,56.81524],[12.87732,56.81523],[12.87732,56.81523],[12.87732,56.8152],[12.87738,56.81503],[12.8775,56.81485],[12.87756,56.81479],[12.87756,56.81478],[12.87756,56.81478],[12.87756,56.81478],[12.87669,56.81471],[12.87626,56.81439],[12.8758,56.81424],[12.87535,56.81416],[12.87535,56.81416],[12.87535,56.81416],[12.87517,56.81437],[12.87499,56.81417],[12.87486,56.81398],[12.87481,56.81392],[12.87449,56.8136],[12.87435,56.81348],[12.87428,56.81344],[12.87415,56.81336],[12.87399,56.81328],[12.87505,56.81273],[12.87533,56.81293],[12.87575,56.81306],[12.876,56.81309],[12.876,56.81309],[12.87637,56.813],[12.87646,56.81292],[12.87646,56.81292],[12.87646,56.81292],[12.87635,56.81286],[12.87626,56.8128],[12.87621,56.81275],[12.87615,56.81267],[12.87609,56.8125],[12.87608,56.81239],[12.87609,56.81234],[12.87613,56.81226],[12.8763,56.81192],[12.87633,56.81185],[12.87639,56.81165],[12.87641,56.81152],[12.87643,56.81127],[12.87644,56.81113],[12.8765,56.81087],[12.87659,56.81064],[12.87668,56.81049],[12.87672,56.81042],[12.8768,56.81036],[12.8769,56.81029],[12.87701,56.81024],[12.87711,56.8102],[12.87721,56.81016],[12.87736,56.81012],[12.87736,56.81012],[12.87736,56.81012],[12.87653,56.80955],[12.87653,56.80955],[12.87653,56.80955],[12.87626,56.80967],[12.87563,56.80958],[12.87563,56.80958],[12.87549,56.80965],[12.87542,56.80974],[12.87532,56.80984],[12.87471,56.81015],[12.87287,56.80973],[12.87223,56.8088],[12.87324,56.80847],[12.87324,56.80847],[12.87324,56.80847],[12.87303,56.80794],[12.87336,56.80759],[12.87336,56.80759],[12.87112,56.80632],[12.87032,56.80621],[12.87048,56.80565],[12.87038,56.8054],[12.87013,56.8045],[12.87007,56.80404],[12.87019,56.80364],[12.87016,56.8035],[12.8703,56.80323],[12.87057,56.80305],[12.87088,56.80293],[12.87394,56.80227],[12.876,56.80276],[12.87645,56.8042],[12.87666,56.80503],[12.87706,56.80575],[12.87983,56.80816],[12.87983,56.80816],[12.87983,56.80816],[12.87983,56.80816],[12.88129,56.80622],[12.88218,56.80655],[12.88218,56.80655],[12.88218,56.80655],[12.89045,56.80525],[12.89147,56.80698],[12.89276,56.80929],[12.89327,56.81016],[12.89424,56.81203],[12.89482,56.8131],[12.89545,56.81461],[12.89545,56.81461],[12.89545,56.81461],[12.89545,56.81461],[12.91171,56.812],[12.91171,56.812],[12.91171,56.812],[12.91057,56.80918],[12.9113,56.80904],[12.91173,56.81023],[12.9122,56.8107],[12.91273,56.81111],[12.91335,56.81137],[12.91391,56.81191],[12.91429,56.81283],[12.91234,56.81359],[12.91234,56.81359],[12.91234,56.81359],[12.91382,56.81721],[12.91382,56.81722],[12.91633,56.81855],[12.91633,56.81855],[12.91633,56.81855],[12.91997,56.81405],[12.92015,56.81398],[12.92028,56.81384],[12.92028,56.81384],[12.92026,56.8138],[12.92045,56.81363],[12.92117,56.81257],[12.92066,56.81053],[12.92031,56.80924],[12.92173,56.80831],[12.92182,56.80798],[12.92005,56.80542],[12.92033,56.80485],[12.92051,56.80484],[12.92057,56.80481],[12.9207,56.80473],[12.92081,56.80468],[12.9209,56.80458],[12.92095,56.8044],[12.92088,56.80418],[12.92094,56.80414],[12.92097,56.80411],[12.9211,56.80402],[12.9211,56.80401],[12.92101,56.80387],[12.921,56.80382],[12.92103,56.80364],[12.92099,56.80352],[12.92078,56.8034],[12.92065,56.80337],[12.92056,56.8033],[12.92033,56.80306],[12.92012,56.80294],[12.92005,56.80292],[12.91987,56.80285],[12.91966,56.80276],[12.91959,56.8027],[12.9195,56.8026],[12.91943,56.80247],[12.91941,56.80238],[12.91925,56.80214],[12.91913,56.80205],[12.91897,56.80183],[12.91887,56.80173],[12.9186,56.80158],[12.91852,56.80153],[12.91843,56.80136],[12.91828,56.80127],[12.91819,56.80098],[12.91815,56.80094],[12.91811,56.80093],[12.91811,56.80093],[12.91202,56.80147],[12.90619,56.80199],[12.90567,56.80086],[12.90517,56.8003],[12.90485,56.80004],[12.90422,56.79938],[12.9039,56.79905],[12.90332,56.79858],[12.90263,56.79804],[12.90214,56.79767],[12.90138,56.7972],[12.90138,56.7972],[12.90101,56.79722],[12.89723,56.79551],[12.89723,56.79551],[12.89723,56.79551],[12.89353,56.79746],[12.88556,56.79159],[12.88754,56.79057],[12.88754,56.79057],[12.88737,56.7902],[12.88737,56.7902],[12.88737,56.7902],[12.88605,56.79018],[12.88591,56.79016],[12.88576,56.79011],[12.88512,56.7899],[12.88418,56.78967],[12.88398,56.78964],[12.88459,56.78956],[12.88459,56.78956],[12.88459,56.78956],[12.8843,56.78915],[12.88396,56.78851],[12.88384,56.78814],[12.88362,56.78763],[12.88345,56.78744],[12.88279,56.78687],[12.8826,56.7867],[12.88249,56.78651],[12.88249,56.78643],[12.88254,56.7863],[12.88276,56.78608],[12.88284,56.78597],[12.88607,56.78645],[12.88762,56.78669],[12.88762,56.78669],[12.89187,56.78433],[12.89187,56.78433],[12.89114,56.78258],[12.89284,56.78207],[12.89314,56.7824],[12.89356,56.78267],[12.89356,56.78267],[12.89421,56.78261],[12.89421,56.78261],[12.89421,56.78261],[12.89453,56.7818],[12.89575,56.78143],[12.89724,56.78321],[12.89724,56.78321],[12.89788,56.7833],[12.89851,56.78366],[12.8985,56.7856],[12.89663,56.78687],[12.89663,56.78687],[12.89663,56.78687],[12.8977,56.7875],[12.89863,56.7881],[12.89863,56.7881],[12.89993,56.78798],[12.90035,56.78791],[12.90058,56.78784],[12.90082,56.78774],[12.90097,56.78766],[12.90135,56.7874],[12.90145,56.78735],[12.90157,56.78735],[12.90157,56.78735],[12.90157,56.78734],[12.90157,56.78723],[12.90146,56.78671],[12.90134,56.78618],[12.90123,56.78562],[12.90113,56.78513],[12.90101,56.78455],[12.90103,56.78441],[12.90111,56.78426],[12.90469,56.78383],[12.90469,56.78383],[12.90469,56.78383],[12.90471,56.78368],[12.90471,56.78345],[12.9047,56.78323],[12.90468,56.78305],[12.90468,56.78305],[12.90468,56.78305],[12.9039,56.78306],[12.90225,56.78275],[12.89997,56.7826],[12.89876,56.78242],[12.89878,56.78235],[12.89889,56.78211],[12.89891,56.78195],[12.89889,56.78182],[12.89883,56.78176],[12.89867,56.78166],[12.89825,56.78146],[12.8977,56.78122],[12.89722,56.78102],[12.89708,56.78096],[12.89697,56.78089],[12.89691,56.7808],[12.89685,56.78066],[12.89678,56.78037],[12.89663,56.77989],[12.89657,56.77969],[12.89651,56.77959],[12.8964,56.77946],[12.89621,56.7793],[12.89607,56.7792],[12.89596,56.77911],[12.89596,56.77911],[12.89596,56.77911],[12.89591,56.77915],[12.8957,56.77888],[12.8957,56.77888],[12.8957,56.77888],[12.89468,56.77899],[12.89396,56.77888],[12.89341,56.77881],[12.89348,56.77869],[12.89348,56.77869],[12.89348,56.77869],[12.89284,56.7786],[12.89262,56.77856],[12.89236,56.77846],[12.89206,56.77834],[12.89182,56.77826],[12.89163,56.77822],[12.89149,56.77814],[12.89135,56.77809],[12.89118,56.77803],[12.89096,56.77798],[12.89085,56.77793],[12.89059,56.77785],[12.89048,56.7778],[12.89032,56.77774],[12.88998,56.77768],[12.88982,56.77768],[12.88966,56.77769],[12.88907,56.77779],[12.88864,56.7778],[12.88824,56.77781],[12.88812,56.77783],[12.88786,56.77792],[12.88736,56.77799],[12.88694,56.77808],[12.88667,56.7781],[12.88423,56.77788],[12.88337,56.7778],[12.88337,56.7778],[12.8718,56.77998],[12.8704,56.7797],[12.86986,56.77913],[12.86986,56.77913],[12.86985,56.77913],[12.86928,56.77927],[12.86875,56.77922],[12.86819,56.77916],[12.86759,56.77906],[12.8672,56.77901],[12.8669,56.77886],[12.86676,56.77881],[12.86677,56.77878],[12.86677,56.77878],[12.86655,56.77866],[12.86601,56.77858],[12.86488,56.77822],[12.86356,56.77811],[12.86341,56.77798],[12.86341,56.77798],[12.86238,56.77811],[12.86136,56.77811],[12.86123,56.77803],[12.86121,56.77801],[12.86116,56.77799],[12.86111,56.77799],[12.86105,56.77795],[12.86102,56.77793],[12.86092,56.77789],[12.86082,56.77786],[12.86069,56.77783],[12.86055,56.77783],[12.86048,56.77783],[12.86041,56.77783],[12.8602,56.77777],[12.86002,56.77771],[12.85982,56.77765],[12.85937,56.77757],[12.85929,56.77758],[12.85928,56.77758],[12.85926,56.77761],[12.85926,56.77763],[12.85917,56.77771],[12.8591,56.77771],[12.85891,56.77765],[12.85878,56.77762],[12.85871,56.77762],[12.85864,56.77761],[12.8584,56.77755],[12.85818,56.77746],[12.85808,56.77739],[12.85808,56.77739],[12.85801,56.77739],[12.85785,56.77736],[12.85776,56.77735],[12.85769,56.77735],[12.85759,56.77736],[12.85712,56.77749],[12.85644,56.77745],[12.85632,56.77745],[12.85627,56.77743],[12.85625,56.77739],[12.85622,56.77734],[12.85612,56.77719],[12.85608,56.77695],[12.85606,56.77691],[12.8561,56.77687],[12.85629,56.77661],[12.85637,56.77652],[12.85661,56.77645],[12.85661,56.77645],[12.85673,56.77632],[12.85698,56.77602],[12.85714,56.77584],[12.85714,56.77584],[12.85712,56.77577],[12.8572,56.77552],[12.8572,56.77545],[12.85723,56.77527],[12.85724,56.77516],[12.85724,56.77516],[12.85724,56.77515],[12.85702,56.77514],[12.85678,56.77492],[12.85663,56.77413],[12.85651,56.77344],[12.85651,56.77344],[12.85507,56.77319],[12.85507,56.7732],[12.85507,56.7732],[12.85466,56.77371],[12.85421,56.77422],[12.85398,56.77528],[12.85391,56.77563],[12.85391,56.77563],[12.85391,56.77563],[12.85518,56.7761],[12.85497,56.77649],[12.85362,56.77732],[12.8535,56.7774],[12.85351,56.77741],[12.85374,56.77759],[12.8543,56.77791],[12.85406,56.77813],[12.85367,56.77794],[12.85348,56.77788],[12.85321,56.77782],[12.85297,56.77776],[12.85297,56.77776],[12.85297,56.77776],[12.85272,56.77815],[12.85184,56.77805],[12.85171,56.7778],[12.85171,56.7778],[12.85171,56.7778],[12.85132,56.77773],[12.85105,56.7777],[12.85028,56.77768],[12.85027,56.77768],[12.85027,56.77768],[12.85027,56.77768],[12.85048,56.77797],[12.8508,56.7785],[12.85042,56.77844],[12.85016,56.77832],[12.84963,56.7782],[12.84918,56.77818],[12.84874,56.77821],[12.84861,56.7782],[12.84845,56.77823],[12.84805,56.77818],[12.84804,56.77817],[12.84804,56.77817],[12.84705,56.77847],[12.84635,56.77861],[12.84635,56.77861],[12.84635,56.77861],[12.84635,56.77861],[12.84744,56.77883],[12.84818,56.77898],[12.84836,56.7791]],[[12.88184,56.78135],[12.88098,56.78133],[12.8804,56.78064],[12.88194,56.78071],[12.88184,56.78135]],[[12.89471,56.79749],[12.89508,56.79716],[12.89624,56.79778],[12.89537,56.79833],[12.89458,56.79795],[12.89471,56.79749]]]]},"properties":{"NVRID":"2026672","NAMN":"Biskopstorp","SKYDDSTYP":"Naturreservat","LAN":"Hallands Län","KOMMUN":"Halmstad","IUCNKATEGORI":"IV, Habitat/Artskyddsområde (Habitat/Species Management Area)","FORVALTARE":"Länsstyrelsen i Hallands län","AREA_HA":954.333,"URSPR_BESLUTSDATUM":"2011-04-13"}},{"type":"Feature","geometry":{"type":"MultiPolygon","coordinates":[[[[11.94826,57.34226],[11.94843,57.34228],[11.94843,57.34228],[11.94844,57.34228],[11.94848,57.34219],[11.94848,57.34219],[11.94843,57.34216],[11.94843,57.34216],[11.94826,57.34215],[11.94826,57.34215],[11.94816,57.34218],[11.94816,57.34218],[11.94815,57.34222],[11.94815,57.34222],[11.94826,57.34226],[11.94826,57.34226]]],[[[11.97209,57.33751],[11.97209,57.33751],[11.97212,57.33752],[11.97212,57.33752],[11.97217,57.33751],[11.97235,57.33744],[11.97257,57.33734],[11.97257,57.33734],[11.97261,57.3372],[11.97263,57.33715],[11.97259,57.3371],[11.97255,57.33705],[11.97247,57.33701],[11.97247,57.33701],[11.97239,57.33701],[11.97239,57.33701],[11.97239,57.33701],[11.97239,57.33701],[11.97238,57.33707],[11.97232,57.33707],[11.97226,57.33707],[11.97212,57.3371],[11.97205,57.3371],[11.97199,57.33712],[11.97192,57.33711],[11.97189,57.33707],[11.97186,57.33703],[11.97195,57.33699],[11.97207,57.33695],[11.97216,57.33691],[11.97216,57.33691],[11.97216,57.3369],[11.97213,57.33685],[11.97208,57.33683],[11.97208,57.33683],[11.97201,57.33683],[11.972,57.33683],[11.97189,57.33691],[11.97186,57.33693],[11.97175,57.33694],[11.97168,57.33698],[11.9716,57.33701],[11.9715,57.33706],[11.9715,57.33707],[11.97149,57.33716],[11.97149,57.33716],[11.97161,57.33727],[11.97161,57.33727],[11.9718,57.33729],[11.97209,57.33751]]],[[[11.94693,57.34118],[11.94693,57.34118],[11.94696,57.34133],[11.94706,57.34146],[11.947,57.34158],[11.947,57.34158],[11.94709,57.34166],[11.94705,57.34179],[11.94701,57.34186],[11.94703,57.3419],[11.94704,57.3419],[11.94713,57.34193],[11.94722,57.34193],[11.94722,57.34193],[11.9473,57.34188],[11.94737,57.34186],[11.94744,57.34188],[11.94745,57.34191],[11.94745,57.34192],[11.94745,57.34192],[11.94757,57.34192],[11.94759,57.34198],[11.94761,57.34206],[11.94761,57.34206],[11.94761,57.34206],[11.94761,57.34206],[11.94774,57.34205],[11.94774,57.34205],[11.94791,57.34189],[11.94798,57.34176],[11.94807,57.34165],[11.94811,57.34151],[11.94806,57.34129],[11.94781,57.34119],[11.94759,57.34115],[11.94754,57.3411],[11.9474,57.34092],[11.94725,57.34082],[11.94725,57.34082],[11.94708,57.34081],[11.94708,57.34081],[11.94708,57.34081],[11.94695,57.34088],[11.9469,57.34098],[11.94693,57.34103],[11.94698,57.34114],[11.94693,57.34118]]],[[[11.93504,57.34181],[11.93504,57.34183],[11.93504,57.34184],[11.93507,57.34188],[11.9351,57.3419],[11.9351,57.3419],[11.9352,57.3419],[11.93525,57.3419],[11.93533,57.34191],[11.93541,57.34192],[11.93548,57.34194],[11.93557,57.34198],[11.93566,57.34201],[11.9357,57.34205],[11.93574,57.34208],[11.93576,57.3421],[11.93583,57.34212],[11.93583,57.34212],[11.93591,57.34211],[11.93605,57.3421],[11.93614,57.34207],[11.93619,57.34204],[11.93625,57.34202],[11.93637,57.34201],[11.93643,57.342],[11.93654,57.34202],[11.93661,57.34204],[11.93667,57.34205],[11.93673,57.34206],[11.9368,57.34206],[11.93686,57.34205],[11.93686,57.34205],[11.93689,57.34203],[11.93697,57.34204],[11.93702,57.34205],[11.93705,57.34207],[11.93709,57.3421],[11.93713,57.34212],[11.93713,57.34212],[11.93721,57.34211],[11.93725,57.34209],[11.93734,57.34206],[11.93739,57.34203],[11.93745,57.34202],[11.93753,57.34202],[11.93764,57.34203],[11.93768,57.34205],[11.93776,57.34211],[11.93783,57.34213],[11.93788,57.34215],[11.93791,57.34218],[11.93798,57.34218],[11.93802,57.34219],[11.93805,57.34222],[11.93808,57.34224],[11.93808,57.34224],[11.93812,57.34224],[11.93812,57.34224],[11.93815,57.3422],[11.93817,57.34219],[11.93825,57.34221],[11.93831,57.34224],[11.93834,57.34226],[11.93837,57.34228],[11.93843,57.34231],[11.93843,57.34231],[11.93849,57.3423],[11.93854,57.34235],[11.93854,57.34239],[11.93849,57.34241],[11.93842,57.34239],[11.93834,57.34238],[11.93823,57.34237],[11.93818,57.34233],[11.93818,57.34233],[11.93818,57.34233],[11.93818,57.34233],[11.93815,57.34234],[11.93813,57.34238],[11.93808,57.3424],[11.93802,57.34241],[11.93794,57.34241],[11.93794,57.34241],[11.93788,57.34244],[11.93782,57.34245],[11.93774,57.34243],[11.93767,57.34243],[11.93762,57.34242],[11.93762,57.34242],[11.93762,57.34242],[11.93757,57.34244],[11.93757,57.34244],[11.93757,57.34244],[11.93759,57.34248],[11.93763,57.34251],[11.93765,57.34257],[11.93765,57.34259],[11.93765,57.34259],[11.93771,57.34261],[11.93768,57.34264],[11.93771,57.34268],[11.93775,57.34271],[11.93783,57.34273],[11.9379,57.34272],[11.93793,57.34271],[11.93799,57.34269],[11.93803,57.34266],[11.93803,57.34266],[11.93803,57.34266],[11.93801,57.34263],[11.93801,57.34263],[11.93798,57.34262],[11.93797,57.3426],[11.93794,57.34258],[11.93794,57.34257],[11.9379,57.34256],[11.93788,57.34254],[11.93789,57.3425],[11.93794,57.34249],[11.938,57.3425],[11.93806,57.34251],[11.9381,57.34254],[11.93813,57.34259],[11.93815,57.34265],[11.93816,57.34268],[11.93819,57.34272],[11.93822,57.34278],[11.93826,57.3428],[11.93827,57.34283],[11.9382,57.34284],[11.93813,57.34285],[11.93813,57.34285],[11.93808,57.34289],[11.93807,57.34292],[11.93808,57.34296],[11.93811,57.34299],[11.93811,57.34299],[11.93816,57.343],[11.93826,57.34303],[11.93834,57.34307],[11.93843,57.34312],[11.93848,57.34313],[11.93859,57.34324],[11.93865,57.34326],[11.93868,57.34331],[11.93873,57.34339],[11.93875,57.34346],[11.93879,57.34352],[11.93881,57.34355],[11.93889,57.34362],[11.93894,57.34365],[11.93895,57.34366],[11.93895,57.34366],[11.93901,57.34365],[11.93906,57.34365],[11.93914,57.34365],[11.93918,57.34364],[11.93926,57.34365],[11.93935,57.34368],[11.93941,57.34371],[11.93948,57.34377],[11.93948,57.34381],[11.9395,57.34387],[11.93953,57.34391],[11.93953,57.34391],[11.93953,57.34391],[11.93958,57.3439],[11.93963,57.34389],[11.9397,57.34391],[11.93972,57.34393],[11.93975,57.34398],[11.93977,57.34404],[11.93983,57.34409],[11.93986,57.34412],[11.93988,57.34418],[11.93992,57.34422],[11.93995,57.34424],[11.93995,57.34424],[11.94002,57.34423],[11.94008,57.34423],[11.94011,57.34426],[11.94015,57.34426],[11.94015,57.34426],[11.94015,57.34426],[11.94019,57.34423],[11.94022,57.34419],[11.94027,57.34416],[11.94031,57.34415],[11.94035,57.34413],[11.94035,57.34413],[11.94031,57.34407],[11.94024,57.34398],[11.94021,57.34396],[11.94025,57.34391],[11.94055,57.34367],[11.94059,57.34363],[11.94068,57.34362],[11.94076,57.34359],[11.94077,57.34353],[11.94085,57.34353],[11.94085,57.34353],[11.9409,57.34348],[11.94097,57.34345],[11.94102,57.34346],[11.94102,57.34346],[11.94109,57.34343],[11.94112,57.3434],[11.94121,57.3434],[11.9413,57.3434],[11.94139,57.3434],[11.94148,57.34341],[11.94155,57.34341],[11.94162,57.34342],[11.9417,57.34343],[11.94175,57.34345],[11.94184,57.34348],[11.94191,57.3435],[11.94198,57.34355],[11.94212,57.34363],[11.94217,57.34369],[11.94224,57.34377],[11.94237,57.34392],[11.94243,57.34403],[11.94246,57.34408],[11.9425,57.34413],[11.94254,57.34419],[11.94256,57.34421],[11.94255,57.34427],[11.94258,57.34433],[11.94256,57.34438],[11.94252,57.34442],[11.94248,57.34442],[11.9424,57.3444],[11.94233,57.34436],[11.94234,57.34433],[11.94232,57.34428],[11.94236,57.34426],[11.94236,57.34426],[11.94236,57.34426],[11.94232,57.34424],[11.9423,57.34423],[11.94229,57.34423],[11.94229,57.34423],[11.94225,57.34426],[11.94221,57.3443],[11.94215,57.34435],[11.94213,57.3444],[11.94215,57.34445],[11.94222,57.34449],[11.94228,57.34453],[11.94233,57.34456],[11.94239,57.34456],[11.94245,57.34458],[11.94253,57.34456],[11.94259,57.34454],[11.94266,57.34458],[11.94276,57.34464],[11.94286,57.34465],[11.94306,57.34468],[11.94322,57.34473],[11.94338,57.34478],[11.94346,57.34482],[11.94349,57.34483],[11.94349,57.34483],[11.94358,57.34482],[11.94366,57.34483],[11.94377,57.3449],[11.94377,57.3449],[11.94382,57.3449],[11.94401,57.34494],[11.94425,57.34501],[11.94438,57.34504],[11.94444,57.34509],[11.94444,57.34509],[11.94449,57.34509],[11.94456,57.34511],[11.94458,57.34516],[11.94461,57.34519],[11.94462,57.34519],[11.94469,57.3452],[11.94476,57.34521],[11.94478,57.34528],[11.94483,57.3453],[11.94488,57.34532],[11.94488,57.34539],[11.94487,57.34545],[11.94485,57.34549],[11.94485,57.34549],[11.94491,57.34553],[11.94494,57.34555],[11.94496,57.34559],[11.94493,57.34563],[11.94486,57.3456],[11.94478,57.34559],[11.94478,57.34559],[11.94468,57.34562],[11.94457,57.34564],[11.94452,57.34567],[11.94447,57.3457],[11.94447,57.3457],[11.94447,57.34571],[11.94454,57.34574],[11.94455,57.34578],[11.94451,57.34578],[11.94451,57.34579],[11.94451,57.34579],[11.94459,57.34586],[11.94462,57.34592],[11.94462,57.34592],[11.94462,57.34592],[11.94471,57.34592],[11.94484,57.34595],[11.94495,57.34598],[11.94503,57.34601],[11.94503,57.34601],[11.94517,57.346],[11.94528,57.346],[11.94528,57.346],[11.94535,57.34595],[11.94542,57.3459],[11.94548,57.34588],[11.94559,57.34588],[11.94568,57.34587],[11.94572,57.34585],[11.9458,57.34584],[11.946,57.34585],[11.94612,57.34585],[11.94622,57.34588],[11.94626,57.34592],[11.94626,57.34592],[11.94633,57.34594],[11.94643,57.34595],[11.94653,57.34598],[11.94661,57.34601],[11.94665,57.34605],[11.94665,57.34605],[11.94671,57.34605],[11.94683,57.34607],[11.9469,57.34609],[11.94696,57.34611],[11.94706,57.34611],[11.94709,57.34614],[11.94709,57.34614],[11.94722,57.34614],[11.94731,57.34613],[11.94741,57.34611],[11.94741,57.34611],[11.94743,57.34606],[11.94746,57.346],[11.94754,57.34597],[11.94765,57.34595],[11.9477,57.34591],[11.94775,57.34588],[11.94775,57.34588],[11.94778,57.34583],[11.94783,57.34578],[11.94785,57.34573],[11.9479,57.3457],[11.94796,57.34569],[11.94804,57.34568],[11.94808,57.34566],[11.94808,57.34566],[11.94807,57.34562],[11.94808,57.34552],[11.948,57.34544],[11.94797,57.3454],[11.94793,57.34533],[11.94787,57.34528],[11.94779,57.34527],[11.94779,57.34527],[11.94768,57.34528],[11.94762,57.34524],[11.94764,57.34518],[11.94768,57.34512],[11.9477,57.34506],[11.94774,57.34502],[11.94775,57.34496],[11.94782,57.34496],[11.94789,57.34495],[11.94795,57.34492],[11.94798,57.34489],[11.94809,57.34488],[11.94817,57.34486],[11.94825,57.34485],[11.94825,57.34485],[11.94827,57.34481],[11.94832,57.34478],[11.94843,57.34481],[11.9485,57.34484],[11.94863,57.34486],[11.94872,57.34488],[11.9488,57.34493],[11.94892,57.34496],[11.94905,57.34498],[11.94917,57.345],[11.94924,57.34505],[11.9493,57.34511],[11.94931,57.34515],[11.94933,57.34518],[11.94933,57.34518],[11.94941,57.34519],[11.94952,57.34526],[11.94952,57.34526],[11.9496,57.34525],[11.94972,57.34525],[11.94987,57.34525],[11.94998,57.34526],[11.95007,57.34529],[11.95015,57.34532],[11.95031,57.34538],[11.95047,57.34543],[11.95064,57.34547],[11.95076,57.3455],[11.95093,57.34554],[11.95104,57.34559],[11.95119,57.34562],[11.95152,57.34568],[11.95174,57.34573],[11.95184,57.34576],[11.95184,57.34576],[11.95184,57.34576],[11.9519,57.34573],[11.95202,57.34576],[11.95215,57.34577],[11.95241,57.34578],[11.95258,57.34577],[11.95276,57.34577],[11.95289,57.34578],[11.95296,57.34575],[11.95309,57.34574],[11.95322,57.34576],[11.95332,57.34574],[11.95349,57.34572],[11.9536,57.34569],[11.9537,57.3457],[11.95379,57.34566],[11.9539,57.34563],[11.95401,57.34562],[11.95414,57.3456],[11.95414,57.3456],[11.95417,57.34556],[11.95427,57.34554],[11.95437,57.34553],[11.95453,57.34549],[11.9546,57.34546],[11.95487,57.3454],[11.95513,57.34535],[11.95533,57.3453],[11.95543,57.34523],[11.95559,57.34515],[11.95578,57.34509],[11.95597,57.34504],[11.95623,57.34496],[11.95647,57.34488],[11.95666,57.34482],[11.95684,57.34474],[11.957,57.34471],[11.95718,57.34464],[11.95731,57.34464],[11.95746,57.34458],[11.95758,57.34455],[11.95771,57.34456],[11.95795,57.3445],[11.95821,57.34448],[11.9585,57.34443],[11.95874,57.3444],[11.95909,57.34435],[11.95933,57.34431],[11.95948,57.34426],[11.95968,57.34424],[11.95978,57.34421],[11.95988,57.34415],[11.95994,57.34413],[11.9601,57.34411],[11.96017,57.34406],[11.96029,57.34398],[11.96037,57.34397],[11.96046,57.34394],[11.96056,57.34388],[11.96074,57.34384],[11.96093,57.34381],[11.96112,57.34379],[11.96126,57.34377],[11.9614,57.34376],[11.96148,57.34376],[11.96163,57.34376],[11.96176,57.34375],[11.96189,57.34373],[11.96202,57.34373],[11.96211,57.34373],[11.9622,57.34374],[11.96227,57.34376],[11.96235,57.34381],[11.96259,57.3439],[11.96272,57.34396],[11.96278,57.34402],[11.96278,57.34402],[11.96286,57.34404],[11.96297,57.34406],[11.96304,57.34409],[11.96309,57.34414],[11.96309,57.34414],[11.96317,57.34417],[11.96326,57.34419],[11.96339,57.34424],[11.96352,57.34429],[11.96364,57.34433],[11.96376,57.34434],[11.96391,57.34433],[11.96408,57.34434],[11.96423,57.34436],[11.96442,57.34436],[11.96461,57.34435],[11.96471,57.34435],[11.96482,57.34434],[11.96492,57.34436],[11.96492,57.34436],[11.96541,57.34434],[11.96548,57.34433],[11.96548,57.34433],[11.96552,57.34428],[11.96555,57.34426],[11.96564,57.34424],[11.96566,57.34421],[11.96568,57.34414],[11.96569,57.3441],[11.96569,57.34406],[11.96573,57.34403],[11.96578,57.34402],[11.96578,57.34402],[11.96584,57.34399],[11.96587,57.34396],[11.96589,57.34392],[11.9659,57.34387],[11.96591,57.34382],[11.96596,57.3438],[11.966,57.34377],[11.96612,57.34373],[11.96626,57.34368],[11.96642,57.34363],[11.96658,57.3436],[11.96671,57.34357],[11.96688,57.34355],[11.96698,57.34352],[11.96711,57.3435],[11.96716,57.34348],[11.96729,57.34347],[11.96744,57.34345],[11.96754,57.34345],[11.96761,57.34348],[11.96769,57.34349],[11.96779,57.34349],[11.96787,57.34349],[11.96791,57.34351],[11.96791,57.34351],[11.96801,57.34351],[11.96816,57.34353],[11.96836,57.34356],[11.96853,57.34358],[11.96868,57.34359],[11.96878,57.3436],[11.9689,57.34362],[11.96899,57.34363],[11.96907,57.34364],[11.96914,57.34366],[11.96935,57.34368],[11.96949,57.34368],[11.96963,57.34367],[11.96978,57.34366],[11.96988,57.34364],[11.96988,57.34364],[11.96988,57.34364],[11.96989,57.34361],[11.96987,57.34356],[11.96991,57.34353],[11.96991,57.34353],[11.96991,57.34346],[11.96992,57.34344],[11.9699,57.34339],[11.96985,57.34334],[11.96984,57.34329],[11.96987,57.34322],[11.96988,57.34314],[11.9699,57.34307],[11.96994,57.34297],[11.96994,57.34292],[11.96998,57.3429],[11.97002,57.34287],[11.97003,57.34282],[11.97001,57.34277],[11.97002,57.34272],[11.97009,57.34268],[11.97014,57.34261],[11.97014,57.34256],[11.97016,57.34252],[11.97026,57.34247],[11.97029,57.34243],[11.97029,57.34238],[11.97029,57.34235],[11.97023,57.34228],[11.9702,57.34223],[11.97023,57.34217],[11.97025,57.34212],[11.97018,57.34205],[11.97015,57.34197],[11.97015,57.34189],[11.97014,57.3418],[11.97016,57.34175],[11.97015,57.34169],[11.97017,57.34163],[11.9702,57.34157],[11.97019,57.3415],[11.97023,57.34146],[11.97027,57.34141],[11.9703,57.34137],[11.97038,57.34133],[11.97044,57.3413],[11.97051,57.34126],[11.97057,57.34123],[11.97071,57.34121],[11.97082,57.34118],[11.97094,57.34115],[11.97104,57.34111],[11.97117,57.3411],[11.97128,57.34109],[11.97142,57.34106],[11.97154,57.34103],[11.97162,57.341],[11.97172,57.34097],[11.97174,57.341],[11.97179,57.34102],[11.97179,57.34102],[11.97179,57.34102],[11.97182,57.341],[11.97189,57.34098],[11.97194,57.34096],[11.97197,57.34094],[11.97199,57.3409],[11.972,57.34086],[11.97201,57.34084],[11.9721,57.3408],[11.97221,57.34073],[11.9723,57.34071],[11.97236,57.3407],[11.97243,57.34069],[11.97243,57.34069],[11.97244,57.34066],[11.97247,57.34063],[11.97253,57.34061],[11.97256,57.34059],[11.97259,57.34055],[11.9726,57.34051],[11.97261,57.34046],[11.97265,57.34041],[11.97271,57.34038],[11.97274,57.34035],[11.97274,57.34031],[11.97275,57.34021],[11.97281,57.34015],[11.97281,57.34009],[11.97283,57.34006],[11.97285,57.34001],[11.97287,57.33999],[11.97287,57.33999],[11.97287,57.33999],[11.97279,57.33998],[11.97274,57.33997],[11.97274,57.33994],[11.97274,57.33987],[11.97281,57.33987],[11.97285,57.33987],[11.9729,57.33985],[11.9729,57.33985],[11.97291,57.33981],[11.97288,57.33977],[11.97286,57.33972],[11.97289,57.33964],[11.97289,57.33957],[11.97293,57.33953],[11.97298,57.33949],[11.97302,57.33945],[11.97303,57.33939],[11.97303,57.33939],[11.97299,57.33937],[11.97294,57.33936],[11.97283,57.33936],[11.97273,57.33935],[11.97261,57.33933],[11.97254,57.33927],[11.97246,57.33923],[11.97243,57.3392],[11.97245,57.33915],[11.97248,57.33911],[11.97253,57.33909],[11.97253,57.33909],[11.97252,57.33905],[11.9725,57.33901],[11.97246,57.339],[11.97246,57.339],[11.97246,57.339],[11.97242,57.33903],[11.97238,57.33905],[11.97234,57.33905],[11.9723,57.33903],[11.97225,57.33904],[11.97225,57.33904],[11.97219,57.33906],[11.97216,57.33908],[11.97212,57.3391],[11.97205,57.3391],[11.97202,57.33908],[11.97202,57.33904],[11.97199,57.33898],[11.97198,57.33894],[11.97203,57.33893],[11.97208,57.33893],[11.97212,57.33891],[11.97212,57.33891],[11.97211,57.33887],[11.97212,57.33885],[11.97217,57.33883],[11.97219,57.3388],[11.97219,57.3388],[11.97208,57.33876],[11.97201,57.3387],[11.97197,57.33868],[11.97193,57.33862],[11.97189,57.33855],[11.97188,57.33852],[11.97183,57.33848],[11.97182,57.33845],[11.97187,57.33844],[11.97187,57.33844],[11.97187,57.33844],[11.97185,57.33841],[11.97186,57.33838],[11.97187,57.33835],[11.97187,57.33835],[11.97168,57.33829],[11.97163,57.33828],[11.97158,57.33823],[11.97155,57.33822],[11.97155,57.33822],[11.97142,57.33823],[11.97137,57.33824],[11.97131,57.33825],[11.97123,57.33824],[11.9712,57.33822],[11.97116,57.33819],[11.97113,57.33817],[11.97107,57.33816],[11.97107,57.33817],[11.97101,57.33818],[11.97095,57.3382],[11.9709,57.33819],[11.97084,57.33819],[11.97078,57.33817],[11.97078,57.33817],[11.97078,57.33817],[11.97069,57.33818],[11.97064,57.3382],[11.9706,57.33823],[11.97055,57.33822],[11.97053,57.3382],[11.97053,57.3382],[11.97042,57.3382],[11.97034,57.33818],[11.97034,57.33818],[11.97027,57.33818],[11.9702,57.33816],[11.9702,57.33816],[11.97013,57.33819],[11.97008,57.33821],[11.97005,57.33823],[11.96996,57.33826],[11.96993,57.33831],[11.96991,57.33835],[11.96983,57.33837],[11.96974,57.33841],[11.96973,57.33843],[11.9697,57.33847],[11.96966,57.3385],[11.96954,57.33852],[11.96945,57.33852],[11.96938,57.33853],[11.96933,57.33857],[11.96932,57.33862],[11.96932,57.33866],[11.96932,57.33866],[11.96936,57.33868],[11.96941,57.33873],[11.96944,57.33878],[11.96944,57.33882],[11.96936,57.33884],[11.96929,57.33885],[11.96921,57.33887],[11.96916,57.33887],[11.96909,57.33889],[11.96903,57.33893],[11.969,57.33896],[11.96896,57.33899],[11.96892,57.33901],[11.96887,57.33906],[11.96883,57.3391],[11.96875,57.33909],[11.96864,57.33908],[11.96857,57.33909],[11.96851,57.33908],[11.96851,57.33908],[11.96851,57.33908],[11.96851,57.33908],[11.96851,57.33912],[11.9685,57.33918],[11.96844,57.33919],[11.96835,57.33919],[11.96831,57.33917],[11.96834,57.33912],[11.96838,57.33906],[11.96842,57.33902],[11.96846,57.339],[11.96849,57.33899],[11.96849,57.33899],[11.96849,57.33894],[11.9685,57.33891],[11.96849,57.33887],[11.96849,57.33887],[11.96849,57.33887],[11.96844,57.33887],[11.96841,57.33887],[11.96838,57.33889],[11.96838,57.33889],[11.96838,57.33889],[11.96842,57.33892],[11.96835,57.33895],[11.96829,57.33897],[11.96821,57.33898],[11.96812,57.33899],[11.96807,57.33898],[11.96803,57.33897],[11.96801,57.33894],[11.96809,57.33892],[11.96809,57.33892],[11.9681,57.33888],[11.9681,57.33885],[11.96815,57.33883],[11.9682,57.33882],[11.96825,57.33878],[11.96825,57.33878],[11.96825,57.33874],[11.96827,57.33871],[11.96833,57.33869],[11.96833,57.33869],[11.96834,57.33864],[11.96831,57.33857],[11.96827,57.33852],[11.96824,57.33846],[11.96823,57.33843],[11.96819,57.3384],[11.96813,57.33837],[11.96811,57.33835],[11.9682,57.3383],[11.96822,57.33825],[11.96821,57.33822],[11.96817,57.33819],[11.96812,57.33816],[11.96803,57.33813],[11.96803,57.33813],[11.96792,57.33814],[11.9678,57.33814],[11.96774,57.33814],[11.96774,57.33814],[11.96771,57.33816],[11.96764,57.33813],[11.96764,57.33813],[11.96751,57.33817],[11.96744,57.3382],[11.96739,57.33823],[11.96733,57.33828],[11.96729,57.33832],[11.96725,57.33835],[11.96719,57.33839],[11.96715,57.33843],[11.96714,57.33848],[11.96715,57.33855],[11.96715,57.33859],[11.96714,57.33864],[11.96712,57.33867],[11.96708,57.3387],[11.96707,57.33874],[11.96702,57.33876],[11.96695,57.33878],[11.96688,57.33878],[11.96683,57.33876],[11.9668,57.33872],[11.96678,57.33869],[11.96669,57.33863],[11.96666,57.33859],[11.96659,57.33853],[11.96655,57.33849],[11.96651,57.33844],[11.96648,57.33841],[11.96646,57.33837],[11.96642,57.33834],[11.96636,57.3383],[11.96632,57.33827],[11.96626,57.33823],[11.96626,57.33819],[11.96627,57.33815],[11.96629,57.33812],[11.96633,57.3381],[11.96633,57.3381],[11.96635,57.33805],[11.96638,57.33799],[11.96639,57.33796],[11.96643,57.33793],[11.96649,57.3379],[11.96655,57.3379],[11.96662,57.33788],[11.96669,57.33788],[11.96675,57.33785],[11.96681,57.33783],[11.96686,57.33781],[11.9669,57.3378],[11.96697,57.33778],[11.96706,57.33779],[11.96713,57.3378],[11.96723,57.3378],[11.96727,57.3378],[11.96727,57.3378],[11.96732,57.33777],[11.96734,57.33775],[11.96738,57.33772],[11.9674,57.3377],[11.96745,57.3377],[11.96754,57.3377],[11.96761,57.3377],[11.96761,57.3377],[11.96763,57.33768],[11.96766,57.33764],[11.96766,57.33761],[11.96764,57.33758],[11.96761,57.33755],[11.96761,57.33755],[11.9676,57.33755],[11.9676,57.33755],[11.96755,57.33758],[11.96749,57.33758],[11.96743,57.33757],[11.96745,57.33752],[11.96743,57.33749],[11.96743,57.33746],[11.96743,57.33746],[11.96743,57.33746],[11.96738,57.33747],[11.96737,57.33747],[11.96734,57.33749],[11.9673,57.33752],[11.96725,57.33753],[11.96718,57.33753],[11.96711,57.33752],[11.96706,57.3375],[11.96703,57.33743],[11.96698,57.33739],[11.96697,57.33739],[11.96697,57.33739],[11.96693,57.3374],[11.96688,57.33743],[11.96683,57.33744],[11.96675,57.33743],[11.96668,57.33741],[11.96664,57.33739],[11.96658,57.33731],[11.96653,57.33725],[11.96659,57.33722],[11.96672,57.33722],[11.96682,57.33721],[11.9669,57.33721],[11.96691,57.33721],[11.96691,57.33721],[11.96691,57.33721],[11.96691,57.33721],[11.96687,57.33717],[11.96686,57.33717],[11.9668,57.33714],[11.96674,57.33714],[11.96679,57.3371],[11.96679,57.3371],[11.96679,57.3371],[11.96674,57.33707],[11.96672,57.33704],[11.9667,57.33701],[11.96668,57.33697],[11.96666,57.33693],[11.96669,57.33691],[11.96676,57.33691],[11.96683,57.33691],[11.96683,57.3369],[11.96688,57.33688],[11.96692,57.33688],[11.96697,57.33686],[11.96697,57.33686],[11.96699,57.33683],[11.96704,57.33682],[11.96706,57.3368],[11.96707,57.33677],[11.96708,57.33673],[11.96709,57.3367],[11.96709,57.33667],[11.96711,57.33664],[11.96715,57.33664],[11.96719,57.33665],[11.96721,57.33667],[11.96725,57.3367],[11.96728,57.33673],[11.96726,57.33677],[11.96725,57.33681],[11.96724,57.33684],[11.96724,57.33684],[11.96724,57.33684],[11.96724,57.33684],[11.96727,57.33684],[11.96727,57.33684],[11.96733,57.33682],[11.96736,57.3368],[11.96739,57.33678],[11.96739,57.33678],[11.96739,57.33674],[11.96735,57.3367],[11.96732,57.33667],[11.9673,57.33665],[11.96731,57.33663],[11.96731,57.33663],[11.9673,57.33663],[11.9673,57.33663],[11.9673,57.33663],[11.96728,57.33663],[11.96717,57.33656],[11.96711,57.33651],[11.96704,57.33649],[11.96698,57.33642],[11.96691,57.33637],[11.96686,57.33635],[11.96683,57.33628],[11.96685,57.33625],[11.96686,57.33625],[11.96682,57.33621],[11.96677,57.33617],[11.96673,57.33611],[11.96668,57.33603],[11.96663,57.33597],[11.9666,57.33591],[11.96658,57.33586],[11.96653,57.33583],[11.96648,57.33579],[11.96642,57.33575],[11.96616,57.33562],[11.96596,57.33553],[11.96583,57.33547],[11.96574,57.33542],[11.96569,57.33539],[11.96569,57.33539],[11.96561,57.3354],[11.96552,57.33538],[11.96541,57.33534],[11.96534,57.3353],[11.96534,57.3353],[11.96534,57.3353],[11.96524,57.33531],[11.96519,57.33527],[11.96513,57.33524],[11.96513,57.33524],[11.96505,57.33523],[11.96496,57.33521],[11.96488,57.33523],[11.96482,57.33522],[11.96485,57.33518],[11.96482,57.33514],[11.96482,57.33514],[11.96482,57.33514],[11.96482,57.33514],[11.96467,57.33516],[11.96455,57.33518],[11.9644,57.3352],[11.96428,57.3352],[11.96419,57.33524],[11.96412,57.33525],[11.96403,57.33524],[11.96396,57.33526],[11.96388,57.33529],[11.96381,57.33532],[11.96373,57.33532],[11.9636,57.33531],[11.9636,57.33531],[11.96354,57.33533],[11.96344,57.33537],[11.96338,57.33541],[11.96331,57.33543],[11.96327,57.33547],[11.96316,57.33549],[11.96309,57.3355],[11.96305,57.33555],[11.96299,57.33554],[11.96295,57.33551],[11.96295,57.33551],[11.96295,57.33551],[11.96286,57.33552],[11.96279,57.33549],[11.96271,57.33544],[11.96245,57.33533],[11.96222,57.33523],[11.96207,57.33516],[11.962,57.33511],[11.96195,57.33509],[11.96188,57.33508],[11.96179,57.33508],[11.96172,57.3351],[11.96163,57.3351],[11.96149,57.33511],[11.96135,57.33513],[11.96123,57.33515],[11.96114,57.33516],[11.96102,57.33517],[11.9609,57.33517],[11.96077,57.33519],[11.96069,57.3352],[11.96064,57.33523],[11.96052,57.33523],[11.96041,57.33524],[11.96041,57.33524],[11.96034,57.33528],[11.96028,57.3353],[11.96019,57.33532],[11.96007,57.33533],[11.95998,57.33537],[11.95987,57.33539],[11.95979,57.33541],[11.95974,57.33545],[11.95972,57.33549],[11.95964,57.33553],[11.95955,57.33556],[11.95948,57.33562],[11.95943,57.3357],[11.95939,57.33576],[11.95938,57.33584],[11.9594,57.3359],[11.95946,57.33598],[11.95952,57.33605],[11.95965,57.3361],[11.95975,57.33614],[11.95989,57.33618],[11.95989,57.33618],[11.96007,57.33618],[11.96015,57.3362],[11.96026,57.3362],[11.96034,57.33619],[11.96042,57.33618],[11.96052,57.33622],[11.96057,57.33625],[11.96053,57.33628],[11.96052,57.33633],[11.96047,57.33636],[11.96048,57.33641],[11.96046,57.33646],[11.96046,57.33651],[11.96044,57.33654],[11.96038,57.33657],[11.96032,57.33661],[11.96028,57.33666],[11.96022,57.33668],[11.9602,57.33669],[11.9602,57.33672],[11.96023,57.33676],[11.96024,57.33679],[11.96025,57.33684],[11.96026,57.33688],[11.96024,57.33694],[11.9602,57.33698],[11.96018,57.33706],[11.96017,57.33712],[11.96016,57.33717],[11.96015,57.33721],[11.96015,57.33725],[11.96015,57.33729],[11.96017,57.33732],[11.96017,57.33732],[11.96021,57.33734],[11.96013,57.33736],[11.96013,57.33736],[11.96013,57.33736],[11.96014,57.3374],[11.96012,57.33743],[11.9601,57.33745],[11.96003,57.33744],[11.96003,57.33744],[11.95996,57.33746],[11.95985,57.33748],[11.95978,57.33749],[11.95969,57.33752],[11.95963,57.33755],[11.95958,57.33758],[11.95949,57.33762],[11.95941,57.33764],[11.95933,57.33766],[11.95924,57.33769],[11.95912,57.33775],[11.95899,57.33779],[11.9589,57.33783],[11.95885,57.33786],[11.95878,57.33787],[11.95869,57.33788],[11.95863,57.33791],[11.95859,57.33795],[11.95855,57.33798],[11.95855,57.33802],[11.95858,57.33807],[11.95862,57.33811],[11.9586,57.33814],[11.9586,57.33818],[11.9586,57.33821],[11.95863,57.33825],[11.95863,57.33825],[11.95867,57.33826],[11.9587,57.33828],[11.95869,57.33834],[11.95868,57.3384],[11.95862,57.33842],[11.95862,57.33842],[11.95858,57.33847],[11.95853,57.33853],[11.95849,57.33858],[11.95846,57.33862],[11.95843,57.33867],[11.95848,57.33875],[11.95849,57.3388],[11.95851,57.33887],[11.95853,57.33894],[11.95855,57.33898],[11.95855,57.33898],[11.95856,57.33898],[11.95859,57.33899],[11.95864,57.33899],[11.95867,57.339],[11.95866,57.33905],[11.95868,57.33908],[11.9587,57.33911],[11.95865,57.33915],[11.95862,57.33919],[11.95861,57.33924],[11.95859,57.33927],[11.95855,57.3393],[11.9585,57.3393],[11.95839,57.33934],[11.95832,57.33934],[11.95831,57.33934],[11.95829,57.33937],[11.95825,57.33938],[11.95816,57.33936],[11.95813,57.33934],[11.95806,57.33933],[11.95799,57.33932],[11.95792,57.33931],[11.95786,57.33929],[11.95776,57.33926],[11.9577,57.33923],[11.95763,57.33921],[11.95753,57.33921],[11.95745,57.33921],[11.95736,57.33919],[11.95728,57.3392],[11.95718,57.33919],[11.95713,57.3392],[11.95708,57.33923],[11.95704,57.33926],[11.95698,57.33926],[11.95692,57.33928],[11.95685,57.3393],[11.9568,57.33933],[11.9568,57.33933],[11.9568,57.33933],[11.95682,57.33937],[11.95683,57.3394],[11.95682,57.33945],[11.95678,57.33946],[11.95672,57.33951],[11.95666,57.3395],[11.95668,57.33946],[11.95668,57.33946],[11.95666,57.33945],[11.95666,57.33945],[11.95666,57.33945],[11.9566,57.33945],[11.9566,57.33946],[11.95658,57.33949],[11.95655,57.33951],[11.95655,57.33951],[11.95654,57.33954],[11.95654,57.33955],[11.9566,57.33957],[11.95664,57.33962],[11.95659,57.33964],[11.9565,57.33966],[11.95641,57.33968],[11.95637,57.33972],[11.95631,57.33972],[11.95621,57.33972],[11.95611,57.33974],[11.95605,57.33975],[11.95593,57.33975],[11.95585,57.33975],[11.95578,57.33976],[11.95578,57.33976],[11.95575,57.33978],[11.95569,57.33978],[11.95572,57.33974],[11.95571,57.33972],[11.9557,57.3397],[11.9557,57.3397],[11.9557,57.3397],[11.95565,57.33969],[11.95561,57.33969],[11.95561,57.33969],[11.95556,57.33972],[11.95556,57.33974],[11.95554,57.33978],[11.95549,57.33977],[11.95545,57.33977],[11.95544,57.33976],[11.95544,57.33976],[11.95538,57.33975],[11.95529,57.33977],[11.95522,57.33981],[11.95514,57.33982],[11.95507,57.33983],[11.95501,57.33984],[11.95493,57.33983],[11.95484,57.33984],[11.95479,57.33984],[11.95471,57.33979],[11.95465,57.33978],[11.95456,57.33978],[11.95445,57.33979],[11.95433,57.3398],[11.95423,57.33982],[11.95418,57.33983],[11.95411,57.33984],[11.95406,57.33981],[11.95405,57.33976],[11.95405,57.33972],[11.95408,57.33968],[11.95409,57.33964],[11.95405,57.33961],[11.95403,57.33958],[11.95397,57.33955],[11.95392,57.33954],[11.95386,57.33954],[11.95381,57.33955],[11.95381,57.33955],[11.95381,57.33955],[11.9538,57.33959],[11.95381,57.33962],[11.95386,57.33965],[11.9539,57.33969],[11.95388,57.33973],[11.95387,57.33978],[11.95386,57.33982],[11.95381,57.33981],[11.95374,57.3398],[11.95362,57.33978],[11.95357,57.33975],[11.95354,57.33972],[11.95351,57.33969],[11.95352,57.33965],[11.95358,57.33962],[11.95365,57.33955],[11.95374,57.33953],[11.95378,57.33952],[11.95378,57.33951],[11.95375,57.33947],[11.9537,57.33944],[11.95366,57.33941],[11.95364,57.33937],[11.95364,57.33937],[11.95364,57.33937],[11.95357,57.33937],[11.95355,57.33936],[11.95349,57.33933],[11.95348,57.33933],[11.95342,57.33933],[11.95342,57.33933],[11.95337,57.33936],[11.95332,57.33936],[11.95328,57.33935],[11.95326,57.33933],[11.95326,57.33933],[11.95323,57.33932],[11.95318,57.33933],[11.95317,57.33933],[11.95315,57.33935],[11.95317,57.33938],[11.95315,57.33941],[11.95309,57.3394],[11.95302,57.3394],[11.95294,57.33939],[11.95288,57.33937],[11.95282,57.33935],[11.95277,57.33934],[11.9527,57.33933],[11.9527,57.33933],[11.95262,57.33937],[11.95254,57.3394],[11.95249,57.33944],[11.95246,57.33949],[11.95246,57.33949],[11.95248,57.3395],[11.95256,57.33954],[11.95257,57.33959],[11.9526,57.33967],[11.95263,57.33971],[11.9526,57.33974],[11.95261,57.33976],[11.9525,57.33979],[11.95241,57.33981],[11.95241,57.33981],[11.95239,57.33983],[11.95229,57.33984],[11.95219,57.33987],[11.95219,57.33987],[11.95215,57.33991],[11.95198,57.33992],[11.9518,57.33993],[11.95162,57.33992],[11.95147,57.33991],[11.95135,57.33991],[11.95135,57.33991],[11.95129,57.33994],[11.9512,57.33992],[11.95113,57.33989],[11.95106,57.3399],[11.95106,57.3399],[11.95106,57.3399],[11.95106,57.3399],[11.95106,57.3399],[11.95112,57.33993],[11.9511,57.33997],[11.95106,57.34],[11.95106,57.34],[11.95106,57.34],[11.95109,57.34002],[11.95109,57.34002],[11.95116,57.34001],[11.95126,57.33999],[11.9513,57.33999],[11.95127,57.34004],[11.95127,57.34009],[11.95122,57.34009],[11.95115,57.34013],[11.95109,57.34013],[11.95105,57.34015],[11.95105,57.34015],[11.95105,57.34015],[11.95107,57.34017],[11.95092,57.34019],[11.95081,57.34015],[11.95065,57.34014],[11.9505,57.34011],[11.95039,57.34008],[11.95032,57.34009],[11.95015,57.34013],[11.94999,57.34013],[11.94986,57.34017],[11.94984,57.34021],[11.94984,57.34024],[11.94984,57.34024],[11.94984,57.34024],[11.94986,57.34025],[11.94986,57.34025],[11.94999,57.34025],[11.9503,57.34033],[11.95062,57.34029],[11.95087,57.3403],[11.95106,57.34027],[11.95106,57.34027],[11.95106,57.34027],[11.95106,57.34024],[11.95109,57.34021],[11.95111,57.34017],[11.95115,57.34018],[11.95115,57.34018],[11.95115,57.34018],[11.95119,57.34017],[11.95125,57.34015],[11.9513,57.34015],[11.95136,57.34016],[11.95139,57.34017],[11.95134,57.34018],[11.9513,57.34019],[11.9513,57.34019],[11.95129,57.34022],[11.95129,57.34022],[11.95129,57.34022],[11.95144,57.34025],[11.95149,57.34026],[11.9516,57.34026],[11.95168,57.34026],[11.95171,57.34027],[11.95183,57.34027],[11.95196,57.34027],[11.95206,57.34028],[11.95219,57.3403],[11.95225,57.3403],[11.95231,57.34036],[11.95234,57.34038],[11.95234,57.34042],[11.95231,57.34044],[11.95231,57.34044],[11.95232,57.3405],[11.95234,57.34053],[11.95234,57.34058],[11.95233,57.34062],[11.9523,57.34066],[11.95221,57.34067],[11.95214,57.34069],[11.95207,57.34069],[11.95196,57.34068],[11.95187,57.34068],[11.95181,57.34067],[11.95176,57.34068],[11.95172,57.34065],[11.95169,57.34062],[11.95169,57.34062],[11.95164,57.34062],[11.95164,57.34062],[11.9516,57.34066],[11.9516,57.34066],[11.9516,57.34066],[11.95163,57.3407],[11.95167,57.34081],[11.95171,57.34092],[11.95172,57.341],[11.95173,57.34105],[11.95175,57.34109],[11.95176,57.34112],[11.95176,57.34112],[11.9518,57.34114],[11.95183,57.34118],[11.95184,57.34123],[11.95185,57.34126],[11.95188,57.34131],[11.95188,57.34131],[11.95191,57.34132],[11.95191,57.34132],[11.95196,57.34131],[11.95202,57.34131],[11.95211,57.34129],[11.95225,57.34129],[11.95233,57.34127],[11.95242,57.34126],[11.95259,57.34124],[11.95265,57.34123],[11.95272,57.34123],[11.95276,57.34123],[11.95282,57.34122],[11.95285,57.34121],[11.95285,57.34121],[11.95288,57.34117],[11.95294,57.34116],[11.95294,57.34116],[11.95296,57.34114],[11.95301,57.34114],[11.95305,57.34114],[11.95309,57.34115],[11.95312,57.34116],[11.95316,57.34117],[11.95322,57.34116],[11.95326,57.34114],[11.95332,57.34115],[11.95342,57.34117],[11.95347,57.34117],[11.95353,57.34117],[11.95362,57.34117],[11.95371,57.34116],[11.95375,57.34115],[11.9538,57.34114],[11.95384,57.34115],[11.95388,57.34119],[11.95392,57.34124],[11.95394,57.34126],[11.95394,57.34126],[11.954,57.34128],[11.95409,57.34128],[11.95418,57.3413],[11.95425,57.3413],[11.95431,57.34132],[11.95433,57.34136],[11.95435,57.3414],[11.95438,57.34143],[11.9544,57.34147],[11.95442,57.34148],[11.95445,57.34149],[11.9545,57.3415],[11.95453,57.3415],[11.95457,57.34151],[11.9546,57.34154],[11.95458,57.34158],[11.95452,57.34161],[11.95448,57.34165],[11.95449,57.34171],[11.95447,57.34175],[11.95445,57.3418],[11.95445,57.34182],[11.95445,57.34188],[11.95443,57.34192],[11.95439,57.34194],[11.95431,57.34199],[11.95425,57.34202],[11.95419,57.34204],[11.95413,57.34208],[11.95408,57.34208],[11.954,57.34208],[11.95398,57.34205],[11.95393,57.34204],[11.95393,57.34204],[11.95387,57.34205],[11.95383,57.34207],[11.95383,57.34207],[11.9538,57.34211],[11.95375,57.34213],[11.95368,57.34212],[11.95362,57.3421],[11.95359,57.34207],[11.95351,57.34207],[11.95345,57.34206],[11.95341,57.34205],[11.95335,57.34202],[11.95325,57.34201],[11.9532,57.34199],[11.95312,57.34198],[11.95304,57.34196],[11.95294,57.34196],[11.95288,57.34195],[11.95283,57.34197],[11.95279,57.34199],[11.95272,57.34199],[11.95263,57.34201],[11.95263,57.34201],[11.95261,57.34204],[11.95261,57.34204],[11.95268,57.3421],[11.95274,57.34216],[11.95281,57.34222],[11.95287,57.34228],[11.95286,57.34231],[11.95287,57.34235],[11.95291,57.34242],[11.95291,57.34246],[11.95294,57.34251],[11.95293,57.34256],[11.95289,57.3426],[11.95284,57.34264],[11.95283,57.34267],[11.95282,57.34274],[11.95273,57.34284],[11.9527,57.34288],[11.95264,57.3429],[11.95258,57.34293],[11.95255,57.34298],[11.9525,57.34303],[11.95244,57.34307],[11.95232,57.34312],[11.95224,57.34316],[11.95215,57.34321],[11.95206,57.34324],[11.95198,57.34326],[11.95191,57.34329],[11.95175,57.34334],[11.95161,57.34336],[11.95144,57.34344],[11.95131,57.34347],[11.95117,57.3435],[11.95108,57.34353],[11.95094,57.34354],[11.95086,57.34356],[11.95072,57.3436],[11.95057,57.34364],[11.95046,57.34366],[11.95031,57.34368],[11.95014,57.34369],[11.94997,57.34371],[11.94986,57.34373],[11.94969,57.34376],[11.94962,57.34374],[11.94962,57.34374],[11.94955,57.34376],[11.94942,57.34376],[11.94928,57.34379],[11.94909,57.34378],[11.94908,57.34377],[11.94889,57.34371],[11.94877,57.34369],[11.94862,57.34368],[11.94848,57.34362],[11.94832,57.34359],[11.94809,57.34354],[11.94789,57.34353],[11.9478,57.3435],[11.9477,57.34347],[11.94765,57.34344],[11.94758,57.34342],[11.94739,57.34339],[11.94732,57.34335],[11.94732,57.34335],[11.94724,57.34335],[11.94712,57.3433],[11.94697,57.34324],[11.94697,57.34324],[11.94697,57.34324],[11.94689,57.34328],[11.94679,57.34326],[11.94675,57.34326],[11.94667,57.34323],[11.94661,57.34318],[11.94656,57.34315],[11.94653,57.34312],[11.94644,57.34303],[11.94647,57.34302],[11.94647,57.34302],[11.94647,57.34302],[11.94647,57.34302],[11.94647,57.34302],[11.94639,57.34301],[11.94638,57.343],[11.94633,57.34298],[11.94633,57.34298],[11.94633,57.34298],[11.94633,57.34298],[11.94628,57.34304],[11.94622,57.34303],[11.94617,57.34302],[11.94611,57.34299],[11.94608,57.34295],[11.9461,57.34293],[11.94621,57.34292],[11.94621,57.34292],[11.94621,57.34292],[11.94623,57.34287],[11.94623,57.34287],[11.94616,57.34284],[11.94607,57.3428],[11.94604,57.34277],[11.94596,57.34275],[11.94575,57.34267],[11.94571,57.34263],[11.94564,57.34261],[11.94558,57.34258],[11.94558,57.34254],[11.94558,57.34248],[11.94554,57.34244],[11.94552,57.34239],[11.94552,57.34239],[11.94545,57.34235],[11.94543,57.34231],[11.94532,57.34221],[11.94529,57.34218],[11.94527,57.34215],[11.9453,57.3421],[11.9453,57.34206],[11.94534,57.34202],[11.94536,57.34198],[11.94533,57.34195],[11.94529,57.34192],[11.94529,57.34189],[11.94532,57.34186],[11.94533,57.34181],[11.94533,57.34181],[11.94529,57.34178],[11.94529,57.34178],[11.94521,57.34177],[11.9452,57.34171],[11.9452,57.34166],[11.94518,57.34158],[11.94517,57.34153],[11.94518,57.34146],[11.94511,57.34137],[11.94501,57.34133],[11.94501,57.34133],[11.94489,57.34134],[11.94472,57.34133],[11.9446,57.34134],[11.94452,57.34135],[11.94441,57.34136],[11.94435,57.34139],[11.94425,57.34141],[11.94421,57.34146],[11.94409,57.34148],[11.94409,57.34148],[11.94408,57.34153],[11.944,57.34156],[11.94394,57.34158],[11.94388,57.34161],[11.94381,57.34163],[11.94379,57.34167],[11.94381,57.34171],[11.9438,57.34175],[11.94381,57.34183],[11.94383,57.3419],[11.94379,57.34195],[11.94378,57.34199],[11.94373,57.34202],[11.94363,57.34206],[11.94354,57.34207],[11.94345,57.3421],[11.94335,57.34216],[11.94329,57.3422],[11.94327,57.34225],[11.94328,57.3423],[11.94328,57.34235],[11.94328,57.34239],[11.94323,57.34243],[11.94311,57.34246],[11.94303,57.34248],[11.9429,57.34248],[11.94282,57.34246],[11.94271,57.34248],[11.94259,57.34248],[11.94247,57.3425],[11.9424,57.3425],[11.94231,57.34249],[11.94219,57.34248],[11.94208,57.34245],[11.94199,57.34246],[11.94191,57.34245],[11.94195,57.34242],[11.94195,57.34242],[11.94192,57.34237],[11.94188,57.34234],[11.94182,57.34232],[11.94171,57.34231],[11.94154,57.34228],[11.94142,57.34226],[11.9413,57.34223],[11.94119,57.34219],[11.94112,57.34216],[11.94104,57.34212],[11.94097,57.34208],[11.94092,57.34204],[11.94085,57.34201],[11.94079,57.34198],[11.94075,57.34192],[11.9407,57.34187],[11.94065,57.34182],[11.9406,57.34178],[11.94056,57.34174],[11.94049,57.34171],[11.94043,57.34169],[11.94037,57.34164],[11.94033,57.34159],[11.94027,57.34156],[11.94017,57.34154],[11.94009,57.34153],[11.94,57.34152],[11.93992,57.34151],[11.93982,57.34152],[11.93972,57.34154],[11.93963,57.34155],[11.93956,57.34156],[11.93945,57.34156],[11.93936,57.34155],[11.93926,57.34156],[11.93919,57.34157],[11.9391,57.34159],[11.93905,57.34161],[11.93906,57.34168],[11.93904,57.34171],[11.93904,57.34176],[11.93904,57.3418],[11.93891,57.34181],[11.93871,57.34184],[11.9386,57.34184],[11.93854,57.34183],[11.93849,57.3418],[11.93843,57.34177],[11.93831,57.34173],[11.93824,57.34173],[11.93814,57.34173],[11.93805,57.34173],[11.93794,57.34172],[11.93774,57.34172],[11.93763,57.34169],[11.93751,57.34165],[11.9375,57.3416],[11.93746,57.34155],[11.93734,57.34153],[11.9372,57.3415],[11.93709,57.34146],[11.937,57.34145],[11.93693,57.34144],[11.93685,57.34137],[11.93673,57.34133],[11.93664,57.34131],[11.93659,57.34126],[11.93654,57.34123],[11.93653,57.34123],[11.93645,57.34123],[11.93637,57.34119],[11.93632,57.34116],[11.93628,57.34113],[11.93616,57.34113],[11.93609,57.34112],[11.93601,57.34112],[11.93591,57.34112],[11.93585,57.34113],[11.93582,57.34113],[11.93582,57.34113],[11.93582,57.34113],[11.93579,57.34118],[11.93576,57.34122],[11.93572,57.34126],[11.93572,57.34126],[11.93577,57.3413],[11.9358,57.34135],[11.93581,57.34135],[11.93587,57.34136],[11.93583,57.3414],[11.93582,57.34145],[11.93573,57.34148],[11.9356,57.34148],[11.93551,57.34151],[11.9354,57.34154],[11.9352,57.34158],[11.93513,57.3416],[11.93508,57.34162],[11.93503,57.34165],[11.935,57.34168],[11.93498,57.34171],[11.93498,57.34171],[11.935,57.34173],[11.93503,57.34175],[11.93505,57.34178],[11.93504,57.34181]]]]},"properties":{"NVRID":"2001969","NAMN":"Malön","SKYDDSTYP":"Naturreservat","LAN":"Hallands Län","KOMMUN":"Kungsbacka","IUCNKATEGORI":"IV, Habitat/Artskyddsområde (Habitat/Species Management Area)","FORVALTARE":"Onsala skifteslags naturvårdsstiftelse","AREA_HA":107.77,"URSPR_BESLUTSDATUM":"1965-03-26"}},{"type":"Feature","geometry":{"type":"Polygon","coordinates":[[[13.19396,56.71575],[13.19391,56.71526],[13.19387,56.71486],[13.19382,56.71436],[13.19382,56.71436],[13.19382,56.71436],[13.19305,56.71426],[13.18693,56.71367],[13.1869,56.71367],[13.18608,56.71361],[13.18608,56.71361],[13.18608,56.71361],[13.18204,56.71865],[13.18204,56.71865],[13.1857,56.72292],[13.18736,56.72486],[13.18736,56.72486],[13.18736,56.72486],[13.1937,56.72365],[13.19471,56.72692],[13.19001,56.72789],[13.1882,56.72832],[13.1882,56.72832],[13.1882,56.72832],[13.19749,56.73467],[13.19205,56.73753],[13.18641,56.74048],[13.18641,56.74048],[13.18641,56.74049],[13.18641,56.74049],[13.18654,56.74051],[13.18689,56.74053],[13.18748,56.74058],[13.18782,56.74062],[13.18832,56.74071],[13.18905,56.74085],[13.18974,56.74096],[13.19045,56.74107],[13.19104,56.74119],[13.19138,56.74122],[13.19205,56.74119],[13.19218,56.7412],[13.20222,56.73654],[13.20274,56.7368],[13.20587,56.7384],[13.19909,56.74162],[13.19909,56.74162],[13.19909,56.74162],[13.19909,56.74162],[13.19927,56.74175],[13.20295,56.74342],[13.20295,56.74342],[13.20295,56.74342],[13.20336,56.7432],[13.20563,56.74315],[13.21479,56.74293],[13.21495,56.74301],[13.21495,56.74301],[13.21495,56.74301],[13.22294,56.73802],[13.2288,56.74103],[13.23247,56.74291],[13.23247,56.74291],[13.23247,56.74291],[13.23739,56.73984],[13.2454,56.73484],[13.2454,56.73484],[13.2454,56.73484],[13.2454,56.73484],[13.24347,56.73456],[13.24176,56.73453],[13.24076,56.73442],[13.23878,56.73392],[13.23684,56.73321],[13.23632,56.73291],[13.2385,56.73151],[13.24025,56.73037],[13.24025,56.73037],[13.24025,56.73037],[13.24025,56.73037],[13.23578,56.72937],[13.23719,56.72627],[13.23719,56.72627],[13.23719,56.72627],[13.23306,56.72528],[13.23698,56.71939],[13.23698,56.71939],[13.23698,56.71939],[13.23188,56.7176],[13.23153,56.71749],[13.22909,56.71671],[13.22874,56.71659],[13.22834,56.71654],[13.22529,56.71614],[13.22561,56.7158],[13.22561,56.7158],[13.22561,56.7158],[13.22561,56.7158],[13.22561,56.7158],[13.22406,56.71598],[13.2206,56.71603],[13.21359,56.71539],[13.21358,56.71539],[13.21358,56.71539],[13.2135,56.71632],[13.20213,56.71475],[13.202,56.71475],[13.20151,56.71472],[13.20132,56.71473],[13.20083,56.71474],[13.1995,56.71491],[13.19833,56.71508],[13.19803,56.71505],[13.19795,56.71504],[13.19795,56.71504],[13.19722,56.71539],[13.19722,56.7154],[13.1978,56.71648],[13.19673,56.71668],[13.19618,56.71678],[13.1955,56.71569],[13.1955,56.71569],[13.19505,56.71556],[13.19505,56.71556],[13.19396,56.71575]],[[13.19827,56.72475],[13.19883,56.72447],[13.19938,56.72474],[13.19886,56.72504],[13.19827,56.72475]]]},"properties":{"NVRID":"2001413","NAMN":"Långhultamyren","SKYDDSTYP":"Naturreservat","LAN":"Hallands Län","KOMMUN":"Halmstad","IUCNKATEGORI":"IV, Habitat/Artskyddsområde (Habitat/Species Management Area)","FORVALTARE":"Länsstyrelsen i Hallands län","AREA_HA":822.703,"URSPR_BESLUTSDATUM":"1999-03-19"}},{"type":"Feature","geometry":{"type":"Polygon","coordinates":[[[12.96552,57.01031],[12.96539,57.01051],[12.96498,57.01076],[12.96456,57.01101],[12.96456,57.01101],[12.96456,57.01101],[12.96456,57.01101],[12.96579,57.01134],[12.9677,57.01276],[12.9677,57.01276],[12.96833,57.01286],[12.96868,57.01274],[12.96908,57.01267],[12.96928,57.01261],[12.96955,57.0126],[12.96984,57.01259],[12.97011,57.01267],[12.97019,57.01271],[12.97026,57.01277],[12.97035,57.01284],[12.97049,57.0129],[12.97063,57.01291],[12.97077,57.01289],[12.97097,57.01291],[12.97115,57.01291],[12.97126,57.01294],[12.97145,57.01301],[12.97145,57.01301],[12.97145,57.01301],[12.97172,57.01243],[12.97172,57.01243],[12.97107,57.01205],[12.97088,57.01155],[12.97049,57.0114],[12.97043,57.00954],[12.97043,57.00954],[12.97043,57.00954],[12.96999,57.00951],[12.96939,57.00959],[12.96939,57.00959],[12.96939,57.00959],[12.96939,57.00959],[12.96948,57.00968],[12.96951,57.00978],[12.96942,57.00998],[12.96938,57.01005],[12.96949,57.01026],[12.96958,57.01033],[12.96922,57.01041],[12.9689,57.01036],[12.96868,57.01032],[12.96835,57.01028],[12.96793,57.01022],[12.96781,57.01011],[12.96776,57.01005],[12.96757,57.00987],[12.96753,57.00979],[12.96743,57.00968],[12.96743,57.00968],[12.96723,57.0096],[12.96691,57.00952],[12.96662,57.00941],[12.96622,57.00932],[12.96606,57.00926],[12.96579,57.00921],[12.96579,57.00921],[12.96461,57.00968],[12.96461,57.00968],[12.96461,57.00968],[12.96461,57.00968],[12.96509,57.00993],[12.96552,57.01031]]]},"properties":{"NVRID":"2044951","NAMN":"Älmö","SKYDDSTYP":"Naturreservat","LAN":"Hallands Län","KOMMUN":"Hylte","IUCNKATEGORI":"Ia, Strikt naturreservat (Strict Nature Reserve)","FORVALTARE":"Länsstyrelsen i Hallands län","AREA_HA":10.093,"URSPR_BESLUTSDATUM":"2016-08-25"}},{"type":"Feature","geometry":{"type":"Polygon","coordinates":[[[12.7321,57.00912],[12.73231,57.0091],[12.73246,57.00911],[12.73263,57.00912],[12.7328,57.00912],[12.7328,57.00912],[12.73285,57.0091],[12.73303,57.00911],[12.73312,57.00909],[12.73317,57.00908],[12.73334,57.00906],[12.73355,57.00905],[12.73365,57.00906],[12.73365,57.00906],[12.73366,57.00906],[12.73366,57.00906],[12.73311,57.00864],[12.73354,57.00836],[12.73491,57.00797],[12.73541,57.00801],[12.7363,57.0082],[12.7363,57.0082],[12.7363,57.0082],[12.73653,57.00803],[12.73765,57.00784],[12.73899,57.00796],[12.74024,57.00801],[12.74024,57.00801],[12.74024,57.00801],[12.74024,57.00801],[12.74024,57.00801],[12.74019,57.00797],[12.74014,57.00793],[12.74008,57.00785],[12.73997,57.00777],[12.73994,57.00771],[12.73991,57.00766],[12.73984,57.00759],[12.73979,57.00754],[12.73977,57.00752],[12.73975,57.00748],[12.73975,57.00741],[12.73976,57.00731],[12.73977,57.0072],[12.73977,57.00713],[12.73972,57.00699],[12.73971,57.00693],[12.7397,57.00688],[12.74072,57.00675],[12.74234,57.00685],[12.74265,57.00694],[12.74293,57.00715],[12.74293,57.00715],[12.74293,57.00715],[12.74421,57.0069],[12.74421,57.0069],[12.74421,57.0069],[12.74396,57.00655],[12.74441,57.00638],[12.74516,57.00622],[12.74613,57.00595],[12.74676,57.00583],[12.74676,57.00583],[12.74676,57.00583],[12.74676,57.00583],[12.74418,57.00462],[12.74419,57.00459],[12.74417,57.00455],[12.74418,57.00446],[12.74418,57.00446],[12.74413,57.00443],[12.74412,57.00437],[12.74404,57.00433],[12.74399,57.00428],[12.74396,57.00423],[12.74396,57.00423],[12.74396,57.00423],[12.74396,57.00423],[12.74359,57.00439],[12.7433,57.00438],[12.74289,57.00441],[12.74247,57.00429],[12.74235,57.0043],[12.74235,57.0043],[12.74235,57.0043],[12.74235,57.0043],[12.74282,57.00496],[12.74209,57.00534],[12.74085,57.00546],[12.74085,57.00546],[12.74076,57.0055],[12.74013,57.00553],[12.73929,57.0054],[12.73927,57.00527],[12.73927,57.00522],[12.73922,57.00504],[12.73918,57.00493],[12.73912,57.00485],[12.73912,57.00484],[12.73912,57.00484],[12.73853,57.00496],[12.73821,57.00522],[12.7378,57.00539],[12.73742,57.0055],[12.737,57.00567],[12.7367,57.00581],[12.73641,57.00586],[12.73632,57.0058],[12.73613,57.00571],[12.73583,57.00564],[12.73495,57.00565],[12.73423,57.00577],[12.73423,57.00577],[12.73423,57.00577],[12.73425,57.0059],[12.73428,57.006],[12.73428,57.00604],[12.73421,57.00612],[12.73414,57.00621],[12.73406,57.00623],[12.73388,57.00632],[12.73388,57.00632],[12.73372,57.00653],[12.73361,57.00668],[12.73348,57.0068],[12.73318,57.00726],[12.73312,57.0073],[12.73304,57.0074],[12.73295,57.0075],[12.73292,57.00756],[12.73275,57.00775],[12.7327,57.00786],[12.73258,57.0079],[12.73225,57.00812],[12.7321,57.00816],[12.732,57.00822],[12.73173,57.00836],[12.73158,57.00853],[12.7315,57.00861],[12.7315,57.00861],[12.73158,57.00872],[12.73162,57.00877],[12.7317,57.00885],[12.73178,57.00897],[12.73183,57.00902],[12.73185,57.0091],[12.73184,57.00915],[12.73184,57.00915],[12.73184,57.00915],[12.73185,57.00915],[12.73196,57.00915],[12.7321,57.00912]]]},"properties":{"NVRID":"2045210","NAMN":"Yxsjöliden","SKYDDSTYP":"Naturreservat","LAN":"Hallands Län","KOMMUN":"Falkenberg","IUCNKATEGORI":"Ia, Strikt naturreservat (Strict Nature Reserve)","FORVALTARE":"Länsstyrelsen i Hallands län","AREA_HA":19.045,"URSPR_BESLUTSDATUM":"2016-05-04"}},{"type":"Feature","geometry":{"type":"MultiPolygon","coordinates":[[[[13.00214,56.39031],[13.00214,56.39031],[13.00214,56.39031],[13.0013,56.39114],[13.00116,56.39128],[13.00116,56.39128],[13.00117,56.39128],[13.00151,56.3915],[13.00267,56.39209],[13.00268,56.39209],[13.00268,56.39209],[13.00268,56.39209],[13.00299,56.39151],[13.00496,56.39203],[13.0058,56.39226],[13.0058,56.39226],[13.0058,56.39226],[13.00652,56.39175],[13.00652,56.39175],[13.00652,56.39175],[13.00563,56.39145],[13.00214,56.39031]]],[[[12.99293,56.38056],[12.99293,56.38057],[12.99321,56.38108],[12.99372,56.38177],[12.99374,56.382],[12.99309,56.38366],[12.99309,56.38366],[12.99309,56.38366],[13.01452,56.38379],[13.00786,56.38907],[13.00761,56.39079],[13.00754,56.39122],[13.00754,56.39123],[13.00757,56.39124],[13.00778,56.39132],[13.00804,56.39141],[13.00842,56.39152],[13.0086,56.39157],[13.00898,56.39168],[13.00921,56.39175],[13.00941,56.39179],[13.00959,56.39182],[13.00981,56.39184],[13.01005,56.39184],[13.01018,56.39185],[13.01033,56.39187],[13.01052,56.39192],[13.01072,56.39198],[13.01096,56.39205],[13.01109,56.39208],[13.01178,56.39217],[13.01164,56.39253],[13.01166,56.39261],[13.01174,56.39269],[13.01103,56.39304],[13.01054,56.3927],[13.01054,56.3927],[13.01054,56.3927],[13.01042,56.39274],[13.00982,56.39277],[13.00965,56.39276],[13.00965,56.39276],[13.00965,56.39276],[13.00915,56.3933],[13.00915,56.39331],[13.00915,56.39331],[13.00942,56.39336],[13.01083,56.39381],[13.01083,56.39381],[13.01232,56.3935],[13.01516,56.39289],[13.01516,56.39289],[13.01695,56.38925],[13.02847,56.38788],[13.02847,56.38788],[13.02848,56.38788],[13.02848,56.38788],[13.02822,56.38759],[13.02681,56.38707],[13.02589,56.38653],[13.02402,56.38582],[13.02315,56.38473],[13.02315,56.38473],[13.02315,56.38473],[13.02315,56.38473],[13.02135,56.38548],[13.02128,56.38544],[13.02114,56.38536],[13.02096,56.38528],[13.02066,56.38513],[13.0205,56.38503],[13.02042,56.38497],[13.02038,56.38494],[13.02026,56.38483],[13.02016,56.38473],[13.02005,56.38463],[13.01984,56.38448],[13.01973,56.38441],[13.01971,56.38441],[13.01969,56.38439],[13.0196,56.38435],[13.02351,56.38235],[13.02351,56.38235],[13.02351,56.38235],[13.01969,56.3781],[13.01968,56.3781],[13.01968,56.3781],[13.01968,56.3781],[13.01909,56.37946],[13.01909,56.37946],[13.01909,56.37946],[13.02074,56.37998],[13.02099,56.38076],[13.01645,56.38218],[13.01645,56.38218],[13.01645,56.38218],[13.01632,56.38213],[13.01586,56.38198],[13.01534,56.38181],[13.01518,56.38177],[13.01493,56.38168],[13.01461,56.38158],[13.01386,56.38136],[13.01338,56.3812],[13.01324,56.38116],[13.01238,56.38089],[13.01221,56.38084],[13.01201,56.38081],[13.01183,56.38079],[13.01161,56.38077],[13.01067,56.38074],[13.00989,56.3807],[13.0096,56.38068],[13.00946,56.38068],[13.00933,56.38068],[13.00917,56.3807],[13.00898,56.38072],[13.00892,56.38073],[13.00843,56.38084],[13.00817,56.3809],[13.00801,56.38093],[13.00408,56.38199],[13.0023,56.38123],[13.00132,56.37946],[13.00132,56.37946],[13.00105,56.37944],[13.00088,56.37942],[13.00077,56.37939],[13.00059,56.37932],[12.99998,56.37899],[12.99981,56.37889],[12.99971,56.37883],[12.99949,56.37873],[12.99949,56.37873],[12.99882,56.37878],[12.99865,56.3788],[12.99851,56.37881],[12.99778,56.37887],[12.99722,56.37892],[12.99689,56.37896],[12.99659,56.37901],[12.9965,56.37903],[12.99616,56.37911],[12.99596,56.37916],[12.99584,56.37921],[12.99575,56.37923],[12.99555,56.37932],[12.99554,56.37932],[12.99532,56.37941],[12.99514,56.37948],[12.99472,56.37968],[12.99403,56.37999],[12.9936,56.38018],[12.9932,56.38036],[12.99309,56.38041],[12.99309,56.38041],[12.99309,56.38041],[12.9931,56.38042],[12.99293,56.38056]]]]},"properties":{"NVRID":"2050018","NAMN":"Svinamadsbäcken","SKYDDSTYP":"Naturreservat","LAN":"Hallands Län","KOMMUN":"Laholm","IUCNKATEGORI":"Ia, Strikt naturreservat (Strict Nature Reserve)","FORVALTARE":"Länsstyrelsen i Hallands län","AREA_HA":133.138,"URSPR_BESLUTSDATUM":"2018-12-17"}},{"type":"Feature","geometry":{"type":"Polygon","coordinates":[[[12.48288,57.08684],[12.48276,57.08682],[12.48258,57.08678],[12.4824,57.08669],[12.48218,57.08662],[12.48194,57.08654],[12.48171,57.08651],[12.48143,57.08647],[12.48136,57.08645],[12.48136,57.08645],[12.48136,57.08645],[12.48136,57.08645],[12.48119,57.08696],[12.48075,57.0882],[12.48057,57.08845],[12.48031,57.08903],[12.48042,57.08928],[12.48084,57.08998],[12.481,57.09036],[12.481,57.09036],[12.481,57.09036],[12.48281,57.09057],[12.48281,57.09057],[12.48281,57.09057],[12.48325,57.08989],[12.48583,57.09045],[12.48592,57.09154],[12.48703,57.09324],[12.48704,57.09324],[12.48704,57.09324],[12.49701,57.09112],[12.49701,57.09112],[12.49704,57.09107],[12.49722,57.09099],[12.49734,57.09088],[12.49753,57.0908],[12.49759,57.09068],[12.49763,57.09051],[12.49769,57.09043],[12.49772,57.09022],[12.49775,57.09005],[12.49778,57.0899],[12.49784,57.08975],[12.49794,57.08959],[12.49794,57.08937],[12.49791,57.08924],[12.49799,57.08913],[12.4982,57.08899],[12.49844,57.08885],[12.49863,57.08874],[12.49874,57.08866],[12.49874,57.08866],[12.49878,57.08848],[12.49876,57.08835],[12.49864,57.08817],[12.49854,57.088],[12.49855,57.08789],[12.49854,57.08779],[12.49851,57.0877],[12.49857,57.08755],[12.49865,57.08739],[12.49871,57.08729],[12.4988,57.08715],[12.49886,57.08703],[12.49892,57.08696],[12.49892,57.08696],[12.49884,57.08688],[12.49877,57.08678],[12.49877,57.08678],[12.49859,57.08672],[12.49839,57.08671],[12.49825,57.08669],[12.49813,57.08665],[12.49794,57.08655],[12.49766,57.08635],[12.49748,57.08619],[12.49737,57.08608],[12.49724,57.08602],[12.49713,57.08599],[12.49702,57.08591],[12.49681,57.08582],[12.49665,57.08577],[12.49651,57.08563],[12.49636,57.08555],[12.49619,57.08551],[12.49606,57.08547],[12.49589,57.08532],[12.49572,57.08523],[12.49556,57.08518],[12.49544,57.08516],[12.49532,57.08512],[12.49507,57.0851],[12.49485,57.085],[12.4946,57.08493],[12.49428,57.08487],[12.49418,57.08485],[12.49419,57.0848],[12.49424,57.08474],[12.49428,57.08467],[12.49429,57.08455],[12.49419,57.08436],[12.49414,57.08429],[12.49407,57.08422],[12.49401,57.08415],[12.49414,57.08406],[12.49418,57.08402],[12.49422,57.08396],[12.49439,57.08389],[12.49448,57.08384],[12.49448,57.08378],[12.49444,57.0837],[12.49453,57.08362],[12.49452,57.0835],[12.49462,57.08347],[12.49472,57.08343],[12.49472,57.08343],[12.49477,57.0833],[12.49477,57.08321],[12.49481,57.08313],[12.49479,57.08298],[12.49467,57.08282],[12.49458,57.08271],[12.49458,57.08271],[12.49438,57.08268],[12.49414,57.08269],[12.49392,57.0827],[12.49373,57.08264],[12.49357,57.08253],[12.49347,57.0824],[12.49335,57.08236],[12.49314,57.08234],[12.49289,57.08238],[12.49275,57.08242],[12.49267,57.08247],[12.49267,57.08247],[12.49267,57.08248],[12.49272,57.0825],[12.49274,57.08256],[12.49262,57.08265],[12.49254,57.08279],[12.49232,57.08287],[12.49204,57.08293],[12.49179,57.08296],[12.49144,57.08296],[12.49114,57.08296],[12.4909,57.08298],[12.49068,57.08302],[12.49051,57.08306],[12.49029,57.08309],[12.48996,57.08311],[12.4897,57.08312],[12.48956,57.08312],[12.48956,57.08312],[12.48948,57.08317],[12.48944,57.08322],[12.48937,57.08326],[12.48916,57.08326],[12.48916,57.08326],[12.48897,57.0833],[12.48874,57.08336],[12.48865,57.08342],[12.48859,57.08357],[12.48856,57.08374],[12.48856,57.08392],[12.48859,57.08402],[12.48865,57.08408],[12.48867,57.08418],[12.48873,57.08426],[12.48886,57.08436],[12.489,57.08447],[12.48917,57.08453],[12.4893,57.08462],[12.48945,57.08474],[12.48959,57.08484],[12.48978,57.08495],[12.49001,57.08504],[12.49023,57.0851],[12.49044,57.08516],[12.49062,57.0852],[12.49075,57.08524],[12.49086,57.08529],[12.49087,57.08546],[12.49083,57.08555],[12.49079,57.08565],[12.49063,57.08571],[12.49036,57.08575],[12.49015,57.08578],[12.48977,57.08591],[12.48965,57.08598],[12.48954,57.086],[12.48954,57.086],[12.48947,57.08603],[12.48943,57.08608],[12.48934,57.08613],[12.48906,57.08615],[12.48883,57.08616],[12.48865,57.08615],[12.48849,57.0861],[12.48825,57.08599],[12.48806,57.08592],[12.48793,57.08589],[12.48785,57.08585],[12.48771,57.08568],[12.48758,57.08554],[12.48739,57.08538],[12.48715,57.08524],[12.48693,57.08513],[12.48669,57.08505],[12.48654,57.08502],[12.48638,57.08501],[12.48623,57.08504],[12.486,57.08508],[12.48599,57.08508],[12.48595,57.08518],[12.48593,57.08528],[12.48592,57.08535],[12.48595,57.08541],[12.48593,57.08544],[12.48578,57.08546],[12.48572,57.08546],[12.48559,57.08543],[12.48544,57.08542],[12.48536,57.08536],[12.48527,57.08532],[12.48497,57.08529],[12.48476,57.08526],[12.48441,57.08527],[12.48403,57.08528],[12.48376,57.0853],[12.48363,57.08535],[12.48351,57.08539],[12.48323,57.08542],[12.48296,57.08546],[12.48279,57.0855],[12.48266,57.08556],[12.48266,57.08556],[12.48263,57.08564],[12.48262,57.08577],[12.48263,57.08586],[12.48272,57.08596],[12.48283,57.08606],[12.48307,57.08615],[12.48333,57.08621],[12.48345,57.08625],[12.48354,57.08639],[12.48355,57.08651],[12.48335,57.08664],[12.4832,57.08668],[12.48299,57.08672],[12.48299,57.08672],[12.48299,57.08679],[12.48288,57.08684]]]},"properties":{"NVRID":"2002866","NAMN":"Näsnabben","SKYDDSTYP":"Naturreservat","LAN":"Hallands Län","KOMMUN":"Varberg","IUCNKATEGORI":"Ia, Strikt naturreservat (Strict Nature Reserve)","FORVALTARE":"Länsstyrelsen i Hallands län","AREA_HA":78.295,"URSPR_BESLUTSDATUM":"2004-12-13"}},{"type":"Feature","geometry":{"type":"MultiPolygon","coordinates":[[[[13.47636,57.03298],[13.47639,57.03303],[13.47639,57.03303],[13.47642,57.03306],[13.47648,57.03307],[13.47648,57.03307],[13.47656,57.03306],[13.47661,57.03303],[13.4766,57.03298],[13.47651,57.03292],[13.47651,57.03292],[13.47645,57.03291],[13.47645,57.03291],[13.47639,57.03294],[13.47638,57.03296],[13.47636,57.03298]]],[[[13.47585,57.03281],[13.47587,57.03283],[13.47587,57.03283],[13.4759,57.03284],[13.47595,57.03284],[13.47595,57.03284],[13.47599,57.03282],[13.47599,57.03276],[13.47604,57.03274],[13.47612,57.03275],[13.47612,57.03275],[13.47612,57.03275],[13.47616,57.03273],[13.47619,57.03268],[13.47619,57.03268],[13.47619,57.03268],[13.47616,57.03266],[13.47616,57.03266],[13.47609,57.03267],[13.47607,57.03264],[13.47607,57.03264],[13.47607,57.03264],[13.47601,57.03263],[13.47593,57.03263],[13.47593,57.03263],[13.47593,57.03263],[13.47592,57.03267],[13.47586,57.03269],[13.47582,57.03271],[13.4758,57.03274],[13.4758,57.03274],[13.47582,57.03277],[13.47586,57.03278],[13.47585,57.03281]]],[[[13.47743,57.02978],[13.47749,57.02983],[13.47753,57.0299],[13.47758,57.02998],[13.47751,57.03005],[13.47751,57.03005],[13.47751,57.03021],[13.47751,57.03039],[13.47754,57.03051],[13.47766,57.0307],[13.47777,57.03086],[13.47788,57.03102],[13.47795,57.03118],[13.47791,57.03137],[13.47787,57.03155],[13.4778,57.03167],[13.47786,57.03191],[13.47795,57.03206],[13.47809,57.03222],[13.47826,57.0324],[13.47844,57.03255],[13.47851,57.03267],[13.47852,57.0329],[13.47852,57.03314],[13.47849,57.03328],[13.47849,57.03344],[13.47858,57.03357],[13.47873,57.03369],[13.47883,57.03377],[13.47896,57.03391],[13.47894,57.03403],[13.47893,57.03411],[13.47898,57.0342],[13.47912,57.03429],[13.47929,57.03443],[13.4794,57.03458],[13.47948,57.03464],[13.47948,57.03464],[13.47948,57.03464],[13.47973,57.03457],[13.47983,57.03451],[13.47999,57.03441],[13.48014,57.03428],[13.4802,57.03418],[13.48025,57.03407],[13.48026,57.03398],[13.48033,57.03395],[13.48034,57.03394],[13.48041,57.03385],[13.4804,57.03375],[13.48032,57.03363],[13.48017,57.03351],[13.48018,57.03341],[13.48011,57.03333],[13.48013,57.03324],[13.4801,57.03312],[13.47996,57.03294],[13.47984,57.03284],[13.47943,57.03264],[13.47921,57.03255],[13.47907,57.03242],[13.47892,57.03235],[13.47898,57.03223],[13.47899,57.03205],[13.47894,57.03188],[13.47884,57.03174],[13.47869,57.03162],[13.47855,57.03152],[13.47845,57.03142],[13.47847,57.03117],[13.47852,57.031],[13.47855,57.03081],[13.47855,57.03068],[13.47846,57.03055],[13.47825,57.03039],[13.47824,57.03031],[13.47812,57.03024],[13.478,57.03017],[13.47792,57.03009],[13.47778,57.02996],[13.47775,57.02986],[13.47769,57.02976],[13.47769,57.02976],[13.47769,57.02976],[13.47739,57.02975],[13.47739,57.02975],[13.47739,57.02975],[13.47739,57.02975],[13.47743,57.02978]]]]},"properties":{"NVRID":"2002002","NAMN":"Sikö","SKYDDSTYP":"Naturreservat","LAN":"Hallands Län","KOMMUN":"Hylte","IUCNKATEGORI":"0, Områden som ej kan klassificeras enligt IUCN: s system.","FORVALTARE":"Enskild markägare","AREA_HA":3.205,"URSPR_BESLUTSDATUM":"1957-08-16"}},{"type":"Feature","geometry":{"type":"Polygon","coordinates":[[[12.48393,57.1429],[12.48387,57.14369],[12.48375,57.14472],[12.48375,57.14472],[12.48375,57.14472],[12.48375,57.14472],[12.48636,57.1443],[12.48669,57.14425],[12.4882,57.14537],[12.4882,57.14537],[12.4882,57.14537],[12.48846,57.14532],[12.4891,57.14524],[12.4891,57.14524],[12.4891,57.14524],[12.48914,57.14478],[12.48936,57.14464],[12.49022,57.14446],[12.49069,57.14424],[12.49069,57.14424],[12.49089,57.14396],[12.49126,57.14373],[12.49239,57.14312],[12.49257,57.14307],[12.49257,57.14307],[12.49257,57.14307],[12.49222,57.142],[12.49222,57.142],[12.49221,57.142],[12.48915,57.14214],[12.48714,57.14224],[12.48703,57.14182],[12.48703,57.14182],[12.48703,57.14182],[12.48575,57.14174],[12.48332,57.14195],[12.4819,57.14207],[12.4819,57.14207],[12.4819,57.14207],[12.48193,57.14287],[12.48193,57.14287],[12.48193,57.14287],[12.48193,57.14287],[12.48393,57.1429]]]},"properties":{"NVRID":"2045059","NAMN":"Hovgård","SKYDDSTYP":"Naturreservat","LAN":"Hallands Län","KOMMUN":"Varberg","IUCNKATEGORI":"IV, Habitat/Artskyddsområde (Habitat/Species Management Area)","FORVALTARE":"Länsstyrelsen i Hallands län","AREA_HA":15.338,"URSPR_BESLUTSDATUM":"2016-11-23"}},{"type":"Feature","geometry":{"type":"MultiPolygon","coordinates":[[[[13.07119,56.54524],[13.07119,56.54524],[13.07119,56.54524],[13.07119,56.54524],[13.07163,56.5457],[13.07163,56.5457],[13.07163,56.5457],[13.07508,56.54534],[13.07508,56.54534],[13.07508,56.54534],[13.07488,56.54487],[13.07488,56.54487],[13.07488,56.54487],[13.07119,56.54524]]],[[[13.06992,56.54695],[13.06992,56.54695],[13.06992,56.54695],[13.07245,56.54668],[13.07245,56.54668],[13.07245,56.54668],[13.07085,56.54509],[13.07067,56.54486],[13.07063,56.54475],[13.07063,56.54461],[13.07065,56.54448],[13.07069,56.54442],[13.07069,56.54442],[13.07069,56.54442],[13.07069,56.54442],[13.06873,56.54433],[13.06873,56.54433],[13.06873,56.54433],[13.06884,56.54458],[13.06933,56.54567],[13.06992,56.54695]]],[[[13.08458,56.54941],[13.08463,56.55061],[13.08468,56.55185],[13.08468,56.55185],[13.08468,56.55185],[13.08468,56.55185],[13.08579,56.55177],[13.08677,56.55171],[13.08697,56.5517],[13.08777,56.55165],[13.08813,56.55162],[13.08843,56.55158],[13.08911,56.55147],[13.08911,56.55147],[13.08913,56.55144],[13.08976,56.54989],[13.08976,56.54989],[13.08976,56.54989],[13.08976,56.54989],[13.08976,56.54989],[13.08976,56.54989],[13.08976,56.54989],[13.08961,56.55006],[13.08778,56.55038],[13.08741,56.5504],[13.08698,56.55032],[13.08649,56.55016],[13.08623,56.55001],[13.08607,56.54986],[13.08599,56.5497],[13.08586,56.54948],[13.08587,56.54934],[13.08597,56.54916],[13.08614,56.54889],[13.08641,56.54882],[13.08663,56.54884],[13.08681,56.54884],[13.08696,56.54884],[13.08706,56.54882],[13.08712,56.5488],[13.08717,56.54876],[13.08719,56.54868],[13.0872,56.54862],[13.08717,56.54852],[13.08707,56.54827],[13.08702,56.5482],[13.08693,56.54812],[13.08673,56.54801],[13.08659,56.54786],[13.08644,56.54767],[13.0863,56.54757],[13.0862,56.54742],[13.08635,56.54736],[13.08676,56.54741],[13.087,56.54741],[13.08783,56.54737],[13.08837,56.54744],[13.08869,56.54745],[13.08922,56.54754],[13.08962,56.54763],[13.09003,56.54781],[13.09019,56.54801],[13.09037,56.54822],[13.09042,56.5483],[13.09042,56.5483],[13.09042,56.5483],[13.09042,56.5483],[13.09042,56.5483],[13.09111,56.54664],[13.09111,56.54664],[13.09111,56.54664],[13.09111,56.54664],[13.09109,56.54665],[13.09092,56.54666],[13.09087,56.54666],[13.09016,56.54672],[13.08953,56.54678],[13.08943,56.54678],[13.08934,56.54679],[13.08929,56.54679],[13.08877,56.54685],[13.08798,56.54691],[13.08738,56.54697],[13.08699,56.547],[13.08655,56.54706],[13.0864,56.54708],[13.08597,56.54715],[13.08579,56.54718],[13.08559,56.5472],[13.08531,56.54721],[13.08522,56.54722],[13.08483,56.54727],[13.08477,56.54728],[13.08435,56.54732],[13.08425,56.54734],[13.08411,56.54737],[13.08393,56.5474],[13.08362,56.54746],[13.08357,56.54746],[13.08342,56.5475],[13.08333,56.54752],[13.08308,56.54758],[13.08294,56.54762],[13.08254,56.54775],[13.08236,56.5478],[13.08214,56.54787],[13.082,56.54791],[13.08184,56.54796],[13.08181,56.54798],[13.08178,56.548],[13.08172,56.54807],[13.0817,56.5481],[13.08167,56.54811],[13.0815,56.5482],[13.08128,56.54831],[13.08118,56.54836],[13.08093,56.54848],[13.08093,56.54848],[13.0812,56.54956],[13.08133,56.55008],[13.08139,56.55037],[13.08139,56.55037],[13.08139,56.55037],[13.08139,56.55037],[13.0814,56.55037],[13.08263,56.54972],[13.08452,56.54914],[13.08458,56.54941]]]]},"properties":{"NVRID":"2044049","NAMN":"Vessinge sandhedar","SKYDDSTYP":"Naturreservat","LAN":"Hallands Län","KOMMUN":"Laholm","IUCNKATEGORI":"IV, Habitat/Artskyddsområde (Habitat/Species Management Area)","FORVALTARE":"Länsstyrelsen i Hallands län","AREA_HA":20.116,"URSPR_BESLUTSDATUM":"2018-09-05"}},{"type":"Feature","geometry":{"type":"Polygon","coordinates":[[[12.21389,57.16361],[12.21393,57.16358],[12.21402,57.16356],[12.21402,57.16356],[12.21411,57.16351],[12.21418,57.16346],[12.21424,57.16338],[12.21424,57.16333],[12.21429,57.16329],[12.21435,57.16324],[12.21441,57.16319],[12.21449,57.16311],[12.21455,57.16304],[12.21463,57.16297],[12.21469,57.16292],[12.2148,57.16288],[12.21485,57.16282],[12.21492,57.16274],[12.21498,57.16267],[12.21506,57.16259],[12.21513,57.16252],[12.21519,57.16246],[12.21528,57.16239],[12.21541,57.16235],[12.21547,57.16233],[12.21553,57.16231],[12.21559,57.16225],[12.2157,57.16218],[12.21572,57.16215],[12.21579,57.16214],[12.21579,57.16214],[12.21579,57.16214],[12.21578,57.16209],[12.21582,57.16185],[12.2159,57.16167],[12.21592,57.16164],[12.21623,57.1616],[12.21624,57.16162],[12.21626,57.16163],[12.21626,57.16163],[12.21626,57.16163],[12.2163,57.16163],[12.21637,57.16175],[12.2163,57.16181],[12.21625,57.16195],[12.21631,57.16212],[12.21631,57.16212],[12.21631,57.16212],[12.21641,57.16212],[12.21655,57.1621],[12.21669,57.16209],[12.21676,57.16209],[12.21682,57.16209],[12.21685,57.1621],[12.21685,57.1621],[12.21688,57.1621],[12.21688,57.1621],[12.21688,57.1621],[12.21691,57.16205],[12.21715,57.16199],[12.21719,57.16202],[12.21717,57.16203],[12.21704,57.16209],[12.21704,57.16209],[12.21703,57.1621],[12.21704,57.16214],[12.21705,57.16215],[12.21705,57.16215],[12.21713,57.16215],[12.21712,57.16218],[12.21714,57.16222],[12.21706,57.16223],[12.21706,57.16223],[12.21706,57.16223],[12.21712,57.16231],[12.21718,57.16235],[12.2172,57.16236],[12.2172,57.16236],[12.21744,57.16235],[12.21759,57.1623],[12.21771,57.16228],[12.21775,57.16226],[12.21783,57.16224],[12.21784,57.16224],[12.21792,57.16216],[12.21812,57.16221],[12.21803,57.16238],[12.21802,57.16242],[12.21801,57.16244],[12.21801,57.16244],[12.21801,57.16244],[12.21813,57.16248],[12.21836,57.16252],[12.21842,57.16253],[12.21854,57.16252],[12.21864,57.16252],[12.21872,57.16255],[12.21873,57.16258],[12.21873,57.16258],[12.21875,57.16258],[12.2189,57.16264],[12.21889,57.16264],[12.2189,57.16264],[12.219,57.16271],[12.21904,57.16276],[12.21887,57.16297],[12.21887,57.16297],[12.21887,57.16297],[12.21887,57.16297],[12.21902,57.16298],[12.22085,57.16327],[12.22094,57.16331],[12.22121,57.16343],[12.22122,57.16344],[12.22122,57.16344],[12.22123,57.16344],[12.22144,57.16357],[12.22168,57.16369],[12.22194,57.16377],[12.22263,57.16399],[12.22263,57.16399],[12.22263,57.16399],[12.22271,57.16406],[12.22281,57.16411],[12.22289,57.16419],[12.22294,57.16425],[12.22295,57.16428],[12.22293,57.16435],[12.22287,57.1646],[12.22282,57.16477],[12.22282,57.16478],[12.22279,57.16482],[12.22272,57.16491],[12.22267,57.16497],[12.22255,57.16511],[12.22255,57.16511],[12.22255,57.16511],[12.22376,57.16547],[12.22494,57.16582],[12.22483,57.16592],[12.22483,57.16592],[12.22483,57.16592],[12.22559,57.16615],[12.22614,57.16633],[12.22834,57.167],[12.22834,57.167],[12.22834,57.167],[12.22844,57.16692],[12.23143,57.16783],[12.23143,57.16783],[12.23143,57.16783],[12.23265,57.16677],[12.23342,57.16613],[12.2363,57.16381],[12.2363,57.16381],[12.2363,57.16381],[12.23563,57.16363],[12.23835,57.16187],[12.23847,57.1617],[12.23864,57.16156],[12.23895,57.16142],[12.24072,57.16027],[12.24104,57.16002],[12.24104,57.16002],[12.24104,57.16002],[12.24034,57.15975],[12.23966,57.15949],[12.23914,57.15929],[12.23876,57.15914],[12.23898,57.15797],[12.23864,57.15752],[12.23842,57.15721],[12.23835,57.15711],[12.2377,57.15676],[12.23711,57.15641],[12.23706,57.15638],[12.2368,57.15622],[12.23634,57.15597],[12.23373,57.15551],[12.23342,57.15545],[12.23328,57.15543],[12.2325,57.15538],[12.23181,57.15533],[12.23166,57.15535],[12.2315,57.15536],[12.23111,57.15539],[12.23082,57.15549],[12.23039,57.15564],[12.23026,57.15566],[12.23024,57.15567],[12.22984,57.15576],[12.22983,57.15576],[12.23077,57.1551],[12.23116,57.15483],[12.23143,57.15464],[12.2317,57.15445],[12.23197,57.15426],[12.23314,57.15345],[12.23314,57.15344],[12.23314,57.15344],[12.23314,57.15344],[12.23275,57.15327],[12.23251,57.15293],[12.23195,57.15258],[12.23192,57.15257],[12.23189,57.15255],[12.23189,57.15255],[12.23188,57.15254],[12.23186,57.15254],[12.2318,57.15248],[12.2318,57.15248],[12.23175,57.15248],[12.23172,57.15247],[12.23172,57.15247],[12.23158,57.15245],[12.23146,57.15243],[12.23139,57.15242],[12.23134,57.15242],[12.23134,57.15242],[12.23127,57.15244],[12.23123,57.15245],[12.2312,57.15245],[12.23116,57.15247],[12.23096,57.15249],[12.23085,57.15251],[12.23078,57.15252],[12.23074,57.15253],[12.23069,57.15252],[12.23064,57.15252],[12.23051,57.15245],[12.2305,57.15245],[12.23048,57.15245],[12.23022,57.15239],[12.23021,57.15237],[12.23019,57.15236],[12.23015,57.15235],[12.23014,57.15228],[12.23014,57.15228],[12.23012,57.15227],[12.23014,57.15225],[12.23013,57.15223],[12.23009,57.15218],[12.23007,57.15215],[12.23,57.15203],[12.22997,57.15201],[12.22992,57.15198],[12.22992,57.15198],[12.22992,57.15198],[12.22991,57.15198],[12.22941,57.1523],[12.22912,57.15248],[12.22883,57.15267],[12.22766,57.15341],[12.22688,57.15393],[12.22658,57.15413],[12.22612,57.15414],[12.22612,57.15414],[12.22612,57.15414],[12.22612,57.15436],[12.22188,57.15663],[12.21934,57.15801],[12.20999,57.15883],[12.20998,57.15884],[12.20998,57.15884],[12.20998,57.15884],[12.21384,57.16367],[12.21384,57.16367],[12.21384,57.16367],[12.21384,57.16367],[12.21389,57.16364],[12.21389,57.16364],[12.21389,57.16361]]]},"properties":{"NVRID":"2001976","NAMN":"Gamla Varberg och Fyrkullens kustlandskap","SKYDDSTYP":"Naturreservat","LAN":"Hallands Län","KOMMUN":"Varberg","IUCNKATEGORI":"IV, Habitat/Artskyddsområde (Habitat/Species Management Area)","FORVALTARE":"Länsstyrelsen i Hallands län","AREA_HA":157.03,"URSPR_BESLUTSDATUM":"1966-08-02"}},{"type":"Feature","geometry":{"type":"Polygon","coordinates":[[[12.83025,56.6659],[12.83045,56.66598],[12.8304,56.66602],[12.8304,56.66602],[12.8304,56.66602],[12.83055,56.66608],[12.83078,56.66617],[12.83108,56.66629],[12.8313,56.66638],[12.8317,56.66654],[12.83186,56.6666],[12.83205,56.66667],[12.8321,56.66669],[12.83222,56.66672],[12.83232,56.66674],[12.83253,56.66679],[12.83289,56.66687],[12.83334,56.66697],[12.83352,56.66701],[12.83382,56.66708],[12.83404,56.66713],[12.83426,56.66718],[12.83442,56.66721],[12.83462,56.66724],[12.83537,56.66734],[12.83554,56.66738],[12.8356,56.66739],[12.83645,56.66742],[12.83645,56.66742],[12.83645,56.66742],[12.83658,56.66711],[12.83759,56.66717],[12.83977,56.66717],[12.8398,56.66734],[12.8398,56.66734],[12.8398,56.66734],[12.8398,56.66734],[12.83993,56.66733],[12.84004,56.66732],[12.84008,56.66733],[12.8401,56.66733],[12.84013,56.66733],[12.84015,56.66734],[12.84017,56.66734],[12.84019,56.66735],[12.84021,56.66736],[12.84022,56.66737],[12.84026,56.6674],[12.84029,56.66741],[12.84032,56.66742],[12.84034,56.66743],[12.84037,56.66744],[12.84041,56.66744],[12.84079,56.66747],[12.84079,56.66747],[12.84079,56.66747],[12.84081,56.66744],[12.84082,56.66737],[12.84063,56.66702],[12.8406,56.66687],[12.84054,56.6665],[12.84052,56.66638],[12.84051,56.66637],[12.84051,56.66636],[12.8405,56.66635],[12.84043,56.66632],[12.84041,56.66631],[12.8404,56.66629],[12.84041,56.66627],[12.84042,56.66626],[12.84044,56.66625],[12.84047,56.66624],[12.8405,56.66623],[12.84055,56.66623],[12.84061,56.66623],[12.8406,56.66633],[12.8406,56.66643],[12.84061,56.6665],[12.84067,56.66687],[12.8407,56.66702],[12.84087,56.66737],[12.84088,56.66745],[12.8409,56.66749],[12.8409,56.66749],[12.8409,56.66749],[12.84101,56.6675],[12.84101,56.6675],[12.84101,56.6675],[12.84101,56.6675],[12.84122,56.66674],[12.84153,56.66676],[12.84153,56.66676],[12.84153,56.66676],[12.84153,56.66676],[12.84161,56.66649],[12.84219,56.66652],[12.84275,56.66649],[12.84275,56.66649],[12.8428,56.66644],[12.84414,56.66507],[12.84615,56.66328],[12.84615,56.66328],[12.84615,56.66328],[12.84567,56.66287],[12.84529,56.66264],[12.84532,56.66251],[12.84545,56.66238],[12.84564,56.66225],[12.84614,56.66205],[12.84625,56.66197],[12.84638,56.66176],[12.84659,56.66158],[12.84728,56.66111],[12.84758,56.6607],[12.84784,56.66053],[12.84791,56.66048],[12.84791,56.66048],[12.84791,56.66048],[12.84791,56.66048],[12.84791,56.66048],[12.84773,56.66047],[12.84752,56.66046],[12.8474,56.66044],[12.84724,56.66041],[12.84696,56.66028],[12.84496,56.65951],[12.84496,56.65951],[12.84496,56.65951],[12.84467,56.65974],[12.84378,56.66031],[12.84263,56.66093],[12.84172,56.66133],[12.84091,56.66163],[12.83938,56.66203],[12.83664,56.66265],[12.83554,56.66286],[12.83406,56.66305],[12.83273,56.66317],[12.8315,56.66325],[12.82973,56.66324],[12.82889,56.66318],[12.82889,56.66318],[12.82889,56.66318],[12.82853,56.6639],[12.82819,56.66458],[12.82819,56.66458],[12.82819,56.66458],[12.82826,56.66462],[12.82839,56.66469],[12.82843,56.66472],[12.82848,56.66475],[12.82859,56.66483],[12.82872,56.66494],[12.82886,56.66505],[12.82896,56.66513],[12.82922,56.66531],[12.82934,56.6654],[12.82957,56.66557],[12.82974,56.66568],[12.82993,56.66581],[12.83006,56.66588],[12.8302,56.66594],[12.83021,56.66594],[12.83021,56.66594],[12.83025,56.6659]]]},"properties":{"NVRID":"2051059","NAMN":"Alet","SKYDDSTYP":"Naturreservat","LAN":"Hallands Län","KOMMUN":"Halmstad","IUCNKATEGORI":"Ia, Strikt naturreservat (Strict Nature Reserve)","FORVALTARE":"Halmstads kommun","AREA_HA":52.686,"URSPR_BESLUTSDATUM":"2020-02-13"}},{"type":"Feature","geometry":{"type":"Polygon","coordinates":[[[13.00534,56.84242],[13.00519,56.84263],[13.00519,56.84264],[13.00572,56.84312],[13.00607,56.84343],[13.00576,56.84363],[13.00576,56.84363],[13.00576,56.84363],[13.00767,56.84457],[13.00753,56.84469],[13.00721,56.8449],[13.00709,56.84501],[13.00706,56.84512],[13.00706,56.84522],[13.00709,56.84532],[13.00732,56.8458],[13.00777,56.84677],[13.00805,56.84714],[13.00824,56.84743],[13.00826,56.84752],[13.00826,56.84759],[13.00818,56.84772],[13.00793,56.84796],[13.00781,56.84811],[13.0078,56.8482],[13.00783,56.84829],[13.00807,56.84862],[13.00635,56.84889],[13.00635,56.84889],[13.00635,56.84889],[13.00641,56.84933],[13.00776,56.85],[13.00974,56.85019],[13.00974,56.85019],[13.00974,56.85019],[13.0101,56.84993],[13.01028,56.84997],[13.0105,56.85001],[13.01074,56.85006],[13.01093,56.85014],[13.0111,56.85025],[13.01119,56.85038],[13.01119,56.85041],[13.01091,56.85068],[13.0098,56.85147],[13.0098,56.85147],[13.00995,56.85197],[13.00995,56.85197],[13.00995,56.85197],[13.00995,56.85197],[13.01057,56.85176],[13.01165,56.85266],[13.01134,56.85281],[13.01134,56.85281],[13.01134,56.85282],[13.01192,56.85319],[13.012,56.85334],[13.01166,56.85351],[13.01166,56.85351],[13.01166,56.85351],[13.01226,56.85385],[13.0112,56.85425],[13.0112,56.85425],[13.0112,56.85425],[13.0112,56.85425],[13.01187,56.85476],[13.01187,56.85476],[13.01187,56.85476],[13.0129,56.85421],[13.01487,56.85447],[13.01487,56.85447],[13.01535,56.85431],[13.01535,56.85431],[13.01645,56.85338],[13.0155,56.85155],[13.01633,56.85126],[13.01634,56.85126],[13.01634,56.85126],[13.01633,56.85126],[13.01474,56.85035],[13.01417,56.84981],[13.01679,56.84842],[13.01711,56.84875],[13.01711,56.84875],[13.01712,56.84875],[13.01817,56.84872],[13.01848,56.84893],[13.01859,56.84898],[13.01945,56.84922],[13.01961,56.84924],[13.01976,56.84925],[13.02078,56.84924],[13.02105,56.84949],[13.02105,56.84949],[13.02105,56.84949],[13.02105,56.84949],[13.02147,56.84927],[13.02147,56.84926],[13.02147,56.84926],[13.02134,56.84919],[13.02162,56.84904],[13.02162,56.84904],[13.02162,56.84904],[13.02061,56.84848],[13.01929,56.84773],[13.01802,56.84706],[13.0174,56.84678],[13.01577,56.84626],[13.01539,56.84623],[13.01456,56.84595],[13.01283,56.84527],[13.00928,56.84384],[13.00888,56.84371],[13.00798,56.84334],[13.00721,56.84309],[13.00534,56.84242],[13.00534,56.84242],[13.00534,56.84242]]]},"properties":{"NVRID":"2014270","NAMN":"Spenshult","SKYDDSTYP":"Naturreservat","LAN":"Hallands Län","KOMMUN":"Halmstad","IUCNKATEGORI":"Ia, Strikt naturreservat (Strict Nature Reserve)","FORVALTARE":"Länsstyrelsen i Hallands län","AREA_HA":50.203,"URSPR_BESLUTSDATUM":"2008-10-16"}},{"type":"Feature","geometry":{"type":"Polygon","coordinates":[[[12.78157,57.06551],[12.76887,57.06409],[12.76137,57.06549],[12.76137,57.06549],[12.76137,57.06549],[12.76137,57.06549],[12.76613,57.06844],[12.77714,57.07507],[12.77714,57.07507],[12.77714,57.07507],[12.77714,57.07506],[12.78072,57.07259],[12.78216,57.07181],[12.78354,57.07288],[12.78354,57.07288],[12.78354,57.07288],[12.7956,57.06785],[12.79588,57.0678],[12.79588,57.0678],[12.79588,57.0678],[12.79588,57.0678],[12.79579,57.06762],[12.79571,57.06752],[12.7956,57.06743],[12.79544,57.06729],[12.79524,57.06709],[12.79512,57.06697],[12.79503,57.06687],[12.79491,57.06671],[12.79473,57.06654],[12.79454,57.0664],[12.79423,57.06619],[12.79372,57.06591],[12.79346,57.06576],[12.7933,57.06568],[12.79312,57.06553],[12.79298,57.06534],[12.79279,57.06514],[12.79256,57.06487],[12.79256,57.06487],[12.79256,57.06487],[12.79256,57.06487],[12.79117,57.0653],[12.79116,57.0653],[12.7911,57.06543],[12.78964,57.06564],[12.78918,57.06555],[12.78918,57.06555],[12.78906,57.06561],[12.78889,57.0656],[12.78888,57.0655],[12.78878,57.06537],[12.78866,57.06526],[12.7883,57.06509],[12.78798,57.06495],[12.78746,57.06476],[12.78716,57.06468],[12.78667,57.0646],[12.78611,57.06453],[12.78581,57.06449],[12.78564,57.06446],[12.78556,57.0644],[12.7854,57.06435],[12.78499,57.0643],[12.78475,57.06418],[12.78456,57.06398],[12.7844,57.06376],[12.78409,57.06354],[12.78383,57.06342],[12.78323,57.06325],[12.7828,57.06312],[12.78232,57.06295],[12.78204,57.06283],[12.78186,57.06273],[12.78171,57.06267],[12.78171,57.06267],[12.78171,57.06267],[12.78171,57.06267],[12.78134,57.0629],[12.78103,57.06304],[12.78087,57.06324],[12.78078,57.06342],[12.78076,57.0636],[12.7808,57.06374],[12.7808,57.06374],[12.78102,57.06384],[12.78119,57.06386],[12.78146,57.06396],[12.78157,57.06407],[12.78169,57.0642],[12.7817,57.06439],[12.78167,57.06455],[12.78153,57.06473],[12.78153,57.06473],[12.78153,57.06473],[12.7819,57.06485],[12.78226,57.06497],[12.78226,57.06497],[12.78226,57.06497],[12.78256,57.06486],[12.78282,57.06478],[12.78306,57.06468],[12.78322,57.06465],[12.78339,57.06462],[12.78365,57.06476],[12.7838,57.06488],[12.78386,57.06495],[12.78363,57.06499],[12.78345,57.06502],[12.7833,57.06505],[12.78312,57.06514],[12.78297,57.06521],[12.78268,57.06527],[12.78236,57.06535],[12.78194,57.06543],[12.78157,57.06551]]]},"properties":{"NVRID":"2001996","NAMN":"Bergs naturskog","SKYDDSTYP":"Naturreservat","LAN":"Hallands Län","KOMMUN":"Falkenberg","IUCNKATEGORI":"Ia, Strikt naturreservat (Strict Nature Reserve)","FORVALTARE":"Länsstyrelsen i Hallands län","AREA_HA":139.267,"URSPR_BESLUTSDATUM":"1992-04-24"}},{"type":"Feature","geometry":{"type":"Polygon","coordinates":[[[12.76954,56.73621],[12.76955,56.73698],[12.76963,56.73771],[12.76965,56.73773],[12.76969,56.73776],[12.7697,56.73782],[12.76971,56.73785],[12.76971,56.7379],[12.76972,56.73802],[12.76973,56.73813],[12.76973,56.73819],[12.76973,56.73824],[12.76988,56.73849],[12.76984,56.73853],[12.76984,56.73854],[12.77004,56.73893],[12.77017,56.73925],[12.77018,56.73925],[12.77053,56.73942],[12.77112,56.73944],[12.77148,56.73976],[12.77218,56.74053],[12.77217,56.74055],[12.77215,56.74058],[12.77214,56.74062],[12.77211,56.74068],[12.77208,56.74072],[12.77204,56.74074],[12.77188,56.74081],[12.77178,56.74082],[12.77171,56.74082],[12.77171,56.74082],[12.77096,56.74111],[12.77096,56.74111],[12.77096,56.74112],[12.77096,56.74112],[12.77139,56.74129],[12.77188,56.74153],[12.77188,56.74153],[12.77188,56.74153],[12.77188,56.74153],[12.77391,56.74036],[12.77391,56.74036],[12.77552,56.73753],[12.7772,56.73474],[12.7772,56.73474],[12.7772,56.73474],[12.77719,56.73474],[12.76665,56.73294],[12.76665,56.73294],[12.76665,56.73294],[12.76665,56.73294],[12.76596,56.73491],[12.76596,56.73491],[12.76596,56.73491],[12.76622,56.73498],[12.76643,56.73506],[12.7667,56.73518],[12.76684,56.73531],[12.767,56.73557],[12.76716,56.73567],[12.76743,56.73581],[12.76758,56.73597],[12.76759,56.73597],[12.76765,56.73597],[12.76818,56.73614],[12.76849,56.7362],[12.76888,56.7362],[12.76946,56.7362],[12.76954,56.73621]]]},"properties":{"NVRID":"2030169","NAMN":"Mannarp","SKYDDSTYP":"Naturreservat","LAN":"Hallands Län","KOMMUN":"Halmstad","IUCNKATEGORI":"Ia, Strikt naturreservat (Strict Nature Reserve)","FORVALTARE":"Länsstyrelsen i Hallands län","AREA_HA":31.525,"URSPR_BESLUTSDATUM":"2012-03-22"}},{"type":"Feature","geometry":{"type":"Polygon","coordinates":[[[13.12431,56.70608],[13.12581,56.70905],[13.12581,56.70905],[13.12581,56.70905],[13.12581,56.70905],[13.12604,56.70894],[13.12618,56.70889],[13.12632,56.70868],[13.12661,56.70856],[13.12674,56.70847],[13.1268,56.70835],[13.1268,56.70834],[13.12679,56.70826],[13.12677,56.70822],[13.12682,56.70808],[13.12764,56.70817],[13.12738,56.70868],[13.12726,56.7087],[13.12723,56.70871],[13.12722,56.70871],[13.12684,56.70888],[13.12662,56.70899],[13.12613,56.70904],[13.12581,56.70905],[13.12581,56.70905],[13.12581,56.70905],[13.12686,56.71212],[13.12731,56.71328],[13.12731,56.71328],[13.12931,56.71474],[13.13394,56.71557],[13.13395,56.71557],[13.13395,56.71557],[13.13395,56.71556],[13.13424,56.71434],[13.13424,56.71413],[13.13425,56.71392],[13.13424,56.7137],[13.13434,56.71349],[13.13444,56.71335],[13.13449,56.71314],[13.13473,56.71293],[13.13505,56.71277],[13.13583,56.71254],[13.13616,56.71244],[13.13624,56.71243],[13.13624,56.71243],[13.13624,56.71243],[13.13633,56.71234],[13.13638,56.71221],[13.13638,56.71217],[13.13638,56.71217],[13.13638,56.71217],[13.13628,56.71214],[13.13626,56.71193],[13.13641,56.71159],[13.13658,56.71129],[13.13663,56.7112],[13.13674,56.71116],[13.13674,56.71116],[13.13689,56.7107],[13.13675,56.7106],[13.13647,56.71051],[13.13598,56.70993],[13.136,56.7098],[13.13618,56.70959],[13.13648,56.70918],[13.13652,56.70895],[13.13648,56.70871],[13.13656,56.7079],[13.1365,56.70754],[13.13678,56.70717],[13.1368,56.70701],[13.13697,56.70664],[13.13715,56.70645],[13.13739,56.70629],[13.13773,56.70625],[13.13814,56.70624],[13.13865,56.70649],[13.13898,56.70654],[13.13972,56.70657],[13.14069,56.70647],[13.1422,56.70634],[13.14285,56.70627],[13.14343,56.70614],[13.14375,56.70604],[13.14392,56.70599],[13.14406,56.70595],[13.14437,56.70584],[13.14454,56.70574],[13.14454,56.70574],[13.14459,56.70564],[13.14427,56.70484],[13.14429,56.70473],[13.14433,56.7046],[13.14432,56.70449],[13.14429,56.70443],[13.14428,56.70435],[13.14428,56.70433],[13.1442,56.70413],[13.1442,56.70413],[13.1442,56.70413],[13.13487,56.70532],[13.1326,56.70574],[13.12431,56.70607],[13.12431,56.70608],[13.12431,56.70608]],[[13.13158,56.70734],[13.13226,56.70728],[13.13237,56.7077],[13.13169,56.70776],[13.13158,56.70734]],[[13.13312,56.70661],[13.13336,56.70633],[13.13439,56.70658],[13.13402,56.70694],[13.13325,56.70663],[13.13312,56.70661]]]},"properties":{"NVRID":"2001421","NAMN":"Danska fall","SKYDDSTYP":"Naturreservat","LAN":"Hallands Län","KOMMUN":"Halmstad","IUCNKATEGORI":"IV, Habitat/Artskyddsområde (Habitat/Species Management Area)","FORVALTARE":"Länsstyrelsen i Hallands län","AREA_HA":69.51,"URSPR_BESLUTSDATUM":"2001-10-19"}},{"type":"Feature","geometry":{"type":"Polygon","coordinates":[[[12.78184,56.94916],[12.78176,56.94933],[12.78167,56.94941],[12.78167,56.94941],[12.78167,56.94941],[12.78167,56.94941],[12.78167,56.94941],[12.7823,56.94938],[12.78251,56.94966],[12.78176,56.94982],[12.78176,56.94982],[12.78176,56.94982],[12.78176,56.94997],[12.78166,56.95016],[12.78166,56.95016],[12.78171,56.95019],[12.78171,56.9502],[12.78171,56.9502],[12.78702,56.95022],[12.78702,56.95031],[12.78702,56.95031],[12.78702,56.95031],[12.78755,56.95032],[12.78783,56.95033],[12.78841,56.95043],[12.78864,56.95047],[12.78879,56.95055],[12.78887,56.95062],[12.78887,56.95072],[12.7884,56.95072],[12.78783,56.95071],[12.78783,56.95071],[12.78783,56.95071],[12.78781,56.95128],[12.78781,56.95128],[12.78969,56.95165],[12.78969,56.95165],[12.792,56.95147],[12.79292,56.95086],[12.79313,56.95066],[12.79324,56.95065],[12.79345,56.95064],[12.79386,56.9506],[12.79907,56.95012],[12.79907,56.95012],[12.79907,56.95012],[12.79906,56.95005],[12.79882,56.94984],[12.79901,56.94969],[12.80016,56.94881],[12.80016,56.94881],[12.79969,56.94801],[12.80048,56.94789],[12.80048,56.94789],[12.80048,56.94789],[12.80048,56.94789],[12.80003,56.9476],[12.79947,56.94746],[12.79913,56.94732],[12.79889,56.94712],[12.79873,56.94689],[12.79872,56.94689],[12.79872,56.94689],[12.79872,56.94689],[12.79636,56.94748],[12.79666,56.94627],[12.79666,56.94627],[12.79666,56.94627],[12.79623,56.94624],[12.79102,56.94589],[12.79102,56.94589],[12.79068,56.94601],[12.79015,56.9462],[12.78965,56.94638],[12.78704,56.9473],[12.78704,56.9473],[12.78704,56.9473],[12.78704,56.94746],[12.78659,56.9475],[12.78606,56.94764],[12.78488,56.94726],[12.78466,56.94668],[12.78499,56.94642],[12.78499,56.94642],[12.78499,56.94642],[12.78499,56.94641],[12.78499,56.94641],[12.78442,56.9464],[12.78373,56.94643],[12.78315,56.94669],[12.78276,56.94687],[12.78222,56.94695],[12.78185,56.94716],[12.78178,56.94735],[12.78178,56.94735],[12.78206,56.94762],[12.78213,56.94783],[12.78217,56.94813],[12.78196,56.94849],[12.78172,56.94915],[12.78172,56.94915],[12.78173,56.94915],[12.78184,56.94916]]]},"properties":{"NVRID":"2028010","NAMN":"Sjöred","SKYDDSTYP":"Naturreservat","LAN":"Hallands Län","KOMMUN":"Falkenberg","IUCNKATEGORI":"IV, Habitat/Artskyddsområde (Habitat/Species Management Area)","FORVALTARE":"Länsstyrelsen i Hallands län","AREA_HA":47.514,"URSPR_BESLUTSDATUM":"2011-09-22"}},{"type":"Feature","geometry":{"type":"Polygon","coordinates":[[[13.30546,56.62262],[13.30559,56.62621],[13.30559,56.62621],[13.30559,56.62621],[13.30559,56.62621],[13.3067,56.62626],[13.30767,56.62629],[13.30863,56.62633],[13.30932,56.62633],[13.30993,56.62627],[13.3106,56.62621],[13.31166,56.62609],[13.31243,56.62601],[13.31304,56.626],[13.31358,56.62606],[13.31443,56.62622],[13.31606,56.62654],[13.31714,56.62675],[13.31714,56.62675],[13.31715,56.62675],[13.3184,56.62533],[13.3184,56.62532],[13.3184,56.62532],[13.31839,56.62532],[13.31789,56.62526],[13.31738,56.62465],[13.31758,56.62462],[13.31758,56.62462],[13.31758,56.62462],[13.31758,56.62462],[13.31758,56.62462],[13.31758,56.62462],[13.31694,56.62458],[13.31643,56.62464],[13.31656,56.62427],[13.31656,56.62427],[13.31656,56.62427],[13.31559,56.624],[13.31581,56.62358],[13.31581,56.62358],[13.31578,56.62351],[13.31597,56.62343],[13.31629,56.6234],[13.31681,56.62338],[13.31681,56.62338],[13.31681,56.62338],[13.31681,56.62338],[13.31663,56.62305],[13.31746,56.62245],[13.31838,56.62196],[13.31848,56.62191],[13.31848,56.62191],[13.31849,56.62189],[13.31853,56.6218],[13.3186,56.62167],[13.3187,56.62144],[13.31888,56.62117],[13.31892,56.62108],[13.31897,56.62097],[13.31899,56.62086],[13.31898,56.62077],[13.31896,56.62068],[13.31891,56.62056],[13.31882,56.6204],[13.31878,56.6203],[13.31871,56.62009],[13.3187,56.62007],[13.31866,56.61998],[13.31861,56.61988],[13.31854,56.61979],[13.31846,56.61969],[13.31823,56.61945],[13.31821,56.61921],[13.3203,56.61939],[13.32228,56.61919],[13.32228,56.61919],[13.32228,56.61919],[13.32242,56.61776],[13.32124,56.61694],[13.32118,56.61661],[13.32122,56.61621],[13.32122,56.61621],[13.32028,56.61561],[13.31919,56.61535],[13.31952,56.61469],[13.31952,56.61469],[13.31952,56.61469],[13.31952,56.61469],[13.31952,56.61469],[13.30145,56.61575],[13.30145,56.61575],[13.30145,56.61575],[13.30024,56.61812],[13.30024,56.61812],[13.30184,56.61952],[13.30546,56.62262]]]},"properties":{"NVRID":"2030872","NAMN":"Åsbygget","SKYDDSTYP":"Naturreservat","LAN":"Hallands Län","KOMMUN":"Laholm","IUCNKATEGORI":"IV, Habitat/Artskyddsområde (Habitat/Species Management Area)","FORVALTARE":"Länsstyrelsen i Hallands län","AREA_HA":120.053,"URSPR_BESLUTSDATUM":"2012-06-07"}},{"type":"Feature","geometry":{"type":"Polygon","coordinates":[[[13.09752,56.49838],[13.09749,56.49835],[13.09743,56.49834],[13.09732,56.49833],[13.09724,56.49835],[13.09714,56.4984],[13.09705,56.49847],[13.09697,56.49853],[13.09688,56.49859],[13.09684,56.49863],[13.09684,56.49863],[13.09684,56.49868],[13.09687,56.49871],[13.09695,56.49875],[13.09707,56.49879],[13.09717,56.49881],[13.09728,56.49881],[13.09744,56.49878],[13.09765,56.49874],[13.09784,56.49871],[13.09799,56.4987],[13.09813,56.49867],[13.09819,56.49868],[13.09819,56.49869],[13.09826,56.49868],[13.09839,56.49866],[13.09856,56.49864],[13.09878,56.4986],[13.09905,56.49855],[13.09922,56.49853],[13.09937,56.49854],[13.09957,56.49852],[13.1,56.49848],[13.10043,56.49844],[13.1008,56.49839],[13.10114,56.49834],[13.1015,56.4983],[13.10196,56.49823],[13.10238,56.49819],[13.10273,56.49816],[13.10311,56.49812],[13.10341,56.49811],[13.10369,56.4981],[13.10385,56.4981],[13.10414,56.4981],[13.10447,56.49811],[13.10476,56.49813],[13.10509,56.49815],[13.1054,56.49818],[13.10565,56.49821],[13.10572,56.49822],[13.10572,56.49822],[13.10697,56.49778],[13.10697,56.49778],[13.10696,56.49763],[13.10825,56.4975],[13.10913,56.4975],[13.11004,56.49757],[13.11042,56.49753],[13.11078,56.49766],[13.11097,56.4978],[13.11097,56.4978],[13.11134,56.49777],[13.11317,56.49819],[13.11371,56.49835],[13.11421,56.49847],[13.11442,56.49847],[13.11442,56.49847],[13.11464,56.49829],[13.11506,56.49836],[13.11512,56.49856],[13.11512,56.49856],[13.11561,56.49874],[13.1159,56.4989],[13.1161,56.49925],[13.11623,56.49937],[13.1164,56.49947],[13.11608,56.49978],[13.1161,56.49986],[13.11609,56.5],[13.11609,56.5],[13.11609,56.5],[13.11644,56.50003],[13.11675,56.49993],[13.11685,56.49989],[13.11699,56.50006],[13.11737,56.50025],[13.11737,56.50025],[13.11781,56.50023],[13.11867,56.50048],[13.11905,56.50065],[13.1191,56.5007],[13.11968,56.50108],[13.11976,56.5012],[13.11973,56.50135],[13.11949,56.50148],[13.11949,56.50148],[13.1192,56.5021],[13.11896,56.50261],[13.1186,56.50254],[13.1186,56.50254],[13.1186,56.50254],[13.11819,56.50321],[13.11819,56.50321],[13.11819,56.50321],[13.11866,56.50336],[13.11962,56.50363],[13.11976,56.50366],[13.11995,56.50372],[13.12007,56.50374],[13.12023,56.50374],[13.12037,56.50373],[13.12044,56.50374],[13.12057,56.5038],[13.12076,56.50388],[13.12095,56.50396],[13.12123,56.50403],[13.12167,56.50412],[13.122,56.5042],[13.12224,56.50425],[13.12241,56.50427],[13.12249,56.50431],[13.12259,56.50434],[13.12271,56.50435],[13.1228,56.50438],[13.12302,56.50447],[13.12314,56.50451],[13.12328,56.50458],[13.12341,56.50465],[13.12349,56.50471],[13.12366,56.50479],[13.12386,56.50489],[13.12404,56.50495],[13.12424,56.50502],[13.12448,56.50509],[13.12474,56.50517],[13.12506,56.50526],[13.12533,56.50534],[13.12565,56.50543],[13.12569,56.50544],[13.12569,56.50544],[13.12569,56.50544],[13.12569,56.50544],[13.12575,56.50518],[13.1257,56.50507],[13.12747,56.50497],[13.12796,56.50506],[13.12796,56.50506],[13.12847,56.50486],[13.12847,56.50486],[13.12847,56.50486],[13.12847,56.50486],[13.128,56.50443],[13.12786,56.5042],[13.12786,56.5042],[13.12786,56.5042],[13.12786,56.5042],[13.12785,56.5042],[13.12785,56.5042],[13.12775,56.50459],[13.12742,56.50449],[13.12727,56.50428],[13.12703,56.50409],[13.12712,56.50375],[13.1276,56.50315],[13.12771,56.50256],[13.12776,56.5025],[13.12776,56.50249],[13.12776,56.50249],[13.12713,56.50219],[13.1268,56.50163],[13.1276,56.50164],[13.1276,56.50164],[13.1276,56.50164],[13.1276,56.50164],[13.1276,56.50164],[13.12718,56.50132],[13.12724,56.50119],[13.12724,56.50119],[13.12724,56.50119],[13.12724,56.50119],[13.12633,56.50117],[13.12633,56.50117],[13.12633,56.50117],[13.1262,56.5014],[13.12608,56.50145],[13.12596,56.50145],[13.1254,56.50136],[13.12519,56.50129],[13.12497,56.50126],[13.12442,56.50109],[13.12412,56.50099],[13.12423,56.50075],[13.12467,56.50006],[13.12467,56.50006],[13.12467,56.50006],[13.12249,56.49932],[13.12202,56.49902],[13.12202,56.49902],[13.12149,56.49905],[13.12099,56.49898],[13.12099,56.49898],[13.12099,56.49898],[13.12096,56.49902],[13.11982,56.49911],[13.1193,56.49918],[13.11881,56.49896],[13.11879,56.49883],[13.11852,56.4985],[13.11852,56.4985],[13.11852,56.4985],[13.11841,56.49853],[13.11801,56.49814],[13.11782,56.49778],[13.11842,56.4977],[13.11842,56.4977],[13.11842,56.4977],[13.11825,56.49703],[13.11824,56.49698],[13.11824,56.49698],[13.11824,56.49698],[13.11772,56.49693],[13.11726,56.4967],[13.11691,56.49654],[13.11686,56.49648],[13.11687,56.49641],[13.11703,56.49629],[13.11729,56.4959],[13.11791,56.49594],[13.11806,56.49593],[13.11806,56.49593],[13.11806,56.49592],[13.11817,56.49569],[13.11811,56.49547],[13.11789,56.49507],[13.11789,56.49507],[13.11789,56.49507],[13.11789,56.49507],[13.11789,56.49507],[13.11782,56.49515],[13.11741,56.49506],[13.11688,56.49502],[13.11688,56.49502],[13.11688,56.49502],[13.11672,56.49516],[13.11611,56.49514],[13.11567,56.49513],[13.11527,56.49514],[13.11485,56.49499],[13.11436,56.49504],[13.11414,56.49498],[13.11396,56.49484],[13.1144,56.4937],[13.1144,56.4937],[13.1144,56.4937],[13.1123,56.49318],[13.11229,56.49318],[13.11229,56.49318],[13.11226,56.49319],[13.11226,56.49319],[13.11226,56.4932],[13.11268,56.49361],[13.11182,56.49406],[13.11167,56.49424],[13.11061,56.49412],[13.11023,56.49419],[13.10969,56.49423],[13.10915,56.49423],[13.10765,56.49453],[13.10726,56.49451],[13.10678,56.49441],[13.10678,56.49441],[13.10678,56.49441],[13.10678,56.49441],[13.10671,56.49463],[13.10612,56.49462],[13.10511,56.49446],[13.10385,56.49405],[13.103,56.49362],[13.10247,56.49358],[13.10247,56.49358],[13.10247,56.49358],[13.10166,56.49661],[13.10145,56.49665],[13.10112,56.49671],[13.10073,56.49678],[13.10005,56.4969],[13.09959,56.49698],[13.09932,56.49704],[13.09916,56.49709],[13.09909,56.49712],[13.099,56.49713],[13.09893,56.49714],[13.09889,56.49716],[13.09889,56.49716],[13.09891,56.49721],[13.09891,56.49731],[13.09893,56.4974],[13.09895,56.4976],[13.09897,56.49779],[13.09896,56.49795],[13.09883,56.49798],[13.09871,56.498],[13.09867,56.498],[13.09863,56.49797],[13.09859,56.49793],[13.09859,56.49793],[13.09847,56.49793],[13.09839,56.49794],[13.09836,56.49796],[13.09833,56.49801],[13.09832,56.49807],[13.0983,56.49809],[13.09824,56.4981],[13.09816,56.4981],[13.09807,56.49809],[13.09799,56.49809],[13.09799,56.49809],[13.09796,56.4981],[13.09794,56.49814],[13.09784,56.49819],[13.09772,56.4982],[13.09772,56.4982],[13.09767,56.49824],[13.09763,56.4983],[13.09762,56.49836],[13.09761,56.49838],[13.09756,56.4984],[13.09752,56.49838]]]},"properties":{"NVRID":"2041673","NAMN":"Karsefors","SKYDDSTYP":"Naturreservat","LAN":"Hallands Län","KOMMUN":"Laholm","IUCNKATEGORI":"IV, Habitat/Artskyddsområde (Habitat/Species Management Area)","FORVALTARE":"Länsstyrelsen i Hallands län","AREA_HA":73.797,"URSPR_BESLUTSDATUM":"2013-11-27"}},{"type":"Feature","geometry":{"type":"MultiPolygon","coordinates":[[[[12.9661,56.52048],[12.96605,56.52051],[12.96597,56.52054],[12.96597,56.52054],[12.96595,56.52082],[12.96598,56.52087],[12.96605,56.52119],[12.96614,56.52232],[12.96612,56.52261],[12.96613,56.52267],[12.96613,56.52285],[12.96614,56.52318],[12.96613,56.52325],[12.9661,56.52334],[12.96609,56.52338],[12.96609,56.52358],[12.96612,56.52421],[12.96614,56.52481],[12.96609,56.52501],[12.96613,56.52519],[12.96611,56.52574],[12.96613,56.52647],[12.96613,56.52647],[12.96646,56.52663],[12.96656,56.52677],[12.96657,56.52686],[12.96648,56.527],[12.96627,56.5272],[12.96636,56.5278],[12.96669,56.52907],[12.96675,56.52925],[12.96693,56.52974],[12.96706,56.5301],[12.96716,56.53042],[12.96753,56.5311],[12.96755,56.53113],[12.96766,56.5312],[12.96768,56.53127],[12.96769,56.53135],[12.96769,56.53138],[12.96787,56.5318],[12.96789,56.53187],[12.96816,56.5323],[12.96816,56.5323],[12.96899,56.53239],[12.96933,56.53231],[12.96954,56.53229],[12.96981,56.53226],[12.97003,56.53223],[12.97033,56.53214],[12.97071,56.53204],[12.97099,56.53196],[12.97112,56.53191],[12.97125,56.53187],[12.97143,56.53181],[12.97165,56.53169],[12.97175,56.5316],[12.97189,56.53147],[12.972,56.53138],[12.97215,56.5312],[12.97232,56.53101],[12.97248,56.53082],[12.9726,56.53063],[12.97275,56.53043],[12.9728,56.53029],[12.97287,56.53016],[12.9729,56.53006],[12.97293,56.52996],[12.97299,56.52987],[12.97305,56.52976],[12.97309,56.52963],[12.97311,56.52948],[12.97313,56.52929],[12.97311,56.52915],[12.97304,56.52899],[12.97294,56.52882],[12.97275,56.52864],[12.97259,56.52845],[12.97245,56.52827],[12.97233,56.52815],[12.97225,56.52808],[12.97218,56.52795],[12.97202,56.52777],[12.97179,56.52756],[12.97153,56.52732],[12.97118,56.52706],[12.9709,56.52688],[12.97065,56.52671],[12.97047,56.52659],[12.97027,56.52648],[12.9701,56.52635],[12.96989,56.52618],[12.96964,56.526],[12.96943,56.5258],[12.96918,56.52556],[12.96898,56.52537],[12.96869,56.52504],[12.9686,56.52493],[12.96839,56.52468],[12.96824,56.5244],[12.96814,56.5242],[12.96804,56.52393],[12.96793,56.52365],[12.96789,56.52344],[12.96784,56.52324],[12.96783,56.52319],[12.96785,56.52277],[12.96795,56.52246],[12.96821,56.52186],[12.96839,56.52144],[12.96851,56.52125],[12.96893,56.52052],[12.96928,56.52003],[12.96933,56.51996],[12.96949,56.51976],[12.96949,56.51976],[12.96949,56.51976],[12.96949,56.51976],[12.96854,56.51984],[12.96823,56.51987],[12.967,56.51997],[12.96604,56.52006],[12.96604,56.52006],[12.96604,56.52006],[12.96604,56.52007],[12.96613,56.52041],[12.9661,56.52048]]],[[[12.96012,56.52057],[12.95677,56.52087],[12.95557,56.52097],[12.95056,56.52141],[12.95024,56.52144],[12.94368,56.52201],[12.94203,56.52217],[12.94203,56.52217],[12.94203,56.52217],[12.94267,56.52457],[12.94415,56.53604],[12.94457,56.54622],[12.94332,56.54973],[12.94332,56.54973],[12.94332,56.54973],[12.94651,56.54967],[12.94651,56.54967],[12.949,56.54847],[12.95275,56.5469],[12.95448,56.54635],[12.95473,56.54627],[12.95524,56.54612],[12.95573,56.54601],[12.95636,56.54585],[12.95697,56.5457],[12.95766,56.54549],[12.95838,56.5453],[12.95895,56.54516],[12.95948,56.54504],[12.95981,56.54496],[12.96043,56.54482],[12.96054,56.54481],[12.96079,56.54474],[12.96115,56.54465],[12.96156,56.54456],[12.96182,56.54449],[12.96196,56.54448],[12.96208,56.54444],[12.96234,56.54438],[12.96258,56.54431],[12.96274,56.54425],[12.96295,56.5442],[12.96314,56.54414],[12.96332,56.5441],[12.96342,56.54406],[12.96351,56.54401],[12.96364,56.54399],[12.96389,56.54393],[12.96405,56.54385],[12.96421,56.54379],[12.96448,56.54371],[12.96475,56.54363],[12.96494,56.54354],[12.96509,56.54348],[12.96523,56.54342],[12.96538,56.54336],[12.96551,56.54329],[12.96576,56.54322],[12.96595,56.54314],[12.96608,56.54305],[12.96696,56.54198],[12.96751,56.53955],[12.9674,56.53861],[12.96741,56.53842],[12.96726,56.53813],[12.96691,56.53742],[12.96678,56.53715],[12.96674,56.53709],[12.96645,56.53665],[12.96599,56.53602],[12.96569,56.53559],[12.96559,56.53541],[12.96552,56.53532],[12.96546,56.5352],[12.96533,56.53497],[12.96525,56.53478],[12.9652,56.53461],[12.96516,56.53446],[12.96511,56.53431],[12.96511,56.53419],[12.96511,56.53405],[12.96514,56.53393],[12.96518,56.53382],[12.96522,56.53369],[12.96531,56.53357],[12.96542,56.53343],[12.96551,56.53327],[12.96564,56.53313],[12.96581,56.53294],[12.96594,56.53281],[12.96606,56.5327],[12.96611,56.53263],[12.96681,56.53243],[12.96703,56.53234],[12.96703,56.53234],[12.96703,56.53234],[12.96678,56.532],[12.96662,56.53135],[12.96661,56.53132],[12.96658,56.53106],[12.96654,56.53087],[12.96633,56.53045],[12.96614,56.53002],[12.96572,56.52863],[12.96561,56.52803],[12.96554,56.52756],[12.9655,56.52727],[12.96547,56.52666],[12.96534,56.52581],[12.96528,56.52526],[12.96536,56.52494],[12.96536,56.52472],[12.96535,56.52421],[12.96531,56.52358],[12.96531,56.52286],[12.96526,56.52165],[12.96522,56.52103],[12.96514,56.52014],[12.96514,56.52014],[12.96514,56.52014],[12.96012,56.52057]]]]},"properties":{"NVRID":"2001084","NAMN":"Hökafältet","SKYDDSTYP":"Naturreservat","LAN":"Hallands Län","KOMMUN":"Laholm","IUCNKATEGORI":"IV, Habitat/Artskyddsområde (Habitat/Species Management Area)","FORVALTARE":"Länsstyrelsen i Hallands län","AREA_HA":421.52,"URSPR_BESLUTSDATUM":"1972-06-30"}},{"type":"Feature","geometry":{"type":"Polygon","coordinates":[[[12.22987,57.44183],[12.22987,57.44208],[12.23005,57.44232],[12.23051,57.4426],[12.23107,57.44271],[12.23257,57.4429],[12.23357,57.44296],[12.23429,57.44304],[12.23499,57.44317],[12.23567,57.44325],[12.23567,57.44325],[12.23604,57.4432],[12.23634,57.44313],[12.23675,57.44312],[12.23732,57.4432],[12.23781,57.44331],[12.23818,57.44344],[12.23841,57.44356],[12.2385,57.44368],[12.23824,57.44411],[12.2382,57.44441],[12.23833,57.44467],[12.23843,57.44482],[12.23863,57.44497],[12.23866,57.44542],[12.23857,57.44568],[12.23836,57.44613],[12.23831,57.44629],[12.23829,57.44649],[12.23877,57.44699],[12.23919,57.44742],[12.23938,57.44767],[12.23946,57.44791],[12.23979,57.44847],[12.24031,57.44901],[12.24059,57.44916],[12.24155,57.44942],[12.24202,57.44948],[12.24258,57.4495],[12.24332,57.44947],[12.24411,57.44941],[12.24442,57.44938],[12.24469,57.44933],[12.24533,57.44886],[12.24554,57.44856],[12.24558,57.4482],[12.24555,57.44799],[12.24559,57.44762],[12.24556,57.44732],[12.2455,57.44703],[12.24552,57.44683],[12.24561,57.44665],[12.24587,57.44639],[12.24617,57.44617],[12.24663,57.44599],[12.24718,57.44578],[12.24746,57.44567],[12.24773,57.44557],[12.24797,57.44543],[12.24805,57.44523],[12.24805,57.44523],[12.24805,57.44523],[12.24805,57.44523],[12.24551,57.44519],[12.24412,57.44498],[12.24307,57.44468],[12.24227,57.44433],[12.23948,57.4423],[12.2369,57.44097],[12.236,57.44055],[12.23451,57.43945],[12.2345,57.43945],[12.2345,57.43945],[12.2345,57.43945],[12.2345,57.43945],[12.23434,57.43989],[12.23421,57.44027],[12.23391,57.44068],[12.23379,57.44095],[12.23312,57.44097],[12.23277,57.44099],[12.23233,57.44133],[12.23199,57.44141],[12.23175,57.4414],[12.23126,57.44137],[12.2303,57.44125],[12.2303,57.44125],[12.23029,57.44125],[12.22987,57.44183]]]},"properties":{"NVRID":"2001962","NAMN":"Gäddevik","SKYDDSTYP":"Naturreservat","LAN":"Hallands Län","KOMMUN":"Kungsbacka","IUCNKATEGORI":"V, Skyddat landskap/havsområde (Protected Landscape/Seascape)","FORVALTARE":"Länsstyrelsen i Hallands län","AREA_HA":37.324,"URSPR_BESLUTSDATUM":"1984-03-23"}},{"type":"Feature","geometry":{"type":"Polygon","coordinates":[[[12.60924,56.96102],[12.60909,56.96109],[12.60909,56.96109],[12.60904,56.96139],[12.6091,56.96159],[12.60914,56.96176],[12.60948,56.96197],[12.60974,56.96211],[12.6099,56.96223],[12.60997,56.96231],[12.60998,56.96249],[12.60968,56.9628],[12.60975,56.96291],[12.60975,56.96291],[12.60979,56.96296],[12.60979,56.96296],[12.60979,56.96296],[12.60986,56.96295],[12.60986,56.96295],[12.60986,56.96295],[12.60984,56.96277],[12.61026,56.96248],[12.61026,56.96248],[12.61028,56.96218],[12.61028,56.96218],[12.61003,56.96205],[12.60938,56.96153],[12.60965,56.96123],[12.60977,56.96097],[12.61017,56.96088],[12.6108,56.96082],[12.61154,56.96115],[12.6123,56.96149],[12.61256,56.96171],[12.61256,56.96171],[12.61275,56.96175],[12.61276,56.96175],[12.61301,56.96163],[12.61396,56.96196],[12.61396,56.96196],[12.6145,56.9619],[12.61479,56.96181],[12.61515,56.96192],[12.61515,56.96192],[12.61666,56.96195],[12.61659,56.96229],[12.61644,56.96243],[12.61649,56.96291],[12.61649,56.96291],[12.61663,56.96297],[12.61686,56.96353],[12.61677,56.9639],[12.61693,56.96446],[12.61654,56.96455],[12.61638,56.9646],[12.61638,56.9646],[12.61637,56.96496],[12.61641,56.9651],[12.61659,56.96522],[12.61652,56.96533],[12.61574,56.96583],[12.61518,56.96606],[12.61469,56.96617],[12.614,56.96617],[12.61338,56.96592],[12.61284,56.96579],[12.61244,56.96576],[12.61244,56.96576],[12.61244,56.96576],[12.61244,56.96576],[12.61356,56.96646],[12.61356,56.96646],[12.61367,56.96653],[12.61368,56.96653],[12.61489,56.96655],[12.61502,56.96651],[12.61552,56.96635],[12.61657,56.96595],[12.6167,56.96649],[12.6167,56.96649],[12.6167,56.96649],[12.61704,56.96643],[12.61704,56.96643],[12.61704,56.96643],[12.61715,56.96609],[12.61716,56.96595],[12.61725,56.96574],[12.61741,56.96558],[12.61749,56.96551],[12.61782,56.96562],[12.61782,56.96562],[12.61782,56.96562],[12.61782,56.96562],[12.61782,56.96562],[12.61785,56.96477],[12.61777,56.96454],[12.61757,56.9639],[12.61778,56.96361],[12.61772,56.96342],[12.61751,56.96316],[12.6174,56.96254],[12.61756,56.962],[12.61756,56.962],[12.61699,56.9617],[12.61699,56.9617],[12.61698,56.96169],[12.61705,56.96161],[12.61721,56.96156],[12.61729,56.9615],[12.61735,56.96141],[12.61736,56.96133],[12.61744,56.96126],[12.61751,56.96119],[12.61756,56.96112],[12.61755,56.96104],[12.61762,56.96104],[12.61768,56.96103],[12.61773,56.96107],[12.61778,56.96113],[12.61783,56.96115],[12.61792,56.96116],[12.61802,56.96113],[12.61889,56.96132],[12.61923,56.96149],[12.61943,56.96161],[12.61943,56.96161],[12.61979,56.96157],[12.6199,56.96152],[12.62016,56.96145],[12.62042,56.96159],[12.62082,56.96175],[12.62091,56.96178],[12.62108,56.96182],[12.62111,56.96187],[12.62098,56.96209],[12.62091,56.96214],[12.62081,56.96222],[12.6208,56.96225],[12.62084,56.96227],[12.62084,56.96227],[12.62099,56.96231],[12.62099,56.96231],[12.62105,56.9623],[12.62122,56.96223],[12.62148,56.96206],[12.62157,56.96205],[12.62175,56.96209],[12.62205,56.96211],[12.62226,56.96215],[12.62241,56.96226],[12.62257,56.96229],[12.62267,56.96233],[12.62295,56.9624],[12.62312,56.96247],[12.62325,56.96256],[12.62333,56.9626],[12.62343,56.96264],[12.62352,56.96267],[12.62361,56.96269],[12.62369,56.96271],[12.62378,56.96274],[12.62389,56.96275],[12.62389,56.96275],[12.62398,56.96272],[12.62479,56.96256],[12.62503,56.96252],[12.62527,56.96249],[12.62527,56.96249],[12.62531,56.96245],[12.6253,56.96239],[12.6253,56.96231],[12.62562,56.96214],[12.62655,56.96136],[12.62661,56.96132],[12.6268,56.96125],[12.62713,56.96119],[12.62755,56.96127],[12.62776,56.96136],[12.62781,56.96148],[12.62779,56.9618],[12.6276,56.96238],[12.6276,56.96238],[12.62763,56.96243],[12.62771,56.96247],[12.62782,56.96249],[12.62804,56.96252],[12.62843,56.96254],[12.62914,56.96252],[12.62914,56.96252],[12.62914,56.96252],[12.62914,56.96246],[12.62906,56.96235],[12.62894,56.96227],[12.62848,56.9621],[12.62867,56.96148],[12.62933,56.9613],[12.62944,56.9615],[12.62972,56.96171],[12.62986,56.96173],[12.62987,56.96173],[12.63045,56.96153],[12.63063,56.96141],[12.63078,56.9613],[12.63096,56.96122],[12.63127,56.96116],[12.63164,56.96106],[12.6321,56.96088],[12.63221,56.96081],[12.6325,56.9606],[12.63261,56.96054],[12.63283,56.96046],[12.63317,56.96023],[12.63375,56.95997],[12.63378,56.95983],[12.63368,56.95966],[12.63366,56.95953],[12.63383,56.95934],[12.63407,56.95928],[12.63407,56.95928],[12.63407,56.95908],[12.63407,56.95908],[12.63407,56.95908],[12.63321,56.9592],[12.6328,56.95942],[12.63246,56.95954],[12.63209,56.95945],[12.63188,56.95944],[12.63188,56.95944],[12.63123,56.95992],[12.63123,56.95992],[12.63133,56.96016],[12.6312,56.96039],[12.63059,56.96042],[12.62998,56.96062],[12.629,56.96066],[12.62851,56.96077],[12.62817,56.9607],[12.62797,56.96054],[12.62762,56.96036],[12.62759,56.96032],[12.62757,56.96025],[12.62763,56.96009],[12.62765,56.96003],[12.62763,56.95993],[12.62763,56.95993],[12.62762,56.95993],[12.62762,56.95993],[12.62722,56.96],[12.62722,56.96],[12.62691,56.96024],[12.62683,56.96056],[12.62628,56.96061],[12.62567,56.96075],[12.62441,56.96096],[12.62418,56.96097],[12.62418,56.96097],[12.62418,56.96097],[12.62418,56.96097],[12.62455,56.96165],[12.62379,56.96183],[12.62346,56.96178],[12.62313,56.96156],[12.6228,56.96149],[12.6228,56.96149],[12.62217,56.96152],[12.62175,56.96147],[12.62116,56.96111],[12.62057,56.96092],[12.61961,56.96093],[12.61941,56.96081],[12.61941,56.96081],[12.61791,56.96057],[12.61791,56.96057],[12.61766,56.96067],[12.61735,56.96063],[12.61735,56.96063],[12.61693,56.96082],[12.61681,56.96109],[12.6166,56.96153],[12.61515,56.96148],[12.61489,56.96148],[12.61421,56.96148],[12.61385,56.96131],[12.61328,56.96123],[12.61305,56.96123],[12.61253,56.96107],[12.6121,56.96083],[12.61193,56.9607],[12.61177,56.96062],[12.61117,56.96044],[12.61071,56.96046],[12.61009,56.96058],[12.60951,56.96077],[12.60935,56.96076],[12.60935,56.96076],[12.6092,56.96082],[12.6092,56.96082],[12.60924,56.96102]]]},"properties":{"NVRID":"2013484","NAMN":"Påvadalen","SKYDDSTYP":"Naturreservat","LAN":"Hallands Län","KOMMUN":"Falkenberg","IUCNKATEGORI":"Ia, Strikt naturreservat (Strict Nature Reserve)","FORVALTARE":"Länsstyrelsen i Hallands län","AREA_HA":18.365,"URSPR_BESLUTSDATUM":"2007-12-17"}},{"type":"Feature","geometry":{"type":"Polygon","coordinates":[[[13.11554,56.62294],[13.11554,56.62294],[13.11554,56.62294],[13.11554,56.62294],[13.11606,56.62317],[13.11791,56.62404],[13.11828,56.6242],[13.12019,56.6251],[13.1212,56.62558],[13.12216,56.62602],[13.12216,56.62602],[13.12216,56.62602],[13.12216,56.62602],[13.12216,56.62602],[13.12146,56.62556],[13.12178,56.6254],[13.12269,56.62492],[13.12303,56.62473],[13.12359,56.62446],[13.12472,56.62545],[13.12514,56.62586],[13.12514,56.62586],[13.12514,56.62586],[13.12515,56.62586],[13.12694,56.62518],[13.12694,56.62518],[13.12694,56.62518],[13.12657,56.62471],[13.12539,56.62318],[13.12627,56.62305],[13.12709,56.62295],[13.12805,56.62285],[13.12805,56.62285],[13.12805,56.62285],[13.12731,56.62177],[13.1271,56.62151],[13.12692,56.62124],[13.12631,56.62035],[13.12593,56.61986],[13.1256,56.61942],[13.12524,56.61888],[13.12492,56.61837],[13.12491,56.61837],[13.12491,56.61837],[13.1246,56.61851],[13.12358,56.61902],[13.12258,56.61952],[13.12113,56.62021],[13.11874,56.62138],[13.11717,56.62213],[13.11658,56.62242],[13.11554,56.62294]]]},"properties":{"NVRID":"2001833","NAMN":"Söderskogen","SKYDDSTYP":"Naturreservat","LAN":"Hallands Län","KOMMUN":"Halmstad, Laholm","IUCNKATEGORI":"0, Områden som ej kan klassificeras enligt IUCN: s system.","FORVALTARE":"Länsstyrelsen i Hallands län","AREA_HA":32.535,"URSPR_BESLUTSDATUM":"2002-06-14"}},{"type":"Feature","geometry":{"type":"Polygon","coordinates":[[[13.33522,56.93204],[13.33514,56.93199],[13.33514,56.93199],[13.33514,56.93199],[13.33514,56.93199],[13.33509,56.93202],[13.33509,56.93207],[13.33507,56.93212],[13.33503,56.93216],[13.33498,56.93222],[13.33496,56.9323],[13.33495,56.93237],[13.33497,56.93243],[13.33497,56.93244],[13.33497,56.93244],[13.33497,56.93244],[13.33952,56.93104],[13.34006,56.93283],[13.34006,56.93283],[13.34006,56.93283],[13.34006,56.93283],[13.34006,56.93283],[13.34123,56.9323],[13.34211,56.93205],[13.34293,56.93153],[13.34425,56.9309],[13.34664,56.92912],[13.34664,56.92912],[13.34664,56.92911],[13.34664,56.92911],[13.3462,56.92899],[13.33978,56.9271],[13.33978,56.9271],[13.33977,56.9271],[13.33976,56.92711],[13.33965,56.92713],[13.33945,56.9272],[13.33935,56.92724],[13.33922,56.9273],[13.33908,56.92737],[13.33898,56.92744],[13.33893,56.92751],[13.33887,56.92766],[13.33885,56.92785],[13.33882,56.92808],[13.33875,56.92824],[13.33873,56.92828],[13.33863,56.92828],[13.33856,56.9283],[13.33856,56.9283],[13.33856,56.92836],[13.33858,56.92839],[13.33843,56.92842],[13.33835,56.92847],[13.33828,56.92854],[13.3382,56.92861],[13.33809,56.9287],[13.338,56.9288],[13.33793,56.92892],[13.33786,56.92902],[13.33777,56.9291],[13.33767,56.92917],[13.33759,56.92924],[13.33745,56.92942],[13.33733,56.92961],[13.33722,56.92981],[13.33714,56.9299],[13.33704,56.92991],[13.33704,56.92991],[13.33704,56.92991],[13.33704,56.92992],[13.33704,56.92992],[13.33715,56.92996],[13.33713,56.93],[13.33708,56.93002],[13.33694,56.93006],[13.33683,56.93008],[13.33675,56.93009],[13.33674,56.93007],[13.33675,56.93005],[13.33675,56.93004],[13.33675,56.93004],[13.33675,56.93004],[13.33675,56.93004],[13.33656,56.9301],[13.33642,56.93013],[13.33631,56.93017],[13.33615,56.93023],[13.33601,56.93029],[13.33597,56.93035],[13.33592,56.93038],[13.33586,56.9304],[13.33586,56.9304],[13.33586,56.93045],[13.33585,56.9305],[13.3358,56.93053],[13.33574,56.93055],[13.33574,56.93055],[13.33573,56.9306],[13.33574,56.93065],[13.3357,56.93068],[13.33565,56.93072],[13.33563,56.93076],[13.33563,56.93083],[13.33561,56.9309],[13.33554,56.93091],[13.33549,56.93094],[13.33541,56.93102],[13.33533,56.93107],[13.33527,56.93115],[13.33524,56.93124],[13.33525,56.93133],[13.33532,56.93142],[13.33542,56.93152],[13.33548,56.93157],[13.33552,56.93162],[13.33554,56.9317],[13.33555,56.93181],[13.33553,56.93189],[13.33548,56.93193],[13.33541,56.93196],[13.33531,56.93199],[13.33531,56.93199],[13.33531,56.93199],[13.33535,56.93201],[13.33522,56.93204]]]},"properties":{"NVRID":"2002012","NAMN":"Skubbhult","SKYDDSTYP":"Naturreservat","LAN":"Hallands Län","KOMMUN":"Hylte","IUCNKATEGORI":"IV, Habitat/Artskyddsområde (Habitat/Species Management Area)","FORVALTARE":"Länsstyrelsen i Hallands län","AREA_HA":22.307,"URSPR_BESLUTSDATUM":"1993-03-12"}},{"type":"Feature","geometry":{"type":"Polygon","coordinates":[[[12.57863,56.84081],[12.57839,56.84107],[12.57802,56.84128],[12.57802,56.84128],[12.57813,56.8417],[12.57836,56.84221],[12.57851,56.84257],[12.57876,56.84289],[12.57921,56.84341],[12.57953,56.84383],[12.58003,56.8443],[12.58003,56.8443],[12.58003,56.8443],[12.58301,56.84336],[12.58301,56.84336],[12.58536,56.83768],[12.58581,56.83757],[12.58642,56.83758],[12.58852,56.83721],[12.5893,56.83676],[12.58983,56.83612],[12.59044,56.83543],[12.59219,56.83503],[12.59219,56.83503],[12.59219,56.83503],[12.59219,56.83503],[12.58955,56.83355],[12.58872,56.83341],[12.58821,56.83316],[12.58818,56.8329],[12.58824,56.83273],[12.58823,56.83273],[12.58823,56.83273],[12.58823,56.83273],[12.58784,56.83277],[12.58761,56.83284],[12.58713,56.83283],[12.58713,56.83283],[12.58699,56.83294],[12.58679,56.83323],[12.58668,56.83359],[12.58664,56.83424],[12.58664,56.83424],[12.58715,56.83454],[12.58745,56.83457],[12.58768,56.83448],[12.58816,56.83456],[12.58846,56.83467],[12.5884,56.83491],[12.58765,56.83564],[12.58653,56.83593],[12.58591,56.83602],[12.58551,56.83594],[12.58526,56.83584],[12.58505,56.83562],[12.5848,56.83542],[12.58423,56.83531],[12.58423,56.83531],[12.58374,56.83537],[12.58298,56.83553],[12.58274,56.83586],[12.58213,56.83643],[12.58215,56.83674],[12.58226,56.83716],[12.5826,56.83738],[12.58182,56.83775],[12.58101,56.8381],[12.58064,56.83838],[12.58004,56.83869],[12.57927,56.83899],[12.57898,56.83937],[12.57861,56.8397],[12.57861,56.8397],[12.57853,56.84018],[12.57842,56.84054],[12.57863,56.84081]]]},"properties":{"NVRID":"2002023","NAMN":"Vesslunda","SKYDDSTYP":"Naturreservat","LAN":"Hallands Län","KOMMUN":"Falkenberg","IUCNKATEGORI":"IV, Habitat/Artskyddsområde (Habitat/Species Management Area)","FORVALTARE":"Länsstyrelsen i Hallands län","AREA_HA":35.836,"URSPR_BESLUTSDATUM":"1974-11-28"}},{"type":"Feature","geometry":{"type":"Polygon","coordinates":[[[12.48908,57.16592],[12.48907,57.1667],[12.48907,57.1667],[12.48908,57.1667],[12.4895,57.16666],[12.48951,57.16669],[12.48951,57.16676],[12.48951,57.16682],[12.48951,57.16691],[12.48952,57.16699],[12.48952,57.16707],[12.48954,57.16716],[12.48954,57.16722],[12.48956,57.16731],[12.4896,57.16746],[12.48964,57.16754],[12.48976,57.16767],[12.48984,57.16776],[12.48999,57.16789],[12.49008,57.16798],[12.49011,57.16807],[12.49015,57.16823],[12.49018,57.1683],[12.49019,57.16833],[12.49021,57.16837],[12.49026,57.16844],[12.49027,57.16847],[12.49031,57.1685],[12.49033,57.16854],[12.49038,57.16866],[12.4904,57.16868],[12.49049,57.16876],[12.49052,57.16879],[12.49067,57.1689],[12.49078,57.16895],[12.49095,57.16901],[12.49098,57.16903],[12.49103,57.16904],[12.49108,57.16906],[12.4912,57.16912],[12.4913,57.1692],[12.49138,57.16929],[12.49145,57.16941],[12.49157,57.16951],[12.49184,57.16967],[12.49212,57.1699],[12.4922,57.16996],[12.49238,57.17014],[12.49249,57.17026],[12.49271,57.17032],[12.49271,57.17032],[12.49271,57.17032],[12.49295,57.16989],[12.49361,57.16987],[12.49521,57.16995],[12.49537,57.16995],[12.49594,57.16994],[12.49607,57.16994],[12.49684,57.16989],[12.49684,57.16989],[12.49684,57.16989],[12.49684,57.16989],[12.49681,57.16986],[12.49722,57.16961],[12.49776,57.16934],[12.4981,57.16911],[12.4981,57.16911],[12.49811,57.16906],[12.49828,57.16895],[12.49853,57.16881],[12.49874,57.16876],[12.49929,57.1683],[12.49977,57.16812],[12.49977,57.16812],[12.49978,57.16809],[12.49981,57.16785],[12.4998,57.16777],[12.4998,57.16772],[12.49977,57.16765],[12.4997,57.16754],[12.49966,57.16749],[12.4996,57.16744],[12.49941,57.16731],[12.49931,57.16723],[12.49925,57.16714],[12.49922,57.1671],[12.49914,57.16705],[12.4989,57.16691],[12.4988,57.16687],[12.49874,57.16685],[12.49853,57.16681],[12.49826,57.16675],[12.49799,57.16669],[12.49785,57.16666],[12.49814,57.16626],[12.49817,57.16626],[12.4984,57.16625],[12.49847,57.16624],[12.49855,57.16622],[12.49856,57.16622],[12.49868,57.1662],[12.49871,57.1662],[12.49877,57.16619],[12.49897,57.16615],[12.49908,57.1662],[12.49984,57.16683],[12.49985,57.16684],[12.49985,57.16685],[12.49985,57.16685],[12.49985,57.16685],[12.49987,57.16684],[12.49991,57.16685],[12.50009,57.16687],[12.50024,57.1669],[12.50037,57.16694],[12.50043,57.16697],[12.50043,57.16697],[12.50052,57.16697],[12.50057,57.16697],[12.50069,57.16697],[12.50084,57.16698],[12.50102,57.16696],[12.50114,57.16697],[12.50129,57.167],[12.50138,57.16701],[12.50146,57.16702],[12.50147,57.16703],[12.50147,57.16703],[12.50147,57.16703],[12.50147,57.16703],[12.50381,57.16357],[12.50381,57.16357],[12.50381,57.16357],[12.50381,57.16357],[12.50358,57.1636],[12.50347,57.16363],[12.5033,57.16364],[12.503,57.16367],[12.50247,57.16376],[12.50209,57.16381],[12.50156,57.16388],[12.50114,57.16396],[12.50085,57.16401],[12.50075,57.16403],[12.50049,57.16406],[12.50004,57.16429],[12.49984,57.16439],[12.49965,57.16447],[12.49948,57.1645],[12.49921,57.16451],[12.49913,57.16451],[12.49907,57.16452],[12.49866,57.16455],[12.49858,57.16448],[12.49854,57.16447],[12.4985,57.16441],[12.4985,57.16441],[12.49795,57.1644],[12.49785,57.1644],[12.49777,57.16443],[12.49765,57.16444],[12.4976,57.16446],[12.49752,57.16446],[12.49752,57.16446],[12.49752,57.16446],[12.49748,57.16449],[12.49722,57.16449],[12.49706,57.16449],[12.49686,57.16449],[12.49669,57.1645],[12.49639,57.16453],[12.49608,57.16456],[12.49704,57.16444],[12.49704,57.16444],[12.49704,57.16444],[12.49704,57.16444],[12.4968,57.1643],[12.49667,57.16421],[12.49641,57.16399],[12.49614,57.16379],[12.49585,57.16362],[12.49559,57.16353],[12.49487,57.16336],[12.49487,57.16336],[12.49487,57.16336],[12.49487,57.16336],[12.49496,57.16367],[12.49487,57.164],[12.49363,57.1641],[12.49302,57.16401],[12.49302,57.16401],[12.49302,57.16401],[12.49275,57.16417],[12.49231,57.16375],[12.49215,57.16364],[12.49038,57.16317],[12.48973,57.16295],[12.48953,57.16288],[12.48932,57.16279],[12.4892,57.16272],[12.48847,57.16237],[12.48847,57.16237],[12.48847,57.16237],[12.48767,57.16266],[12.48754,57.16283],[12.48772,57.16368],[12.4876,57.16402],[12.48726,57.16447],[12.48717,57.16461],[12.48712,57.16484],[12.48716,57.16516],[12.48716,57.16516],[12.48749,57.16541],[12.48908,57.16592]]]},"properties":{"NVRID":"2010860","NAMN":"Hallagården","SKYDDSTYP":"Naturreservat","LAN":"Hallands Län","KOMMUN":"Varberg","IUCNKATEGORI":"Ia, Strikt naturreservat (Strict Nature Reserve)","FORVALTARE":"Länsstyrelsen i Hallands län","AREA_HA":47.309,"URSPR_BESLUTSDATUM":"2006-12-18"}},{"type":"Feature","geometry":{"type":"Polygon","coordinates":[[[13.03429,56.3977],[13.03426,56.39875],[13.03426,56.39875],[13.03426,56.39875],[13.03426,56.39875],[13.03546,56.39853],[13.03546,56.39853],[13.03567,56.3983],[13.0364,56.39814],[13.03667,56.39825],[13.03667,56.39825],[13.03736,56.39822],[13.03736,56.39821],[13.03736,56.39821],[13.03736,56.39821],[13.03709,56.39748],[13.0379,56.39731],[13.0382,56.39813],[13.0382,56.39813],[13.0382,56.39813],[13.03902,56.39802],[13.03913,56.39819],[13.03916,56.39823],[13.0393,56.39839],[13.0393,56.39839],[13.03937,56.39841],[13.03945,56.39847],[13.03949,56.3985],[13.0395,56.39851],[13.03958,56.39857],[13.03964,56.39861],[13.03969,56.39869],[13.03974,56.39877],[13.03975,56.39884],[13.03984,56.39895],[13.0399,56.39905],[13.03996,56.39913],[13.04,56.39923],[13.04002,56.39929],[13.03923,56.39964],[13.03919,56.39966],[13.03901,56.39971],[13.03888,56.39973],[13.03862,56.39979],[13.03855,56.39983],[13.03836,56.39989],[13.03779,56.40008],[13.03746,56.40019],[13.03739,56.4002],[13.03712,56.40043],[13.03635,56.40082],[13.03585,56.401],[13.03576,56.40094],[13.03576,56.40094],[13.03576,56.40094],[13.03566,56.40097],[13.03544,56.40105],[13.03532,56.40109],[13.03532,56.40109],[13.03532,56.4011],[13.03532,56.4011],[13.03577,56.40122],[13.03664,56.40147],[13.03698,56.40195],[13.03717,56.40212],[13.03729,56.40246],[13.03753,56.40272],[13.03805,56.40314],[13.03805,56.40314],[13.03805,56.40314],[13.0387,56.4031],[13.03871,56.4031],[13.03871,56.4031],[13.03806,56.40212],[13.03807,56.40208],[13.03807,56.40208],[13.03795,56.40197],[13.03835,56.40166],[13.03892,56.40151],[13.03892,56.40151],[13.03892,56.40151],[13.03892,56.40151],[13.03818,56.40084],[13.03887,56.40053],[13.03894,56.40057],[13.03894,56.40058],[13.03894,56.40058],[13.04056,56.40017],[13.04056,56.40017],[13.04056,56.40017],[13.04043,56.39995],[13.04197,56.39937],[13.04204,56.39945],[13.04204,56.39945],[13.04204,56.39945],[13.04251,56.39938],[13.0427,56.39956],[13.0427,56.39956],[13.0427,56.39956],[13.04319,56.39941],[13.04418,56.3988],[13.0448,56.39949],[13.0448,56.39949],[13.04481,56.39949],[13.04582,56.39932],[13.04633,56.39915],[13.04907,56.39844],[13.0496,56.3983],[13.04999,56.39831],[13.05033,56.39872],[13.05031,56.39877],[13.05031,56.39877],[13.05031,56.39877],[13.05031,56.39877],[13.05042,56.39874],[13.05042,56.39874],[13.05042,56.39874],[13.04993,56.39815],[13.05104,56.39781],[13.05152,56.39765],[13.05152,56.39765],[13.05152,56.39765],[13.05152,56.39765],[13.05089,56.39706],[13.05016,56.39637],[13.05113,56.39602],[13.05113,56.39602],[13.05113,56.39602],[13.05047,56.39548],[13.05119,56.39544],[13.05152,56.39544],[13.05153,56.39544],[13.05191,56.39525],[13.05256,56.39487],[13.05264,56.39493],[13.05265,56.39493],[13.05311,56.39524],[13.0537,56.39564],[13.05428,56.39603],[13.05461,56.39624],[13.0549,56.39644],[13.05496,56.39648],[13.05538,56.39673],[13.05538,56.39674],[13.05538,56.39674],[13.05688,56.39599],[13.05847,56.39564],[13.05865,56.39571],[13.05865,56.39571],[13.05865,56.39571],[13.05923,56.39543],[13.05923,56.39543],[13.05923,56.39543],[13.05792,56.39486],[13.05862,56.39444],[13.05862,56.39444],[13.05862,56.39444],[13.05846,56.39433],[13.05886,56.39407],[13.05893,56.39405],[13.0592,56.39377],[13.05975,56.39416],[13.05975,56.39416],[13.05986,56.39415],[13.06007,56.39427],[13.06022,56.39444],[13.06022,56.39444],[13.06022,56.39444],[13.06022,56.39444],[13.06054,56.3943],[13.06079,56.39445],[13.06111,56.39452],[13.06203,56.39493],[13.06181,56.39518],[13.06181,56.39518],[13.06181,56.39518],[13.06181,56.39518],[13.06249,56.39539],[13.06273,56.39549],[13.06284,56.3956],[13.06302,56.39599],[13.06327,56.39634],[13.06381,56.39674],[13.06416,56.39686],[13.06463,56.39693],[13.06527,56.39698],[13.06552,56.3971],[13.0659,56.39735],[13.06658,56.39764],[13.06686,56.39773],[13.06717,56.39787],[13.06717,56.39787],[13.06717,56.39787],[13.0679,56.39768],[13.0679,56.39768],[13.0679,56.39767],[13.06778,56.39756],[13.06776,56.39754],[13.06785,56.39751],[13.06789,56.3975],[13.06795,56.3975],[13.06795,56.3975],[13.06853,56.3972],[13.06894,56.3969],[13.06894,56.3969],[13.06875,56.39656],[13.06833,56.39639],[13.06833,56.39639],[13.06833,56.39639],[13.06782,56.39657],[13.06709,56.39561],[13.06709,56.39561],[13.06709,56.39561],[13.06593,56.3957],[13.06568,56.39563],[13.06546,56.39503],[13.06545,56.39501],[13.06545,56.39501],[13.06545,56.39501],[13.06545,56.39501],[13.06512,56.39505],[13.06484,56.39507],[13.06461,56.39509],[13.06263,56.39352],[13.06242,56.39335],[13.06226,56.39328],[13.06226,56.39328],[13.06207,56.39329],[13.06096,56.39341],[13.06053,56.39346],[13.06006,56.3934],[13.0598,56.39333],[13.05951,56.3932],[13.0593,56.39305],[13.05818,56.39195],[13.05794,56.39179],[13.0566,56.39117],[13.05659,56.39117],[13.05659,56.39117],[13.05659,56.39117],[13.05659,56.39117],[13.05689,56.39159],[13.05716,56.39195],[13.05716,56.39195],[13.0575,56.39206],[13.0581,56.39274],[13.05572,56.39351],[13.05407,56.39408],[13.05376,56.39427],[13.05234,56.39473],[13.05199,56.39486],[13.0501,56.39369],[13.0501,56.39369],[13.05009,56.39369],[13.04879,56.39415],[13.04879,56.39415],[13.04879,56.39415],[13.04879,56.39416],[13.04995,56.39505],[13.04895,56.39525],[13.04727,56.3956],[13.04648,56.3952],[13.04227,56.39308],[13.04227,56.39308],[13.04226,56.39308],[13.0415,56.39339],[13.03992,56.39403],[13.03991,56.39403],[13.03851,56.39461],[13.03726,56.39365],[13.03532,56.39137],[13.03532,56.39137],[13.03417,56.3913],[13.03417,56.3913],[13.03417,56.3913],[13.03417,56.3913],[13.03417,56.3913],[13.03611,56.39394],[13.03524,56.39401],[13.03524,56.39401],[13.03524,56.39401],[13.03524,56.39401],[13.0358,56.39433],[13.03658,56.39457],[13.03734,56.39559],[13.03638,56.39645],[13.03501,56.39692],[13.03485,56.39626],[13.03418,56.39539],[13.03418,56.39539],[13.03418,56.39539],[13.03418,56.39539],[13.03418,56.39539],[13.03417,56.39539],[13.03363,56.39763],[13.03363,56.39763],[13.03363,56.39763],[13.03429,56.3977]]]},"properties":{"NVRID":"2028111","NAMN":"Vindrarp","SKYDDSTYP":"Naturreservat","LAN":"Hallands Län","KOMMUN":"Laholm","IUCNKATEGORI":"IV, Habitat/Artskyddsområde (Habitat/Species Management Area)","FORVALTARE":"Länsstyrelsen i Hallands län","AREA_HA":76.93,"URSPR_BESLUTSDATUM":"2011-09-21"}},{"type":"Feature","geometry":{"type":"Polygon","coordinates":[[[13.39944,56.41681],[13.4001,56.41777],[13.40036,56.41849],[13.40036,56.41849],[13.40036,56.41849],[13.4013,56.41828],[13.40152,56.41819],[13.40213,56.4179],[13.40246,56.41776],[13.40302,56.41751],[13.40336,56.41735],[13.40336,56.41735],[13.4034,56.41728],[13.40375,56.41711],[13.40438,56.41682],[13.40468,56.41639],[13.40464,56.41618],[13.40465,56.41589],[13.40465,56.41567],[13.40462,56.4156],[13.40429,56.41496],[13.40429,56.41496],[13.40221,56.41481],[13.40102,56.41483],[13.39987,56.4148],[13.39931,56.41477],[13.39874,56.41469],[13.39874,56.41469],[13.39874,56.41469],[13.39762,56.41591],[13.39674,56.41687],[13.39674,56.41687],[13.39675,56.41687],[13.39675,56.41687],[13.39842,56.41683],[13.39944,56.41681]]]},"properties":{"NVRID":"2001089","NAMN":"Ingvarsbygget","SKYDDSTYP":"Naturreservat","LAN":"Hallands Län","KOMMUN":"Laholm","IUCNKATEGORI":"IV, Habitat/Artskyddsområde (Habitat/Species Management Area)","FORVALTARE":"Länsstyrelsen i Hallands län","AREA_HA":12.418,"URSPR_BESLUTSDATUM":"1995-06-21"}},{"type":"Feature","geometry":{"type":"Polygon","coordinates":[[[12.64814,56.72178],[12.64813,56.72178],[12.64813,56.72178],[12.64814,56.72178],[12.64843,56.7219],[12.64907,56.72215],[12.64907,56.72215],[12.64907,56.72215],[12.64931,56.72197],[12.65005,56.7222],[12.65001,56.72242],[12.64975,56.72242],[12.64975,56.72242],[12.64975,56.72242],[12.64975,56.72243],[12.64975,56.72243],[12.64994,56.7225],[12.65034,56.72266],[12.65094,56.7229],[12.65159,56.72315],[12.65193,56.72329],[12.65239,56.72347],[12.6528,56.72363],[12.6533,56.72383],[12.65406,56.72413],[12.65414,56.72417],[12.65414,56.72417],[12.65414,56.72417],[12.65483,56.7237],[12.6552,56.72346],[12.65709,56.72375],[12.65709,56.72375],[12.6571,56.72375],[12.6571,56.72375],[12.65785,56.72386],[12.65814,56.7239],[12.65814,56.7239],[12.65814,56.7239],[12.65821,56.72376],[12.65928,56.72387],[12.65929,56.72387],[12.65929,56.72387],[12.65941,56.72381],[12.65941,56.72381],[12.65941,56.72381],[12.6602,56.72349],[12.66092,56.72382],[12.66154,56.72411],[12.66154,56.72411],[12.66154,56.72411],[12.66155,56.72411],[12.66176,56.72396],[12.66261,56.72337],[12.66294,56.72315],[12.66392,56.72246],[12.66476,56.72187],[12.66528,56.7215],[12.66558,56.72129],[12.66625,56.72107],[12.66872,56.72028],[12.66908,56.72016],[12.6695,56.72002],[12.66951,56.72002],[12.66951,56.72002],[12.67,56.71987],[12.67073,56.71963],[12.67103,56.7197],[12.67103,56.71971],[12.67103,56.7197],[12.67109,56.71966],[12.67109,56.71966],[12.67109,56.71966],[12.67109,56.71966],[12.67109,56.71966],[12.67233,56.71901],[12.6726,56.71887],[12.67285,56.71874],[12.67336,56.71893],[12.67349,56.71898],[12.67349,56.71898],[12.67349,56.71898],[12.67349,56.71898],[12.67349,56.71899],[12.67386,56.71913],[12.67419,56.71925],[12.67465,56.71943],[12.67522,56.71964],[12.67765,56.72056],[12.67802,56.7207],[12.67775,56.72099],[12.67749,56.72131],[12.67749,56.72131],[12.67749,56.72131],[12.68031,56.72209],[12.68031,56.72209],[12.68031,56.72209],[12.68044,56.72201],[12.68459,56.7196],[12.68665,56.7184],[12.68735,56.718],[12.68765,56.71753],[12.68777,56.71733],[12.68835,56.71732],[12.69079,56.71727],[12.69155,56.71726],[12.6923,56.71724],[12.69348,56.71722],[12.69436,56.7172],[12.69453,56.7172],[12.69453,56.7172],[12.69453,56.71719],[12.69453,56.71719],[12.69438,56.71692],[12.69414,56.71645],[12.69402,56.71622],[12.69389,56.71598],[12.69384,56.71588],[12.69381,56.71583],[12.69388,56.7158],[12.69418,56.71568],[12.69436,56.7156],[12.69446,56.71556],[12.69458,56.71551],[12.69471,56.71546],[12.69487,56.71539],[12.695,56.71534],[12.6953,56.71522],[12.69547,56.71514],[12.69553,56.71512],[12.6963,56.7148],[12.69642,56.71475],[12.69642,56.71475],[12.69657,56.71469],[12.69657,56.71469],[12.69657,56.71469],[12.69656,56.71465],[12.69645,56.71433],[12.69639,56.71412],[12.69637,56.71406],[12.69633,56.71394],[12.69625,56.71368],[12.69614,56.71336],[12.69614,56.71336],[12.69614,56.71336],[12.69608,56.71336],[12.69556,56.7134],[12.695,56.71343],[12.69443,56.71346],[12.69437,56.71346],[12.69437,56.71346],[12.69437,56.71346],[12.69422,56.71347],[12.69375,56.7135],[12.69384,56.71306],[12.69387,56.71289],[12.69388,56.71288],[12.69391,56.71271],[12.69393,56.71263],[12.69394,56.71257],[12.69396,56.71249],[12.69397,56.71242],[12.694,56.71227],[12.69405,56.71207],[12.69408,56.7119],[12.69411,56.71174],[12.69412,56.7117],[12.69414,56.7116],[12.69417,56.71147],[12.69417,56.71147],[12.69416,56.71147],[12.69392,56.71143],[12.69308,56.71129],[12.69282,56.71125],[12.69273,56.71123],[12.69265,56.71121],[12.6926,56.71119],[12.69253,56.71115],[12.69251,56.71112],[12.69249,56.71109],[12.69246,56.71105],[12.69242,56.71098],[12.69236,56.71089],[12.69232,56.71085],[12.69223,56.71079],[12.69216,56.71073],[12.69213,56.71071],[12.69209,56.71066],[12.69221,56.71039],[12.6927,56.70979],[12.69287,56.70959],[12.69527,56.70933],[12.69546,56.70939],[12.6959,56.7095],[12.69621,56.70959],[12.69646,56.70966],[12.69668,56.70976],[12.69687,56.7098],[12.697,56.70981],[12.69712,56.70987],[12.69735,56.70996],[12.69781,56.71015],[12.69839,56.71039],[12.69883,56.71058],[12.69899,56.71068],[12.69907,56.71075],[12.6992,56.71088],[12.6992,56.71088],[12.6992,56.71088],[12.69952,56.71103],[12.70206,56.71223],[12.70206,56.71223],[12.70217,56.71228],[12.70217,56.71228],[12.70364,56.71238],[12.70466,56.71345],[12.7046,56.71369],[12.7046,56.71369],[12.7046,56.71369],[12.70465,56.71371],[12.70473,56.71375],[12.70473,56.71375],[12.70483,56.71374],[12.70489,56.71371],[12.70496,56.71366],[12.70501,56.71359],[12.70501,56.71353],[12.70499,56.71347],[12.70499,56.71342],[12.70506,56.71337],[12.70511,56.71333],[12.70514,56.71328],[12.7051,56.71324],[12.70503,56.7132],[12.70496,56.71318],[12.70496,56.71308],[12.70495,56.71301],[12.70491,56.7129],[12.70486,56.71278],[12.70487,56.71269],[12.70491,56.71259],[12.705,56.71252],[12.70505,56.71246],[12.7051,56.71235],[12.7051,56.71235],[12.70494,56.71225],[12.70491,56.71218],[12.70495,56.71213],[12.70497,56.71209],[12.70494,56.71205],[12.70492,56.71197],[12.70492,56.71189],[12.70489,56.71182],[12.70486,56.71175],[12.70484,56.71168],[12.70489,56.71164],[12.70491,56.7116],[12.70491,56.71155],[12.70493,56.71151],[12.705,56.71148],[12.70508,56.71148],[12.70513,56.71148],[12.70517,56.71148],[12.70521,56.71146],[12.70523,56.71142],[12.70521,56.71138],[12.70522,56.71135],[12.70529,56.7113],[12.70536,56.71125],[12.70537,56.7112],[12.70538,56.71115],[12.70542,56.71113],[12.7055,56.71111],[12.70559,56.71111],[12.70566,56.71111],[12.70574,56.71112],[12.70575,56.71112],[12.70583,56.7111],[12.70592,56.71108],[12.70598,56.71108],[12.70603,56.71108],[12.70606,56.7111],[12.70613,56.7111],[12.70617,56.71109],[12.70617,56.71109],[12.70617,56.71109],[12.70611,56.71103],[12.70611,56.71098],[12.70618,56.71098],[12.70625,56.71101],[12.70635,56.71102],[12.70646,56.71103],[12.70648,56.71108],[12.70641,56.71109],[12.70637,56.71112],[12.70637,56.71112],[12.70637,56.71112],[12.70646,56.71117],[12.70663,56.7112],[12.70682,56.71119],[12.70683,56.71119],[12.70695,56.71113],[12.70707,56.71106],[12.70716,56.71095],[12.70569,56.70826],[12.70812,56.70678],[12.70812,56.70677],[12.70812,56.70677],[12.70812,56.70677],[12.70678,56.70609],[12.70607,56.70576],[12.70691,56.70572],[12.70849,56.70551],[12.70929,56.70565],[12.70929,56.70565],[12.71113,56.7052],[12.71113,56.7052],[12.71113,56.7052],[12.71113,56.70496],[12.70974,56.70268],[12.71015,56.70224],[12.71015,56.70224],[12.70992,56.70199],[12.70948,56.7015],[12.70825,56.70089],[12.70825,56.70089],[12.70632,56.70061],[12.70631,56.70061],[12.70604,56.70077],[12.70598,56.70081],[12.7052,56.70079],[12.70494,56.70078],[12.70479,56.70073],[12.70436,56.70059],[12.70395,56.70046],[12.70357,56.70024],[12.70307,56.69998],[12.70275,56.69954],[12.70267,56.69949],[12.70255,56.69945],[12.70229,56.69919],[12.7021,56.69907],[12.70194,56.69898],[12.70159,56.6989],[12.70131,56.69883],[12.70094,56.6988],[12.70074,56.69875],[12.70028,56.6985],[12.70008,56.69845],[12.69961,56.69828],[12.69952,56.69826],[12.6993,56.69816],[12.69897,56.69788],[12.69864,56.69755],[12.69864,56.69754],[12.69864,56.69754],[12.69857,56.69754],[12.69851,56.69753],[12.69771,56.69749],[12.69696,56.69745],[12.69628,56.69741],[12.69628,56.69741],[12.69628,56.69741],[12.69628,56.69741],[12.69612,56.69741],[12.69482,56.69732],[12.69402,56.69727],[12.69286,56.69721],[12.69175,56.69715],[12.6906,56.69709],[12.68995,56.69705],[12.6887,56.69686],[12.68755,56.6967],[12.68707,56.69662],[12.68658,56.69655],[12.68603,56.69648],[12.68469,56.69629],[12.68449,56.69613],[12.68449,56.69613],[12.68448,56.69613],[12.68448,56.69613],[12.68448,56.69613],[12.68407,56.69658],[12.67971,56.69751],[12.64241,56.71954],[12.64241,56.71954],[12.64241,56.71954],[12.64589,56.72085],[12.6464,56.7211],[12.64742,56.7215],[12.64814,56.72178]]]},"properties":{"NVRID":"2001415","NAMN":"Haverdal","SKYDDSTYP":"Naturreservat","LAN":"Hallands Län","KOMMUN":"Halmstad","IUCNKATEGORI":"V, Skyddat landskap/havsområde (Protected Landscape/Seascape)","FORVALTARE":"Länsstyrelsen i Hallands län","AREA_HA":666.723,"URSPR_BESLUTSDATUM":"1942-06-15"}},{"type":"Feature","geometry":{"type":"Polygon","coordinates":[[[12.56253,57.17413],[12.56148,57.17471],[12.56148,57.17471],[12.56148,57.17471],[12.56195,57.17513],[12.56363,57.17576],[12.56609,57.17619],[12.57046,57.17568],[12.5708,57.17556],[12.57116,57.17511],[12.5714,57.17503],[12.5714,57.17503],[12.57221,57.17418],[12.57383,57.17607],[12.57383,57.17607],[12.57383,57.17607],[12.5749,57.17582],[12.57551,57.1756],[12.57597,57.17491],[12.57648,57.17423],[12.57673,57.1725],[12.57474,57.17078],[12.57523,57.17005],[12.57523,57.17005],[12.57505,57.16987],[12.57496,57.16981],[12.5748,57.16978],[12.5739,57.16973],[12.57366,57.16954],[12.57391,57.16924],[12.57415,57.16902],[12.57429,57.16879],[12.57429,57.16879],[12.57368,57.16852],[12.57342,57.16798],[12.57356,57.1677],[12.57336,57.16694],[12.57321,57.16604],[12.57298,57.16529],[12.57298,57.16529],[12.57297,57.16529],[12.57038,57.16549],[12.56998,57.16545],[12.56998,57.16545],[12.56998,57.16546],[12.56998,57.16546],[12.57125,57.167],[12.57132,57.16727],[12.57169,57.16771],[12.57186,57.16824],[12.57174,57.16897],[12.57103,57.16934],[12.57061,57.1695],[12.57061,57.1695],[12.57063,57.16985],[12.57063,57.16985],[12.57136,57.17011],[12.57174,57.17026],[12.57145,57.17026],[12.57145,57.17026],[12.5705,57.17104],[12.56916,57.1716],[12.56887,57.17201],[12.56929,57.1725],[12.56899,57.17315],[12.56681,57.1729],[12.56681,57.1729],[12.5648,57.17386],[12.56377,57.17376],[12.56294,57.1733],[12.56293,57.1733],[12.56293,57.1733],[12.56235,57.17344],[12.56235,57.17345],[12.56253,57.17413]]]},"properties":{"NVRID":"2029078","NAMN":"Övre Lia","SKYDDSTYP":"Naturreservat","LAN":"Hallands Län","KOMMUN":"Varberg","IUCNKATEGORI":"Ia, Strikt naturreservat (Strict Nature Reserve)","FORVALTARE":"Länsstyrelsen i Hallands län","AREA_HA":43.088,"URSPR_BESLUTSDATUM":"2011-12-21"}},{"type":"Feature","geometry":{"type":"MultiPolygon","coordinates":[[[[12.5799,57.07932],[12.57983,57.07941],[12.57983,57.07941],[12.57992,57.07956],[12.57984,57.07962],[12.57976,57.07973],[12.57976,57.07974],[12.57976,57.07974],[12.57976,57.07974],[12.58384,57.07919],[12.58384,57.07919],[12.58384,57.07919],[12.5836,57.07867],[12.58306,57.07832],[12.58355,57.07784],[12.58355,57.07784],[12.58355,57.07784],[12.58232,57.0768],[12.58231,57.0768],[12.58231,57.0768],[12.58231,57.0768],[12.58208,57.07703],[12.58206,57.07726],[12.58177,57.07742],[12.58155,57.07752],[12.58122,57.07772],[12.58082,57.07803],[12.58057,57.07813],[12.58039,57.07839],[12.57986,57.0792],[12.57986,57.07921],[12.5799,57.07932]]],[[[12.53527,57.07502],[12.53518,57.07499],[12.53491,57.07489],[12.53469,57.07486],[12.5346,57.07483],[12.53453,57.07478],[12.53445,57.07472],[12.53445,57.07472],[12.53427,57.07466],[12.53388,57.07458],[12.53379,57.07456],[12.53377,57.07456],[12.53377,57.07456],[12.53376,57.07456],[12.53296,57.07518],[12.53247,57.07564],[12.53247,57.07565],[12.53268,57.07614],[12.53299,57.07646],[12.53357,57.07672],[12.53475,57.07743],[12.53531,57.07795],[12.53463,57.07848],[12.53463,57.07848],[12.53463,57.07848],[12.53562,57.07941],[12.53661,57.08042],[12.5371,57.08057],[12.53767,57.08055],[12.53851,57.08025],[12.53959,57.08017],[12.53987,57.08006],[12.54025,57.07989],[12.54061,57.07981],[12.54087,57.07986],[12.54135,57.08019],[12.54135,57.08019],[12.54136,57.08019],[12.54178,57.0802],[12.54178,57.0802],[12.54233,57.07973],[12.54266,57.07951],[12.54288,57.0787],[12.54402,57.07776],[12.54457,57.07837],[12.54495,57.07867],[12.54479,57.07902],[12.54509,57.07933],[12.54515,57.07958],[12.54518,57.07962],[12.5459,57.08017],[12.54676,57.08093],[12.54695,57.08139],[12.54695,57.08139],[12.54695,57.08139],[12.54695,57.08139],[12.54751,57.08124],[12.54801,57.08111],[12.5487,57.08153],[12.54887,57.08161],[12.55019,57.08196],[12.55108,57.08203],[12.55108,57.08203],[12.55108,57.08203],[12.55145,57.08171],[12.55179,57.08145],[12.55316,57.08169],[12.55317,57.08169],[12.5542,57.08148],[12.55477,57.08248],[12.55371,57.08268],[12.55358,57.08274],[12.55347,57.08286],[12.55339,57.08301],[12.55321,57.08348],[12.55349,57.08391],[12.55318,57.08426],[12.55318,57.08426],[12.55318,57.08426],[12.55413,57.08452],[12.55486,57.08468],[12.55578,57.08464],[12.55578,57.08464],[12.55579,57.08464],[12.55582,57.08442],[12.55581,57.08416],[12.55564,57.08397],[12.55524,57.08376],[12.55533,57.08354],[12.55662,57.08271],[12.5574,57.08284],[12.55718,57.08354],[12.55718,57.08354],[12.55719,57.08354],[12.55719,57.08354],[12.55788,57.08357],[12.55829,57.08376],[12.55829,57.08376],[12.5586,57.08376],[12.55905,57.08401],[12.55941,57.08436],[12.55985,57.08465],[12.55985,57.08465],[12.56062,57.08484],[12.55997,57.08526],[12.55997,57.08526],[12.55997,57.08526],[12.56028,57.08542],[12.56029,57.08542],[12.5606,57.08538],[12.5608,57.08551],[12.5608,57.08551],[12.5612,57.08555],[12.56183,57.08553],[12.56144,57.08562],[12.56143,57.08562],[12.56143,57.08562],[12.56135,57.08612],[12.56147,57.08672],[12.56146,57.08712],[12.56146,57.08712],[12.56146,57.08712],[12.56146,57.08712],[12.56146,57.08712],[12.56182,57.08694],[12.56191,57.08702],[12.56282,57.08738],[12.56345,57.08752],[12.56384,57.08774],[12.56409,57.08858],[12.56415,57.08893],[12.56424,57.08919],[12.56424,57.08919],[12.56424,57.08919],[12.56448,57.08917],[12.56582,57.08982],[12.56582,57.08982],[12.56619,57.08984],[12.56631,57.08996],[12.5659,57.09018],[12.56517,57.09031],[12.56517,57.09031],[12.56511,57.09039],[12.56504,57.0907],[12.56513,57.09173],[12.56491,57.09235],[12.56444,57.09274],[12.56444,57.09274],[12.5642,57.09366],[12.56399,57.09437],[12.56384,57.09528],[12.56384,57.09528],[12.56384,57.09528],[12.56384,57.09528],[12.56385,57.09528],[12.5648,57.09508],[12.56577,57.09479],[12.56626,57.09455],[12.56694,57.09431],[12.56709,57.09389],[12.56709,57.09389],[12.56709,57.09389],[12.56639,57.09363],[12.56613,57.09323],[12.56628,57.09272],[12.56699,57.0925],[12.56793,57.09237],[12.56934,57.09235],[12.56934,57.09235],[12.56934,57.09235],[12.56935,57.09159],[12.56932,57.09119],[12.56939,57.09102],[12.57094,57.09126],[12.57662,57.09235],[12.57662,57.09235],[12.57662,57.09235],[12.57662,57.09235],[12.57662,57.09235],[12.57667,57.09194],[12.57656,57.09102],[12.57642,57.08988],[12.57632,57.08911],[12.57625,57.08866],[12.57627,57.08863],[12.57623,57.08858],[12.57611,57.08844],[12.57603,57.08828],[12.57598,57.08815],[12.57584,57.08801],[12.57566,57.08776],[12.57554,57.0876],[12.57545,57.08751],[12.57516,57.0872],[12.57483,57.08687],[12.57458,57.08661],[12.57457,57.0866],[12.57398,57.08609],[12.57264,57.08489],[12.57273,57.08479],[12.57273,57.08479],[12.5723,57.08441],[12.57218,57.08408],[12.57197,57.084],[12.5706,57.08299],[12.57035,57.08241],[12.57216,57.08186],[12.57216,57.08186],[12.57216,57.08186],[12.57175,57.08134],[12.57304,57.08104],[12.57371,57.0809],[12.57486,57.0805],[12.57535,57.08027],[12.57569,57.08045],[12.57595,57.08084],[12.57594,57.08108],[12.57615,57.08145],[12.57672,57.08201],[12.5778,57.083],[12.5778,57.083],[12.5778,57.083],[12.5778,57.083],[12.5778,57.083],[12.57781,57.08298],[12.57791,57.08258],[12.57801,57.08209],[12.57814,57.08179],[12.57827,57.08158],[12.57843,57.08148],[12.57845,57.0814],[12.57849,57.08131],[12.5786,57.08121],[12.57865,57.08111],[12.57865,57.08111],[12.57253,57.07644],[12.57253,57.07644],[12.57253,57.07644],[12.56682,57.07895],[12.56682,57.07895],[12.56682,57.07895],[12.56731,57.07991],[12.56782,57.08097],[12.56824,57.08149],[12.56903,57.08264],[12.56885,57.08257],[12.56884,57.08257],[12.56812,57.08231],[12.56812,57.0823],[12.56812,57.08231],[12.56812,57.08231],[12.56778,57.08337],[12.56686,57.08325],[12.56564,57.0834],[12.56358,57.0832],[12.56317,57.08287],[12.56296,57.08228],[12.56361,57.08181],[12.56361,57.08181],[12.56361,57.08181],[12.56361,57.08181],[12.56361,57.08181],[12.56334,57.08186],[12.56317,57.08206],[12.56278,57.0822],[12.56223,57.08227],[12.56164,57.08183],[12.56155,57.08127],[12.56188,57.08122],[12.56284,57.08122],[12.56342,57.08109],[12.5644,57.08051],[12.56475,57.08034],[12.56528,57.07981],[12.56577,57.07968],[12.56649,57.07932],[12.56649,57.07932],[12.56649,57.07932],[12.56649,57.07932],[12.56649,57.07932],[12.56502,57.07892],[12.56391,57.07895],[12.56387,57.07819],[12.56387,57.07819],[12.56387,57.07819],[12.56288,57.0781],[12.56238,57.07784],[12.56376,57.07699],[12.56629,57.07685],[12.56629,57.07685],[12.56629,57.07685],[12.56542,57.0761],[12.5647,57.07595],[12.56412,57.07587],[12.56351,57.07557],[12.56176,57.07441],[12.56157,57.07415],[12.56147,57.0739],[12.56186,57.07345],[12.56239,57.07265],[12.56341,57.07301],[12.56341,57.07301],[12.56341,57.07301],[12.56341,57.07301],[12.56399,57.0726],[12.56399,57.0726],[12.56399,57.0726],[12.56399,57.0726],[12.56006,57.07059],[12.56006,57.07059],[12.55889,57.07053],[12.55881,57.07055],[12.55771,57.07086],[12.55736,57.07096],[12.557,57.07057],[12.557,57.07057],[12.557,57.07057],[12.557,57.07057],[12.55648,57.07073],[12.55538,57.07113],[12.55495,57.07132],[12.55495,57.07132],[12.55495,57.07132],[12.55548,57.07165],[12.55595,57.07194],[12.555,57.07239],[12.55462,57.07204],[12.55425,57.07169],[12.55426,57.07163],[12.55494,57.07132],[12.55495,57.07132],[12.55495,57.07132],[12.55494,57.07132],[12.5548,57.07127],[12.55431,57.07109],[12.55436,57.07094],[12.55436,57.07094],[12.55387,57.07056],[12.55387,57.07056],[12.55387,57.07056],[12.55386,57.07056],[12.55341,57.07111],[12.55187,57.07149],[12.55101,57.0721],[12.54989,57.07169],[12.54959,57.07158],[12.54959,57.07158],[12.54959,57.07158],[12.54951,57.0717],[12.54917,57.07187],[12.54902,57.07187],[12.54893,57.07185],[12.54877,57.07184],[12.54856,57.07183],[12.5484,57.07186],[12.54829,57.07185],[12.54831,57.07181],[12.54833,57.07175],[12.54833,57.07175],[12.54827,57.0717],[12.54815,57.07167],[12.54815,57.07167],[12.54815,57.07167],[12.54809,57.07171],[12.54804,57.07176],[12.54799,57.07178],[12.54787,57.07178],[12.54769,57.07178],[12.54753,57.07175],[12.54748,57.07173],[12.54743,57.07169],[12.54727,57.07164],[12.54721,57.07163],[12.54719,57.07163],[12.54717,57.07161],[12.54722,57.07158],[12.54722,57.07158],[12.54722,57.07158],[12.54719,57.07153],[12.54716,57.07144],[12.54716,57.07144],[12.54708,57.07142],[12.54699,57.07132],[12.54695,57.07124],[12.54693,57.07116],[12.54692,57.07114],[12.54685,57.07111],[12.54677,57.07109],[12.54662,57.07102],[12.54661,57.07102],[12.54661,57.07102],[12.54659,57.07101],[12.54651,57.07098],[12.54637,57.07094],[12.54628,57.07092],[12.546,57.07077],[12.54589,57.07072],[12.54581,57.07069],[12.54565,57.07068],[12.54554,57.07068],[12.54543,57.0707],[12.5453,57.07069],[12.54514,57.07073],[12.54503,57.07078],[12.54494,57.07082],[12.54487,57.07087],[12.5448,57.07091],[12.54476,57.07096],[12.54472,57.071],[12.54468,57.07106],[12.54468,57.07106],[12.54469,57.07112],[12.54469,57.07117],[12.54469,57.07117],[12.54469,57.07118],[12.54485,57.07121],[12.54486,57.07122],[12.54495,57.0713],[12.54494,57.07143],[12.54497,57.07149],[12.54497,57.07149],[12.54509,57.07155],[12.5452,57.07161],[12.54527,57.07166],[12.54536,57.07172],[12.54548,57.07181],[12.54557,57.07189],[12.54557,57.07189],[12.54583,57.07189],[12.54601,57.072],[12.54601,57.07203],[12.546,57.07208],[12.54596,57.07213],[12.54591,57.07221],[12.54578,57.07232],[12.54575,57.07235],[12.54556,57.07246],[12.5455,57.07249],[12.54543,57.07257],[12.5454,57.0726],[12.54531,57.07261],[12.5452,57.07267],[12.54508,57.07279],[12.54502,57.07285],[12.545,57.07291],[12.54504,57.07297],[12.5451,57.07305],[12.54511,57.07309],[12.54507,57.07313],[12.54502,57.07317],[12.54498,57.0732],[12.54498,57.0732],[12.54498,57.0732],[12.54502,57.07327],[12.54502,57.07327],[12.54511,57.07328],[12.54511,57.07328],[12.54511,57.07335],[12.54511,57.07335],[12.54523,57.07338],[12.54531,57.07346],[12.54533,57.07351],[12.54531,57.07355],[12.54526,57.07357],[12.54526,57.07357],[12.54526,57.07357],[12.54532,57.07368],[12.54523,57.07364],[12.54523,57.07364],[12.54522,57.07364],[12.54515,57.07368],[12.54508,57.07368],[12.54499,57.07371],[12.5449,57.07376],[12.54484,57.07377],[12.54478,57.0738],[12.54461,57.07392],[12.54461,57.07392],[12.54461,57.07409],[12.54464,57.07418],[12.54462,57.07421],[12.54455,57.07423],[12.54449,57.07427],[12.5444,57.07429],[12.5442,57.07427],[12.544,57.07428],[12.544,57.07428],[12.54387,57.07433],[12.54306,57.07438],[12.54268,57.07433],[12.54262,57.07432],[12.54257,57.07432],[12.54245,57.0743],[12.54237,57.07427],[12.54221,57.07423],[12.5419,57.07421],[12.54183,57.07421],[12.54162,57.07424],[12.54137,57.07434],[12.54132,57.07441],[12.54119,57.07442],[12.5411,57.07441],[12.54087,57.07438],[12.54078,57.07437],[12.54065,57.07437],[12.54065,57.07437],[12.54055,57.0744],[12.54048,57.07445],[12.54039,57.07455],[12.54032,57.07466],[12.5403,57.07472],[12.54031,57.07479],[12.54038,57.07487],[12.54049,57.07493],[12.54055,57.07498],[12.54059,57.07501],[12.54069,57.0751],[12.54072,57.07516],[12.54075,57.07526],[12.54078,57.07534],[12.54075,57.0755],[12.54074,57.07554],[12.54075,57.07565],[12.54092,57.07587],[12.54112,57.07602],[12.54119,57.07613],[12.54138,57.07643],[12.54149,57.07659],[12.54152,57.07666],[12.54157,57.07672],[12.54162,57.07679],[12.54164,57.07684],[12.54198,57.07744],[12.54201,57.07769],[12.54197,57.07783],[12.54196,57.07794],[12.54197,57.07801],[12.542,57.07809],[12.542,57.07818],[12.54198,57.07823],[12.54192,57.07822],[12.54192,57.07822],[12.54181,57.07827],[12.54181,57.07827],[12.54181,57.07827],[12.54181,57.07833],[12.54181,57.07844],[12.54192,57.07856],[12.54192,57.07864],[12.54188,57.07867],[12.54172,57.07878],[12.54163,57.07905],[12.54152,57.07923],[12.54144,57.07922],[12.54133,57.07922],[12.54133,57.07922],[12.54126,57.07929],[12.54112,57.07931],[12.54105,57.07927],[12.54105,57.07927],[12.54105,57.07927],[12.54098,57.07929],[12.54088,57.07923],[12.54074,57.07917],[12.54066,57.07905],[12.54058,57.07882],[12.54031,57.07839],[12.54012,57.07803],[12.53995,57.07772],[12.53984,57.07753],[12.53981,57.07747],[12.53981,57.07746],[12.53968,57.07722],[12.53968,57.07716],[12.53965,57.07711],[12.53958,57.07703],[12.53952,57.07691],[12.53948,57.07688],[12.53942,57.07678],[12.53941,57.07676],[12.53938,57.07671],[12.53933,57.07664],[12.53928,57.0766],[12.53923,57.07653],[12.53909,57.07635],[12.53902,57.07623],[12.539,57.07618],[12.53898,57.07614],[12.53894,57.0761],[12.53887,57.07601],[12.53877,57.07591],[12.53868,57.07581],[12.53848,57.0757],[12.53817,57.07557],[12.538,57.07555],[12.53787,57.07554],[12.53773,57.07538],[12.53773,57.07536],[12.53776,57.07533],[12.53778,57.07529],[12.53777,57.07526],[12.53777,57.07526],[12.53762,57.07521],[12.53747,57.07523],[12.53736,57.0752],[12.53715,57.07514],[12.53709,57.07512],[12.53684,57.07502],[12.53668,57.075],[12.53649,57.07499],[12.53649,57.075],[12.53631,57.07511],[12.53626,57.07513],[12.53596,57.07507],[12.53537,57.07503],[12.53528,57.07502],[12.53528,57.07502],[12.53527,57.07502]],[[12.5466,57.07532],[12.55056,57.07339],[12.55108,57.07344],[12.55272,57.07462],[12.55476,57.07551],[12.55579,57.07694],[12.55605,57.07896],[12.55775,57.08057],[12.55473,57.08076],[12.55473,57.08076],[12.55473,57.08076],[12.55465,57.08136],[12.55352,57.08119],[12.55324,57.08102],[12.55324,57.08102],[12.55275,57.08101],[12.55151,57.08018],[12.55266,57.07988],[12.55414,57.07947],[12.55414,57.07947],[12.55414,57.07947],[12.55398,57.07922],[12.5538,57.07901],[12.55289,57.07851],[12.55232,57.07788],[12.55119,57.07695],[12.55005,57.07618],[12.55005,57.07618],[12.55005,57.07618],[12.54972,57.07636],[12.54691,57.07547],[12.5466,57.07532]]]]},"properties":{"NVRID":"2005539","NAMN":"Skogsbo","SKYDDSTYP":"Naturreservat","LAN":"Hallands Län","KOMMUN":"Falkenberg, Varberg","IUCNKATEGORI":"Ia, Strikt naturreservat (Strict Nature Reserve)","FORVALTARE":"Länsstyrelsen i Hallands län","AREA_HA":254.304,"URSPR_BESLUTSDATUM":"2006-09-25"}},{"type":"Feature","geometry":{"type":"Polygon","coordinates":[[[12.79909,57.08501],[12.80136,57.08607],[12.80327,57.08689],[12.80327,57.08689],[12.80327,57.08689],[12.80327,57.08689],[12.80404,57.08577],[12.80396,57.08558],[12.80393,57.08548],[12.80396,57.08531],[12.80401,57.08513],[12.80403,57.08496],[12.80454,57.08476],[12.80469,57.08474],[12.80497,57.0847],[12.80503,57.0847],[12.80509,57.08471],[12.80518,57.08474],[12.80534,57.08476],[12.80534,57.08476],[12.80552,57.08475],[12.80558,57.08473],[12.80586,57.08459],[12.80597,57.08457],[12.80617,57.08454],[12.80656,57.08451],[12.80679,57.08446],[12.80679,57.08446],[12.80709,57.08424],[12.81487,57.08854],[12.81487,57.08854],[12.81755,57.08827],[12.81755,57.08827],[12.81755,57.08827],[12.81761,57.08812],[12.81764,57.088],[12.81765,57.08789],[12.81767,57.08774],[12.81764,57.08755],[12.81753,57.08744],[12.81745,57.08736],[12.81733,57.08721],[12.81728,57.08713],[12.81729,57.08701],[12.81734,57.08688],[12.81734,57.0868],[12.81735,57.08665],[12.81733,57.08649],[12.81728,57.08631],[12.81718,57.08613],[12.8171,57.08595],[12.817,57.08579],[12.8168,57.08557],[12.81669,57.08545],[12.81645,57.08527],[12.81626,57.08516],[12.816,57.08498],[12.81587,57.08485],[12.81558,57.08467],[12.81538,57.08454],[12.81508,57.08439],[12.81491,57.08427],[12.81477,57.0841],[12.81462,57.08396],[12.81455,57.08382],[12.8145,57.08367],[12.81447,57.08352],[12.81453,57.08337],[12.81458,57.08321],[12.81467,57.08298],[12.81468,57.08263],[12.8147,57.08222],[12.81468,57.08205],[12.81474,57.082],[12.81477,57.08193],[12.81472,57.08183],[12.81459,57.08154],[12.81458,57.08146],[12.81464,57.08131],[12.81468,57.08114],[12.81472,57.08091],[12.81472,57.08081],[12.81469,57.08074],[12.8146,57.08056],[12.81447,57.0804],[12.81431,57.0802],[12.8142,57.08004],[12.81406,57.07988],[12.81398,57.07977],[12.81398,57.07977],[12.81398,57.07977],[12.81398,57.07977],[12.81285,57.0802],[12.80407,57.08345],[12.79985,57.0798],[12.79985,57.0798],[12.79985,57.0798],[12.79491,57.08173],[12.79491,57.08173],[12.79491,57.08173],[12.79909,57.08501]]]},"properties":{"NVRID":"2001992","NAMN":"Yttra Berg","SKYDDSTYP":"Naturreservat","LAN":"Hallands Län","KOMMUN":"Falkenberg","IUCNKATEGORI":"IV, Habitat/Artskyddsområde (Habitat/Species Management Area)","FORVALTARE":"Länsstyrelsen i Hallands län","AREA_HA":59.732,"URSPR_BESLUTSDATUM":"1993-05-28"}},{"type":"Feature","geometry":{"type":"Polygon","coordinates":[[[12.57589,57.19874],[12.57575,57.19879],[12.57561,57.19888],[12.57546,57.199],[12.57536,57.19909],[12.57536,57.19909],[12.57538,57.1991],[12.57546,57.19919],[12.57548,57.19921],[12.5756,57.1993],[12.57583,57.19949],[12.57591,57.19961],[12.57593,57.19969],[12.57593,57.19969],[12.57608,57.19972],[12.57629,57.19977],[12.57653,57.19984],[12.57674,57.19992],[12.57696,57.19999],[12.57715,57.20007],[12.57725,57.20013],[12.57732,57.20021],[12.5774,57.20031],[12.57751,57.20042],[12.5776,57.2005],[12.57774,57.20057],[12.57788,57.20063],[12.57804,57.20068],[12.57821,57.20072],[12.57844,57.20075],[12.57854,57.20076],[12.5788,57.20083],[12.57894,57.20089],[12.57912,57.20098],[12.57929,57.20105],[12.5793,57.20117],[12.57924,57.20124],[12.57916,57.20126],[12.57904,57.20126],[12.57874,57.20135],[12.57862,57.20138],[12.57861,57.20138],[12.57861,57.20138],[12.57861,57.20138],[12.57861,57.20138],[12.57908,57.20155],[12.57941,57.20159],[12.57941,57.20159],[12.58004,57.20141],[12.58021,57.20109],[12.58021,57.20109],[12.58019,57.20103],[12.58094,57.20093],[12.58094,57.20093],[12.58094,57.20092],[12.58096,57.20068],[12.58127,57.20026],[12.58127,57.20026],[12.58108,57.20002],[12.58092,57.19988],[12.58071,57.19974],[12.58055,57.19961],[12.58042,57.19945],[12.58034,57.1993],[12.58018,57.19916],[12.57992,57.19904],[12.5798,57.19897],[12.57989,57.19887],[12.58007,57.19883],[12.5803,57.19883],[12.58061,57.19869],[12.58079,57.1985],[12.581,57.1982],[12.58104,57.19808],[12.58106,57.19779],[12.58115,57.19767],[12.58133,57.19759],[12.58146,57.19755],[12.58146,57.19755],[12.58156,57.19739],[12.58154,57.19721],[12.58148,57.19708],[12.58144,57.19689],[12.58129,57.19673],[12.58129,57.19673],[12.58091,57.19663],[12.58049,57.19653],[12.58037,57.1964],[12.58037,57.1964],[12.58037,57.1964],[12.58012,57.19638],[12.58012,57.19638],[12.58002,57.19645],[12.57992,57.19656],[12.57982,57.19649],[12.57972,57.1963],[12.57956,57.1962],[12.57953,57.19611],[12.57992,57.19585],[12.57998,57.19576],[12.58026,57.19569],[12.58067,57.19568],[12.58067,57.19568],[12.58091,57.19554],[12.58111,57.1954],[12.58117,57.19529],[12.58117,57.19529],[12.5811,57.1951],[12.58107,57.19496],[12.58103,57.19484],[12.58103,57.19484],[12.58103,57.19484],[12.58083,57.19483],[12.5782,57.19466],[12.5782,57.19466],[12.5782,57.19466],[12.57688,57.19684],[12.5764,57.19763],[12.57589,57.19874]]]},"properties":{"NVRID":"2062284","NAMN":"Lapparetorpets naturreservat","SKYDDSTYP":"Naturreservat","LAN":"Hallands Län","KOMMUN":"Varberg","IUCNKATEGORI":"Ia, Strikt naturreservat (Strict Nature Reserve)","FORVALTARE":"Länsstyrelsen i Hallands län","AREA_HA":16.817,"URSPR_BESLUTSDATUM":"2024-08-20"}},{"type":"Feature","geometry":{"type":"Polygon","coordinates":[[[13.00636,56.81776],[13.00429,56.81791],[13.00429,56.81791],[13.00429,56.81792],[13.00432,56.81795],[13.00442,56.81803],[13.00503,56.81849],[13.00532,56.81869],[13.00549,56.81878],[13.00566,56.81887],[13.00591,56.81899],[13.00612,56.81909],[13.00699,56.81945],[13.00718,56.81952],[13.00751,56.81963],[13.00751,56.81963],[13.00871,56.81944],[13.00986,56.81978],[13.01117,56.82111],[13.01117,56.82111],[13.01117,56.82111],[13.01117,56.82111],[13.01452,56.81999],[13.01467,56.82054],[13.01467,56.82054],[13.01467,56.82054],[13.01468,56.82054],[13.01615,56.82043],[13.01633,56.82077],[13.01657,56.82123],[13.01693,56.82179],[13.01869,56.82295],[13.01869,56.82295],[13.022,56.82239],[13.022,56.82239],[13.022,56.82239],[13.02174,56.82046],[13.02179,56.82035],[13.02204,56.81992],[13.02228,56.81959],[13.02234,56.81946],[13.02235,56.81936],[13.02233,56.81927],[13.02231,56.81919],[13.02227,56.81913],[13.02227,56.81913],[13.02227,56.81913],[13.02156,56.81916],[13.02128,56.81714],[13.02128,56.81714],[13.02128,56.81714],[13.01912,56.81667],[13.01562,56.81589],[13.01325,56.81535],[13.01325,56.81535],[13.01325,56.81535],[13.01325,56.81535],[13.01394,56.81788],[13.00997,56.81747],[13.00853,56.81731],[13.006,56.81707],[13.006,56.81707],[13.006,56.81707],[13.00636,56.81776]]]},"properties":{"NVRID":"2028791","NAMN":"Hälleberget","SKYDDSTYP":"Naturreservat","LAN":"Hallands Län","KOMMUN":"Halmstad","IUCNKATEGORI":"Ia, Strikt naturreservat (Strict Nature Reserve)","FORVALTARE":"Länsstyrelsen i Hallands län","AREA_HA":44.007,"URSPR_BESLUTSDATUM":"2011-11-29"}},{"type":"Feature","geometry":{"type":"Polygon","coordinates":[[[12.91838,56.90109],[12.91939,56.90187],[12.91939,56.90187],[12.91939,56.90187],[12.91939,56.90187],[12.91997,56.9015],[12.9203,56.90122],[12.92162,56.90182],[12.92162,56.90182],[12.92162,56.90182],[12.92773,56.89966],[12.92773,56.89966],[12.92773,56.89966],[12.92765,56.89917],[12.92751,56.89908],[12.92728,56.89899],[12.9271,56.89894],[12.92688,56.89887],[12.92671,56.89878],[12.92705,56.89827],[12.92755,56.89764],[12.92779,56.89696],[12.92854,56.89682],[12.92854,56.89682],[12.92854,56.89682],[12.92827,56.89649],[12.92827,56.89649],[12.92557,56.896],[12.92501,56.89563],[12.92628,56.89394],[12.92628,56.89394],[12.92628,56.89394],[12.9245,56.89357],[12.92509,56.89237],[12.92582,56.89232],[12.92583,56.89232],[12.92583,56.89232],[12.92518,56.89154],[12.92518,56.89154],[12.92437,56.89146],[12.9242,56.89105],[12.92458,56.89077],[12.92669,56.88952],[12.92874,56.88794],[12.92874,56.88793],[12.92874,56.88793],[12.92834,56.88759],[12.92856,56.88745],[12.92985,56.88704],[12.93105,56.88726],[12.93105,56.88726],[12.93174,56.88699],[12.93305,56.88743],[12.93306,56.88743],[12.93306,56.88743],[12.93306,56.88743],[12.93358,56.88677],[12.93415,56.88674],[12.93415,56.88674],[12.93423,56.88663],[12.93423,56.88663],[12.93423,56.88663],[12.93315,56.88621],[12.93314,56.88621],[12.93271,56.88624],[12.9326,56.88623],[12.93241,56.88619],[12.93201,56.88599],[12.93163,56.8859],[12.93163,56.8859],[12.9268,56.88611],[12.92617,56.88623],[12.9257,56.88639],[12.92332,56.88652],[12.92129,56.88656],[12.91983,56.88673],[12.91919,56.88696],[12.91871,56.88734],[12.91834,56.88779],[12.91834,56.88779],[12.91844,56.88799],[12.91897,56.88843],[12.91937,56.88883],[12.91953,56.8891],[12.9198,56.88952],[12.9198,56.88952],[12.92043,56.8897],[12.9208,56.89013],[12.92088,56.89051],[12.9205,56.8908],[12.92039,56.89096],[12.92021,56.89143],[12.92021,56.89143],[12.9207,56.89185],[12.92046,56.89277],[12.91884,56.89351],[12.91884,56.89351],[12.91884,56.89351],[12.91884,56.89351],[12.92108,56.89493],[12.92104,56.89509],[12.92115,56.89795],[12.92091,56.898],[12.92079,56.89802],[12.92059,56.89807],[12.92034,56.89812],[12.92025,56.89814],[12.9201,56.89817],[12.91979,56.89824],[12.91964,56.89826],[12.91922,56.89831],[12.91886,56.89834],[12.91856,56.89836],[12.91808,56.89839],[12.91789,56.89839],[12.91773,56.89838],[12.91747,56.89833],[12.91738,56.89832],[12.91738,56.89832],[12.91738,56.89832],[12.91736,56.89835],[12.91727,56.89849],[12.91708,56.89885],[12.91682,56.89929],[12.91669,56.8995],[12.9162,56.90024],[12.91594,56.90062],[12.91594,56.90062],[12.91594,56.90062],[12.91597,56.90062],[12.91609,56.90066],[12.9162,56.9007],[12.91636,56.90079],[12.91659,56.90093],[12.91669,56.90099],[12.91678,56.90104],[12.91692,56.90111],[12.91692,56.90111],[12.91722,56.90105],[12.91838,56.90109]]]},"properties":{"NVRID":"2033029","NAMN":"Skårebo","SKYDDSTYP":"Naturreservat","LAN":"Hallands Län","KOMMUN":"Halmstad","IUCNKATEGORI":"Ia, Strikt naturreservat (Strict Nature Reserve)","FORVALTARE":"Länsstyrelsen i Hallands län","AREA_HA":74.676,"URSPR_BESLUTSDATUM":"2012-12-04"}},{"type":"Feature","geometry":{"type":"Polygon","coordinates":[[[12.7501,56.8701],[12.75029,56.87021],[12.75035,56.87022],[12.75035,56.87022],[12.75035,56.87022],[12.75178,56.86882],[12.75301,56.86912],[12.75396,56.86957],[12.75396,56.86957],[12.75497,56.86928],[12.75497,56.86927],[12.75497,56.86927],[12.75459,56.86874],[12.75571,56.86855],[12.75571,56.86855],[12.75571,56.86855],[12.75539,56.86765],[12.75637,56.86744],[12.75637,56.86744],[12.75637,56.86744],[12.75578,56.86675],[12.75578,56.86675],[12.75578,56.86675],[12.75484,56.86697],[12.75368,56.86681],[12.75258,56.86641],[12.75228,56.86388],[12.75152,56.8627],[12.75152,56.8627],[12.74876,56.8625],[12.74861,56.86249],[12.74861,56.86249],[12.74861,56.86249],[12.74852,56.86261],[12.74852,56.86276],[12.74859,56.86284],[12.74874,56.8629],[12.74874,56.8629],[12.749,56.86292],[12.74929,56.8629],[12.74955,56.86292],[12.74992,56.86296],[12.75025,56.86303],[12.75047,56.86309],[12.75062,56.8632],[12.75067,56.86333],[12.75064,56.86347],[12.75055,56.8636],[12.75043,56.86381],[12.75036,56.86397],[12.75037,56.86412],[12.75042,56.86425],[12.75039,56.86443],[12.75037,56.86467],[12.75043,56.86482],[12.75053,56.86491],[12.75067,56.86503],[12.7508,56.8652],[12.75091,56.86547],[12.75108,56.86565],[12.75129,56.86588],[12.75142,56.866],[12.75147,56.8661],[12.75143,56.86639],[12.75141,56.86663],[12.75141,56.86685],[12.75131,56.86716],[12.75127,56.8674],[12.75129,56.86763],[12.75135,56.86794],[12.75131,56.86805],[12.75122,56.86814],[12.7511,56.8682],[12.75073,56.86827],[12.75051,56.86835],[12.75021,56.86849],[12.75007,56.86858],[12.74998,56.86873],[12.74991,56.86899],[12.74984,56.86935],[12.74989,56.86955],[12.74988,56.86979],[12.74994,56.86999],[12.7501,56.8701]]]},"properties":{"NVRID":"2002017","NAMN":"Suseån-Hult","SKYDDSTYP":"Naturreservat","LAN":"Hallands Län","KOMMUN":"Falkenberg","IUCNKATEGORI":"III, Naturmonument (Natural Monument)","FORVALTARE":"Länsstyrelsen i Hallands län","AREA_HA":13.113,"URSPR_BESLUTSDATUM":"1992-04-24"}},{"type":"Feature","geometry":{"type":"Polygon","coordinates":[[[12.54562,56.85078],[12.54729,56.85032],[12.54909,56.85147],[12.54909,56.85147],[12.54909,56.85147],[12.54926,56.85134],[12.54929,56.85136],[12.54929,56.85136],[12.54929,56.85136],[12.54939,56.85134],[12.54939,56.85134],[12.54939,56.85134],[12.54898,56.851],[12.54897,56.85093],[12.54895,56.85082],[12.54892,56.85051],[12.54876,56.85022],[12.54876,56.85022],[12.54876,56.85022],[12.54876,56.85022],[12.54876,56.85022],[12.54852,56.84978],[12.5483,56.8494],[12.54927,56.84893],[12.54937,56.84889],[12.54937,56.84889],[12.54937,56.84889],[12.5491,56.8487],[12.54972,56.84844],[12.55007,56.8487],[12.55038,56.84893],[12.55052,56.84904],[12.55141,56.84971],[12.55185,56.85004],[12.55185,56.85004],[12.55185,56.85004],[12.55185,56.85004],[12.55263,56.84972],[12.55381,56.84924],[12.55381,56.84924],[12.55381,56.84924],[12.55314,56.84888],[12.5528,56.84874],[12.5517,56.84759],[12.55189,56.84749],[12.55245,56.84732],[12.55245,56.84731],[12.55245,56.84731],[12.55245,56.84731],[12.5517,56.84676],[12.55178,56.84668],[12.55202,56.84657],[12.55202,56.84657],[12.55202,56.84657],[12.55178,56.84598],[12.55129,56.84554],[12.55194,56.84542],[12.554,56.84625],[12.55401,56.84625],[12.55401,56.84625],[12.55401,56.84625],[12.554,56.84617],[12.55404,56.84609],[12.55422,56.84596],[12.5544,56.84593],[12.55475,56.84584],[12.55539,56.84568],[12.5554,56.84568],[12.55549,56.84562],[12.55565,56.84547],[12.55579,56.84533],[12.55592,56.84518],[12.55601,56.84507],[12.55606,56.84503],[12.55606,56.84503],[12.55606,56.84503],[12.55595,56.8449],[12.55584,56.84478],[12.55496,56.84387],[12.55496,56.84387],[12.55496,56.84387],[12.55469,56.84392],[12.55459,56.84347],[12.55415,56.84301],[12.55621,56.84277],[12.55733,56.84404],[12.55707,56.84427],[12.55691,56.84438],[12.55632,56.84468],[12.55632,56.84468],[12.55632,56.84468],[12.55643,56.84473],[12.55643,56.84473],[12.55789,56.84443],[12.55789,56.84443],[12.55789,56.84443],[12.55779,56.84432],[12.55775,56.84428],[12.55774,56.84419],[12.5579,56.84386],[12.55807,56.84375],[12.55837,56.84369],[12.5585,56.84367],[12.56017,56.84355],[12.56029,56.84357],[12.56107,56.84375],[12.56108,56.84375],[12.56108,56.84375],[12.56133,56.84339],[12.56377,56.8434],[12.56418,56.84343],[12.56454,56.84346],[12.56558,56.84333],[12.56586,56.84363],[12.56629,56.84406],[12.56629,56.84406],[12.56659,56.84408],[12.56659,56.84408],[12.56659,56.84408],[12.56785,56.84454],[12.5689,56.84453],[12.5689,56.84453],[12.5689,56.84453],[12.56903,56.84453],[12.56903,56.84453],[12.56903,56.84453],[12.5709,56.84451],[12.57238,56.8445],[12.57345,56.8445],[12.58025,56.84447],[12.58025,56.84447],[12.58025,56.84447],[12.58025,56.84446],[12.58018,56.84441],[12.58017,56.84436],[12.58011,56.84432],[12.58002,56.84429],[12.57999,56.84422],[12.57995,56.84416],[12.57987,56.84408],[12.57978,56.844],[12.57969,56.84393],[12.5796,56.84387],[12.57951,56.84384],[12.57947,56.84376],[12.57945,56.84369],[12.57939,56.84361],[12.57932,56.84354],[12.57925,56.84347],[12.57917,56.84338],[12.57911,56.84326],[12.57903,56.84321],[12.57899,56.84317],[12.57894,56.84308],[12.57888,56.84298],[12.57879,56.84289],[12.57872,56.84282],[12.57872,56.84275],[12.57863,56.8427],[12.57857,56.84265],[12.57859,56.84259],[12.57857,56.84252],[12.57854,56.84244],[12.57848,56.84237],[12.57848,56.84223],[12.57845,56.8422],[12.57845,56.8422],[12.57841,56.84219],[12.57838,56.84215],[12.57838,56.84213],[12.57836,56.84211],[12.57834,56.8421],[12.57834,56.84209],[12.57835,56.84207],[12.57834,56.84206],[12.57833,56.84206],[12.5783,56.84205],[12.57827,56.84204],[12.57826,56.84204],[12.57826,56.84202],[12.57827,56.84201],[12.57827,56.84199],[12.57826,56.84197],[12.57824,56.84195],[12.57821,56.84193],[12.57819,56.84192],[12.57817,56.84191],[12.57816,56.84188],[12.57812,56.84182],[12.5781,56.84177],[12.57807,56.84172],[12.57805,56.84166],[12.57804,56.84162],[12.57804,56.84159],[12.57805,56.84156],[12.57804,56.84152],[12.57803,56.84149],[12.57803,56.84145],[12.57803,56.84141],[12.57807,56.84133],[12.5781,56.84129],[12.57814,56.84124],[12.57822,56.84119],[12.57832,56.84112],[12.57838,56.84107],[12.57844,56.84102],[12.57847,56.841],[12.5785,56.84097],[12.57855,56.84093],[12.57856,56.8409],[12.57857,56.84087],[12.57858,56.84084],[12.57859,56.84079],[12.57859,56.84074],[12.57858,56.84069],[12.57856,56.84063],[12.57854,56.84058],[12.57852,56.84053],[12.57851,56.84051],[12.57848,56.84042],[12.57849,56.84039],[12.57847,56.84036],[12.57846,56.84034],[12.57846,56.84033],[12.57848,56.84026],[12.5785,56.8402],[12.57853,56.84015],[12.57855,56.8401],[12.57856,56.84006],[12.57856,56.84002],[12.57855,56.83997],[12.57854,56.83994],[12.57855,56.8399],[12.57857,56.83986],[12.5786,56.83982],[12.57863,56.83976],[12.57868,56.83968],[12.57876,56.83956],[12.57878,56.83951],[12.57882,56.83947],[12.5789,56.83941],[12.57895,56.83936],[12.579,56.83931],[12.57903,56.83926],[12.57907,56.83919],[12.57913,56.83914],[12.57922,56.83908],[12.57932,56.83903],[12.57938,56.83899],[12.57947,56.83895],[12.57959,56.8389],[12.5797,56.83885],[12.57982,56.83881],[12.57996,56.83875],[12.58007,56.83869],[12.58018,56.83864],[12.58025,56.83862],[12.58036,56.83856],[12.58045,56.83853],[12.58051,56.83849],[12.58062,56.83843],[12.58072,56.83836],[12.58079,56.8383],[12.58085,56.83825],[12.58093,56.8382],[12.58098,56.83816],[12.58103,56.83815],[12.58111,56.83812],[12.58119,56.83809],[12.58119,56.83809],[12.58119,56.83809],[12.58119,56.83809],[12.58118,56.83809],[12.55586,56.83559],[12.55586,56.83559],[12.54011,56.84296],[12.54011,56.84296],[12.54104,56.85178],[12.54104,56.85178],[12.54104,56.85178],[12.54421,56.85105],[12.54562,56.85078]],[[12.55272,56.84464],[12.55317,56.84443],[12.55333,56.84441],[12.55398,56.84432],[12.55424,56.84487],[12.55366,56.84496],[12.55356,56.84497],[12.55316,56.84503],[12.55287,56.84478],[12.55272,56.84464]]]},"properties":{"NVRID":"2002020","NAMN":"Grimsholmen","SKYDDSTYP":"Naturreservat","LAN":"Hallands Län","KOMMUN":"Falkenberg","IUCNKATEGORI":"V, Skyddat landskap/havsområde (Protected Landscape/Seascape)","FORVALTARE":"Västkuststiftelsen","AREA_HA":220.275,"URSPR_BESLUTSDATUM":"1992-09-25"}},{"type":"Feature","geometry":{"type":"Polygon","coordinates":[[[13.16467,56.97301],[13.16459,56.97317],[13.16459,56.97349],[13.16452,56.97384],[13.16485,56.97434],[13.16492,56.97485],[13.16491,56.97514],[13.16442,56.97553],[13.16442,56.97553],[13.16457,56.9764],[13.16455,56.97675],[13.16455,56.97675],[13.1647,56.97684],[13.16537,56.97711],[13.16585,56.97731],[13.16662,56.97748],[13.16662,56.97748],[13.16681,56.97738],[13.16718,56.97746],[13.16718,56.97746],[13.16794,56.9773],[13.16812,56.97721],[13.16857,56.97684],[13.16879,56.97682],[13.16907,56.97704],[13.16907,56.97704],[13.16929,56.97708],[13.16949,56.97704],[13.16967,56.97697],[13.17049,56.97689],[13.17049,56.97689],[13.17055,56.97686],[13.17058,56.97679],[13.17047,56.97667],[13.17037,56.9766],[13.17034,56.9764],[13.16983,56.97593],[13.1695,56.97577],[13.16933,56.97565],[13.16905,56.97557],[13.16872,56.97542],[13.1683,56.97481],[13.16823,56.97464],[13.16817,56.97456],[13.1682,56.97446],[13.1683,56.97409],[13.1683,56.97408],[13.16804,56.97385],[13.16791,56.9738],[13.16728,56.97354],[13.16681,56.97335],[13.16539,56.97278],[13.16459,56.97259],[13.16459,56.97259],[13.16459,56.97259],[13.16459,56.97259],[13.16467,56.97301]]]},"properties":{"NVRID":"2002005","NAMN":"Lintalund","SKYDDSTYP":"Naturreservat","LAN":"Hallands Län","KOMMUN":"Hylte","IUCNKATEGORI":"IV, Habitat/Artskyddsområde (Habitat/Species Management Area)","FORVALTARE":"Länsstyrelsen i Hallands län","AREA_HA":11.745,"URSPR_BESLUTSDATUM":"1986-12-19"}},{"type":"Feature","geometry":{"type":"Polygon","coordinates":[[[11.96975,57.49237],[11.96944,57.49197],[11.96944,57.49197],[11.96944,57.49197],[11.96918,57.49205],[11.96818,57.49237],[11.96796,57.49264],[11.96782,57.4928],[11.96773,57.49301],[11.96776,57.49325],[11.96773,57.4934],[11.96776,57.49351],[11.96793,57.49365],[11.96808,57.49386],[11.96821,57.49417],[11.96832,57.49473],[11.96832,57.49473],[11.96832,57.49473],[11.96991,57.49475],[11.97087,57.49493],[11.971,57.49565],[11.97109,57.49624],[11.97109,57.49624],[11.97173,57.49649],[11.97188,57.49658],[11.97184,57.49661],[11.97184,57.49661],[11.97184,57.49661],[11.97189,57.49665],[11.97189,57.49665],[11.97189,57.49665],[11.97306,57.49654],[11.97371,57.49659],[11.97389,57.49666],[11.9739,57.49666],[11.97455,57.49657],[11.9748,57.49658],[11.97488,57.49674],[11.97488,57.49674],[11.97488,57.49674],[11.975,57.49673],[11.97512,57.4968],[11.97512,57.4968],[11.97532,57.49676],[11.97547,57.49678],[11.97547,57.49678],[11.97552,57.49676],[11.97565,57.49682],[11.97588,57.49685],[11.97588,57.49685],[11.97595,57.49684],[11.97608,57.49687],[11.97607,57.49694],[11.97607,57.49694],[11.97607,57.49694],[11.97619,57.49696],[11.97667,57.49685],[11.97696,57.49687],[11.97696,57.49687],[11.97696,57.49687],[11.97697,57.49684],[11.97732,57.49686],[11.97746,57.49689],[11.97746,57.49689],[11.97761,57.49683],[11.97766,57.49679],[11.97775,57.49678],[11.97777,57.49676],[11.97782,57.49673],[11.97815,57.49679],[11.97815,57.49679],[11.97815,57.49679],[11.97822,57.49674],[11.97838,57.49674],[11.97867,57.49677],[11.97876,57.49683],[11.97876,57.49683],[11.97912,57.49685],[11.9794,57.49689],[11.9794,57.49689],[11.97952,57.49682],[11.97972,57.49686],[11.97972,57.49686],[11.97972,57.49686],[11.97979,57.49679],[11.98025,57.49673],[11.98034,57.49672],[11.9804,57.49673],[11.98067,57.49674],[11.98067,57.49674],[11.98067,57.49674],[11.98067,57.49674],[11.98067,57.49655],[11.98069,57.49652],[11.98073,57.4965],[11.98087,57.49643],[11.98091,57.49641],[11.9813,57.49628],[11.98137,57.49623],[11.98156,57.49621],[11.98156,57.49621],[11.98163,57.49616],[11.98163,57.49616],[11.98171,57.49597],[11.98189,57.49596],[11.98205,57.49594],[11.98218,57.49593],[11.98231,57.49592],[11.98239,57.49594],[11.98239,57.49594],[11.98248,57.49591],[11.98258,57.49581],[11.98261,57.49573],[11.98262,57.49562],[11.98262,57.49562],[11.98262,57.49562],[11.98221,57.49555],[11.9817,57.49519],[11.98043,57.49499],[11.97918,57.49452],[11.9784,57.49391],[11.97604,57.49276],[11.97481,57.49246],[11.97363,57.49219],[11.97248,57.49206],[11.97136,57.49212],[11.97096,57.49196],[11.97096,57.49196],[11.97096,57.49196],[11.97087,57.49201],[11.97049,57.4922],[11.96975,57.49237]]]},"properties":{"NVRID":"2001958","NAMN":"Hördalen","SKYDDSTYP":"Naturreservat","LAN":"Hallands Län","KOMMUN":"Kungsbacka","IUCNKATEGORI":"IV, Habitat/Artskyddsområde (Habitat/Species Management Area)","FORVALTARE":"Västkuststiftelsen","AREA_HA":29.725,"URSPR_BESLUTSDATUM":"1971-11-09"}},{"type":"Feature","geometry":{"type":"Polygon","coordinates":[[[13.24801,56.84458],[13.24829,56.84514],[13.24828,56.84555],[13.24828,56.84555],[13.24887,56.84593],[13.24887,56.84593],[13.24887,56.84593],[13.24887,56.84593],[13.24927,56.84576],[13.24962,56.84584],[13.2496,56.84627],[13.2496,56.84627],[13.24988,56.84644],[13.24994,56.84657],[13.24949,56.84669],[13.24916,56.84645],[13.24916,56.84645],[13.24853,56.8465],[13.24853,56.8465],[13.24829,56.8467],[13.24829,56.8467],[13.24829,56.8467],[13.2483,56.8467],[13.24855,56.84679],[13.24855,56.84679],[13.24855,56.84679],[13.24866,56.84669],[13.24916,56.84666],[13.24935,56.84671],[13.24945,56.84679],[13.24945,56.84679],[13.24952,56.84679],[13.24973,56.84685],[13.24987,56.84684],[13.25009,56.84677],[13.25009,56.84676],[13.25009,56.84671],[13.25022,56.84657],[13.25031,56.84632],[13.25054,56.84624],[13.25065,56.84623],[13.25542,56.84695],[13.25767,56.84908],[13.2583,56.84968],[13.26185,56.85301],[13.26185,56.85301],[13.26672,56.85284],[13.26672,56.85284],[13.26673,56.85284],[13.26681,56.85278],[13.26702,56.85261],[13.26805,56.8518],[13.26805,56.8518],[13.26461,56.84915],[13.26467,56.84591],[13.265,56.84459],[13.265,56.84459],[13.26475,56.84438],[13.2647,56.84437],[13.26463,56.84434],[13.26453,56.84428],[13.26428,56.8441],[13.26414,56.84402],[13.26395,56.84392],[13.26359,56.84375],[13.26338,56.84366],[13.26328,56.84362],[13.25357,56.84223],[13.25319,56.84231],[13.25203,56.84266],[13.25203,56.84266],[13.25186,56.8429],[13.24882,56.84224],[13.24849,56.84174],[13.24849,56.84174],[13.24796,56.84174],[13.24796,56.84174],[13.24796,56.84174],[13.24848,56.84277],[13.24851,56.84326],[13.2478,56.84422],[13.24761,56.84463],[13.24761,56.84463],[13.24761,56.84463],[13.24801,56.84458]]]},"properties":{"NVRID":"2002024","NAMN":"Alenäs","SKYDDSTYP":"Naturreservat","LAN":"Hallands Län","KOMMUN":"Halmstad, Hylte","IUCNKATEGORI":"IV, Habitat/Artskyddsområde (Habitat/Species Management Area)","FORVALTARE":"Länsstyrelsen i Hallands län","AREA_HA":73.211,"URSPR_BESLUTSDATUM":"1963-06-24"}},{"type":"Feature","geometry":{"type":"MultiPolygon","coordinates":[[[[12.90547,56.63585],[12.90547,56.63585],[12.90548,56.63586],[12.90548,56.63586],[12.90548,56.63586],[12.90548,56.63586],[12.90601,56.63519],[12.90678,56.63442],[12.90702,56.63422],[12.9076,56.63368],[12.90853,56.63289],[12.90976,56.6319],[12.91047,56.63128],[12.91124,56.6306],[12.91252,56.62921],[12.91306,56.62845],[12.91326,56.62815],[12.91356,56.62768],[12.91371,56.62758],[12.91413,56.62684],[12.91433,56.62643],[12.91447,56.62607],[12.91469,56.62553],[12.91479,56.62528],[12.91491,56.62495],[12.91491,56.62495],[12.91491,56.62495],[12.91182,56.62488],[12.91182,56.62488],[12.91182,56.62488],[12.91182,56.62488],[12.91182,56.62488],[12.91182,56.62488],[12.91182,56.62488],[12.91182,56.62488],[12.91178,56.62488],[12.91172,56.62488],[12.91172,56.62488],[12.91172,56.62488],[12.91172,56.62488],[12.91172,56.62488],[12.9117,56.62488],[12.9117,56.62488],[12.9117,56.62488],[12.91168,56.625],[12.9118,56.62521],[12.91178,56.62534],[12.91186,56.62542],[12.91188,56.62559],[12.91189,56.62561],[12.91189,56.62562],[12.91193,56.6258],[12.91198,56.62593],[12.91199,56.62604],[12.91204,56.62622],[12.91223,56.6266],[12.91256,56.62701],[12.91263,56.62741],[12.91254,56.62773],[12.91256,56.6281],[12.91249,56.62863],[12.91247,56.62873],[12.91226,56.62896],[12.91204,56.62922],[12.91204,56.62928],[12.91209,56.6294],[12.91191,56.62954],[12.91167,56.62968],[12.91162,56.6297],[12.91148,56.62977],[12.91109,56.62985],[12.9107,56.62998],[12.91055,56.63008],[12.91023,56.63026],[12.90991,56.63045],[12.90983,56.6305],[12.90926,56.63083],[12.90902,56.631],[12.90891,56.63109],[12.90834,56.63153],[12.90799,56.63178],[12.9077,56.63197],[12.9074,56.63216],[12.90717,56.6323],[12.90713,56.63233],[12.90683,56.63247],[12.90656,56.63265],[12.90626,56.63282],[12.90615,56.63288],[12.90597,56.63297],[12.90574,56.63294],[12.90574,56.63294],[12.90571,56.63295],[12.9054,56.63322],[12.90503,56.6335],[12.9047,56.63394],[12.90467,56.63429],[12.90473,56.63496],[12.90481,56.63539],[12.90501,56.63571],[12.90529,56.6361],[12.90529,56.6361],[12.9053,56.6361],[12.9053,56.6361],[12.90539,56.63597],[12.90548,56.63586],[12.90548,56.63586],[12.90547,56.63585]]],[[[12.90589,56.6363],[12.90589,56.6363],[12.90589,56.6363],[12.90576,56.63647],[12.90575,56.63647],[12.9057,56.63651],[12.90569,56.63677],[12.9059,56.63727],[12.90611,56.63766],[12.90642,56.63799],[12.9068,56.63836],[12.90706,56.6388],[12.90728,56.63927],[12.90741,56.63967],[12.90757,56.64003],[12.90779,56.64044],[12.90789,56.64062],[12.90822,56.6412],[12.90827,56.64125],[12.90827,56.64125],[12.90827,56.64125],[12.90848,56.64115],[12.90876,56.64101],[12.90977,56.64049],[12.9111,56.63986],[12.91173,56.63956],[12.91289,56.63897],[12.91321,56.63881],[12.91772,56.63639],[12.91778,56.63636],[12.91778,56.63635],[12.91778,56.63635],[12.91952,56.63542],[12.92004,56.63514],[12.92109,56.63458],[12.92141,56.63441],[12.92265,56.63374],[12.9248,56.63259],[12.92955,56.63003],[12.92955,56.63003],[12.92955,56.63003],[12.9295,56.62994],[12.93109,56.6291],[12.93125,56.62898],[12.93151,56.62868],[12.93152,56.62856],[12.9315,56.62819],[12.93138,56.62756],[12.93136,56.62673],[12.9317,56.626],[12.93189,56.62574],[12.93189,56.62573],[12.93193,56.62566],[12.93193,56.62566],[12.93193,56.62566],[12.93166,56.62557],[12.93133,56.62554],[12.9312,56.62555],[12.9312,56.62555],[12.93106,56.62566],[12.93099,56.62574],[12.93047,56.62578],[12.93043,56.62571],[12.93043,56.62571],[12.93043,56.62571],[12.93019,56.62573],[12.93009,56.62575],[12.92978,56.62583],[12.9296,56.62586],[12.92912,56.62595],[12.92887,56.62595],[12.92868,56.62597],[12.92843,56.62602],[12.92821,56.62606],[12.92775,56.6262],[12.92729,56.62616],[12.92728,56.62616],[12.92694,56.62611],[12.92692,56.6261],[12.92691,56.6261],[12.9269,56.6261],[12.92678,56.62608],[12.92676,56.62607],[12.92672,56.62606],[12.92672,56.62606],[12.92672,56.62606],[12.92672,56.62606],[12.92663,56.62598],[12.92657,56.62595],[12.92647,56.62587],[12.92631,56.62578],[12.92613,56.62571],[12.92599,56.62568],[12.92574,56.62567],[12.9257,56.62567],[12.92566,56.62567],[12.92551,56.62569],[12.92543,56.62574],[12.92531,56.62584],[12.9252,56.62591],[12.92511,56.62598],[12.92511,56.62598],[12.925,56.62603],[12.925,56.62603],[12.925,56.62603],[12.925,56.62603],[12.92499,56.62603],[12.92499,56.62603],[12.92499,56.62603],[12.92489,56.62601],[12.92489,56.62601],[12.92488,56.62601],[12.92477,56.62595],[12.92453,56.62584],[12.92432,56.62578],[12.9242,56.62574],[12.924,56.62571],[12.92368,56.6257],[12.92336,56.62568],[12.92304,56.62564],[12.92283,56.62564],[12.92263,56.62565],[12.92263,56.62565],[12.92263,56.62565],[12.92262,56.62565],[12.9225,56.62562],[12.9225,56.62562],[12.9225,56.62562],[12.92245,56.6256],[12.92245,56.6256],[12.92245,56.6256],[12.92245,56.6256],[12.92245,56.6256],[12.92242,56.62559],[12.92242,56.62558],[12.92242,56.62558],[12.92241,56.62557],[12.92241,56.62555],[12.92241,56.62545],[12.92241,56.62545],[12.92232,56.62541],[12.92229,56.62539],[12.92226,56.62527],[12.92224,56.62518],[12.92223,56.62511],[12.92222,56.62511],[12.92222,56.62511],[12.9222,56.62511],[12.92219,56.62511],[12.91822,56.62502],[12.91562,56.62496],[12.91562,56.62496],[12.91561,56.62496],[12.91541,56.62547],[12.91519,56.62602],[12.91486,56.6267],[12.9144,56.62753],[12.9144,56.62753],[12.91439,56.62754],[12.91411,56.62804],[12.91328,56.62929],[12.91175,56.63094],[12.91168,56.631],[12.91137,56.63132],[12.91067,56.63189],[12.90963,56.63274],[12.90926,56.63304],[12.90838,56.63378],[12.90823,56.6339],[12.90795,56.63416],[12.90753,56.63456],[12.90711,56.63497],[12.90666,56.63542],[12.90632,56.63578],[12.9059,56.6363],[12.9059,56.6363],[12.9059,56.6363],[12.9059,56.6363],[12.9059,56.6363],[12.90589,56.6363]]]]},"properties":{"NVRID":"2049400","NAMN":"Trönninge ängar","SKYDDSTYP":"Naturreservat","LAN":"Hallands Län","KOMMUN":"Halmstad","IUCNKATEGORI":"IV, Habitat/Artskyddsområde (Habitat/Species Management Area)","FORVALTARE":"Länsstyrelsen i Hallands län","AREA_HA":148.93,"URSPR_BESLUTSDATUM":"2018-05-30"}},{"type":"Feature","geometry":{"type":"Polygon","coordinates":[[[13.12055,56.58913],[13.12054,56.58913],[13.12054,56.58913],[13.1205,56.58916],[13.1205,56.58916],[13.1205,56.58916],[13.12127,56.5894],[13.12355,56.59179],[13.12355,56.59179],[13.12355,56.59179],[13.12784,56.59122],[13.12784,56.59122],[13.12784,56.59122],[13.12782,56.59104],[13.12773,56.59087],[13.12778,56.59066],[13.12781,56.59057],[13.12772,56.59035],[13.12762,56.59021],[13.12754,56.59012],[13.12741,56.59006],[13.12714,56.58998],[13.12689,56.58992],[13.12674,56.58981],[13.12661,56.58963],[13.12654,56.58954],[13.12651,56.58945],[13.12653,56.58937],[13.12659,56.58926],[13.12667,56.58907],[13.12671,56.58894],[13.12674,56.58879],[13.12668,56.58862],[13.1266,56.58847],[13.12655,56.58841],[13.12652,56.58837],[13.12652,56.58837],[13.12652,56.58837],[13.12652,56.58837],[13.12652,56.58837],[13.12645,56.58843],[13.12605,56.58879],[13.12325,56.58784],[13.12358,56.58755],[13.12358,56.58755],[13.12358,56.58755],[13.12347,56.58751],[13.12315,56.58742],[13.1229,56.58733],[13.12262,56.58725],[13.12243,56.5872],[13.12235,56.58718],[13.12217,56.58717],[13.12195,56.58715],[13.12185,56.58714],[13.12185,56.58715],[13.12176,56.58721],[13.12176,56.58721],[13.12176,56.58721],[13.12218,56.58748],[13.12237,56.58764],[13.12237,56.58764],[13.12237,56.58764],[13.12237,56.58764],[13.12243,56.58769],[13.12211,56.58802],[13.12184,56.58832],[13.12172,56.58848],[13.12176,56.58859],[13.12195,56.58887],[13.12188,56.5889],[13.12168,56.58895],[13.12147,56.58899],[13.12126,56.58898],[13.12107,56.58893],[13.12095,56.58895],[13.12069,56.58905],[13.12055,56.58913]]]},"properties":{"NVRID":"2023069","NAMN":"Skogsgård","SKYDDSTYP":"Naturreservat","LAN":"Hallands Län","KOMMUN":"Laholm","IUCNKATEGORI":"IV, Habitat/Artskyddsområde (Habitat/Species Management Area)","FORVALTARE":"Länsstyrelsen i Hallands län","AREA_HA":12.113,"URSPR_BESLUTSDATUM":"2017-03-08"}},{"type":"Feature","geometry":{"type":"Polygon","coordinates":[[[12.5504,57.17828],[12.55032,57.17847],[12.5504,57.1796],[12.54905,57.17935],[12.54793,57.17913],[12.54793,57.17913],[12.54793,57.17913],[12.54443,57.1845],[12.54443,57.1845],[12.54443,57.1845],[12.55127,57.18453],[12.55127,57.18453],[12.55176,57.1843],[12.55537,57.18472],[12.55537,57.18472],[12.55537,57.18472],[12.55619,57.18291],[12.55523,57.18132],[12.55479,57.1806],[12.55479,57.1806],[12.55479,57.1806],[12.55342,57.18034],[12.55186,57.17965],[12.55208,57.17894],[12.55219,57.1786],[12.55219,57.1786],[12.55098,57.17786],[12.55078,57.17783],[12.55047,57.17782],[12.55047,57.17782],[12.55047,57.17782],[12.55042,57.17791],[12.55043,57.17803],[12.55033,57.17827],[12.55033,57.17827],[12.55033,57.17827],[12.5504,57.17828]]]},"properties":{"NVRID":"2012995","NAMN":"Märkedalen","SKYDDSTYP":"Naturreservat","LAN":"Hallands Län","KOMMUN":"Varberg","IUCNKATEGORI":"Ia, Strikt naturreservat (Strict Nature Reserve)","FORVALTARE":"Länsstyrelsen i Hallands län","AREA_HA":32.129,"URSPR_BESLUTSDATUM":"2007-04-23"}},{"type":"Feature","geometry":{"type":"Polygon","coordinates":[[[12.98076,56.36956],[12.98075,56.36956],[12.98075,56.36956],[12.98075,56.36956],[12.98075,56.36956],[12.98073,56.37001],[12.98081,56.3702],[12.98098,56.37036],[12.98155,56.37062],[12.98185,56.37069],[12.98305,56.37072],[12.98355,56.37079],[12.9837,56.37104],[12.98384,56.37137],[12.98451,56.37187],[12.98493,56.37227],[12.98579,56.37288],[12.98613,56.37305],[12.98613,56.37305],[12.98731,56.37285],[12.98885,56.3728],[12.98912,56.37305],[12.98912,56.37305],[12.98912,56.37305],[12.98912,56.37305],[12.98959,56.37274],[12.99123,56.37354],[12.99123,56.37354],[12.99123,56.37354],[12.99216,56.37326],[12.99307,56.37356],[12.9963,56.37345],[12.9963,56.37345],[12.9963,56.37345],[12.99667,56.3689],[12.99667,56.3689],[12.99667,56.3689],[12.99667,56.3689],[12.98898,56.36921],[12.98553,56.36987],[12.98307,56.37033],[12.98197,56.37013],[12.98076,56.36956]]]},"properties":{"NVRID":"2001093","NAMN":"Ekered","SKYDDSTYP":"Naturreservat","LAN":"Hallands Län","KOMMUN":"Laholm","IUCNKATEGORI":"IV, Habitat/Artskyddsområde (Habitat/Species Management Area)","FORVALTARE":"Länsstyrelsen i Hallands län","AREA_HA":33.652,"URSPR_BESLUTSDATUM":"1976-12-16"}},{"type":"Feature","geometry":{"type":"Polygon","coordinates":[[[12.65709,57.10231],[12.65709,57.10231],[12.65709,57.10231],[12.65728,57.10248],[12.65755,57.10276],[12.65781,57.10298],[12.65803,57.10336],[12.65826,57.10358],[12.65849,57.10385],[12.65867,57.10413],[12.65886,57.10435],[12.65913,57.10465],[12.65944,57.10485],[12.65967,57.10497],[12.65995,57.10506],[12.66029,57.1052],[12.66077,57.10531],[12.66245,57.1056],[12.66308,57.10571],[12.66309,57.10571],[12.66309,57.10571],[12.66323,57.10547],[12.66317,57.10516],[12.66319,57.10498],[12.66317,57.10475],[12.66322,57.10385],[12.66425,57.104],[12.66425,57.104],[12.66425,57.104],[12.66425,57.104],[12.66432,57.10349],[12.66415,57.10305],[12.66544,57.10239],[12.66539,57.10302],[12.66538,57.10337],[12.66537,57.10356],[12.66539,57.10408],[12.66539,57.10408],[12.66539,57.10408],[12.66618,57.10427],[12.66713,57.10452],[12.66801,57.10474],[12.6684,57.1048],[12.6691,57.105],[12.67,57.10519],[12.67,57.10519],[12.67001,57.10519],[12.6703,57.10476],[12.67056,57.10472],[12.67076,57.10515],[12.67078,57.10529],[12.67078,57.10529],[12.67078,57.10529],[12.67139,57.10542],[12.67139,57.10542],[12.67218,57.10529],[12.67352,57.10499],[12.67352,57.10499],[12.67374,57.10482],[12.67374,57.10458],[12.67373,57.10458],[12.67373,57.10458],[12.67349,57.1046],[12.67338,57.10429],[12.67325,57.10401],[12.67317,57.1037],[12.67301,57.10348],[12.6728,57.10328],[12.67258,57.10317],[12.67247,57.10309],[12.67138,57.10225],[12.67094,57.10196],[12.6702,57.10159],[12.66948,57.10121],[12.66852,57.10108],[12.66803,57.10084],[12.66766,57.1006],[12.66685,57.10031],[12.66664,57.10032],[12.66536,57.10011],[12.66484,57.10014],[12.66401,57.10024],[12.6636,57.10029],[12.66324,57.10026],[12.66324,57.10026],[12.66283,57.10047],[12.66274,57.10068],[12.66213,57.10064],[12.66202,57.10061],[12.66202,57.10061],[12.66109,57.10064],[12.66082,57.10065],[12.6611,57.10029],[12.66095,57.10003],[12.66095,57.10003],[12.66095,57.10003],[12.66009,57.09999],[12.65889,57.1002],[12.65816,57.10037],[12.65816,57.10037],[12.65797,57.10059],[12.65767,57.10094],[12.65741,57.10146],[12.65726,57.10177],[12.65719,57.10211],[12.65729,57.10225],[12.65709,57.10231]]]},"properties":{"NVRID":"2014214","NAMN":"Floastad","SKYDDSTYP":"Naturreservat","LAN":"Hallands Län","KOMMUN":"Falkenberg","IUCNKATEGORI":"Ia, Strikt naturreservat (Strict Nature Reserve)","FORVALTARE":"Länsstyrelsen i Hallands län","AREA_HA":40.282,"URSPR_BESLUTSDATUM":"2008-09-25"}},{"type":"Feature","geometry":{"type":"Polygon","coordinates":[[[13.28833,56.51577],[13.28833,56.51577],[13.28833,56.51577],[13.28833,56.51577],[13.28833,56.51577],[13.28947,56.51822],[13.28947,56.51822],[13.28947,56.51822],[13.29024,56.5181],[13.2908,56.51801],[13.29132,56.51795],[13.29221,56.51784],[13.2926,56.5178],[13.29319,56.51774],[13.29365,56.5177],[13.29423,56.51764],[13.2948,56.51759],[13.29532,56.51755],[13.296,56.5175],[13.29662,56.51746],[13.29726,56.51742],[13.29746,56.51741],[13.29804,56.51738],[13.29888,56.51734],[13.29907,56.51733],[13.29958,56.51729],[13.2999,56.51728],[13.30064,56.51721],[13.30129,56.51718],[13.30154,56.51716],[13.30164,56.51714],[13.30271,56.51702],[13.30342,56.5168],[13.30417,56.51673],[13.305,56.51662],[13.30569,56.5165],[13.30641,56.51638],[13.30667,56.51631],[13.30723,56.51623],[13.30773,56.5161],[13.30773,56.5161],[13.30773,56.5161],[13.30773,56.5161],[13.30738,56.51583],[13.30672,56.51521],[13.30672,56.51521],[13.30672,56.51521],[13.30666,56.51523],[13.30651,56.51525],[13.30631,56.51526],[13.30612,56.51528],[13.30591,56.51528],[13.30571,56.51527],[13.30571,56.51527],[13.30571,56.51527],[13.30569,56.51529],[13.30563,56.51592],[13.30325,56.51577],[13.30325,56.51574],[13.30325,56.51574],[13.30325,56.51574],[13.30324,56.51574],[13.30257,56.51607],[13.3017,56.51607],[13.30146,56.51612],[13.30054,56.51604],[13.30004,56.51598],[13.29969,56.51604],[13.2996,56.51591],[13.2996,56.51591],[13.2996,56.51591],[13.29877,56.51603],[13.29813,56.51566],[13.29738,56.51552],[13.29717,56.51546],[13.2967,56.51528],[13.29629,56.51512],[13.29527,56.5148],[13.29468,56.51439],[13.29468,56.51439],[13.29336,56.51452],[13.29336,56.51452],[13.29336,56.51452],[13.29357,56.51641],[13.29299,56.51623],[13.29264,56.51618],[13.29238,56.51615],[13.29208,56.51613],[13.29173,56.51611],[13.29134,56.5161],[13.2907,56.51604],[13.29018,56.51599],[13.28969,56.51591],[13.28913,56.51588],[13.28883,56.51581],[13.28833,56.51577]]]},"properties":{"NVRID":"2014271","NAMN":"Västralt","SKYDDSTYP":"Naturreservat","LAN":"Hallands Län","KOMMUN":"Laholm","IUCNKATEGORI":"Ia, Strikt naturreservat (Strict Nature Reserve)","FORVALTARE":"Länsstyrelsen i Hallands län","AREA_HA":20.92,"URSPR_BESLUTSDATUM":"2008-09-25"}},{"type":"Feature","geometry":{"type":"Polygon","coordinates":[[[12.2321,57.25994],[12.23271,57.25947],[12.23271,57.25947],[12.23271,57.25947],[12.23219,57.25927],[12.23161,57.25914],[12.23135,57.25898],[12.23132,57.25896],[12.23128,57.25892],[12.23108,57.25889],[12.23081,57.25883],[12.23057,57.25876],[12.23027,57.25866],[12.2301,57.25861],[12.22999,57.25856],[12.22999,57.25856],[12.22999,57.25856],[12.22994,57.25862],[12.22927,57.25945],[12.22883,57.25998],[12.22879,57.26002],[12.22879,57.26002],[12.229,57.26023],[12.22915,57.26034],[12.2292,57.26044],[12.22923,57.26056],[12.22928,57.26069],[12.22944,57.2608],[12.22962,57.26088],[12.22988,57.26093],[12.23014,57.261],[12.23033,57.2611],[12.23044,57.2612],[12.23056,57.26128],[12.23056,57.26128],[12.23056,57.26128],[12.23204,57.26104],[12.23318,57.2609],[12.23365,57.26082],[12.23404,57.26075],[12.23405,57.26075],[12.23405,57.26074],[12.23404,57.26074],[12.2321,57.25994]]]},"properties":{"NVRID":"2001973","NAMN":"Åkraberg","SKYDDSTYP":"Naturreservat","LAN":"Hallands Län","KOMMUN":"Varberg","IUCNKATEGORI":"IV, Habitat/Artskyddsområde (Habitat/Species Management Area)","FORVALTARE":"Länsstyrelsen i Hallands län","AREA_HA":5.106,"URSPR_BESLUTSDATUM":"1966-04-25"}},{"type":"Feature","geometry":{"type":"Polygon","coordinates":[[[12.81862,56.89621],[12.81859,56.89627],[12.81858,56.89636],[12.81858,56.89636],[12.81873,56.89648],[12.8189,56.89659],[12.81911,56.89664],[12.81921,56.89674],[12.81925,56.89688],[12.81929,56.897],[12.8194,56.89712],[12.81952,56.89725],[12.8196,56.89739],[12.8196,56.8975],[12.8195,56.89765],[12.81917,56.89788],[12.81895,56.89799],[12.81872,56.89802],[12.81842,56.89803],[12.8182,56.89806],[12.8182,56.89806],[12.8182,56.89807],[12.81824,56.89819],[12.81829,56.89833],[12.81838,56.89842],[12.81852,56.89858],[12.81869,56.89869],[12.81886,56.89872],[12.81892,56.8988],[12.81892,56.8988],[12.81906,56.89883],[12.81929,56.89883],[12.81938,56.89888],[12.81939,56.89896],[12.81935,56.89906],[12.81929,56.89914],[12.81929,56.89914],[12.81932,56.89921],[12.81932,56.89921],[12.81945,56.89925],[12.81956,56.89928],[12.81969,56.89931],[12.81972,56.89942],[12.81976,56.89948],[12.81976,56.89948],[12.81987,56.8995],[12.81996,56.89951],[12.82005,56.89957],[12.81999,56.89963],[12.81987,56.89966],[12.81987,56.89966],[12.81987,56.89966],[12.81987,56.89972],[12.81997,56.89983],[12.82,56.89991],[12.82011,56.9],[12.82023,56.90007],[12.82023,56.90007],[12.82033,56.90007],[12.8204,56.90008],[12.82041,56.90014],[12.82039,56.90022],[12.82044,56.90029],[12.82054,56.90036],[12.82068,56.90042],[12.82077,56.90043],[12.82078,56.90043],[12.82078,56.90043],[12.8239,56.89805],[12.82764,56.89524],[12.82915,56.89407],[12.83047,56.89311],[12.83047,56.89311],[12.83047,56.8931],[12.82695,56.89159],[12.82382,56.88985],[12.82382,56.88985],[12.82382,56.88985],[12.82382,56.88985],[12.82382,56.88985],[12.822,56.89223],[12.82163,56.8927],[12.82057,56.89409],[12.82033,56.89438],[12.81947,56.89501],[12.81885,56.89569],[12.8185,56.8961],[12.81846,56.89614],[12.81846,56.89614],[12.81846,56.89614],[12.81862,56.89621]]]},"properties":{"NVRID":"2002016","NAMN":"Myskebackarna","SKYDDSTYP":"Naturreservat","LAN":"Hallands Län","KOMMUN":"Falkenberg","IUCNKATEGORI":"IV, Habitat/Artskyddsområde (Habitat/Species Management Area)","FORVALTARE":"Länsstyrelsen i Hallands län","AREA_HA":39.596,"URSPR_BESLUTSDATUM":"2001-06-15"}},{"type":"Feature","geometry":{"type":"Polygon","coordinates":[[[13.099,56.85541],[13.09811,56.85574],[13.09811,56.85574],[13.09816,56.8561],[13.09843,56.85637],[13.09853,56.85679],[13.09822,56.85706],[13.09822,56.85706],[13.09843,56.85725],[13.09843,56.85725],[13.10032,56.85744],[13.09989,56.85822],[13.09989,56.85822],[13.09989,56.85822],[13.09989,56.85822],[13.09989,56.85822],[13.09989,56.85822],[13.10113,56.85746],[13.10364,56.85591],[13.10364,56.85591],[13.10364,56.85591],[13.1035,56.85584],[13.10472,56.8553],[13.10472,56.8553],[13.10472,56.8553],[13.10458,56.85513],[13.10454,56.85507],[13.10448,56.85503],[13.10445,56.85495],[13.10444,56.85495],[13.10444,56.85495],[13.10325,56.85478],[13.10314,56.85478],[13.103,56.85478],[13.10265,56.85467],[13.10255,56.85458],[13.10249,56.85452],[13.10246,56.85447],[13.10236,56.85436],[13.10207,56.85391],[13.10201,56.85365],[13.10204,56.85355],[13.10213,56.85347],[13.1021,56.85336],[13.10204,56.85319],[13.10194,56.85301],[13.10185,56.85287],[13.10172,56.85273],[13.10166,56.85265],[13.10157,56.85252],[13.10156,56.85224],[13.10156,56.85224],[13.10156,56.85224],[13.10156,56.85224],[13.09996,56.8524],[13.09912,56.85268],[13.09912,56.85269],[13.09912,56.85269],[13.09923,56.85285],[13.09919,56.85327],[13.09955,56.85366],[13.0995,56.85409],[13.09911,56.85448],[13.099,56.85541]]]},"properties":{"NVRID":"2002021","NAMN":"Rågetaåsen","SKYDDSTYP":"Naturreservat","LAN":"Hallands Län","KOMMUN":"Halmstad","IUCNKATEGORI":"IV, Habitat/Artskyddsområde (Habitat/Species Management Area)","FORVALTARE":"Länsstyrelsen i Hallands län","AREA_HA":13.004,"URSPR_BESLUTSDATUM":"2000-12-08"}},{"type":"Feature","geometry":{"type":"Polygon","coordinates":[[[13.15034,56.71747],[13.14928,56.71648],[13.14928,56.71648],[13.14928,56.71648],[13.14927,56.71648],[13.14643,56.71749],[13.14643,56.71749],[13.14643,56.71749],[13.14643,56.71749],[13.1487,56.71932],[13.14871,56.71932],[13.14871,56.71932],[13.15652,56.71663],[13.15682,56.71653],[13.1596,56.71557],[13.1596,56.71557],[13.1596,56.71557],[13.15814,56.71477],[13.15814,56.71477],[13.15814,56.71477],[13.15265,56.71668],[13.15166,56.71703],[13.15034,56.71747]]]},"properties":{"NVRID":"2001420","NAMN":"Hule (södra)","SKYDDSTYP":"Naturreservat","LAN":"Hallands Län","KOMMUN":"Halmstad","IUCNKATEGORI":"III, Naturmonument (Natural Monument)","FORVALTARE":"Halmstads kommun","AREA_HA":11.997,"URSPR_BESLUTSDATUM":"1974-06-20"}},{"type":"Feature","geometry":{"type":"Polygon","coordinates":[[[12.84402,56.76077],[12.84403,56.76092],[12.84404,56.76107],[12.8441,56.76123],[12.84458,56.7616],[12.84458,56.7616],[12.84556,56.7619],[12.84583,56.76199],[12.84607,56.76206],[12.84628,56.76214],[12.84647,56.76224],[12.84662,56.76231],[12.8467,56.76236],[12.84683,56.76245],[12.84688,56.76251],[12.84701,56.76263],[12.84708,56.76275],[12.84718,56.76292],[12.84725,56.76305],[12.84728,56.76311],[12.84728,56.76311],[12.84728,56.76311],[12.84728,56.76311],[12.84794,56.76301],[12.84805,56.76309],[12.84805,56.7631],[12.84805,56.7631],[12.84805,56.76309],[12.84817,56.76299],[12.84831,56.76296],[12.84868,56.76291],[12.84874,56.7629],[12.84875,56.7629],[12.84875,56.7629],[12.84875,56.7629],[12.84881,56.76288],[12.84907,56.76307],[12.84928,56.76321],[12.84943,56.76333],[12.84953,56.76343],[12.84975,56.76349],[12.8501,56.76364],[12.85022,56.76368],[12.85023,56.7638],[12.85023,56.7638],[12.85023,56.7638],[12.85032,56.7638],[12.85032,56.76381],[12.85032,56.76381],[12.85032,56.76381],[12.85046,56.7638],[12.8506,56.76381],[12.85077,56.76378],[12.8509,56.76377],[12.85107,56.76369],[12.85115,56.76357],[12.85106,56.76332],[12.85094,56.76321],[12.85085,56.76312],[12.85075,56.76304],[12.85067,56.76294],[12.85064,56.76287],[12.85065,56.76278],[12.8507,56.7627],[12.85078,56.7626],[12.85093,56.7625],[12.85107,56.76243],[12.85124,56.76236],[12.85137,56.76229],[12.85154,56.76217],[12.85159,56.76206],[12.85163,56.76191],[12.8516,56.76177],[12.85158,56.76159],[12.85161,56.76143],[12.85166,56.76127],[12.85169,56.76119],[12.85179,56.76109],[12.85187,56.76101],[12.85192,56.76089],[12.85192,56.76089],[12.85192,56.76089],[12.84564,56.75992],[12.84448,56.7599],[12.8443,56.75989],[12.84402,56.75979],[12.84401,56.75979],[12.844,56.75979],[12.844,56.75979],[12.844,56.75979],[12.84401,56.76057],[12.84402,56.76072],[12.84402,56.76077],[12.84402,56.76077],[12.84402,56.76077],[12.84402,56.76077],[12.84402,56.76077]]]},"properties":{"NVRID":"2001409","NAMN":"Kungsladugården Biskopstorp","SKYDDSTYP":"Naturreservat","LAN":"Hallands Län","KOMMUN":"Halmstad","IUCNKATEGORI":"IV, Habitat/Artskyddsområde (Habitat/Species Management Area)","FORVALTARE":"Länsstyrelsen i Hallands län","AREA_HA":12.196,"URSPR_BESLUTSDATUM":"1977-02-09"}},{"type":"Feature","geometry":{"type":"Polygon","coordinates":[[[13.3814,56.54278],[13.3814,56.54307],[13.38183,56.54355],[13.38189,56.54394],[13.38189,56.54394],[13.38189,56.54394],[13.38254,56.54401],[13.38326,56.54415],[13.38326,56.54415],[13.38349,56.54411],[13.38373,56.54437],[13.38373,56.54437],[13.38404,56.54439],[13.38435,56.54446],[13.384,56.54507],[13.384,56.54507],[13.384,56.54507],[13.38487,56.54521],[13.38495,56.54527],[13.38502,56.54537],[13.38512,56.54543],[13.38512,56.54543],[13.38532,56.54548],[13.38532,56.54548],[13.38793,56.54475],[13.38878,56.54485],[13.38929,56.54504],[13.38946,56.54513],[13.38946,56.54513],[13.38946,56.54513],[13.38985,56.54495],[13.39345,56.54433],[13.39345,56.54432],[13.39345,56.54432],[13.39345,56.54432],[13.39217,56.54253],[13.39175,56.54093],[13.3914,56.54052],[13.39169,56.54005],[13.39233,56.53843],[13.39295,56.53783],[13.39283,56.53749],[13.39259,56.53703],[13.39259,56.53703],[13.39232,56.53699],[13.39115,56.53697],[13.39099,56.53698],[13.39086,56.53701],[13.39065,56.5371],[13.39051,56.53715],[13.39014,56.53725],[13.38982,56.53733],[13.38911,56.53633],[13.38872,56.53588],[13.38887,56.53525],[13.38887,56.53525],[13.38448,56.53385],[13.38377,56.53362],[13.38377,56.53362],[13.38376,56.53362],[13.38376,56.53362],[13.38376,56.53362],[13.38705,56.53786],[13.38552,56.53871],[13.38406,56.53957],[13.38369,56.53973],[13.38257,56.54005],[13.38257,56.54005],[13.38245,56.54027],[13.38229,56.54071],[13.38206,56.54104],[13.3821,56.54162],[13.38201,56.5418],[13.38174,56.54207],[13.38151,56.54232],[13.3814,56.54278]]]},"properties":{"NVRID":"2023229","NAMN":"Knutstorp","SKYDDSTYP":"Naturreservat","LAN":"Hallands Län","KOMMUN":"Laholm","IUCNKATEGORI":"Ia, Strikt naturreservat (Strict Nature Reserve)","FORVALTARE":"Länsstyrelsen i Hallands län","AREA_HA":53.856,"URSPR_BESLUTSDATUM":"2010-09-14"}},{"type":"Feature","geometry":{"type":"Polygon","coordinates":[[[12.92409,56.46336],[12.92409,56.46336],[12.92409,56.46336],[12.92445,56.46374],[12.92445,56.46374],[12.92445,56.46374],[12.92681,56.46359],[12.92918,56.46492],[12.92949,56.46647],[12.92949,56.46647],[12.92949,56.46647],[12.93547,56.46618],[12.93704,56.4661],[12.93704,56.4661],[12.93704,56.4661],[12.93733,56.46395],[12.93736,56.4637],[12.93736,56.4637],[12.93512,56.4631],[12.92931,56.46156],[12.92931,56.46156],[12.92931,56.46156],[12.92749,56.46201],[12.92749,56.46201],[12.92749,56.46201],[12.92779,56.46248],[12.92571,56.46296],[12.92409,56.46336]]]},"properties":{"NVRID":"2001086","NAMN":"Svarvareskogen","SKYDDSTYP":"Naturreservat","LAN":"Hallands Län","KOMMUN":"Laholm","IUCNKATEGORI":"III, Naturmonument (Natural Monument)","FORVALTARE":"Länsstyrelsen i Hallands län","AREA_HA":24.901,"URSPR_BESLUTSDATUM":"1992-01-24"}},{"type":"Feature","geometry":{"type":"Polygon","coordinates":[[[12.08433,57.25534],[12.08426,57.25541],[12.08426,57.25541],[12.08426,57.25541],[12.08433,57.25546],[12.0842,57.2555],[12.0842,57.2555],[12.0842,57.2555],[12.0842,57.2555],[12.08438,57.25557],[12.08427,57.25558],[12.08418,57.25561],[12.08418,57.25561],[12.08418,57.25565],[12.08418,57.25565],[12.08419,57.25565],[12.08432,57.25566],[12.08434,57.25569],[12.08421,57.25573],[12.08415,57.25577],[12.08415,57.25577],[12.08415,57.25577],[12.08464,57.25594],[12.08531,57.25608],[12.08596,57.25609],[12.08673,57.25603],[12.08673,57.25609],[12.08673,57.25609],[12.08673,57.25609],[12.08704,57.25616],[12.08704,57.25616],[12.08741,57.25604],[12.0882,57.25597],[12.08869,57.25596],[12.08946,57.25617],[12.09027,57.25631],[12.09058,57.25654],[12.09058,57.25654],[12.09092,57.25658],[12.09103,57.2567],[12.0915,57.25687],[12.09213,57.25677],[12.09263,57.25667],[12.09263,57.25667],[12.0927,57.25661],[12.0927,57.25661],[12.09265,57.25647],[12.09277,57.25635],[12.09304,57.25625],[12.09311,57.25627],[12.09314,57.2563],[12.0931,57.25634],[12.09302,57.25634],[12.09294,57.25639],[12.09294,57.25639],[12.09297,57.25646],[12.09297,57.25646],[12.09306,57.2565],[12.09306,57.2565],[12.0933,57.25647],[12.09327,57.25657],[12.09327,57.25657],[12.09328,57.25657],[12.09341,57.25658],[12.09368,57.25658],[12.0938,57.25664],[12.09368,57.25673],[12.09359,57.25684],[12.09358,57.25697],[12.09365,57.25708],[12.09365,57.25708],[12.09365,57.25708],[12.09379,57.25711],[12.09423,57.25713],[12.09437,57.25716],[12.09444,57.25724],[12.0944,57.25731],[12.0944,57.25731],[12.09446,57.25738],[12.09447,57.25738],[12.09457,57.25739],[12.09467,57.25742],[12.09527,57.25766],[12.09527,57.25766],[12.09527,57.25766],[12.0954,57.25762],[12.09545,57.25769],[12.09526,57.25768],[12.09526,57.25768],[12.09526,57.25768],[12.09526,57.25768],[12.09529,57.25771],[12.09625,57.25792],[12.09625,57.25792],[12.09625,57.25792],[12.09625,57.25792],[12.09739,57.25458],[12.09932,57.25464],[12.09932,57.25464],[12.09932,57.25464],[12.09967,57.25371],[12.10008,57.25375],[12.10008,57.25375],[12.10008,57.25375],[12.10061,57.25241],[12.10251,57.25168],[12.10251,57.25168],[12.1033,57.25093],[12.1033,57.25093],[12.1033,57.25093],[12.1033,57.25092],[12.10149,57.25045],[12.10178,57.25018],[12.10233,57.24996],[12.10299,57.24981],[12.10299,57.24981],[12.10355,57.24921],[12.104,57.24878],[12.10485,57.24859],[12.10485,57.24859],[12.10485,57.24859],[12.10485,57.24859],[12.10437,57.24817],[12.10433,57.24808],[12.10457,57.24797],[12.10457,57.24797],[12.10457,57.24797],[12.10454,57.24793],[12.10454,57.24793],[12.10454,57.24793],[12.10427,57.24802],[12.10404,57.2477],[12.10408,57.24764],[12.10408,57.24764],[12.10408,57.24764],[12.10408,57.24764],[12.10392,57.24763],[12.10382,57.2475],[12.10346,57.24733],[12.10312,57.24705],[12.10273,57.24689],[12.10232,57.24674],[12.10189,57.24661],[12.10139,57.24648],[12.10067,57.24594],[12.09991,57.24569],[12.09912,57.24557],[12.09877,57.24557],[12.09843,57.24554],[12.09768,57.24548],[12.09689,57.24551],[12.09689,57.24551],[12.09664,57.2457],[12.09599,57.24571],[12.09572,57.24565],[12.09558,57.24568],[12.09543,57.24574],[12.09534,57.24583],[12.09534,57.24583],[12.09538,57.24595],[12.09522,57.24598],[12.09515,57.246],[12.09504,57.24624],[12.09488,57.24629],[12.09488,57.24629],[12.09488,57.24629],[12.09493,57.2464],[12.09505,57.24651],[12.09483,57.24667],[12.09472,57.24669],[12.09459,57.24673],[12.09459,57.24673],[12.0946,57.24681],[12.09456,57.2469],[12.09448,57.24696],[12.09437,57.24701],[12.09375,57.2472],[12.09367,57.24724],[12.09364,57.24727],[12.09363,57.2473],[12.09369,57.24738],[12.09368,57.24742],[12.0936,57.24743],[12.09354,57.24746],[12.09352,57.24742],[12.09347,57.2474],[12.09347,57.2474],[12.09335,57.24745],[12.09326,57.24752],[12.09306,57.24751],[12.0929,57.24753],[12.09252,57.24764],[12.09187,57.24797],[12.0914,57.24808],[12.09125,57.2481],[12.09113,57.24816],[12.09113,57.24816],[12.09125,57.24846],[12.09108,57.24852],[12.09108,57.24852],[12.0909,57.24893],[12.09084,57.24943],[12.09057,57.25076],[12.09057,57.25076],[12.09057,57.25076],[12.09062,57.25077],[12.09058,57.2508],[12.09058,57.2508],[12.09049,57.25098],[12.09049,57.25098],[12.09062,57.25115],[12.09071,57.25133],[12.09078,57.25154],[12.09081,57.25173],[12.09067,57.25205],[12.09063,57.25215],[12.09053,57.25223],[12.09037,57.25229],[12.09027,57.2523],[12.0902,57.25232],[12.0902,57.25232],[12.0902,57.25232],[12.09019,57.25234],[12.09022,57.2524],[12.09024,57.25248],[12.09026,57.25255],[12.09018,57.25262],[12.09017,57.25262],[12.0902,57.25265],[12.09028,57.25267],[12.09029,57.25273],[12.09022,57.25276],[12.0901,57.25275],[12.08999,57.25276],[12.08991,57.25282],[12.08983,57.25296],[12.08984,57.25315],[12.08975,57.25316],[12.08967,57.25313],[12.08967,57.25313],[12.08967,57.25313],[12.08967,57.25313],[12.08965,57.25315],[12.08965,57.25315],[12.08965,57.25315],[12.0897,57.25319],[12.08963,57.25329],[12.08941,57.25342],[12.08936,57.25352],[12.08899,57.25387],[12.08886,57.25404],[12.08879,57.25416],[12.08877,57.25439],[12.08882,57.25455],[12.08876,57.25465],[12.08859,57.25469],[12.0884,57.25467],[12.08763,57.25448],[12.08716,57.25444],[12.08672,57.25426],[12.08678,57.25419],[12.08718,57.25424],[12.08718,57.25424],[12.08718,57.25424],[12.08718,57.25423],[12.08709,57.25416],[12.08716,57.25411],[12.08734,57.25402],[12.0876,57.25401],[12.08778,57.25394],[12.08778,57.25394],[12.08778,57.25394],[12.08778,57.25394],[12.08763,57.2538],[12.0875,57.25378],[12.08736,57.25379],[12.08725,57.25375],[12.0873,57.25359],[12.0873,57.25359],[12.0873,57.25358],[12.0873,57.25358],[12.0871,57.25358],[12.08714,57.25352],[12.08744,57.25355],[12.08744,57.25355],[12.08744,57.25355],[12.08752,57.25346],[12.08772,57.25344],[12.08772,57.25344],[12.08772,57.25344],[12.08792,57.25323],[12.08792,57.25323],[12.08786,57.25319],[12.08781,57.25312],[12.08787,57.25306],[12.08787,57.25306],[12.08787,57.25306],[12.08775,57.25301],[12.08775,57.25301],[12.08737,57.2531],[12.08667,57.25321],[12.08643,57.25331],[12.08632,57.25339],[12.08632,57.25339],[12.08632,57.25339],[12.08632,57.25339],[12.08673,57.25346],[12.0867,57.25358],[12.0867,57.25358],[12.08696,57.25366],[12.08697,57.25377],[12.08692,57.25388],[12.08681,57.25396],[12.08666,57.25402],[12.08617,57.25397],[12.08582,57.25396],[12.08531,57.25406],[12.08526,57.25398],[12.08526,57.25398],[12.08518,57.25396],[12.08471,57.25396],[12.08451,57.25401],[12.0843,57.25409],[12.08425,57.25416],[12.08429,57.25424],[12.08435,57.25429],[12.08439,57.25433],[12.08442,57.25435],[12.08445,57.25443],[12.08451,57.2545],[12.08458,57.25456],[12.08456,57.25466],[12.0844,57.25484],[12.0844,57.25484],[12.08449,57.2549],[12.08468,57.25495],[12.08436,57.25507],[12.08425,57.25514],[12.08425,57.25514],[12.08425,57.25514],[12.08428,57.25518],[12.08437,57.25519],[12.08441,57.25526],[12.0843,57.2553],[12.0843,57.2553],[12.0843,57.2553],[12.08433,57.25534]]]},"properties":{"NVRID":"2001972","NAMN":"Biskopshagen","SKYDDSTYP":"Naturreservat","LAN":"Hallands Län","KOMMUN":"Varberg","IUCNKATEGORI":"IV, Habitat/Artskyddsområde (Habitat/Species Management Area)","FORVALTARE":"Länsstyrelsen i Hallands län","AREA_HA":83.107,"URSPR_BESLUTSDATUM":"1971-08-31"}},{"type":"Feature","geometry":{"type":"Polygon","coordinates":[[[12.24896,57.06389],[12.25447,57.06294],[12.25447,57.06294],[12.25447,57.06294],[12.25437,57.0595],[12.25437,57.0595],[12.25437,57.0595],[12.25437,57.0595],[12.25058,57.05943],[12.23975,57.06332],[12.23975,57.06332],[12.23968,57.0669],[12.23968,57.0669],[12.23968,57.0669],[12.23968,57.0669],[12.24869,57.06707],[12.24869,57.06707],[12.24958,57.06648],[12.24958,57.06648],[12.24896,57.06389]]]},"properties":{"NVRID":"2001995","NAMN":"Gamla Köpstad (norra)","SKYDDSTYP":"Naturreservat","LAN":"Hallands Län","KOMMUN":"Varberg","IUCNKATEGORI":"IV, Habitat/Artskyddsområde (Habitat/Species Management Area)","FORVALTARE":"Länsstyrelsen i Hallands län","AREA_HA":48.15,"URSPR_BESLUTSDATUM":"1972-10-26"}},{"type":"Feature","geometry":{"type":"Polygon","coordinates":[[[13.18776,56.57813],[13.18776,56.57813],[13.18776,56.57813],[13.18773,56.57814],[13.18773,56.57814],[13.18773,56.57815],[13.18773,56.57815],[13.18882,56.57839],[13.1896,56.57848],[13.19132,56.5785],[13.19204,56.57852],[13.19296,56.57848],[13.19369,56.57839],[13.19431,56.57822],[13.1952,56.57815],[13.1952,56.57815],[13.1952,56.57815],[13.19528,56.57767],[13.19552,56.5775],[13.19588,56.57725],[13.19667,56.5769],[13.19685,56.57713],[13.19685,56.57713],[13.19808,56.57708],[13.19869,56.57717],[13.19914,56.57741],[13.19914,56.57741],[13.19953,56.5774],[13.20023,56.57727],[13.20137,56.57747],[13.20346,56.57768],[13.20433,56.57779],[13.20433,56.57779],[13.20456,56.5777],[13.20506,56.57783],[13.20506,56.57783],[13.20537,56.57777],[13.2061,56.57782],[13.2064,56.57804],[13.2064,56.57804],[13.20793,56.57821],[13.20793,56.57821],[13.20793,56.57821],[13.20817,56.57742],[13.20817,56.57742],[13.20817,56.57742],[13.20817,56.57742],[13.20625,56.57722],[13.2087,56.57529],[13.21309,56.57589],[13.21286,56.57655],[13.21144,56.57636],[13.21144,56.57636],[13.21144,56.57636],[13.21144,56.57636],[13.21126,56.57691],[13.21126,56.57691],[13.21126,56.57691],[13.21269,56.57712],[13.21246,56.57787],[13.21246,56.57787],[13.21246,56.57787],[13.21498,56.57815],[13.21495,56.57854],[13.21475,56.5796],[13.21432,56.57989],[13.21375,56.58002],[13.21375,56.58002],[13.2137,56.58013],[13.2137,56.58013],[13.2139,56.58038],[13.214,56.58054],[13.21409,56.58063],[13.21421,56.58068],[13.21421,56.58068],[13.21436,56.5807],[13.21477,56.58069],[13.21502,56.58068],[13.21556,56.58063],[13.21595,56.5807],[13.21622,56.58082],[13.21637,56.58087],[13.21654,56.58092],[13.21676,56.58097],[13.21695,56.58106],[13.21708,56.58116],[13.21721,56.58125],[13.21742,56.58134],[13.21758,56.58141],[13.21758,56.58141],[13.21794,56.58136],[13.21809,56.58135],[13.21822,56.58138],[13.21833,56.58147],[13.21841,56.58161],[13.21853,56.58176],[13.21869,56.58182],[13.21887,56.58181],[13.21898,56.58183],[13.21895,56.58191],[13.21897,56.58197],[13.21897,56.58197],[13.21909,56.58203],[13.2193,56.5821],[13.21951,56.58212],[13.21952,56.58212],[13.21962,56.58207],[13.21962,56.58207],[13.21966,56.58194],[13.21968,56.58181],[13.21981,56.58181],[13.2199,56.58184],[13.2199,56.58184],[13.22028,56.58176],[13.22066,56.58172],[13.22093,56.58164],[13.22135,56.58151],[13.22168,56.58156],[13.22214,56.58166],[13.22256,56.58169],[13.22305,56.5816],[13.22347,56.58157],[13.22393,56.58155],[13.22401,56.5816],[13.22421,56.58165],[13.22437,56.58173],[13.22455,56.58176],[13.22478,56.5818],[13.22501,56.58184],[13.22536,56.58193],[13.22569,56.58209],[13.22586,56.58211],[13.22619,56.58221],[13.2264,56.58226],[13.22659,56.58224],[13.22668,56.5822],[13.22682,56.58216],[13.22709,56.58217],[13.22775,56.58213],[13.22794,56.58215],[13.22812,56.58233],[13.22809,56.58237],[13.22809,56.58237],[13.22828,56.58257],[13.22828,56.58257],[13.22853,56.58265],[13.2289,56.58269],[13.22949,56.58267],[13.23026,56.58273],[13.23097,56.5828],[13.23134,56.58276],[13.23134,56.58276],[13.23162,56.58245],[13.23176,56.58236],[13.23186,56.58225],[13.23201,56.58207],[13.23218,56.5819],[13.23219,56.58161],[13.23238,56.5815],[13.23265,56.58143],[13.23312,56.58139],[13.23339,56.58129],[13.23355,56.5812],[13.23375,56.58103],[13.2339,56.58099],[13.23441,56.58093],[13.23475,56.58092],[13.23475,56.58092],[13.23494,56.58083],[13.23504,56.58073],[13.23522,56.58059],[13.23549,56.58037],[13.23578,56.58025],[13.2361,56.58013],[13.23626,56.58002],[13.23633,56.57987],[13.23633,56.57968],[13.23631,56.57943],[13.2365,56.57907],[13.23654,56.57888],[13.2365,56.57875],[13.23668,56.57853],[13.23701,56.57835],[13.23709,56.57827],[13.23721,56.57809],[13.23721,56.57788],[13.2373,56.57778],[13.23741,56.57754],[13.23751,56.57745],[13.2375,56.57736],[13.23757,56.57724],[13.23753,56.57715],[13.23744,56.5771],[13.23732,56.57702],[13.23727,56.57692],[13.23716,56.57685],[13.23722,56.57675],[13.23714,56.57666],[13.23701,56.5766],[13.2369,56.57655],[13.23679,56.57651],[13.23662,56.57647],[13.23652,56.57643],[13.23634,56.57632],[13.23609,56.57626],[13.23589,56.57624],[13.23573,56.57618],[13.23548,56.57615],[13.23366,56.57605],[13.23263,56.57571],[13.23241,56.57563],[13.23103,56.57508],[13.23055,56.57501],[13.23008,56.57499],[13.23157,56.57358],[13.23296,56.56956],[13.23296,56.56956],[13.23148,56.56756],[13.23148,56.56756],[13.23135,56.56754],[13.23117,56.56751],[13.23117,56.56751],[13.23116,56.56751],[13.23071,56.56849],[13.23022,56.5682],[13.22971,56.56806],[13.22971,56.56806],[13.22935,56.5682],[13.22817,56.568],[13.22834,56.56762],[13.22834,56.56762],[13.22834,56.56762],[13.22812,56.56762],[13.22775,56.56759],[13.22754,56.56756],[13.22718,56.56748],[13.22712,56.56747],[13.22705,56.56746],[13.22698,56.56746],[13.22689,56.56746],[13.22681,56.56747],[13.22672,56.56749],[13.22661,56.56752],[13.22658,56.56753],[13.2265,56.56755],[13.22641,56.56756],[13.22616,56.56752],[13.22613,56.56751],[13.22587,56.56746],[13.22573,56.56742],[13.22557,56.5674],[13.22539,56.56738],[13.22523,56.56736],[13.22502,56.56735],[13.22491,56.56733],[13.22483,56.56732],[13.22472,56.5673],[13.22459,56.56725],[13.22436,56.56715],[13.22411,56.56703],[13.22381,56.56689],[13.22368,56.56682],[13.22358,56.56678],[13.22261,56.56653],[13.22225,56.56643],[13.2218,56.56626],[13.22155,56.56613],[13.22138,56.566],[13.22131,56.56582],[13.22143,56.56551],[13.2214,56.56538],[13.22126,56.56527],[13.2213,56.56518],[13.22144,56.56522],[13.22211,56.56529],[13.22316,56.5654],[13.22316,56.5654],[13.22316,56.5654],[13.22316,56.5654],[13.22272,56.56493],[13.22311,56.56446],[13.22361,56.56406],[13.22395,56.5641],[13.22481,56.5642],[13.22481,56.5642],[13.22481,56.5642],[13.22486,56.56404],[13.22481,56.564],[13.22472,56.56397],[13.22445,56.56395],[13.22432,56.56393],[13.22421,56.5639],[13.22368,56.56364],[13.22309,56.56339],[13.22309,56.56339],[13.22238,56.56342],[13.22152,56.56312],[13.22163,56.563],[13.22163,56.563],[13.22153,56.56288],[13.22158,56.56268],[13.22227,56.56252],[13.22227,56.56252],[13.22227,56.56252],[13.22227,56.56252],[13.22197,56.56241],[13.2216,56.56233],[13.2214,56.56219],[13.22012,56.56193],[13.22012,56.56193],[13.21991,56.56203],[13.21973,56.56216],[13.21933,56.56253],[13.21892,56.56249],[13.21759,56.56251],[13.21733,56.56253],[13.2172,56.56253],[13.21644,56.56231],[13.21563,56.56206],[13.21563,56.56206],[13.21563,56.56206],[13.21563,56.56206],[13.21468,56.56336],[13.21467,56.5634],[13.21467,56.5634],[13.21467,56.5634],[13.21467,56.5634],[13.21501,56.56339],[13.2152,56.56346],[13.21516,56.56403],[13.21509,56.56454],[13.21509,56.56454],[13.2151,56.56454],[13.21524,56.56453],[13.21546,56.56448],[13.2159,56.56438],[13.21613,56.56437],[13.21636,56.56435],[13.21666,56.56436],[13.21677,56.56438],[13.21711,56.56441],[13.21728,56.56442],[13.21742,56.56457],[13.21754,56.56473],[13.21752,56.56489],[13.21695,56.56528],[13.21685,56.56543],[13.21702,56.56605],[13.21716,56.56652],[13.21602,56.56652],[13.21602,56.56652],[13.21602,56.56652],[13.21444,56.56965],[13.21331,56.56958],[13.21207,56.56968],[13.21372,56.56653],[13.21372,56.56653],[13.21372,56.56653],[13.21254,56.56653],[13.20822,56.56655],[13.20295,56.56658],[13.20295,56.56658],[13.20208,56.56808],[13.20216,56.56925],[13.20268,56.56986],[13.20276,56.57039],[13.2023,56.57119],[13.20107,56.57096],[13.20107,56.57096],[13.20107,56.57097],[13.19899,56.57399],[13.19699,56.57373],[13.19559,56.57356],[13.19559,56.57356],[13.19559,56.57356],[13.19559,56.57356],[13.19597,56.574],[13.1967,56.57425],[13.19716,56.57444],[13.1977,56.57506],[13.19756,56.57576],[13.19774,56.57593],[13.19784,56.57637],[13.19438,56.57607],[13.19438,56.57607],[13.19284,56.57656],[13.18958,56.57757],[13.18776,56.57813]]]},"properties":{"NVRID":"2001080","NAMN":"Blåalt","SKYDDSTYP":"Naturreservat","LAN":"Hallands Län","KOMMUN":"Laholm","IUCNKATEGORI":"IV, Habitat/Artskyddsområde (Habitat/Species Management Area)","FORVALTARE":"Länsstyrelsen i Hallands län","AREA_HA":316.746,"URSPR_BESLUTSDATUM":"1997-03-21"}},{"type":"Feature","geometry":{"type":"Polygon","coordinates":[[[13.0266,57.11062],[13.02613,57.11034],[13.02613,57.11034],[13.02603,57.11034],[13.02603,57.11034],[13.02566,57.11055],[13.02566,57.11055],[13.02566,57.11055],[13.02573,57.11065],[13.02584,57.11082],[13.02594,57.11097],[13.02615,57.11125],[13.02631,57.11144],[13.02651,57.11165],[13.02664,57.11176],[13.02664,57.11176],[13.02664,57.11176],[13.02744,57.11146],[13.02779,57.1118],[13.02756,57.11191],[13.02756,57.11191],[13.02756,57.11191],[13.02793,57.11216],[13.02746,57.1124],[13.02744,57.11242],[13.02744,57.11242],[13.02744,57.11242],[13.02753,57.11247],[13.02767,57.11257],[13.0279,57.11267],[13.02802,57.11272],[13.02813,57.11275],[13.02827,57.11278],[13.02842,57.11281],[13.02855,57.11283],[13.02867,57.11284],[13.0288,57.11283],[13.02895,57.1128],[13.02912,57.11275],[13.0294,57.11266],[13.0296,57.11261],[13.02985,57.11259],[13.03002,57.11258],[13.03018,57.11258],[13.03035,57.1126],[13.03046,57.11263],[13.03053,57.11268],[13.03059,57.11273],[13.03064,57.11281],[13.0307,57.11306],[13.0307,57.11315],[13.03067,57.11322],[13.03066,57.1133],[13.03063,57.11343],[13.03064,57.1135],[13.03066,57.11358],[13.03072,57.11366],[13.03079,57.11374],[13.0309,57.11381],[13.03099,57.11386],[13.03106,57.11387],[13.03106,57.11387],[13.03107,57.11387],[13.03115,57.11392],[13.03133,57.11406],[13.03152,57.11419],[13.03181,57.1144],[13.03239,57.11483],[13.03273,57.11503],[13.03297,57.11519],[13.03316,57.11533],[13.03345,57.11561],[13.03381,57.11599],[13.03541,57.11698],[13.03632,57.1173],[13.03832,57.11814],[13.03966,57.11868],[13.04086,57.11917],[13.04086,57.11917],[13.04086,57.11917],[13.04145,57.11875],[13.04151,57.11879],[13.04179,57.11898],[13.04232,57.11931],[13.04276,57.11958],[13.04331,57.11991],[13.04411,57.12042],[13.04536,57.12119],[13.04585,57.1215],[13.0462,57.12172],[13.04678,57.12208],[13.04721,57.12235],[13.04799,57.12285],[13.0483,57.12305],[13.0486,57.12323],[13.04905,57.12353],[13.0496,57.12386],[13.05005,57.12414],[13.05035,57.12434],[13.05063,57.1245],[13.05115,57.12482],[13.05142,57.12502],[13.05158,57.12518],[13.05491,57.12697],[13.05609,57.12753],[13.05575,57.12808],[13.05575,57.12808],[13.05575,57.12808],[13.05843,57.12964],[13.06007,57.13056],[13.06072,57.13127],[13.0611,57.13206],[13.06079,57.13265],[13.0602,57.13357],[13.06005,57.13375],[13.05808,57.1348],[13.05808,57.1348],[13.05809,57.13481],[13.05813,57.13482],[13.05844,57.1349],[13.05853,57.13496],[13.05848,57.135],[13.05839,57.13505],[13.05839,57.13505],[13.05839,57.13505],[13.05847,57.13511],[13.0586,57.13518],[13.05869,57.13524],[13.05852,57.13533],[13.05824,57.13515],[13.05823,57.13515],[13.05807,57.13516],[13.05787,57.13512],[13.05778,57.13509],[13.05759,57.13497],[13.05759,57.13497],[13.05747,57.13496],[13.05729,57.13496],[13.05716,57.13491],[13.05702,57.13485],[13.05701,57.13479],[13.05698,57.13474],[13.05698,57.13474],[13.05692,57.13472],[13.05691,57.13472],[13.05691,57.13472],[13.05685,57.13474],[13.05683,57.13479],[13.05683,57.13479],[13.05689,57.13482],[13.05692,57.13486],[13.05689,57.13498],[13.05689,57.13498],[13.0569,57.13498],[13.0569,57.13498],[13.05703,57.13499],[13.05809,57.13708],[13.05852,57.13791],[13.05696,57.13898],[13.05696,57.13898],[13.0578,57.14009],[13.0578,57.14009],[13.05781,57.14009],[13.05823,57.14],[13.05906,57.13977],[13.05963,57.13959],[13.05982,57.13953],[13.06002,57.13946],[13.06022,57.13938],[13.06039,57.1393],[13.06051,57.13926],[13.06068,57.13914],[13.06081,57.13907],[13.06106,57.13886],[13.06111,57.1388],[13.06119,57.13875],[13.06124,57.13869],[13.06131,57.13862],[13.06137,57.13854],[13.0614,57.13844],[13.06142,57.13835],[13.0614,57.13821],[13.06145,57.13818],[13.0625,57.13873],[13.06287,57.13907],[13.06287,57.13907],[13.06287,57.13907],[13.06287,57.13907],[13.06348,57.13887],[13.06372,57.13884],[13.06378,57.1389],[13.06389,57.13904],[13.06399,57.13914],[13.06409,57.13933],[13.06421,57.13955],[13.0643,57.13975],[13.06439,57.13994],[13.06446,57.14009],[13.06455,57.14024],[13.06467,57.14046],[13.06481,57.14067],[13.06496,57.14092],[13.06501,57.14105],[13.06504,57.14124],[13.06507,57.14138],[13.06507,57.1416],[13.06508,57.14193],[13.06508,57.14218],[13.06506,57.14237],[13.06501,57.1426],[13.06488,57.14284],[13.06476,57.14304],[13.06461,57.14325],[13.06455,57.14339],[13.06452,57.14351],[13.06454,57.14364],[13.06458,57.14375],[13.0647,57.14389],[13.06501,57.14413],[13.06551,57.14449],[13.06586,57.14475],[13.06608,57.14491],[13.06628,57.14509],[13.0664,57.14522],[13.06659,57.14546],[13.06678,57.14574],[13.06739,57.14655],[13.06921,57.14728],[13.07091,57.14797],[13.07104,57.14802],[13.07104,57.14802],[13.07104,57.14802],[13.07107,57.14798],[13.0711,57.14796],[13.0711,57.14796],[13.07109,57.1479],[13.07105,57.14786],[13.07108,57.14784],[13.07111,57.14785],[13.07115,57.14786],[13.07115,57.14787],[13.07115,57.14786],[13.07118,57.14785],[13.07122,57.14782],[13.07124,57.1478],[13.07131,57.1478],[13.07143,57.14781],[13.07149,57.14783],[13.07149,57.14783],[13.07149,57.14783],[13.07149,57.14783],[13.07152,57.1478],[13.07157,57.14777],[13.07168,57.14776],[13.07177,57.14777],[13.07187,57.14781],[13.0719,57.14786],[13.0719,57.14786],[13.0719,57.14786],[13.07193,57.14786],[13.07193,57.14786],[13.07193,57.14786],[13.07194,57.14784],[13.07195,57.14782],[13.07196,57.14779],[13.07197,57.14778],[13.07199,57.14779],[13.07203,57.14781],[13.07203,57.14781],[13.07207,57.14782],[13.07207,57.14782],[13.07207,57.14782],[13.07207,57.14782],[13.07207,57.14778],[13.07208,57.14775],[13.07212,57.14775],[13.07216,57.14777],[13.07216,57.14777],[13.07222,57.14777],[13.07232,57.14779],[13.07238,57.14779],[13.07238,57.14779],[13.07242,57.14776],[13.07244,57.14771],[13.07247,57.1477],[13.07252,57.14771],[13.07253,57.14775],[13.07253,57.14779],[13.07253,57.14779],[13.07253,57.14779],[13.07274,57.14779],[13.07278,57.14778],[13.0728,57.14777],[13.07283,57.14779],[13.07286,57.14781],[13.07287,57.14784],[13.07289,57.14785],[13.07292,57.14786],[13.07293,57.14787],[13.07294,57.14789],[13.07294,57.14789],[13.07302,57.1479],[13.07304,57.1479],[13.07303,57.14791],[13.07303,57.14793],[13.07307,57.14794],[13.07312,57.14796],[13.07314,57.14797],[13.07314,57.14802],[13.07314,57.14804],[13.07315,57.14805],[13.07319,57.14806],[13.0732,57.14808],[13.07316,57.14808],[13.07313,57.14809],[13.0731,57.14813],[13.0731,57.14815],[13.07312,57.14817],[13.07317,57.14818],[13.07323,57.14822],[13.07326,57.14824],[13.07326,57.14824],[13.07327,57.14824],[13.07329,57.14823],[13.0733,57.14821],[13.0733,57.14821],[13.07328,57.14818],[13.07332,57.14818],[13.07338,57.14818],[13.07339,57.14819],[13.07339,57.14819],[13.07345,57.14821],[13.07351,57.14821],[13.07358,57.1482],[13.07362,57.14824],[13.07364,57.14826],[13.0737,57.14828],[13.07377,57.14829],[13.07381,57.14831],[13.07383,57.14834],[13.07383,57.14834],[13.07388,57.14835],[13.07397,57.14838],[13.0741,57.14844],[13.07411,57.14849],[13.07411,57.14849],[13.07411,57.14849],[13.07411,57.14849],[13.07416,57.14848],[13.0742,57.14849],[13.07418,57.14851],[13.07418,57.14851],[13.07418,57.14851],[13.07421,57.14853],[13.07428,57.14855],[13.07433,57.14857],[13.07438,57.14856],[13.0744,57.14859],[13.07445,57.14862],[13.07454,57.14868],[13.07464,57.14873],[13.07464,57.14878],[13.07462,57.14881],[13.07462,57.14881],[13.07464,57.14886],[13.07466,57.14891],[13.07471,57.14896],[13.07472,57.14901],[13.07474,57.14905],[13.07475,57.14911],[13.07478,57.14916],[13.07485,57.14923],[13.07486,57.14927],[13.0749,57.14934],[13.07493,57.1494],[13.07494,57.14949],[13.07495,57.14956],[13.07495,57.14959],[13.07497,57.14962],[13.07496,57.14967],[13.07491,57.14972],[13.07489,57.14976],[13.07484,57.14976],[13.07481,57.14977],[13.07481,57.14977],[13.0748,57.1498],[13.07481,57.14987],[13.07476,57.14992],[13.07475,57.14993],[13.07475,57.14993],[13.07475,57.14993],[13.07485,57.14996],[13.07492,57.14997],[13.07492,57.14997],[13.07492,57.14997],[13.07497,57.14995],[13.07521,57.14989],[13.07541,57.14986],[13.07564,57.14985],[13.07585,57.14987],[13.07599,57.1499],[13.07615,57.14996],[13.07636,57.15008],[13.07657,57.15018],[13.07671,57.15022],[13.07681,57.15022],[13.07694,57.1502],[13.07703,57.15018],[13.07713,57.15012],[13.07724,57.15005],[13.07735,57.15],[13.0775,57.14996],[13.07787,57.1499],[13.07817,57.14985],[13.07834,57.14981],[13.07856,57.14975],[13.07881,57.14965],[13.07892,57.14962],[13.07912,57.14956],[13.07933,57.14953],[13.07964,57.1495],[13.08011,57.14943],[13.08032,57.1494],[13.08048,57.14936],[13.08061,57.14931],[13.08082,57.14923],[13.08098,57.14914],[13.08112,57.1491],[13.0813,57.14908],[13.08151,57.14907],[13.0817,57.14906],[13.08186,57.14907],[13.08197,57.14909],[13.08212,57.14914],[13.0823,57.14922],[13.08246,57.14927],[13.08263,57.14935],[13.08285,57.14948],[13.08303,57.1496],[13.0832,57.14967],[13.08342,57.14974],[13.08365,57.14981],[13.08383,57.1499],[13.08404,57.14998],[13.08417,57.15003],[13.0844,57.1501],[13.08449,57.15014],[13.08459,57.15019],[13.08465,57.15026],[13.08467,57.15037],[13.08471,57.15045],[13.08473,57.15049],[13.08477,57.15054],[13.0848,57.15059],[13.08488,57.15065],[13.08494,57.15069],[13.08508,57.15077],[13.08527,57.15085],[13.0854,57.1509],[13.08575,57.15098],[13.08595,57.15114],[13.0861,57.15127],[13.08623,57.15134],[13.0864,57.1514],[13.08652,57.15143],[13.0868,57.15149],[13.08707,57.15158],[13.08724,57.15166],[13.08735,57.15169],[13.08743,57.15174],[13.08763,57.15183],[13.08774,57.15189],[13.08796,57.15203],[13.08831,57.15221],[13.08848,57.1523],[13.08863,57.15239],[13.08869,57.15249],[13.08875,57.15258],[13.0888,57.15269],[13.08886,57.15277],[13.08892,57.15288],[13.08908,57.15297],[13.08922,57.15303],[13.08922,57.15303],[13.08924,57.15314],[13.08849,57.15328],[13.08796,57.15336],[13.08765,57.15351],[13.08743,57.15371],[13.08735,57.15388],[13.0874,57.15404],[13.08772,57.15435],[13.08772,57.15435],[13.08772,57.15435],[13.08807,57.1543],[13.08954,57.15567],[13.08861,57.15792],[13.08861,57.15792],[13.08872,57.15799],[13.08887,57.15804],[13.08905,57.15809],[13.08916,57.15812],[13.08945,57.15826],[13.0898,57.15843],[13.09169,57.1584],[13.09193,57.15843],[13.09223,57.15845],[13.09237,57.15851],[13.09253,57.15857],[13.09265,57.15861],[13.09294,57.15865],[13.09319,57.15869],[13.09335,57.1587],[13.09389,57.15875],[13.09404,57.15874],[13.09422,57.15876],[13.09432,57.15878],[13.09443,57.15882],[13.09455,57.15888],[13.09469,57.15895],[13.09477,57.15902],[13.09486,57.15909],[13.09491,57.15911],[13.09507,57.15914],[13.0953,57.15916],[13.09547,57.15915],[13.09562,57.15914],[13.09579,57.15911],[13.09602,57.15908],[13.09625,57.15905],[13.09625,57.15905],[13.09638,57.15892],[13.09645,57.15887],[13.09657,57.15879],[13.09672,57.15874],[13.09688,57.15862],[13.09695,57.15855],[13.09701,57.1585],[13.09704,57.15843],[13.09709,57.15831],[13.09711,57.15821],[13.09715,57.15807],[13.09721,57.15799],[13.09728,57.15793],[13.09743,57.15786],[13.09743,57.15786],[13.09743,57.15786],[13.09725,57.15771],[13.09708,57.15755],[13.09698,57.15745],[13.09689,57.15734],[13.09685,57.15726],[13.09681,57.15717],[13.09676,57.1571],[13.09677,57.15704],[13.09728,57.1568],[13.09728,57.1568],[13.09728,57.1568],[13.09701,57.15635],[13.09631,57.15491],[13.09612,57.15463],[13.09533,57.15344],[13.09507,57.15306],[13.09403,57.1515],[13.09439,57.15115],[13.10015,57.14555],[13.10028,57.14556],[13.10028,57.14556],[13.10028,57.14556],[13.10028,57.14556],[13.10028,57.14556],[13.09856,57.14433],[13.09528,57.14221],[13.09401,57.14137],[13.08747,57.13695],[13.08384,57.13449],[13.08265,57.13365],[13.08071,57.13235],[13.08064,57.1318],[13.08045,57.13004],[13.08035,57.12859],[13.08035,57.12859],[13.07707,57.12759],[13.0784,57.12622],[13.08061,57.12516],[13.08127,57.12477],[13.08166,57.12479],[13.09062,57.12887],[13.09111,57.1291],[13.09111,57.1291],[13.09295,57.12883],[13.0961,57.12906],[13.09647,57.12902],[13.0987,57.12857],[13.09907,57.12848],[13.09908,57.12848],[13.09908,57.12848],[13.09903,57.12807],[13.09895,57.12767],[13.09891,57.12752],[13.09885,57.12735],[13.09879,57.12727],[13.09878,57.12717],[13.09878,57.12717],[13.09868,57.1271],[13.09828,57.12698],[13.0982,57.12691],[13.0981,57.12684],[13.09789,57.12678],[13.0978,57.12661],[13.09749,57.12646],[13.09738,57.12636],[13.09729,57.1262],[13.09704,57.12604],[13.09694,57.12596],[13.09694,57.12596],[13.09673,57.12597],[13.09642,57.12602],[13.09622,57.12604],[13.09613,57.12599],[13.09602,57.12588],[13.09589,57.12582],[13.09566,57.12578],[13.09547,57.12567],[13.09522,57.12566],[13.09498,57.12563],[13.09465,57.12562],[13.09445,57.1256],[13.09432,57.12554],[13.09406,57.12546],[13.09388,57.12544],[13.09372,57.12545],[13.09352,57.12542],[13.09351,57.12533],[13.09358,57.12526],[13.09362,57.12518],[13.0938,57.125],[13.09385,57.12494],[13.09398,57.1248],[13.09414,57.12456],[13.0942,57.12446],[13.09425,57.12426],[13.09425,57.12426],[13.09425,57.12426],[13.0941,57.12421],[13.09386,57.12416],[13.09327,57.12412],[13.09301,57.12416],[13.09276,57.12422],[13.09258,57.12426],[13.09241,57.12431],[13.09219,57.12437],[13.09197,57.12435],[13.09179,57.12431],[13.09158,57.12424],[13.09149,57.12413],[13.09141,57.12409],[13.09122,57.12402],[13.09102,57.12396],[13.09091,57.12387],[13.09075,57.12378],[13.09075,57.12378],[13.0906,57.12379],[13.09042,57.12381],[13.08991,57.12378],[13.08963,57.12371],[13.08952,57.12365],[13.08884,57.12338],[13.08854,57.12324],[13.08836,57.12318],[13.08816,57.12312],[13.08777,57.12301],[13.0875,57.12293],[13.08733,57.12288],[13.08712,57.12283],[13.08696,57.1228],[13.08675,57.12277],[13.08579,57.1227],[13.08548,57.12267],[13.08521,57.12265],[13.08457,57.12261],[13.08418,57.12259],[13.08402,57.12257],[13.08383,57.12256],[13.08359,57.12254],[13.08339,57.12251],[13.08319,57.12248],[13.08301,57.12244],[13.08286,57.1224],[13.08265,57.12234],[13.08246,57.12227],[13.08232,57.12218],[13.0821,57.12203],[13.08193,57.12188],[13.08165,57.12162],[13.0815,57.12148],[13.08121,57.12121],[13.08093,57.12095],[13.08088,57.12091],[13.08085,57.12088],[13.08028,57.12045],[13.08005,57.1203],[13.07989,57.12019],[13.07978,57.12012],[13.07963,57.12006],[13.07945,57.12001],[13.07921,57.11996],[13.07895,57.11991],[13.0788,57.11988],[13.07864,57.11983],[13.0785,57.11978],[13.07843,57.11975],[13.07839,57.11971],[13.07826,57.11964],[13.07811,57.11957],[13.07801,57.1195],[13.07788,57.11944],[13.07772,57.11937],[13.07756,57.11931],[13.07745,57.11927],[13.07719,57.11919],[13.0769,57.11912],[13.07674,57.11909],[13.07653,57.11903],[13.07635,57.11898],[13.07593,57.11885],[13.07559,57.11873],[13.07499,57.11855],[13.07445,57.11837],[13.07398,57.11822],[13.07366,57.11811],[13.07338,57.118],[13.07319,57.11792],[13.07306,57.11788],[13.07281,57.1178],[13.0726,57.11773],[13.07245,57.1177],[13.0723,57.11766],[13.07212,57.11763],[13.07194,57.11761],[13.07176,57.1176],[13.07143,57.11758],[13.0712,57.11757],[13.07105,57.11756],[13.07095,57.11755],[13.07077,57.11751],[13.07064,57.11746],[13.0705,57.1174],[13.07039,57.11734],[13.07027,57.11727],[13.07022,57.11723],[13.0702,57.1172],[13.07015,57.11713],[13.07011,57.11699],[13.07008,57.11691],[13.07004,57.11681],[13.06998,57.1167],[13.06992,57.11663],[13.06982,57.11654],[13.06968,57.11646],[13.06956,57.1164],[13.06936,57.11633],[13.06911,57.11627],[13.06889,57.11621],[13.0687,57.11619],[13.06853,57.11618],[13.0681,57.11617],[13.06785,57.11616],[13.06728,57.11612],[13.06697,57.1161],[13.06644,57.11606],[13.06632,57.11604],[13.06617,57.11601],[13.06578,57.11593],[13.06546,57.11583],[13.06518,57.11575],[13.06501,57.1157],[13.0649,57.11564],[13.06466,57.11551],[13.06455,57.11544],[13.06449,57.11539],[13.0644,57.11535],[13.06428,57.11532],[13.06409,57.11528],[13.06383,57.11523],[13.06354,57.11517],[13.06329,57.11512],[13.06294,57.11503],[13.06258,57.11493],[13.06235,57.11484],[13.06219,57.11477],[13.0621,57.1147],[13.06203,57.11461],[13.06195,57.11442],[13.06192,57.11432],[13.06166,57.114],[13.06164,57.11398],[13.06152,57.11373],[13.06142,57.11349],[13.06133,57.11329],[13.06124,57.11315],[13.06118,57.11309],[13.06115,57.11306],[13.06107,57.11302],[13.06094,57.11296],[13.0608,57.11288],[13.06067,57.11281],[13.0606,57.11277],[13.06041,57.11266],[13.05993,57.11229],[13.05951,57.11205],[13.05922,57.11189],[13.05896,57.1117],[13.05872,57.11148],[13.05846,57.11126],[13.05829,57.11108],[13.05825,57.11103],[13.05801,57.11079],[13.05801,57.11079],[13.05801,57.11079],[13.05784,57.11082],[13.05745,57.11088],[13.05697,57.11093],[13.05669,57.11093],[13.05639,57.11095],[13.05601,57.11095],[13.05585,57.11096],[13.05565,57.11099],[13.05548,57.111],[13.05523,57.11106],[13.05497,57.11112],[13.05472,57.11119],[13.05451,57.11125],[13.05436,57.1113],[13.05423,57.11132],[13.05413,57.11134],[13.05403,57.11135],[13.05384,57.11135],[13.05371,57.11133],[13.05331,57.11125],[13.05313,57.11122],[13.05296,57.11119],[13.05279,57.11117],[13.05255,57.11113],[13.05224,57.11105],[13.05211,57.11101],[13.052,57.11097],[13.05178,57.11088],[13.05166,57.11082],[13.05158,57.11076],[13.05151,57.11069],[13.05145,57.1106],[13.05141,57.11052],[13.05141,57.11043],[13.05141,57.11031],[13.05141,57.11022],[13.05138,57.11],[13.05136,57.10994],[13.05131,57.10988],[13.05126,57.10983],[13.05119,57.10979],[13.0511,57.10974],[13.051,57.10969],[13.05082,57.10963],[13.05061,57.10955],[13.0504,57.10947],[13.05012,57.10933],[13.04993,57.10924],[13.04914,57.10872],[13.049,57.10862],[13.04873,57.10844],[13.04849,57.10821],[13.04842,57.10814],[13.04835,57.10808],[13.04827,57.10804],[13.04819,57.10799],[13.04804,57.10794],[13.04788,57.10789],[13.04773,57.10786],[13.04741,57.10781],[13.04714,57.10776],[13.0469,57.10774],[13.04619,57.10768],[13.04618,57.10768],[13.04618,57.10768],[13.04617,57.10768],[13.04567,57.10813],[13.04546,57.10808],[13.04546,57.10808],[13.04493,57.1083],[13.04443,57.10852],[13.04395,57.10823],[13.04395,57.10823],[13.04395,57.10823],[13.04392,57.10824],[13.04363,57.10841],[13.04331,57.10859],[13.04303,57.10872],[13.04295,57.10874],[13.04255,57.10883],[13.04114,57.10947],[13.04113,57.10947],[13.04112,57.10946],[13.0411,57.10945],[13.04108,57.10945],[13.04104,57.10944],[13.041,57.10942],[13.04098,57.10942],[13.04095,57.10941],[13.04093,57.1094],[13.04091,57.10938],[13.04091,57.10936],[13.04091,57.10935],[13.04092,57.10934],[13.04091,57.10932],[13.04091,57.10931],[13.04091,57.10929],[13.04091,57.10927],[13.04091,57.10925],[13.04089,57.10923],[13.04089,57.10922],[13.04087,57.1092],[13.04086,57.10918],[13.04084,57.10917],[13.04082,57.10916],[13.0408,57.10914],[13.04079,57.10913],[13.04077,57.10912],[13.04076,57.10911],[13.04074,57.1091],[13.04067,57.10906],[13.04066,57.10906],[13.04065,57.10905],[13.04064,57.10905],[13.04062,57.10904],[13.0406,57.10903],[13.04058,57.10902],[13.04056,57.10901],[13.04054,57.10899],[13.04052,57.10899],[13.04051,57.10898],[13.0405,57.10898],[13.04048,57.10897],[13.04047,57.10896],[13.04044,57.10896],[13.04041,57.10896],[13.04023,57.10897],[13.04021,57.10897],[13.04017,57.10896],[13.04014,57.10896],[13.04012,57.10897],[13.04008,57.10896],[13.04005,57.10896],[13.04001,57.10896],[13.03999,57.10896],[13.03996,57.10896],[13.03993,57.10896],[13.03989,57.10896],[13.03984,57.10896],[13.03982,57.10896],[13.03979,57.10895],[13.03977,57.10895],[13.03974,57.10895],[13.03972,57.10895],[13.03969,57.10895],[13.03967,57.10894],[13.03964,57.10894],[13.03961,57.10894],[13.03958,57.10894],[13.03953,57.10893],[13.03951,57.10893],[13.03948,57.10892],[13.03946,57.10892],[13.03943,57.10893],[13.03941,57.10893],[13.0394,57.10893],[13.03938,57.10893],[13.03936,57.10893],[13.03933,57.10894],[13.03931,57.10895],[13.03929,57.10895],[13.03928,57.10895],[13.03926,57.10896],[13.03923,57.10897],[13.03922,57.10897],[13.0392,57.10897],[13.03918,57.10897],[13.03916,57.10897],[13.03913,57.10897],[13.03912,57.10897],[13.0391,57.10897],[13.03908,57.10897],[13.03906,57.10896],[13.03903,57.10896],[13.039,57.10896],[13.03895,57.10895],[13.03892,57.10895],[13.0389,57.10895],[13.03887,57.10894],[13.03885,57.10894],[13.03883,57.10894],[13.03881,57.10894],[13.03877,57.10895],[13.03872,57.10895],[13.03871,57.10895],[13.03868,57.10896],[13.03867,57.10896],[13.03866,57.10896],[13.03865,57.10896],[13.03863,57.10896],[13.03862,57.10896],[13.03859,57.10895],[13.03856,57.10895],[13.03854,57.10895],[13.03851,57.10894],[13.03846,57.10894],[13.03844,57.10893],[13.03841,57.10893],[13.03839,57.10893],[13.03836,57.10892],[13.03834,57.10891],[13.0383,57.10889],[13.03829,57.10888],[13.03828,57.10887],[13.03826,57.10886],[13.03825,57.10885],[13.03824,57.10884],[13.03822,57.10882],[13.03821,57.10881],[13.03821,57.1088],[13.0382,57.10879],[13.0382,57.10878],[13.0382,57.10877],[13.0382,57.10876],[13.03819,57.10874],[13.03818,57.10873],[13.03817,57.10871],[13.03816,57.1087],[13.03815,57.10869],[13.03815,57.10869],[13.03814,57.10868],[13.03812,57.10867],[13.03811,57.10867],[13.0381,57.10866],[13.03809,57.10865],[13.03809,57.10864],[13.03808,57.10864],[13.03809,57.10863],[13.03809,57.10862],[13.0381,57.10862],[13.03811,57.10861],[13.03813,57.10861],[13.03814,57.1086],[13.03816,57.1086],[13.03817,57.1086],[13.03818,57.1086],[13.0382,57.1086],[13.03821,57.10859],[13.03822,57.10859],[13.03825,57.1086],[13.03827,57.1086],[13.03829,57.10861],[13.03832,57.10862],[13.03834,57.10863],[13.03835,57.10864],[13.03836,57.10865],[13.03838,57.10866],[13.03839,57.10866],[13.03842,57.10868],[13.03844,57.10869],[13.03845,57.10869],[13.03847,57.1087],[13.0385,57.1087],[13.03853,57.10871],[13.03855,57.10871],[13.03857,57.10871],[13.03859,57.10871],[13.0386,57.10871],[13.03862,57.10872],[13.03863,57.10872],[13.03866,57.10872],[13.03868,57.10872],[13.03869,57.10871],[13.03872,57.10871],[13.03874,57.10871],[13.03876,57.1087],[13.03878,57.1087],[13.03879,57.1087],[13.03881,57.10869],[13.03883,57.10869],[13.03886,57.10868],[13.03888,57.10868],[13.03888,57.10867],[13.0389,57.10867],[13.03891,57.10866],[13.03892,57.10865],[13.03892,57.10864],[13.03893,57.10864],[13.03894,57.10863],[13.03895,57.10863],[13.03896,57.10862],[13.03897,57.10861],[13.03897,57.10861],[13.03898,57.1086],[13.03899,57.1086],[13.03899,57.10859],[13.03901,57.10858],[13.03902,57.10857],[13.03903,57.10856],[13.03904,57.10855],[13.03904,57.10854],[13.03905,57.10853],[13.03907,57.10852],[13.03908,57.10851],[13.03909,57.1085],[13.0391,57.1085],[13.03911,57.10849],[13.03916,57.10845],[13.03916,57.10844],[13.03917,57.10844],[13.03918,57.10844],[13.03919,57.10843],[13.0392,57.10842],[13.03922,57.10842],[13.03922,57.10841],[13.03923,57.1084],[13.03924,57.1084],[13.03924,57.10839],[13.03925,57.10839],[13.03925,57.10838],[13.03925,57.10838],[13.03925,57.10837],[13.03925,57.10836],[13.03924,57.10835],[13.03922,57.10834],[13.03921,57.10834],[13.0392,57.10833],[13.03919,57.10832],[13.03918,57.10832],[13.03916,57.1083],[13.03916,57.10829],[13.03916,57.10829],[13.03916,57.10828],[13.03917,57.10826],[13.03918,57.10825],[13.03919,57.10825],[13.0392,57.10823],[13.03921,57.10822],[13.03921,57.1082],[13.03922,57.10819],[13.03921,57.10818],[13.0392,57.10816],[13.03919,57.10815],[13.03919,57.10814],[13.03918,57.10813],[13.03916,57.10812],[13.03915,57.10811],[13.03914,57.1081],[13.03913,57.10809],[13.03912,57.10808],[13.03911,57.10807],[13.0391,57.10806],[13.03908,57.10806],[13.03905,57.10804],[13.03903,57.10804],[13.03901,57.10802],[13.03899,57.10801],[13.03897,57.10799],[13.03895,57.10798],[13.03894,57.10797],[13.03893,57.10796],[13.03891,57.10795],[13.0389,57.10794],[13.03888,57.10793],[13.03886,57.10792],[13.03885,57.10791],[13.03883,57.1079],[13.03882,57.10789],[13.03881,57.10788],[13.03877,57.10786],[13.03875,57.10785],[13.03873,57.10784],[13.03871,57.10782],[13.03869,57.10782],[13.03867,57.1078],[13.03865,57.1078],[13.03863,57.10779],[13.03862,57.10778],[13.03861,57.10777],[13.03859,57.10776],[13.03857,57.10776],[13.03856,57.10775],[13.03853,57.10775],[13.03851,57.10774],[13.03851,57.10774],[13.03849,57.10775],[13.03847,57.10775],[13.03845,57.10775],[13.03843,57.10775],[13.03841,57.10775],[13.0384,57.10775],[13.03838,57.10774],[13.03837,57.10774],[13.03835,57.10773],[13.03834,57.10772],[13.03833,57.10771],[13.03832,57.1077],[13.0383,57.1077],[13.03829,57.10769],[13.03827,57.10768],[13.03826,57.10767],[13.03825,57.10766],[13.03825,57.10766],[13.03825,57.10765],[13.03824,57.10764],[13.03824,57.10763],[13.03823,57.10763],[13.03822,57.10762],[13.0382,57.10761],[13.03818,57.1076],[13.03817,57.10759],[13.03816,57.10758],[13.03815,57.10756],[13.03814,57.10755],[13.03813,57.10755],[13.03812,57.10754],[13.0381,57.10753],[13.03808,57.10753],[13.03807,57.10752],[13.03807,57.10751],[13.03807,57.10751],[13.03807,57.1075],[13.03807,57.10749],[13.03808,57.10749],[13.03808,57.10748],[13.03808,57.10748],[13.03808,57.10747],[13.03808,57.10746],[13.03807,57.10744],[13.03806,57.10743],[13.03805,57.10742],[13.03804,57.10741],[13.03803,57.10739],[13.03802,57.10739],[13.03802,57.10738],[13.03801,57.10737],[13.03802,57.10735],[13.03802,57.10734],[13.03803,57.10733],[13.03804,57.10732],[13.03805,57.10732],[13.03805,57.10731],[13.03806,57.1073],[13.03806,57.1073],[13.03805,57.10729],[13.03804,57.10728],[13.03803,57.10728],[13.03801,57.10727],[13.03799,57.10725],[13.03798,57.10725],[13.03798,57.10724],[13.03796,57.10723],[13.03795,57.10722],[13.03795,57.10721],[13.03794,57.1072],[13.03794,57.10719],[13.03794,57.10719],[13.03793,57.10718],[13.03793,57.10717],[13.03793,57.10716],[13.03793,57.10716],[13.03792,57.10716],[13.03789,57.10714],[13.03787,57.10713],[13.03787,57.10712],[13.03786,57.10711],[13.03786,57.1071],[13.03785,57.1071],[13.03784,57.10709],[13.03782,57.10709],[13.03781,57.10708],[13.03779,57.10708],[13.03775,57.10707],[13.03773,57.10706],[13.03772,57.10706],[13.03771,57.10705],[13.03771,57.10704],[13.0377,57.10702],[13.03769,57.10701],[13.03767,57.10701],[13.03765,57.107],[13.03763,57.10699],[13.03762,57.10698],[13.0376,57.10697],[13.03759,57.10696],[13.03757,57.10695],[13.03756,57.10694],[13.03755,57.10693],[13.03755,57.10692],[13.03754,57.10691],[13.03753,57.10689],[13.03752,57.10688],[13.03751,57.10688],[13.03751,57.10688],[13.0375,57.10687],[13.03749,57.10687],[13.03747,57.10687],[13.03746,57.10687],[13.03744,57.10687],[13.03743,57.10687],[13.03741,57.10686],[13.03737,57.10685],[13.03737,57.10685],[13.03736,57.10686],[13.03735,57.10686],[13.03735,57.10686],[13.03734,57.10687],[13.03732,57.10686],[13.0373,57.10685],[13.03729,57.10685],[13.03728,57.10684],[13.03727,57.10683],[13.03726,57.10683],[13.03726,57.10682],[13.03724,57.1068],[13.0372,57.10677],[13.03719,57.10677],[13.03719,57.10676],[13.03718,57.10676],[13.03717,57.10676],[13.03717,57.10675],[13.03716,57.10674],[13.03716,57.10674],[13.03717,57.10674],[13.03716,57.10673],[13.03716,57.10672],[13.03716,57.10672],[13.03716,57.10671],[13.03716,57.1067],[13.03715,57.10669],[13.03715,57.10669],[13.03714,57.10669],[13.03713,57.10669],[13.03712,57.10669],[13.03711,57.10668],[13.03709,57.10668],[13.03707,57.10667],[13.03706,57.10666],[13.03706,57.10666],[13.03705,57.10665],[13.03704,57.10664],[13.03704,57.10663],[13.03703,57.10663],[13.03702,57.10662],[13.03701,57.10661],[13.03701,57.1066],[13.03701,57.10659],[13.03701,57.10658],[13.03701,57.10656],[13.03701,57.10656],[13.03702,57.10655],[13.03701,57.10654],[13.03701,57.10653],[13.03701,57.10653],[13.03699,57.10652],[13.03696,57.10651],[13.03695,57.1065],[13.03694,57.1065],[13.03693,57.10649],[13.03692,57.10648],[13.03691,57.10648],[13.03689,57.10647],[13.03687,57.10645],[13.03685,57.10645],[13.03683,57.10644],[13.03681,57.10643],[13.0368,57.10642],[13.03679,57.10641],[13.03678,57.10641],[13.03677,57.1064],[13.03676,57.10639],[13.03676,57.10638],[13.03675,57.10638],[13.03674,57.10637],[13.03673,57.10636],[13.03669,57.10635],[13.03665,57.10633],[13.03657,57.1063],[13.03649,57.10627],[13.03639,57.10623],[13.03629,57.10619],[13.0362,57.10614],[13.03618,57.10613],[13.03615,57.10612],[13.03601,57.1061],[13.03588,57.1061],[13.03575,57.10613],[13.03573,57.10613],[13.0357,57.10613],[13.03569,57.10613],[13.03566,57.10614],[13.03562,57.10613],[13.0356,57.10613],[13.03558,57.10613],[13.03557,57.10612],[13.03554,57.10612],[13.03553,57.10611],[13.0355,57.10611],[13.03549,57.1061],[13.03542,57.10607],[13.0354,57.10606],[13.03537,57.10605],[13.03536,57.10605],[13.03534,57.10604],[13.03532,57.10603],[13.03531,57.10603],[13.0353,57.10602],[13.03529,57.10602],[13.03527,57.10601],[13.03526,57.106],[13.03525,57.106],[13.03523,57.10599],[13.03522,57.10599],[13.03522,57.10598],[13.03521,57.10598],[13.03518,57.10596],[13.03515,57.10595],[13.03513,57.10593],[13.0351,57.10592],[13.03509,57.10592],[13.03508,57.10591],[13.03507,57.10591],[13.03505,57.1059],[13.03504,57.1059],[13.03502,57.10589],[13.03501,57.10589],[13.035,57.10589],[13.035,57.10588],[13.03498,57.10588],[13.03497,57.10588],[13.03495,57.10587],[13.03494,57.10587],[13.03492,57.10586],[13.03491,57.10586],[13.03489,57.10586],[13.03488,57.10585],[13.03487,57.10585],[13.03486,57.10585],[13.03484,57.10585],[13.03483,57.10584],[13.03482,57.10584],[13.0348,57.10584],[13.03478,57.10584],[13.03475,57.10583],[13.03474,57.10583],[13.03473,57.10583],[13.03472,57.10582],[13.03471,57.10582],[13.03469,57.10581],[13.03469,57.10581],[13.03468,57.10581],[13.03467,57.1058],[13.03465,57.1058],[13.03463,57.1058],[13.03461,57.1058],[13.03457,57.1058],[13.03455,57.1058],[13.03453,57.10581],[13.03451,57.10581],[13.03446,57.10582],[13.03445,57.10582],[13.03443,57.10583],[13.03442,57.10584],[13.03441,57.10584],[13.0344,57.10585],[13.03439,57.10586],[13.03437,57.10586],[13.03436,57.10587],[13.03434,57.10587],[13.03432,57.10588],[13.0343,57.10588],[13.03427,57.10589],[13.03425,57.10589],[13.03422,57.1059],[13.03419,57.10591],[13.03417,57.10591],[13.03415,57.10591],[13.03412,57.10592],[13.0341,57.10591],[13.03407,57.10591],[13.03404,57.10592],[13.03398,57.10592],[13.03396,57.10593],[13.03394,57.10593],[13.03393,57.10593],[13.0339,57.10593],[13.03387,57.10593],[13.03386,57.10594],[13.03385,57.10594],[13.03383,57.10594],[13.03381,57.10594],[13.03379,57.10595],[13.03377,57.10595],[13.03376,57.10596],[13.03374,57.10597],[13.03373,57.10598],[13.0337,57.10598],[13.03369,57.106],[13.03366,57.10601],[13.03364,57.10601],[13.03361,57.10602],[13.03359,57.10602],[13.03357,57.10603],[13.03355,57.10603],[13.03354,57.10603],[13.0335,57.10602],[13.03348,57.10602],[13.03346,57.10602],[13.03344,57.10602],[13.03342,57.10603],[13.03338,57.10603],[13.03335,57.10603],[13.03333,57.10603],[13.0333,57.10604],[13.03327,57.10604],[13.03324,57.10605],[13.03322,57.10605],[13.03319,57.10606],[13.03317,57.10606],[13.03314,57.10607],[13.03313,57.10607],[13.0331,57.10608],[13.03308,57.10608],[13.03307,57.10609],[13.03305,57.10609],[13.03303,57.1061],[13.033,57.10611],[13.03299,57.10611],[13.03297,57.10612],[13.03294,57.10612],[13.03292,57.10612],[13.03288,57.10611],[13.03286,57.10611],[13.03283,57.1061],[13.03281,57.1061],[13.03275,57.10609],[13.03272,57.10608],[13.03268,57.10607],[13.03265,57.10605],[13.03264,57.10604],[13.03262,57.10603],[13.03261,57.10602],[13.03261,57.10601],[13.0326,57.10601],[13.03248,57.10596],[13.03248,57.10596],[13.03211,57.10601],[13.032,57.10603],[13.03182,57.10608],[13.03174,57.10611],[13.0316,57.10617],[13.0316,57.10617],[13.0316,57.10617],[13.03169,57.1064],[13.03192,57.10681],[13.03293,57.10822],[13.033,57.10828],[13.03298,57.10829],[13.03291,57.10831],[13.03209,57.10859],[13.03196,57.10863],[13.03157,57.10875],[13.03049,57.10901],[13.03019,57.10904],[13.02991,57.10908],[13.02966,57.10912],[13.02939,57.10921],[13.02858,57.10964],[13.02838,57.10972],[13.02778,57.10988],[13.02745,57.10991],[13.0272,57.10995],[13.02713,57.10997],[13.02713,57.10997],[13.02713,57.10997],[13.02727,57.11035],[13.02731,57.11068],[13.0266,57.11062]]]},"properties":{"NVRID":"2002579","NAMN":"Fegen","SKYDDSTYP":"Naturreservat","LAN":"Hallands Län","KOMMUN":"Falkenberg, Gislaved, Svenljunga","IUCNKATEGORI":"V, Skyddat landskap/havsområde (Protected Landscape/Seascape)","FORVALTARE":"Länsstyrelsen i Hallands län","AREA_HA":896.366,"URSPR_BESLUTSDATUM":""}},{"type":"Feature","geometry":{"type":"Polygon","coordinates":[[[12.56985,57.10183],[12.5686,57.10165],[12.5686,57.10165],[12.5686,57.10165],[12.5686,57.10165],[12.56917,57.10367],[12.56917,57.10367],[12.56917,57.10367],[12.56917,57.10367],[12.56917,57.10367],[12.57003,57.10304],[12.57108,57.10266],[12.5766,57.10417],[12.57579,57.105],[12.57577,57.10506],[12.57574,57.10512],[12.57573,57.10519],[12.57563,57.10525],[12.57551,57.10531],[12.57541,57.10537],[12.57535,57.10541],[12.57535,57.10541],[12.57533,57.10547],[12.57532,57.10552],[12.57539,57.10559],[12.57546,57.10582],[12.57548,57.10593],[12.5755,57.10598],[12.57554,57.10605],[12.57567,57.10615],[12.57578,57.10628],[12.57585,57.10635],[12.57589,57.10648],[12.5759,57.1065],[12.5759,57.10651],[12.57426,57.10704],[12.57426,57.10704],[12.57426,57.10704],[12.5754,57.10932],[12.5754,57.10932],[12.5754,57.10932],[12.5754,57.10932],[12.57602,57.10915],[12.57616,57.10942],[12.57637,57.10977],[12.57643,57.11002],[12.57668,57.11016],[12.57785,57.11145],[12.57823,57.11193],[12.57849,57.11231],[12.57944,57.11324],[12.58165,57.11433],[12.58462,57.11605],[12.58462,57.11605],[12.58462,57.11605],[12.58462,57.11605],[12.58469,57.11597],[12.58494,57.11573],[12.58519,57.1155],[12.58553,57.11513],[12.58576,57.11483],[12.5862,57.11437],[12.58637,57.1141],[12.58678,57.11378],[12.5869,57.11364],[12.5869,57.11364],[12.58604,57.11322],[12.58257,57.11154],[12.58405,57.11058],[12.58405,57.11058],[12.58405,57.11058],[12.58303,57.11006],[12.58045,57.10917],[12.5782,57.10845],[12.57974,57.10677],[12.58041,57.10608],[12.58097,57.10553],[12.58097,57.10553],[12.58097,57.10553],[12.58014,57.10515],[12.58058,57.10465],[12.58102,57.10443],[12.58175,57.10283],[12.58244,57.10235],[12.58289,57.10203],[12.59383,57.10776],[12.59383,57.10776],[12.59383,57.10776],[12.59383,57.10776],[12.59679,57.1055],[12.59679,57.1055],[12.59679,57.1055],[12.59235,57.10302],[12.59402,57.10212],[12.59402,57.10212],[12.59402,57.10212],[12.5929,57.10149],[12.5911,57.10047],[12.5911,57.10047],[12.5911,57.10047],[12.58943,57.10143],[12.5863,57.09973],[12.58669,57.09934],[12.58689,57.09919],[12.5871,57.09906],[12.58724,57.09895],[12.5874,57.09882],[12.5876,57.09868],[12.58776,57.09855],[12.58797,57.0984],[12.58816,57.0983],[12.58818,57.09827],[12.58836,57.09814],[12.58838,57.09812],[12.58857,57.09801],[12.58879,57.09789],[12.5888,57.09788],[12.5888,57.09788],[12.5888,57.09788],[12.58852,57.09772],[12.58812,57.09749],[12.58811,57.09749],[12.58811,57.09749],[12.58811,57.09749],[12.58803,57.09773],[12.5876,57.09773],[12.58707,57.09768],[12.58717,57.09742],[12.58767,57.09745],[12.58767,57.09745],[12.58787,57.09736],[12.58787,57.09736],[12.58787,57.09736],[12.58787,57.09736],[12.58731,57.09704],[12.5872,57.09698],[12.5866,57.09665],[12.5866,57.09665],[12.5866,57.09665],[12.5819,57.09927],[12.58157,57.09911],[12.58092,57.09886],[12.58013,57.09847],[12.57897,57.09783],[12.58194,57.09675],[12.58194,57.09675],[12.58194,57.09675],[12.58151,57.09624],[12.58151,57.09624],[12.58151,57.09624],[12.5815,57.09624],[12.58078,57.09645],[12.57994,57.09661],[12.57902,57.09685],[12.5778,57.09718],[12.57685,57.09725],[12.57685,57.09725],[12.5766,57.09743],[12.57656,57.09747],[12.57656,57.09747],[12.57668,57.09867],[12.57674,57.09955],[12.57675,57.09964],[12.57618,57.09959],[12.57493,57.0994],[12.57493,57.0994],[12.57081,57.10079],[12.57081,57.10079],[12.57081,57.10079],[12.57099,57.10087],[12.57111,57.10139],[12.57091,57.10172],[12.56985,57.10183]]]},"properties":{"NVRID":"2003045","NAMN":"Mjällbjär","SKYDDSTYP":"Naturreservat","LAN":"Hallands Län","KOMMUN":"Falkenberg, Varberg","IUCNKATEGORI":"Ia, Strikt naturreservat (Strict Nature Reserve)","FORVALTARE":"Länsstyrelsen i Hallands län","AREA_HA":121.24,"URSPR_BESLUTSDATUM":"2005-12-12"}},{"type":"Feature","geometry":{"type":"Polygon","coordinates":[[[12.51043,57.09039],[12.51043,57.09039],[12.51043,57.09039],[12.51043,57.09039],[12.51043,57.09039],[12.51101,57.09083],[12.51102,57.09083],[12.512,57.09084],[12.512,57.09084],[12.512,57.09084],[12.51207,57.09072],[12.51282,57.09066],[12.51377,57.09083],[12.51377,57.09083],[12.51377,57.09083],[12.51421,57.09036],[12.51569,57.09117],[12.51569,57.09117],[12.51569,57.09117],[12.51569,57.09117],[12.51808,57.09005],[12.51874,57.09021],[12.51888,57.09024],[12.51888,57.09024],[12.51944,57.09009],[12.51989,57.09087],[12.52034,57.09155],[12.52076,57.09224],[12.52076,57.09224],[12.52118,57.09238],[12.52188,57.09265],[12.52251,57.09291],[12.52259,57.09381],[12.52219,57.09412],[12.52009,57.09593],[12.52009,57.09593],[12.52009,57.09593],[12.5201,57.09593],[12.52011,57.09593],[12.52481,57.09737],[12.52482,57.09737],[12.52618,57.09697],[12.52618,57.09697],[12.52618,57.09697],[12.52618,57.09697],[12.52485,57.09556],[12.52553,57.09397],[12.52561,57.09402],[12.52568,57.09407],[12.52572,57.09415],[12.52581,57.0942],[12.52597,57.09426],[12.52627,57.0943],[12.52627,57.0943],[12.52647,57.09422],[12.52688,57.09393],[12.52727,57.09363],[12.52766,57.09386],[12.52782,57.09412],[12.52751,57.09429],[12.52751,57.09429],[12.52751,57.09429],[12.52803,57.09459],[12.52803,57.09459],[12.52803,57.09459],[12.52879,57.0941],[12.5293,57.09422],[12.5302,57.09452],[12.5302,57.09452],[12.5302,57.09452],[12.5302,57.09452],[12.53079,57.0934],[12.5308,57.09337],[12.5308,57.09337],[12.53039,57.09286],[12.53015,57.09176],[12.53015,57.09176],[12.52924,57.09147],[12.52911,57.09132],[12.52907,57.09119],[12.52902,57.09093],[12.52901,57.0906],[12.52973,57.09067],[12.53039,57.09084],[12.53066,57.09094],[12.53066,57.09094],[12.53066,57.09094],[12.53066,57.09093],[12.53066,57.09093],[12.53065,57.09071],[12.53065,57.09071],[12.52939,57.08967],[12.52954,57.08947],[12.52962,57.08937],[12.52962,57.08937],[12.52962,57.08937],[12.52919,57.08927],[12.52933,57.08867],[12.52948,57.0883],[12.52951,57.08803],[12.53006,57.08843],[12.53213,57.08923],[12.53216,57.08924],[12.53216,57.08924],[12.53293,57.08923],[12.53293,57.08923],[12.53646,57.08687],[12.53646,57.08686],[12.53646,57.08686],[12.53645,57.08686],[12.53594,57.08674],[12.53538,57.0866],[12.53441,57.08649],[12.53409,57.0865],[12.53336,57.0866],[12.5332,57.08659],[12.53307,57.08654],[12.53236,57.0859],[12.53192,57.08563],[12.53163,57.08549],[12.53125,57.08531],[12.53108,57.08516],[12.53108,57.08516],[12.53108,57.08516],[12.52969,57.08537],[12.52952,57.0852],[12.52949,57.08505],[12.52966,57.08468],[12.52966,57.08468],[12.52951,57.08449],[12.52948,57.08441],[12.52968,57.08424],[12.52968,57.08423],[12.52934,57.08375],[12.52993,57.08346],[12.52993,57.08346],[12.52993,57.08346],[12.52912,57.08295],[12.5286,57.0826],[12.5282,57.08231],[12.52678,57.08179],[12.52628,57.08168],[12.52627,57.08168],[12.52602,57.08172],[12.52602,57.08172],[12.52488,57.08241],[12.52459,57.08253],[12.52392,57.08269],[12.52391,57.08269],[12.52383,57.08284],[12.52388,57.083],[12.52389,57.08311],[12.52383,57.08324],[12.52386,57.08347],[12.52388,57.08352],[12.52359,57.08361],[12.52315,57.08373],[12.522,57.0839],[12.52168,57.08392],[12.52092,57.08403],[12.52092,57.08403],[12.52092,57.08404],[12.52061,57.08439],[12.52061,57.08439],[12.52071,57.08483],[12.52103,57.08537],[12.5212,57.08549],[12.52147,57.0856],[12.52186,57.08571],[12.52211,57.08582],[12.52247,57.08624],[12.52176,57.08612],[12.52119,57.08608],[12.52119,57.08608],[12.52059,57.08629],[12.52043,57.08648],[12.52027,57.08682],[12.52018,57.08689],[12.52008,57.08691],[12.51974,57.08688],[12.51943,57.08691],[12.51919,57.08702],[12.51919,57.08702],[12.51914,57.08721],[12.51919,57.08732],[12.51931,57.0874],[12.51969,57.08753],[12.51962,57.08761],[12.51938,57.08804],[12.51924,57.08808],[12.51887,57.08799],[12.51868,57.08798],[12.51819,57.0882],[12.51802,57.08816],[12.51799,57.08788],[12.51799,57.08787],[12.51799,57.08787],[12.51729,57.08782],[12.51714,57.08781],[12.51689,57.08779],[12.51675,57.08783],[12.51664,57.08787],[12.5165,57.08792],[12.51645,57.08796],[12.51645,57.08797],[12.51647,57.088],[12.51647,57.088],[12.51671,57.08803],[12.51676,57.08803],[12.51676,57.08803],[12.51683,57.08798],[12.51686,57.08794],[12.51698,57.08792],[12.51708,57.08793],[12.51712,57.08796],[12.51713,57.08801],[12.51709,57.08809],[12.51704,57.08815],[12.51703,57.0882],[12.51703,57.0882],[12.51715,57.08829],[12.51719,57.08833],[12.5172,57.08837],[12.51709,57.08847],[12.51707,57.0885],[12.51707,57.0885],[12.51711,57.08859],[12.51709,57.08863],[12.51687,57.08871],[12.5168,57.08876],[12.5168,57.08876],[12.51679,57.08878],[12.51687,57.08888],[12.51693,57.08892],[12.51702,57.08901],[12.51704,57.08904],[12.51699,57.08924],[12.51698,57.08937],[12.51697,57.08944],[12.51677,57.08963],[12.51673,57.08968],[12.51672,57.08971],[12.51672,57.08971],[12.5168,57.08983],[12.51688,57.08992],[12.51689,57.08997],[12.51685,57.09001],[12.51672,57.09],[12.51672,57.09],[12.51641,57.0901],[12.51626,57.09014],[12.51606,57.09018],[12.51592,57.09019],[12.51562,57.09012],[12.51532,57.0901],[12.51493,57.09007],[12.51475,57.09007],[12.51459,57.09007],[12.51427,57.0901],[12.51417,57.0901],[12.51401,57.09009],[12.51357,57.08996],[12.51336,57.0899],[12.51299,57.08979],[12.51279,57.08975],[12.51251,57.08975],[12.51225,57.08975],[12.51144,57.08971],[12.51127,57.0897],[12.51117,57.0897],[12.5111,57.08971],[12.51102,57.08977],[12.51099,57.08982],[12.51099,57.08982],[12.51103,57.0899],[12.51104,57.08996],[12.51102,57.09004],[12.511,57.09007],[12.51092,57.09029],[12.51089,57.09032],[12.51061,57.09037],[12.51048,57.09038],[12.51043,57.09039]]]},"properties":{"NVRID":"2013000","NAMN":"Skärbäck","SKYDDSTYP":"Naturreservat","LAN":"Hallands Län","KOMMUN":"Varberg","IUCNKATEGORI":"Ia, Strikt naturreservat (Strict Nature Reserve)","FORVALTARE":"Länsstyrelsen i Hallands län","AREA_HA":96.49,"URSPR_BESLUTSDATUM":"2007-05-07"}},{"type":"Feature","geometry":{"type":"MultiPolygon","coordinates":[[[[11.90327,57.50793],[11.90333,57.50797],[11.9034,57.50797],[11.90347,57.508],[11.90351,57.50801],[11.90351,57.50801],[11.90352,57.50801],[11.90356,57.50798],[11.90358,57.50794],[11.90357,57.50791],[11.90354,57.50788],[11.90354,57.50788],[11.90354,57.50788],[11.90342,57.50788],[11.90333,57.50788],[11.90327,57.50788],[11.90327,57.50788],[11.90327,57.50788],[11.90327,57.50793],[11.90327,57.50793]]],[[[11.90202,57.50952],[11.90201,57.50956],[11.90201,57.50956],[11.90206,57.50961],[11.90212,57.50964],[11.90216,57.50965],[11.90223,57.50966],[11.90231,57.50963],[11.90231,57.50963],[11.9023,57.50959],[11.90234,57.50954],[11.90235,57.50952],[11.90235,57.50948],[11.90235,57.50948],[11.90231,57.50946],[11.90223,57.50945],[11.90215,57.50946],[11.90215,57.50946],[11.90213,57.50947],[11.90205,57.5095],[11.90202,57.50952],[11.90202,57.50952]]],[[[11.90099,57.51041],[11.90101,57.51046],[11.90104,57.5105],[11.90104,57.5105],[11.90111,57.51054],[11.90123,57.51056],[11.90127,57.51057],[11.90136,57.51058],[11.90142,57.51057],[11.90142,57.51057],[11.90142,57.51057],[11.90143,57.51054],[11.90148,57.51053],[11.90153,57.51053],[11.90153,57.51053],[11.90161,57.51051],[11.90167,57.51049],[11.90169,57.51047],[11.90169,57.51047],[11.90167,57.51043],[11.90164,57.51041],[11.90164,57.5104],[11.90166,57.51039],[11.90169,57.51038],[11.9017,57.51036],[11.9017,57.51036],[11.9017,57.51036],[11.90164,57.51034],[11.9017,57.5103],[11.9017,57.5103],[11.9017,57.51025],[11.90166,57.51019],[11.90166,57.51019],[11.9016,57.51017],[11.90153,57.51018],[11.9015,57.51019],[11.90148,57.51017],[11.90147,57.51017],[11.90147,57.51017],[11.90147,57.51017],[11.90144,57.51018],[11.9014,57.51016],[11.9014,57.51016],[11.90138,57.51016],[11.90133,57.51018],[11.90128,57.51016],[11.90121,57.51015],[11.90121,57.51015],[11.90121,57.51015],[11.90114,57.51021],[11.90109,57.51024],[11.90102,57.51026],[11.90097,57.51028],[11.90097,57.51028],[11.90094,57.51031],[11.90094,57.51031],[11.90097,57.51034],[11.90102,57.51036],[11.90099,57.51041]]],[[[11.90986,57.51317],[11.90986,57.51317],[11.90991,57.51322],[11.90994,57.51325],[11.90988,57.5133],[11.90988,57.5133],[11.90988,57.5133],[11.90992,57.51336],[11.91,57.51342],[11.91008,57.51344],[11.91015,57.51345],[11.91018,57.51346],[11.91018,57.51346],[11.91023,57.51344],[11.91028,57.51342],[11.91032,57.51342],[11.91035,57.51344],[11.91033,57.51347],[11.91033,57.51347],[11.91033,57.51347],[11.91033,57.51347],[11.91036,57.51348],[11.91037,57.51348],[11.91037,57.51349],[11.91044,57.5135],[11.91044,57.5135],[11.91044,57.5135],[11.91047,57.51347],[11.91047,57.51347],[11.91047,57.51347],[11.91044,57.51344],[11.9105,57.5134],[11.9105,57.5134],[11.9105,57.5134],[11.91047,57.51335],[11.9104,57.51328],[11.91037,57.51324],[11.91029,57.5132],[11.9103,57.51313],[11.91031,57.51308],[11.91034,57.51306],[11.91036,57.51304],[11.91039,57.51301],[11.91036,57.51295],[11.91036,57.51295],[11.91036,57.51295],[11.91031,57.51295],[11.91024,57.51292],[11.91018,57.51291],[11.91009,57.51287],[11.91003,57.51283],[11.91002,57.51283],[11.90996,57.51283],[11.90988,57.51286],[11.90988,57.51286],[11.90988,57.51286],[11.90989,57.51298],[11.90993,57.51304],[11.90996,57.51306],[11.90996,57.51306],[11.91005,57.51308],[11.91016,57.51309],[11.91019,57.51314],[11.91014,57.51316],[11.91002,57.51313],[11.90992,57.51313],[11.90992,57.51313],[11.90986,57.51317],[11.90986,57.51317]]],[[[11.90163,57.50801],[11.90163,57.50801],[11.90163,57.50801],[11.9017,57.50805],[11.90189,57.5081],[11.90189,57.5081],[11.90189,57.5081],[11.90193,57.5081],[11.90198,57.50807],[11.90208,57.50804],[11.90217,57.50807],[11.90223,57.50807],[11.90231,57.50807],[11.90231,57.50807],[11.90239,57.50803],[11.90246,57.50801],[11.90255,57.50803],[11.9026,57.50803],[11.9026,57.50803],[11.90264,57.50802],[11.90265,57.50802],[11.90267,57.508],[11.90267,57.50799],[11.90267,57.50799],[11.90262,57.50798],[11.9026,57.50795],[11.90262,57.50793],[11.90262,57.50793],[11.90258,57.5079],[11.90263,57.50787],[11.90269,57.50783],[11.90273,57.50779],[11.90274,57.50773],[11.90268,57.50767],[11.90264,57.50764],[11.90259,57.50762],[11.90259,57.50762],[11.90254,57.50762],[11.90249,57.50764],[11.90242,57.50762],[11.90239,57.50757],[11.90239,57.50757],[11.90239,57.50757],[11.90239,57.50757],[11.90231,57.50759],[11.90218,57.50763],[11.90213,57.50764],[11.90208,57.50767],[11.90201,57.5077],[11.90192,57.50768],[11.90185,57.50769],[11.90185,57.50769],[11.90182,57.50773],[11.9018,57.50775],[11.90173,57.50778],[11.90165,57.50781],[11.90165,57.50781],[11.90167,57.50786],[11.90163,57.50789],[11.90163,57.50789],[11.90166,57.50794],[11.90166,57.50799],[11.90163,57.50801]]],[[[11.90218,57.51016],[11.90214,57.51015],[11.90214,57.51015],[11.90214,57.51015],[11.90207,57.51018],[11.90207,57.51021],[11.90207,57.51021],[11.90207,57.51021],[11.9022,57.51023],[11.90228,57.51025],[11.90231,57.5103],[11.90228,57.51036],[11.90231,57.51044],[11.90237,57.51055],[11.9024,57.5106],[11.90244,57.51065],[11.90245,57.51074],[11.90245,57.51078],[11.90244,57.51083],[11.90244,57.51083],[11.90245,57.51085],[11.90246,57.51085],[11.90256,57.51085],[11.90256,57.51085],[11.90268,57.5108],[11.90276,57.51075],[11.90291,57.51076],[11.90309,57.51076],[11.90321,57.51078],[11.90327,57.51078],[11.90327,57.51078],[11.90332,57.51076],[11.9034,57.51073],[11.90345,57.51073],[11.90355,57.51075],[11.90361,57.51075],[11.90373,57.51073],[11.90388,57.51073],[11.904,57.51072],[11.90409,57.51076],[11.90415,57.51081],[11.90417,57.51085],[11.90418,57.51091],[11.90418,57.51091],[11.90423,57.51092],[11.90423,57.51092],[11.90433,57.51092],[11.90435,57.51091],[11.90439,57.51088],[11.90448,57.51085],[11.90458,57.51089],[11.9046,57.51092],[11.90463,57.51095],[11.90463,57.51096],[11.90463,57.51096],[11.90475,57.51095],[11.90475,57.51095],[11.9048,57.51092],[11.90491,57.51093],[11.90501,57.51097],[11.90507,57.51102],[11.90507,57.51102],[11.90514,57.51103],[11.90518,57.51103],[11.90524,57.51103],[11.90529,57.51103],[11.90534,57.51106],[11.90525,57.51109],[11.90517,57.51114],[11.90517,57.51114],[11.90516,57.51121],[11.90523,57.51132],[11.90524,57.51136],[11.90527,57.51144],[11.90528,57.5115],[11.90531,57.51155],[11.90531,57.51155],[11.90531,57.51155],[11.90537,57.51155],[11.90545,57.51156],[11.90551,57.51159],[11.90555,57.51162],[11.90555,57.51162],[11.90555,57.51162],[11.90565,57.51158],[11.90576,57.51155],[11.90584,57.51152],[11.90594,57.51151],[11.90601,57.51152],[11.90601,57.51157],[11.90593,57.51162],[11.90587,57.51167],[11.90582,57.51174],[11.90576,57.51179],[11.90568,57.51181],[11.90562,57.51187],[11.90556,57.51189],[11.90548,57.51189],[11.90545,57.51185],[11.90549,57.51179],[11.90553,57.51174],[11.90553,57.51174],[11.90552,57.51174],[11.90544,57.5117],[11.90544,57.5117],[11.90544,57.5117],[11.90536,57.51172],[11.90525,57.51176],[11.90519,57.51178],[11.90511,57.51179],[11.90506,57.51179],[11.905,57.51179],[11.905,57.51179],[11.905,57.51179],[11.90502,57.5119],[11.90502,57.51196],[11.90501,57.51199],[11.90501,57.51203],[11.90503,57.51205],[11.90506,57.51206],[11.90509,57.5121],[11.90498,57.51211],[11.90491,57.5121],[11.90482,57.51209],[11.90476,57.5121],[11.90467,57.51211],[11.90463,57.51208],[11.90463,57.51206],[11.90461,57.51203],[11.90461,57.51203],[11.90456,57.51203],[11.9045,57.51204],[11.9044,57.51202],[11.90434,57.51199],[11.90419,57.51198],[11.90419,57.51198],[11.90413,57.51202],[11.90413,57.51202],[11.90413,57.51214],[11.90413,57.51214],[11.90413,57.51214],[11.90428,57.51217],[11.90444,57.51218],[11.90462,57.51221],[11.90471,57.51221],[11.90476,57.51224],[11.9048,57.5123],[11.9048,57.51231],[11.90472,57.51232],[11.90464,57.51228],[11.90459,57.51227],[11.90458,57.51228],[11.90451,57.51232],[11.90451,57.51232],[11.90457,57.51242],[11.90467,57.51248],[11.90467,57.51248],[11.90488,57.5125],[11.905,57.51257],[11.90508,57.51263],[11.9051,57.51271],[11.90517,57.51278],[11.90525,57.5128],[11.90535,57.51282],[11.90535,57.51286],[11.9054,57.5129],[11.9054,57.5129],[11.90549,57.51292],[11.90548,57.51296],[11.90546,57.51299],[11.90546,57.51299],[11.90546,57.51299],[11.90546,57.51299],[11.90557,57.51299],[11.90568,57.51296],[11.90586,57.51293],[11.90591,57.51294],[11.906,57.51298],[11.90604,57.51302],[11.90608,57.51309],[11.90603,57.51317],[11.90599,57.51326],[11.90599,57.51326],[11.90603,57.51329],[11.90603,57.51329],[11.90609,57.51329],[11.90619,57.51331],[11.90634,57.51342],[11.90639,57.51348],[11.90646,57.51352],[11.90654,57.51356],[11.90662,57.51361],[11.90667,57.51363],[11.90671,57.51367],[11.9067,57.5137],[11.9067,57.51371],[11.9067,57.51371],[11.9067,57.51371],[11.90686,57.51371],[11.90694,57.51372],[11.90704,57.51377],[11.90707,57.51384],[11.90711,57.5139],[11.90723,57.51392],[11.90732,57.51393],[11.90732,57.51393],[11.90732,57.51393],[11.90735,57.51391],[11.90742,57.51393],[11.90745,57.51395],[11.90749,57.51398],[11.90749,57.51398],[11.90753,57.51397],[11.90758,57.51395],[11.90763,57.51395],[11.90768,57.51399],[11.9077,57.51399],[11.9077,57.51399],[11.90771,57.51399],[11.90771,57.51399],[11.90773,57.51396],[11.90778,57.51394],[11.90781,57.51393],[11.90784,57.51392],[11.90788,57.51397],[11.9079,57.51405],[11.90792,57.5141],[11.90792,57.5141],[11.908,57.51412],[11.90802,57.51416],[11.90804,57.51419],[11.90804,57.51419],[11.9081,57.51421],[11.9082,57.5142],[11.90846,57.51425],[11.90852,57.51426],[11.90861,57.51426],[11.9087,57.51426],[11.90878,57.51427],[11.90886,57.51427],[11.90891,57.51425],[11.90891,57.51425],[11.90891,57.51425],[11.90885,57.51417],[11.90892,57.51415],[11.909,57.51414],[11.90907,57.51414],[11.90914,57.51414],[11.90915,57.51413],[11.90921,57.51407],[11.90923,57.51405],[11.90931,57.51403],[11.90936,57.51402],[11.90936,57.51402],[11.90942,57.51399],[11.90944,57.51396],[11.90947,57.51395],[11.90954,57.51397],[11.90961,57.51396],[11.90962,57.51396],[11.90962,57.51396],[11.90963,57.51392],[11.90963,57.51392],[11.90957,57.51389],[11.90956,57.51384],[11.90954,57.51381],[11.90952,57.51379],[11.90952,57.51379],[11.90952,57.51379],[11.90947,57.51379],[11.90941,57.51377],[11.90943,57.51373],[11.90949,57.51374],[11.90953,57.51376],[11.90953,57.51376],[11.90953,57.51376],[11.90961,57.51373],[11.90961,57.51373],[11.90959,57.51368],[11.90956,57.51363],[11.90956,57.51359],[11.90956,57.51355],[11.9096,57.51351],[11.90964,57.5135],[11.90964,57.51349],[11.90964,57.51348],[11.90966,57.51346],[11.90968,57.51347],[11.90973,57.51347],[11.90973,57.51347],[11.90975,57.51345],[11.90975,57.51341],[11.90972,57.51338],[11.90968,57.51335],[11.90967,57.51333],[11.90966,57.51332],[11.90966,57.5133],[11.90962,57.51325],[11.90963,57.5132],[11.90968,57.51319],[11.90968,57.51319],[11.90971,57.51317],[11.90971,57.51317],[11.90966,57.5131],[11.90966,57.5131],[11.90959,57.51309],[11.90958,57.51307],[11.90956,57.51302],[11.90957,57.51297],[11.90957,57.51297],[11.90954,57.51292],[11.90952,57.51288],[11.90952,57.51288],[11.90946,57.51286],[11.90931,57.51286],[11.90929,57.51282],[11.90931,57.51279],[11.90931,57.51279],[11.90929,57.51274],[11.90925,57.51271],[11.90926,57.51265],[11.9093,57.51261],[11.90932,57.51257],[11.90932,57.51254],[11.9094,57.51253],[11.90948,57.51253],[11.90954,57.51256],[11.90962,57.51258],[11.90975,57.51261],[11.90975,57.51261],[11.90975,57.51261],[11.90978,57.51258],[11.90984,57.51259],[11.90991,57.51259],[11.90991,57.51259],[11.90991,57.51259],[11.90991,57.51259],[11.90991,57.51259],[11.90987,57.51255],[11.90982,57.51251],[11.90983,57.51248],[11.9098,57.51242],[11.9098,57.51241],[11.90975,57.51239],[11.90974,57.51238],[11.90968,57.51235],[11.90968,57.51231],[11.90972,57.5123],[11.90977,57.5123],[11.90977,57.5123],[11.90978,57.5123],[11.90978,57.5123],[11.90971,57.51224],[11.90973,57.51217],[11.90978,57.51214],[11.90987,57.51214],[11.90987,57.51213],[11.90992,57.5121],[11.90992,57.5121],[11.90992,57.5121],[11.90989,57.51204],[11.90991,57.51199],[11.90998,57.512],[11.91008,57.51203],[11.91019,57.51205],[11.91019,57.51205],[11.91019,57.51205],[11.91025,57.51197],[11.91024,57.51194],[11.91028,57.51189],[11.91032,57.51186],[11.91032,57.51186],[11.91032,57.51186],[11.91027,57.51182],[11.91025,57.51178],[11.91028,57.51174],[11.91028,57.51174],[11.91021,57.5117],[11.91015,57.51164],[11.91011,57.51157],[11.91011,57.51157],[11.91011,57.51157],[11.91003,57.51155],[11.91006,57.51147],[11.90999,57.51137],[11.90993,57.51134],[11.90973,57.51121],[11.90964,57.51114],[11.90966,57.51105],[11.9097,57.51098],[11.90967,57.51089],[11.90975,57.51082],[11.90981,57.51077],[11.90991,57.51073],[11.90999,57.51067],[11.91008,57.51068],[11.91021,57.51068],[11.91021,57.51068],[11.91026,57.51064],[11.91026,57.51064],[11.91017,57.51055],[11.91017,57.51048],[11.91009,57.51042],[11.91006,57.51035],[11.91,57.5103],[11.90985,57.51024],[11.90984,57.5102],[11.90971,57.51009],[11.90959,57.51004],[11.90948,57.50995],[11.90944,57.50985],[11.90936,57.50976],[11.90922,57.5097],[11.9091,57.50961],[11.90897,57.50956],[11.90887,57.50949],[11.9088,57.50941],[11.90879,57.50933],[11.90873,57.50924],[11.90865,57.50921],[11.90852,57.50913],[11.90836,57.50904],[11.90815,57.50883],[11.90805,57.50871],[11.90797,57.50863],[11.90782,57.50856],[11.90774,57.50849],[11.90765,57.50846],[11.9075,57.50844],[11.90739,57.50842],[11.90727,57.50839],[11.90727,57.50839],[11.90727,57.50839],[11.90723,57.50841],[11.90719,57.50847],[11.90714,57.50853],[11.90705,57.50853],[11.90696,57.50848],[11.90696,57.50848],[11.90696,57.50848],[11.90676,57.50853],[11.90656,57.50858],[11.90642,57.50861],[11.90629,57.50862],[11.90617,57.5086],[11.90621,57.50856],[11.90621,57.50853],[11.90621,57.50852],[11.90606,57.50849],[11.90594,57.50846],[11.90587,57.50841],[11.90587,57.50841],[11.90578,57.50842],[11.90567,57.5084],[11.90557,57.50842],[11.90543,57.50844],[11.90533,57.50837],[11.90537,57.50834],[11.90537,57.50834],[11.90537,57.50834],[11.9052,57.5083],[11.9052,57.5083],[11.90504,57.50833],[11.90487,57.50834],[11.90468,57.50835],[11.90449,57.50838],[11.90432,57.50847],[11.90417,57.50855],[11.90407,57.50861],[11.90399,57.50868],[11.90399,57.50872],[11.904,57.50878],[11.90392,57.50882],[11.90391,57.50891],[11.90384,57.50897],[11.90371,57.50899],[11.90361,57.50899],[11.90351,57.509],[11.90351,57.509],[11.90346,57.50905],[11.90339,57.50903],[11.90336,57.509],[11.90336,57.509],[11.90336,57.509],[11.90336,57.509],[11.90325,57.50902],[11.90311,57.5091],[11.90293,57.50929],[11.9028,57.50942],[11.90272,57.50953],[11.90258,57.50955],[11.90249,57.50956],[11.90249,57.50956],[11.90244,57.5096],[11.90243,57.5096],[11.90244,57.5096],[11.90248,57.50963],[11.90252,57.50971],[11.90245,57.50973],[11.90245,57.50973],[11.90241,57.50979],[11.90241,57.50984],[11.90233,57.50991],[11.90235,57.51],[11.90236,57.51008],[11.90232,57.51012],[11.90227,57.51017],[11.90222,57.51018],[11.90218,57.51016]]]]},"properties":{"NVRID":"2001956","NAMN":"Kedholmen","SKYDDSTYP":"Naturreservat","LAN":"Hallands Län","KOMMUN":"Kungsbacka","IUCNKATEGORI":"0, Områden som ej kan klassificeras enligt IUCN: s system.","FORVALTARE":"Västkuststiftelsen","AREA_HA":19.514,"URSPR_BESLUTSDATUM":"1980-11-28"}},{"type":"Feature","geometry":{"type":"Polygon","coordinates":[[[13.28049,56.75949],[13.28028,56.7594],[13.28028,56.7594],[13.28028,56.7594],[13.28003,56.75975],[13.27992,56.75984],[13.27992,56.75984],[13.27997,56.75997],[13.2801,56.76007],[13.2803,56.76017],[13.2804,56.76021],[13.28053,56.76026],[13.2806,56.76034],[13.28065,56.76043],[13.2807,56.76047],[13.28083,56.76053],[13.28102,56.76059],[13.28117,56.76076],[13.28126,56.76087],[13.28135,56.76096],[13.2814,56.76102],[13.28153,56.76107],[13.28172,56.76111],[13.28204,56.76122],[13.28236,56.76131],[13.28261,56.76141],[13.28277,56.76147],[13.28287,56.76154],[13.28312,56.7616],[13.28338,56.76176],[13.28368,56.76192],[13.28403,56.76205],[13.28432,56.76215],[13.28432,56.76215],[13.29023,56.76185],[13.29075,56.76427],[13.29075,56.76427],[13.29075,56.76427],[13.30297,56.76348],[13.30323,56.76411],[13.30317,56.76483],[13.30375,56.76766],[13.29255,56.76834],[13.29243,56.76835],[13.2916,56.76838],[13.2916,56.76838],[13.2916,56.76838],[13.29171,56.76899],[13.2889,56.76895],[13.2889,56.76895],[13.2889,56.76895],[13.2889,56.76895],[13.28891,56.76905],[13.28892,56.76918],[13.28891,56.76929],[13.2889,56.76944],[13.28886,56.76957],[13.28885,56.76971],[13.28878,56.76986],[13.28873,56.76998],[13.2887,56.77008],[13.28871,56.77019],[13.28869,56.77028],[13.28854,56.77035],[13.28841,56.77034],[13.28822,56.77036],[13.28812,56.77037],[13.28812,56.77037],[13.28812,56.77037],[13.28821,56.77052],[13.28828,56.77066],[13.28836,56.77079],[13.28842,56.77093],[13.2885,56.77108],[13.28859,56.77128],[13.28867,56.77141],[13.28856,56.77146],[13.28826,56.77155],[13.28799,56.77162],[13.28774,56.77167],[13.28698,56.77181],[13.28698,56.77181],[13.28698,56.77181],[13.28727,56.77216],[13.28727,56.77216],[13.28762,56.77214],[13.28768,56.77224],[13.28777,56.77237],[13.28788,56.77253],[13.28805,56.77273],[13.28818,56.77299],[13.28818,56.77299],[13.28861,56.77315],[13.2889,56.77316],[13.28905,56.77321],[13.28914,56.77328],[13.28924,56.77343],[13.28934,56.77354],[13.28949,56.77365],[13.28967,56.77377],[13.28995,56.77386],[13.29017,56.7739],[13.29048,56.77399],[13.29077,56.77404],[13.2912,56.77411],[13.29162,56.77417],[13.29203,56.77418],[13.29238,56.7742],[13.29263,56.77422],[13.2932,56.77726],[13.2932,56.77727],[13.2932,56.77727],[13.31912,56.77582],[13.31912,56.77582],[13.31912,56.77582],[13.31936,56.77023],[13.31952,56.76669],[13.31953,56.76612],[13.3197,56.76237],[13.31972,56.76141],[13.31979,56.75996],[13.31979,56.7594],[13.3198,56.75906],[13.3198,56.75865],[13.3197,56.75733],[13.31935,56.7527],[13.3189,56.74655],[13.31875,56.74487],[13.31869,56.74436],[13.31826,56.7401],[13.31826,56.74007],[13.31826,56.74007],[13.31725,56.73978],[13.31705,56.7397],[13.31681,56.73958],[13.31656,56.73945],[13.31641,56.73938],[13.31617,56.73929],[13.31583,56.73916],[13.3154,56.739],[13.31515,56.73894],[13.31473,56.73879],[13.31435,56.7387],[13.314,56.73862],[13.31352,56.7385],[13.31328,56.73846],[13.3131,56.73846],[13.31277,56.73846],[13.31233,56.73848],[13.31204,56.73848],[13.31188,56.73846],[13.3116,56.73839],[13.31115,56.73828],[13.31115,56.73828],[13.30624,56.73914],[13.29936,56.74035],[13.29588,56.74096],[13.29128,56.74149],[13.29128,56.74149],[13.29128,56.74149],[13.29128,56.74149],[13.29128,56.74149],[13.29204,56.74173],[13.29239,56.74198],[13.29239,56.74198],[13.29239,56.74198],[13.29239,56.74198],[13.29287,56.74176],[13.29323,56.74176],[13.29335,56.74192],[13.29381,56.74203],[13.29382,56.74203],[13.29382,56.74203],[13.29395,56.74192],[13.29428,56.74199],[13.29494,56.74231],[13.29537,56.74266],[13.29526,56.74279],[13.29526,56.74279],[13.29526,56.74279],[13.29578,56.74293],[13.29578,56.74293],[13.29678,56.74278],[13.29702,56.74283],[13.2972,56.74307],[13.2972,56.74308],[13.29778,56.74314],[13.29885,56.74375],[13.29934,56.7438],[13.29959,56.74392],[13.29964,56.74415],[13.29995,56.74458],[13.29996,56.74458],[13.30026,56.74467],[13.30065,56.74469],[13.30121,56.7449],[13.3016,56.74486],[13.30203,56.74514],[13.30281,56.74527],[13.30281,56.74527],[13.30312,56.74518],[13.30375,56.7451],[13.30458,56.74574],[13.30437,56.74615],[13.30401,56.74618],[13.30329,56.74593],[13.30308,56.74593],[13.30308,56.74593],[13.30308,56.74593],[13.30302,56.74606],[13.30315,56.74627],[13.30296,56.74641],[13.30277,56.74668],[13.30277,56.74668],[13.303,56.74681],[13.30281,56.74697],[13.30206,56.74696],[13.30205,56.74696],[13.30205,56.74696],[13.30195,56.74707],[13.30195,56.74707],[13.30195,56.74707],[13.30256,56.74742],[13.30286,56.7475],[13.30316,56.7478],[13.30278,56.74804],[13.30264,56.74829],[13.30235,56.74843],[13.30228,56.74857],[13.30228,56.74857],[13.30247,56.7487],[13.30262,56.74887],[13.30238,56.74917],[13.30245,56.74935],[13.30266,56.74952],[13.3025,56.74983],[13.30189,56.75002],[13.30161,56.7499],[13.3013,56.7499],[13.30089,56.74981],[13.30036,56.74936],[13.29993,56.74922],[13.29927,56.7489],[13.29877,56.7485],[13.2986,56.74825],[13.29863,56.74812],[13.29884,56.74804],[13.29957,56.74799],[13.29957,56.74799],[13.29957,56.74799],[13.29958,56.74775],[13.29958,56.74775],[13.29958,56.74775],[13.29866,56.74732],[13.29847,56.74641],[13.29872,56.74544],[13.29872,56.74544],[13.29716,56.74489],[13.29647,56.74471],[13.29647,56.74471],[13.29647,56.74471],[13.29624,56.74482],[13.29624,56.74482],[13.29629,56.74561],[13.2961,56.74598],[13.29611,56.74718],[13.2959,56.74732],[13.29569,56.74758],[13.29529,56.74757],[13.29528,56.74757],[13.29512,56.74769],[13.29478,56.74759],[13.29462,56.74729],[13.29321,56.74638],[13.29321,56.74638],[13.2925,56.74621],[13.2925,56.74621],[13.2925,56.74621],[13.2925,56.74621],[13.29245,56.7463],[13.29221,56.74659],[13.29198,56.74685],[13.29169,56.74713],[13.29151,56.74731],[13.29138,56.74743],[13.29127,56.7475],[13.29121,56.74754],[13.29111,56.74786],[13.29112,56.74802],[13.29106,56.74822],[13.29105,56.74849],[13.29118,56.74875],[13.29125,56.74899],[13.29136,56.74932],[13.29138,56.74942],[13.29141,56.74949],[13.29145,56.74956],[13.29149,56.74963],[13.29158,56.74973],[13.29172,56.74988],[13.29191,56.75013],[13.29209,56.75025],[13.29234,56.75034],[13.29249,56.75041],[13.29275,56.75055],[13.29275,56.75055],[13.29319,56.75063],[13.29377,56.75079],[13.29414,56.75093],[13.29437,56.75106],[13.29459,56.75113],[13.29476,56.75116],[13.29502,56.75121],[13.29541,56.75136],[13.29639,56.75183],[13.29652,56.75186],[13.29665,56.75187],[13.29706,56.75186],[13.29731,56.75193],[13.29786,56.75211],[13.29794,56.75218],[13.2982,56.7524],[13.29845,56.75251],[13.29864,56.75257],[13.29886,56.75265],[13.29909,56.75267],[13.29932,56.75268],[13.30056,56.75296],[13.30085,56.75309],[13.30097,56.75318],[13.3011,56.75321],[13.3019,56.75324],[13.30244,56.75439],[13.30223,56.75457],[13.30183,56.7547],[13.3016,56.7547],[13.3016,56.7547],[13.3016,56.7547],[13.30136,56.75486],[13.30133,56.75503],[13.30133,56.75503],[13.30176,56.7552],[13.3023,56.75531],[13.3026,56.7555],[13.30254,56.75583],[13.3019,56.75667],[13.3019,56.75667],[13.30192,56.75679],[13.30192,56.75679],[13.30236,56.75691],[13.30289,56.75717],[13.30352,56.75771],[13.30407,56.7579],[13.30411,56.75791],[13.3043,56.75831],[13.30454,56.75883],[13.29878,56.75904],[13.29933,56.75851],[13.29972,56.7583],[13.29972,56.7583],[13.29966,56.75797],[13.29966,56.75797],[13.29966,56.75797],[13.29899,56.75793],[13.29899,56.75793],[13.29899,56.75793],[13.29803,56.75852],[13.29742,56.75864],[13.29662,56.75866],[13.29641,56.7586],[13.29628,56.75859],[13.29628,56.75859],[13.29605,56.75866],[13.29555,56.75864],[13.29409,56.75814],[13.29286,56.75743],[13.29298,56.75699],[13.29298,56.75699],[13.29298,56.75699],[13.29298,56.75699],[13.29298,56.75699],[13.29145,56.75771],[13.29098,56.75737],[13.29098,56.75737],[13.29098,56.75737],[13.28964,56.75792],[13.2884,56.75837],[13.2884,56.75837],[13.28844,56.75871],[13.28879,56.75899],[13.28872,56.75923],[13.28846,56.75943],[13.28749,56.75947],[13.2874,56.75936],[13.2874,56.75936],[13.28591,56.75918],[13.2849,56.75902],[13.28449,56.75892],[13.28449,56.75892],[13.28258,56.75916],[13.28258,56.75916],[13.2825,56.7593],[13.28199,56.75929],[13.28166,56.75938],[13.28146,56.75953],[13.28124,56.75953],[13.28049,56.75949]],[[13.30491,56.76094],[13.30645,56.76086],[13.31124,56.76054],[13.31176,56.76295],[13.30567,56.76333],[13.30491,56.76094]]]},"properties":{"NVRID":"2001408","NAMN":"Porsbjär","SKYDDSTYP":"Naturreservat","LAN":"Hallands Län","KOMMUN":"Halmstad, Ljungby","IUCNKATEGORI":"Ia, Strikt naturreservat (Strict Nature Reserve)","FORVALTARE":"Länsstyrelsen i Hallands län","AREA_HA":601.707,"URSPR_BESLUTSDATUM":"2002-01-25"}},{"type":"Feature","geometry":{"type":"Polygon","coordinates":[[[12.58541,57.04446],[12.58646,57.04377],[12.58718,57.04415],[12.58718,57.04415],[12.58719,57.04415],[12.59068,57.04265],[12.59068,57.04265],[12.59068,57.04265],[12.58992,57.04194],[12.58968,57.0418],[12.58942,57.04166],[12.58929,57.04156],[12.58911,57.04143],[12.58888,57.04125],[12.58921,57.04113],[12.58969,57.04136],[12.58969,57.04136],[12.58969,57.04136],[12.59014,57.0412],[12.59061,57.0411],[12.59062,57.0411],[12.59121,57.04073],[12.59121,57.04073],[12.59121,57.04073],[12.59068,57.0404],[12.59083,57.04031],[12.59096,57.04018],[12.59096,57.04018],[12.59096,57.04018],[12.59079,57.03994],[12.5906,57.0398],[12.58987,57.03939],[12.58987,57.03939],[12.58889,57.03946],[12.58866,57.0393],[12.58844,57.03915],[12.58817,57.03896],[12.58798,57.03883],[12.58787,57.03875],[12.58821,57.03864],[12.58888,57.03841],[12.5893,57.03827],[12.58974,57.03856],[12.59012,57.03874],[12.59041,57.0389],[12.5908,57.03915],[12.59118,57.0392],[12.59118,57.0392],[12.59118,57.0392],[12.59124,57.03916],[12.59124,57.03916],[12.59124,57.03916],[12.59073,57.03872],[12.59052,57.03859],[12.58988,57.03822],[12.58974,57.03812],[12.59009,57.038],[12.59031,57.03792],[12.59053,57.03783],[12.59084,57.03771],[12.59108,57.03761],[12.59127,57.03752],[12.59134,57.03749],[12.59161,57.03734],[12.5918,57.03724],[12.59202,57.03713],[12.59224,57.03703],[12.59245,57.03693],[12.59276,57.03679],[12.59307,57.03664],[12.5932,57.03661],[12.59332,57.0367],[12.5935,57.03682],[12.59377,57.03699],[12.59391,57.03738],[12.59399,57.03759],[12.59403,57.03769],[12.59404,57.03782],[12.59406,57.03802],[12.59415,57.03813],[12.59417,57.03826],[12.59421,57.03845],[12.59423,57.03857],[12.59425,57.03867],[12.59425,57.03867],[12.59427,57.03868],[12.59433,57.0387],[12.5944,57.03873],[12.59448,57.03876],[12.59462,57.03881],[12.59471,57.03885],[12.59486,57.03891],[12.59499,57.03896],[12.59521,57.03905],[12.59548,57.03915],[12.59561,57.0392],[12.5957,57.03923],[12.59632,57.03938],[12.5964,57.03951],[12.59685,57.03968],[12.597,57.03975],[12.59715,57.03982],[12.59715,57.03982],[12.59732,57.03979],[12.59745,57.03975],[12.59819,57.03943],[12.59845,57.0394],[12.59845,57.0394],[12.59845,57.0394],[12.59835,57.03895],[12.59823,57.03869],[12.59803,57.03853],[12.59803,57.03853],[12.59745,57.03846],[12.59795,57.03775],[12.59832,57.0368],[12.60027,57.03681],[12.60027,57.03681],[12.60027,57.03681],[12.59968,57.03597],[12.59916,57.0352],[12.59875,57.03459],[12.59841,57.03399],[12.59841,57.03399],[12.59841,57.03399],[12.59841,57.03399],[12.59828,57.03406],[12.59817,57.03412],[12.59789,57.03426],[12.59771,57.03435],[12.59753,57.03445],[12.59727,57.03455],[12.59671,57.03486],[12.59591,57.03531],[12.59558,57.03541],[12.59547,57.03548],[12.59491,57.03577],[12.59381,57.03631],[12.59341,57.03643],[12.59275,57.03668],[12.59253,57.03677],[12.59223,57.0369],[12.592,57.03698],[12.5916,57.03716],[12.59109,57.03742],[12.59041,57.03769],[12.59001,57.03783],[12.58943,57.03796],[12.58758,57.03867],[12.58643,57.0391],[12.5864,57.03917],[12.58634,57.03922],[12.58628,57.03925],[12.58628,57.03925],[12.58664,57.0401],[12.58802,57.04166],[12.58654,57.04171],[12.58609,57.04168],[12.58461,57.04149],[12.58393,57.04138],[12.58333,57.04129],[12.58235,57.04107],[12.58235,57.04107],[12.58235,57.04107],[12.58199,57.04124],[12.58199,57.04124],[12.58199,57.04124],[12.58201,57.0413],[12.58202,57.04132],[12.582,57.04138],[12.58196,57.04151],[12.58193,57.04163],[12.58191,57.0417],[12.58191,57.04174],[12.58191,57.04179],[12.58194,57.04187],[12.58199,57.04198],[12.582,57.04199],[12.58203,57.04203],[12.58215,57.04214],[12.58222,57.0422],[12.58237,57.04233],[12.58246,57.04242],[12.58254,57.04255],[12.58256,57.04258],[12.58258,57.04282],[12.58265,57.04295],[12.58272,57.04306],[12.58279,57.04311],[12.58284,57.04318],[12.58301,57.04336],[12.5831,57.04347],[12.58322,57.04363],[12.58338,57.04381],[12.58367,57.04395],[12.58382,57.04401],[12.58413,57.04409],[12.5845,57.04421],[12.58503,57.04438],[12.58535,57.04449],[12.58539,57.0445],[12.58545,57.04452],[12.58546,57.04452],[12.5855,57.0445],[12.5855,57.0445],[12.5855,57.0445],[12.58541,57.04446]]]},"properties":{"NVRID":"2057881","NAMN":"Joastorps naturreservat","SKYDDSTYP":"Naturreservat","LAN":"Hallands Län","KOMMUN":"Varberg","IUCNKATEGORI":"Ia, Strikt naturreservat (Strict Nature Reserve)","FORVALTARE":"Länsstyrelsen i Hallands län","AREA_HA":32.728,"URSPR_BESLUTSDATUM":"2024-11-13"}},{"type":"Feature","geometry":{"type":"Polygon","coordinates":[[[13.16186,56.73147],[13.16137,56.73189],[13.16081,56.73229],[13.16081,56.73229],[13.16081,56.73229],[13.16105,56.7324],[13.16146,56.73243],[13.16204,56.7326],[13.16242,56.73262],[13.16258,56.7326],[13.16297,56.73262],[13.16322,56.73266],[13.16359,56.73279],[13.16359,56.73279],[13.16624,56.73228],[13.16712,56.73212],[13.16874,56.7318],[13.16936,56.73167],[13.17056,56.73145],[13.17056,56.73145],[13.17056,56.73145],[13.16999,56.73094],[13.16968,56.73061],[13.1695,56.72954],[13.16947,56.72929],[13.16932,56.72887],[13.16932,56.72887],[13.16932,56.72887],[13.16822,56.72895],[13.16782,56.72898],[13.16639,56.72913],[13.1657,56.7291],[13.16446,56.72912],[13.16439,56.72913],[13.16335,56.72913],[13.16244,56.72926],[13.16198,56.7294],[13.1615,56.72953],[13.16094,56.7297],[13.16038,56.72979],[13.15987,56.72989],[13.15987,56.72989],[13.15987,56.72989],[13.15984,56.73001],[13.15984,56.73014],[13.15983,56.73034],[13.15983,56.73051],[13.15989,56.73081],[13.15989,56.73081],[13.16012,56.73097],[13.16038,56.73107],[13.16072,56.73122],[13.16118,56.73136],[13.16158,56.7314],[13.16186,56.73147]],[[13.16749,56.73107],[13.16824,56.73083],[13.16888,56.73144],[13.16806,56.73161],[13.16749,56.73107]],[[13.16358,56.73231],[13.16402,56.73193],[13.16424,56.73188],[13.16444,56.7318],[13.1647,56.73168],[13.16549,56.73186],[13.16413,56.73248],[13.16358,56.73231]]]},"properties":{"NVRID":"2001417","NAMN":"Veka (södra)","SKYDDSTYP":"Naturreservat","LAN":"Hallands Län","KOMMUN":"Halmstad","IUCNKATEGORI":"IV, Habitat/Artskyddsområde (Habitat/Species Management Area)","FORVALTARE":"Halmstads kommun","AREA_HA":18.846,"URSPR_BESLUTSDATUM":"1974-06-20"}},{"type":"Feature","geometry":{"type":"Polygon","coordinates":[[[13.14962,56.72279],[13.14971,56.72295],[13.14987,56.72323],[13.14997,56.72334],[13.15019,56.72347],[13.15032,56.72359],[13.15025,56.72369],[13.15022,56.72386],[13.15016,56.72402],[13.15009,56.7241],[13.15009,56.7241],[13.15042,56.72426],[13.15073,56.72442],[13.15094,56.72452],[13.15104,56.72455],[13.15133,56.72453],[13.15142,56.72453],[13.15161,56.72465],[13.15177,56.72481],[13.15192,56.72487],[13.15216,56.72492],[13.15231,56.72496],[13.15238,56.72504],[13.15239,56.72524],[13.15242,56.7254],[13.15246,56.72546],[13.1526,56.72554],[13.15261,56.72554],[13.15275,56.72554],[13.15284,56.72553],[13.15284,56.72553],[13.15296,56.72544],[13.15311,56.7254],[13.15329,56.72539],[13.15343,56.72536],[13.15383,56.72542],[13.15397,56.72542],[13.15408,56.72541],[13.15421,56.72542],[13.15433,56.7254],[13.15442,56.72538],[13.15471,56.7254],[13.15492,56.72544],[13.15505,56.72546],[13.15521,56.72553],[13.1554,56.72567],[13.15547,56.72578],[13.15552,56.72593],[13.15558,56.72611],[13.15551,56.72631],[13.15537,56.72647],[13.15516,56.72661],[13.15501,56.72672],[13.15491,56.72692],[13.15489,56.72716],[13.15491,56.72731],[13.15496,56.72748],[13.15496,56.72749],[13.15511,56.72756],[13.15525,56.72769],[13.15558,56.72784],[13.15581,56.72796],[13.15593,56.72809],[13.15602,56.72825],[13.15631,56.7284],[13.15631,56.7284],[13.15632,56.7284],[13.15648,56.72831],[13.15648,56.72831],[13.15648,56.72831],[13.15585,56.72786],[13.15649,56.72759],[13.15705,56.72799],[13.15705,56.72799],[13.15705,56.72799],[13.15946,56.72672],[13.16166,56.72555],[13.16166,56.72555],[13.16165,56.72555],[13.16067,56.72459],[13.16224,56.72383],[13.16224,56.72383],[13.16224,56.72383],[13.1622,56.72376],[13.16407,56.71837],[13.16407,56.71837],[13.16407,56.71837],[13.16407,56.71837],[13.1603,56.71934],[13.16005,56.7194],[13.16005,56.7194],[13.16005,56.7194],[13.16005,56.7194],[13.16028,56.71971],[13.16028,56.71971],[13.16029,56.71971],[13.16051,56.71967],[13.16062,56.7197],[13.16071,56.71981],[13.16102,56.71999],[13.16091,56.72048],[13.16074,56.72125],[13.16047,56.72127],[13.15787,56.71994],[13.15787,56.71994],[13.15786,56.71994],[13.14914,56.72211],[13.14914,56.72211],[13.149,56.72229],[13.14899,56.72248],[13.14913,56.72257],[13.14932,56.7227],[13.14962,56.72279]],[[13.15507,56.72709],[13.15516,56.7268],[13.15554,56.72651],[13.1563,56.72705],[13.15531,56.72746],[13.15507,56.72709]],[[13.1503,56.72405],[13.15056,56.72366],[13.15106,56.72362],[13.15151,56.72405],[13.15249,56.72433],[13.15176,56.72456],[13.15082,56.72427],[13.15039,56.72414],[13.1503,56.72405]],[[13.14937,56.72237],[13.15017,56.72212],[13.15051,56.72244],[13.15052,56.72244],[13.15052,56.72244],[13.15052,56.72244],[13.15127,56.72221],[13.15174,56.72266],[13.15118,56.72283],[13.15118,56.72283],[13.15118,56.72283],[13.15118,56.72283],[13.15165,56.72329],[13.15116,56.72344],[13.15052,56.72348],[13.15018,56.72315],[13.14999,56.72296],[13.14937,56.72237]]]},"properties":{"NVRID":"2001419","NAMN":"Bröda","SKYDDSTYP":"Naturreservat","LAN":"Hallands Län","KOMMUN":"Halmstad","IUCNKATEGORI":"IV, Habitat/Artskyddsområde (Habitat/Species Management Area)","FORVALTARE":"Halmstads kommun","AREA_HA":45.952,"URSPR_BESLUTSDATUM":"1974-06-20"}},{"type":"Feature","geometry":{"type":"Polygon","coordinates":[[[12.62859,56.75841],[12.62853,56.75842],[12.62853,56.75842],[12.62853,56.75842],[12.62852,56.7585],[12.62852,56.75857],[12.62852,56.75858],[12.62856,56.7586],[12.62856,56.7586],[12.62866,56.7586],[12.62867,56.75863],[12.6286,56.75864],[12.6286,56.75865],[12.6286,56.75865],[12.6286,56.75868],[12.6286,56.75868],[12.62866,56.75871],[12.62863,56.75876],[12.62863,56.75876],[12.62871,56.7588],[12.62876,56.75885],[12.62873,56.75888],[12.62865,56.75889],[12.62859,56.75891],[12.62859,56.75891],[12.62859,56.75891],[12.6286,56.75896],[12.62867,56.75903],[12.62878,56.75909],[12.62894,56.75912],[12.62905,56.75911],[12.6293,56.7591],[12.62945,56.75912],[12.6302,56.75905],[12.63074,56.75898],[12.63131,56.75891],[12.63186,56.75884],[12.6326,56.75875],[12.63317,56.75868],[12.63406,56.75857],[12.63528,56.75842],[12.63636,56.75829],[12.63636,56.75829],[12.63637,56.75829],[12.63638,56.75829],[12.63638,56.75829],[12.63638,56.75829],[12.63638,56.75829],[12.63647,56.75812],[12.63694,56.75784],[12.6374,56.75791],[12.6374,56.75791],[12.6374,56.75791],[12.6374,56.75791],[12.63761,56.7572],[12.63769,56.75692],[12.6378,56.75657],[12.63788,56.75629],[12.63795,56.7561],[12.63798,56.756],[12.63804,56.75586],[12.63812,56.75572],[12.63823,56.75551],[12.63837,56.75528],[12.63858,56.75493],[12.63884,56.75448],[12.63894,56.75433],[12.63898,56.75421],[12.63902,56.7541],[12.63905,56.75397],[12.63906,56.75382],[12.63905,56.75372],[12.63905,56.75362],[12.63902,56.75349],[12.63895,56.75309],[12.63891,56.75287],[12.63891,56.75274],[12.63891,56.75264],[12.63893,56.75252],[12.63897,56.75237],[12.63904,56.75223],[12.63911,56.75208],[12.63911,56.75208],[12.63894,56.75202],[12.63886,56.75197],[12.63878,56.75191],[12.63874,56.75187],[12.63868,56.75178],[12.63868,56.75178],[12.63867,56.75178],[12.63581,56.75204],[12.63514,56.75237],[12.63445,56.75271],[12.63413,56.75286],[12.63395,56.75295],[12.63218,56.75383],[12.63184,56.75399],[12.63174,56.75403],[12.63112,56.75433],[12.63093,56.75443],[12.62994,56.75492],[12.62964,56.75507],[12.62936,56.75521],[12.62921,56.75529],[12.62897,56.7554],[12.62885,56.75546],[12.62884,56.75547],[12.62885,56.75547],[12.62893,56.75553],[12.62905,56.75562],[12.62915,56.75569],[12.62917,56.75571],[12.6292,56.75579],[12.62932,56.7559],[12.62938,56.75594],[12.62943,56.75604],[12.6295,56.75615],[12.62961,56.75627],[12.62969,56.75636],[12.62979,56.75646],[12.62988,56.75657],[12.62996,56.75666],[12.63005,56.75676],[12.63014,56.75688],[12.63019,56.75703],[12.63022,56.75714],[12.63025,56.75726],[12.63032,56.75731],[12.63041,56.75733],[12.6305,56.75735],[12.63064,56.75737],[12.63064,56.75737],[12.63069,56.75736],[12.63075,56.75735],[12.6308,56.75739],[12.63074,56.75743],[12.63074,56.75743],[12.63074,56.75743],[12.63083,56.7575],[12.63083,56.7575],[12.63097,56.75752],[12.63097,56.75752],[12.63101,56.7575],[12.63108,56.75752],[12.63105,56.75758],[12.63105,56.75758],[12.63105,56.75758],[12.63114,56.75762],[12.63119,56.75768],[12.63116,56.7577],[12.63111,56.75767],[12.63111,56.75767],[12.63103,56.75768],[12.63102,56.75768],[12.63102,56.75768],[12.63102,56.75773],[12.63099,56.75778],[12.6309,56.75781],[12.63077,56.75785],[12.63063,56.75786],[12.63057,56.75784],[12.63047,56.75778],[12.63034,56.75766],[12.63023,56.75763],[12.63023,56.75763],[12.63023,56.75763],[12.63017,56.75767],[12.63012,56.75767],[12.63003,56.75762],[12.62991,56.75757],[12.62991,56.75757],[12.62982,56.75759],[12.62982,56.75759],[12.62982,56.75765],[12.62977,56.75767],[12.62972,56.75763],[12.62965,56.75757],[12.62965,56.75757],[12.62965,56.75757],[12.62958,56.75759],[12.62945,56.75761],[12.62945,56.75761],[12.62943,56.75767],[12.62943,56.75768],[12.6295,56.75771],[12.62954,56.75775],[12.62947,56.75777],[12.62941,56.75779],[12.62932,56.75784],[12.62926,56.75783],[12.62925,56.7578],[12.62926,56.75773],[12.62926,56.75773],[12.62918,56.75766],[12.62906,56.75762],[12.62906,56.75762],[12.62897,56.75764],[12.62897,56.75764],[12.62897,56.75764],[12.62901,56.75771],[12.62897,56.75776],[12.62891,56.75775],[12.62889,56.75769],[12.62889,56.75769],[12.62889,56.75769],[12.62882,56.75769],[12.62882,56.75769],[12.62877,56.75775],[12.62878,56.75784],[12.62885,56.75792],[12.62885,56.75798],[12.62876,56.75799],[12.62869,56.75802],[12.62869,56.75803],[12.62867,56.7581],[12.62872,56.75815],[12.62877,56.75819],[12.62871,56.75823],[12.62864,56.75825],[12.62859,56.7583],[12.62859,56.7583],[12.62861,56.75837],[12.62859,56.75841]],[[12.63453,56.7553],[12.63532,56.7552],[12.63553,56.75544],[12.63575,56.75569],[12.63575,56.75569],[12.63575,56.75569],[12.63575,56.75569],[12.63612,56.75612],[12.63591,56.75625],[12.63534,56.75638],[12.63523,56.75635],[12.63491,56.75587],[12.63473,56.7556],[12.63453,56.7553]]]},"properties":{"NVRID":"2001410","NAMN":"Enet","SKYDDSTYP":"Naturreservat","LAN":"Hallands Län","KOMMUN":"Halmstad","IUCNKATEGORI":"IV, Habitat/Artskyddsområde (Habitat/Species Management Area)","FORVALTARE":"Länsstyrelsen i Hallands län","AREA_HA":32.552,"URSPR_BESLUTSDATUM":"1972-08-07"}},{"type":"Feature","geometry":{"type":"Polygon","coordinates":[[[13.02528,56.81281],[13.02546,56.81293],[13.02546,56.81293],[13.02546,56.81293],[13.02546,56.81293],[13.02574,56.8128],[13.02612,56.81267],[13.02639,56.81264],[13.02775,56.81263],[13.02775,56.81263],[13.02781,56.8126],[13.02781,56.8126],[13.02781,56.8126],[13.02773,56.81254],[13.02765,56.81224],[13.02755,56.81192],[13.02749,56.81181],[13.02726,56.81126],[13.02709,56.81097],[13.02693,56.81073],[13.02681,56.8106],[13.02657,56.81035],[13.02573,56.80932],[13.02573,56.80932],[13.02573,56.80932],[13.02573,56.80932],[13.02558,56.80936],[13.02558,56.80936],[13.02538,56.80962],[13.02512,56.80982],[13.02497,56.80991],[13.02478,56.81],[13.0246,56.81003],[13.02429,56.81006],[13.02399,56.81008],[13.02381,56.8101],[13.02369,56.81014],[13.02358,56.81019],[13.02349,56.81026],[13.02339,56.81037],[13.02328,56.8105],[13.02317,56.8107],[13.02312,56.81084],[13.02311,56.811],[13.02313,56.81133],[13.02313,56.81164],[13.02316,56.81197],[13.02329,56.81226],[13.0233,56.81239],[13.02328,56.81253],[13.02323,56.81271],[13.0232,56.81285],[13.0232,56.81285],[13.0232,56.81285],[13.0232,56.81285],[13.02528,56.81281]]]},"properties":{"NVRID":"2045214","NAMN":"Bockalts naturreservat","SKYDDSTYP":"Naturreservat","LAN":"Hallands Län","KOMMUN":"Halmstad","IUCNKATEGORI":"IV, Habitat/Artskyddsområde (Habitat/Species Management Area)","FORVALTARE":"Länsstyrelsen i Hallands län","AREA_HA":7.731,"URSPR_BESLUTSDATUM":"2023-11-30"}},{"type":"Feature","geometry":{"type":"Polygon","coordinates":[[[12.8412,56.92204],[12.84104,56.92197],[12.84022,56.92152],[12.83908,56.92087],[12.8388,56.9208],[12.8388,56.9208],[12.83763,56.92124],[12.83744,56.92148],[12.83701,56.92169],[12.83701,56.92169],[12.83701,56.92169],[12.83743,56.92206],[12.83785,56.92262],[12.83874,56.92322],[12.83931,56.92357],[12.83987,56.92367],[12.84039,56.92377],[12.84053,56.92385],[12.84053,56.92385],[12.84096,56.92382],[12.84164,56.9238],[12.84164,56.9238],[12.84237,56.92326],[12.84248,56.92325],[12.84268,56.92325],[12.84268,56.92325],[12.84271,56.92321],[12.84281,56.92319],[12.84292,56.92315],[12.84298,56.92309],[12.84305,56.92304],[12.84314,56.92302],[12.84335,56.92301],[12.84351,56.923],[12.84356,56.92297],[12.84356,56.92297],[12.84354,56.9229],[12.8436,56.92286],[12.84368,56.92283],[12.84368,56.92283],[12.84373,56.92276],[12.84383,56.92267],[12.84401,56.92265],[12.84413,56.92263],[12.8442,56.92261],[12.84431,56.92259],[12.84441,56.92259],[12.84462,56.92263],[12.84482,56.92267],[12.84482,56.92267],[12.845,56.92263],[12.84519,56.92259],[12.84536,56.92255],[12.84553,56.92253],[12.84571,56.92251],[12.84588,56.92253],[12.84606,56.92253],[12.84621,56.92249],[12.84633,56.92243],[12.84644,56.92235],[12.84682,56.92194],[12.84695,56.92185],[12.84704,56.92178],[12.8471,56.92176],[12.84721,56.92169],[12.84724,56.92164],[12.84728,56.92158],[12.84731,56.92152],[12.84741,56.92147],[12.8476,56.92141],[12.84786,56.92134],[12.84809,56.92126],[12.84828,56.9212],[12.84842,56.92116],[12.84855,56.92109],[12.84869,56.92099],[12.84882,56.92088],[12.84897,56.92071],[12.84911,56.92058],[12.84998,56.92033],[12.84998,56.92033],[12.84998,56.92033],[12.84998,56.92033],[12.84995,56.92031],[12.84993,56.92029],[12.84993,56.92024],[12.84993,56.92024],[12.84985,56.92019],[12.84968,56.92015],[12.8495,56.9201],[12.84931,56.92002],[12.84922,56.91994],[12.84918,56.9199],[12.84915,56.91979],[12.84914,56.91976],[12.84915,56.91972],[12.84916,56.91968],[12.84917,56.91965],[12.84915,56.91962],[12.84915,56.91962],[12.84907,56.91959],[12.84901,56.91956],[12.84894,56.91948],[12.849,56.9194],[12.84909,56.91932],[12.84918,56.91926],[12.84923,56.91923],[12.84942,56.91913],[12.84953,56.91899],[12.84962,56.9188],[12.84968,56.91864],[12.84976,56.91849],[12.84982,56.91836],[12.84988,56.91819],[12.84988,56.91809],[12.84984,56.91799],[12.84986,56.91785],[12.84991,56.91768],[12.84991,56.91768],[12.84991,56.91768],[12.84872,56.91743],[12.84766,56.91737],[12.84682,56.91716],[12.84678,56.91688],[12.84677,56.91687],[12.84677,56.91687],[12.84639,56.91695],[12.84626,56.91698],[12.84626,56.91698],[12.84623,56.91711],[12.84616,56.91738],[12.8461,56.91748],[12.84601,56.9176],[12.84587,56.9177],[12.84571,56.91778],[12.84549,56.91785],[12.84528,56.9179],[12.84511,56.91794],[12.84506,56.91798],[12.84497,56.91803],[12.84479,56.91812],[12.84466,56.9182],[12.84449,56.91828],[12.84431,56.91833],[12.8441,56.91835],[12.84383,56.91836],[12.84363,56.91837],[12.84341,56.9184],[12.84318,56.91848],[12.84307,56.91855],[12.84299,56.9186],[12.84299,56.9186],[12.84299,56.9186],[12.84345,56.91908],[12.84364,56.91967],[12.84403,56.92013],[12.84394,56.92081],[12.84248,56.92172],[12.84191,56.922],[12.8412,56.92204]]]},"properties":{"NVRID":"2002011","NAMN":"Kättebo","SKYDDSTYP":"Naturreservat","LAN":"Hallands Län","KOMMUN":"Falkenberg","IUCNKATEGORI":"IV, Habitat/Artskyddsområde (Habitat/Species Management Area)","FORVALTARE":"Länsstyrelsen i Hallands län","AREA_HA":25.286,"URSPR_BESLUTSDATUM":"2000-12-08"}},{"type":"Feature","geometry":{"type":"Polygon","coordinates":[[[12.75958,56.985],[12.75803,56.9853],[12.75697,56.98551],[12.75688,56.9855],[12.75688,56.9855],[12.75688,56.98551],[12.75688,56.98559],[12.75688,56.98559],[12.75688,56.98559],[12.75696,56.9856],[12.75772,56.98561],[12.75853,56.98554],[12.75884,56.98554],[12.76051,56.9856],[12.76131,56.98555],[12.76259,56.98558],[12.76318,56.98554],[12.76425,56.98572],[12.76596,56.98595],[12.76663,56.98597],[12.76725,56.98612],[12.768,56.98631],[12.76839,56.98631],[12.76923,56.98632],[12.76951,56.98628],[12.77009,56.98622],[12.77062,56.98619],[12.77125,56.98617],[12.77161,56.98619],[12.77162,56.98619],[12.77188,56.98603],[12.77227,56.98594],[12.77304,56.98583],[12.77329,56.98579],[12.7735,56.98584],[12.77351,56.98584],[12.77359,56.98583],[12.77371,56.98575],[12.77406,56.98555],[12.77424,56.98543],[12.77446,56.98527],[12.77467,56.98496],[12.77489,56.98478],[12.77506,56.98465],[12.77528,56.98452],[12.77533,56.98448],[12.77548,56.9844],[12.7755,56.98421],[12.77545,56.98398],[12.77545,56.98398],[12.77509,56.98379],[12.77608,56.98306],[12.7765,56.98281],[12.77668,56.98267],[12.77681,56.98256],[12.77699,56.98244],[12.77713,56.98234],[12.77728,56.98225],[12.77775,56.98199],[12.77786,56.98186],[12.77794,56.98179],[12.77811,56.98153],[12.77833,56.98128],[12.77841,56.98115],[12.77849,56.9808],[12.77861,56.98052],[12.77884,56.98018],[12.77886,56.98005],[12.77886,56.98005],[12.77869,56.97991],[12.77878,56.97988],[12.77878,56.97988],[12.77912,56.97961],[12.77994,56.97954],[12.78029,56.97936],[12.78029,56.97936],[12.78041,56.97912],[12.78086,56.97887],[12.78158,56.97844],[12.7817,56.97819],[12.78189,56.97807],[12.78239,56.97761],[12.78297,56.97753],[12.7834,56.97724],[12.78441,56.97692],[12.78441,56.97692],[12.78434,56.9766],[12.78428,56.97636],[12.78418,56.97611],[12.78418,56.97611],[12.78418,56.97611],[12.78341,56.97645],[12.78306,56.97655],[12.78277,56.97669],[12.78234,56.97674],[12.78152,56.97683],[12.78152,56.97683],[12.78152,56.97683],[12.78145,56.97705],[12.78098,56.97742],[12.78071,56.97778],[12.78052,56.97795],[12.7802,56.97799],[12.7802,56.97799],[12.77984,56.97861],[12.77943,56.97891],[12.77952,56.97846],[12.77952,56.97846],[12.77879,56.97812],[12.77839,56.97779],[12.77846,56.97758],[12.77841,56.97744],[12.77849,56.97738],[12.77849,56.97738],[12.77848,56.97738],[12.77808,56.97723],[12.77804,56.97696],[12.77803,56.97696],[12.77635,56.97625],[12.77464,56.97537],[12.77473,56.97497],[12.77473,56.97497],[12.77473,56.97497],[12.77473,56.97497],[12.77294,56.97493],[12.77294,56.97493],[12.77294,56.97493],[12.77267,56.97543],[12.77295,56.97652],[12.77295,56.97652],[12.77505,56.97795],[12.77542,56.97821],[12.77592,56.97853],[12.77702,56.97906],[12.77702,56.97906],[12.77702,56.97906],[12.77752,56.97884],[12.77793,56.97888],[12.77798,56.97895],[12.77774,56.97966],[12.77756,56.98007],[12.77742,56.98041],[12.77725,56.98075],[12.777,56.98118],[12.77664,56.98152],[12.77633,56.98178],[12.77606,56.98207],[12.77506,56.98305],[12.77469,56.98318],[12.77431,56.98344],[12.77426,56.98347],[12.77356,56.98393],[12.77309,56.98411],[12.77298,56.98407],[12.77298,56.98407],[12.77298,56.98407],[12.77266,56.98452],[12.77174,56.98505],[12.77105,56.98513],[12.77026,56.98506],[12.77028,56.98494],[12.77028,56.98494],[12.77028,56.98494],[12.77028,56.98494],[12.77028,56.98494],[12.76904,56.98531],[12.76884,56.9854],[12.76884,56.9854],[12.76885,56.98549],[12.76804,56.98549],[12.76727,56.98542],[12.7664,56.98533],[12.7658,56.98525],[12.76316,56.98491],[12.76257,56.98484],[12.76154,56.98475],[12.75962,56.98462],[12.75962,56.98462],[12.75962,56.98462],[12.75962,56.98462],[12.75962,56.98469],[12.75958,56.98483],[12.75955,56.98487],[12.75955,56.98487],[12.75958,56.98495],[12.75958,56.985]]]},"properties":{"NVRID":"2050558","NAMN":"Musåns naturreservat","SKYDDSTYP":"Naturreservat","LAN":"Hallands Län","KOMMUN":"Falkenberg","IUCNKATEGORI":"0, Områden som ej kan klassificeras enligt IUCN: s system.","FORVALTARE":"Länsstyrelsen i Hallands län","AREA_HA":27.911,"URSPR_BESLUTSDATUM":"2024-11-13"}},{"type":"Feature","geometry":{"type":"Polygon","coordinates":[[[12.38228,57.16511],[12.38226,57.16513],[12.38221,57.16519],[12.38214,57.16525],[12.38208,57.16529],[12.38202,57.16534],[12.38196,57.16542],[12.38178,57.16568],[12.3817,57.16591],[12.38168,57.16607],[12.38165,57.16622],[12.38166,57.16627],[12.38168,57.16631],[12.38172,57.16635],[12.38183,57.16644],[12.38193,57.16652],[12.38201,57.16658],[12.38203,57.1666],[12.38203,57.1666],[12.38208,57.16661],[12.38215,57.16665],[12.3822,57.1667],[12.38223,57.16675],[12.38228,57.16681],[12.38231,57.16687],[12.38266,57.16707],[12.38319,57.16729],[12.38343,57.16735],[12.38375,57.16745],[12.38405,57.1676],[12.38432,57.1678],[12.38445,57.1679],[12.38476,57.1681],[12.3855,57.16862],[12.3855,57.16862],[12.3855,57.16862],[12.3855,57.16862],[12.38887,57.16608],[12.38887,57.16608],[12.38689,57.1623],[12.38689,57.1623],[12.38689,57.1623],[12.38654,57.16232],[12.38564,57.16253],[12.38488,57.16284],[12.38488,57.16284],[12.38488,57.16284],[12.38488,57.16284],[12.38532,57.16307],[12.3841,57.16359],[12.38383,57.16346],[12.38312,57.16335],[12.38312,57.16335],[12.38264,57.16353],[12.38264,57.16353],[12.38273,57.16401],[12.38261,57.16425],[12.38265,57.16439],[12.38266,57.16442],[12.38265,57.16444],[12.38254,57.16455],[12.38243,57.16465],[12.38233,57.16475],[12.38228,57.16481],[12.38227,57.16485],[12.38227,57.16492],[12.38228,57.16497],[12.38229,57.16502],[12.38229,57.16507],[12.38228,57.16511]]]},"properties":{"NVRID":"2046088","NAMN":"Prästgårdsåsen","SKYDDSTYP":"Naturreservat","LAN":"Hallands Län","KOMMUN":"Varberg","IUCNKATEGORI":"Ia, Strikt naturreservat (Strict Nature Reserve)","FORVALTARE":"Länsstyrelsen i Hallands län","AREA_HA":18.354,"URSPR_BESLUTSDATUM":"2017-12-07"}},{"type":"Feature","geometry":{"type":"MultiPolygon","coordinates":[[[[13.16499,56.58975],[13.16499,56.58975],[13.16499,56.58975],[13.16359,56.59109],[13.16359,56.59109],[13.16359,56.59109],[13.16521,56.592],[13.17035,56.59297],[13.17863,56.59465],[13.17867,56.59475],[13.17881,56.595],[13.17881,56.595],[13.18005,56.59541],[13.18049,56.59574],[13.18042,56.59644],[13.17961,56.59695],[13.17961,56.59695],[13.17935,56.59769],[13.17941,56.59851],[13.17941,56.59851],[13.17941,56.59851],[13.17941,56.59851],[13.18171,56.59845],[13.18171,56.59845],[13.18171,56.59845],[13.18215,56.59725],[13.18221,56.59639],[13.18317,56.5959],[13.18402,56.59612],[13.18465,56.59681],[13.18465,56.59681],[13.18694,56.59711],[13.18694,56.59711],[13.18694,56.59711],[13.18694,56.59711],[13.18672,56.59637],[13.18672,56.59637],[13.18618,56.59615],[13.18617,56.59615],[13.1846,56.59617],[13.18323,56.59562],[13.18263,56.59473],[13.18263,56.59473],[13.18263,56.59473],[13.18164,56.59476],[13.17944,56.59413],[13.17988,56.59248],[13.18069,56.59238],[13.1808,56.59263],[13.1808,56.59263],[13.1808,56.59263],[13.1815,56.5926],[13.18242,56.59307],[13.18242,56.59307],[13.18242,56.59307],[13.18293,56.59281],[13.18293,56.59281],[13.18295,56.59233],[13.18295,56.59233],[13.18256,56.59204],[13.18202,56.59181],[13.18202,56.59181],[13.18107,56.59194],[13.18037,56.59195],[13.17994,56.59222],[13.17902,56.59207],[13.17846,56.59152],[13.17787,56.59111],[13.1778,56.59081],[13.1778,56.59081],[13.17779,56.59081],[13.17691,56.5909],[13.17609,56.59116],[13.17589,56.59099],[13.17588,56.59099],[13.17588,56.59099],[13.17588,56.59099],[13.17533,56.59146],[13.17342,56.59114],[13.17377,56.59086],[13.17436,56.59102],[13.17436,56.59102],[13.17496,56.5908],[13.17496,56.5908],[13.17496,56.5908],[13.17496,56.5908],[13.17434,56.59044],[13.17338,56.59018],[13.17341,56.58977],[13.17312,56.58947],[13.17312,56.58947],[13.17312,56.58947],[13.17216,56.58976],[13.17144,56.58976],[13.17144,56.58976],[13.17101,56.58995],[13.17088,56.58969],[13.17124,56.58915],[13.17258,56.58901],[13.17258,56.58901],[13.17279,56.58871],[13.17279,56.58871],[13.17279,56.58871],[13.17186,56.58854],[13.17186,56.58854],[13.17186,56.58854],[13.17104,56.58882],[13.17049,56.58892],[13.17049,56.58892],[13.17021,56.58953],[13.16964,56.58999],[13.16897,56.59041],[13.16499,56.58975]],[[13.17834,56.59163],[13.17879,56.59203],[13.17734,56.59179],[13.17834,56.59163]],[[13.1721,56.59045],[13.17255,56.59049],[13.17298,56.59082],[13.17283,56.59104],[13.17127,56.59079],[13.1721,56.59045]]],[[[13.16971,56.60752],[13.16659,56.60911],[13.16627,56.61108],[13.16627,56.61108],[13.16627,56.61108],[13.17048,56.6112],[13.18855,56.61166],[13.18855,56.61166],[13.18893,56.61142],[13.18957,56.61103],[13.19007,56.61071],[13.19095,56.61014],[13.19136,56.60984],[13.19186,56.60947],[13.19186,56.60947],[13.19186,56.60947],[13.18685,56.60865],[13.18632,56.60756],[13.18859,56.605],[13.18859,56.605],[13.18859,56.605],[13.18814,56.60468],[13.18816,56.60457],[13.18824,56.60448],[13.18831,56.60433],[13.18828,56.60399],[13.18834,56.60358],[13.18838,56.60351],[13.18855,56.60331],[13.18874,56.60312],[13.18874,56.60312],[13.18874,56.60312],[13.18873,56.60312],[13.18823,56.60304],[13.18206,56.60201],[13.18183,56.59966],[13.18183,56.59966],[13.18183,56.59966],[13.17904,56.59946],[13.17938,56.59858],[13.17938,56.59858],[13.17938,56.59858],[13.17829,56.59833],[13.17829,56.59833],[13.17829,56.59833],[13.17792,56.60022],[13.17792,56.60024],[13.17757,56.60199],[13.17729,56.60328],[13.17524,56.60255],[13.17524,56.60255],[13.17524,56.60255],[13.17524,56.60255],[13.17427,56.60519],[13.17263,56.60482],[13.17263,56.60482],[13.17263,56.60482],[13.17228,56.60522],[13.17153,56.60623],[13.16962,56.60672],[13.16962,56.60672],[13.16962,56.60672],[13.16971,56.60752]]]]},"properties":{"NVRID":"2001079","NAMN":"Göstorp skog","SKYDDSTYP":"Naturreservat","LAN":"Hallands Län","KOMMUN":"Laholm","IUCNKATEGORI":"Ia, Strikt naturreservat (Strict Nature Reserve)","FORVALTARE":"Länsstyrelsen i Hallands län","AREA_HA":158.879,"URSPR_BESLUTSDATUM":"1987-01-30"}},{"type":"Feature","geometry":{"type":"Polygon","coordinates":[[[13.12382,56.73151],[13.12389,56.73171],[13.12409,56.73188],[13.12414,56.73192],[13.12503,56.73232],[13.12518,56.73233],[13.12572,56.73249],[13.12604,56.73257],[13.12668,56.73265],[13.127,56.73275],[13.12752,56.73278],[13.12829,56.73274],[13.12931,56.73523],[13.12931,56.73523],[13.13574,56.73652],[13.13575,56.73652],[13.14419,56.7328],[13.14419,56.7328],[13.14419,56.73279],[13.14405,56.73256],[13.14589,56.73068],[13.14589,56.73068],[13.14589,56.73068],[13.14589,56.73068],[13.14189,56.72948],[13.13393,56.72883],[13.13529,56.72797],[13.13529,56.72797],[13.13529,56.72797],[13.13349,56.727],[13.13349,56.727],[13.13349,56.727],[13.13014,56.72831],[13.1295,56.72809],[13.1295,56.72809],[13.1295,56.72809],[13.12724,56.72965],[13.12624,56.72912],[13.12506,56.72875],[13.12505,56.72875],[13.12505,56.72875],[13.12157,56.73058],[13.12157,56.73058],[13.12157,56.73058],[13.12157,56.73058],[13.12167,56.73061],[13.122,56.73065],[13.12231,56.73075],[13.12245,56.73085],[13.12265,56.73093],[13.12314,56.73119],[13.1234,56.73131],[13.12382,56.73151]]]},"properties":{"NVRID":"2001414","NAMN":"Lillared-Klövaberget","SKYDDSTYP":"Naturreservat","LAN":"Hallands Län","KOMMUN":"Halmstad","IUCNKATEGORI":"IV, Habitat/Artskyddsområde (Habitat/Species Management Area)","FORVALTARE":"Halmstads kommun","AREA_HA":82.046,"URSPR_BESLUTSDATUM":"1991-05-24"}},{"type":"Feature","geometry":{"type":"MultiPolygon","coordinates":[[[[13.24216,56.60853],[13.24216,56.60853],[13.24222,56.60855],[13.24229,56.60855],[13.24229,56.60855],[13.24235,56.60853],[13.24235,56.60853],[13.24235,56.60853],[13.24232,56.60846],[13.24234,56.60841],[13.24233,56.60836],[13.24228,56.60831],[13.24228,56.60831],[13.24228,56.60831],[13.24218,56.60835],[13.24212,56.6084],[13.24205,56.60842],[13.24198,56.60844],[13.24198,56.60844],[13.24198,56.60844],[13.242,56.60847],[13.242,56.60847],[13.24205,56.60848],[13.24211,56.60848],[13.24216,56.60853]]],[[[13.22367,56.61362],[13.22377,56.61371],[13.22375,56.61377],[13.22375,56.61377],[13.22384,56.61382],[13.2239,56.6139],[13.2239,56.6139],[13.22407,56.61393],[13.22432,56.6141],[13.22436,56.6142],[13.22455,56.61433],[13.22451,56.61441],[13.22451,56.61441],[13.22452,56.61441],[13.22464,56.61446],[13.22458,56.61455],[13.22458,56.61455],[13.22459,56.61455],[13.22479,56.61468],[13.22503,56.61469],[13.22523,56.61482],[13.2253,56.61499],[13.2253,56.61499],[13.22548,56.61507],[13.22586,56.61526],[13.22588,56.61531],[13.22594,56.61534],[13.2261,56.61536],[13.2262,56.61539],[13.23278,56.61629],[13.23661,56.61581],[13.23661,56.61581],[13.23674,56.61572],[13.23685,56.61558],[13.2369,56.61551],[13.237,56.61549],[13.23721,56.61546],[13.23741,56.61543],[13.23756,56.61539],[13.23756,56.61539],[13.23759,56.61531],[13.23763,56.6152],[13.23781,56.61518],[13.23799,56.61517],[13.23823,56.61519],[13.23844,56.61522],[13.23867,56.61526],[13.2388,56.61529],[13.2388,56.61529],[13.25169,56.61417],[13.25169,56.61417],[13.25169,56.61417],[13.24951,56.61223],[13.24795,56.61059],[13.2475,56.61013],[13.24728,56.60989],[13.24696,56.60973],[13.24745,56.60932],[13.24774,56.60908],[13.24774,56.60908],[13.24774,56.60908],[13.2475,56.60897],[13.2475,56.60897],[13.24741,56.60897],[13.24725,56.60898],[13.24709,56.60901],[13.24709,56.60901],[13.24709,56.60901],[13.24708,56.60909],[13.24708,56.60909],[13.24708,56.6091],[13.24718,56.60911],[13.24723,56.60912],[13.24732,56.60914],[13.24739,56.60917],[13.24738,56.60924],[13.2473,56.60928],[13.24719,56.60929],[13.24704,56.60929],[13.24702,56.60929],[13.24691,56.60936],[13.24681,56.60941],[13.24681,56.60941],[13.24687,56.60949],[13.24691,56.60956],[13.24689,56.60966],[13.24684,56.60974],[13.24677,56.60984],[13.24676,56.60992],[13.24668,56.60999],[13.24655,56.61],[13.24643,56.60999],[13.2463,56.60998],[13.24617,56.61001],[13.24607,56.61004],[13.24586,56.61006],[13.24563,56.61005],[13.24545,56.61004],[13.24531,56.61002],[13.24518,56.60996],[13.24505,56.60994],[13.24492,56.60991],[13.24478,56.60982],[13.24462,56.60979],[13.24449,56.60976],[13.24441,56.60971],[13.24434,56.60959],[13.2443,56.60943],[13.2443,56.60933],[13.2443,56.60933],[13.2443,56.60933],[13.24412,56.60932],[13.24389,56.60931],[13.24363,56.60929],[13.24351,56.60924],[13.24351,56.60924],[13.24338,56.60924],[13.24326,56.60923],[13.24313,56.60921],[13.24294,56.60923],[13.24282,56.60922],[13.24273,56.60914],[13.24258,56.60911],[13.24246,56.60904],[13.2423,56.60897],[13.24214,56.60891],[13.24195,56.60884],[13.24192,56.60874],[13.24186,56.60865],[13.24174,56.60843],[13.24168,56.60831],[13.24159,56.6082],[13.24146,56.60806],[13.24137,56.60796],[13.24121,56.60789],[13.2411,56.60784],[13.24099,56.60781],[13.24088,56.60774],[13.24078,56.60768],[13.24067,56.60759],[13.24054,56.60757],[13.24043,56.60755],[13.24038,56.60751],[13.2404,56.60745],[13.24044,56.60742],[13.24054,56.60738],[13.24062,56.60733],[13.24079,56.6072],[13.24088,56.60714],[13.24094,56.60707],[13.241,56.60698],[13.24112,56.6069],[13.24119,56.60681],[13.24127,56.6067],[13.24141,56.60662],[13.24151,56.60653],[13.24161,56.60642],[13.24183,56.60638],[13.24189,56.6064],[13.24192,56.60649],[13.24192,56.60649],[13.24197,56.60651],[13.24218,56.60654],[13.24241,56.60653],[13.24265,56.60652],[13.24278,56.60648],[13.24296,56.60646],[13.24317,56.60647],[13.2433,56.60648],[13.24342,56.60651],[13.24355,56.60652],[13.24371,56.60652],[13.24389,56.60651],[13.24405,56.60653],[13.24413,56.6066],[13.24421,56.60667],[13.24425,56.60675],[13.2443,56.60682],[13.24437,56.6069],[13.24443,56.60699],[13.24442,56.60705],[13.24443,56.60717],[13.24445,56.60728],[13.24445,56.60728],[13.24456,56.60732],[13.24467,56.6074],[13.24477,56.60748],[13.24477,56.60748],[13.24523,56.60748],[13.24562,56.60748],[13.24562,56.60748],[13.24582,56.60738],[13.24615,56.60722],[13.24631,56.60708],[13.24643,56.60686],[13.24657,56.60675],[13.24672,56.60668],[13.24684,56.60656],[13.24703,56.60633],[13.24714,56.60617],[13.24727,56.60608],[13.24749,56.60597],[13.24756,56.60594],[13.24756,56.60594],[13.24756,56.60594],[13.2473,56.60568],[13.24679,56.60533],[13.24669,56.60525],[13.24778,56.60501],[13.24778,56.60501],[13.24778,56.60501],[13.24762,56.60482],[13.24762,56.60482],[13.24762,56.60482],[13.24667,56.60494],[13.24656,56.60495],[13.24626,56.605],[13.24541,56.60512],[13.24372,56.60536],[13.24372,56.60536],[13.24364,56.6054],[13.24346,56.60542],[13.24311,56.60543],[13.24278,56.60539],[13.24196,56.60526],[13.24137,56.60511],[13.24098,56.60502],[13.2408,56.60501],[13.24044,56.60504],[13.24006,56.60505],[13.23964,56.60501],[13.23903,56.60492],[13.2384,56.60484],[13.23818,56.6048],[13.23804,56.60475],[13.23799,56.60471],[13.23789,56.60465],[13.23756,56.60453],[13.23714,56.60438],[13.23683,56.60431],[13.23644,56.60422],[13.23631,56.60415],[13.23625,56.60405],[13.23621,56.60386],[13.23612,56.60374],[13.23582,56.60359],[13.23559,56.60345],[13.2354,56.60341],[13.23511,56.60336],[13.23491,56.60331],[13.23422,56.60311],[13.23356,56.60288],[13.23356,56.60288],[13.23356,56.60288],[13.23332,56.60299],[13.23188,56.6035],[13.23057,56.6039],[13.22803,56.6033],[13.22803,56.6033],[13.22803,56.6033],[13.22803,56.6033],[13.22702,56.60694],[13.22695,56.60715],[13.22689,56.6074],[13.22684,56.60769],[13.22685,56.6079],[13.2269,56.6081],[13.22703,56.60839],[13.22713,56.6086],[13.22727,56.60877],[13.22746,56.60897],[13.22734,56.60909],[13.22721,56.60923],[13.22714,56.60931],[13.22699,56.60953],[13.2269,56.60967],[13.22669,56.6099],[13.22656,56.61014],[13.22637,56.61043],[13.22615,56.61073],[13.22611,56.61077],[13.22608,56.61082],[13.22602,56.61092],[13.22599,56.61093],[13.22589,56.61095],[13.22576,56.61101],[13.22565,56.61108],[13.22551,56.61123],[13.22531,56.61139],[13.22508,56.61155],[13.22505,56.61167],[13.22505,56.61173],[13.2251,56.61189],[13.22508,56.61193],[13.22508,56.61193],[13.22509,56.61194],[13.2251,56.61208],[13.22507,56.61213],[13.22506,56.61214],[13.22507,56.61219],[13.22503,56.6123],[13.22498,56.61238],[13.22491,56.61254],[13.22476,56.61265],[13.22462,56.61274],[13.2245,56.61283],[13.22447,56.61284],[13.22442,56.6129],[13.22441,56.61293],[13.22436,56.61295],[13.22428,56.61302],[13.22417,56.61308],[13.22404,56.61314],[13.224,56.61316],[13.22396,56.61318],[13.22393,56.6132],[13.2239,56.61324],[13.22384,56.61327],[13.22383,56.61328],[13.22379,56.6133],[13.22376,56.61332],[13.22342,56.61345],[13.22329,56.61352],[13.22319,56.61355],[13.22319,56.61355],[13.22319,56.61355],[13.22319,56.61355],[13.22367,56.61362]],[[13.24393,56.61225],[13.24428,56.61224],[13.24449,56.61234],[13.24449,56.61234],[13.24526,56.6123],[13.2453,56.61252],[13.24454,56.61256],[13.24453,56.61252],[13.24453,56.61252],[13.24453,56.61252],[13.24416,56.61254],[13.244,56.61252],[13.24373,56.61246],[13.24393,56.61225]]]]},"properties":{"NVRID":"2001077","NAMN":"Mästocka ljunghed","SKYDDSTYP":"Naturreservat","LAN":"Hallands Län","KOMMUN":"Laholm","IUCNKATEGORI":"IV, Habitat/Artskyddsområde (Habitat/Species Management Area)","FORVALTARE":"Länsstyrelsen i Hallands län","AREA_HA":156.412,"URSPR_BESLUTSDATUM":"1978-08-14"}},{"type":"Feature","geometry":{"type":"Polygon","coordinates":[[[13.18076,56.75613],[13.18031,56.75605],[13.18031,56.75605],[13.18031,56.75605],[13.18031,56.75605],[13.18044,56.75646],[13.18154,56.75704],[13.18186,56.75794],[13.18222,56.75823],[13.18222,56.75823],[13.18222,56.75823],[13.18267,56.75813],[13.18286,56.7579],[13.1838,56.75832],[13.18329,56.7599],[13.18201,56.76052],[13.18201,56.76052],[13.18201,56.76052],[13.187,56.76227],[13.18701,56.76227],[13.18819,56.76213],[13.18819,56.76213],[13.18867,56.76182],[13.18893,56.76171],[13.18908,56.76149],[13.18957,56.7612],[13.18985,56.76108],[13.19021,56.76087],[13.19021,56.76087],[13.19021,56.76087],[13.19021,56.76087],[13.18985,56.76069],[13.18914,56.75801],[13.1886,56.7562],[13.19313,56.75613],[13.19447,56.75633],[13.19558,56.75643],[13.19558,56.75643],[13.19558,56.75643],[13.19558,56.75643],[13.19544,56.75479],[13.19544,56.75479],[13.19498,56.75462],[13.1945,56.75419],[13.19246,56.7534],[13.19217,56.75337],[13.19162,56.75322],[13.19075,56.75293],[13.18998,56.75255],[13.18844,56.75208],[13.18821,56.75204],[13.18821,56.75204],[13.18821,56.75204],[13.1866,56.75511],[13.18222,56.75274],[13.18221,56.75274],[13.18221,56.75274],[13.18153,56.75312],[13.18153,56.75312],[13.18153,56.75312],[13.18198,56.75351],[13.18177,56.75381],[13.18182,56.75401],[13.18143,56.75404],[13.18116,56.75422],[13.18116,56.75422],[13.18115,56.7551],[13.18087,56.75535],[13.18087,56.75535],[13.18087,56.75535],[13.18125,56.75562],[13.18121,56.7558],[13.18135,56.75599],[13.18076,56.75613]],[[13.18223,56.75738],[13.18235,56.75703],[13.18315,56.75713],[13.18298,56.75754],[13.18277,56.75746],[13.18223,56.75738]]]},"properties":{"NVRID":"2064662","NAMN":"Södra Sutarebo naturreservat","SKYDDSTYP":"Naturreservat","LAN":"Hallands Län","KOMMUN":"Halmstad","IUCNKATEGORI":"IV, Habitat/Artskyddsområde (Habitat/Species Management Area)","FORVALTARE":"Länsstyrelsen i Hallands län","AREA_HA":51.496,"URSPR_BESLUTSDATUM":"2024-12-09"}},{"type":"Feature","geometry":{"type":"Polygon","coordinates":[[[13.18053,56.68776],[13.19903,56.69186],[13.19903,56.69186],[13.19903,56.69186],[13.19933,56.69144],[13.19933,56.69144],[13.19932,56.69141],[13.19972,56.69142],[13.2,56.69143],[13.2019,56.69124],[13.20251,56.69133],[13.20302,56.69132],[13.20346,56.69132],[13.20372,56.69138],[13.20421,56.69159],[13.20448,56.69169],[13.20467,56.6918],[13.20467,56.6918],[13.20467,56.6918],[13.20467,56.6918],[13.20467,56.6918],[13.20567,56.69046],[13.20567,56.69046],[13.2052,56.68993],[13.2052,56.68993],[13.20407,56.68968],[13.20413,56.6893],[13.20413,56.6893],[13.20267,56.68893],[13.20246,56.6886],[13.20246,56.6886],[13.20246,56.6886],[13.20106,56.68886],[13.20033,56.68839],[13.20191,56.68756],[13.20191,56.68756],[13.20191,56.68756],[13.20191,56.68756],[13.2017,56.68744],[13.20111,56.68697],[13.20083,56.68672],[13.20133,56.68648],[13.20501,56.68598],[13.21058,56.69036],[13.21062,56.69039],[13.21062,56.69039],[13.21062,56.69039],[13.21062,56.69039],[13.21062,56.69039],[13.21064,56.67608],[13.21064,56.67608],[13.21064,56.67608],[13.21064,56.67608],[13.21044,56.67613],[13.20943,56.6762],[13.20853,56.67605],[13.2075,56.67619],[13.20706,56.6762],[13.20611,56.67618],[13.20516,56.67613],[13.20459,56.67607],[13.20288,56.67581],[13.20216,56.67539],[13.20216,56.67539],[13.19964,56.67567],[13.19964,56.67567],[13.19964,56.67567],[13.19539,56.68578],[13.18318,56.6832],[13.18331,56.68299],[13.18363,56.68239],[13.18411,56.68176],[13.18421,56.68162],[13.18432,56.68145],[13.18448,56.68128],[13.18457,56.68111],[13.1846,56.68104],[13.18466,56.68093],[13.18489,56.68046],[13.185,56.68023],[13.18643,56.67767],[13.18643,56.67767],[13.18643,56.67767],[13.18643,56.67767],[13.178,56.6766],[13.178,56.6766],[13.178,56.6766],[13.16729,56.68355],[13.16729,56.68355],[13.16729,56.68356],[13.16729,56.68356],[13.18051,56.68779],[13.18051,56.68779],[13.18051,56.68779],[13.18053,56.68776]]]},"properties":{"NVRID":"2051040","NAMN":"Söderängarna","SKYDDSTYP":"Naturreservat","LAN":"Hallands Län","KOMMUN":"Halmstad, Laholm","IUCNKATEGORI":"Ia, Strikt naturreservat (Strict Nature Reserve)","FORVALTARE":"Västkuststiftelsen","AREA_HA":253.684,"URSPR_BESLUTSDATUM":"2021-05-06"}},{"type":"Feature","geometry":{"type":"Polygon","coordinates":[[[12.3582,56.92722],[12.35977,56.92807],[12.35994,56.92809],[12.36034,56.92813],[12.36034,56.92813],[12.36034,56.92813],[12.36034,56.92813],[12.36136,56.92824],[12.36286,56.92839],[12.3657,56.92869],[12.36571,56.92869],[12.36696,56.92776],[12.36765,56.92721],[12.36806,56.92686],[12.36821,56.92673],[12.36831,56.92662],[12.36856,56.9264],[12.36861,56.92637],[12.36897,56.92611],[12.36942,56.92577],[12.36978,56.9255],[12.36999,56.92535],[12.37009,56.92521],[12.37009,56.92521],[12.37009,56.92521],[12.36998,56.92517],[12.36998,56.92517],[12.36997,56.92517],[12.36922,56.92491],[12.36961,56.92449],[12.36979,56.92428],[12.37006,56.92396],[12.37019,56.92376],[12.37034,56.92361],[12.37044,56.92353],[12.37049,56.92351],[12.37057,56.92347],[12.37076,56.92337],[12.3716,56.92286],[12.37193,56.92305],[12.37216,56.92313],[12.37234,56.92318],[12.37276,56.92327],[12.37315,56.92336],[12.37357,56.92344],[12.37387,56.92349],[12.37406,56.92352],[12.37406,56.92352],[12.37479,56.92307],[12.37523,56.92278],[12.37802,56.9213],[12.37803,56.9213],[12.37803,56.9213],[12.37803,56.9213],[12.37822,56.9212],[12.37829,56.92116],[12.3794,56.92053],[12.381,56.91963],[12.381,56.91963],[12.381,56.91963],[12.37948,56.91867],[12.37927,56.91851],[12.37874,56.91778],[12.37776,56.91634],[12.37679,56.91489],[12.37659,56.91454],[12.37649,56.9143],[12.37633,56.91406],[12.37599,56.91366],[12.37549,56.91323],[12.37493,56.91282],[12.37437,56.91244],[12.37358,56.91216],[12.37293,56.91202],[12.37153,56.91197],[12.37064,56.91202],[12.36977,56.91211],[12.36883,56.91233],[12.36822,56.9125],[12.36744,56.91275],[12.36629,56.91311],[12.36531,56.91346],[12.36436,56.91376],[12.36343,56.91413],[12.36297,56.91439],[12.36231,56.91467],[12.36148,56.91508],[12.36073,56.91549],[12.36001,56.91586],[12.35927,56.9163],[12.3584,56.91686],[12.35768,56.91735],[12.35699,56.91794],[12.35662,56.91819],[12.35623,56.91842],[12.35559,56.91904],[12.35522,56.91924],[12.35424,56.91983],[12.3538,56.9201],[12.35341,56.92034],[12.35293,56.9206],[12.3522,56.92126],[12.35116,56.92253],[12.35094,56.92287],[12.3506,56.92334],[12.35025,56.92377],[12.34997,56.92414],[12.34959,56.92467],[12.34918,56.92523],[12.34874,56.92581],[12.34849,56.92614],[12.34849,56.92614],[12.34849,56.92614],[12.34849,56.92614],[12.35355,56.92744],[12.3558,56.92748],[12.35642,56.92746],[12.35722,56.9274],[12.35778,56.92733],[12.35797,56.92728],[12.35811,56.92725],[12.3582,56.92722]]]},"properties":{"NVRID":"2002010","NAMN":"Morups Tånge","SKYDDSTYP":"Naturreservat","LAN":"Hallands Län","KOMMUN":"Falkenberg","IUCNKATEGORI":"IV, Habitat/Artskyddsområde (Habitat/Species Management Area)","FORVALTARE":"Länsstyrelsen i Hallands län","AREA_HA":207.403,"URSPR_BESLUTSDATUM":"1946-08-26"}},{"type":"Feature","geometry":{"type":"MultiPolygon","coordinates":[[[[13.18796,56.73543],[13.18796,56.73543],[13.18796,56.73543],[13.18796,56.73543],[13.18796,56.73543],[13.18822,56.73526],[13.18822,56.73526],[13.18822,56.73526],[13.18764,56.73491],[13.18764,56.73491],[13.18764,56.73491],[13.18764,56.73491],[13.18763,56.73491],[13.18796,56.73543]]],[[[13.17401,56.73807],[13.17392,56.73817],[13.17392,56.73817],[13.17392,56.73817],[13.17446,56.73832],[13.17446,56.73832],[13.17446,56.73831],[13.17446,56.73831],[13.1745,56.73824],[13.17495,56.73829],[13.17491,56.7385],[13.17445,56.73846],[13.17445,56.73846],[13.17445,56.73846],[13.17433,56.73879],[13.17433,56.73879],[13.17433,56.73879],[13.1774,56.73978],[13.1774,56.73978],[13.17741,56.73978],[13.18485,56.73672],[13.18737,56.73563],[13.18737,56.73563],[13.18737,56.73563],[13.18737,56.73563],[13.18702,56.73548],[13.18684,56.73472],[13.18715,56.73462],[13.18715,56.73462],[13.18715,56.73462],[13.18494,56.73331],[13.18494,56.73331],[13.18494,56.73331],[13.18283,56.73416],[13.17204,56.73434],[13.169,56.73538],[13.169,56.73538],[13.169,56.73538],[13.17216,56.73776],[13.17331,56.73801],[13.17331,56.73801],[13.17331,56.73801],[13.17331,56.73801],[13.17336,56.73792],[13.17401,56.73807]],[[13.17269,56.73697],[13.17317,56.73733],[13.17308,56.73749],[13.17289,56.73767],[13.17278,56.73767],[13.17249,56.73754],[13.17217,56.73741],[13.17198,56.73735],[13.17269,56.73697]]]]},"properties":{"NVRID":"2001416","NAMN":"Veka (norra)","SKYDDSTYP":"Naturreservat","LAN":"Hallands Län","KOMMUN":"Halmstad","IUCNKATEGORI":"IV, Habitat/Artskyddsområde (Habitat/Species Management Area)","FORVALTARE":"Halmstads kommun","AREA_HA":43.897,"URSPR_BESLUTSDATUM":"1974-06-20"}},{"type":"Feature","geometry":{"type":"MultiPolygon","coordinates":[[[[12.63809,56.7661],[12.63817,56.76642],[12.6383,56.76699],[12.6383,56.76699],[12.63831,56.76699],[12.64124,56.76731],[12.64124,56.76731],[12.64125,56.76731],[12.64128,56.76721],[12.64214,56.76726],[12.64214,56.76726],[12.64214,56.76726],[12.64214,56.76726],[12.64205,56.76631],[12.64223,56.76509],[12.64223,56.76509],[12.64193,56.76498],[12.64151,56.76484],[12.64151,56.76484],[12.64151,56.76484],[12.64123,56.76506],[12.64037,56.76495],[12.64063,56.76451],[12.64063,56.76451],[12.64063,56.76451],[12.63718,56.76379],[12.63718,56.76379],[12.63634,56.76404],[12.63634,56.76404],[12.63661,56.76477],[12.63674,56.76517],[12.63716,56.76624],[12.63716,56.76624],[12.63716,56.76624],[12.63809,56.7661]]],[[[12.60688,56.78991],[12.60342,56.79896],[12.60342,56.79896],[12.60342,56.79896],[12.60342,56.79896],[12.61094,56.79952],[12.61159,56.79956],[12.61172,56.79957],[12.61231,56.79962],[12.61289,56.79966],[12.61354,56.79971],[12.61425,56.79976],[12.61489,56.79981],[12.61602,56.79989],[12.61633,56.79991],[12.61633,56.79991],[12.61633,56.79991],[12.61728,56.79871],[12.61734,56.79834],[12.61673,56.79728],[12.61791,56.79591],[12.61889,56.79279],[12.61889,56.79279],[12.61889,56.79279],[12.61759,56.79268],[12.61795,56.792],[12.61795,56.79199],[12.61787,56.79195],[12.61696,56.79151],[12.61715,56.79113],[12.61777,56.7914],[12.61824,56.79182],[12.61834,56.79188],[12.61878,56.79206],[12.61878,56.79206],[12.61945,56.79206],[12.61963,56.79206],[12.61964,56.79206],[12.61964,56.79206],[12.61964,56.79206],[12.61958,56.79112],[12.62059,56.7902],[12.62059,56.7902],[12.62059,56.79011],[12.62059,56.79011],[12.61977,56.78984],[12.62013,56.78951],[12.62013,56.78951],[12.62013,56.78951],[12.61959,56.7893],[12.61953,56.78926],[12.61944,56.78916],[12.61939,56.7891],[12.61929,56.78904],[12.61895,56.7889],[12.61883,56.78884],[12.61875,56.78875],[12.61872,56.78861],[12.61884,56.78835],[12.61877,56.78612],[12.61808,56.7858],[12.61789,56.78571],[12.61771,56.78563],[12.61744,56.78543],[12.6167,56.78496],[12.61657,56.78488],[12.61612,56.78443],[12.61725,56.78392],[12.61725,56.78392],[12.61725,56.78392],[12.61725,56.78392],[12.61713,56.78387],[12.61692,56.78381],[12.61671,56.78375],[12.61662,56.78368],[12.61656,56.78361],[12.61655,56.78353],[12.61657,56.78345],[12.61671,56.78304],[12.61676,56.78293],[12.61682,56.78283],[12.6169,56.78274],[12.617,56.78264],[12.61717,56.78251],[12.61733,56.78257],[12.61867,56.7828],[12.61867,56.7828],[12.6205,56.78207],[12.6205,56.78207],[12.62049,56.78187],[12.62049,56.78186],[12.62048,56.78147],[12.62048,56.78128],[12.62045,56.78006],[12.62046,56.77981],[12.6211,56.77973],[12.62111,56.77973],[12.62111,56.77973],[12.62102,56.77922],[12.62161,56.77914],[12.62161,56.77914],[12.62161,56.77914],[12.62127,56.77833],[12.62127,56.77833],[12.62127,56.77833],[12.62091,56.77838],[12.6208,56.77829],[12.62062,56.7782],[12.62044,56.77771],[12.6207,56.77776],[12.62107,56.77781],[12.62107,56.77781],[12.62107,56.77781],[12.62104,56.77768],[12.62101,56.77757],[12.621,56.77746],[12.62099,56.77734],[12.62098,56.77723],[12.62098,56.77705],[12.62098,56.77694],[12.621,56.77679],[12.62061,56.77622],[12.62061,56.77622],[12.62001,56.77614],[12.62011,56.77566],[12.62015,56.77548],[12.6202,56.77522],[12.62029,56.77481],[12.6203,56.77476],[12.62045,56.7744],[12.62055,56.77416],[12.62076,56.77367],[12.62193,56.77386],[12.62193,56.77386],[12.62193,56.77386],[12.62275,56.77336],[12.62275,56.77336],[12.62275,56.77336],[12.62233,56.77324],[12.62282,56.77263],[12.6233,56.77202],[12.6233,56.77202],[12.6233,56.77202],[12.62276,56.7719],[12.62219,56.77178],[12.62234,56.77152],[12.62257,56.7711],[12.6226,56.77105],[12.62269,56.77092],[12.62318,56.77083],[12.62359,56.77092],[12.62359,56.77092],[12.62359,56.77092],[12.62383,56.77062],[12.6241,56.77027],[12.62545,56.77045],[12.62545,56.77045],[12.62545,56.77045],[12.62729,56.76875],[12.62841,56.76772],[12.62852,56.76763],[12.62861,56.76756],[12.62873,56.76747],[12.6288,56.76743],[12.62889,56.76738],[12.62897,56.76733],[12.62912,56.76725],[12.62923,56.7672],[12.62943,56.76712],[12.62943,56.76712],[12.62943,56.76712],[12.62943,56.76712],[12.62845,56.7668],[12.6269,56.76627],[12.6269,56.76627],[12.62676,56.76629],[12.62659,56.76629],[12.62646,56.7663],[12.62638,56.76631],[12.62625,56.76636],[12.62614,56.76642],[12.62601,56.76649],[12.62583,56.7666],[12.62579,56.76659],[12.62574,56.76656],[12.62574,56.76656],[12.62574,56.76656],[12.6257,56.7666],[12.62569,56.76662],[12.62564,56.76662],[12.6256,56.76665],[12.6256,56.76665],[12.62561,56.76668],[12.62565,56.76671],[12.62562,56.76674],[12.62557,56.76681],[12.62548,56.76691],[12.62537,56.767],[12.62532,56.76699],[12.62526,56.76696],[12.62524,56.7669],[12.62524,56.7669],[12.62524,56.7669],[12.62517,56.76689],[12.62517,56.76689],[12.62517,56.76689],[12.62511,56.76696],[12.62509,56.76705],[12.62512,56.76713],[12.62508,56.76718],[12.62506,56.76723],[12.625,56.76726],[12.62496,56.7672],[12.6249,56.76718],[12.6249,56.76718],[12.6249,56.76718],[12.62488,56.76723],[12.6249,56.76726],[12.62486,56.76732],[12.62483,56.76739],[12.62476,56.76749],[12.62469,56.76758],[12.62461,56.76767],[12.62452,56.7677],[12.62438,56.76771],[12.62425,56.76772],[12.62413,56.76775],[12.624,56.7678],[12.62387,56.7678],[12.62372,56.76782],[12.62365,56.76781],[12.62357,56.76781],[12.62343,56.76785],[12.62343,56.76786],[12.62335,56.76792],[12.62331,56.76801],[12.62324,56.76807],[12.62304,56.76814],[12.62278,56.76824],[12.62263,56.76828],[12.62246,56.76834],[12.62227,56.76842],[12.62216,56.76849],[12.62204,56.76853],[12.62191,56.76853],[12.62176,56.76857],[12.62162,56.76859],[12.62149,56.76861],[12.62139,56.76859],[12.62123,56.76856],[12.62103,56.76857],[12.62084,56.76859],[12.62069,56.76861],[12.62052,56.76868],[12.62045,56.7687],[12.62033,56.7687],[12.62019,56.7687],[12.62005,56.76874],[12.6199,56.76876],[12.61978,56.76879],[12.6197,56.7688],[12.61956,56.76882],[12.61947,56.76884],[12.61932,56.7689],[12.61918,56.76896],[12.6191,56.76902],[12.61909,56.76909],[12.61907,56.76919],[12.619,56.76928],[12.61898,56.76937],[12.61899,56.76945],[12.61902,56.76952],[12.61901,56.76962],[12.61896,56.76975],[12.61892,56.76981],[12.61881,56.76989],[12.61874,56.76994],[12.61865,56.77002],[12.6186,56.77008],[12.6186,56.77008],[12.61858,56.77016],[12.61858,56.77016],[12.61863,56.7702],[12.61866,56.77023],[12.61866,56.77023],[12.61874,56.77024],[12.61878,56.77029],[12.6188,56.77034],[12.61885,56.7704],[12.61887,56.77047],[12.61888,56.77058],[12.61892,56.77066],[12.61892,56.77076],[12.61888,56.77085],[12.61889,56.77093],[12.61888,56.77104],[12.61884,56.77112],[12.61881,56.77118],[12.61883,56.77126],[12.61884,56.77135],[12.61881,56.77141],[12.61878,56.77148],[12.61883,56.77154],[12.61886,56.77162],[12.61891,56.77171],[12.61894,56.77182],[12.61896,56.77193],[12.61897,56.77203],[12.61895,56.77209],[12.61891,56.77217],[12.61887,56.77228],[12.61883,56.77237],[12.61878,56.77246],[12.61873,56.7725],[12.61861,56.77258],[12.61855,56.77264],[12.61846,56.7727],[12.61834,56.77275],[12.61825,56.7728],[12.61815,56.77285],[12.61806,56.7729],[12.61792,56.77293],[12.61781,56.77302],[12.61772,56.77307],[12.61756,56.77313],[12.61741,56.77319],[12.61725,56.7732],[12.61708,56.7732],[12.61691,56.77323],[12.61685,56.77324],[12.61651,56.77322],[12.61642,56.77319],[12.61642,56.77319],[12.61627,56.7732],[12.61615,56.77324],[12.61601,56.77331],[12.61591,56.77334],[12.61581,56.77338],[12.6157,56.7734],[12.61561,56.7734],[12.61553,56.77339],[12.61541,56.77343],[12.61541,56.77343],[12.61535,56.77349],[12.61528,56.77356],[12.61523,56.77359],[12.61507,56.77363],[12.61507,56.77363],[12.61504,56.77374],[12.61502,56.77383],[12.61489,56.77392],[12.61492,56.77412],[12.61486,56.77416],[12.61483,56.7742],[12.61482,56.77426],[12.61486,56.77431],[12.61492,56.77434],[12.61492,56.7744],[12.61488,56.7745],[12.61488,56.77458],[12.61492,56.77467],[12.61501,56.77483],[12.615,56.77497],[12.61495,56.77497],[12.61495,56.77497],[12.61495,56.77498],[12.61495,56.77503],[12.61503,56.7751],[12.61505,56.77513],[12.61506,56.77513],[12.6151,56.77514],[12.61504,56.77527],[12.61506,56.77537],[12.61517,56.7755],[12.61515,56.77555],[12.61508,56.77564],[12.61501,56.77571],[12.61501,56.77584],[12.61503,56.77595],[12.61509,56.77601],[12.61514,56.77609],[12.61524,56.77622],[12.61525,56.77631],[12.61534,56.77643],[12.61542,56.77655],[12.61548,56.77664],[12.61554,56.77674],[12.6156,56.77681],[12.61563,56.7769],[12.61571,56.777],[12.61579,56.77709],[12.6159,56.77719],[12.61596,56.77727],[12.61603,56.7774],[12.61603,56.7774],[12.61603,56.7774],[12.616,56.77741],[12.6147,56.77805],[12.61469,56.77805],[12.61469,56.77805],[12.61295,56.77832],[12.61295,56.77832],[12.60943,56.78586],[12.60926,56.78626],[12.60907,56.78667],[12.609,56.78689],[12.60895,56.78702],[12.6088,56.78731],[12.60866,56.78763],[12.60847,56.78763],[12.60822,56.78762],[12.60785,56.78765],[12.60747,56.78772],[12.6071,56.7879],[12.60675,56.7881],[12.60656,56.78831],[12.60637,56.7886],[12.60629,56.78888],[12.60629,56.7892],[12.60642,56.78947],[12.6066,56.78973],[12.60688,56.78991]],[[12.61517,56.78168],[12.61565,56.78144],[12.61651,56.782],[12.6159,56.78228],[12.6151,56.7818],[12.61517,56.78168]]]]},"properties":{"NVRID":"2001401","NAMN":"Steningekusten","SKYDDSTYP":"Naturreservat","LAN":"Hallands Län","KOMMUN":"Falkenberg, Halmstad","IUCNKATEGORI":"IV, Habitat/Artskyddsområde (Habitat/Species Management Area)","FORVALTARE":"Länsstyrelsen i Hallands län","AREA_HA":207.971,"URSPR_BESLUTSDATUM":"1970-07-31"}},{"type":"Feature","geometry":{"type":"Polygon","coordinates":[[[12.18258,57.44552],[12.18283,57.44555],[12.18296,57.4456],[12.18307,57.44575],[12.18286,57.44588],[12.18286,57.44588],[12.18285,57.44601],[12.1828,57.44656],[12.18277,57.44683],[12.18276,57.44697],[12.18254,57.44702],[12.18254,57.44702],[12.18254,57.44702],[12.18257,57.44708],[12.18244,57.44706],[12.18244,57.44706],[12.18244,57.44706],[12.18244,57.44706],[12.18266,57.44738],[12.1827,57.44748],[12.18279,57.44781],[12.18285,57.4481],[12.18256,57.44805],[12.18256,57.44805],[12.18256,57.44805],[12.18255,57.44813],[12.18253,57.44824],[12.18245,57.44949],[12.18243,57.44972],[12.18235,57.45025],[12.1823,57.45054],[12.18223,57.4509],[12.18221,57.45113],[12.18216,57.45126],[12.18211,57.45133],[12.18192,57.45148],[12.18145,57.45184],[12.181,57.4521],[12.17949,57.45265],[12.17945,57.45265],[12.17945,57.45265],[12.1792,57.45306],[12.17887,57.45354],[12.17887,57.45354],[12.17887,57.45354],[12.1791,57.45357],[12.17991,57.45366],[12.18175,57.45383],[12.18202,57.45385],[12.18309,57.45395],[12.1839,57.454],[12.1839,57.454],[12.1839,57.454],[12.18395,57.45368],[12.18452,57.45371],[12.18452,57.45371],[12.18452,57.45371],[12.18456,57.45333],[12.18456,57.45333],[12.18456,57.45333],[12.18455,57.45333],[12.18401,57.45329],[12.18409,57.45297],[12.18465,57.453],[12.18468,57.453],[12.18468,57.453],[12.18482,57.45296],[12.18516,57.45299],[12.18551,57.45315],[12.18553,57.4532],[12.18564,57.45347],[12.18564,57.45347],[12.18564,57.45347],[12.18567,57.45347],[12.18634,57.4534],[12.18669,57.45341],[12.18734,57.45345],[12.18736,57.45345],[12.18744,57.45344],[12.18794,57.45327],[12.18842,57.45311],[12.18842,57.45311],[12.18842,57.45311],[12.18829,57.45287],[12.18834,57.4528],[12.18834,57.4528],[12.18833,57.4528],[12.18822,57.45275],[12.18752,57.45236],[12.18682,57.45198],[12.18736,57.45172],[12.18736,57.45172],[12.18736,57.45172],[12.18712,57.45161],[12.18745,57.45133],[12.18774,57.45141],[12.18774,57.45141],[12.18774,57.45141],[12.18778,57.45137],[12.18778,57.45137],[12.18778,57.45137],[12.18778,57.45137],[12.18751,57.45128],[12.18673,57.45099],[12.18707,57.45086],[12.18752,57.45069],[12.18829,57.45038],[12.18829,57.45038],[12.18829,57.45029],[12.18824,57.44995],[12.18826,57.44954],[12.18832,57.44922],[12.18843,57.44893],[12.18852,57.44866],[12.18866,57.4485],[12.18873,57.44839],[12.18926,57.44765],[12.1895,57.44743],[12.18988,57.44705],[12.19071,57.44642],[12.19177,57.44569],[12.19177,57.44569],[12.19167,57.44558],[12.19125,57.44509],[12.19119,57.44502],[12.19095,57.44473],[12.19061,57.44433],[12.19051,57.44421],[12.19086,57.44419],[12.19086,57.44419],[12.19411,57.44243],[12.2004,57.43902],[12.20155,57.43839],[12.20359,57.43727],[12.20394,57.43722],[12.2052,57.43703],[12.20679,57.43679],[12.20679,57.43679],[12.20696,57.43665],[12.2073,57.43636],[12.20784,57.4359],[12.20864,57.43522],[12.20883,57.43506],[12.20883,57.43506],[12.20883,57.43506],[12.20847,57.43492],[12.20954,57.43446],[12.21049,57.43424],[12.21155,57.434],[12.21223,57.43384],[12.21223,57.43384],[12.21223,57.43368],[12.21223,57.43212],[12.21223,57.43212],[12.21223,57.43212],[12.21223,57.43212],[12.21177,57.43219],[12.21073,57.43235],[12.20817,57.43273],[12.2075,57.43283],[12.20657,57.43298],[12.20559,57.43313],[12.2054,57.43316],[12.20249,57.4336],[12.20144,57.43376],[12.20143,57.43376],[12.20143,57.43376],[12.20143,57.43376],[12.20143,57.43376],[12.2021,57.43399],[12.2018,57.43433],[12.2018,57.43433],[12.2018,57.43434],[12.2018,57.43434],[12.20233,57.43445],[12.20229,57.43452],[12.20197,57.43495],[12.20191,57.43503],[12.2018,57.43513],[12.20175,57.43525],[12.20178,57.43538],[12.20178,57.43545],[12.20167,57.43553],[12.20156,57.43558],[12.20146,57.43563],[12.20123,57.43569],[12.201,57.43573],[12.20081,57.43575],[12.20075,57.43572],[12.20057,57.4356],[12.20111,57.43535],[12.20129,57.43526],[12.20129,57.43526],[12.20129,57.43526],[12.20123,57.43524],[12.20112,57.4352],[12.20118,57.43516],[12.20128,57.43511],[12.20142,57.43504],[12.20158,57.43493],[12.20163,57.43488],[12.20186,57.43457],[12.20186,57.43457],[12.20186,57.43457],[12.20151,57.43449],[12.20029,57.43421],[12.20023,57.4342],[12.20077,57.43386],[12.20077,57.43386],[12.20077,57.43386],[12.20077,57.43386],[12.20077,57.43386],[12.20077,57.43386],[12.19962,57.43404],[12.19943,57.43403],[12.19943,57.43403],[12.19922,57.43419],[12.19601,57.43627],[12.19495,57.43695],[12.19478,57.43697],[12.19461,57.43696],[12.19454,57.43696],[12.19454,57.43696],[12.19443,57.437],[12.19308,57.43749],[12.19267,57.43765],[12.19195,57.43845],[12.19161,57.43837],[12.19161,57.43837],[12.19161,57.43837],[12.19145,57.43859],[12.19122,57.43885],[12.19111,57.43899],[12.19099,57.4391],[12.19081,57.43921],[12.19065,57.43931],[12.19043,57.43941],[12.19017,57.43951],[12.18999,57.43957],[12.18996,57.43956],[12.18996,57.43956],[12.18947,57.43963],[12.18927,57.43965],[12.18903,57.43969],[12.18878,57.43974],[12.18856,57.43981],[12.18826,57.43989],[12.18795,57.44],[12.18791,57.43996],[12.18791,57.43996],[12.18791,57.43996],[12.18791,57.43996],[12.18758,57.44007],[12.18731,57.44015],[12.18691,57.44029],[12.18548,57.44076],[12.18535,57.44081],[12.18535,57.44081],[12.18535,57.44081],[12.18562,57.441],[12.18453,57.44155],[12.18375,57.44115],[12.18373,57.44109],[12.18375,57.44094],[12.1838,57.44075],[12.1838,57.44075],[12.1838,57.44075],[12.18189,57.44056],[12.18189,57.44056],[12.18189,57.44056],[12.18189,57.44056],[12.1807,57.4438],[12.18008,57.4454],[12.18008,57.4454],[12.18008,57.4454],[12.18128,57.44554],[12.18241,57.44567],[12.18255,57.4457],[12.18255,57.4457],[12.18255,57.4457],[12.18258,57.44552]],[[12.18211,57.44156],[12.18269,57.44138],[12.18303,57.44146],[12.18295,57.44163],[12.18276,57.44187],[12.18268,57.44186],[12.18211,57.44156]],[[12.18499,57.45245],[12.18517,57.45192],[12.18569,57.45206],[12.18568,57.45234],[12.18499,57.45245]],[[12.20449,57.43407],[12.20481,57.43369],[12.20508,57.43346],[12.20565,57.43369],[12.20509,57.4341],[12.20493,57.43413],[12.20449,57.43407]],[[12.18886,57.44518],[12.18916,57.44481],[12.1898,57.44468],[12.18973,57.44483],[12.18973,57.44483],[12.19012,57.44496],[12.18966,57.44542],[12.18886,57.44518]],[[12.20058,57.43666],[12.20055,57.4366],[12.2006,57.43634],[12.20066,57.43615],[12.20071,57.43601],[12.20072,57.43597],[12.20089,57.43601],[12.20114,57.43609],[12.20176,57.43625],[12.20129,57.43695],[12.20116,57.43692],[12.20082,57.43678],[12.20058,57.43666]],[[12.19849,57.43667],[12.1988,57.43627],[12.19893,57.43624],[12.20032,57.43654],[12.20038,57.43664],[12.20012,57.43691],[12.19965,57.4371],[12.19849,57.43667]],[[12.19943,57.43725],[12.19985,57.43712],[12.19989,57.4371],[12.20005,57.43704],[12.20021,57.43696],[12.20036,57.43683],[12.20048,57.43668],[12.20064,57.43677],[12.20075,57.43682],[12.20112,57.43697],[12.2013,57.437],[12.20158,57.43702],[12.20085,57.43769],[12.20013,57.43747],[12.19943,57.43725]]]},"properties":{"NVRID":"2001961","NAMN":"Fjärås Bräcka","SKYDDSTYP":"Naturreservat","LAN":"Hallands Län","KOMMUN":"Kungsbacka","IUCNKATEGORI":"IV, Habitat/Artskyddsområde (Habitat/Species Management Area)","FORVALTARE":"Länsstyrelsen i Hallands län","AREA_HA":126.808,"URSPR_BESLUTSDATUM":"1976-02-19"}},{"type":"Feature","geometry":{"type":"Polygon","coordinates":[[[12.63656,56.83037],[12.63653,56.83036],[12.63653,56.83036],[12.63652,56.83036],[12.63513,56.83078],[12.63513,56.83078],[12.63513,56.83078],[12.63523,56.83083],[12.63523,56.83083],[12.63523,56.83083],[12.63658,56.8304],[12.63826,56.82987],[12.64225,56.8286],[12.64245,56.82856],[12.64245,56.82856],[12.64245,56.82856],[12.64245,56.82856],[12.64112,56.82733],[12.64112,56.82733],[12.64112,56.82733],[12.63761,56.82827],[12.637,56.82853],[12.637,56.82853],[12.637,56.82853],[12.63772,56.82898],[12.63688,56.82938],[12.63688,56.82938],[12.63688,56.82938],[12.63733,56.82969],[12.63693,56.82988],[12.63692,56.82988],[12.63692,56.82988],[12.63693,56.82988],[12.63739,56.83011],[12.63656,56.83037]]]},"properties":{"NVRID":"2002025","NAMN":"Ullarp","SKYDDSTYP":"Naturreservat","LAN":"Hallands Län","KOMMUN":"Falkenberg","IUCNKATEGORI":"IV, Habitat/Artskyddsområde (Habitat/Species Management Area)","FORVALTARE":"Länsstyrelsen i Hallands län","AREA_HA":5.36,"URSPR_BESLUTSDATUM":"1977-01-31"}},{"type":"Feature","geometry":{"type":"MultiPolygon","coordinates":[[[[13.31751,56.52602],[13.31719,56.52629],[13.31719,56.52629],[13.31719,56.52629],[13.31743,56.52636],[13.31758,56.52641],[13.31805,56.52654],[13.31821,56.52658],[13.31833,56.5266],[13.31846,56.52662],[13.3187,56.52664],[13.3193,56.52668],[13.31945,56.52668],[13.31956,56.52668],[13.31974,56.52667],[13.31993,56.52664],[13.32016,56.5266],[13.32034,56.52656],[13.32049,56.52651],[13.32073,56.52644],[13.32087,56.52641],[13.32125,56.52636],[13.32145,56.52632],[13.32162,56.52628],[13.32169,56.52626],[13.32169,56.52626],[13.32169,56.52626],[13.32169,56.52626],[13.32169,56.52626],[13.31705,56.52442],[13.31637,56.52431],[13.31637,56.52431],[13.31637,56.52431],[13.31623,56.52444],[13.31608,56.52457],[13.31596,56.52467],[13.31586,56.52478],[13.31582,56.52484],[13.31579,56.52488],[13.31576,56.52493],[13.31573,56.52501],[13.3157,56.52512],[13.31569,56.52523],[13.3157,56.52535],[13.31572,56.52547],[13.31582,56.52581],[13.31583,56.52588],[13.31584,56.52589],[13.31585,56.52592],[13.31587,56.52594],[13.31594,56.52596],[13.31597,56.52597],[13.31608,56.526],[13.31638,56.52607],[13.31657,56.52611],[13.31657,56.52611],[13.31657,56.52611],[13.31689,56.52584],[13.31751,56.52602]]],[[[13.31089,56.52942],[13.31059,56.52955],[13.31048,56.52978],[13.31043,56.53006],[13.31042,56.53039],[13.31037,56.53076],[13.31033,56.53095],[13.31028,56.53109],[13.31015,56.53147],[13.31015,56.53147],[13.31015,56.53148],[13.31318,56.53193],[13.31318,56.53193],[13.31371,56.53163],[13.31395,56.53172],[13.31407,56.53177],[13.31407,56.53177],[13.31457,56.53183],[13.31483,56.53188],[13.31536,56.5319],[13.31561,56.53192],[13.31561,56.53192],[13.316,56.53183],[13.31613,56.53179],[13.31627,56.53174],[13.31678,56.53207],[13.31707,56.53242],[13.31895,56.53339],[13.31895,56.53339],[13.31951,56.53333],[13.32381,56.53286],[13.32381,56.53286],[13.32381,56.53286],[13.32401,56.53163],[13.32496,56.53128],[13.32496,56.53128],[13.32496,56.53128],[13.32492,56.53122],[13.32491,56.53117],[13.32491,56.5311],[13.32494,56.53102],[13.32499,56.53092],[13.32499,56.53092],[13.32499,56.53092],[13.32325,56.53045],[13.32176,56.53027],[13.32035,56.52963],[13.31833,56.52879],[13.31801,56.52819],[13.31801,56.52818],[13.31801,56.52818],[13.31741,56.52816],[13.31678,56.52811],[13.31712,56.52759],[13.31712,56.52759],[13.31709,56.52753],[13.31674,56.52687],[13.31634,56.52612],[13.31634,56.52612],[13.31606,56.52605],[13.31592,56.52602],[13.31588,56.526],[13.3158,56.52597],[13.31576,56.52594],[13.31574,56.52591],[13.31573,56.52589],[13.31572,56.52582],[13.31563,56.52548],[13.31561,56.52536],[13.31559,56.52523],[13.31559,56.52511],[13.31559,56.52511],[13.31559,56.52511],[13.31542,56.52508],[13.31542,56.52508],[13.31542,56.52508],[13.31525,56.52515],[13.31525,56.52515],[13.31531,56.52554],[13.31526,56.52577],[13.31451,56.52585],[13.31451,56.52585],[13.31446,56.52591],[13.31447,56.52592],[13.31447,56.52592],[13.3152,56.52604],[13.31555,56.5261],[13.31521,56.52647],[13.31491,56.52693],[13.31483,56.52722],[13.31471,56.52762],[13.31446,56.52821],[13.31446,56.52821],[13.31502,56.52863],[13.31511,56.5287],[13.31507,56.52875],[13.31495,56.52883],[13.31484,56.52887],[13.31469,56.52895],[13.31458,56.52902],[13.31446,56.52908],[13.31436,56.52912],[13.31423,56.52916],[13.31412,56.52918],[13.3139,56.5292],[13.31378,56.52922],[13.31354,56.52924],[13.31329,56.52926],[13.31306,56.52928],[13.31286,56.52924],[13.31274,56.52925],[13.31272,56.52921],[13.31268,56.52916],[13.31267,56.52907],[13.31267,56.52907],[13.31267,56.52907],[13.31197,56.52908],[13.31195,56.52878],[13.31195,56.52878],[13.31195,56.52877],[13.31126,56.52877],[13.31112,56.52875],[13.31112,56.52875],[13.31112,56.52875],[13.31112,56.52876],[13.31113,56.52881],[13.31109,56.52913],[13.31089,56.52942]],[[13.31136,56.5312],[13.31152,56.53122],[13.31165,56.53126],[13.31175,56.53137],[13.31169,56.53146],[13.31119,56.53142],[13.31115,56.53122],[13.31136,56.5312]]]]},"properties":{"NVRID":"2047159","NAMN":"Prästaskogen","SKYDDSTYP":"Naturreservat","LAN":"Hallands Län","KOMMUN":"Laholm","IUCNKATEGORI":"IV, Habitat/Artskyddsområde (Habitat/Species Management Area)","FORVALTARE":"Länsstyrelsen i Hallands län","AREA_HA":38.6,"URSPR_BESLUTSDATUM":"2022-09-28"}},{"type":"Feature","geometry":{"type":"Polygon","coordinates":[[[12.24969,57.23659],[12.24955,57.23664],[12.24941,57.23671],[12.24923,57.23677],[12.24905,57.23684],[12.24896,57.23687],[12.24896,57.23687],[12.24896,57.23687],[12.24896,57.23687],[12.24919,57.2371],[12.24919,57.2371],[12.24919,57.2371],[12.25037,57.23703],[12.25037,57.23703],[12.25104,57.23669],[12.25104,57.23669],[12.25104,57.23669],[12.25075,57.2365],[12.25007,57.23637],[12.25007,57.23637],[12.25007,57.23637],[12.24993,57.23644],[12.24983,57.2365],[12.24969,57.23659]]]},"properties":{"NVRID":"2001974","NAMN":"Hjörne","SKYDDSTYP":"Naturreservat","LAN":"Hallands Län","KOMMUN":"Varberg","IUCNKATEGORI":"IV, Habitat/Artskyddsområde (Habitat/Species Management Area)","FORVALTARE":"Länsstyrelsen i Hallands län","AREA_HA":0.595,"URSPR_BESLUTSDATUM":"1966-04-26"}},{"type":"Feature","geometry":{"type":"Polygon","coordinates":[[[11.91975,57.28981],[11.91975,57.28981],[11.91975,57.28981],[11.89866,57.29049],[11.87705,57.29106],[11.87705,57.29106],[11.87704,57.29106],[11.87704,57.29106],[11.87743,57.30514],[11.87778,57.31986],[11.87778,57.31987],[11.87779,57.31987],[11.87779,57.31987],[11.87779,57.31987],[11.90485,57.31261],[11.9278,57.30644],[11.9278,57.30644],[11.9278,57.30644],[11.92362,57.29769],[11.91975,57.28981]]]},"properties":{"NVRID":"2001970","NAMN":"Nidingen","SKYDDSTYP":"Naturreservat","LAN":"Hallands Län","KOMMUN":"Kungsbacka","IUCNKATEGORI":"IV, Habitat/Artskyddsområde (Habitat/Species Management Area)","FORVALTARE":"Länsstyrelsen i Hallands län","AREA_HA":727.996,"URSPR_BESLUTSDATUM":"1980-01-25"}},{"type":"Feature","geometry":{"type":"Polygon","coordinates":[[[13.38716,56.60757],[13.39094,56.61139],[13.39064,56.61214],[13.38986,56.61406],[13.38986,56.61406],[13.38986,56.61406],[13.39726,56.61574],[13.39727,56.61574],[13.39727,56.61574],[13.39727,56.61574],[13.39727,56.61574],[13.39759,56.60885],[13.39816,56.60765],[13.40426,56.59489],[13.40426,56.59489],[13.40426,56.59489],[13.40267,56.59417],[13.40258,56.59395],[13.40256,56.59373],[13.40257,56.59346],[13.40279,56.59332],[13.40279,56.59332],[13.40271,56.59308],[13.40255,56.59283],[13.40248,56.59262],[13.40253,56.59249],[13.40285,56.59245],[13.40328,56.59237],[13.4037,56.59221],[13.40412,56.59207],[13.40442,56.59154],[13.40517,56.59058],[13.4059,56.59006],[13.40682,56.58953],[13.40711,56.58944],[13.40743,56.58896],[13.40868,56.58849],[13.40868,56.58849],[13.4088,56.58813],[13.40888,56.58804],[13.40888,56.58804],[13.40888,56.58804],[13.40888,56.58804],[13.40888,56.58804],[13.40888,56.58804],[13.40869,56.58809],[13.40846,56.58811],[13.40816,56.58811],[13.40748,56.58822],[13.40728,56.58824],[13.40701,56.58825],[13.4066,56.58823],[13.40616,56.58821],[13.40571,56.58824],[13.40538,56.58834],[13.40512,56.58843],[13.40493,56.58849],[13.40445,56.58864],[13.40421,56.58871],[13.40399,56.58878],[13.41003,56.58245],[13.41003,56.58245],[13.41003,56.58245],[13.41003,56.58245],[13.40656,56.58122],[13.40468,56.57983],[13.39801,56.57742],[13.39801,56.57742],[13.38936,56.58128],[13.38936,56.58128],[13.38925,56.58209],[13.38916,56.58248],[13.38771,56.58279],[13.38771,56.58279],[13.38771,56.58279],[13.38768,56.58371],[13.39266,56.59109],[13.39172,56.59111],[13.3888,56.59117],[13.3888,56.59117],[13.3888,56.59118],[13.39288,56.59747],[13.38917,56.5978],[13.38917,56.5978],[13.38917,56.5978],[13.39249,56.60223],[13.38044,56.60602],[13.38044,56.60602],[13.38044,56.60602],[13.38112,56.60683],[13.38281,56.60891],[13.38281,56.60891],[13.38281,56.60891],[13.38716,56.60757]],[[13.39627,56.58514],[13.39645,56.58495],[13.39691,56.58509],[13.39675,56.58528],[13.39627,56.58514]],[[13.39319,56.58508],[13.39322,56.58487],[13.39388,56.58493],[13.39381,56.58512],[13.39319,56.58508]],[[13.38356,56.60635],[13.38411,56.60626],[13.38434,56.60632],[13.38466,56.60628],[13.3848,56.60656],[13.38457,56.60673],[13.38369,56.60678],[13.38358,56.60667],[13.38356,56.60635]],[[13.3986,56.60184],[13.39989,56.6018],[13.39958,56.60259],[13.39863,56.60255],[13.3986,56.60184]],[[13.39846,56.60086],[13.39898,56.60001],[13.40041,56.60043],[13.40037,56.60046],[13.4003,56.60051],[13.40027,56.60054],[13.40022,56.60063],[13.40018,56.60068],[13.40015,56.60071],[13.40012,56.60073],[13.40002,56.6008],[13.4,56.60084],[13.39995,56.60093],[13.39989,56.60114],[13.39846,56.60086]]]},"properties":{"NVRID":"2013559","NAMN":"Rönnö","SKYDDSTYP":"Naturreservat","LAN":"Hallands Län","KOMMUN":"Laholm, Markaryd","IUCNKATEGORI":"Ia, Strikt naturreservat (Strict Nature Reserve)","FORVALTARE":"Länsstyrelsen i Hallands län","AREA_HA":325.669,"URSPR_BESLUTSDATUM":"2008-05-28"}},{"type":"Feature","geometry":{"type":"Polygon","coordinates":[[[12.06489,57.33958],[12.06489,57.33958],[12.06489,57.33958],[12.06495,57.33955],[12.06497,57.33952],[12.06496,57.3395],[12.06496,57.33947],[12.06495,57.33943],[12.06495,57.33919],[12.06515,57.33892],[12.06537,57.33902],[12.06528,57.33925],[12.06529,57.3393],[12.06531,57.33933],[12.06534,57.33936],[12.06537,57.33939],[12.06538,57.33942],[12.06535,57.33942],[12.0653,57.33943],[12.06526,57.33943],[12.06522,57.33946],[12.06519,57.33955],[12.06518,57.33958],[12.06516,57.33963],[12.06518,57.33965],[12.0652,57.33967],[12.06522,57.3397],[12.06526,57.33973],[12.06529,57.33977],[12.06532,57.33979],[12.06534,57.33982],[12.06535,57.33987],[12.0654,57.34],[12.06548,57.34025],[12.0656,57.34067],[12.06565,57.34084],[12.06576,57.34113],[12.06575,57.34119],[12.06573,57.34123],[12.06572,57.34128],[12.06572,57.34134],[12.06573,57.34137],[12.06575,57.34142],[12.06578,57.34148],[12.0658,57.34155],[12.06582,57.34163],[12.06583,57.34167],[12.06585,57.34172],[12.06585,57.34175],[12.06587,57.34178],[12.06588,57.34181],[12.06591,57.34184],[12.06594,57.34187],[12.06598,57.3419],[12.066,57.34192],[12.06603,57.34194],[12.06605,57.34195],[12.06609,57.34199],[12.06616,57.34204],[12.06622,57.3421],[12.06627,57.34214],[12.06637,57.34222],[12.06643,57.34228],[12.06653,57.34236],[12.06662,57.34244],[12.06671,57.3425],[12.06675,57.34253],[12.06679,57.34256],[12.06679,57.34256],[12.06687,57.34257],[12.06691,57.34258],[12.06691,57.34257],[12.06695,57.34256],[12.067,57.34254],[12.06703,57.34254],[12.06705,57.34255],[12.06705,57.34258],[12.06707,57.34261],[12.0671,57.34263],[12.06713,57.34268],[12.06716,57.34271],[12.06721,57.34276],[12.06722,57.34278],[12.06722,57.34278],[12.06735,57.34286],[12.06761,57.34298],[12.06769,57.34303],[12.06785,57.34308],[12.06796,57.34316],[12.06803,57.34325],[12.0681,57.3433],[12.06818,57.34334],[12.06827,57.34337],[12.06833,57.3434],[12.0684,57.34341],[12.06843,57.34346],[12.06845,57.3435],[12.06852,57.34355],[12.06862,57.34357],[12.0687,57.34357],[12.06868,57.34359],[12.06866,57.34363],[12.06868,57.34365],[12.06868,57.34365],[12.06874,57.34366],[12.06874,57.34366],[12.06879,57.34365],[12.06886,57.34371],[12.06894,57.34383],[12.06891,57.34403],[12.06891,57.34412],[12.06887,57.34424],[12.06881,57.34431],[12.06881,57.34431],[12.06883,57.34437],[12.06893,57.34445],[12.06902,57.34455],[12.06905,57.34464],[12.06906,57.34471],[12.06911,57.34481],[12.06915,57.34486],[12.06909,57.34497],[12.06909,57.34497],[12.06917,57.34504],[12.06916,57.34508],[12.06912,57.34512],[12.06905,57.34515],[12.06898,57.34514],[12.0689,57.34514],[12.06885,57.34515],[12.06836,57.34532],[12.0683,57.34533],[12.06821,57.34529],[12.0681,57.34525],[12.06805,57.34523],[12.06805,57.34523],[12.06805,57.34523],[12.06802,57.34524],[12.06798,57.34525],[12.06792,57.34522],[12.06792,57.34522],[12.0678,57.34526],[12.06776,57.34529],[12.06772,57.34533],[12.06764,57.34534],[12.06758,57.34532],[12.06758,57.34532],[12.06754,57.34533],[12.0675,57.34535],[12.06743,57.34535],[12.06736,57.34535],[12.0673,57.34538],[12.0673,57.34542],[12.0673,57.34546],[12.06727,57.34548],[12.06722,57.34549],[12.06722,57.3455],[12.0672,57.34551],[12.06721,57.34554],[12.06716,57.34555],[12.06712,57.34556],[12.06709,57.34557],[12.06709,57.34557],[12.06711,57.34562],[12.06714,57.34568],[12.06714,57.34572],[12.06705,57.34578],[12.06694,57.34583],[12.06691,57.34582],[12.06691,57.34582],[12.06691,57.34582],[12.06689,57.34583],[12.06689,57.34583],[12.06689,57.34585],[12.06688,57.34587],[12.06685,57.3459],[12.06685,57.34592],[12.06686,57.34595],[12.06687,57.34598],[12.06688,57.34601],[12.06687,57.34603],[12.06689,57.3461],[12.06689,57.34612],[12.06689,57.34612],[12.06701,57.34615],[12.067,57.34631],[12.06699,57.34632],[12.06703,57.34638],[12.06707,57.34645],[12.06708,57.34651],[12.0671,57.34659],[12.0671,57.34659],[12.06722,57.34663],[12.06729,57.34668],[12.06732,57.34672],[12.06731,57.34675],[12.06734,57.3468],[12.06734,57.3468],[12.06742,57.34683],[12.06749,57.34692],[12.06752,57.34705],[12.06758,57.34711],[12.06764,57.34715],[12.06766,57.3472],[12.06761,57.34725],[12.06755,57.34727],[12.06754,57.34727],[12.06756,57.34734],[12.06761,57.34738],[12.06764,57.34739],[12.06764,57.34739],[12.06773,57.34737],[12.06794,57.34769],[12.06815,57.34785],[12.06835,57.348],[12.06842,57.34806],[12.06868,57.34841],[12.06874,57.3485],[12.06891,57.3486],[12.06891,57.3486],[12.06891,57.3486],[12.07007,57.34831],[12.07007,57.3483],[12.07013,57.34817],[12.07013,57.34817],[12.07013,57.34817],[12.07043,57.34735],[12.07153,57.3464],[12.07251,57.34519],[12.07329,57.34388],[12.07376,57.34375],[12.07824,57.34248],[12.07989,57.34202],[12.08256,57.34125],[12.08489,57.34058],[12.08489,57.34058],[12.08489,57.34058],[12.08432,57.33971],[12.08304,57.33776],[12.08289,57.33755],[12.08289,57.33755],[12.08289,57.33755],[12.08289,57.33755],[12.08286,57.33756],[12.08265,57.33764],[12.08247,57.33767],[12.08219,57.33768],[12.08181,57.33768],[12.08134,57.33765],[12.081,57.33764],[12.08086,57.33755],[12.08071,57.33753],[12.08061,57.33749],[12.08042,57.33739],[12.08039,57.33731],[12.08031,57.33725],[12.08029,57.33719],[12.08031,57.33712],[12.08038,57.33702],[12.0803,57.33695],[12.08028,57.33689],[12.08027,57.33689],[12.08003,57.33687],[12.07992,57.33687],[12.07972,57.33689],[12.07917,57.33681],[12.07837,57.33665],[12.07811,57.33662],[12.07785,57.33665],[12.07758,57.33665],[12.07744,57.33664],[12.07726,57.33663],[12.07703,57.33668],[12.07685,57.33672],[12.07668,57.33676],[12.0766,57.33684],[12.07639,57.33695],[12.07624,57.33699],[12.07602,57.337],[12.07588,57.33703],[12.07573,57.33707],[12.07548,57.33708],[12.07526,57.33707],[12.07482,57.337],[12.07428,57.33694],[12.07336,57.33676],[12.07295,57.33663],[12.07282,57.33651],[12.07274,57.33636],[12.07274,57.33636],[12.07258,57.3363],[12.07258,57.33626],[12.07258,57.33623],[12.07258,57.33623],[12.07247,57.33619],[12.07224,57.33617],[12.07198,57.33615],[12.07169,57.33612],[12.07136,57.33602],[12.07097,57.33596],[12.07097,57.33596],[12.07085,57.336],[12.07085,57.336],[12.0708,57.33605],[12.07069,57.33605],[12.07052,57.33603],[12.07042,57.33601],[12.07016,57.33589],[12.07016,57.33589],[12.06998,57.33592],[12.0698,57.3359],[12.06973,57.33592],[12.06954,57.33597],[12.06947,57.33597],[12.06942,57.33595],[12.06943,57.3359],[12.06943,57.33584],[12.06934,57.33576],[12.06925,57.33572],[12.06926,57.3357],[12.0693,57.33563],[12.0693,57.33558],[12.0693,57.33558],[12.0693,57.33558],[12.0691,57.33555],[12.06892,57.3355],[12.06872,57.33547],[12.06857,57.33543],[12.06835,57.33534],[12.06832,57.33525],[12.06832,57.33525],[12.06813,57.33519],[12.06786,57.33522],[12.06778,57.33523],[12.06774,57.33525],[12.06768,57.33526],[12.06761,57.33528],[12.06753,57.33531],[12.06746,57.33532],[12.06735,57.33537],[12.06727,57.33538],[12.06719,57.33541],[12.06713,57.33545],[12.06708,57.33549],[12.06702,57.33553],[12.06696,57.33557],[12.06689,57.33562],[12.0668,57.33566],[12.06672,57.3357],[12.06664,57.33578],[12.06654,57.33586],[12.06646,57.33589],[12.06636,57.33597],[12.0663,57.33601],[12.06621,57.33608],[12.0661,57.33614],[12.06598,57.33622],[12.06585,57.33632],[12.06575,57.33639],[12.0656,57.33646],[12.06549,57.33652],[12.06541,57.3366],[12.0653,57.33664],[12.06521,57.33671],[12.06509,57.33678],[12.06497,57.33683],[12.06491,57.33686],[12.06483,57.33691],[12.06477,57.33694],[12.0647,57.337],[12.06463,57.33706],[12.06453,57.33715],[12.06446,57.3372],[12.0644,57.33729],[12.06432,57.33737],[12.06428,57.33742],[12.06423,57.33748],[12.06422,57.33754],[12.06418,57.33759],[12.06412,57.33762],[12.06405,57.33768],[12.06402,57.33776],[12.06398,57.33785],[12.06396,57.33796],[12.06394,57.33802],[12.06395,57.33808],[12.06398,57.33813],[12.064,57.33818],[12.06403,57.33825],[12.06404,57.33832],[12.06401,57.33841],[12.06401,57.3385],[12.06399,57.33882],[12.06403,57.33887],[12.06403,57.33894],[12.06405,57.33901],[12.06407,57.33905],[12.06409,57.3391],[12.06411,57.33917],[12.06416,57.33923],[12.06421,57.3393],[12.06425,57.33934],[12.06431,57.33938],[12.06438,57.33942],[12.06447,57.33946],[12.06452,57.33948],[12.06461,57.33951],[12.06465,57.33953],[12.06476,57.33955],[12.06482,57.33957],[12.06489,57.33958]]]},"properties":{"NVRID":"2001968","NAMN":"Näsbokrok","SKYDDSTYP":"Naturreservat","LAN":"Hallands Län","KOMMUN":"Kungsbacka","IUCNKATEGORI":"IV, Habitat/Artskyddsområde (Habitat/Species Management Area)","FORVALTARE":"Länsstyrelsen i Hallands län","AREA_HA":90.148,"URSPR_BESLUTSDATUM":"1972-03-13"}},{"type":"Feature","geometry":{"type":"Polygon","coordinates":[[[13.10343,56.64161],[13.10343,56.64162],[13.10343,56.64162],[13.10629,56.6427],[13.10694,56.64422],[13.10658,56.64661],[13.10614,56.64685],[13.10614,56.64685],[13.10614,56.64685],[13.10718,56.64762],[13.10739,56.64821],[13.10741,56.64844],[13.10742,56.64845],[13.1077,56.64859],[13.10738,56.64918],[13.10738,56.64918],[13.10771,56.64952],[13.10801,56.64963],[13.10582,56.65204],[13.10582,56.65204],[13.10662,56.65258],[13.10662,56.65258],[13.1094,56.65247],[13.1094,56.65247],[13.11224,56.65014],[13.11224,56.65014],[13.1123,56.64976],[13.11077,56.64701],[13.11006,56.64428],[13.11296,56.64405],[13.11297,56.64405],[13.11297,56.64405],[13.11092,56.64024],[13.10915,56.63876],[13.10903,56.63855],[13.10841,56.63835],[13.10783,56.63825],[13.10783,56.63825],[13.10783,56.63825],[13.10343,56.64161]]]},"properties":{"NVRID":"2014406","NAMN":"Kvarnaberget","SKYDDSTYP":"Naturreservat","LAN":"Hallands Län","KOMMUN":"Halmstad","IUCNKATEGORI":"Ia, Strikt naturreservat (Strict Nature Reserve)","FORVALTARE":"Länsstyrelsen i Hallands län","AREA_HA":45.264,"URSPR_BESLUTSDATUM":"2008-11-24"}},{"type":"Feature","geometry":{"type":"Polygon","coordinates":[[[12.27351,57.4372],[12.27351,57.4372],[12.27351,57.4372],[12.27365,57.43724],[12.27612,57.43813],[12.27739,57.43826],[12.27765,57.43843],[12.27793,57.4386],[12.27801,57.43865],[12.27837,57.43881],[12.27862,57.43892],[12.27874,57.43897],[12.27889,57.43903],[12.27896,57.43907],[12.27906,57.43912],[12.27911,57.43918],[12.2792,57.43925],[12.27942,57.43933],[12.2796,57.43942],[12.27978,57.43951],[12.28005,57.43957],[12.28018,57.43961],[12.28025,57.43964],[12.28049,57.43978],[12.28077,57.43994],[12.28102,57.4401],[12.28137,57.44031],[12.28158,57.44045],[12.28174,57.4405],[12.28191,57.44057],[12.28205,57.44063],[12.28229,57.44074],[12.28251,57.44087],[12.28268,57.44098],[12.28275,57.44104],[12.28284,57.4411],[12.28298,57.44113],[12.28317,57.44117],[12.28332,57.4412],[12.28359,57.44128],[12.28373,57.44139],[12.28398,57.44157],[12.28417,57.44171],[12.28441,57.4419],[12.28462,57.44208],[12.2847,57.44214],[12.28485,57.44224],[12.28545,57.44264],[12.28569,57.44276],[12.28588,57.44284],[12.2861,57.44293],[12.28632,57.44306],[12.28654,57.44316],[12.28685,57.44332],[12.28704,57.4434],[12.2872,57.44347],[12.28744,57.4435],[12.28782,57.44357],[12.28796,57.4436],[12.28803,57.44361],[12.28825,57.44363],[12.28839,57.44365],[12.28856,57.44367],[12.28867,57.44369],[12.28882,57.44377],[12.28887,57.44383],[12.28893,57.44391],[12.28902,57.44396],[12.28914,57.44399],[12.28991,57.44468],[12.28991,57.44468],[12.28991,57.44468],[12.29112,57.44425],[12.29112,57.44425],[12.29097,57.44325],[12.29069,57.44142],[12.29065,57.4412],[12.29025,57.43856],[12.29006,57.43727],[12.28991,57.43625],[12.28967,57.43452],[12.28949,57.43302],[12.28942,57.43252],[12.28927,57.4314],[12.28927,57.4314],[12.28901,57.42951],[12.28901,57.42951],[12.28901,57.42951],[12.28902,57.42951],[12.28897,57.42918],[12.28908,57.42905],[12.28923,57.42894],[12.28932,57.42885],[12.2894,57.42879],[12.28951,57.42871],[12.28952,57.42871],[12.28941,57.4286],[12.28939,57.42855],[12.2893,57.42847],[12.28928,57.42843],[12.28926,57.42839],[12.28922,57.42835],[12.28916,57.42827],[12.2891,57.42821],[12.28902,57.42816],[12.28897,57.42803],[12.28888,57.4279],[12.28876,57.42756],[12.28919,57.42653],[12.28923,57.42607],[12.28923,57.42607],[12.28698,57.42526],[12.28351,57.42408],[12.28351,57.42408],[12.28351,57.42408],[12.28342,57.42411],[12.28324,57.42415],[12.28309,57.42418],[12.28297,57.42419],[12.28287,57.42421],[12.28268,57.42425],[12.28261,57.42428],[12.28238,57.42435],[12.28225,57.42439],[12.28215,57.42441],[12.2821,57.42444],[12.28203,57.42445],[12.2819,57.42449],[12.28179,57.42454],[12.28159,57.42467],[12.28152,57.42473],[12.28145,57.42478],[12.28135,57.42494],[12.28127,57.42503],[12.28052,57.425],[12.28029,57.425],[12.28012,57.42486],[12.28012,57.42486],[12.28011,57.42486],[12.27859,57.42525],[12.27839,57.42538],[12.27839,57.42538],[12.27839,57.42538],[12.27839,57.42538],[12.2786,57.4254],[12.27887,57.42542],[12.27908,57.42547],[12.27925,57.42555],[12.27939,57.42562],[12.27939,57.42562],[12.27922,57.42583],[12.2791,57.42592],[12.27902,57.42606],[12.27898,57.42614],[12.2789,57.4263],[12.27889,57.42632],[12.27887,57.42635],[12.27885,57.42638],[12.27883,57.4264],[12.2787,57.42651],[12.27858,57.42662],[12.27843,57.42681],[12.27842,57.42697],[12.27839,57.42719],[12.27836,57.42738],[12.27838,57.42747],[12.2784,57.42757],[12.27841,57.42772],[12.27843,57.42786],[12.27854,57.42814],[12.27853,57.42819],[12.27847,57.42847],[12.27853,57.4286],[12.27853,57.4286],[12.27854,57.4286],[12.27757,57.42979],[12.27757,57.42979],[12.27757,57.42979],[12.27757,57.42979],[12.27933,57.4317],[12.27351,57.4372]]]},"properties":{"NVRID":"2001963","NAMN":"Äskhult","SKYDDSTYP":"Naturreservat","LAN":"Hallands Län","KOMMUN":"Kungsbacka","IUCNKATEGORI":"IV, Habitat/Artskyddsområde (Habitat/Species Management Area)","FORVALTARE":"Västkuststiftelsen","AREA_HA":137.871,"URSPR_BESLUTSDATUM":"1997-03-21"}},{"type":"Feature","geometry":{"type":"Polygon","coordinates":[[[12.93517,56.47482],[12.9349,56.47364],[12.9349,56.47364],[12.9349,56.47364],[12.93035,56.47423],[12.93035,56.47423],[12.93035,56.47423],[12.93035,56.47424],[12.93201,56.47677],[12.93203,56.4768],[12.93217,56.47701],[12.93712,56.48455],[12.93712,56.48455],[12.93712,56.48455],[12.93834,56.48438],[12.93953,56.48421],[12.94406,56.48359],[12.94447,56.48353],[12.94782,56.48307],[12.94782,56.48307],[12.94782,56.48307],[12.94745,56.48251],[12.94659,56.48109],[12.94641,56.48078],[12.94615,56.48034],[12.94583,56.47979],[12.9457,56.47955],[12.94555,56.47928],[12.94525,56.47873],[12.94491,56.47812],[12.94491,56.47812],[12.94466,56.47802],[12.94461,56.47796],[12.94475,56.47783],[12.94475,56.47783],[12.94465,56.47763],[12.94456,56.47746],[12.94426,56.47689],[12.94426,56.47689],[12.9421,56.47639],[12.93517,56.47482]]]},"properties":{"NVRID":"2001085","NAMN":"Skummeslövs sanddynsreservat","SKYDDSTYP":"Naturreservat","LAN":"Hallands Län","KOMMUN":"Laholm","IUCNKATEGORI":"III, Naturmonument (Natural Monument)","FORVALTARE":"Länsstyrelsen i Hallands län","AREA_HA":70.718,"URSPR_BESLUTSDATUM":"1972-06-30"}},{"type":"Feature","geometry":{"type":"Polygon","coordinates":[[[12.56019,56.97888],[12.55899,56.97891],[12.55899,56.97891],[12.55899,56.97891],[12.55891,56.97917],[12.55865,56.97938],[12.55839,56.97988],[12.55839,56.97988],[12.55839,56.97988],[12.55888,56.97996],[12.55888,56.97996],[12.56054,56.9795],[12.56143,56.97921],[12.56143,56.97921],[12.56143,56.97921],[12.56143,56.97921],[12.56066,56.97894],[12.56019,56.97888]]]},"properties":{"NVRID":"2002003","NAMN":"Hällarp","SKYDDSTYP":"Naturreservat","LAN":"Hallands Län","KOMMUN":"Falkenberg","IUCNKATEGORI":"IV, Habitat/Artskyddsområde (Habitat/Species Management Area)","FORVALTARE":"Länsstyrelsen i Hallands län","AREA_HA":1.243,"URSPR_BESLUTSDATUM":"1981-11-03"}},{"type":"Feature","geometry":{"type":"Polygon","coordinates":[[[13.12796,56.60566],[13.12803,56.60561],[13.12815,56.6055],[13.12821,56.60537],[13.12822,56.60524],[13.12815,56.60507],[13.12809,56.605],[13.12812,56.60494],[13.1282,56.60483],[13.12817,56.60462],[13.12817,56.60462],[13.12817,56.60461],[13.12817,56.60462],[13.12788,56.60472],[13.12768,56.60482],[13.1275,56.60487],[13.12737,56.60488],[13.12684,56.60482],[13.12662,56.60478],[13.12653,56.60475],[13.12653,56.60475],[13.12653,56.60475],[13.12653,56.60475],[13.12653,56.60475],[13.12659,56.6048],[13.12684,56.60506],[13.12705,56.60533],[13.12728,56.60557],[13.12736,56.60571],[13.12742,56.60586],[13.12744,56.60596],[13.12745,56.60616],[13.12744,56.60641],[13.1275,56.60678],[13.12749,56.6069],[13.12742,56.60712],[13.12735,56.60725],[13.12726,56.60742],[13.12733,56.60764],[13.12732,56.60773],[13.12728,56.60779],[13.12717,56.60787],[13.1269,56.60799],[13.12684,56.60808],[13.12681,56.60822],[13.12683,56.60831],[13.12688,56.60836],[13.12694,56.60841],[13.12733,56.60865],[13.12779,56.60892],[13.1282,56.60913],[13.1284,56.60924],[13.12875,56.60944],[13.12924,56.60976],[13.12924,56.60976],[13.12924,56.60976],[13.13192,56.60904],[13.13192,56.60904],[13.13192,56.60904],[13.13185,56.60899],[13.13182,56.60895],[13.13185,56.60887],[13.13185,56.60881],[13.13177,56.60872],[13.13165,56.60862],[13.13157,56.60858],[13.13137,56.60842],[13.13125,56.60827],[13.13104,56.60804],[13.13082,56.60784],[13.13066,56.60768],[13.13053,56.60757],[13.13022,56.60743],[13.12999,56.60734],[13.12965,56.60716],[13.12951,56.60706],[13.1293,56.60684],[13.12915,56.60676],[13.1289,56.6066],[13.12869,56.60648],[13.12853,56.60639],[13.12837,56.60629],[13.12833,56.60623],[13.1283,56.6061],[13.12825,56.60595],[13.12821,56.60586],[13.12802,56.60572],[13.12796,56.60566]]]},"properties":{"NVRID":"2001076","NAMN":"Hollandsbjär","SKYDDSTYP":"Naturreservat","LAN":"Hallands Län","KOMMUN":"Laholm","IUCNKATEGORI":"IV, Habitat/Artskyddsområde (Habitat/Species Management Area)","FORVALTARE":"Länsstyrelsen i Hallands län","AREA_HA":7.795,"URSPR_BESLUTSDATUM":"1982-10-11"}},{"type":"Feature","geometry":{"type":"Polygon","coordinates":[[[12.98385,56.68731],[12.98385,56.68731],[12.98385,56.68731],[12.98385,56.68731],[12.98476,56.68743],[12.985,56.68743],[12.98565,56.68741],[12.98603,56.6874],[12.98635,56.68742],[12.98756,56.68754],[12.98801,56.68762],[12.98853,56.68763],[12.98882,56.6876],[12.98914,56.68755],[12.98941,56.68748],[12.98964,56.68736],[12.98979,56.68723],[12.98996,56.68701],[12.99008,56.68681],[12.99027,56.68661],[12.99043,56.6865],[12.9906,56.68643],[12.99075,56.68641],[12.99105,56.68641],[12.99125,56.68643],[12.99152,56.68646],[12.9917,56.68653],[12.9917,56.68653],[12.9921,56.68647],[12.99352,56.68631],[12.99375,56.68666],[12.99367,56.68673],[12.99355,56.68684],[12.99355,56.68684],[12.99359,56.68699],[12.99368,56.68725],[12.99425,56.68809],[12.99552,56.68893],[12.99631,56.6895],[12.99632,56.6895],[12.99632,56.6895],[12.99632,56.6895],[12.99651,56.68921],[12.99651,56.68921],[12.99651,56.68921],[12.99642,56.68916],[12.99634,56.68908],[12.99627,56.689],[12.99612,56.68897],[12.99591,56.68889],[12.99542,56.68845],[12.99515,56.68818],[12.99517,56.68802],[12.99515,56.68786],[12.99504,56.68772],[12.99462,56.68745],[12.99449,56.68734],[12.99449,56.68724],[12.9945,56.68713],[12.99442,56.68693],[12.99425,56.6868],[12.99418,56.68673],[12.99417,56.68664],[12.99404,56.68653],[12.99404,56.68652],[12.994,56.68652],[12.99389,56.68633],[12.99376,56.6862],[12.99376,56.6862],[12.99341,56.68609],[12.99267,56.68595],[12.99198,56.68593],[12.99132,56.68593],[12.99095,56.68594],[12.99052,56.68597],[12.9903,56.68606],[12.99012,56.68608],[12.98998,56.68607],[12.98885,56.68599],[12.9883,56.68594],[12.98778,56.68591],[12.98686,56.68586],[12.98665,56.68573],[12.98633,56.68565],[12.98601,56.6856],[12.9858,56.68561],[12.98549,56.68567],[12.98517,56.68567],[12.98495,56.68564],[12.98495,56.68564],[12.98495,56.68564],[12.98482,56.68584],[12.98385,56.68731]]]},"properties":{"NVRID":"2001423","NAMN":"Årnarp","SKYDDSTYP":"Naturreservat","LAN":"Hallands Län","KOMMUN":"Halmstad","IUCNKATEGORI":"IV, Habitat/Artskyddsområde (Habitat/Species Management Area)","FORVALTARE":"Länsstyrelsen i Hallands län","AREA_HA":8.923,"URSPR_BESLUTSDATUM":"1990-06-29"}},{"type":"Feature","geometry":{"type":"Polygon","coordinates":[[[13.20794,56.7801],[13.20732,56.78086],[13.20732,56.78086],[13.20773,56.78175],[13.20721,56.78253],[13.20721,56.78253],[13.20879,56.78335],[13.20908,56.78367],[13.20994,56.78408],[13.21059,56.7854],[13.21132,56.78587],[13.21132,56.78587],[13.21132,56.78587],[13.21506,56.78518],[13.21506,56.78518],[13.21506,56.78518],[13.21401,56.78313],[13.21253,56.78221],[13.20908,56.78009],[13.20908,56.78009],[13.20869,56.78005],[13.20832,56.78004],[13.20794,56.7801],[13.20794,56.7801]]]},"properties":{"NVRID":"2001406","NAMN":"Svarta klippan","SKYDDSTYP":"Naturreservat","LAN":"Hallands Län","KOMMUN":"Halmstad","IUCNKATEGORI":"IV, Habitat/Artskyddsområde (Habitat/Species Management Area)","FORVALTARE":"Länsstyrelsen i Hallands län","AREA_HA":16.067,"URSPR_BESLUTSDATUM":"2000-12-08"}},{"type":"Feature","geometry":{"type":"Polygon","coordinates":[[[12.48502,56.97036],[12.48502,56.97036],[12.48502,56.97036],[12.49046,56.97241],[12.49046,56.97241],[12.49046,56.97241],[12.49046,56.97241],[12.49046,56.97241],[12.49048,56.97229],[12.49049,56.9721],[12.49049,56.97202],[12.49051,56.9719],[12.49054,56.97172],[12.49057,56.97148],[12.49059,56.9714],[12.49061,56.97135],[12.49066,56.97128],[12.49066,56.97128],[12.49014,56.97019],[12.49014,56.97019],[12.49014,56.97019],[12.49014,56.97019],[12.48922,56.9708],[12.48547,56.96971],[12.48547,56.96971],[12.48547,56.96971],[12.48547,56.96971],[12.48502,56.97036]]]},"properties":{"NVRID":"2002004","NAMN":"Bengtesgårds äng","SKYDDSTYP":"Naturreservat","LAN":"Hallands Län","KOMMUN":"Falkenberg","IUCNKATEGORI":"IV, Habitat/Artskyddsområde (Habitat/Species Management Area)","FORVALTARE":"Länsstyrelsen i Hallands län","AREA_HA":4.108,"URSPR_BESLUTSDATUM":"1972-05-18"}},{"type":"Feature","geometry":{"type":"MultiPolygon","coordinates":[[[[12.19762,57.49897],[12.19758,57.49902],[12.19758,57.49902],[12.19758,57.49902],[12.19759,57.49902],[12.19767,57.49901],[12.19801,57.49904],[12.19864,57.49909],[12.19895,57.49916],[12.19948,57.49916],[12.19948,57.49916],[12.19948,57.49916],[12.19946,57.4989],[12.19946,57.49889],[12.19945,57.49889],[12.19936,57.49871],[12.19927,57.49863],[12.19916,57.49852],[12.19904,57.49841],[12.19891,57.49835],[12.19883,57.49828],[12.19883,57.49828],[12.19871,57.49826],[12.19861,57.49826],[12.19833,57.49822],[12.19807,57.49825],[12.19783,57.4983],[12.19783,57.4983],[12.19764,57.49847],[12.19757,57.49865],[12.19755,57.49882],[12.19757,57.49888],[12.19762,57.49897]]],[[[12.17613,57.49798],[12.17686,57.49802],[12.17738,57.49811],[12.17801,57.49819],[12.17948,57.49837],[12.17975,57.49844],[12.18006,57.49878],[12.18015,57.49896],[12.18015,57.49896],[12.18078,57.4991],[12.18158,57.49934],[12.18158,57.49934],[12.18158,57.49933],[12.18203,57.49901],[12.18245,57.49889],[12.1829,57.49898],[12.1829,57.49898],[12.18389,57.49859],[12.18389,57.49859],[12.18389,57.49859],[12.18389,57.49859],[12.18379,57.49852],[12.18413,57.4982],[12.18478,57.49806],[12.18562,57.49826],[12.18621,57.49857],[12.18621,57.49857],[12.18621,57.49857],[12.18638,57.49847],[12.18674,57.4984],[12.18674,57.4984],[12.18679,57.4983],[12.18675,57.49821],[12.18681,57.49804],[12.18667,57.49791],[12.18668,57.49774],[12.18672,57.49765],[12.18655,57.49749],[12.18653,57.49714],[12.18695,57.49649],[12.18781,57.49663],[12.18835,57.49682],[12.18884,57.49699],[12.18907,57.49718],[12.18966,57.49752],[12.18932,57.49782],[12.18909,57.49811],[12.18909,57.49812],[12.1893,57.49828],[12.18958,57.49853],[12.19004,57.49893],[12.19043,57.49905],[12.19043,57.49905],[12.19102,57.49899],[12.19142,57.49896],[12.19186,57.49881],[12.19242,57.49896],[12.19284,57.49916],[12.19318,57.4994],[12.19398,57.49958],[12.19426,57.49981],[12.1941,57.50028],[12.19412,57.50068],[12.19441,57.50125],[12.19457,57.50138],[12.19457,57.50138],[12.19458,57.50138],[12.19506,57.50133],[12.19534,57.50139],[12.19589,57.50157],[12.19632,57.50179],[12.19652,57.50194],[12.19675,57.50215],[12.19675,57.50215],[12.19703,57.50214],[12.19703,57.50214],[12.19703,57.50214],[12.19699,57.50154],[12.19636,57.50105],[12.19593,57.50064],[12.19577,57.50034],[12.1959,57.50014],[12.1959,57.50014],[12.1959,57.50014],[12.19571,57.50007],[12.19553,57.49995],[12.19539,57.49985],[12.19531,57.4998],[12.19531,57.4998],[12.19521,57.49977],[12.19511,57.49974],[12.19507,57.4997],[12.19506,57.49965],[12.19506,57.49965],[12.19491,57.49953],[12.1949,57.49951],[12.19468,57.4994],[12.19448,57.49928],[12.19425,57.49916],[12.19407,57.49909],[12.19392,57.49902],[12.19372,57.49895],[12.19348,57.49882],[12.19337,57.49879],[12.19315,57.49869],[12.19297,57.49861],[12.19289,57.49858],[12.19261,57.49848],[12.19244,57.49844],[12.19222,57.49839],[12.19206,57.49834],[12.19187,57.49826],[12.19175,57.49819],[12.19161,57.49804],[12.19122,57.49767],[12.19098,57.49747],[12.19091,57.49739],[12.19083,57.4973],[12.19083,57.4973],[12.19065,57.49713],[12.19062,57.49711],[12.19053,57.49703],[12.19046,57.49693],[12.19025,57.49671],[12.19025,57.4967],[12.19024,57.4967],[12.19013,57.49663],[12.19013,57.49663],[12.18987,57.4965],[12.18985,57.49649],[12.18983,57.49647],[12.18968,57.49639],[12.18955,57.49636],[12.18939,57.49634],[12.18899,57.4963],[12.18874,57.49621],[12.18848,57.49614],[12.18821,57.49604],[12.18806,57.49595],[12.18789,57.49582],[12.18776,57.49569],[12.18768,57.49557],[12.18725,57.4954],[12.18705,57.49536],[12.1868,57.4953],[12.18662,57.49528],[12.18649,57.49525],[12.18649,57.49525],[12.18635,57.49527],[12.18635,57.49527],[12.18635,57.49527],[12.18631,57.49541],[12.18635,57.49552],[12.1864,57.49565],[12.18627,57.49586],[12.18622,57.49605],[12.18627,57.49629],[12.18625,57.49636],[12.18617,57.49653],[12.18619,57.49663],[12.18611,57.49673],[12.18613,57.49685],[12.18613,57.49698],[12.18611,57.4971],[12.18601,57.4973],[12.18594,57.49739],[12.18574,57.49751],[12.18552,57.49756],[12.18531,57.49759],[12.18501,57.49757],[12.18477,57.49755],[12.18457,57.49754],[12.1844,57.49753],[12.1843,57.49751],[12.18415,57.49749],[12.18408,57.49749],[12.18388,57.49745],[12.1836,57.49745],[12.18342,57.49746],[12.18334,57.49746],[12.18314,57.49747],[12.18304,57.49748],[12.18303,57.49748],[12.18297,57.4975],[12.18286,57.49749],[12.18277,57.49744],[12.18271,57.49742],[12.18271,57.49742],[12.18271,57.49742],[12.18255,57.49747],[12.18244,57.49762],[12.18233,57.49776],[12.18221,57.49786],[12.18208,57.49796],[12.18194,57.49806],[12.18179,57.49815],[12.18162,57.49811],[12.18125,57.49808],[12.18105,57.49804],[12.1809,57.49805],[12.1807,57.49806],[12.18056,57.49805],[12.18039,57.49806],[12.18034,57.49805],[12.18027,57.498],[12.18015,57.49794],[12.18005,57.49794],[12.17995,57.49791],[12.1799,57.49792],[12.1798,57.49794],[12.17963,57.49788],[12.17953,57.49786],[12.17939,57.49783],[12.17938,57.49783],[12.17937,57.49782],[12.17926,57.49781],[12.1792,57.4978],[12.17915,57.4978],[12.17913,57.49778],[12.17905,57.49776],[12.17903,57.49775],[12.17898,57.49775],[12.1789,57.49768],[12.17885,57.49764],[12.17885,57.49764],[12.17876,57.49762],[12.17865,57.49758],[12.17857,57.49751],[12.17845,57.49742],[12.17821,57.49734],[12.17771,57.49726],[12.17747,57.49723],[12.17728,57.4972],[12.17706,57.4972],[12.17684,57.49718],[12.17658,57.49715],[12.17652,57.49715],[12.17633,57.49719],[12.17618,57.49721],[12.17597,57.49724],[12.17578,57.49723],[12.17561,57.49723],[12.17543,57.49723],[12.17529,57.4972],[12.17511,57.49714],[12.17496,57.4971],[12.17482,57.49705],[12.17454,57.49709],[12.17445,57.4971],[12.17445,57.4971],[12.17445,57.4971],[12.17441,57.49716],[12.17441,57.49722],[12.17441,57.49729],[12.17441,57.49738],[12.1744,57.49745],[12.17436,57.49756],[12.17433,57.49762],[12.17433,57.49762],[12.17434,57.49763],[12.17567,57.49809],[12.17567,57.49809],[12.17613,57.49798]]]]},"properties":{"NVRID":"2200007","NAMN":"Fälareds naturreservat","SKYDDSTYP":"Naturreservat","LAN":"Hallands Län","KOMMUN":"Kungsbacka","IUCNKATEGORI":"0, Områden som ej kan klassificeras enligt IUCN: s system.","FORVALTARE":"Länsstyrelsen i Hallands län","AREA_HA":16.96,"URSPR_BESLUTSDATUM":"2025-09-03"}},{"type":"Feature","geometry":{"type":"Polygon","coordinates":[[[12.75541,56.66882],[12.75533,56.66886],[12.75468,56.66904],[12.75381,56.66909],[12.75381,56.66909],[12.75381,56.66909],[12.75358,56.67338],[12.75366,56.67394],[12.75366,56.67394],[12.75366,56.67394],[12.75499,56.67384],[12.75664,56.67368],[12.75664,56.67368],[12.75664,56.67368],[12.75662,56.67358],[12.75719,56.67354],[12.75794,56.67349],[12.75816,56.67354],[12.75828,56.67382],[12.75828,56.67382],[12.75828,56.67382],[12.75932,56.67375],[12.7594,56.67427],[12.75809,56.67437],[12.75809,56.67437],[12.75809,56.67438],[12.75809,56.67438],[12.75809,56.67438],[12.75948,56.67468],[12.75947,56.67521],[12.75945,56.67566],[12.75946,56.67614],[12.75957,56.67666],[12.75975,56.67759],[12.75986,56.6787],[12.76005,56.67938],[12.76005,56.67938],[12.76005,56.67938],[12.76022,56.67931],[12.76022,56.67931],[12.76079,56.6781],[12.761,56.6782],[12.761,56.6782],[12.761,56.6782],[12.76124,56.67804],[12.76143,56.67798],[12.76168,56.67786],[12.76168,56.67786],[12.76184,56.67744],[12.76177,56.67697],[12.76186,56.67628],[12.76232,56.67626],[12.7634,56.67664],[12.76417,56.67691],[12.76427,56.677],[12.76427,56.677],[12.76428,56.677],[12.76513,56.6767],[12.76575,56.67652],[12.76581,56.67662],[12.76563,56.6768],[12.76559,56.67694],[12.76566,56.67717],[12.76606,56.67755],[12.76633,56.67775],[12.76633,56.67775],[12.76633,56.67775],[12.76656,56.67763],[12.76673,56.67778],[12.76673,56.67778],[12.76673,56.67778],[12.767,56.67765],[12.767,56.67765],[12.767,56.67765],[12.76635,56.67709],[12.7663,56.67704],[12.76632,56.67663],[12.76634,56.67658],[12.76637,56.67655],[12.7668,56.67628],[12.7668,56.67628],[12.7668,56.67628],[12.76558,56.67568],[12.76558,56.67568],[12.76558,56.67568],[12.76534,56.6758],[12.76503,56.67598],[12.76494,56.67591],[12.76469,56.67583],[12.76469,56.67583],[12.76448,56.67584],[12.76429,56.6758],[12.76426,56.67574],[12.76474,56.67552],[12.7649,56.67542],[12.76496,56.67528],[12.7653,56.67533],[12.7653,56.67532],[12.7653,56.67532],[12.76547,56.6752],[12.76547,56.6752],[12.76547,56.6752],[12.76468,56.67457],[12.76468,56.67457],[12.7639,56.67447],[12.76358,56.67428],[12.76355,56.67378],[12.76342,56.67315],[12.76319,56.67254],[12.76262,56.67118],[12.76262,56.67118],[12.76253,56.67115],[12.76176,56.67039],[12.76176,56.67039],[12.76176,56.67039],[12.7613,56.67052],[12.7613,56.67052],[12.7613,56.67052],[12.7613,56.67052],[12.76129,56.67052],[12.76087,56.67014],[12.76111,56.66996],[12.76143,56.66985],[12.76143,56.66985],[12.76143,56.66985],[12.76143,56.66985],[12.76143,56.66985],[12.76114,56.66951],[12.76114,56.66951],[12.76113,56.66951],[12.7608,56.66962],[12.76079,56.66962],[12.76079,56.66962],[12.76093,56.66983],[12.76062,56.66991],[12.76047,56.66975],[12.76061,56.6697],[12.76061,56.6697],[12.76061,56.6697],[12.76054,56.66964],[12.76054,56.66964],[12.76054,56.66964],[12.76054,56.66964],[12.76028,56.66941],[12.76028,56.66941],[12.76028,56.66941],[12.76028,56.66941],[12.76028,56.66941],[12.76028,56.66941],[12.76006,56.66946],[12.7598,56.66906],[12.75953,56.66853],[12.76048,56.66839],[12.76126,56.6682],[12.76152,56.66819],[12.76152,56.66819],[12.76152,56.66819],[12.76152,56.6681],[12.76152,56.6681],[12.76152,56.6681],[12.76045,56.66794],[12.75996,56.6679],[12.75914,56.66792],[12.7586,56.66736],[12.7586,56.66736],[12.75848,56.66731],[12.75848,56.66731],[12.75796,56.66741],[12.75796,56.66741],[12.7579,56.66761],[12.75774,56.66759],[12.7576,56.6676],[12.75685,56.66786],[12.75685,56.66786],[12.75688,56.66799],[12.75678,56.668],[12.75678,56.668],[12.75678,56.668],[12.75671,56.66818],[12.75682,56.66834],[12.75681,56.66851],[12.75677,56.66855],[12.75658,56.66858],[12.75591,56.66882],[12.75571,56.66866],[12.7556,56.66862],[12.75551,56.6686],[12.75551,56.6686],[12.75545,56.66861],[12.75545,56.66861],[12.75545,56.66861],[12.75541,56.66882]]]},"properties":{"NVRID":"2002867","NAMN":"Möllegård","SKYDDSTYP":"Naturreservat","LAN":"Hallands Län","KOMMUN":"Halmstad","IUCNKATEGORI":"Ia, Strikt naturreservat (Strict Nature Reserve)","FORVALTARE":"Länsstyrelsen i Hallands län","AREA_HA":45.173,"URSPR_BESLUTSDATUM":"2004-10-25"}},{"type":"Feature","geometry":{"type":"Polygon","coordinates":[[[12.89993,56.91834],[12.89917,56.9185],[12.89916,56.9185],[12.89916,56.9185],[12.89986,56.91937],[12.89986,56.91937],[12.89986,56.91937],[12.90034,56.91927],[12.90094,56.91945],[12.90164,56.9198],[12.90215,56.92031],[12.90254,56.92064],[12.90316,56.92107],[12.90316,56.92107],[12.90317,56.92107],[12.90317,56.92107],[12.90382,56.92073],[12.9043,56.92054],[12.90439,56.9205],[12.90496,56.92021],[12.90541,56.92019],[12.90597,56.92019],[12.90618,56.92011],[12.90642,56.91988],[12.90668,56.91982],[12.90668,56.91981],[12.90668,56.91981],[12.90668,56.91981],[12.90653,56.91961],[12.90626,56.91941],[12.9063,56.91938],[12.90667,56.91951],[12.90703,56.91976],[12.90703,56.91976],[12.90704,56.91976],[12.90709,56.91979],[12.90709,56.91979],[12.90709,56.91979],[12.90733,56.91964],[12.90733,56.91964],[12.90695,56.91925],[12.90683,56.91912],[12.9067,56.91906],[12.90662,56.91901],[12.90647,56.91889],[12.90647,56.91889],[12.90646,56.91889],[12.90582,56.91914],[12.90537,56.91883],[12.9058,56.91862],[12.9058,56.91862],[12.9058,56.91862],[12.90538,56.91845],[12.90534,56.91844],[12.90503,56.91828],[12.90489,56.91823],[12.9048,56.91817],[12.90463,56.91801],[12.90463,56.91801],[12.90463,56.91801],[12.90396,56.9182],[12.90362,56.91794],[12.90442,56.91777],[12.90442,56.91777],[12.90442,56.91777],[12.90442,56.91777],[12.90417,56.91743],[12.90417,56.91743],[12.90417,56.91743],[12.90377,56.91749],[12.90355,56.91752],[12.90292,56.91759],[12.90298,56.91727],[12.90294,56.91713],[12.90294,56.91713],[12.90294,56.91713],[12.90294,56.91713],[12.90243,56.91729],[12.90204,56.91728],[12.90075,56.91709],[12.90075,56.91709],[12.8997,56.91763],[12.8997,56.91763],[12.89993,56.91834]]]},"properties":{"NVRID":"2002013","NAMN":"Övraböke","SKYDDSTYP":"Naturreservat","LAN":"Hallands Län","KOMMUN":"Halmstad","IUCNKATEGORI":"Ia, Strikt naturreservat (Strict Nature Reserve)","FORVALTARE":"Länsstyrelsen i Hallands län","AREA_HA":11.344,"URSPR_BESLUTSDATUM":"2001-12-14"}},{"type":"Feature","geometry":{"type":"Polygon","coordinates":[[[12.68289,56.95558],[12.68288,56.95558],[12.68288,56.95558],[12.68184,56.95645],[12.67992,56.95803],[12.6795,56.95841],[12.6795,56.95841],[12.6795,56.95841],[12.67955,56.95841],[12.68066,56.95848],[12.68253,56.95863],[12.68253,56.95863],[12.68298,56.95845],[12.68337,56.9582],[12.68504,56.95823],[12.68511,56.95823],[12.68511,56.95823],[12.68615,56.95753],[12.68661,56.95717],[12.68661,56.95717],[12.68665,56.95707],[12.68665,56.95707],[12.68665,56.95706],[12.68289,56.95558]]]},"properties":{"NVRID":"2002006","NAMN":"Skattagård","SKYDDSTYP":"Naturreservat","LAN":"Hallands Län","KOMMUN":"Falkenberg","IUCNKATEGORI":"IV, Habitat/Artskyddsområde (Habitat/Species Management Area)","FORVALTARE":"Länsstyrelsen i Hallands län","AREA_HA":7.85,"URSPR_BESLUTSDATUM":"2001-12-14"}},{"type":"Feature","geometry":{"type":"Polygon","coordinates":[[[12.72682,56.84126],[12.72681,56.84126],[12.72681,56.84126],[12.72676,56.8413],[12.72547,56.84205],[12.72429,56.84293],[12.72294,56.8439],[12.72264,56.84431],[12.72264,56.84431],[12.72386,56.84639],[12.72386,56.84639],[12.72386,56.84639],[12.73126,56.8471],[12.73149,56.8485],[12.73149,56.8485],[12.73149,56.8485],[12.73234,56.84856],[12.73234,56.84856],[12.73234,56.84856],[12.73406,56.84615],[12.73847,56.84575],[12.73923,56.84622],[12.73984,56.84672],[12.74015,56.84697],[12.74035,56.84721],[12.74049,56.84748],[12.74067,56.84787],[12.74067,56.84825],[12.74065,56.84857],[12.74061,56.84879],[12.7406,56.84887],[12.7406,56.84887],[12.7406,56.84887],[12.7406,56.84887],[12.74236,56.84892],[12.74235,56.84926],[12.74221,56.84956],[12.74223,56.84966],[12.74223,56.84966],[12.74223,56.84966],[12.74223,56.84966],[12.74234,56.84965],[12.74234,56.84965],[12.74261,56.84943],[12.74275,56.84936],[12.74308,56.84926],[12.7432,56.84921],[12.74321,56.84921],[12.74329,56.84905],[12.74338,56.84882],[12.74336,56.84865],[12.74327,56.84855],[12.74314,56.84845],[12.74314,56.84832],[12.74322,56.84817],[12.74338,56.84807],[12.74358,56.848],[12.74381,56.84797],[12.7441,56.84794],[12.7441,56.84794],[12.74421,56.84787],[12.74423,56.84778],[12.74423,56.84778],[12.74417,56.8477],[12.74398,56.84762],[12.74379,56.8476],[12.74347,56.84758],[12.74326,56.84754],[12.74318,56.84746],[12.74319,56.84736],[12.74358,56.84707],[12.74387,56.84682],[12.74419,56.84661],[12.74431,56.84652],[12.74437,56.84643],[12.74437,56.84643],[12.74432,56.84617],[12.74427,56.84588],[12.74407,56.84555],[12.7439,56.84527],[12.74373,56.84513],[12.74356,56.84505],[12.74324,56.84496],[12.74294,56.84491],[12.743,56.84487],[12.743,56.84487],[12.743,56.84487],[12.74302,56.84486],[12.74303,56.84485],[12.74396,56.84409],[12.74805,56.84392],[12.74963,56.84372],[12.74963,56.84372],[12.74963,56.84372],[12.74963,56.84372],[12.74904,56.84283],[12.74904,56.84283],[12.74904,56.84283],[12.74904,56.84283],[12.74765,56.84307],[12.7469,56.84267],[12.7469,56.84267],[12.74631,56.84267],[12.74589,56.84214],[12.74589,56.84214],[12.74503,56.84188],[12.74424,56.84164],[12.74341,56.84132],[12.74285,56.841],[12.74211,56.84065],[12.74181,56.84031],[12.74181,56.84031],[12.74181,56.84031],[12.74012,56.84059],[12.7372,56.84126],[12.73703,56.84099],[12.73639,56.8406],[12.73639,56.8406],[12.73549,56.84051],[12.73549,56.84051],[12.73549,56.84051],[12.73549,56.84051],[12.73535,56.84144],[12.73271,56.84193],[12.73271,56.84193],[12.73235,56.84288],[12.73007,56.8432],[12.72716,56.84305],[12.72732,56.84192],[12.72722,56.84144],[12.72698,56.84119],[12.72698,56.84118],[12.72698,56.84119],[12.72682,56.84126]]]},"properties":{"NVRID":"2002022","NAMN":"Suseån","SKYDDSTYP":"Naturreservat","LAN":"Hallands Län","KOMMUN":"Falkenberg, Halmstad","IUCNKATEGORI":"III, Naturmonument (Natural Monument)","FORVALTARE":"Länsstyrelsen i Hallands län","AREA_HA":78.748,"URSPR_BESLUTSDATUM":"1991-04-26"}},{"type":"Feature","geometry":{"type":"Polygon","coordinates":[[[13.12988,56.63055],[13.12935,56.63025],[13.12935,56.63025],[13.12935,56.63025],[13.12935,56.63025],[13.12915,56.63087],[13.12903,56.63117],[13.12888,56.6314],[13.12881,56.63159],[13.12883,56.63175],[13.12898,56.63201],[13.12898,56.63201],[13.12969,56.63204],[13.13013,56.6321],[13.13086,56.63249],[13.13094,56.63263],[13.13094,56.63263],[13.13156,56.63276],[13.13265,56.63299],[13.13388,56.63322],[13.13456,56.63347],[13.13516,56.63348],[13.13555,56.63346],[13.13555,56.63346],[13.13565,56.6334],[13.13583,56.63327],[13.13632,56.63311],[13.13632,56.63311],[13.13637,56.63295],[13.1366,56.63269],[13.13686,56.63208],[13.13729,56.63159],[13.13831,56.63217],[13.13871,56.63255],[13.13917,56.63316],[13.1393,56.63351],[13.13941,56.63384],[13.13941,56.63384],[13.13941,56.63384],[13.14032,56.63384],[13.14032,56.63384],[13.14032,56.63384],[13.14032,56.63384],[13.13939,56.63242],[13.13965,56.63142],[13.13965,56.63142],[13.13943,56.63135],[13.13906,56.63122],[13.13855,56.63098],[13.13896,56.63074],[13.13898,56.63036],[13.13897,56.63036],[13.13897,56.63036],[13.13862,56.63037],[13.13838,56.62861],[13.13838,56.62861],[13.13838,56.62861],[13.13582,56.62847],[13.13508,56.62788],[13.13513,56.62761],[13.13495,56.62738],[13.13495,56.62738],[13.13495,56.62738],[13.13361,56.62738],[13.1336,56.62739],[13.1336,56.62739],[13.13349,56.62766],[13.13337,56.62784],[13.13315,56.62788],[13.13289,56.62764],[13.13289,56.62763],[13.13289,56.62763],[13.13289,56.62763],[13.13258,56.62776],[13.13249,56.62787],[13.13238,56.62798],[13.13235,56.62803],[13.13237,56.62814],[13.13227,56.62816],[13.13205,56.6282],[13.13198,56.62819],[13.13198,56.62819],[13.13198,56.62819],[13.13199,56.62827],[13.13207,56.62837],[13.13224,56.62853],[13.13222,56.62855],[13.13216,56.62858],[13.13196,56.62862],[13.13188,56.62866],[13.13188,56.62866],[13.13186,56.62871],[13.13186,56.62871],[13.13197,56.62887],[13.13198,56.62894],[13.13185,56.62913],[13.13173,56.62925],[13.13129,56.62931],[13.13114,56.62935],[13.13086,56.62934],[13.13086,56.62934],[13.13086,56.62934],[13.13086,56.62934],[13.13088,56.62944],[13.13053,56.62962],[13.13031,56.62992],[13.13022,56.63011],[13.13002,56.63046],[13.12988,56.63055]],[[13.13622,56.63059],[13.13703,56.63045],[13.13722,56.63076],[13.13641,56.6309],[13.13622,56.63059]]]},"properties":{"NVRID":"2046171","NAMN":"Bröden","SKYDDSTYP":"Naturreservat","LAN":"Hallands Län","KOMMUN":"Halmstad, Laholm","IUCNKATEGORI":"IV, Habitat/Artskyddsområde (Habitat/Species Management Area)","FORVALTARE":"Länsstyrelsen i Hallands län","AREA_HA":27.998,"URSPR_BESLUTSDATUM":"2018-03-28"}},{"type":"Feature","geometry":{"type":"Polygon","coordinates":[[[12.59389,57.09886],[12.59584,57.10048],[12.59398,57.10131],[12.5929,57.10149],[12.5929,57.10149],[12.5929,57.10149],[12.5929,57.10149],[12.59402,57.10212],[12.59464,57.10248],[12.59464,57.10248],[12.59464,57.10248],[12.59465,57.10248],[12.59548,57.10209],[12.59795,57.10217],[12.59941,57.10348],[12.59941,57.10348],[12.59941,57.10348],[12.59941,57.10348],[12.6018,57.10163],[12.60311,57.10023],[12.60424,57.0989],[12.60528,57.09654],[12.60528,57.09654],[12.60066,57.09388],[12.59415,57.0931],[12.59275,57.0932],[12.59275,57.0932],[12.59275,57.0932],[12.59274,57.09464],[12.59253,57.09489],[12.59077,57.09627],[12.59021,57.09676],[12.58882,57.09785],[12.58776,57.09856],[12.58776,57.09856],[12.58777,57.09856],[12.59032,57.10002],[12.59032,57.10002],[12.59032,57.10002],[12.59168,57.09947],[12.59265,57.09912],[12.59389,57.09886]]]},"properties":{"NVRID":"2010904","NAMN":"Älmebjär","SKYDDSTYP":"Naturreservat","LAN":"Hallands Län","KOMMUN":"Falkenberg","IUCNKATEGORI":"Ia, Strikt naturreservat (Strict Nature Reserve)","FORVALTARE":"Länsstyrelsen i Hallands län","AREA_HA":68.792,"URSPR_BESLUTSDATUM":"2003-12-15"}},{"type":"Feature","geometry":{"type":"Polygon","coordinates":[[[13.0483,56.80852],[13.04835,56.80874],[13.04835,56.80875],[13.04835,56.80875],[13.04964,56.80892],[13.04966,56.80893],[13.04977,56.80942],[13.05036,56.80981],[13.05036,56.80981],[13.05036,56.80981],[13.05089,56.8095],[13.05212,56.80994],[13.05167,56.81024],[13.05167,56.81024],[13.05167,56.81024],[13.05209,56.81054],[13.0523,56.81063],[13.05274,56.81076],[13.05282,56.81083],[13.05286,56.81094],[13.05285,56.81125],[13.05287,56.81146],[13.05289,56.8116],[13.05292,56.81166],[13.05302,56.81176],[13.0533,56.812],[13.05342,56.8121],[13.05368,56.81227],[13.0539,56.81235],[13.0539,56.81235],[13.0539,56.81235],[13.05394,56.81231],[13.05408,56.81237],[13.05431,56.81246],[13.05431,56.81246],[13.05431,56.81246],[13.05477,56.8123],[13.05552,56.81194],[13.0559,56.81115],[13.05717,56.81072],[13.05889,56.81171],[13.05889,56.81171],[13.05889,56.81171],[13.05889,56.81171],[13.06017,56.80915],[13.06022,56.80897],[13.06038,56.80861],[13.06035,56.80856],[13.06032,56.80851],[13.06031,56.80851],[13.06029,56.80845],[13.06029,56.80844],[13.06028,56.80831],[13.06022,56.80783],[13.06022,56.80783],[13.05993,56.80776],[13.05993,56.80776],[13.05979,56.80778],[13.05957,56.80771],[13.05931,56.80753],[13.0592,56.80747],[13.0592,56.80747],[13.05919,56.80747],[13.05902,56.80754],[13.05879,56.80735],[13.05846,56.80716],[13.05834,56.80689],[13.05834,56.80689],[13.05583,56.80581],[13.05582,56.80581],[13.05582,56.80581],[13.05564,56.80591],[13.05504,56.80621],[13.05486,56.80631],[13.05486,56.80631],[13.05473,56.80637],[13.05473,56.80637],[13.05472,56.80637],[13.05458,56.80641],[13.05453,56.80642],[13.05208,56.80772],[13.04749,56.80542],[13.04749,56.80542],[13.04681,56.80541],[13.04681,56.80541],[13.04681,56.80541],[13.04692,56.80577],[13.04692,56.80577],[13.0486,56.80623],[13.04856,56.8068],[13.04833,56.80683],[13.04817,56.80683],[13.04802,56.80682],[13.04783,56.80679],[13.04765,56.80672],[13.04751,56.80667],[13.04734,56.80657],[13.04715,56.80648],[13.04699,56.80641],[13.04676,56.80634],[13.04634,56.80624],[13.04613,56.80621],[13.04587,56.80618],[13.04542,56.80617],[13.04496,56.80619],[13.04454,56.80624],[13.04424,56.80634],[13.04424,56.80634],[13.04424,56.80634],[13.04424,56.80634],[13.04755,56.80825],[13.0483,56.80852]]]},"properties":{"NVRID":"2051221","NAMN":"Keddaböke","SKYDDSTYP":"Naturreservat","LAN":"Hallands Län","KOMMUN":"Halmstad","IUCNKATEGORI":"IV, Habitat/Artskyddsområde (Habitat/Species Management Area)","FORVALTARE":"Länsstyrelsen i Hallands län","AREA_HA":35.071,"URSPR_BESLUTSDATUM":"2020-03-02"}},{"type":"Feature","geometry":{"type":"Polygon","coordinates":[[[11.93204,57.50887],[11.93205,57.50892],[11.93205,57.50892],[11.93217,57.50895],[11.93229,57.50896],[11.93239,57.50895],[11.93245,57.50896],[11.93245,57.509],[11.93242,57.50906],[11.93244,57.50911],[11.93244,57.50911],[11.93248,57.50915],[11.93254,57.50918],[11.93254,57.50918],[11.93267,57.50919],[11.93287,57.5092],[11.9329,57.50921],[11.9329,57.50921],[11.93332,57.50922],[11.93356,57.50924],[11.9341,57.50911],[11.93436,57.50919],[11.93437,57.50919],[11.93437,57.50918],[11.93481,57.50887],[11.93528,57.50906],[11.93524,57.50915],[11.93529,57.50922],[11.93528,57.50932],[11.93528,57.50932],[11.93548,57.5094],[11.93548,57.50943],[11.93548,57.50943],[11.93556,57.5095],[11.93577,57.50998],[11.93581,57.5101],[11.93575,57.51021],[11.9356,57.51027],[11.9356,57.51027],[11.9356,57.51027],[11.93601,57.5107],[11.93605,57.51079],[11.93605,57.51079],[11.93605,57.5108],[11.93605,57.5108],[11.93649,57.51066],[11.9378,57.51023],[11.93801,57.51017],[11.93849,57.50999],[11.93888,57.50983],[11.93922,57.50965],[11.93933,57.5096],[11.94016,57.50926],[11.94043,57.50915],[11.94043,57.50915],[11.94043,57.50915],[11.94036,57.5091],[11.94034,57.50901],[11.94038,57.50883],[11.94047,57.50867],[11.94073,57.50853],[11.94073,57.50853],[11.94073,57.50853],[11.94073,57.50853],[11.94073,57.50852],[11.94057,57.50853],[11.93998,57.50855],[11.93994,57.50823],[11.93992,57.50799],[11.94016,57.50788],[11.94033,57.50783],[11.94044,57.50776],[11.94048,57.50771],[11.94048,57.50771],[11.94025,57.50744],[11.94025,57.50737],[11.94044,57.50699],[11.94044,57.50699],[11.9397,57.5066],[11.93936,57.50648],[11.93941,57.50641],[11.93941,57.50641],[11.93941,57.50641],[11.93905,57.50633],[11.93853,57.50641],[11.93853,57.50641],[11.93848,57.50649],[11.93836,57.50653],[11.9383,57.50653],[11.93822,57.50652],[11.9382,57.50651],[11.93809,57.5065],[11.93782,57.50646],[11.93743,57.50642],[11.93717,57.50643],[11.93708,57.50643],[11.93661,57.50668],[11.93569,57.50683],[11.93484,57.50689],[11.93437,57.5068],[11.93453,57.50657],[11.93453,57.50655],[11.93468,57.50641],[11.93481,57.50637],[11.93496,57.50631],[11.93511,57.50621],[11.93519,57.50613],[11.9353,57.50606],[11.93547,57.50602],[11.93547,57.50602],[11.93551,57.50592],[11.93551,57.50592],[11.93536,57.50578],[11.93499,57.50558],[11.93478,57.5054],[11.93478,57.5054],[11.93477,57.5054],[11.93477,57.5054],[11.93473,57.50545],[11.93465,57.50546],[11.93465,57.50546],[11.9344,57.5057],[11.9344,57.5057],[11.9344,57.5057],[11.93472,57.50586],[11.9348,57.50603],[11.93402,57.50645],[11.93347,57.50678],[11.93344,57.50681],[11.93306,57.50719],[11.93306,57.50719],[11.93306,57.50719],[11.93321,57.50726],[11.93296,57.50751],[11.93278,57.50768],[11.93266,57.5078],[11.93209,57.50821],[11.93155,57.50874],[11.93155,57.50874],[11.93156,57.50876],[11.93156,57.50876],[11.93156,57.50876],[11.93204,57.50887]],[[11.93743,57.50844],[11.93763,57.50831],[11.93772,57.50826],[11.93813,57.50823],[11.93867,57.50838],[11.93895,57.5085],[11.93901,57.50852],[11.93858,57.50871],[11.93822,57.50886],[11.93807,57.50886],[11.93777,57.5088],[11.93743,57.50844]]]},"properties":{"NVRID":"2063601","NAMN":"Särö Nordanskog","SKYDDSTYP":"Naturreservat","LAN":"Hallands Län","KOMMUN":"Kungsbacka","IUCNKATEGORI":"Ia, Strikt naturreservat (Strict Nature Reserve)","FORVALTARE":"Länsstyrelsen i Hallands län","AREA_HA":15.996,"URSPR_BESLUTSDATUM":"2024-06-11"}},{"type":"Feature","geometry":{"type":"Polygon","coordinates":[[[13.14296,56.61714],[13.14173,56.61715],[13.14173,56.61715],[13.14173,56.61715],[13.14173,56.61715],[13.14357,56.61872],[13.14501,56.61995],[13.14544,56.62031],[13.14544,56.62031],[13.14544,56.62031],[13.14715,56.61982],[13.14776,56.62049],[13.14796,56.62064],[13.14864,56.621],[13.14864,56.621],[13.14864,56.621],[13.15034,56.62009],[13.15065,56.62047],[13.14984,56.62074],[13.14984,56.62074],[13.1498,56.62126],[13.1489,56.62178],[13.1489,56.62178],[13.14937,56.62237],[13.14869,56.62261],[13.14869,56.62261],[13.14864,56.62306],[13.15128,56.62534],[13.1542,56.62784],[13.1542,56.62784],[13.1542,56.62784],[13.155,56.62783],[13.155,56.62783],[13.155,56.62783],[13.155,56.62782],[13.15498,56.62758],[13.15461,56.62718],[13.15554,56.62637],[13.1563,56.6257],[13.15702,56.62493],[13.15784,56.62395],[13.15953,56.6192],[13.15953,56.6192],[13.15305,56.61601],[13.15304,56.61601],[13.15304,56.61601],[13.15304,56.61601],[13.15168,56.61682],[13.14927,56.61823],[13.14545,56.61563],[13.14545,56.61563],[13.14545,56.61563],[13.14545,56.61563],[13.14489,56.61609],[13.14304,56.61624],[13.14304,56.61624],[13.14304,56.61624],[13.14296,56.61714]]]},"properties":{"NVRID":"2046270","NAMN":"Veinge pastoratskog","SKYDDSTYP":"Naturreservat","LAN":"Hallands Län","KOMMUN":"Laholm","IUCNKATEGORI":"IV, Habitat/Artskyddsområde (Habitat/Species Management Area)","FORVALTARE":"Länsstyrelsen i Hallands län","AREA_HA":68.642,"URSPR_BESLUTSDATUM":"2018-09-05"}},{"type":"Feature","geometry":{"type":"Polygon","coordinates":[[[12.93809,57.06776],[12.93961,57.06833],[12.93961,57.06833],[12.93961,57.06833],[12.94219,57.06793],[12.94365,57.06811],[12.94465,57.06799],[12.94512,57.06805],[12.94555,57.06822],[12.94581,57.06842],[12.94581,57.06842],[12.94581,57.06842],[12.94609,57.06829],[12.94672,57.06849],[12.94728,57.06911],[12.94728,57.06911],[12.94728,57.06911],[12.9498,57.06929],[12.9498,57.06929],[12.95042,57.06899],[12.95042,57.06899],[12.95042,57.06899],[12.94174,57.06183],[12.94174,57.06183],[12.94174,57.06183],[12.94174,57.06183],[12.9412,57.06225],[12.94079,57.06261],[12.93926,57.06271],[12.93842,57.06306],[12.93715,57.063],[12.93626,57.06308],[12.93626,57.06308],[12.93578,57.06353],[12.93491,57.06415],[12.93614,57.06783],[12.93614,57.06783],[12.93614,57.06783],[12.93809,57.06776]]]},"properties":{"NVRID":"2013485","NAMN":"Lysegårdsmossen","SKYDDSTYP":"Naturreservat","LAN":"Hallands Län","KOMMUN":"Falkenberg","IUCNKATEGORI":"Ia, Strikt naturreservat (Strict Nature Reserve)","FORVALTARE":"Länsstyrelsen i Hallands län","AREA_HA":40.049,"URSPR_BESLUTSDATUM":"2007-12-17"}},{"type":"Feature","geometry":{"type":"Polygon","coordinates":[[[13.66548,56.92108],[13.66548,56.92108],[13.66547,56.92108],[13.65289,56.92476],[13.65289,56.92476],[13.65289,56.92476],[13.66121,56.935],[13.66178,56.9421],[13.66278,56.94318],[13.66862,56.94936],[13.671,56.96459],[13.67107,56.96491],[13.67683,56.96921],[13.6807,56.9721],[13.6807,56.9721],[13.6807,56.9721],[13.68071,56.9721],[13.69357,56.96354],[13.69357,56.96354],[13.68917,56.94624],[13.68917,56.94624],[13.68409,56.94494],[13.68155,56.9422],[13.68218,56.93967],[13.6889,56.9371],[13.6889,56.9371],[13.6889,56.9371],[13.68487,56.93182],[13.68742,56.92681],[13.68742,56.92681],[13.68742,56.92681],[13.67036,56.92215],[13.66679,56.92118],[13.66606,56.92091],[13.66606,56.92091],[13.66605,56.92091],[13.66603,56.92092],[13.66603,56.92092],[13.66603,56.92092],[13.66548,56.92108],[13.66548,56.92108]]]},"properties":{"NVRID":"2002008","NAMN":"Tira öar","SKYDDSTYP":"Naturreservat","LAN":"Hallands Län","KOMMUN":"Hylte, Ljungby","IUCNKATEGORI":"V, Skyddat landskap/havsområde (Protected Landscape/Seascape)","FORVALTARE":"Länsstyrelsen i Hallands län","AREA_HA":732.156,"URSPR_BESLUTSDATUM":"1986-10-24"}},{"type":"Feature","geometry":{"type":"Polygon","coordinates":[[[13.54511,56.96659],[13.54398,56.96624],[13.54397,56.96624],[13.54308,56.96653],[13.54308,56.96653],[13.54236,56.96752],[13.54236,56.96752],[13.54236,56.96752],[13.54334,56.96785],[13.54463,56.96803],[13.54531,56.96818],[13.54667,56.96963],[13.54667,56.96963],[13.54753,56.96984],[13.5515,56.97077],[13.57068,56.97147],[13.57408,56.97185],[13.57477,56.97193],[13.57477,56.97193],[13.57478,56.97193],[13.57478,56.97193],[13.57484,56.97129],[13.57484,56.97129],[13.57484,56.97129],[13.56625,56.9679],[13.56547,56.96706],[13.563,56.96537],[13.56297,56.96471],[13.56264,56.96385],[13.56264,56.96385],[13.56182,56.96363],[13.56182,56.96363],[13.56116,56.96371],[13.56039,56.96373],[13.55981,56.9638],[13.55932,56.96383],[13.55843,56.96392],[13.55801,56.96387],[13.55724,56.9637],[13.55522,56.96282],[13.55441,56.96254],[13.5534,56.96215],[13.5534,56.96215],[13.5534,56.96215],[13.5534,56.96215],[13.5532,56.96403],[13.55032,56.96377],[13.54939,56.96361],[13.54906,56.96352],[13.54854,56.963],[13.5475,56.96027],[13.5475,56.96027],[13.54696,56.96014],[13.54453,56.95993],[13.54298,56.96023],[13.54298,56.96023],[13.54298,56.96023],[13.5435,56.96118],[13.5435,56.96118],[13.54658,56.96289],[13.54693,56.96382],[13.54493,56.9639],[13.54493,56.9639],[13.54493,56.9639],[13.54493,56.9639],[13.54493,56.9639],[13.54675,56.9653],[13.54838,56.96584],[13.54873,56.96618],[13.54843,56.96647],[13.54649,56.96641],[13.54589,56.96648],[13.54511,56.96659]]]},"properties":{"NVRID":"2041692","NAMN":"Lunnamossen","SKYDDSTYP":"Naturreservat","LAN":"Hallands Län","KOMMUN":"Hylte","IUCNKATEGORI":"Ia, Strikt naturreservat (Strict Nature Reserve)","FORVALTARE":"Länsstyrelsen i Hallands län","AREA_HA":113.728,"URSPR_BESLUTSDATUM":"2013-12-09"}},{"type":"Feature","geometry":{"type":"Polygon","coordinates":[[[12.50216,57.09385],[12.5068,57.09558],[12.50681,57.09558],[12.50847,57.09523],[12.5091,57.09531],[12.5091,57.09531],[12.50937,57.09514],[12.51038,57.09474],[12.51119,57.09425],[12.51363,57.09278],[12.51363,57.09278],[12.51363,57.09278],[12.51278,57.09223],[12.51188,57.09155],[12.51102,57.09083],[12.51047,57.09042],[12.51043,57.09039],[12.50572,57.08813],[12.50572,57.08813],[12.50572,57.08813],[12.50571,57.08813],[12.50178,57.0922],[12.50178,57.0922],[12.50216,57.09385],[12.50216,57.09385]]]},"properties":{"NVRID":"2014512","NAMN":"Karlsvik","SKYDDSTYP":"Naturreservat","LAN":"Hallands Län","KOMMUN":"Varberg","IUCNKATEGORI":"Ia, Strikt naturreservat (Strict Nature Reserve)","FORVALTARE":"Länsstyrelsen i Hallands län","AREA_HA":34.839,"URSPR_BESLUTSDATUM":"2009-02-09"}},{"type":"Feature","geometry":{"type":"Polygon","coordinates":[[[13.22711,57.03604],[13.22671,57.03597],[13.22671,57.03597],[13.2267,57.03597],[13.22642,57.03614],[13.22642,57.03614],[13.22642,57.03614],[13.22666,57.03635],[13.22687,57.03658],[13.22694,57.0367],[13.22699,57.03686],[13.22697,57.03714],[13.22628,57.03844],[13.22628,57.03844],[13.22628,57.03844],[13.22628,57.03844],[13.22704,57.03853],[13.22737,57.03969],[13.22737,57.03969],[13.23156,57.04162],[13.23156,57.04162],[13.23156,57.04162],[13.23228,57.04133],[13.23405,57.04217],[13.23405,57.04217],[13.23405,57.04217],[13.23405,57.04217],[13.23574,57.04061],[13.23934,57.04119],[13.24011,57.0413],[13.24011,57.0413],[13.24011,57.0413],[13.2403,57.04103],[13.2403,57.04103],[13.24007,57.0408],[13.2398,57.04038],[13.24009,57.04005],[13.2402,57.03953],[13.2402,57.03953],[13.23999,57.03927],[13.23974,57.03905],[13.2387,57.03828],[13.23841,57.03812],[13.23588,57.03696],[13.23615,57.03668],[13.23674,57.03681],[13.23674,57.03681],[13.23684,57.03677],[13.23684,57.03677],[13.23677,57.03638],[13.23705,57.03635],[13.23735,57.03638],[13.23735,57.03638],[13.23755,57.03625],[13.23803,57.03617],[13.23803,57.03617],[13.23803,57.03617],[13.23801,57.03577],[13.23813,57.03577],[13.23819,57.03577],[13.23822,57.03576],[13.23822,57.03576],[13.23824,57.03572],[13.23822,57.03568],[13.23814,57.03562],[13.23808,57.03558],[13.23796,57.03555],[13.23757,57.03547],[13.23726,57.03545],[13.23695,57.03546],[13.23635,57.03552],[13.23588,57.0356],[13.23517,57.0357],[13.23462,57.03578],[13.23427,57.03579],[13.23419,57.03578],[13.23417,57.03578],[13.23417,57.03573],[13.23417,57.03573],[13.23417,57.03573],[13.23393,57.03572],[13.23379,57.03568],[13.23366,57.03567],[13.23347,57.03565],[13.23337,57.03563],[13.23322,57.03556],[13.23291,57.03548],[13.23284,57.03546],[13.23281,57.03539],[13.2328,57.03532],[13.23277,57.03528],[13.23277,57.03528],[13.23272,57.03527],[13.23258,57.03526],[13.23242,57.03527],[13.23233,57.03528],[13.23226,57.03529],[13.23218,57.03528],[13.23182,57.03526],[13.23152,57.03524],[13.23141,57.03522],[13.23131,57.03516],[13.23122,57.03507],[13.23111,57.03496],[13.23107,57.03489],[13.23105,57.03482],[13.23101,57.03475],[13.23097,57.03472],[13.23096,57.03472],[13.23084,57.03469],[13.23035,57.03471],[13.23006,57.03468],[13.2298,57.03461],[13.22959,57.03457],[13.22946,57.03456],[13.22931,57.03455],[13.22914,57.03454],[13.22914,57.03454],[13.22903,57.03458],[13.22888,57.03467],[13.22875,57.03473],[13.22861,57.0348],[13.22854,57.03484],[13.22843,57.03497],[13.22839,57.03503],[13.22823,57.03512],[13.22812,57.03523],[13.22802,57.0353],[13.22793,57.03535],[13.22785,57.03533],[13.22774,57.03536],[13.22774,57.03536],[13.22768,57.0354],[13.22766,57.03541],[13.22758,57.03549],[13.22711,57.03604]]]},"properties":{"NVRID":"2014385","NAMN":"Mårås","SKYDDSTYP":"Naturreservat","LAN":"Hallands Län","KOMMUN":"Hylte","IUCNKATEGORI":"Ia, Strikt naturreservat (Strict Nature Reserve)","FORVALTARE":"Länsstyrelsen i Hallands län","AREA_HA":44.957,"URSPR_BESLUTSDATUM":"2008-12-02"}},{"type":"Feature","geometry":{"type":"Polygon","coordinates":[[[12.49241,57.07445],[12.49252,57.0745],[12.49261,57.07458],[12.49274,57.0746],[12.49306,57.07471],[12.49351,57.07485],[12.49384,57.07492],[12.49432,57.07506],[12.49462,57.0751],[12.49484,57.07514],[12.49501,57.07517],[12.49517,57.07517],[12.49517,57.07517],[12.49534,57.07511],[12.49545,57.07501],[12.49557,57.0749],[12.49566,57.07479],[12.4958,57.07474],[12.49589,57.07468],[12.49594,57.07463],[12.49617,57.07464],[12.49646,57.07469],[12.49672,57.07472],[12.497,57.07482],[12.49735,57.07492],[12.49749,57.07501],[12.4979,57.07507],[12.49799,57.07518],[12.49818,57.07529],[12.49845,57.07542],[12.49873,57.07551],[12.49897,57.07558],[12.49897,57.07558],[12.49922,57.07556],[12.4994,57.07557],[12.49951,57.07558],[12.49974,57.07555],[12.49987,57.07559],[12.50005,57.0756],[12.50035,57.07567],[12.50067,57.07577],[12.50099,57.07585],[12.50127,57.07588],[12.50147,57.07591],[12.50161,57.07596],[12.5017,57.0761],[12.5017,57.0761],[12.50194,57.0762],[12.50216,57.07625],[12.50234,57.07631],[12.5024,57.07638],[12.50241,57.07645],[12.50259,57.07657],[12.50264,57.07669],[12.50276,57.07681],[12.50277,57.07693],[12.50278,57.07701],[12.50287,57.07713],[12.50286,57.07726],[12.50271,57.07733],[12.50257,57.07745],[12.50228,57.07753],[12.50203,57.07759],[12.50176,57.07758],[12.50156,57.07762],[12.50138,57.07764],[12.50115,57.0776],[12.50095,57.07761],[12.50082,57.07759],[12.50053,57.07758],[12.50021,57.07764],[12.50012,57.07769],[12.50012,57.07769],[12.50012,57.07769],[12.50018,57.07778],[12.50035,57.0779],[12.50058,57.07799],[12.50075,57.07805],[12.50091,57.07816],[12.50109,57.07823],[12.50138,57.07826],[12.50156,57.0783],[12.50177,57.07837],[12.50198,57.07846],[12.50212,57.07858],[12.50219,57.0787],[12.50216,57.07881],[12.50219,57.07907],[12.50214,57.07927],[12.50208,57.07942],[12.50212,57.07952],[12.5022,57.07963],[12.50238,57.07985],[12.50262,57.08009],[12.50276,57.08025],[12.50288,57.08037],[12.50297,57.08057],[12.50295,57.08074],[12.50291,57.08082],[12.50286,57.08089],[12.50286,57.08104],[12.50285,57.08125],[12.50273,57.0813],[12.50266,57.08138],[12.50266,57.08138],[12.50266,57.08152],[12.50278,57.08167],[12.50291,57.08173],[12.50307,57.08182],[12.50336,57.08201],[12.50365,57.08223],[12.50378,57.08238],[12.50397,57.08251],[12.50409,57.0826],[12.50427,57.08271],[12.50449,57.08287],[12.50464,57.083],[12.5048,57.08311],[12.50484,57.0832],[12.50498,57.08331],[12.5052,57.08348],[12.50541,57.08357],[12.50565,57.08364],[12.50584,57.08368],[12.50592,57.08372],[12.5061,57.08376],[12.5062,57.0838],[12.50631,57.08384],[12.50646,57.08391],[12.50663,57.08401],[12.50674,57.08406],[12.50676,57.08408],[12.50677,57.08409],[12.50685,57.08414],[12.5069,57.08418],[12.50691,57.08419],[12.50691,57.08419],[12.50691,57.08419],[12.5075,57.08411],[12.50815,57.08403],[12.50842,57.08399],[12.50873,57.08398],[12.5092,57.08405],[12.5095,57.0841],[12.5103,57.08433],[12.51111,57.08458],[12.5111,57.08461],[12.5111,57.08462],[12.5111,57.08462],[12.51102,57.0853],[12.51102,57.0853],[12.51102,57.0853],[12.51118,57.08533],[12.51134,57.08533],[12.51158,57.08531],[12.51182,57.08534],[12.51223,57.08534],[12.51246,57.08536],[12.51271,57.08533],[12.51321,57.08531],[12.51336,57.08527],[12.51363,57.08528],[12.51386,57.0853],[12.514,57.08532],[12.51415,57.08534],[12.51435,57.08531],[12.51457,57.08528],[12.51477,57.08527],[12.51512,57.08523],[12.5153,57.08521],[12.5155,57.08519],[12.51563,57.08518],[12.51582,57.08515],[12.51597,57.08514],[12.51611,57.08513],[12.51638,57.0851],[12.51656,57.08512],[12.51671,57.08511],[12.51684,57.08508],[12.51685,57.08508],[12.51684,57.08495],[12.51684,57.08495],[12.51668,57.08489],[12.51656,57.08478],[12.5166,57.0847],[12.51652,57.08462],[12.51659,57.08451],[12.5167,57.08443],[12.51681,57.08434],[12.51686,57.08424],[12.51695,57.08417],[12.517,57.08414],[12.51711,57.08406],[12.51713,57.08402],[12.5172,57.08397],[12.51732,57.08391],[12.51735,57.0839],[12.51745,57.08391],[12.51745,57.08391],[12.51745,57.08391],[12.51744,57.08381],[12.5172,57.08312],[12.5172,57.08312],[12.5172,57.08312],[12.5172,57.08312],[12.5172,57.08312],[12.51613,57.08397],[12.51502,57.08384],[12.51367,57.08398],[12.51367,57.08398],[12.5132,57.08429],[12.51301,57.08437],[12.51136,57.08464],[12.51124,57.08463],[12.51117,57.08453],[12.5114,57.08415],[12.5114,57.08415],[12.51096,57.08383],[12.51058,57.08322],[12.51083,57.0823],[12.512,57.08179],[12.51302,57.08134],[12.51302,57.08134],[12.51302,57.08134],[12.51218,57.08081],[12.51148,57.08052],[12.51081,57.08035],[12.50993,57.08042],[12.50916,57.08065],[12.50916,57.08065],[12.50847,57.0812],[12.50792,57.08078],[12.50729,57.0803],[12.50556,57.07905],[12.50624,57.07862],[12.50624,57.07862],[12.50608,57.07765],[12.50561,57.07707],[12.50532,57.07674],[12.50526,57.07653],[12.50557,57.07594],[12.50593,57.07523],[12.50589,57.07491],[12.50589,57.07491],[12.50405,57.07461],[12.50278,57.07413],[12.5023,57.07392],[12.50142,57.07357],[12.50053,57.07348],[12.50002,57.07289],[12.50015,57.07243],[12.50036,57.07199],[12.50036,57.07199],[12.50036,57.07199],[12.49932,57.07168],[12.49932,57.07168],[12.49881,57.07186],[12.49858,57.07235],[12.49854,57.07274],[12.49852,57.07329],[12.49839,57.07332],[12.49736,57.07327],[12.49623,57.07314],[12.49623,57.07314],[12.4958,57.0733],[12.49544,57.07313],[12.49453,57.07267],[12.49452,57.07267],[12.49417,57.07274],[12.49417,57.07274],[12.49417,57.07274],[12.49441,57.07314],[12.49391,57.07331],[12.49215,57.07342],[12.49132,57.0733],[12.49132,57.0733],[12.49132,57.0733],[12.49118,57.07371],[12.49118,57.0738],[12.49118,57.07382],[12.49119,57.07382],[12.49125,57.07388],[12.49134,57.07392],[12.49151,57.07405],[12.49183,57.07423],[12.49205,57.07434],[12.49213,57.07442],[12.49226,57.07444],[12.49241,57.07445]]]},"properties":{"NVRID":"2004590","NAMN":"Stora Drängabjär","SKYDDSTYP":"Naturreservat","LAN":"Hallands Län","KOMMUN":"Varberg","IUCNKATEGORI":"Ia, Strikt naturreservat (Strict Nature Reserve)","FORVALTARE":"Länsstyrelsen i Hallands län","AREA_HA":53.317,"URSPR_BESLUTSDATUM":"2006-01-23"}},{"type":"Feature","geometry":{"type":"Polygon","coordinates":[[[12.19837,57.11982],[12.19922,57.11882],[12.20048,57.1192],[12.20135,57.11937],[12.20344,57.11952],[12.20345,57.11976],[12.20345,57.11977],[12.20345,57.11977],[12.20415,57.11982],[12.20415,57.11982],[12.20415,57.11982],[12.20415,57.11982],[12.20384,57.1193],[12.20354,57.11875],[12.20361,57.11855],[12.20407,57.11837],[12.20487,57.11818],[12.20547,57.11788],[12.20547,57.11788],[12.20547,57.11788],[12.19449,57.10896],[12.19449,57.10895],[12.19449,57.10895],[12.19449,57.10896],[12.17786,57.11681],[12.17786,57.11681],[12.17786,57.11681],[12.17786,57.11681],[12.1789,57.11738],[12.18931,57.12288],[12.19498,57.12586],[12.19736,57.12712],[12.19736,57.12712],[12.19736,57.12712],[12.20327,57.1261],[12.20327,57.1261],[12.20347,57.12531],[12.20353,57.12508],[12.20392,57.12352],[12.20392,57.12352],[12.20392,57.12352],[12.20343,57.12348],[12.20353,57.12308],[12.20356,57.12296],[12.20363,57.1227],[12.20412,57.12274],[12.20412,57.12274],[12.20412,57.12274],[12.20431,57.12197],[12.20431,57.12197],[12.20431,57.12197],[12.20382,57.12194],[12.20389,57.12163],[12.20389,57.12163],[12.20389,57.12163],[12.20375,57.12162],[12.20387,57.12112],[12.20436,57.12116],[12.20436,57.12116],[12.20436,57.12116],[12.2045,57.1206],[12.2045,57.1206],[12.2045,57.1206],[12.20401,57.12057],[12.20356,57.12053],[12.20356,57.12053],[12.20356,57.12053],[12.20351,57.12074],[12.19979,57.12047],[12.19984,57.12007],[12.19984,57.12007],[12.19984,57.12007],[12.19984,57.12007],[12.1994,57.12004],[12.19837,57.11982]]]},"properties":{"NVRID":"2001980","NAMN":"Västra Getterön","SKYDDSTYP":"Naturreservat","LAN":"Hallands Län","KOMMUN":"Varberg","IUCNKATEGORI":"IV, Habitat/Artskyddsområde (Habitat/Species Management Area)","FORVALTARE":"Länsstyrelsen i Hallands län","AREA_HA":177.065,"URSPR_BESLUTSDATUM":"1974-06-20"}},{"type":"Feature","geometry":{"type":"Polygon","coordinates":[[[13.14155,56.60903],[13.14155,56.60903],[13.14155,56.60903],[13.14158,56.60907],[13.14186,56.60937],[13.14206,56.60962],[13.14217,56.60971],[13.14231,56.60979],[13.14263,56.60986],[13.14317,56.60989],[13.14437,56.61003],[13.14516,56.61008],[13.14526,56.61009],[13.14536,56.6101],[13.1455,56.61013],[13.14563,56.61017],[13.14572,56.61021],[13.14589,56.61028],[13.14589,56.61028],[13.14589,56.61028],[13.14589,56.61028],[13.14622,56.60999],[13.14675,56.60984],[13.14692,56.60978],[13.14698,56.60978],[13.14694,56.60987],[13.14693,56.61003],[13.14693,56.61011],[13.14697,56.61019],[13.14699,56.61025],[13.14705,56.6103],[13.14714,56.61036],[13.14725,56.61038],[13.14774,56.61037],[13.14783,56.61039],[13.14803,56.61049],[13.14817,56.61055],[13.14817,56.61055],[13.14833,56.61056],[13.1485,56.61052],[13.14862,56.61047],[13.1487,56.6104],[13.14875,56.61033],[13.14881,56.61027],[13.14891,56.61022],[13.14903,56.61016],[13.14911,56.61012],[13.14921,56.61008],[13.14937,56.61008],[13.14948,56.61012],[13.14955,56.61021],[13.14965,56.61038],[13.14965,56.61043],[13.14969,56.6105],[13.14989,56.61069],[13.14996,56.61073],[13.15005,56.61076],[13.15013,56.61078],[13.15026,56.61081],[13.1504,56.6108],[13.15057,56.61076],[13.15057,56.61075],[13.15066,56.61069],[13.15069,56.61064],[13.1507,56.61056],[13.15064,56.61046],[13.1506,56.61037],[13.15064,56.61027],[13.15076,56.61015],[13.15087,56.6101],[13.15109,56.61003],[13.15127,56.61001],[13.15131,56.61002],[13.15131,56.61002],[13.15131,56.61002],[13.15132,56.60998],[13.15135,56.60995],[13.15141,56.60989],[13.15163,56.6099],[13.15163,56.6099],[13.15215,56.60977],[13.15231,56.6097],[13.15231,56.6097],[13.15231,56.6097],[13.15185,56.60936],[13.15121,56.60883],[13.1508,56.60844],[13.15016,56.60793],[13.15016,56.60793],[13.15016,56.60793],[13.14946,56.60818],[13.14904,56.60805],[13.14861,56.60757],[13.14868,56.60742],[13.14877,56.60727],[13.14849,56.60699],[13.14889,56.60685],[13.14889,56.60685],[13.14889,56.60685],[13.14838,56.60641],[13.14838,56.60641],[13.14838,56.60641],[13.14708,56.60696],[13.14621,56.60733],[13.14535,56.60769],[13.14434,56.60811],[13.14366,56.60839],[13.14318,56.60859],[13.14215,56.60888],[13.14155,56.60903]]]},"properties":{"NVRID":"2002418","NAMN":"Övragård","SKYDDSTYP":"Naturreservat","LAN":"Hallands Län","KOMMUN":"Laholm","IUCNKATEGORI":"IV, Habitat/Artskyddsområde (Habitat/Species Management Area)","FORVALTARE":"Länsstyrelsen i Hallands län","AREA_HA":15.335,"URSPR_BESLUTSDATUM":"2000-02-25"}},{"type":"Feature","geometry":{"type":"Polygon","coordinates":[[[12.95823,56.41434],[12.95829,56.41446],[12.95831,56.41447],[12.95831,56.4146],[12.95831,56.4146],[12.95844,56.41469],[12.95844,56.41469],[12.95866,56.41471],[12.95866,56.41471],[12.95881,56.41487],[12.95881,56.41487],[12.959,56.41492],[12.95922,56.41492],[12.95922,56.41492],[12.95973,56.41544],[12.96011,56.41579],[12.96016,56.41594],[12.96016,56.41594],[12.96017,56.41594],[12.96017,56.41594],[12.96051,56.41591],[12.96086,56.4159],[12.96123,56.41592],[12.96155,56.41597],[12.96176,56.41607],[12.96131,56.41629],[12.96066,56.41651],[12.96062,56.41652],[12.96062,56.41652],[12.96062,56.41653],[12.96096,56.41677],[12.96139,56.41696],[12.96139,56.41696],[12.96165,56.41722],[12.96176,56.41735],[12.96234,56.41772],[12.96238,56.41778],[12.96251,56.41783],[12.96251,56.41783],[12.96251,56.41783],[12.9644,56.4175],[12.96804,56.41687],[12.97015,56.41715],[12.97136,56.41697],[12.97267,56.41875],[12.97267,56.41875],[12.97267,56.41875],[12.97273,56.41874],[12.9733,56.41863],[12.9733,56.41863],[12.97334,56.41854],[12.97316,56.41821],[12.97279,56.41785],[12.97219,56.4175],[12.97206,56.41739],[12.97202,56.41726],[12.97211,56.41686],[12.97193,56.41655],[12.97175,56.41628],[12.97242,56.41615],[12.9728,56.41608],[12.97282,56.41611],[12.97282,56.41611],[12.97282,56.41611],[12.97412,56.41594],[12.97475,56.41583],[12.97543,56.4157],[12.97633,56.41558],[12.97742,56.41543],[12.97842,56.41532],[12.97912,56.41527],[12.98029,56.41744],[12.98029,56.41744],[12.98029,56.41744],[12.98054,56.4174],[12.98054,56.4174],[12.98054,56.4174],[12.9797,56.41584],[12.9797,56.41583],[12.97961,56.41581],[12.97946,56.41547],[12.9795,56.4154],[12.97941,56.41515],[12.98245,56.41453],[12.98245,56.41453],[12.98245,56.41453],[12.98239,56.41443],[12.98417,56.4142],[12.98641,56.41383],[12.98642,56.41383],[12.98642,56.41383],[12.9863,56.41364],[12.98719,56.41332],[12.98842,56.41311],[12.98948,56.41317],[12.9903,56.41304],[12.99345,56.41242],[12.99477,56.41224],[12.99477,56.41224],[12.99477,56.41224],[12.99466,56.41191],[12.99578,56.41185],[12.99742,56.41147],[12.99742,56.41147],[12.99742,56.41147],[12.99737,56.41137],[12.99826,56.41124],[12.99887,56.4111],[12.99936,56.41102],[12.99985,56.41093],[13.00037,56.41085],[13.00107,56.41073],[13.00161,56.41071],[13.00167,56.41078],[13.00167,56.41078],[13.00167,56.41078],[13.00274,56.41059],[13.00293,56.41059],[13.00306,56.41056],[13.00306,56.41056],[13.00306,56.41056],[13.00301,56.41047],[13.00301,56.41047],[13.00194,56.40997],[13.0028,56.40966],[13.0028,56.40966],[13.0028,56.40966],[13.0025,56.40951],[13.00306,56.40915],[13.0034,56.40889],[13.00345,56.40882],[13.00345,56.40882],[13.00342,56.4088],[13.00342,56.40879],[13.00341,56.40879],[13.00341,56.4088],[13.00335,56.40888],[13.00302,56.40914],[13.00267,56.40898],[13.00267,56.40888],[13.00306,56.4088],[13.0032,56.40873],[13.00365,56.4087],[13.00388,56.40862],[13.00388,56.40861],[13.00388,56.40861],[13.00388,56.40861],[13.00388,56.40861],[13.00374,56.40861],[13.00355,56.40841],[13.00406,56.40819],[13.00419,56.40827],[13.00455,56.40855],[13.00451,56.40857],[13.00451,56.40857],[13.00451,56.40857],[13.00451,56.40857],[13.00457,56.40859],[13.00474,56.40871],[13.00474,56.40871],[13.00474,56.40871],[13.00474,56.40871],[13.00474,56.4087],[13.00474,56.4087],[13.0046,56.40852],[13.00492,56.40835],[13.00503,56.40839],[13.00529,56.40859],[13.00529,56.40859],[13.00529,56.40859],[13.00529,56.40859],[13.00534,56.40852],[13.00554,56.40834],[13.00588,56.4081],[13.00588,56.4081],[13.00588,56.4081],[13.0057,56.40798],[13.00556,56.40787],[13.00554,56.40786],[13.00542,56.40775],[13.00531,56.4076],[13.00525,56.40748],[13.00522,56.40728],[13.00519,56.4071],[13.00524,56.40699],[13.00534,56.40685],[13.00548,56.4067],[13.00561,56.40653],[13.00561,56.40653],[13.00561,56.40653],[13.00561,56.40653],[13.00175,56.40684],[13.0014,56.40668],[13.00134,56.40665],[13.00125,56.40649],[13.00073,56.40617],[13.00603,56.40567],[13.00597,56.40576],[13.00589,56.40603],[13.00586,56.40609],[13.00586,56.40609],[13.00586,56.40609],[13.00759,56.40594],[13.00759,56.40594],[13.00759,56.40594],[13.00756,56.40578],[13.00748,56.40554],[13.00747,56.40536],[13.00745,56.40532],[13.00737,56.40527],[13.0073,56.40516],[13.00721,56.40498],[13.00721,56.40497],[13.00721,56.40497],[13.00721,56.40497],[13.00721,56.40498],[13.00717,56.40504],[13.00709,56.40514],[13.00701,56.40518],[13.00051,56.40578],[13.00053,56.40558],[13.00062,56.4054],[13.00341,56.40511],[13.00341,56.4051],[13.00341,56.4051],[13.00306,56.40462],[13.00505,56.40413],[13.00575,56.40494],[13.00575,56.40494],[13.00575,56.40494],[13.00634,56.40466],[13.00634,56.40466],[13.00553,56.40203],[13.00553,56.40203],[13.00553,56.40203],[13.00339,56.40215],[13.00336,56.40212],[13.00305,56.40083],[13.00305,56.40083],[13.00305,56.40083],[13.00305,56.40083],[13.0029,56.40089],[13.0029,56.40089],[13.0028,56.40108],[13.0027,56.40145],[13.00262,56.40154],[13.00257,56.40159],[13.00193,56.40174],[13.0014,56.40184],[13.00098,56.4019],[13.00054,56.402],[13.00007,56.40211],[13.00007,56.40211],[13.00002,56.40235],[12.99998,56.4029],[12.99976,56.40291],[12.99976,56.40291],[12.99976,56.40291],[12.99981,56.40308],[12.9998,56.40323],[12.99981,56.40346],[12.99883,56.40316],[12.9982,56.40296],[12.99778,56.40282],[12.99654,56.40245],[12.99577,56.4022],[12.99577,56.4022],[12.99434,56.40288],[12.99263,56.40309],[12.99263,56.40309],[12.99263,56.4031],[12.99263,56.4031],[12.99263,56.4031],[12.99278,56.40321],[12.99331,56.40365],[12.99352,56.4038],[12.99385,56.40411],[12.99402,56.40432],[12.99124,56.40491],[12.99061,56.40344],[12.99061,56.40344],[12.99061,56.40344],[12.99061,56.40344],[12.99025,56.40354],[12.99,56.40363],[12.98951,56.40382],[12.98897,56.40403],[12.9885,56.40425],[12.98805,56.40446],[12.98691,56.40359],[12.98703,56.40328],[12.98757,56.40312],[12.98777,56.40297],[12.98777,56.40297],[12.98777,56.40297],[12.98752,56.40276],[12.98752,56.40276],[12.98752,56.40276],[12.98628,56.4032],[12.98561,56.40369],[12.98561,56.40369],[12.98561,56.40369],[12.98622,56.40392],[12.9864,56.40402],[12.98644,56.40407],[12.98646,56.4042],[12.98646,56.40429],[12.98638,56.40437],[12.98601,56.40453],[12.98558,56.40466],[12.98488,56.40484],[12.98488,56.40484],[12.98442,56.40538],[12.98392,56.40576],[12.98392,56.40576],[12.98392,56.40576],[12.98422,56.4059],[12.98026,56.40566],[12.9796,56.406],[12.97761,56.40652],[12.97489,56.40717],[12.97465,56.40684],[12.97465,56.40684],[12.97465,56.40684],[12.97462,56.40685],[12.97446,56.40686],[12.97431,56.40687],[12.97409,56.40688],[12.97385,56.40687],[12.97362,56.40685],[12.9734,56.40682],[12.97317,56.40681],[12.97307,56.40681],[12.97284,56.40682],[12.97262,56.40682],[12.97239,56.40683],[12.97217,56.40683],[12.97195,56.40684],[12.97172,56.40685],[12.97149,56.40686],[12.97138,56.40687],[12.97089,56.40629],[12.97089,56.40629],[12.96938,56.40611],[12.96788,56.40579],[12.9679,56.40527],[12.9679,56.40527],[12.96646,56.40471],[12.96371,56.40373],[12.96405,56.40315],[12.96405,56.40315],[12.96405,56.40315],[12.96404,56.40315],[12.96404,56.40315],[12.96051,56.40526],[12.9605,56.40526],[12.9605,56.40526],[12.96169,56.40621],[12.96215,56.40641],[12.96292,56.4069],[12.96343,56.40718],[12.96348,56.40734],[12.96348,56.40734],[12.96378,56.40758],[12.96403,56.40777],[12.96433,56.40789],[12.96451,56.40796],[12.96469,56.40813],[12.96484,56.40825],[12.96515,56.40839],[12.96537,56.40847],[12.96537,56.40847],[12.96565,56.40869],[12.96585,56.40885],[12.96628,56.40906],[12.9668,56.40929],[12.96722,56.40946],[12.96722,56.40946],[12.96753,56.41009],[12.96819,56.41089],[12.9685,56.41123],[12.96858,56.41139],[12.96855,56.41152],[12.96834,56.41181],[12.96802,56.41193],[12.96773,56.412],[12.96773,56.412],[12.96752,56.41221],[12.96715,56.41259],[12.967,56.41249],[12.96634,56.41233],[12.96543,56.41222],[12.96513,56.41225],[12.96478,56.41231],[12.96407,56.41251],[12.9634,56.41266],[12.96217,56.41281],[12.96139,56.41283],[12.96013,56.41304],[12.95977,56.41308],[12.95941,56.41312],[12.95872,56.41332],[12.95777,56.4134],[12.95776,56.4134],[12.95776,56.4134],[12.95807,56.41426],[12.95807,56.41426],[12.95823,56.41434]],[[12.99898,56.40659],[12.99942,56.40665],[12.99966,56.40674],[12.9998,56.40683],[12.99935,56.40697],[12.99912,56.40674],[12.99898,56.40659]],[[12.99752,56.40669],[12.9982,56.40645],[12.99848,56.40657],[12.99834,56.40677],[12.99767,56.40689],[12.99752,56.40669]],[[13.00045,56.4076],[13.00091,56.40746],[13.00133,56.40773],[13.00097,56.40794],[13.00054,56.40785],[13.00045,56.4076]],[[12.98689,56.411],[12.98738,56.41093],[12.98756,56.4114],[12.98746,56.41141],[12.98704,56.41148],[12.98693,56.41123],[12.98689,56.411]]]},"properties":{"NVRID":"2014269","NAMN":"Osbecks bokskogar","SKYDDSTYP":"Naturreservat","LAN":"Hallands Län","KOMMUN":"Båstad, Laholm","IUCNKATEGORI":"Ia, Strikt naturreservat (Strict Nature Reserve)","FORVALTARE":"Länsstyrelsen i Hallands län","AREA_HA":273.131,"URSPR_BESLUTSDATUM":"2008-10-16"}},{"type":"Feature","geometry":{"type":"Polygon","coordinates":[[[13.06827,56.76156],[13.06822,56.76194],[13.06855,56.7625],[13.06855,56.7625],[13.06896,56.76274],[13.06988,56.76278],[13.07155,56.76378],[13.07155,56.76378],[13.07155,56.76378],[13.07155,56.76378],[13.07238,56.76301],[13.07286,56.76306],[13.07287,56.76306],[13.07287,56.76306],[13.07319,56.76247],[13.07326,56.76247],[13.07405,56.7625],[13.07404,56.76259],[13.07404,56.76259],[13.07488,56.76292],[13.07452,56.76362],[13.07452,56.76362],[13.07452,56.76362],[13.07522,56.76379],[13.07491,56.7641],[13.07491,56.7641],[13.07491,56.7641],[13.07777,56.76489],[13.07752,56.76512],[13.07722,56.76539],[13.07709,56.7655],[13.07688,56.76572],[13.07671,56.76586],[13.07648,56.7661],[13.07636,56.7662],[13.07596,56.76657],[13.07549,56.76699],[13.07487,56.76757],[13.07445,56.76797],[13.07406,56.76833],[13.07383,56.7685],[13.07351,56.76884],[13.07321,56.7691],[13.07274,56.76956],[13.07236,56.76989],[13.07237,56.77063],[13.07237,56.77063],[13.07416,56.77127],[13.07373,56.77157],[13.07373,56.77157],[13.07373,56.77157],[13.07494,56.77174],[13.07494,56.77174],[13.07576,56.77125],[13.07576,56.77125],[13.07577,56.77116],[13.07598,56.77117],[13.07598,56.77117],[13.07598,56.77117],[13.07613,56.77089],[13.0763,56.77077],[13.07677,56.77076],[13.07713,56.77094],[13.07746,56.77116],[13.0777,56.77135],[13.07814,56.77202],[13.07814,56.77202],[13.07815,56.77202],[13.07815,56.77202],[13.07928,56.77153],[13.07986,56.77127],[13.07996,56.77123],[13.08027,56.77109],[13.08052,56.771],[13.08112,56.77079],[13.0813,56.77073],[13.08158,56.77075],[13.08186,56.77075],[13.08206,56.77079],[13.08222,56.77085],[13.08236,56.77097],[13.08253,56.77115],[13.08263,56.7713],[13.08271,56.77144],[13.08275,56.77163],[13.08276,56.77182],[13.08287,56.77194],[13.08297,56.77208],[13.08299,56.77217],[13.08298,56.77223],[13.08298,56.77224],[13.08422,56.77321],[13.08423,56.77321],[13.08423,56.77321],[13.08423,56.77321],[13.08423,56.77321],[13.08445,56.77303],[13.08453,56.77291],[13.08461,56.77284],[13.0847,56.77274],[13.08483,56.77264],[13.08491,56.77254],[13.08492,56.77247],[13.08503,56.77234],[13.08513,56.77217],[13.08576,56.77197],[13.08605,56.77192],[13.08652,56.77178],[13.08696,56.77167],[13.08714,56.77169],[13.08728,56.77166],[13.08748,56.77156],[13.08815,56.77135],[13.08868,56.77114],[13.0889,56.77102],[13.08901,56.77094],[13.08901,56.77094],[13.08901,56.77094],[13.08901,56.77094],[13.08878,56.77088],[13.08874,56.77086],[13.08903,56.77065],[13.08903,56.77065],[13.08903,56.77065],[13.0889,56.7706],[13.08874,56.77053],[13.08829,56.77031],[13.08813,56.77029],[13.08788,56.77019],[13.08757,56.77012],[13.08755,56.77008],[13.08741,56.76989],[13.08741,56.76988],[13.08701,56.76976],[13.08679,56.76969],[13.08646,56.76951],[13.08609,56.76943],[13.08602,56.76941],[13.08546,56.76896],[13.08507,56.76876],[13.08502,56.76874],[13.08475,56.7687],[13.08467,56.76858],[13.08463,56.76846],[13.08446,56.76839],[13.0842,56.7682],[13.08389,56.76801],[13.08369,56.76782],[13.0836,56.7677],[13.08366,56.7676],[13.08392,56.76755],[13.08416,56.76748],[13.08427,56.76736],[13.08435,56.76724],[13.08433,56.76705],[13.08421,56.76681],[13.08407,56.76659],[13.0841,56.76642],[13.08414,56.76625],[13.08391,56.76597],[13.08374,56.76586],[13.08354,56.76576],[13.08319,56.76562],[13.0829,56.76552],[13.08274,56.76544],[13.08265,56.76527],[13.0826,56.76504],[13.08274,56.76469],[13.08287,56.76457],[13.08287,56.76457],[13.08277,56.7644],[13.0826,56.76419],[13.08251,56.76405],[13.08375,56.76153],[13.08375,56.76153],[13.08298,56.76094],[13.0828,56.76077],[13.08272,56.76058],[13.08271,56.75902],[13.08304,56.75687],[13.08598,56.75706],[13.08598,56.75706],[13.08598,56.75706],[13.08737,56.75425],[13.09,56.74891],[13.09,56.74891],[13.09,56.74891],[13.08977,56.7488],[13.08951,56.74882],[13.08912,56.7488],[13.0889,56.74873],[13.0888,56.74862],[13.0888,56.74862],[13.08879,56.74862],[13.08854,56.74865],[13.08809,56.74865],[13.08787,56.74854],[13.08787,56.74854],[13.08755,56.74859],[13.08744,56.74857],[13.08711,56.74858],[13.08694,56.74851],[13.08626,56.7484],[13.08603,56.74831],[13.08551,56.7483],[13.08593,56.74817],[13.08628,56.74806],[13.08678,56.74788],[13.08718,56.74776],[13.08801,56.74746],[13.08844,56.7473],[13.08877,56.74721],[13.08909,56.74709],[13.08909,56.74709],[13.08909,56.74709],[13.08893,56.74686],[13.08869,56.74672],[13.08857,56.74646],[13.08838,56.74633],[13.0883,56.74616],[13.08822,56.74606],[13.08822,56.74606],[13.08822,56.74606],[13.08822,56.74606],[13.08565,56.74682],[13.08401,56.74783],[13.08164,56.74827],[13.08143,56.74829],[13.08142,56.74829],[13.08142,56.74829],[13.08142,56.74829],[13.08271,56.75061],[13.08243,56.75077],[13.08161,56.75108],[13.08154,56.75106],[13.08143,56.75101],[13.08135,56.75094],[13.08127,56.75084],[13.08125,56.75073],[13.08125,56.75062],[13.08125,56.75062],[13.08125,56.75062],[13.0811,56.75058],[13.0811,56.75058],[13.0809,56.75061],[13.08074,56.75065],[13.08061,56.75055],[13.08056,56.75043],[13.08054,56.75032],[13.08042,56.75021],[13.08028,56.75014],[13.08013,56.75005],[13.07998,56.75],[13.0799,56.74993],[13.07979,56.74977],[13.07963,56.7496],[13.07948,56.74954],[13.07932,56.74948],[13.07905,56.7494],[13.07884,56.74934],[13.07868,56.74929],[13.0784,56.74927],[13.07822,56.74924],[13.0781,56.74917],[13.07805,56.74906],[13.07805,56.74896],[13.07803,56.74887],[13.07795,56.74876],[13.07786,56.74867],[13.07775,56.74852],[13.07766,56.74846],[13.07752,56.74838],[13.07738,56.74834],[13.0772,56.74816],[13.07713,56.74805],[13.07706,56.74791],[13.07702,56.74778],[13.07689,56.74762],[13.07684,56.74747],[13.0768,56.74743],[13.0768,56.74743],[13.0768,56.74743],[13.07262,56.74805],[13.07262,56.74805],[13.07262,56.74805],[13.07252,56.74868],[13.07253,56.74868],[13.07316,56.74893],[13.07347,56.74904],[13.07392,56.7492],[13.07436,56.74938],[13.07457,56.74944],[13.07515,56.74963],[13.0755,56.74982],[13.07592,56.74997],[13.07658,56.75015],[13.0769,56.75037],[13.07751,56.75214],[13.07748,56.75236],[13.07742,56.75243],[13.07734,56.75264],[13.07725,56.75281],[13.07711,56.75291],[13.07711,56.75291],[13.07707,56.75334],[13.07735,56.75424],[13.07723,56.7547],[13.07645,56.75487],[13.07559,56.75478],[13.07559,56.75478],[13.07559,56.75478],[13.07544,56.75508],[13.07383,56.75519],[13.07383,56.75519],[13.07383,56.75519],[13.07403,56.75575],[13.0735,56.75618],[13.0735,56.75619],[13.07358,56.75685],[13.07369,56.75712],[13.0737,56.75724],[13.07369,56.75745],[13.07372,56.75757],[13.07377,56.75762],[13.07392,56.75773],[13.0744,56.75797],[13.07463,56.75812],[13.07468,56.75823],[13.0744,56.75857],[13.07421,56.75851],[13.07374,56.75845],[13.07331,56.75837],[13.07273,56.75841],[13.07179,56.75835],[13.07142,56.75835],[13.0712,56.75837],[13.07091,56.75848],[13.07074,56.7586],[13.07067,56.75871],[13.07067,56.75871],[13.07067,56.75871],[13.07067,56.75871],[13.0709,56.75872],[13.07094,56.75903],[13.07156,56.75934],[13.07154,56.75982],[13.07079,56.76049],[13.06933,56.76052],[13.06833,56.7598],[13.06773,56.75927],[13.06762,56.75924],[13.06734,56.75912],[13.06725,56.7591],[13.06716,56.7591],[13.06709,56.75911],[13.06702,56.75914],[13.06695,56.75918],[13.06695,56.75918],[13.06695,56.75918],[13.06719,56.75964],[13.06719,56.75997],[13.06743,56.76055],[13.06827,56.76156]]]},"properties":{"NVRID":"2020225","NAMN":"Ullasjöbäcken","SKYDDSTYP":"Naturreservat","LAN":"Hallands Län","KOMMUN":"Halmstad","IUCNKATEGORI":"Ia, Strikt naturreservat (Strict Nature Reserve)","FORVALTARE":"Länsstyrelsen i Hallands län","AREA_HA":184.102,"URSPR_BESLUTSDATUM":"2009-11-05"}},{"type":"Feature","geometry":{"type":"Polygon","coordinates":[[[13.09341,56.60774],[13.09337,56.60786],[13.09338,56.60786],[13.09338,56.60786],[13.09704,56.60732],[13.09741,56.60758],[13.09741,56.60758],[13.09741,56.60758],[13.09797,56.60751],[13.09851,56.60816],[13.09849,56.60827],[13.09849,56.60827],[13.10305,56.61022],[13.10285,56.61033],[13.10285,56.61033],[13.10289,56.61051],[13.10289,56.61051],[13.10315,56.61073],[13.10274,56.61092],[13.10255,56.61114],[13.10212,56.61131],[13.10212,56.61131],[13.10221,56.6115],[13.10221,56.6115],[13.10221,56.6115],[13.10221,56.6115],[13.10263,56.61141],[13.10363,56.61137],[13.10406,56.61145],[13.10406,56.61145],[13.10406,56.61145],[13.10452,56.61119],[13.10486,56.61129],[13.10523,56.61134],[13.10544,56.61145],[13.10555,56.61151],[13.10555,56.61151],[13.10576,56.61153],[13.10576,56.61153],[13.10595,56.61142],[13.11019,56.61322],[13.11024,56.61336],[13.11024,56.61336],[13.11049,56.61342],[13.11166,56.61427],[13.11166,56.61427],[13.11194,56.61426],[13.11426,56.61556],[13.11426,56.61556],[13.11426,56.61556],[13.11483,56.61525],[13.11525,56.61514],[13.11547,56.61521],[13.1153,56.61557],[13.11493,56.61592],[13.11493,56.61592],[13.11493,56.61592],[13.11529,56.61611],[13.11529,56.61611],[13.11529,56.61611],[13.11622,56.6156],[13.11679,56.61571],[13.11692,56.61587],[13.11705,56.6163],[13.11705,56.6163],[13.11705,56.6163],[13.11777,56.61625],[13.11786,56.61625],[13.1181,56.61623],[13.1201,56.61609],[13.12184,56.61598],[13.12467,56.6158],[13.12467,56.6158],[13.12467,56.6158],[13.12467,56.6158],[13.12467,56.6158],[13.12429,56.61562],[13.12429,56.61562],[13.12202,56.61584],[13.12111,56.615],[13.12398,56.61409],[13.12398,56.61409],[13.12398,56.61409],[13.12398,56.61409],[13.1212,56.61287],[13.11959,56.61185],[13.11959,56.61185],[13.11959,56.61185],[13.11939,56.61199],[13.11939,56.61199],[13.11982,56.61276],[13.11962,56.6135],[13.11612,56.61201],[13.116,56.61195],[13.11589,56.61185],[13.11591,56.61172],[13.11638,56.61152],[13.11638,56.61152],[13.11638,56.61152],[13.11638,56.61152],[13.11586,56.61115],[13.11586,56.61115],[13.11586,56.61115],[13.1156,56.61126],[13.11531,56.6116],[13.11501,56.61149],[13.11497,56.61137],[13.11504,56.61125],[13.11504,56.61125],[13.11459,56.61091],[13.11412,56.61071],[13.11389,56.61053],[13.11302,56.61032],[13.11295,56.61028],[13.11293,56.61019],[13.11307,56.60949],[13.11312,56.60923],[13.11389,56.60913],[13.11419,56.60897],[13.11471,56.60908],[13.11501,56.60936],[13.11501,56.60936],[13.116,56.60957],[13.116,56.60957],[13.116,56.60956],[13.116,56.60956],[13.116,56.60956],[13.11573,56.60939],[13.11602,56.60885],[13.116,56.60857],[13.11641,56.60846],[13.11748,56.60753],[13.11744,56.60739],[13.11744,56.60739],[13.11704,56.60721],[13.11704,56.60721],[13.11704,56.60721],[13.11681,56.60731],[13.1166,56.60749],[13.11548,56.60776],[13.11548,56.60776],[13.11548,56.60776],[13.11572,56.60834],[13.11518,56.6083],[13.11473,56.60812],[13.11417,56.60767],[13.11413,56.60742],[13.11463,56.607],[13.11523,56.60678],[13.11555,56.60681],[13.11555,56.60681],[13.11555,56.60681],[13.11618,56.60619],[13.11703,56.60671],[13.11703,56.60671],[13.11809,56.60653],[13.11944,56.60645],[13.1197,56.60641],[13.1197,56.60641],[13.11982,56.60624],[13.11982,56.60624],[13.11982,56.60624],[13.1196,56.60617],[13.11898,56.60555],[13.11893,56.60491],[13.11893,56.60491],[13.11893,56.60491],[13.11734,56.60423],[13.11704,56.60367],[13.11672,56.60344],[13.11672,56.60344],[13.11672,56.60344],[13.11609,56.60357],[13.11536,56.60404],[13.11508,56.6048],[13.11493,56.60535],[13.11364,56.6062],[13.11335,56.60667],[13.11301,56.6068],[13.1121,56.60686],[13.11087,56.60563],[13.11087,56.60563],[13.11087,56.60563],[13.10896,56.60589],[13.10896,56.60589],[13.10896,56.60589],[13.10896,56.60589],[13.10978,56.60624],[13.10981,56.60656],[13.10979,56.60702],[13.10987,56.60743],[13.10974,56.60803],[13.10934,56.60834],[13.10865,56.6086],[13.10839,56.60872],[13.10058,56.60539],[13.10022,56.60524],[13.10025,56.60501],[13.10025,56.60501],[13.10025,56.60501],[13.10025,56.60501],[13.10025,56.60501],[13.09983,56.60507],[13.09728,56.60398],[13.09656,56.60368],[13.09656,56.60368],[13.09656,56.60368],[13.09569,56.6041],[13.09444,56.60327],[13.09444,56.60327],[13.09444,56.60327],[13.0935,56.60356],[13.09276,56.6038],[13.09245,56.6039],[13.09174,56.60436],[13.0907,56.60582],[13.0907,56.60582],[13.0907,56.60582],[13.09312,56.60674],[13.09371,56.60728],[13.09343,56.60736],[13.09343,56.60736],[13.09338,56.60752],[13.0933,56.60762],[13.0933,56.60762],[13.09341,56.60774]]]},"properties":{"NVRID":"2040870","NAMN":"Storemosse","SKYDDSTYP":"Naturreservat","LAN":"Hallands Län","KOMMUN":"Laholm","IUCNKATEGORI":"IV, Habitat/Artskyddsområde (Habitat/Species Management Area)","FORVALTARE":"Länsstyrelsen i Hallands län","AREA_HA":101.287,"URSPR_BESLUTSDATUM":"2013-05-13"}},{"type":"Feature","geometry":{"type":"Polygon","coordinates":[[[12.87733,56.83811],[12.87859,56.8393],[12.87991,56.84],[12.88027,56.8405],[12.88027,56.8405],[12.88027,56.8405],[12.88027,56.8405],[12.88221,56.83974],[12.88221,56.83974],[12.88221,56.83974],[12.87803,56.83671],[12.87874,56.83555],[12.88086,56.83655],[12.88157,56.83667],[12.88158,56.83667],[12.88227,56.83642],[12.88227,56.83642],[12.88242,56.83604],[12.88255,56.8349],[12.88255,56.8349],[12.88219,56.83442],[12.88219,56.83442],[12.87928,56.8338],[12.87928,56.8338],[12.87928,56.8338],[12.87928,56.8338],[12.87929,56.83383],[12.87844,56.83394],[12.8782,56.83391],[12.8782,56.83391],[12.8782,56.83391],[12.8782,56.83391],[12.87818,56.8341],[12.87805,56.83479],[12.87665,56.83452],[12.87527,56.83422],[12.87527,56.83422],[12.87527,56.83422],[12.87438,56.83656],[12.87425,56.83696],[12.87425,56.83696],[12.87425,56.83696],[12.8747,56.83701],[12.87558,56.83734],[12.8766,56.83795],[12.87733,56.83811]]]},"properties":{"NVRID":"2044039","NAMN":"Stövlaberget","SKYDDSTYP":"Naturreservat","LAN":"Hallands Län","KOMMUN":"Halmstad","IUCNKATEGORI":"IV, Habitat/Artskyddsområde (Habitat/Species Management Area)","FORVALTARE":"Länsstyrelsen i Hallands län","AREA_HA":18.439,"URSPR_BESLUTSDATUM":"2015-08-26"}},{"type":"Feature","geometry":{"type":"Polygon","coordinates":[[[13.17577,56.74925],[13.17569,56.74933],[13.17557,56.74938],[13.17548,56.74941],[13.17537,56.74944],[13.17537,56.74944],[13.17537,56.74944],[13.17537,56.74944],[13.17537,56.74944],[13.17624,56.74956],[13.17643,56.75008],[13.17648,56.75019],[13.17651,56.75038],[13.17651,56.75054],[13.17648,56.75071],[13.17639,56.75108],[13.17634,56.75123],[13.17631,56.75136],[13.17599,56.75138],[13.17599,56.75138],[13.17595,56.75142],[13.17595,56.75142],[13.17598,56.75147],[13.17594,56.75158],[13.17587,56.75169],[13.17591,56.75179],[13.17594,56.75186],[13.17597,56.75198],[13.17598,56.75212],[13.17597,56.75219],[13.17593,56.75221],[13.1759,56.75232],[13.17582,56.75242],[13.17582,56.75242],[13.17583,56.75242],[13.1767,56.75269],[13.1767,56.75269],[13.17697,56.75265],[13.17721,56.75292],[13.17738,56.75324],[13.17699,56.75373],[13.17699,56.75373],[13.17699,56.75373],[13.17766,56.75393],[13.17789,56.75439],[13.17816,56.75468],[13.17832,56.75493],[13.17832,56.75493],[13.17832,56.75493],[13.17833,56.75493],[13.17964,56.75416],[13.17965,56.75416],[13.17965,56.75416],[13.1796,56.75398],[13.18103,56.75302],[13.18153,56.75312],[13.18153,56.75312],[13.18213,56.75278],[13.18213,56.75278],[13.18217,56.75251],[13.18207,56.7523],[13.18182,56.75221],[13.18206,56.75195],[13.18202,56.75181],[13.18202,56.75181],[13.18168,56.75156],[13.18168,56.75156],[13.18153,56.75156],[13.18091,56.75136],[13.18058,56.75132],[13.1804,56.75126],[13.17907,56.75087],[13.17879,56.7503],[13.17841,56.74988],[13.17849,56.74921],[13.17819,56.7488],[13.1788,56.74866],[13.18064,56.74979],[13.18109,56.75],[13.18243,56.75126],[13.18243,56.75126],[13.18243,56.75126],[13.18273,56.75121],[13.18326,56.75132],[13.18376,56.75143],[13.18359,56.75157],[13.18359,56.75157],[13.18359,56.75157],[13.1841,56.75178],[13.18357,56.75233],[13.18296,56.75211],[13.18296,56.75211],[13.18296,56.75211],[13.18296,56.75212],[13.18221,56.75273],[13.18221,56.75273],[13.18221,56.75273],[13.1866,56.75511],[13.1866,56.75511],[13.1866,56.75511],[13.1866,56.75511],[13.1866,56.75511],[13.18821,56.75204],[13.18844,56.75208],[13.18998,56.75255],[13.19075,56.75293],[13.19162,56.75322],[13.19217,56.75337],[13.19246,56.7534],[13.1945,56.75419],[13.19498,56.75462],[13.19542,56.75479],[13.19542,56.75479],[13.19543,56.75479],[13.19543,56.75479],[13.1953,56.75351],[13.1953,56.75351],[13.19529,56.75351],[13.19476,56.75354],[13.19458,56.75354],[13.1944,56.75351],[13.19392,56.75339],[13.19392,56.75339],[13.19392,56.75339],[13.19371,56.7536],[13.19319,56.75354],[13.1932,56.75318],[13.1932,56.75318],[13.1918,56.75277],[13.19122,56.75257],[13.19132,56.75246],[13.19132,56.75246],[13.19132,56.75246],[13.19039,56.75192],[13.19005,56.75166],[13.18978,56.75162],[13.18947,56.75169],[13.18913,56.75167],[13.18873,56.75163],[13.18848,56.75152],[13.18829,56.7513],[13.18803,56.75093],[13.18844,56.75063],[13.1885,56.75045],[13.18916,56.75035],[13.18916,56.75035],[13.18916,56.75035],[13.18916,56.75035],[13.18854,56.74977],[13.18857,56.74974],[13.18894,56.74945],[13.1896,56.74924],[13.1901,56.7493],[13.19031,56.74945],[13.19057,56.74957],[13.19104,56.74975],[13.19126,56.74977],[13.19126,56.74977],[13.19166,56.74965],[13.19168,56.74997],[13.19168,56.74997],[13.19169,56.74997],[13.19236,56.74996],[13.1927,56.74982],[13.19392,56.75021],[13.19392,56.75021],[13.1943,56.75005],[13.19654,56.74828],[13.19654,56.74828],[13.19654,56.74828],[13.19654,56.74828],[13.19522,56.74829],[13.1942,56.74858],[13.19403,56.7486],[13.19339,56.74865],[13.19304,56.74866],[13.19262,56.74854],[13.19262,56.74854],[13.19212,56.74859],[13.19189,56.74856],[13.19159,56.74857],[13.19128,56.74859],[13.19102,56.74848],[13.19075,56.74825],[13.18993,56.74784],[13.18977,56.74768],[13.18977,56.74768],[13.18977,56.74768],[13.18948,56.74773],[13.18918,56.74787],[13.18812,56.74801],[13.18781,56.7479],[13.18781,56.7479],[13.18781,56.7479],[13.18739,56.74827],[13.18668,56.74805],[13.18668,56.74805],[13.18596,56.74826],[13.18553,56.74853],[13.18553,56.74854],[13.18553,56.74854],[13.18653,56.74907],[13.18584,56.74966],[13.18521,56.7493],[13.18464,56.74909],[13.18426,56.74902],[13.18373,56.74894],[13.1832,56.74868],[13.1829,56.74848],[13.18286,56.74831],[13.18347,56.74795],[13.18347,56.74795],[13.18347,56.74795],[13.18303,56.74767],[13.1826,56.7474],[13.18239,56.74726],[13.18192,56.74716],[13.18181,56.74704],[13.18181,56.74704],[13.18153,56.74701],[13.18036,56.74662],[13.18001,56.74626],[13.17947,56.74596],[13.17993,56.74585],[13.18015,56.74578],[13.18119,56.74563],[13.18194,56.74555],[13.18271,56.74552],[13.18283,56.74553],[13.18283,56.74553],[13.18334,56.74529],[13.19192,56.74127],[13.19192,56.74127],[13.19192,56.74127],[13.19192,56.74127],[13.19192,56.74127],[13.19192,56.74127],[13.19137,56.74129],[13.19101,56.74126],[13.19041,56.74113],[13.1897,56.74103],[13.18901,56.74092],[13.18828,56.74078],[13.18779,56.74069],[13.18745,56.74065],[13.18688,56.7406],[13.18652,56.74058],[13.18631,56.74055],[13.18631,56.74055],[13.18397,56.74176],[13.1772,56.74152],[13.1772,56.74152],[13.1772,56.74152],[13.1772,56.74152],[13.1774,56.74183],[13.17742,56.74228],[13.17657,56.74287],[13.17617,56.74432],[13.1753,56.74438],[13.1753,56.74438],[13.1753,56.74438],[13.1753,56.74438],[13.17537,56.74444],[13.17549,56.74456],[13.17559,56.74476],[13.17566,56.74493],[13.17577,56.74505],[13.17595,56.74539],[13.17595,56.74539],[13.17604,56.74545],[13.1761,56.74552],[13.17606,56.74558],[13.17601,56.74564],[13.17598,56.74571],[13.17598,56.74571],[13.17606,56.74575],[13.17604,56.74581],[13.17598,56.74585],[13.17598,56.74585],[13.17597,56.74591],[13.17599,56.74605],[13.17601,56.74619],[13.17604,56.74637],[13.17609,56.74651],[13.17622,56.74678],[13.1763,56.74695],[13.17635,56.74703],[13.17638,56.74713],[13.17641,56.74721],[13.1765,56.74728],[13.1765,56.74734],[13.17638,56.74738],[13.17627,56.74741],[13.17613,56.74742],[13.17602,56.74741],[13.17587,56.74738],[13.17581,56.74731],[13.17572,56.74715],[13.17564,56.74708],[13.17551,56.74705],[13.17538,56.74703],[13.17538,56.74703],[13.17525,56.74707],[13.17525,56.74707],[13.17525,56.7471],[13.17525,56.74713],[13.17523,56.74717],[13.17521,56.74724],[13.17525,56.74734],[13.17533,56.74746],[13.17556,56.74764],[13.17571,56.74776],[13.17585,56.7479],[13.17587,56.74795],[13.17587,56.74814],[13.17591,56.74819],[13.17595,56.74825],[13.17593,56.74831],[13.17596,56.74835],[13.17588,56.74843],[13.17585,56.7485],[13.17586,56.74854],[13.17583,56.74865],[13.17577,56.74872],[13.1757,56.7488],[13.17568,56.74887],[13.17571,56.74899],[13.17575,56.74913],[13.17577,56.74925]]]},"properties":{"NVRID":"2001412","NAMN":"Sundsholm","SKYDDSTYP":"Naturreservat","LAN":"Hallands Län","KOMMUN":"Halmstad","IUCNKATEGORI":"IV, Habitat/Artskyddsområde (Habitat/Species Management Area)","FORVALTARE":"Länsstyrelsen i Hallands län","AREA_HA":90.646,"URSPR_BESLUTSDATUM":"1996-10-11"}},{"type":"Feature","geometry":{"type":"Polygon","coordinates":[[[13.1913,56.78797],[13.19041,56.78816],[13.18978,56.78836],[13.18903,56.78864],[13.18903,56.78864],[13.18903,56.78864],[13.18905,56.78881],[13.1889,56.78902],[13.1889,56.78902],[13.1889,56.78902],[13.18891,56.78902],[13.18921,56.78906],[13.1895,56.78911],[13.19013,56.78931],[13.19054,56.78949],[13.19112,56.78962],[13.19149,56.78966],[13.19196,56.78972],[13.19232,56.78977],[13.19232,56.78977],[13.19241,56.78975],[13.19311,56.78975],[13.19336,56.78969],[13.19392,56.78951],[13.19412,56.78949],[13.19412,56.78949],[13.19412,56.78949],[13.19412,56.78949],[13.19392,56.78877],[13.19392,56.78876],[13.19392,56.78876],[13.19343,56.7888],[13.19344,56.78816],[13.19343,56.78816],[13.19307,56.78804],[13.19265,56.78792],[13.19241,56.78778],[13.19192,56.78757],[13.19192,56.78757],[13.19192,56.78757],[13.19192,56.78757],[13.1913,56.78797]]]},"properties":{"NVRID":"2001405","NAMN":"Stavsbjär","SKYDDSTYP":"Naturreservat","LAN":"Hallands Län","KOMMUN":"Halmstad","IUCNKATEGORI":"IV, Habitat/Artskyddsområde (Habitat/Species Management Area)","FORVALTARE":"Länsstyrelsen i Hallands län","AREA_HA":4.69,"URSPR_BESLUTSDATUM":"1995-06-16"}},{"type":"Feature","geometry":{"type":"Polygon","coordinates":[[[12.25238,57.33415],[12.25171,57.33404],[12.2507,57.33364],[12.2507,57.33364],[12.2507,57.33364],[12.24929,57.33594],[12.24929,57.33594],[12.24929,57.33595],[12.24929,57.33595],[12.2494,57.33593],[12.24956,57.33594],[12.24964,57.33593],[12.24985,57.33593],[12.24993,57.33591],[12.25002,57.33591],[12.25006,57.3359],[12.25067,57.33586],[12.25119,57.33579],[12.25151,57.33575],[12.2524,57.33554],[12.25258,57.33552],[12.25298,57.33562],[12.25297,57.33564],[12.25292,57.33576],[12.25284,57.33586],[12.25268,57.33601],[12.25263,57.33607],[12.25261,57.3361],[12.2526,57.33616],[12.2526,57.3362],[12.25265,57.33628],[12.25276,57.3364],[12.25293,57.33653],[12.25317,57.33668],[12.25323,57.33676],[12.25325,57.33684],[12.25325,57.33696],[12.25325,57.33716],[12.25322,57.33727],[12.2531,57.33747],[12.25296,57.33768],[12.2529,57.33775],[12.25275,57.33789],[12.25275,57.33789],[12.25275,57.33789],[12.25685,57.3409],[12.25685,57.3409],[12.25685,57.3409],[12.25685,57.3409],[12.25801,57.34014],[12.2593,57.33929],[12.2606,57.33843],[12.26115,57.33753],[12.26174,57.33654],[12.26195,57.33619],[12.26195,57.33619],[12.26153,57.33589],[12.26169,57.33562],[12.26169,57.33562],[12.26169,57.33562],[12.26097,57.33541],[12.25972,57.33514],[12.25972,57.33514],[12.25883,57.3353],[12.25843,57.3354],[12.25786,57.33575],[12.25786,57.33575],[12.25791,57.33614],[12.25791,57.33614],[12.25837,57.33641],[12.25805,57.33728],[12.25507,57.3362],[12.25553,57.33583],[12.25569,57.33584],[12.25593,57.33583],[12.25594,57.33583],[12.25594,57.33583],[12.25604,57.33545],[12.25655,57.33523],[12.25697,57.33505],[12.25697,57.33504],[12.25697,57.33504],[12.25697,57.33504],[12.25623,57.33447],[12.2556,57.33423],[12.25506,57.33419],[12.25482,57.33413],[12.25487,57.3339],[12.25487,57.3339],[12.25487,57.3339],[12.25395,57.33378],[12.25316,57.33372],[12.25316,57.33372],[12.2528,57.33382],[12.2528,57.33382],[12.25267,57.3339],[12.25253,57.33409],[12.25238,57.33415]]]},"properties":{"NVRID":"2046354","NAMN":"Tjuadal","SKYDDSTYP":"Naturreservat","LAN":"Hallands Län","KOMMUN":"Kungsbacka","IUCNKATEGORI":"Ia, Strikt naturreservat (Strict Nature Reserve)","FORVALTARE":"Länsstyrelsen i Hallands län","AREA_HA":27.676,"URSPR_BESLUTSDATUM":"2017-10-18"}},{"type":"Feature","geometry":{"type":"MultiPolygon","coordinates":[[[[12.81504,57.03563],[12.81504,57.03563],[12.81504,57.03563],[12.81501,57.03562],[12.81501,57.03562],[12.81501,57.03562],[12.81501,57.03562],[12.81501,57.03562],[12.81503,57.03563],[12.81503,57.03563],[12.81504,57.03563],[12.81504,57.03563]]],[[[12.81158,57.04359],[12.81158,57.04359],[12.81158,57.04359],[12.81324,57.0443],[12.81429,57.04476],[12.81823,57.04533],[12.81818,57.04539],[12.81805,57.04536],[12.81787,57.04534],[12.81754,57.04534],[12.81719,57.04533],[12.81674,57.04533],[12.81644,57.04533],[12.81621,57.04534],[12.81609,57.04535],[12.81555,57.04542],[12.81538,57.04543],[12.81522,57.04544],[12.81487,57.04543],[12.81461,57.04543],[12.8144,57.04544],[12.81423,57.04546],[12.81423,57.04546],[12.8129,57.04747],[12.81157,57.04828],[12.81157,57.04828],[12.81214,57.0516],[12.81214,57.0516],[12.81214,57.0516],[12.81612,57.05161],[12.81625,57.05158],[12.81644,57.05157],[12.81689,57.05157],[12.81717,57.05157],[12.81736,57.05161],[12.81757,57.05162],[12.81784,57.05165],[12.81837,57.05169],[12.8185,57.0517],[12.81877,57.05171],[12.81888,57.05169],[12.8191,57.05166],[12.81926,57.05162],[12.81935,57.0516],[12.81976,57.05149],[12.81988,57.05145],[12.81999,57.05143],[12.82026,57.05137],[12.8205,57.05133],[12.82067,57.05131],[12.82098,57.05128],[12.82121,57.05128],[12.82145,57.0513],[12.82166,57.05133],[12.82202,57.05147],[12.82217,57.05154],[12.82226,57.0516],[12.82244,57.05172],[12.82254,57.05179],[12.82268,57.05183],[12.82283,57.05185],[12.82299,57.05186],[12.8231,57.05185],[12.82345,57.05174],[12.82365,57.05169],[12.82392,57.05166],[12.82412,57.05166],[12.82423,57.05164],[12.82451,57.05156],[12.82467,57.05151],[12.82479,57.05146],[12.82493,57.05141],[12.82508,57.05132],[12.82518,57.05124],[12.82518,57.05124],[12.82521,57.05112],[12.82517,57.051],[12.82511,57.05093],[12.82502,57.0508],[12.82499,57.05077],[12.82496,57.05068],[12.82491,57.05058],[12.82486,57.05046],[12.82483,57.05042],[12.82476,57.05031],[12.8247,57.0502],[12.82465,57.05009],[12.82465,57.05002],[12.82469,57.04993],[12.82496,57.04942],[12.82502,57.04935],[12.82508,57.04929],[12.8252,57.04922],[12.82533,57.04915],[12.82543,57.04911],[12.82579,57.04895],[12.82587,57.0489],[12.82593,57.04887],[12.8261,57.04879],[12.8263,57.04873],[12.82639,57.04873],[12.82664,57.04875],[12.82678,57.04875],[12.82723,57.0488],[12.82742,57.04882],[12.82763,57.04884],[12.82774,57.04884],[12.82783,57.04879],[12.82783,57.04879],[12.82787,57.04871],[12.8279,57.04865],[12.82798,57.0485],[12.82814,57.04816],[12.83167,57.04851],[12.8308,57.05036],[12.82985,57.05235],[12.82178,57.05335],[12.82178,57.05335],[12.82177,57.05335],[12.8219,57.05351],[12.82207,57.05369],[12.82238,57.05388],[12.8224,57.05413],[12.82243,57.05426],[12.82244,57.05436],[12.82253,57.0545],[12.8227,57.05467],[12.82275,57.05475],[12.82349,57.05566],[12.82375,57.05597],[12.82352,57.0564],[12.82331,57.05709],[12.82331,57.05709],[12.82332,57.05709],[12.82332,57.0571],[12.82332,57.05709],[12.82686,57.05577],[12.82699,57.05584],[12.8274,57.05595],[12.82772,57.05599],[12.82806,57.05598],[12.82778,57.05644],[12.82737,57.05727],[12.82737,57.05727],[12.82737,57.05727],[12.82945,57.05781],[12.83105,57.0582],[12.83105,57.0582],[12.83105,57.0582],[12.83284,57.05728],[12.83284,57.05728],[12.83285,57.05725],[12.83289,57.05718],[12.83297,57.0571],[12.83307,57.057],[12.83348,57.05676],[12.83362,57.05666],[12.83373,57.0565],[12.83374,57.05633],[12.83372,57.05623],[12.8337,57.05613],[12.83363,57.05601],[12.8336,57.05592],[12.83348,57.05577],[12.83351,57.05565],[12.83363,57.05544],[12.83375,57.0553],[12.83383,57.05522],[12.83394,57.05513],[12.83431,57.05487],[12.83454,57.05469],[12.83479,57.0545],[12.83491,57.05442],[12.83503,57.05436],[12.83517,57.05432],[12.83559,57.0542],[12.83584,57.05413],[12.83608,57.05406],[12.83624,57.05401],[12.83635,57.05397],[12.83647,57.0539],[12.83655,57.05383],[12.83665,57.05373],[12.83671,57.05366],[12.83677,57.05357],[12.8368,57.0535],[12.83683,57.05343],[12.83685,57.05336],[12.83689,57.05329],[12.83694,57.05321],[12.83705,57.05312],[12.83774,57.05262],[12.83779,57.05256],[12.83783,57.05249],[12.83783,57.05238],[12.83784,57.0522],[12.83788,57.05207],[12.83792,57.05196],[12.83798,57.05185],[12.83803,57.05178],[12.83809,57.05172],[12.8382,57.05167],[12.83832,57.05161],[12.83846,57.05157],[12.83869,57.05151],[12.83899,57.05144],[12.83941,57.05135],[12.83962,57.05131],[12.83989,57.05126],[12.8401,57.05124],[12.84038,57.05121],[12.84057,57.05119],[12.84084,57.05112],[12.84146,57.05099],[12.84177,57.05092],[12.8422,57.05081],[12.84261,57.05068],[12.84315,57.05054],[12.84336,57.05047],[12.84349,57.0504],[12.84372,57.05033],[12.84411,57.05024],[12.84441,57.05016],[12.84466,57.05006],[12.84482,57.05002],[12.84502,57.04998],[12.84529,57.04995],[12.84553,57.04992],[12.84592,57.04989],[12.8462,57.04991],[12.84624,57.04993],[12.84624,57.04993],[12.84624,57.04993],[12.8491,57.04855],[12.8491,57.04855],[12.8491,57.04855],[12.8491,57.04855],[12.83591,57.04535],[12.83591,57.04535],[12.83591,57.04535],[12.83381,57.04669],[12.83302,57.04678],[12.83116,57.0471],[12.82833,57.04505],[12.82599,57.04338],[12.82468,57.04246],[12.81504,57.03563],[12.81503,57.03563],[12.81503,57.03563],[12.81503,57.03563],[12.81475,57.03581],[12.81427,57.03634],[12.81407,57.03686],[12.81402,57.03692],[12.81391,57.03719],[12.8139,57.03723],[12.81332,57.03705],[12.81331,57.03705],[12.81331,57.03705],[12.80902,57.04033],[12.80902,57.04033],[12.80902,57.04033],[12.81282,57.04164],[12.81158,57.04359]]]]},"properties":{"NVRID":"2052765","NAMN":"Klintamossen","SKYDDSTYP":"Naturreservat","LAN":"Hallands Län","KOMMUN":"Falkenberg","IUCNKATEGORI":"Ia, Strikt naturreservat (Strict Nature Reserve)","FORVALTARE":"Länsstyrelsen i Hallands län","AREA_HA":217.296,"URSPR_BESLUTSDATUM":"2020-12-03"}},{"type":"Feature","geometry":{"type":"Polygon","coordinates":[[[12.98326,56.73382],[12.98495,56.73438],[12.98567,56.73461],[12.98567,56.73461],[12.98719,56.73401],[12.98833,56.73319],[12.98833,56.73319],[12.98833,56.73319],[12.98829,56.73314],[12.98807,56.73301],[12.98786,56.7329],[12.98776,56.7328],[12.98755,56.73274],[12.98689,56.73261],[12.98647,56.73245],[12.98599,56.73224],[12.98568,56.73206],[12.98568,56.73206],[12.97954,56.7335],[12.97954,56.7335],[12.97954,56.7335],[12.97954,56.7335],[12.98072,56.73438],[12.98072,56.73438],[12.98072,56.73438],[12.98326,56.73382]]]},"properties":{"NVRID":"2049073","NAMN":"Kvarnsjöskogen","SKYDDSTYP":"Naturreservat","LAN":"Hallands Län","KOMMUN":"Halmstad","IUCNKATEGORI":"Ia, Strikt naturreservat (Strict Nature Reserve)","FORVALTARE":"Länsstyrelsen i Hallands län","AREA_HA":8.111,"URSPR_BESLUTSDATUM":"2018-10-31"}},{"type":"Feature","geometry":{"type":"Polygon","coordinates":[[[12.53982,57.10261],[12.53994,57.10257],[12.54003,57.10253],[12.54007,57.10252],[12.54018,57.10245],[12.54024,57.10243],[12.5403,57.10242],[12.54036,57.10246],[12.5404,57.10249],[12.54045,57.10254],[12.54051,57.10257],[12.54058,57.10258],[12.54064,57.10258],[12.54064,57.10258],[12.54075,57.1025],[12.54077,57.10249],[12.54092,57.1025],[12.54101,57.10249],[12.54107,57.10248],[12.54112,57.10245],[12.54112,57.10245],[12.54117,57.10233],[12.54119,57.10226],[12.54138,57.10212],[12.54145,57.10209],[12.54158,57.10205],[12.54185,57.10201],[12.54194,57.102],[12.54199,57.10199],[12.54233,57.10197],[12.54243,57.10198],[12.54247,57.10199],[12.54253,57.10209],[12.54255,57.10212],[12.5426,57.10214],[12.54274,57.10216],[12.54274,57.10216],[12.54276,57.10215],[12.54316,57.10222],[12.54363,57.10243],[12.54392,57.10256],[12.54401,57.10272],[12.54417,57.10298],[12.54414,57.10315],[12.54427,57.10331],[12.54426,57.10333],[12.54426,57.10341],[12.54435,57.10354],[12.54448,57.10384],[12.54457,57.10404],[12.54454,57.10418],[12.54456,57.10427],[12.54463,57.10436],[12.5447,57.1044],[12.54506,57.10449],[12.54516,57.10461],[12.54524,57.10466],[12.54531,57.10469],[12.54543,57.1047],[12.54554,57.10472],[12.54571,57.1047],[12.5459,57.10469],[12.54612,57.10469],[12.54627,57.1047],[12.54633,57.1047],[12.54638,57.10474],[12.54642,57.10478],[12.54644,57.10479],[12.54645,57.10489],[12.54639,57.10496],[12.54639,57.10502],[12.54657,57.1052],[12.54671,57.10541],[12.54674,57.10546],[12.54675,57.10553],[12.54673,57.10556],[12.54671,57.1056],[12.5467,57.10565],[12.5467,57.10574],[12.5467,57.10574],[12.54676,57.10579],[12.54693,57.10585],[12.54705,57.10587],[12.5472,57.1059],[12.54729,57.10591],[12.54736,57.10592],[12.54741,57.10594],[12.54746,57.10601],[12.54751,57.1061],[12.54756,57.10617],[12.54758,57.10622],[12.54778,57.10645],[12.54783,57.1065],[12.54789,57.10655],[12.54813,57.10671],[12.54856,57.10687],[12.54881,57.1069],[12.54894,57.10691],[12.54898,57.10692],[12.54906,57.10696],[12.54916,57.107],[12.54939,57.10708],[12.54946,57.10715],[12.54949,57.10717],[12.54949,57.10717],[12.54949,57.10717],[12.54952,57.10716],[12.5497,57.10707],[12.5497,57.10707],[12.55058,57.1011],[12.55117,57.10115],[12.5519,57.10092],[12.55289,57.10084],[12.55416,57.10065],[12.55527,57.10042],[12.55527,57.10042],[12.55572,57.09988],[12.55637,57.09995],[12.5572,57.10032],[12.5572,57.10033],[12.55976,57.09991],[12.55976,57.09991],[12.55976,57.09991],[12.55894,57.09936],[12.55817,57.09877],[12.55758,57.09842],[12.55722,57.09833],[12.55578,57.09794],[12.55487,57.0977],[12.55467,57.09759],[12.55448,57.09753],[12.55338,57.09737],[12.55241,57.09691],[12.55215,57.09668],[12.55254,57.09602],[12.55254,57.09602],[12.55231,57.09592],[12.55139,57.09574],[12.55139,57.09574],[12.55139,57.09574],[12.55139,57.09574],[12.55109,57.09758],[12.54933,57.09776],[12.54893,57.09732],[12.54893,57.09732],[12.54787,57.09711],[12.54696,57.09702],[12.54498,57.09726],[12.54498,57.09726],[12.54498,57.09726],[12.54476,57.09813],[12.54397,57.09772],[12.54312,57.097],[12.54312,57.097],[12.54312,57.097],[12.54312,57.097],[12.54254,57.09729],[12.54208,57.09749],[12.54121,57.09794],[12.54075,57.09821],[12.54074,57.09821],[12.54074,57.09822],[12.54075,57.09822],[12.54097,57.0983],[12.541,57.09833],[12.54102,57.09837],[12.54102,57.09859],[12.54103,57.09863],[12.54103,57.09877],[12.54102,57.09883],[12.54104,57.09888],[12.54105,57.09894],[12.54109,57.09901],[12.54114,57.09905],[12.54114,57.09907],[12.54115,57.09909],[12.54115,57.09909],[12.54115,57.09909],[12.54192,57.09913],[12.54264,57.09924],[12.54264,57.09924],[12.54264,57.09924],[12.54285,57.09873],[12.54372,57.09886],[12.54372,57.09954],[12.54356,57.10052],[12.54306,57.10049],[12.54306,57.10049],[12.54306,57.10049],[12.54281,57.10122],[12.5419,57.10107],[12.54084,57.10105],[12.54084,57.10105],[12.54084,57.10105],[12.54071,57.10122],[12.53969,57.10157],[12.53948,57.10182],[12.5394,57.10191],[12.53932,57.10214],[12.5393,57.10218],[12.53927,57.10219],[12.53913,57.10226],[12.53907,57.1023],[12.53901,57.10235],[12.53892,57.10239],[12.53882,57.10247],[12.53883,57.10267],[12.53889,57.1028],[12.53892,57.10282],[12.53892,57.10282],[12.53909,57.10282],[12.53918,57.10282],[12.53933,57.10283],[12.53948,57.10288],[12.53954,57.1029],[12.53954,57.1029],[12.53954,57.1029],[12.53972,57.10284],[12.53972,57.10284],[12.53972,57.10284],[12.53975,57.10275],[12.53977,57.10271],[12.53979,57.10267],[12.53982,57.10261]]]},"properties":{"NVRID":"2029075","NAMN":"Valaklitt","SKYDDSTYP":"Naturreservat","LAN":"Hallands Län","KOMMUN":"Varberg","IUCNKATEGORI":"IV, Habitat/Artskyddsområde (Habitat/Species Management Area)","FORVALTARE":"Länsstyrelsen i Hallands län","AREA_HA":59.367,"URSPR_BESLUTSDATUM":"1978-05-10"}},{"type":"Feature","geometry":{"type":"Polygon","coordinates":[[[12.94169,56.57992],[12.94199,56.57992],[12.94221,56.57993],[12.9425,56.57992],[12.94265,56.5799],[12.94291,56.57985],[12.94323,56.57977],[12.94357,56.57965],[12.94383,56.57953],[12.94402,56.5794],[12.94417,56.57925],[12.94425,56.57912],[12.94431,56.57896],[12.94433,56.57873],[12.94442,56.57833],[12.94453,56.57757],[12.94474,56.57738],[12.94496,56.57721],[12.94521,56.57707],[12.94557,56.57694],[12.94582,56.57684],[12.94622,56.57676],[12.94679,56.5767],[12.94747,56.57667],[12.94821,56.5766],[12.94821,56.57659],[12.94821,56.57659],[12.9482,56.57648],[12.94818,56.57632],[12.94817,56.57614],[12.94818,56.57594],[12.94817,56.57583],[12.94816,56.57562],[12.94817,56.57558],[12.94817,56.57543],[12.94817,56.57539],[12.94818,56.57524],[12.94818,56.57509],[12.94818,56.57494],[12.94818,56.57491],[12.94821,56.57453],[12.94823,56.57435],[12.94824,56.57416],[12.94826,56.57398],[12.94827,56.57368],[12.94829,56.57354],[12.9483,56.5734],[12.94835,56.57298],[12.94839,56.57272],[12.94841,56.57257],[12.94844,56.57238],[12.94847,56.5722],[12.94849,56.5721],[12.94853,56.57191],[12.94857,56.57177],[12.94865,56.57141],[12.9487,56.5712],[12.94873,56.57108],[12.94882,56.57076],[12.94896,56.57032],[12.94907,56.56996],[12.94917,56.56967],[12.94922,56.56952],[12.94934,56.5692],[12.94939,56.56905],[12.94944,56.56894],[12.94951,56.56879],[12.9496,56.56858],[12.94967,56.56844],[12.94968,56.5684],[12.94977,56.56822],[12.94992,56.5679],[12.94999,56.56776],[12.95023,56.56731],[12.95028,56.56721],[12.95027,56.56717],[12.95016,56.56701],[12.95019,56.56696],[12.95045,56.56683],[12.95045,56.56683],[12.95059,56.5666],[12.9506,56.56657],[12.9509,56.56609],[12.95116,56.56568],[12.95139,56.56538],[12.95152,56.56522],[12.9518,56.56481],[12.952,56.56454],[12.9521,56.56441],[12.95244,56.56398],[12.95256,56.56385],[12.95328,56.56301],[12.95382,56.56239],[12.95421,56.56197],[12.95442,56.56175],[12.95473,56.56139],[12.95503,56.56103],[12.95546,56.56058],[12.95567,56.56035],[12.95587,56.56013],[12.95724,56.55857],[12.95762,56.55813],[12.95887,56.55671],[12.9603,56.55506],[12.9609,56.55434],[12.96116,56.55403],[12.96154,56.55357],[12.96255,56.55225],[12.96269,56.55206],[12.9633,56.55127],[12.9636,56.55087],[12.96398,56.55033],[12.96428,56.54994],[12.96452,56.54961],[12.96494,56.54901],[12.96542,56.54827],[12.96585,56.54775],[12.96598,56.54759],[12.96598,56.54759],[12.96597,56.54759],[12.9659,56.54754],[12.96587,56.54751],[12.96584,56.54744],[12.96584,56.5474],[12.96584,56.54736],[12.96589,56.54726],[12.96596,56.5472],[12.966,56.54717],[12.96615,56.54709],[12.9665,56.54694],[12.96651,56.54694],[12.96663,56.54679],[12.96729,56.54594],[12.9679,56.54511],[12.96846,56.54426],[12.96846,56.54425],[12.96814,56.54411],[12.96779,56.54358],[12.96779,56.54358],[12.96599,56.54311],[12.96599,56.54311],[12.96599,56.54311],[12.96595,56.54314],[12.96576,56.54321],[12.96551,56.54329],[12.96538,56.54336],[12.96523,56.54342],[12.96509,56.54348],[12.96494,56.54354],[12.96475,56.54363],[12.96448,56.54371],[12.96421,56.54379],[12.96405,56.54385],[12.96389,56.54393],[12.96364,56.54399],[12.96351,56.54401],[12.96342,56.54406],[12.96332,56.5441],[12.96314,56.54414],[12.96295,56.54419],[12.96274,56.54425],[12.96258,56.54431],[12.96234,56.54438],[12.96208,56.54444],[12.96196,56.54448],[12.96182,56.54449],[12.96156,56.54456],[12.96115,56.54465],[12.96079,56.54474],[12.96054,56.54481],[12.96043,56.54482],[12.95981,56.54496],[12.95948,56.54504],[12.95895,56.54516],[12.95838,56.5453],[12.95766,56.54549],[12.95697,56.5457],[12.95636,56.54585],[12.95573,56.54601],[12.95524,56.54612],[12.95473,56.54627],[12.95447,56.54635],[12.95274,56.5469],[12.949,56.54847],[12.94651,56.54967],[12.94332,56.54973],[12.94332,56.54973],[12.94332,56.54974],[12.94195,56.56319],[12.94066,56.56954],[12.93762,56.58086],[12.93762,56.58086],[12.93762,56.58086],[12.93762,56.58086],[12.93933,56.58089],[12.93947,56.58086],[12.94032,56.5805],[12.94117,56.58011],[12.94135,56.58003],[12.9415,56.57997],[12.94169,56.57992]],[[12.96373,56.54617],[12.9642,56.54611],[12.96437,56.54654],[12.96395,56.54662],[12.9639,56.5466],[12.96373,56.54617]],[[12.95102,56.55246],[12.9511,56.5522],[12.95182,56.55203],[12.952,56.55227],[12.95128,56.55244],[12.95102,56.55246]],[[12.95891,56.54613],[12.95953,56.54599],[12.95974,56.54656],[12.95931,56.54671],[12.95891,56.54613]],[[12.9512,56.54796],[12.95127,56.54791],[12.95262,56.54742],[12.95313,56.54797],[12.95164,56.54831],[12.9512,56.54796]],[[12.95947,56.54555],[12.96302,56.54469],[12.9632,56.545],[12.96482,56.54902],[12.96247,56.54957],[12.96142,56.54982],[12.95994,56.54623],[12.95977,56.54591],[12.95947,56.54555]]]},"properties":{"NVRID":"2001083","NAMN":"Tönnersa","SKYDDSTYP":"Naturreservat","LAN":"Hallands Län","KOMMUN":"Halmstad, Laholm","IUCNKATEGORI":"IV, Habitat/Artskyddsområde (Habitat/Species Management Area)","FORVALTARE":"Länsstyrelsen i Hallands län","AREA_HA":289.721,"URSPR_BESLUTSDATUM":"1980-02-22"}},{"type":"Feature","geometry":{"type":"Polygon","coordinates":[[[12.35457,56.94768],[12.3562,56.94775],[12.35671,56.94777],[12.35671,56.94777],[12.35672,56.94777],[12.35711,56.94694],[12.35713,56.94688],[12.35715,56.94683],[12.35715,56.94679],[12.35741,56.94603],[12.35761,56.94541],[12.35763,56.94535],[12.35773,56.94504],[12.35787,56.94462],[12.35797,56.94432],[12.35801,56.9442],[12.35802,56.94416],[12.35808,56.94397],[12.35818,56.94364],[12.3582,56.94359],[12.35819,56.94357],[12.35826,56.9432],[12.35839,56.94253],[12.3584,56.94249],[12.35845,56.94241],[12.35853,56.94231],[12.35871,56.94206],[12.35902,56.94163],[12.3593,56.94124],[12.35931,56.94122],[12.35935,56.94119],[12.35961,56.94082],[12.35992,56.94038],[12.35996,56.94033],[12.35996,56.94033],[12.35996,56.94033],[12.35878,56.93972],[12.35453,56.93886],[12.35399,56.93874],[12.34314,56.93659],[12.34314,56.93659],[12.34314,56.93659],[12.34314,56.93659],[12.3423,56.94183],[12.34243,56.94728],[12.34243,56.94728],[12.34244,56.94728],[12.34244,56.94728],[12.35157,56.9476],[12.35457,56.94768]]]},"properties":{"NVRID":"2002007","NAMN":"Digesgård","SKYDDSTYP":"Naturreservat","LAN":"Hallands Län","KOMMUN":"Falkenberg","IUCNKATEGORI":"IV, Habitat/Artskyddsområde (Habitat/Species Management Area)","FORVALTARE":"Länsstyrelsen i Hallands län","AREA_HA":101.099,"URSPR_BESLUTSDATUM":"1998-05-29"}},{"type":"Feature","geometry":{"type":"Polygon","coordinates":[[[13.52931,56.96286],[13.52931,56.96286],[13.52931,56.96286],[13.52614,56.96759],[13.52614,56.96759],[13.52614,56.96759],[13.52791,56.96824],[13.52927,56.96893],[13.52927,56.96893],[13.52996,56.96896],[13.5304,56.96892],[13.5307,56.96893],[13.53153,56.96896],[13.53243,56.96899],[13.53343,56.96901],[13.53352,56.96901],[13.53416,56.96903],[13.53426,56.96903],[13.5344,56.96906],[13.5344,56.96906],[13.5344,56.96906],[13.5344,56.96906],[13.53443,56.96899],[13.53449,56.96887],[13.53454,56.96878],[13.53461,56.96873],[13.53469,56.96868],[13.53477,56.96864],[13.53488,56.96857],[13.53493,56.96849],[13.53499,56.9684],[13.53503,56.96834],[13.53506,56.9683],[13.53515,56.96827],[13.53524,56.96825],[13.53531,56.96822],[13.53536,56.96816],[13.53538,56.96809],[13.53544,56.96803],[13.5355,56.96799],[13.53556,56.96793],[13.53556,56.96793],[13.53552,56.96786],[13.53541,56.9678],[13.53532,56.96774],[13.53515,56.9677],[13.53503,56.96766],[13.53488,56.96763],[13.53479,56.96758],[13.53474,56.9675],[13.53472,56.96743],[13.53477,56.96736],[13.53477,56.96736],[13.53477,56.96735],[13.53477,56.96735],[13.53477,56.96735],[13.53382,56.96737],[13.53364,56.96628],[13.5338,56.966],[13.5338,56.966],[13.5338,56.966],[13.53374,56.966],[13.53403,56.9655],[13.53412,56.96519],[13.53402,56.96502],[13.53351,56.96427],[13.5335,56.96419],[13.53362,56.96407],[13.53378,56.96392],[13.53378,56.96392],[13.53378,56.96392],[13.53378,56.96392],[13.53286,56.96365],[13.53207,56.96331],[13.53207,56.96331],[13.53206,56.96331],[13.5319,56.96344],[13.53078,56.9631],[13.53001,56.96293],[13.52931,56.96286]]]},"properties":{"NVRID":"2002009","NAMN":"Ödegärdet","SKYDDSTYP":"Naturreservat","LAN":"Hallands Län","KOMMUN":"Hylte","IUCNKATEGORI":"IV, Habitat/Artskyddsområde (Habitat/Species Management Area)","FORVALTARE":"Länsstyrelsen i Hallands län","AREA_HA":24.905,"URSPR_BESLUTSDATUM":"1995-06-16"}},{"type":"Feature","geometry":{"type":"Polygon","coordinates":[[[13.12769,56.68991],[13.12523,56.69004],[13.12523,56.69004],[13.12523,56.69004],[13.12523,56.69004],[13.1291,56.69286],[13.13063,56.69397],[13.13355,56.69581],[13.13622,56.69742],[13.14329,56.702],[13.14306,56.70222],[13.14308,56.70253],[13.14319,56.70264],[13.14319,56.70264],[13.14319,56.70264],[13.14319,56.70264],[13.14319,56.70264],[13.14323,56.70261],[13.14337,56.7025],[13.14356,56.70246],[13.14375,56.70242],[13.14415,56.70238],[13.14439,56.70234],[13.14458,56.70227],[13.14471,56.70225],[13.14485,56.70224],[13.14485,56.70223],[13.14499,56.70217],[13.14517,56.70197],[13.14543,56.70163],[13.14557,56.70155],[13.14562,56.70148],[13.14586,56.70142],[13.14606,56.70133],[13.14622,56.70116],[13.14622,56.70116],[13.14614,56.70084],[13.14642,56.69965],[13.14634,56.69922],[13.14635,56.69872],[13.14661,56.69792],[13.1466,56.69714],[13.14663,56.69664],[13.14688,56.69621],[13.14705,56.69608],[13.14714,56.69608],[13.14714,56.69608],[13.1472,56.696],[13.1472,56.696],[13.1472,56.696],[13.14716,56.69598],[13.14716,56.69598],[13.14716,56.69598],[13.14712,56.69597],[13.14728,56.6957],[13.14706,56.69549],[13.14773,56.69547],[13.14774,56.69549],[13.14774,56.69557],[13.14764,56.69566],[13.1476,56.69578],[13.14755,56.69587],[13.14754,56.69598],[13.14753,56.69598],[13.14753,56.69599],[13.14753,56.69599],[13.14754,56.69599],[13.14754,56.69599],[13.14754,56.69599],[13.14754,56.69599],[13.14768,56.69576],[13.14781,56.69561],[13.1479,56.69558],[13.14803,56.69554],[13.14822,56.69562],[13.14836,56.69562],[13.14836,56.69562],[13.14842,56.69559],[13.14848,56.69553],[13.14847,56.69547],[13.1482,56.69536],[13.14827,56.69534],[13.14841,56.69534],[13.14856,56.69534],[13.1488,56.69533],[13.14958,56.69515],[13.15049,56.69523],[13.15049,56.69523],[13.15104,56.69513],[13.15145,56.69501],[13.15157,56.69495],[13.15176,56.69492],[13.15176,56.69492],[13.1518,56.69488],[13.15207,56.69474],[13.15215,56.69464],[13.15229,56.69431],[13.15244,56.69422],[13.15259,56.69415],[13.15279,56.6941],[13.15295,56.69408],[13.15319,56.69406],[13.15347,56.69407],[13.15406,56.69416],[13.1544,56.69422],[13.1544,56.69422],[13.15441,56.69422],[13.15523,56.69368],[13.15523,56.69368],[13.15526,56.69357],[13.15522,56.69338],[13.15516,56.69322],[13.15508,56.69295],[13.15502,56.69279],[13.15484,56.69259],[13.15466,56.69248],[13.15444,56.69224],[13.15432,56.69217],[13.15422,56.69208],[13.15419,56.69204],[13.15418,56.69198],[13.15412,56.69187],[13.1541,56.69174],[13.15421,56.69151],[13.15435,56.6914],[13.1545,56.69134],[13.15473,56.69133],[13.15489,56.69137],[13.15502,56.69144],[13.15508,56.69146],[13.15531,56.69163],[13.15547,56.69175],[13.15564,56.69182],[13.15574,56.69186],[13.15574,56.69186],[13.15574,56.69186],[13.15694,56.69004],[13.157,56.68995],[13.157,56.68994],[13.157,56.68994],[13.157,56.68994],[13.157,56.68994],[13.15666,56.69005],[13.1561,56.69024],[13.15596,56.6903],[13.1523,56.69178],[13.1523,56.69178],[13.1523,56.69179],[13.1523,56.69179],[13.1523,56.69179],[13.15292,56.69193],[13.15303,56.69197],[13.1531,56.69206],[13.15306,56.69223],[13.15299,56.69231],[13.15282,56.69246],[13.15243,56.69268],[13.15178,56.69284],[13.1476,56.69283],[13.1503,56.69063],[13.1503,56.69063],[13.1503,56.69063],[13.1503,56.69063],[13.14988,56.69044],[13.14987,56.69043],[13.14717,56.6887],[13.14717,56.6887],[13.14717,56.6887],[13.14159,56.69024],[13.13773,56.68741],[13.14286,56.68585],[13.14286,56.68585],[13.14286,56.68585],[13.14286,56.68585],[13.14286,56.68585],[13.14157,56.68541],[13.14128,56.68533],[13.14107,56.6852],[13.1408,56.68487],[13.1403,56.6844],[13.13976,56.68389],[13.13976,56.68389],[13.13975,56.68389],[13.13975,56.68389],[13.13975,56.68389],[13.13895,56.68515],[13.13707,56.68728],[13.13596,56.68708],[13.13547,56.68698],[13.13485,56.68685],[13.1345,56.68672],[13.13423,56.68658],[13.13328,56.68604],[13.13245,56.68565],[13.13214,56.6856],[13.13214,56.6856],[13.13191,56.68568],[13.13163,56.68576],[13.13131,56.6858],[13.1298,56.6859],[13.12932,56.68595],[13.12896,56.68602],[13.12665,56.68662],[13.12641,56.68671],[13.12626,56.6868],[13.12618,56.68689],[13.12612,56.687],[13.12604,56.68754],[13.12604,56.68767],[13.12604,56.68768],[13.12606,56.6878],[13.12612,56.68789],[13.12623,56.68796],[13.12671,56.68819],[13.1271,56.68845],[13.12725,56.68856],[13.12732,56.68867],[13.12734,56.68894],[13.12738,56.68907],[13.12769,56.68991]],[[13.14682,56.69133],[13.14728,56.69124],[13.14749,56.69124],[13.14769,56.6913],[13.1477,56.69168],[13.14696,56.69168],[13.14685,56.69144],[13.14682,56.69133]],[[13.15114,56.69301],[13.15116,56.6929],[13.15193,56.6929],[13.15202,56.69287],[13.15212,56.69285],[13.15233,56.69283],[13.15244,56.69323],[13.15195,56.69339],[13.15168,56.6934],[13.15126,56.69333],[13.15114,56.69301]],[[13.14515,56.69358],[13.14517,56.69341],[13.1452,56.69334],[13.14528,56.69323],[13.14553,56.69289],[13.14611,56.6929],[13.14629,56.6934],[13.14616,56.69371],[13.14515,56.69358]],[[13.14383,56.69493],[13.1447,56.69472],[13.14494,56.69498],[13.14536,56.69518],[13.14577,56.69549],[13.14522,56.69565],[13.14453,56.69586],[13.14435,56.69552],[13.14408,56.69521],[13.14383,56.69493]],[[13.13954,56.69121],[13.14226,56.69075],[13.14287,56.69118],[13.14013,56.69165],[13.13954,56.69121]]]},"properties":{"NVRID":"2002194","NAMN":"Gårdshult","SKYDDSTYP":"Naturreservat","LAN":"Hallands Län","KOMMUN":"Halmstad","IUCNKATEGORI":"Ia, Strikt naturreservat (Strict Nature Reserve)","FORVALTARE":"Västkuststiftelsen","AREA_HA":158.255,"URSPR_BESLUTSDATUM":"1991-11-22"}},{"type":"Feature","geometry":{"type":"Polygon","coordinates":[[[12.48589,57.14729],[12.48589,57.14729],[12.48589,57.14729],[12.48641,57.14782],[12.48712,57.14855],[12.4872,57.14863],[12.48662,57.14861],[12.48662,57.14861],[12.48662,57.14861],[12.48662,57.14861],[12.48662,57.14861],[12.48682,57.14876],[12.48712,57.14902],[12.48722,57.14921],[12.48775,57.14967],[12.48935,57.14997],[12.49049,57.15011],[12.49243,57.1504],[12.4933,57.15059],[12.49393,57.15066],[12.49423,57.15062],[12.49423,57.15062],[12.49478,57.15023],[12.49476,57.15008],[12.49469,57.14955],[12.49596,57.1495],[12.49596,57.1495],[12.49606,57.1494],[12.49806,57.14779],[12.49806,57.14779],[12.49787,57.14732],[12.49787,57.14732],[12.49745,57.1472],[12.49712,57.147],[12.49774,57.14685],[12.49812,57.14675],[12.49822,57.14691],[12.49822,57.14691],[12.49822,57.14691],[12.49854,57.14689],[12.49911,57.14688],[12.49911,57.14688],[12.49911,57.14688],[12.49855,57.1453],[12.49855,57.1453],[12.49812,57.14527],[12.49658,57.14516],[12.49609,57.14514],[12.49555,57.14512],[12.49508,57.14509],[12.49443,57.14511],[12.49382,57.14515],[12.49343,57.14518],[12.49302,57.14522],[12.49232,57.14531],[12.49197,57.14535],[12.4914,57.14539],[12.48986,57.14536],[12.48908,57.14539],[12.48812,57.14555],[12.48745,57.14574],[12.48702,57.14593],[12.48702,57.14593],[12.48702,57.14593],[12.4872,57.14622],[12.48589,57.14729]]]},"properties":{"NVRID":"2001979","NAMN":"Gässlösa","SKYDDSTYP":"Naturreservat","LAN":"Hallands Län","KOMMUN":"Varberg","IUCNKATEGORI":"IV, Habitat/Artskyddsområde (Habitat/Species Management Area)","FORVALTARE":"Västkuststiftelsen","AREA_HA":34.622,"URSPR_BESLUTSDATUM":"1991-12-09"}},{"type":"Feature","geometry":{"type":"Polygon","coordinates":[[[11.91801,57.39671],[11.91202,57.39658],[11.90265,57.39636],[11.90265,57.39636],[11.90265,57.39636],[11.90265,57.39636],[11.91097,57.40538],[11.91247,57.40823],[11.92086,57.41069],[11.92101,57.41094],[11.92108,57.41112],[11.92116,57.41125],[11.9212,57.41135],[11.92129,57.41146],[11.92134,57.41155],[11.92142,57.41168],[11.9215,57.41181],[11.92156,57.41192],[11.92174,57.41217],[11.92179,57.4123],[11.92188,57.41239],[11.92193,57.41246],[11.92196,57.41259],[11.92202,57.41269],[11.92212,57.41281],[11.92222,57.41303],[11.92228,57.41324],[11.92236,57.41349],[11.92239,57.41366],[11.9224,57.41379],[11.92247,57.41389],[11.92248,57.41395],[11.92248,57.41403],[11.92246,57.41412],[11.92249,57.41435],[11.92254,57.41451],[11.92243,57.41485],[11.92241,57.41504],[11.92236,57.41525],[11.92227,57.41564],[11.9221,57.41601],[11.92181,57.41651],[11.92156,57.41698],[11.92137,57.41727],[11.92113,57.41766],[11.9221,57.41946],[11.9221,57.41946],[11.92211,57.41946],[11.92672,57.41978],[11.92672,57.41977],[11.92745,57.41906],[11.92751,57.41899],[11.93064,57.41761],[11.93064,57.41761],[11.93064,57.41761],[11.93064,57.41761],[11.92666,57.41486],[11.93514,57.41035],[11.93514,57.41035],[11.93514,57.41035],[11.93418,57.40984],[11.93547,57.40759],[11.93935,57.40625],[11.93976,57.40609],[11.93976,57.40609],[11.93976,57.40609],[11.93854,57.40505],[11.93726,57.40391],[11.93622,57.40294],[11.93547,57.40203],[11.93466,57.4008],[11.93323,57.39914],[11.93323,57.39914],[11.93323,57.39914],[11.9293,57.39933],[11.92928,57.39921],[11.92928,57.39921],[11.92928,57.39921],[11.92904,57.39919],[11.92872,57.39914],[11.92854,57.39905],[11.92847,57.39893],[11.92839,57.39874],[11.92839,57.39874],[11.92824,57.39872],[11.92806,57.39861],[11.928,57.39842],[11.9281,57.39824],[11.92832,57.39811],[11.92844,57.39805],[11.92858,57.39797],[11.92874,57.39785],[11.92879,57.39778],[11.92879,57.39778],[11.92879,57.39778],[11.92854,57.39772],[11.92839,57.39767],[11.92825,57.39762],[11.92833,57.39746],[11.92838,57.39729],[11.9284,57.3972],[11.92844,57.39713],[11.92849,57.39704],[11.9299,57.39676],[11.93031,57.39675],[11.93031,57.39675],[11.93031,57.39675],[11.93032,57.39668],[11.93114,57.39655],[11.93169,57.39639],[11.9318,57.39616],[11.9318,57.39616],[11.9318,57.39616],[11.9318,57.39616],[11.92996,57.39604],[11.92206,57.39544],[11.91878,57.39523],[11.91834,57.39521],[11.91834,57.39521],[11.91834,57.39521],[11.91825,57.39541],[11.91801,57.39671]]]},"properties":{"NVRID":"2001965","NAMN":"Svängehallar-Fjärehals","SKYDDSTYP":"Naturreservat","LAN":"Hallands Län","KOMMUN":"Kungsbacka","IUCNKATEGORI":"IV, Habitat/Artskyddsområde (Habitat/Species Management Area)","FORVALTARE":"Länsstyrelsen i Hallands län","AREA_HA":291.172,"URSPR_BESLUTSDATUM":"1977-01-13"}},{"type":"Feature","geometry":{"type":"Polygon","coordinates":[[[12.74221,56.76961],[12.74458,56.76987],[12.74557,56.76997],[12.75486,56.77096],[12.75525,56.7714],[12.75567,56.77163],[12.75588,56.77192],[12.75595,56.77199],[12.756,56.77206],[12.75605,56.7721],[12.75609,56.77211],[12.75627,56.77232],[12.75631,56.77234],[12.7564,56.77241],[12.75644,56.77253],[12.75644,56.77253],[12.75651,56.77259],[12.75656,56.77261],[12.75657,56.77263],[12.75664,56.7727],[12.75683,56.77279],[12.75685,56.77281],[12.75694,56.77285],[12.75699,56.77288],[12.7572,56.77295],[12.75728,56.773],[12.75728,56.773],[12.7573,56.773],[12.75732,56.77301],[12.75736,56.77302],[12.75766,56.77309],[12.75782,56.7731],[12.75793,56.77313],[12.75801,56.77314],[12.75806,56.77315],[12.75813,56.77315],[12.75865,56.77313],[12.75882,56.77309],[12.75931,56.77285],[12.75959,56.77289],[12.75959,56.77289],[12.75965,56.77288],[12.75965,56.77288],[12.75965,56.77288],[12.75965,56.77288],[12.75954,56.77266],[12.7594,56.77236],[12.75927,56.77193],[12.75923,56.77173],[12.75921,56.7717],[12.75909,56.77134],[12.75908,56.77132],[12.75907,56.77128],[12.75899,56.77097],[12.75893,56.77077],[12.7589,56.77066],[12.7589,56.77066],[12.7589,56.77066],[12.75878,56.77065],[12.7582,56.77],[12.75848,56.76992],[12.75848,56.76992],[12.75848,56.76992],[12.75811,56.76943],[12.75811,56.76943],[12.75768,56.76941],[12.75678,56.76907],[12.75593,56.76881],[12.75479,56.76861],[12.75479,56.76861],[12.75428,56.76874],[12.75413,56.76882],[12.75391,56.76883],[12.75347,56.76874],[12.75312,56.76856],[12.75269,56.76855],[12.75269,56.76855],[12.75269,56.76855],[12.75268,56.76901],[12.75216,56.76905],[12.75216,56.76905],[12.75216,56.76905],[12.75216,56.76905],[12.7522,56.76929],[12.75199,56.76936],[12.75023,56.77036],[12.75003,56.77032],[12.74967,56.77013],[12.74953,56.76998],[12.74937,56.76971],[12.74924,56.7696],[12.74928,56.7694],[12.7493,56.76905],[12.74871,56.7686],[12.74907,56.76854],[12.74944,56.76852],[12.74944,56.76852],[12.74944,56.76851],[12.7494,56.76823],[12.74931,56.7678],[12.74935,56.76753],[12.749,56.76719],[12.749,56.76719],[12.748,56.76718],[12.74745,56.76728],[12.74692,56.76736],[12.74692,56.76736],[12.74692,56.76736],[12.74697,56.76767],[12.74691,56.76774],[12.74675,56.7677],[12.74661,56.76767],[12.74641,56.76765],[12.74602,56.76761],[12.74549,56.76752],[12.74497,56.76742],[12.74443,56.76729],[12.74408,56.76722],[12.7438,56.76716],[12.74345,56.7671],[12.74321,56.76705],[12.74296,56.76699],[12.74235,56.76686],[12.74234,56.76686],[12.74234,56.76686],[12.74234,56.76687],[12.74159,56.76954],[12.74124,56.77058],[12.74107,56.7707],[12.74122,56.77112],[12.74122,56.77112],[12.74122,56.77112],[12.74123,56.77112],[12.74167,56.77104],[12.74167,56.77104],[12.74167,56.77104],[12.74222,56.76995],[12.74221,56.76961]]]},"properties":{"NVRID":"2045423","NAMN":"Fäberga","SKYDDSTYP":"Naturreservat","LAN":"Hallands Län","KOMMUN":"Halmstad","IUCNKATEGORI":"Ia, Strikt naturreservat (Strict Nature Reserve)","FORVALTARE":"Länsstyrelsen i Hallands län","AREA_HA":28.55,"URSPR_BESLUTSDATUM":"2017-02-06"}},{"type":"Feature","geometry":{"type":"Polygon","coordinates":[[[12.00085,57.34017],[12.00085,57.34017],[12.00085,57.34017],[12.00085,57.34017],[12.00085,57.34017],[12.00096,57.34019],[12.00104,57.34021],[12.00104,57.34021],[12.00104,57.34021],[12.00108,57.34018],[12.0012,57.34026],[12.00143,57.34034],[12.0015,57.34071],[12.0015,57.34071],[12.0015,57.34071],[12.00159,57.34075],[12.00164,57.34112],[12.00164,57.34112],[12.00164,57.34112],[12.00176,57.34115],[12.00183,57.34128],[12.00187,57.34135],[12.00189,57.34147],[12.00191,57.34162],[12.00192,57.3417],[12.00204,57.3418],[12.00206,57.34185],[12.00207,57.34192],[12.00206,57.34198],[12.00201,57.34207],[12.00197,57.34216],[12.00197,57.34224],[12.00198,57.3423],[12.00198,57.34239],[12.00198,57.34245],[12.00199,57.3425],[12.002,57.34254],[12.002,57.34254],[12.00205,57.34258],[12.00207,57.34263],[12.00216,57.3427],[12.00217,57.34276],[12.00221,57.34282],[12.00225,57.34287],[12.00224,57.34293],[12.00229,57.34299],[12.00232,57.34303],[12.00232,57.34303],[12.00238,57.34303],[12.00238,57.34303],[12.00238,57.34303],[12.00242,57.343],[12.00242,57.343],[12.0024,57.3429],[12.00236,57.34284],[12.00235,57.34278],[12.00232,57.34274],[12.0023,57.34267],[12.00231,57.34262],[12.00228,57.34258],[12.00226,57.34254],[12.00227,57.3425],[12.00232,57.34252],[12.00235,57.34257],[12.00239,57.3426],[12.00243,57.34264],[12.00243,57.34264],[12.00246,57.34264],[12.00246,57.34264],[12.00246,57.34264],[12.00249,57.34261],[12.0025,57.34253],[12.00252,57.34247],[12.0025,57.34242],[12.00249,57.34237],[12.00254,57.34234],[12.00259,57.34231],[12.00259,57.34231],[12.00259,57.34221],[12.00259,57.34214],[12.00258,57.34208],[12.00256,57.34199],[12.00253,57.34195],[12.00252,57.34189],[12.00248,57.34186],[12.00245,57.34182],[12.00246,57.34175],[12.00246,57.34171],[12.00247,57.34166],[12.00247,57.34166],[12.00247,57.34166],[12.00239,57.34165],[12.00236,57.34162],[12.00234,57.34158],[12.00241,57.34155],[12.00247,57.34149],[12.0025,57.34146],[12.00253,57.34141],[12.00253,57.34136],[12.0025,57.34132],[12.00252,57.34129],[12.00256,57.34127],[12.00263,57.34127],[12.00263,57.34127],[12.00263,57.34127],[12.00262,57.3412],[12.0026,57.34117],[12.00258,57.34112],[12.0026,57.34109],[12.00263,57.34106],[12.00266,57.34104],[12.00268,57.34099],[12.00269,57.34095],[12.00276,57.34094],[12.00279,57.34094],[12.0028,57.34094],[12.0028,57.34094],[12.00282,57.3409],[12.00282,57.34089],[12.00278,57.34085],[12.00274,57.34083],[12.00271,57.34081],[12.00266,57.34078],[12.00263,57.34075],[12.0026,57.34073],[12.0026,57.34069],[12.00262,57.34068],[12.00277,57.34068],[12.00293,57.34071],[12.00314,57.34072],[12.00329,57.34073],[12.00348,57.34075],[12.00358,57.34076],[12.00366,57.34077],[12.00372,57.34079],[12.00381,57.34085],[12.00393,57.34091],[12.00403,57.34098],[12.00408,57.34102],[12.00413,57.34106],[12.00419,57.34108],[12.00433,57.3411],[12.00443,57.34112],[12.0045,57.34113],[12.00461,57.34116],[12.00474,57.34121],[12.00479,57.34125],[12.00483,57.34131],[12.00483,57.34139],[12.00481,57.34152],[12.00476,57.34162],[12.00471,57.34173],[12.00463,57.34184],[12.00459,57.34189],[12.00455,57.34192],[12.00447,57.34194],[12.00441,57.34196],[12.00437,57.34198],[12.00436,57.34201],[12.00436,57.34201],[12.00439,57.34205],[12.00439,57.34205],[12.00445,57.34205],[12.00449,57.34206],[12.00447,57.34212],[12.00442,57.34217],[12.00441,57.34222],[12.00442,57.34226],[12.00443,57.34231],[12.00444,57.34235],[12.00446,57.34238],[12.00444,57.34242],[12.0044,57.34245],[12.00437,57.34246],[12.00428,57.34246],[12.00426,57.34243],[12.00423,57.34239],[12.00423,57.34239],[12.00418,57.34239],[12.00418,57.34239],[12.00415,57.3424],[12.00415,57.3424],[12.00414,57.34244],[12.00416,57.34248],[12.0042,57.34251],[12.00418,57.34253],[12.00412,57.34254],[12.00407,57.34252],[12.00405,57.34246],[12.00405,57.34246],[12.00404,57.34246],[12.00395,57.34248],[12.00388,57.34247],[12.00383,57.34244],[12.00375,57.34242],[12.00366,57.34239],[12.00359,57.34239],[12.00359,57.34239],[12.00351,57.3424],[12.00344,57.34241],[12.00336,57.34244],[12.00336,57.34244],[12.00336,57.34247],[12.00336,57.3425],[12.00336,57.34256],[12.00335,57.34259],[12.0033,57.34263],[12.00322,57.34264],[12.00312,57.34264],[12.00307,57.34265],[12.00301,57.34267],[12.00295,57.34269],[12.00294,57.34272],[12.00294,57.34272],[12.00298,57.34276],[12.00303,57.34281],[12.00306,57.34285],[12.00305,57.34288],[12.003,57.3429],[12.00297,57.3429],[12.00293,57.34288],[12.00293,57.34284],[12.00292,57.34283],[12.0029,57.34279],[12.0029,57.34279],[12.0029,57.34279],[12.00285,57.3428],[12.00282,57.34279],[12.00281,57.34277],[12.00279,57.34275],[12.00279,57.34275],[12.00279,57.34275],[12.00271,57.34277],[12.00269,57.34281],[12.00269,57.34284],[12.00268,57.34287],[12.00262,57.34289],[12.00258,57.34292],[12.00258,57.34292],[12.0026,57.34295],[12.0026,57.34295],[12.0026,57.34295],[12.00267,57.34294],[12.00273,57.34293],[12.00278,57.34293],[12.00283,57.34296],[12.00285,57.34301],[12.00283,57.34304],[12.0028,57.34308],[12.00276,57.34311],[12.00276,57.34311],[12.00277,57.34312],[12.00277,57.34312],[12.00281,57.34313],[12.00289,57.34315],[12.00292,57.34317],[12.00286,57.34318],[12.0028,57.3432],[12.0028,57.3432],[12.00278,57.34321],[12.00278,57.34321],[12.00279,57.34321],[12.00282,57.34322],[12.00286,57.34324],[12.00289,57.34326],[12.00288,57.3433],[12.00285,57.34332],[12.0028,57.34334],[12.00276,57.34336],[12.00272,57.34336],[12.00268,57.34336],[12.00264,57.34334],[12.00264,57.34325],[12.00264,57.34325],[12.00261,57.34322],[12.00259,57.3432],[12.00258,57.34318],[12.00258,57.34318],[12.00254,57.34315],[12.00251,57.34315],[12.0025,57.34315],[12.0025,57.34315],[12.00245,57.34317],[12.00245,57.34317],[12.00244,57.34322],[12.00247,57.34328],[12.00249,57.34333],[12.00248,57.34337],[12.00245,57.34341],[12.0024,57.34343],[12.00235,57.34347],[12.00235,57.34347],[12.00236,57.34353],[12.00239,57.34356],[12.0024,57.34362],[12.00236,57.34365],[12.00236,57.34365],[12.00238,57.34369],[12.00238,57.34369],[12.00243,57.3437],[12.0025,57.3437],[12.00255,57.3437],[12.00261,57.34372],[12.00261,57.34375],[12.00257,57.34378],[12.00252,57.34379],[12.00246,57.34381],[12.00246,57.34381],[12.00246,57.34381],[12.00246,57.34383],[12.00246,57.34383],[12.00253,57.34386],[12.00264,57.34388],[12.00265,57.34391],[12.00265,57.34394],[12.00263,57.34399],[12.00263,57.34403],[12.00261,57.34407],[12.00261,57.34409],[12.00261,57.3441],[12.00265,57.34411],[12.00271,57.34411],[12.00273,57.34415],[12.00273,57.34419],[12.00272,57.34422],[12.00273,57.34424],[12.00277,57.34426],[12.00284,57.34431],[12.00294,57.34436],[12.003,57.34441],[12.00308,57.34447],[12.00312,57.34452],[12.00315,57.34458],[12.00319,57.34466],[12.00323,57.34469],[12.00326,57.34475],[12.00327,57.34478],[12.00324,57.34481],[12.00322,57.34485],[12.00318,57.34489],[12.00319,57.34492],[12.00338,57.34516],[12.00347,57.34538],[12.00359,57.34557],[12.00375,57.34575],[12.00379,57.34589],[12.00383,57.34594],[12.00387,57.34598],[12.00388,57.34602],[12.00382,57.34606],[12.00376,57.3461],[12.00371,57.34612],[12.00363,57.34614],[12.00363,57.34614],[12.00362,57.34618],[12.00362,57.34618],[12.00362,57.34618],[12.00372,57.34619],[12.00378,57.34621],[12.00387,57.34624],[12.00391,57.34626],[12.00395,57.34632],[12.004,57.3464],[12.00406,57.34654],[12.00411,57.3466],[12.00415,57.34667],[12.00418,57.34674],[12.00421,57.34679],[12.0042,57.34683],[12.00412,57.34682],[12.00404,57.34683],[12.00404,57.34683],[12.00404,57.34683],[12.00403,57.34688],[12.00404,57.34692],[12.00404,57.34699],[12.00404,57.34706],[12.00404,57.34715],[12.00405,57.34722],[12.00405,57.3473],[12.00407,57.34737],[12.00408,57.34744],[12.00412,57.34752],[12.00414,57.34758],[12.00418,57.34762],[12.00421,57.34771],[12.00425,57.34778],[12.00428,57.34784],[12.00434,57.34791],[12.00439,57.34794],[12.00444,57.34798],[12.00449,57.34801],[12.00454,57.34803],[12.0045,57.3481],[12.00451,57.3481],[12.00451,57.3481],[12.00451,57.3481],[12.00459,57.34811],[12.00459,57.34811],[12.00463,57.34808],[12.00472,57.34815],[12.00479,57.34822],[12.00484,57.34828],[12.0049,57.34833],[12.0049,57.34836],[12.00488,57.3484],[12.00488,57.3484],[12.00488,57.34841],[12.00495,57.34843],[12.005,57.34846],[12.005,57.34849],[12.00496,57.34851],[12.00492,57.3485],[12.00487,57.34849],[12.0048,57.34848],[12.00479,57.34848],[12.00479,57.34848],[12.00479,57.34851],[12.00479,57.34851],[12.00482,57.34855],[12.00485,57.34858],[12.00481,57.3486],[12.00478,57.34862],[12.00472,57.34864],[12.0047,57.34866],[12.0047,57.34866],[12.0047,57.34866],[12.00475,57.34871],[12.00468,57.34874],[12.00463,57.34876],[12.00457,57.34875],[12.00453,57.34874],[12.00449,57.34873],[12.00449,57.34873],[12.00449,57.34873],[12.00442,57.34879],[12.0044,57.34885],[12.00434,57.34893],[12.0043,57.34897],[12.00424,57.34903],[12.00419,57.34906],[12.00419,57.34908],[12.00421,57.34912],[12.00418,57.34916],[12.00413,57.34917],[12.00413,57.34917],[12.00412,57.34921],[12.00412,57.34921],[12.00414,57.34926],[12.00417,57.3493],[12.0042,57.34935],[12.00423,57.3494],[12.00425,57.34942],[12.00432,57.34949],[12.00437,57.34956],[12.00441,57.34962],[12.00444,57.34967],[12.00446,57.34971],[12.00446,57.34977],[12.00447,57.3498],[12.00451,57.34983],[12.00457,57.3499],[12.00457,57.34993],[12.00458,57.34998],[12.0046,57.35004],[12.00463,57.35008],[12.00465,57.3501],[12.00469,57.35011],[12.00473,57.35014],[12.00478,57.3502],[12.0048,57.35026],[12.00484,57.3503],[12.00486,57.35034],[12.00486,57.35034],[12.00495,57.35038],[12.00492,57.35041],[12.00487,57.35045],[12.00487,57.35051],[12.00486,57.35056],[12.00483,57.35058],[12.00483,57.35063],[12.00486,57.35069],[12.00489,57.35073],[12.00493,57.35078],[12.00495,57.3508],[12.00498,57.35083],[12.00503,57.35086],[12.00508,57.35088],[12.00509,57.3509],[12.00508,57.35092],[12.00506,57.35096],[12.00506,57.35096],[12.00507,57.35098],[12.0051,57.351],[12.0051,57.35101],[12.0051,57.35101],[12.00515,57.351],[12.00518,57.35099],[12.00525,57.35101],[12.00527,57.35105],[12.00529,57.35108],[12.00529,57.35108],[12.00533,57.3511],[12.00522,57.35118],[12.00515,57.35123],[12.00512,57.35128],[12.00512,57.35128],[12.00512,57.35128],[12.00519,57.3513],[12.0052,57.35134],[12.00515,57.35136],[12.00512,57.35137],[12.00512,57.35137],[12.00512,57.35137],[12.00512,57.35137],[12.00518,57.3514],[12.00518,57.35144],[12.00512,57.35146],[12.00507,57.3515],[12.00505,57.35153],[12.00505,57.35158],[12.00507,57.35162],[12.00507,57.35162],[12.00513,57.35163],[12.00515,57.35165],[12.00515,57.3517],[12.00514,57.35174],[12.00515,57.35177],[12.00515,57.35177],[12.00519,57.35179],[12.00524,57.35179],[12.00525,57.35187],[12.00526,57.35192],[12.00524,57.35194],[12.00521,57.35196],[12.00521,57.35196],[12.00523,57.35199],[12.00523,57.35199],[12.00527,57.352],[12.00542,57.35212],[12.0054,57.35221],[12.0054,57.35226],[12.00536,57.35233],[12.00536,57.35239],[12.00539,57.35242],[12.00547,57.3525],[12.00556,57.35259],[12.0056,57.35263],[12.0056,57.35269],[12.00558,57.35274],[12.00558,57.35274],[12.00558,57.35274],[12.00562,57.35275],[12.00569,57.35277],[12.00574,57.35279],[12.00578,57.35281],[12.00578,57.35284],[12.00573,57.35286],[12.00568,57.35288],[12.00561,57.35289],[12.00561,57.35289],[12.00559,57.35293],[12.00562,57.35297],[12.00567,57.353],[12.00573,57.35305],[12.00575,57.35315],[12.00576,57.35319],[12.00576,57.3532],[12.00574,57.35326],[12.00577,57.35334],[12.00589,57.35342],[12.00602,57.35346],[12.00609,57.35351],[12.00617,57.35356],[12.00624,57.35365],[12.00631,57.35377],[12.00639,57.35387],[12.00645,57.35394],[12.00654,57.35402],[12.00658,57.35409],[12.00665,57.35412],[12.00671,57.35412],[12.00678,57.35412],[12.00678,57.35412],[12.0068,57.3541],[12.0069,57.35408],[12.0069,57.35413],[12.00693,57.35422],[12.00702,57.35428],[12.00709,57.35433],[12.00714,57.35437],[12.00713,57.35442],[12.00713,57.35442],[12.00727,57.35447],[12.00739,57.35456],[12.00744,57.35462],[12.00748,57.35468],[12.00751,57.35472],[12.00748,57.35475],[12.00741,57.35479],[12.00741,57.35479],[12.00741,57.35479],[12.00741,57.35479],[12.00747,57.35482],[12.00752,57.35486],[12.00754,57.35492],[12.00756,57.35496],[12.00756,57.35496],[12.00762,57.35497],[12.00764,57.35504],[12.00773,57.35511],[12.00773,57.35511],[12.00784,57.35515],[12.00792,57.35517],[12.008,57.35519],[12.008,57.35519],[12.00801,57.35519],[12.00804,57.35517],[12.00804,57.35517],[12.00804,57.35514],[12.00807,57.35512],[12.00814,57.35514],[12.00819,57.35514],[12.00819,57.35514],[12.00819,57.35514],[12.00819,57.35514],[12.00819,57.35509],[12.00822,57.35507],[12.00827,57.35507],[12.00835,57.35508],[12.00864,57.35532],[12.00872,57.35537],[12.0088,57.3554],[12.00895,57.35545],[12.00905,57.35552],[12.00915,57.35556],[12.00934,57.35561],[12.00946,57.35569],[12.00995,57.35596],[12.01007,57.35603],[12.01016,57.35606],[12.01025,57.35614],[12.01026,57.35617],[12.01026,57.35617],[12.01026,57.35617],[12.01026,57.35617],[12.01037,57.35616],[12.01046,57.35618],[12.01051,57.35627],[12.01058,57.35634],[12.01067,57.3564],[12.01075,57.35645],[12.01081,57.3565],[12.01087,57.35655],[12.01088,57.35661],[12.01088,57.35666],[12.01089,57.3567],[12.01089,57.35671],[12.01099,57.35672],[12.01108,57.35676],[12.01116,57.3568],[12.0112,57.35687],[12.01122,57.35691],[12.01122,57.35697],[12.01121,57.35702],[12.01117,57.35704],[12.0111,57.35702],[12.01105,57.35701],[12.01105,57.35701],[12.01104,57.35701],[12.01102,57.35704],[12.01104,57.35711],[12.01104,57.35717],[12.01102,57.35722],[12.01097,57.35724],[12.0109,57.35727],[12.01083,57.35721],[12.01078,57.35714],[12.01073,57.35709],[12.0107,57.35707],[12.01061,57.35705],[12.0105,57.35702],[12.01037,57.35702],[12.01036,57.35702],[12.01032,57.35705],[12.01032,57.35705],[12.01032,57.35705],[12.01033,57.35711],[12.01039,57.35717],[12.01039,57.35717],[12.01044,57.35719],[12.01046,57.35722],[12.0103,57.35727],[12.01019,57.35726],[12.01013,57.35725],[12.01012,57.35725],[12.01006,57.35728],[12.01006,57.35728],[12.01009,57.35736],[12.01013,57.35746],[12.01018,57.35752],[12.0102,57.35756],[12.0102,57.35761],[12.01011,57.35759],[12.01001,57.35755],[12.00987,57.35754],[12.00983,57.35753],[12.00978,57.35743],[12.00976,57.35735],[12.00976,57.35735],[12.00963,57.35733],[12.00954,57.3573],[12.00944,57.35718],[12.00944,57.35718],[12.00944,57.35718],[12.00934,57.35719],[12.00934,57.35719],[12.00932,57.35724],[12.00926,57.35725],[12.00921,57.35726],[12.00917,57.35727],[12.00911,57.35724],[12.00911,57.35724],[12.00911,57.35724],[12.00901,57.35726],[12.00883,57.35733],[12.00875,57.35738],[12.00867,57.35741],[12.00861,57.35745],[12.0085,57.35745],[12.00842,57.35746],[12.00842,57.35746],[12.00839,57.3575],[12.00836,57.35754],[12.00835,57.35758],[12.00835,57.35763],[12.00838,57.35765],[12.00838,57.35765],[12.00838,57.35765],[12.00838,57.35765],[12.00841,57.35763],[12.00843,57.35761],[12.0085,57.35761],[12.00852,57.35767],[12.00854,57.35775],[12.00854,57.35781],[12.00853,57.35786],[12.00849,57.35788],[12.00846,57.35791],[12.00841,57.35793],[12.00841,57.35793],[12.00841,57.35793],[12.00845,57.35801],[12.00852,57.35812],[12.00852,57.35812],[12.00852,57.35812],[12.00859,57.35813],[12.00867,57.35817],[12.00872,57.35819],[12.00872,57.35819],[12.00878,57.35818],[12.00884,57.35819],[12.00889,57.35822],[12.00893,57.35829],[12.00893,57.35829],[12.00896,57.3583],[12.00898,57.35838],[12.00891,57.35845],[12.00883,57.35851],[12.00877,57.35857],[12.00877,57.35857],[12.00881,57.35871],[12.0089,57.35883],[12.00902,57.35892],[12.00916,57.359],[12.00929,57.35905],[12.00938,57.35909],[12.00947,57.3591],[12.00947,57.3591],[12.00954,57.35909],[12.00957,57.35907],[12.00962,57.35905],[12.00968,57.35905],[12.00968,57.35909],[12.00963,57.35913],[12.00953,57.35917],[12.00951,57.35922],[12.00951,57.35922],[12.00961,57.3593],[12.00975,57.35941],[12.00996,57.35957],[12.00996,57.35964],[12.0099,57.35972],[12.00987,57.35984],[12.00986,57.35997],[12.00984,57.36007],[12.00983,57.36019],[12.00981,57.36028],[12.00982,57.36033],[12.00989,57.36043],[12.00989,57.36043],[12.00995,57.36046],[12.01006,57.36051],[12.01024,57.36056],[12.01034,57.3606],[12.0105,57.36061],[12.01067,57.36063],[12.01082,57.36063],[12.01094,57.36065],[12.01113,57.36063],[12.01113,57.36063],[12.01123,57.36059],[12.01133,57.36057],[12.01141,57.36052],[12.0115,57.36044],[12.01163,57.36033],[12.01171,57.36024],[12.01179,57.36017],[12.01186,57.3601],[12.01184,57.35999],[12.01187,57.35992],[12.01191,57.35987],[12.01193,57.3598],[12.01194,57.35972],[12.01192,57.35967],[12.0119,57.35963],[12.01193,57.3596],[12.01197,57.35956],[12.01212,57.35959],[12.01224,57.35964],[12.01236,57.35971],[12.01245,57.35976],[12.01255,57.35982],[12.01263,57.35986],[12.01269,57.35992],[12.01273,57.35997],[12.01273,57.35997],[12.01279,57.35997],[12.01285,57.35995],[12.01295,57.35999],[12.01301,57.36007],[12.01308,57.36023],[12.0131,57.36034],[12.01315,57.36041],[12.01314,57.36046],[12.01311,57.36052],[12.01311,57.36052],[12.01314,57.36058],[12.0132,57.36061],[12.01325,57.36064],[12.01327,57.36068],[12.01327,57.36073],[12.01319,57.36075],[12.01312,57.36074],[12.01306,57.36074],[12.01306,57.36074],[12.01306,57.36074],[12.01305,57.3608],[12.01305,57.3608],[12.01313,57.36084],[12.01322,57.36089],[12.01329,57.36093],[12.01333,57.36095],[12.01336,57.36099],[12.01334,57.36102],[12.01325,57.36106],[12.01319,57.36106],[12.01313,57.36103],[12.01309,57.36101],[12.01302,57.36102],[12.01296,57.361],[12.01291,57.36093],[12.01285,57.36088],[12.01275,57.36081],[12.01268,57.36079],[12.01255,57.36077],[12.01239,57.36077],[12.01228,57.36077],[12.01228,57.36077],[12.0122,57.3608],[12.01215,57.36084],[12.01215,57.36084],[12.01218,57.36092],[12.01228,57.36095],[12.01241,57.36097],[12.01253,57.36098],[12.01264,57.36099],[12.01273,57.36101],[12.0128,57.36104],[12.01283,57.36111],[12.01282,57.36116],[12.01278,57.36122],[12.01273,57.36126],[12.01266,57.36127],[12.01259,57.36124],[12.01259,57.36124],[12.01252,57.36124],[12.01245,57.36126],[12.01238,57.36126],[12.01234,57.36125],[12.01226,57.36125],[12.01226,57.36125],[12.01226,57.36125],[12.01226,57.36128],[12.01223,57.36129],[12.01214,57.3613],[12.01209,57.36129],[12.01207,57.36125],[12.01212,57.36123],[12.01218,57.36123],[12.01222,57.36121],[12.01222,57.36121],[12.01222,57.3612],[12.01222,57.3612],[12.01212,57.36117],[12.01204,57.36111],[12.01199,57.36105],[12.01195,57.36101],[12.01186,57.36098],[12.01186,57.36098],[12.01186,57.36098],[12.01179,57.36102],[12.01179,57.36102],[12.01174,57.3611],[12.0117,57.36117],[12.01171,57.36123],[12.01171,57.36123],[12.01171,57.36123],[12.01177,57.36125],[12.01184,57.36128],[12.01171,57.36132],[12.0116,57.36139],[12.01158,57.36145],[12.01156,57.36152],[12.01155,57.36163],[12.01156,57.36172],[12.0117,57.36189],[12.0117,57.36189],[12.01176,57.36189],[12.01188,57.36191],[12.01193,57.36193],[12.01194,57.36199],[12.01206,57.36206],[12.01219,57.3621],[12.01236,57.36214],[12.0125,57.36218],[12.01265,57.3622],[12.01287,57.36228],[12.01293,57.36231],[12.01311,57.36244],[12.0133,57.36253],[12.01345,57.3626],[12.01358,57.36268],[12.01371,57.36276],[12.01385,57.36285],[12.01389,57.36289],[12.01393,57.36302],[12.01393,57.36311],[12.0139,57.36321],[12.01383,57.36333],[12.01378,57.36347],[12.01382,57.36359],[12.01382,57.36369],[12.01381,57.3638],[12.01376,57.36389],[12.01359,57.36397],[12.0134,57.36405],[12.0132,57.36413],[12.01306,57.36421],[12.01298,57.36429],[12.01298,57.3643],[12.01297,57.36439],[12.01296,57.36449],[12.01299,57.36459],[12.0131,57.36467],[12.01324,57.3647],[12.01336,57.36473],[12.01335,57.3648],[12.01334,57.36488],[12.01338,57.36495],[12.01338,57.36495],[12.01356,57.36508],[12.01372,57.36519],[12.01448,57.36559],[12.01448,57.36559],[12.01454,57.3656],[12.01454,57.3656],[12.0146,57.36559],[12.01471,57.36556],[12.01477,57.36557],[12.01483,57.36562],[12.01489,57.36565],[12.01494,57.36566],[12.015,57.36566],[12.01506,57.36569],[12.01504,57.36573],[12.01495,57.36574],[12.01495,57.36574],[12.01495,57.36574],[12.01493,57.36577],[12.01493,57.36577],[12.01507,57.36583],[12.01523,57.36589],[12.01537,57.36594],[12.0155,57.36602],[12.01556,57.3661],[12.01559,57.36616],[12.01559,57.36616],[12.01566,57.36616],[12.01573,57.3662],[12.01578,57.36625],[12.01578,57.36628],[12.01579,57.36633],[12.01579,57.36633],[12.01579,57.36633],[12.01579,57.36633],[12.01582,57.36632],[12.01585,57.36634],[12.01585,57.36637],[12.01585,57.36637],[12.01585,57.36637],[12.01587,57.36637],[12.01591,57.36639],[12.01595,57.36645],[12.01601,57.36647],[12.0161,57.36653],[12.01621,57.3666],[12.01621,57.36661],[12.01634,57.36664],[12.01646,57.36666],[12.01667,57.36677],[12.01673,57.36679],[12.01679,57.36681],[12.01689,57.36683],[12.01698,57.36687],[12.01707,57.36688],[12.01715,57.3669],[12.01721,57.36692],[12.01728,57.36692],[12.01728,57.36692],[12.01728,57.36692],[12.01728,57.36692],[12.01728,57.36692],[12.01724,57.36688],[12.01724,57.36686],[12.01728,57.36685],[12.01733,57.36685],[12.01736,57.36686],[12.01738,57.3669],[12.0174,57.36692],[12.0174,57.36692],[12.0174,57.36692],[12.0174,57.36692],[12.01742,57.36689],[12.01743,57.36687],[12.01745,57.36685],[12.01748,57.36684],[12.01753,57.36687],[12.01751,57.36692],[12.01748,57.36693],[12.01747,57.36696],[12.01747,57.36696],[12.01749,57.36701],[12.01749,57.36701],[12.01749,57.36701],[12.01753,57.36701],[12.01754,57.36701],[12.01758,57.36699],[12.01761,57.36696],[12.01769,57.36694],[12.01775,57.36696],[12.01777,57.36698],[12.01778,57.36698],[12.01782,57.36699],[12.01789,57.36698],[12.01792,57.36698],[12.01794,57.36702],[12.01797,57.36704],[12.01797,57.36705],[12.01797,57.36704],[12.018,57.36704],[12.01804,57.36705],[12.01805,57.36709],[12.01805,57.36709],[12.01808,57.3671],[12.01808,57.3671],[12.01808,57.3671],[12.01813,57.36709],[12.01819,57.3671],[12.0182,57.36715],[12.01818,57.36719],[12.01813,57.36723],[12.01811,57.36726],[12.01811,57.36726],[12.01812,57.36728],[12.01813,57.36728],[12.01818,57.3673],[12.01831,57.3673],[12.01839,57.36732],[12.01841,57.36739],[12.01849,57.36746],[12.01855,57.36751],[12.01862,57.36758],[12.01862,57.36758],[12.01867,57.36758],[12.0187,57.36759],[12.01872,57.36762],[12.01875,57.36766],[12.01875,57.36766],[12.01875,57.36766],[12.01876,57.36766],[12.01876,57.36766],[12.01876,57.36766],[12.02341,57.36662],[12.02342,57.36666],[12.02349,57.3669],[12.02369,57.3671],[12.02389,57.36716],[12.02428,57.36756],[12.0248,57.36792],[12.02487,57.36817],[12.02509,57.3684],[12.02506,57.36885],[12.02518,57.3693],[12.02501,57.36954],[12.025,57.36965],[12.025,57.36965],[12.025,57.36965],[12.02504,57.36966],[12.02571,57.36975],[12.02617,57.36998],[12.02673,57.37015],[12.02709,57.37046],[12.02758,57.37071],[12.02774,57.37101],[12.02775,57.37101],[12.02775,57.37101],[12.02854,57.37149],[12.02859,57.37151],[12.02861,57.37153],[12.02865,57.37154],[12.02867,57.37156],[12.02939,57.37197],[12.02941,57.37202],[12.02948,57.37206],[12.02966,57.37254],[12.02985,57.37273],[12.02985,57.37273],[12.02985,57.37273],[12.02989,57.37276],[12.0299,57.37282],[12.0299,57.37282],[12.03011,57.37303],[12.03011,57.37316],[12.03011,57.37316],[12.03016,57.3732],[12.03035,57.37335],[12.03047,57.37342],[12.03094,57.37366],[12.03111,57.37395],[12.03142,57.37419],[12.03148,57.3746],[12.0317,57.375],[12.0316,57.37524],[12.0316,57.37525],[12.0316,57.37539],[12.03159,57.37541],[12.03162,57.37558],[12.03148,57.37574],[12.0315,57.37594],[12.03143,57.37613],[12.0313,57.37628],[12.03132,57.3765],[12.03098,57.37685],[12.0308,57.37724],[12.03041,57.37747],[12.03032,57.37756],[12.03032,57.37756],[12.03034,57.3776],[12.03011,57.37796],[12.03009,57.37826],[12.02998,57.37835],[12.02995,57.37848],[12.0299,57.37854],[12.02963,57.37873],[12.02951,57.37892],[12.02912,57.37911],[12.02873,57.37944],[12.02859,57.37948],[12.02859,57.37948],[12.02859,57.37948],[12.0286,57.3795],[12.02867,57.37962],[12.02909,57.3801],[12.02906,57.38027],[12.02916,57.38044],[12.02906,57.38069],[12.02907,57.3807],[12.02903,57.38077],[12.02909,57.38088],[12.0291,57.38122],[12.02903,57.38137],[12.02903,57.38137],[12.02904,57.38138],[12.02897,57.38152],[12.02901,57.38179],[12.02894,57.38197],[12.02861,57.38234],[12.02843,57.38274],[12.02805,57.38295],[12.02781,57.38322],[12.02718,57.38345],[12.02665,57.38375],[12.02612,57.38384],[12.02566,57.384],[12.0249,57.38403],[12.02417,57.38415],[12.0241,57.38415],[12.0241,57.38415],[12.0241,57.38415],[12.02419,57.38425],[12.02423,57.38439],[12.02438,57.38456],[12.02432,57.38486],[12.02436,57.38496],[12.02459,57.38505],[12.02463,57.3851],[12.02463,57.3851],[12.02479,57.38515],[12.02489,57.38524],[12.0249,57.38524],[12.02493,57.38525],[12.02514,57.38541],[12.02543,57.38554],[12.0255,57.38564],[12.02584,57.3858],[12.02604,57.38612],[12.02639,57.3864],[12.02642,57.38655],[12.02642,57.38655],[12.02642,57.38655],[12.02758,57.3866],[12.02764,57.38662],[12.02771,57.38662],[12.02801,57.38674],[12.02801,57.38674],[12.02802,57.38674],[12.02809,57.38676],[12.02847,57.38678],[12.02892,57.38693],[12.02892,57.38693],[12.02901,57.38694],[12.0293,57.38705],[12.02998,57.38721],[12.03024,57.38732],[12.03047,57.38748],[12.03064,57.38754],[12.03072,57.38762],[12.03072,57.38762],[12.03109,57.38777],[12.03116,57.38782],[12.03131,57.388],[12.03156,57.38813],[12.03166,57.38833],[12.03181,57.38843],[12.03187,57.3887],[12.03219,57.3891],[12.03215,57.38929],[12.03225,57.38948],[12.03213,57.38972],[12.03217,57.38983],[12.03207,57.38999],[12.03207,57.39],[12.03209,57.39018],[12.03206,57.39022],[12.03206,57.39022],[12.03206,57.39022],[12.03234,57.39041],[12.03239,57.39061],[12.03259,57.39079],[12.03259,57.39129],[12.03273,57.39179],[12.03262,57.39194],[12.03265,57.39202],[12.03259,57.39211],[12.03259,57.39219],[12.03248,57.3924],[12.03237,57.39251],[12.03241,57.39275],[12.03237,57.39286],[12.03233,57.39297],[12.03212,57.39322],[12.03205,57.39349],[12.03157,57.39384],[12.03122,57.39423],[12.03107,57.39429],[12.03107,57.3943],[12.03101,57.39437],[12.03101,57.39437],[12.03101,57.39438],[12.03083,57.3946],[12.03021,57.39502],[12.02969,57.39549],[12.02942,57.39557],[12.02923,57.39569],[12.02829,57.39589],[12.02741,57.39615],[12.02501,57.39647],[12.02488,57.39646],[12.02475,57.3965],[12.02406,57.39656],[12.02406,57.39657],[12.02406,57.39657],[12.02414,57.39678],[12.02403,57.39697],[12.02403,57.3971],[12.02404,57.3971],[12.02404,57.3971],[12.02434,57.39717],[12.02488,57.3972],[12.0254,57.3974],[12.02547,57.39741],[12.02553,57.39744],[12.02586,57.3975],[12.02594,57.39754],[12.02622,57.39761],[12.02624,57.39762],[12.02624,57.39762],[12.02661,57.3977],[12.02663,57.39771],[12.02665,57.39772],[12.02694,57.39792],[12.02698,57.39793],[12.02723,57.39801],[12.02777,57.39831],[12.02842,57.39854],[12.02861,57.39865],[12.02874,57.39879],[12.02881,57.39882],[12.02921,57.39891],[12.02948,57.3991],[12.02985,57.39922],[12.03025,57.39964],[12.03078,57.40002],[12.03094,57.40022],[12.03096,57.40032],[12.03106,57.40041],[12.03108,57.4006],[12.03108,57.4006],[12.03119,57.40066],[12.03128,57.40075],[12.03145,57.40081],[12.03168,57.40096],[12.0319,57.40122],[12.03203,57.40127],[12.03222,57.40139],[12.03249,57.40146],[12.03295,57.40184],[12.03297,57.40184],[12.03301,57.40189],[12.03305,57.40192],[12.0337,57.40233],[12.03376,57.40249],[12.03392,57.40263],[12.03404,57.40282],[12.03406,57.40296],[12.03418,57.40308],[12.03414,57.40362],[12.03417,57.40371],[12.03415,57.40373],[12.03415,57.40375],[12.03422,57.4039],[12.03418,57.40397],[12.0342,57.40421],[12.03409,57.40434],[12.03408,57.40447],[12.034,57.40462],[12.03392,57.40469],[12.03392,57.40469],[12.03392,57.40469],[12.03392,57.40469],[12.03465,57.40496],[12.03467,57.40498],[12.03471,57.40499],[12.03516,57.40552],[12.03536,57.40567],[12.03606,57.40612],[12.0361,57.40624],[12.03623,57.40633],[12.03626,57.40652],[12.03662,57.4068],[12.03663,57.40683],[12.03666,57.40686],[12.03673,57.40697],[12.03673,57.40697],[12.03681,57.40699],[12.03692,57.40706],[12.03707,57.40709],[12.03752,57.40726],[12.03767,57.40736],[12.03788,57.40742],[12.03847,57.40789],[12.03882,57.40805],[12.03889,57.40817],[12.03916,57.40834],[12.0392,57.40847],[12.03933,57.40857],[12.03939,57.40868],[12.03943,57.40899],[12.03945,57.40901],[12.03947,57.40908],[12.03949,57.40911],[12.03962,57.40927],[12.03965,57.40936],[12.03965,57.40937],[12.03966,57.40939],[12.03969,57.40952],[12.03969,57.40954],[12.03969,57.40954],[12.03976,57.40958],[12.04002,57.40973],[12.04009,57.40975],[12.04028,57.40985],[12.04036,57.40992],[12.0404,57.40995],[12.04051,57.41],[12.04057,57.41005],[12.04064,57.41009],[12.04064,57.41009],[12.04065,57.41009],[12.04084,57.41029],[12.04087,57.41036],[12.04133,57.41066],[12.04138,57.41083],[12.0419,57.4111],[12.04199,57.41127],[12.0422,57.41141],[12.04235,57.41193],[12.04249,57.4122],[12.04261,57.41237],[12.0426,57.4124],[12.04262,57.41244],[12.04263,57.41256],[12.04257,57.41269],[12.04259,57.41279],[12.04255,57.41285],[12.04255,57.41285],[12.04255,57.41285],[12.04259,57.41287],[12.04263,57.4129],[12.04271,57.41293],[12.04303,57.41333],[12.04321,57.41344],[12.04328,57.41361],[12.04367,57.41401],[12.04366,57.41412],[12.04374,57.41421],[12.04366,57.41459],[12.04374,57.41481],[12.04359,57.41506],[12.04357,57.41541],[12.04346,57.4155],[12.04344,57.4156],[12.0434,57.41565],[12.04333,57.4157],[12.04333,57.4157],[12.04334,57.41581],[12.04334,57.41581],[12.04374,57.41591],[12.04436,57.4162],[12.04469,57.41634],[12.04511,57.41664],[12.0452,57.41669],[12.04543,57.41676],[12.04548,57.4168],[12.04565,57.41688],[12.04586,57.41704],[12.04595,57.41716],[12.04623,57.41724],[12.04651,57.41746],[12.04713,57.41773],[12.04723,57.41786],[12.04742,57.41796],[12.04751,57.41815],[12.04751,57.41815],[12.04758,57.41819],[12.04764,57.41836],[12.04769,57.41839],[12.04771,57.41852],[12.04771,57.41853],[12.04807,57.41903],[12.04809,57.41911],[12.04806,57.41922],[12.0481,57.41931],[12.04805,57.41941],[12.04805,57.41941],[12.04806,57.41943],[12.0432,57.41945],[12.04318,57.41944],[12.04318,57.41944],[12.04308,57.41945],[12.04304,57.41939],[12.04304,57.41939],[12.04304,57.41939],[12.04246,57.41933],[12.04232,57.41936],[12.04224,57.41939],[12.04224,57.41939],[12.04222,57.41944],[12.04205,57.41941],[12.04205,57.41941],[12.04205,57.41941],[12.04205,57.41941],[12.04203,57.41947],[12.04196,57.41953],[12.04187,57.41963],[12.04174,57.41971],[12.04158,57.41981],[12.04144,57.41992],[12.04141,57.42003],[12.04143,57.42016],[12.04156,57.42031],[12.0417,57.42038],[12.04193,57.42052],[12.04202,57.42057],[12.04215,57.4206],[12.04228,57.42059],[12.04241,57.42057],[12.04246,57.42059],[12.04245,57.42061],[12.04233,57.42063],[12.04222,57.42066],[12.04222,57.42066],[12.04221,57.42072],[12.04229,57.42077],[12.04229,57.42077],[12.04263,57.42076],[12.04263,57.42082],[12.0421,57.42084],[12.04181,57.42085],[12.04181,57.42085],[12.04174,57.42091],[12.04162,57.42098],[12.04147,57.42104],[12.04129,57.4211],[12.04129,57.4211],[12.04127,57.42115],[12.04127,57.42115],[12.0413,57.42119],[12.04137,57.42126],[12.04111,57.42122],[12.04111,57.42122],[12.04111,57.42122],[12.04097,57.42131],[12.04082,57.42139],[12.04066,57.42152],[12.04042,57.42165],[12.04042,57.42165],[12.04044,57.42175],[12.04039,57.42176],[12.04034,57.42178],[12.04034,57.42178],[12.04035,57.42185],[12.04038,57.4219],[12.04025,57.42195],[12.04019,57.422],[12.04018,57.42206],[12.04017,57.42211],[12.04023,57.42224],[12.04032,57.42235],[12.04035,57.42246],[12.04032,57.42258],[12.04037,57.42272],[12.04044,57.42281],[12.04039,57.4229],[12.04042,57.42301],[12.04051,57.42319],[12.04063,57.42341],[12.04065,57.42351],[12.04066,57.42359],[12.04063,57.42392],[12.04061,57.42409],[12.04063,57.42419],[12.0406,57.4243],[12.04063,57.42442],[12.04073,57.42453],[12.04079,57.42457],[12.04095,57.42471],[12.04109,57.4248],[12.04123,57.4249],[12.04142,57.42502],[12.04162,57.42515],[12.0418,57.42529],[12.04201,57.42544],[12.04201,57.42544],[12.04216,57.42548],[12.04234,57.42552],[12.04252,57.42557],[12.04266,57.42568],[12.04272,57.42582],[12.04282,57.42597],[12.04296,57.42615],[12.04306,57.42622],[12.04314,57.42636],[12.04313,57.42646],[12.04315,57.42658],[12.04321,57.42673],[12.04332,57.42691],[12.04343,57.42698],[12.04353,57.42704],[12.04366,57.42716],[12.04379,57.42732],[12.04392,57.4275],[12.04404,57.4276],[12.04415,57.42776],[12.04427,57.42784],[12.04442,57.42792],[12.04462,57.42812],[12.04482,57.42822],[12.04492,57.42833],[12.04507,57.42848],[12.04519,57.42858],[12.04528,57.42865],[12.04532,57.42872],[12.04531,57.42875],[12.04535,57.42881],[12.04544,57.42887],[12.04556,57.42896],[12.04556,57.42901],[12.04549,57.42903],[12.04539,57.42904],[12.04539,57.42904],[12.04539,57.42904],[12.04539,57.42906],[12.04544,57.42913],[12.04539,57.4292],[12.04533,57.4293],[12.04532,57.42943],[12.04534,57.42949],[12.04538,57.42956],[12.04532,57.42959],[12.04532,57.42964],[12.0453,57.42972],[12.0452,57.42979],[12.04518,57.42985],[12.04518,57.42985],[12.04524,57.42992],[12.04524,57.42996],[12.04527,57.43003],[12.04509,57.4301],[12.04509,57.4301],[12.04504,57.43016],[12.04501,57.43023],[12.04496,57.43033],[12.04483,57.43042],[12.04462,57.4305],[12.0445,57.43057],[12.04451,57.43064],[12.04451,57.43071],[12.04436,57.4308],[12.04431,57.43086],[12.04425,57.43096],[12.04434,57.43108],[12.04446,57.43123],[12.04447,57.4313],[12.04439,57.43135],[12.04428,57.43142],[12.04418,57.43149],[12.04397,57.43154],[12.04397,57.43154],[12.04396,57.43156],[12.04396,57.43156],[12.04396,57.43156],[12.04394,57.43159],[12.04395,57.43159],[12.04407,57.4317],[12.04422,57.43186],[12.04447,57.43207],[12.04472,57.43232],[12.04472,57.43232],[12.04472,57.43232],[12.04496,57.43252],[12.04511,57.43267],[12.04511,57.43267],[12.04512,57.43267],[12.04515,57.43276],[12.04514,57.43278],[12.0451,57.43287],[12.04499,57.43296],[12.04494,57.43307],[12.04486,57.43326],[12.04483,57.43338],[12.04468,57.43342],[12.04461,57.43348],[12.04461,57.43348],[12.04459,57.43356],[12.04459,57.43362],[12.0446,57.43362],[12.0446,57.43362],[12.0446,57.43362],[12.0447,57.4336],[12.04482,57.4336],[12.04488,57.43366],[12.04486,57.43372],[12.0449,57.43379],[12.045,57.43387],[12.045,57.43387],[12.045,57.43387],[12.045,57.43387],[12.04509,57.43384],[12.04517,57.43396],[12.04513,57.43399],[12.04504,57.43403],[12.04504,57.43403],[12.04504,57.43403],[12.04511,57.43408],[12.04522,57.43413],[12.04536,57.43424],[12.0455,57.43438],[12.04571,57.43455],[12.04584,57.43471],[12.04596,57.43484],[12.04611,57.43498],[12.04612,57.4351],[12.04614,57.43516],[12.04616,57.43521],[12.04624,57.43527],[12.0464,57.43537],[12.04656,57.4355],[12.04674,57.43564],[12.04688,57.43578],[12.04697,57.43594],[12.04708,57.43599],[12.04722,57.43608],[12.04736,57.43619],[12.04739,57.43631],[12.04733,57.43643],[12.04732,57.43645],[12.04731,57.43645],[12.04731,57.43645],[12.04727,57.43653],[12.04727,57.43653],[12.04727,57.43653],[12.04741,57.43661],[12.04759,57.43671],[12.04789,57.43687],[12.04825,57.43704],[12.04862,57.4372],[12.04901,57.43736],[12.04924,57.43748],[12.0494,57.43753],[12.0494,57.43753],[12.0494,57.43753],[12.04952,57.43761],[12.04948,57.43772],[12.04948,57.43772],[12.04948,57.43772],[12.04949,57.43772],[12.0496,57.4377],[12.04962,57.43772],[12.04986,57.43796],[12.04996,57.43803],[12.04997,57.43803],[12.04997,57.43803],[12.05,57.43805],[12.05002,57.43811],[12.05002,57.43812],[12.05011,57.43816],[12.05005,57.43822],[12.05005,57.43822],[12.0501,57.43827],[12.0502,57.43833],[12.05024,57.43842],[12.05038,57.43854],[12.05045,57.4386],[12.05056,57.43868],[12.05066,57.43874],[12.05066,57.4388],[12.05066,57.4388],[12.05072,57.43883],[12.05076,57.43888],[12.0508,57.43899],[12.05083,57.43904],[12.05083,57.43904],[12.05083,57.43904],[12.05091,57.43904],[12.05093,57.4391],[12.05091,57.43915],[12.05092,57.43923],[12.05104,57.43936],[12.05107,57.43948],[12.05117,57.43956],[12.05129,57.43963],[12.05129,57.43963],[12.0513,57.43963],[12.05141,57.43963],[12.0516,57.4396],[12.0517,57.43961],[12.05178,57.43961],[12.05182,57.43963],[12.05179,57.43965],[12.05165,57.43968],[12.05149,57.43971],[12.05132,57.43976],[12.05132,57.43976],[12.05126,57.43982],[12.05123,57.43991],[12.05122,57.44004],[12.05122,57.44004],[12.05129,57.44011],[12.05121,57.44014],[12.05106,57.4402],[12.05095,57.44029],[12.05089,57.44037],[12.05089,57.44037],[12.05096,57.44048],[12.05099,57.44057],[12.05102,57.44066],[12.05107,57.44075],[12.05119,57.44085],[12.0513,57.44097],[12.05131,57.44107],[12.05139,57.44117],[12.05145,57.4413],[12.0515,57.4414],[12.05157,57.4415],[12.05159,57.44163],[12.05162,57.44171],[12.05159,57.44179],[12.05159,57.44179],[12.05165,57.44189],[12.05175,57.44195],[12.05179,57.44203],[12.05171,57.44212],[12.0517,57.44223],[12.05159,57.44226],[12.05153,57.44232],[12.05155,57.4424],[12.05156,57.4425],[12.05154,57.44258],[12.05148,57.44265],[12.05148,57.44265],[12.05152,57.44276],[12.05155,57.44288],[12.05155,57.44288],[12.05166,57.44292],[12.05175,57.44301],[12.05186,57.44313],[12.0519,57.44321],[12.05196,57.44331],[12.05191,57.44339],[12.05186,57.44345],[12.05186,57.44345],[12.05194,57.44357],[12.05205,57.44372],[12.05202,57.44377],[12.05193,57.4438],[12.05193,57.4438],[12.05193,57.44389],[12.0519,57.44398],[12.05179,57.44401],[12.05167,57.444],[12.05167,57.444],[12.05167,57.444],[12.05167,57.444],[12.05169,57.44408],[12.05167,57.44416],[12.05166,57.44429],[12.05149,57.4444],[12.05137,57.44443],[12.05132,57.44444],[12.05129,57.44448],[12.05129,57.44448],[12.05133,57.44456],[12.0513,57.4446],[12.05132,57.44465],[12.05136,57.4447],[12.0514,57.44475],[12.05143,57.44479],[12.05149,57.44487],[12.05154,57.44492],[12.0516,57.44497],[12.05166,57.44504],[12.05172,57.4451],[12.05174,57.44512],[12.05173,57.44517],[12.05172,57.44518],[12.05169,57.44521],[12.05166,57.44524],[12.05164,57.44526],[12.05161,57.44528],[12.05161,57.44529],[12.05159,57.44533],[12.05158,57.44537],[12.05159,57.44541],[12.05159,57.44545],[12.05161,57.4455],[12.05161,57.44559],[12.05159,57.44567],[12.05159,57.4457],[12.05158,57.44575],[12.05155,57.4458],[12.0515,57.44585],[12.05146,57.44589],[12.05142,57.44595],[12.05141,57.44601],[12.05139,57.44607],[12.05137,57.44611],[12.05138,57.44616],[12.0514,57.44621],[12.05144,57.44626],[12.05151,57.44635],[12.05158,57.44641],[12.05162,57.44644],[12.05166,57.4465],[12.05169,57.44653],[12.05177,57.44665],[12.0518,57.44668],[12.05184,57.44674],[12.05188,57.44681],[12.05188,57.44686],[12.05191,57.44696],[12.05192,57.44707],[12.05195,57.44713],[12.05199,57.4472],[12.05205,57.44727],[12.05212,57.44737],[12.05217,57.44745],[12.05223,57.44752],[12.05225,57.44757],[12.05226,57.44763],[12.05226,57.44769],[12.05223,57.44778],[12.05221,57.44786],[12.05219,57.44791],[12.0522,57.44796],[12.05221,57.44801],[12.05221,57.44804],[12.05222,57.44804],[12.05222,57.44804],[12.05225,57.44806],[12.0523,57.44806],[12.05237,57.44806],[12.05239,57.44807],[12.05239,57.44808],[12.05238,57.4481],[12.05233,57.44811],[12.05227,57.44811],[12.0522,57.44812],[12.05219,57.44813],[12.05218,57.44813],[12.05219,57.44816],[12.05218,57.4482],[12.05218,57.44825],[12.05218,57.44831],[12.05219,57.44839],[12.05218,57.44847],[12.05219,57.44852],[12.05221,57.44856],[12.05224,57.44863],[12.05229,57.4487],[12.05234,57.44877],[12.0524,57.44882],[12.0525,57.44886],[12.05255,57.44892],[12.05261,57.44901],[12.05265,57.44905],[12.05274,57.44908],[12.05296,57.44916],[12.05295,57.44921],[12.05304,57.44932],[12.05301,57.44939],[12.053,57.44945],[12.05296,57.44948],[12.05291,57.44952],[12.05289,57.44957],[12.05283,57.44965],[12.05282,57.44968],[12.05282,57.44968],[12.05282,57.44968],[12.05285,57.44968],[12.05292,57.4497],[12.05294,57.44972],[12.05296,57.44975],[12.05297,57.44977],[12.05293,57.4498],[12.0529,57.4498],[12.0529,57.4498],[12.0529,57.4498],[12.05287,57.44982],[12.05285,57.44984],[12.05285,57.44984],[12.05285,57.44989],[12.05285,57.44997],[12.05286,57.45005],[12.05287,57.45016],[12.0529,57.45024],[12.05292,57.45035],[12.05292,57.45046],[12.05294,57.45056],[12.05295,57.45062],[12.05293,57.4507],[12.05293,57.45079],[12.0529,57.45084],[12.05289,57.45087],[12.05279,57.45101],[12.05276,57.45104],[12.05273,57.45107],[12.05268,57.45112],[12.05263,57.45115],[12.05256,57.45118],[12.05249,57.4512],[12.05242,57.45123],[12.05229,57.45131],[12.05225,57.45135],[12.05222,57.45141],[12.05218,57.45147],[12.05213,57.45155],[12.05209,57.45162],[12.05208,57.45173],[12.05206,57.45184],[12.05204,57.45204],[12.05205,57.45215],[12.05207,57.45226],[12.05207,57.4523],[12.05213,57.45244],[12.05217,57.4526],[12.05229,57.45272],[12.05227,57.45293],[12.05233,57.4531],[12.05233,57.45318],[12.05233,57.45318],[12.05234,57.45318],[12.05234,57.45318],[12.05237,57.45317],[12.05239,57.45323],[12.05239,57.45323],[12.0528,57.45347],[12.05294,57.45379],[12.05246,57.45422],[12.05216,57.45444],[12.05216,57.45444],[12.05238,57.45489],[12.05271,57.45532],[12.05289,57.45557],[12.05314,57.45584],[12.05359,57.45628],[12.05391,57.45662],[12.05419,57.45691],[12.05448,57.45721],[12.0546,57.45732],[12.05473,57.45742],[12.05477,57.4575],[12.05487,57.45763],[12.05489,57.45771],[12.05493,57.45777],[12.05495,57.45784],[12.05499,57.45793],[12.0551,57.45818],[12.0552,57.45849],[12.0554,57.45886],[12.05553,57.45931],[12.05555,57.46031],[12.05593,57.46214],[12.05593,57.46214],[12.05593,57.46214],[12.05593,57.46214],[12.0573,57.46172],[12.05823,57.46227],[12.05947,57.46314],[12.05995,57.46359],[12.06132,57.46521],[12.06132,57.46521],[12.06132,57.46521],[12.06247,57.46486],[12.06247,57.46486],[12.06247,57.46486],[12.06229,57.46461],[12.06283,57.46465],[12.06284,57.46465],[12.06325,57.4642],[12.06379,57.46406],[12.06423,57.46404],[12.06513,57.46389],[12.0653,57.46397],[12.06529,57.46407],[12.06529,57.46407],[12.06549,57.46415],[12.0655,57.46415],[12.06586,57.46406],[12.06621,57.46403],[12.06649,57.46391],[12.06697,57.46398],[12.0671,57.46413],[12.06721,57.46432],[12.06777,57.46462],[12.06777,57.46462],[12.06832,57.46455],[12.06832,57.46455],[12.06849,57.46445],[12.06916,57.46373],[12.06952,57.46392],[12.06952,57.46392],[12.06952,57.46392],[12.07083,57.46321],[12.07121,57.46308],[12.07121,57.46308],[12.07121,57.46308],[12.07121,57.46308],[12.07077,57.46279],[12.07048,57.46255],[12.07028,57.46236],[12.07059,57.46223],[12.07059,57.46223],[12.07059,57.46169],[12.07089,57.46131],[12.07089,57.46131],[12.07088,57.46131],[12.0707,57.46128],[12.07061,57.46114],[12.07054,57.46084],[12.07092,57.46059],[12.07117,57.4605],[12.07123,57.46039],[12.07261,57.45899],[12.07368,57.45936],[12.07368,57.45936],[12.07368,57.45936],[12.07368,57.45936],[12.07402,57.45879],[12.07402,57.45879],[12.07402,57.45878],[12.07401,57.45878],[12.07401,57.45878],[12.07401,57.45878],[12.07374,57.45892],[12.07128,57.45841],[12.07095,57.45827],[12.07084,57.4582],[12.07104,57.45793],[12.07264,57.45755],[12.07315,57.4576],[12.07373,57.45748],[12.07421,57.4572],[12.07421,57.4572],[12.07423,57.45716],[12.07423,57.45716],[12.07403,57.45664],[12.07428,57.45641],[12.07447,57.45611],[12.07459,57.45603],[12.07506,57.45585],[12.07541,57.45589],[12.07541,57.45589],[12.07541,57.45589],[12.07553,57.45558],[12.07567,57.45516],[12.07588,57.45545],[12.07607,57.45572],[12.07623,57.45592],[12.07623,57.45592],[12.07623,57.45592],[12.07666,57.45587],[12.07666,57.45587],[12.07666,57.45586],[12.07664,57.45563],[12.07667,57.45515],[12.07653,57.45459],[12.07653,57.45459],[12.07618,57.45432],[12.0758,57.45404],[12.07579,57.45404],[12.07579,57.45404],[12.07545,57.45419],[12.0748,57.45391],[12.07444,57.4538],[12.0741,57.45358],[12.07494,57.45319],[12.07541,57.4534],[12.07541,57.4534],[12.07541,57.4534],[12.07582,57.45323],[12.07582,57.45323],[12.07582,57.45323],[12.07554,57.45292],[12.07358,57.45151],[12.07346,57.45133],[12.07346,57.45133],[12.07346,57.45133],[12.07346,57.45133],[12.07286,57.45164],[12.07065,57.45181],[12.07037,57.45145],[12.0711,57.45105],[12.07111,57.45105],[12.07111,57.45105],[12.07087,57.45056],[12.07059,57.45036],[12.07016,57.45014],[12.07104,57.4494],[12.0713,57.44915],[12.0716,57.44892],[12.0716,57.44892],[12.07276,57.44806],[12.07276,57.44806],[12.07276,57.44806],[12.07276,57.44806],[12.07162,57.44787],[12.07156,57.44784],[12.07158,57.44783],[12.07164,57.44775],[12.07165,57.44772],[12.07164,57.4477],[12.07161,57.44768],[12.07158,57.44767],[12.07153,57.44765],[12.07144,57.44762],[12.07138,57.4476],[12.07134,57.44759],[12.07132,57.44757],[12.07131,57.44755],[12.07131,57.44753],[12.07133,57.44751],[12.07135,57.44746],[12.07135,57.44746],[12.07133,57.44745],[12.07129,57.44743],[12.07124,57.44742],[12.07119,57.44741],[12.07116,57.44741],[12.07116,57.44739],[12.07117,57.44738],[12.0712,57.44736],[12.07125,57.44734],[12.0713,57.44732],[12.07132,57.4473],[12.07135,57.44728],[12.07138,57.44724],[12.07142,57.4472],[12.07149,57.44715],[12.07154,57.44712],[12.0716,57.44709],[12.0718,57.44705],[12.07182,57.44703],[12.07183,57.44702],[12.07189,57.44705],[12.07189,57.44705],[12.07189,57.44705],[12.07189,57.44705],[12.07193,57.44701],[12.07195,57.44696],[12.07201,57.44695],[12.07206,57.44694],[12.0721,57.44693],[12.0721,57.44693],[12.07216,57.44689],[12.0722,57.44682],[12.07222,57.44677],[12.07226,57.44674],[12.07231,57.44675],[12.07239,57.44675],[12.07239,57.44675],[12.07244,57.44671],[12.07249,57.4467],[12.07257,57.44669],[12.07269,57.44663],[12.07275,57.4466],[12.07281,57.44657],[12.07285,57.44654],[12.07285,57.44654],[12.07284,57.44651],[12.07283,57.44649],[12.07281,57.44648],[12.0728,57.44646],[12.07282,57.44644],[12.07286,57.44645],[12.07289,57.44646],[12.07289,57.44646],[12.07289,57.44646],[12.07297,57.44642],[12.07306,57.44636],[12.07316,57.44628],[12.07326,57.44621],[12.07337,57.44617],[12.07346,57.44614],[12.07351,57.44612],[12.07353,57.44608],[12.07359,57.44603],[12.07367,57.44602],[12.07367,57.44602],[12.0737,57.44599],[12.07373,57.44595],[12.07379,57.4459],[12.07383,57.44585],[12.07391,57.4458],[12.07394,57.44577],[12.07394,57.44577],[12.07394,57.44574],[12.07391,57.44569],[12.07396,57.44566],[12.07401,57.44561],[12.07408,57.44547],[12.07416,57.44529],[12.07423,57.44515],[12.07427,57.44511],[12.07429,57.44507],[12.07429,57.44503],[12.07429,57.44503],[12.07429,57.44503],[12.07443,57.44495],[12.07443,57.44495],[12.07446,57.44493],[12.07455,57.44483],[12.07461,57.44477],[12.07468,57.44466],[12.07472,57.44456],[12.07477,57.44449],[12.07476,57.44444],[12.07474,57.44436],[12.07475,57.44432],[12.07468,57.44424],[12.07457,57.44415],[12.07456,57.4441],[12.07458,57.44395],[12.0746,57.44389],[12.07453,57.44382],[12.07453,57.44379],[12.07453,57.44379],[12.07453,57.44379],[12.0745,57.44376],[12.0745,57.44376],[12.0745,57.44376],[12.0745,57.44376],[12.07449,57.44375],[12.07462,57.44372],[12.07475,57.44376],[12.07475,57.44376],[12.07475,57.44376],[12.07475,57.44376],[12.07478,57.44371],[12.07485,57.44363],[12.07497,57.44353],[12.07509,57.44342],[12.07517,57.44338],[12.07537,57.44335],[12.07537,57.44335],[12.07553,57.44326],[12.07553,57.44321],[12.07556,57.44317],[12.07566,57.44311],[12.07566,57.44311],[12.07565,57.44305],[12.07567,57.44305],[12.07567,57.44305],[12.07567,57.44305],[12.07567,57.44305],[12.07539,57.44291],[12.0755,57.44285],[12.07552,57.44286],[12.07552,57.44286],[12.07552,57.44286],[12.07557,57.44283],[12.07569,57.4429],[12.07573,57.44293],[12.07576,57.44297],[12.07579,57.44298],[12.07584,57.443],[12.07584,57.443],[12.0759,57.44299],[12.07607,57.44294],[12.0762,57.44287],[12.07654,57.44257],[12.07683,57.44238],[12.07699,57.44227],[12.07714,57.44217],[12.07727,57.44209],[12.07748,57.44198],[12.07758,57.44192],[12.07761,57.44188],[12.0777,57.44188],[12.07783,57.44189],[12.07784,57.44189],[12.07791,57.44187],[12.07801,57.44185],[12.07818,57.44189],[12.07828,57.44192],[12.0786,57.44195],[12.07878,57.44196],[12.07894,57.44193],[12.07905,57.44191],[12.07921,57.4419],[12.07958,57.44185],[12.07976,57.44181],[12.07986,57.44179],[12.07998,57.44175],[12.08007,57.44171],[12.08048,57.44168],[12.08057,57.44169],[12.08076,57.44169],[12.0811,57.44166],[12.08143,57.44162],[12.08155,57.4416],[12.08161,57.44156],[12.08169,57.44156],[12.08177,57.44159],[12.08197,57.44157],[12.08205,57.44155],[12.08213,57.44155],[12.08217,57.44153],[12.08217,57.44153],[12.08218,57.44153],[12.08217,57.44146],[12.08219,57.44141],[12.08222,57.44142],[12.08223,57.44147],[12.08225,57.44152],[12.08225,57.44152],[12.08225,57.44152],[12.0824,57.44152],[12.08251,57.44152],[12.08262,57.4415],[12.08277,57.4415],[12.08281,57.4415],[12.08294,57.4415],[12.08301,57.4415],[12.08308,57.4415],[12.08309,57.44153],[12.08312,57.44156],[12.08312,57.44156],[12.08312,57.44156],[12.08466,57.44171],[12.08572,57.4419],[12.08675,57.44222],[12.08827,57.44245],[12.08894,57.44259],[12.08945,57.44293],[12.08945,57.44293],[12.08945,57.44293],[12.08974,57.4429],[12.09101,57.44234],[12.09272,57.44154],[12.09342,57.4411],[12.0943,57.44146],[12.0943,57.44146],[12.09431,57.44146],[12.09431,57.44146],[12.09424,57.44108],[12.0943,57.44063],[12.09427,57.4403],[12.09434,57.44023],[12.09464,57.43989],[12.09474,57.43992],[12.09474,57.43992],[12.09474,57.43992],[12.09501,57.43944],[12.09547,57.43945],[12.09547,57.43945],[12.09563,57.43934],[12.09595,57.4392],[12.09657,57.439],[12.09701,57.43883],[12.09701,57.43883],[12.09721,57.43864],[12.0975,57.43849],[12.0978,57.43841],[12.09804,57.43831],[12.09805,57.43831],[12.09803,57.43821],[12.09803,57.43821],[12.09753,57.43796],[12.09767,57.43783],[12.09767,57.43783],[12.09767,57.43783],[12.09493,57.43706],[12.09493,57.43705],[12.09495,57.43683],[12.09496,57.43681],[12.09498,57.43598],[12.09505,57.43593],[12.09566,57.43585],[12.09666,57.43574],[12.09705,57.43568],[12.09744,57.43603],[12.09735,57.43651],[12.0972,57.43668],[12.0972,57.43668],[12.0972,57.43668],[12.09742,57.43672],[12.09864,57.43668],[12.09924,57.43657],[12.09941,57.43657],[12.09974,57.43661],[12.09985,57.43662],[12.10009,57.43662],[12.10023,57.43663],[12.10036,57.43666],[12.10058,57.43675],[12.10078,57.43681],[12.10097,57.43684],[12.10147,57.43685],[12.10212,57.43685],[12.10241,57.43687],[12.10251,57.43684],[12.10525,57.43632],[12.10701,57.43621],[12.10701,57.43621],[12.10701,57.4362],[12.10678,57.43587],[12.10924,57.43523],[12.11146,57.43444],[12.11146,57.43444],[12.11146,57.43443],[12.11141,57.43437],[12.1131,57.43373],[12.11366,57.43326],[12.11366,57.43326],[12.11366,57.43326],[12.11367,57.43326],[12.11425,57.43276],[12.11468,57.43291],[12.11468,57.43291],[12.11469,57.43291],[12.11475,57.43288],[12.11475,57.43288],[12.11515,57.43185],[12.11515,57.43185],[12.11515,57.43185],[12.11511,57.43184],[12.11499,57.4318],[12.11476,57.43174],[12.11454,57.43165],[12.1145,57.43163],[12.11436,57.43159],[12.11436,57.43158],[12.11503,57.43109],[12.11503,57.43109],[12.11503,57.43109],[12.11368,57.43041],[12.11391,57.43023],[12.11391,57.43023],[12.11391,57.43023],[12.11313,57.42985],[12.11286,57.42916],[12.11287,57.42916],[12.11287,57.42916],[12.11292,57.42893],[12.11292,57.42893],[12.11291,57.42893],[12.11291,57.42893],[12.11291,57.42893],[12.11291,57.42893],[12.11259,57.42888],[12.11282,57.42823],[12.11294,57.42794],[12.11312,57.42739],[12.11322,57.42695],[12.11302,57.42644],[12.11305,57.42607],[12.11305,57.42607],[12.11283,57.42579],[12.11223,57.42521],[12.11196,57.42507],[12.11151,57.4249],[12.11097,57.42478],[12.11047,57.42461],[12.11008,57.42453],[12.10953,57.42419],[12.10918,57.42392],[12.10893,57.42377],[12.10837,57.42325],[12.10806,57.42275],[12.10789,57.42227],[12.10729,57.42122],[12.10685,57.42047],[12.10642,57.41991],[12.1066,57.41974],[12.10746,57.41887],[12.10756,57.41832],[12.10784,57.41841],[12.10784,57.41841],[12.10784,57.41841],[12.10784,57.41841],[12.10784,57.41841],[12.10765,57.41794],[12.1073,57.41645],[12.10703,57.41611],[12.10712,57.41543],[12.10712,57.41543],[12.10662,57.41526],[12.10636,57.41486],[12.10623,57.41474],[12.10651,57.4146],[12.10679,57.41435],[12.10701,57.41409],[12.10719,57.41385],[12.10739,57.41349],[12.10751,57.41323],[12.10757,57.41314],[12.10763,57.41296],[12.10769,57.41268],[12.10771,57.41245],[12.1077,57.41242],[12.10774,57.41226],[12.10775,57.41204],[12.10772,57.41189],[12.10772,57.41173],[12.10767,57.41141],[12.10764,57.41118],[12.10753,57.4108],[12.10744,57.41061],[12.10744,57.41061],[12.10744,57.41061],[12.1074,57.4106],[12.10703,57.41061],[12.10711,57.41056],[12.10723,57.41057],[12.10723,57.41057],[12.10732,57.41045],[12.1073,57.41024],[12.10735,57.41009],[12.10745,57.40964],[12.10748,57.40954],[12.10756,57.40948],[12.10757,57.40948],[12.10754,57.40943],[12.1075,57.40938],[12.10763,57.40917],[12.10776,57.40896],[12.10791,57.40879],[12.1082,57.40865],[12.10851,57.4085],[12.10877,57.40829],[12.10888,57.40826],[12.10903,57.40818],[12.10922,57.40809],[12.10939,57.40802],[12.10958,57.40789],[12.10977,57.40779],[12.10995,57.40778],[12.10995,57.40778],[12.11003,57.40774],[12.11022,57.40761],[12.11039,57.40753],[12.11048,57.4075],[12.11056,57.40745],[12.11056,57.40745],[12.11057,57.40736],[12.11051,57.40723],[12.11049,57.40711],[12.11062,57.40692],[12.11067,57.40685],[12.11067,57.40685],[12.11058,57.40681],[12.11058,57.40681],[12.11058,57.40681],[12.11051,57.40682],[12.11041,57.40685],[12.11024,57.40687],[12.11001,57.40692],[12.10967,57.40699],[12.10927,57.40704],[12.10874,57.40711],[12.10861,57.40717],[12.10841,57.40719],[12.10822,57.40725],[12.10796,57.40726],[12.10779,57.40729],[12.10754,57.40733],[12.10718,57.4073],[12.10668,57.4073],[12.1065,57.40727],[12.10636,57.40725],[12.106,57.40727],[12.10579,57.40731],[12.10567,57.40737],[12.10513,57.4074],[12.10497,57.40745],[12.1047,57.40749],[12.10406,57.40764],[12.1036,57.40767],[12.10347,57.40771],[12.10327,57.40771],[12.10278,57.40778],[12.10245,57.40776],[12.10225,57.40776],[12.102,57.40769],[12.10185,57.40764],[12.10161,57.4076],[12.10085,57.40756],[12.10048,57.40746],[12.1001,57.40734],[12.09998,57.40727],[12.09998,57.40727],[12.09974,57.40725],[12.09964,57.40724],[12.09964,57.40724],[12.09954,57.40728],[12.09951,57.4073],[12.09938,57.40731],[12.09929,57.40726],[12.09929,57.40726],[12.09908,57.40726],[12.09877,57.40725],[12.09869,57.40727],[12.09852,57.40729],[12.09836,57.40734],[12.09819,57.40746],[12.09741,57.40784],[12.09722,57.4079],[12.09687,57.40796],[12.09656,57.40804],[12.09643,57.40805],[12.09587,57.40814],[12.09563,57.40817],[12.09547,57.40818],[12.09527,57.40821],[12.09511,57.40826],[12.09493,57.40832],[12.09473,57.40833],[12.09461,57.40836],[12.09433,57.4084],[12.09406,57.40846],[12.09379,57.4085],[12.09365,57.40849],[12.09357,57.4085],[12.09359,57.40846],[12.09359,57.40846],[12.09354,57.40842],[12.09343,57.40837],[12.09336,57.40827],[12.09339,57.4082],[12.0934,57.40813],[12.0934,57.40802],[12.09342,57.40787],[12.09342,57.40787],[12.09337,57.40783],[12.09332,57.40772],[12.09321,57.40761],[12.09322,57.40754],[12.09322,57.40747],[12.09322,57.40747],[12.09299,57.40735],[12.09298,57.40735],[12.09278,57.40733],[12.0926,57.40735],[12.09247,57.40735],[12.09231,57.40737],[12.09215,57.40742],[12.09185,57.40751],[12.09171,57.40758],[12.09167,57.40763],[12.09162,57.40769],[12.09156,57.40765],[12.09161,57.4076],[12.09163,57.40755],[12.09165,57.40742],[12.09166,57.40729],[12.09163,57.40715],[12.0916,57.40709],[12.0916,57.40709],[12.0916,57.40709],[12.09152,57.40709],[12.09135,57.4071],[12.09107,57.40714],[12.09092,57.40716],[12.09079,57.40717],[12.09057,57.40721],[12.09048,57.40725],[12.09037,57.40723],[12.09026,57.4072],[12.09024,57.40716],[12.09024,57.40716],[12.09014,57.40713],[12.09004,57.40711],[12.08994,57.40707],[12.08979,57.40708],[12.08979,57.40708],[12.08975,57.4071],[12.08968,57.40711],[12.08962,57.40712],[12.08934,57.40709],[12.0892,57.40708],[12.08915,57.40708],[12.0888,57.40714],[12.08875,57.40715],[12.08853,57.4071],[12.08834,57.40711],[12.08828,57.40712],[12.08828,57.40712],[12.08828,57.40713],[12.08821,57.40715],[12.08789,57.40725],[12.08767,57.40736],[12.0875,57.40738],[12.08743,57.40741],[12.08736,57.40742],[12.08728,57.40746],[12.08711,57.40739],[12.08706,57.40733],[12.08687,57.40727],[12.08686,57.40722],[12.08686,57.40722],[12.08686,57.40722],[12.08686,57.40722],[12.08678,57.40723],[12.08655,57.40724],[12.08642,57.40724],[12.08623,57.40727],[12.08602,57.40735],[12.08589,57.40743],[12.08575,57.40751],[12.08555,57.40755],[12.08542,57.40754],[12.08533,57.40758],[12.08507,57.40769],[12.08492,57.4077],[12.08469,57.40778],[12.08438,57.40784],[12.08423,57.40787],[12.08401,57.40791],[12.08387,57.40796],[12.08367,57.40798],[12.08362,57.408],[12.0836,57.40806],[12.08357,57.4081],[12.08354,57.40813],[12.0835,57.40811],[12.08353,57.40808],[12.08355,57.40802],[12.08355,57.40795],[12.08356,57.4079],[12.08356,57.4079],[12.08353,57.40787],[12.08353,57.40787],[12.08352,57.40787],[12.0833,57.40787],[12.08317,57.40788],[12.08307,57.4079],[12.08281,57.40788],[12.08264,57.40782],[12.08244,57.40764],[12.08231,57.40754],[12.08216,57.4074],[12.08191,57.40723],[12.08182,57.40707],[12.08163,57.40696],[12.0816,57.40687],[12.08156,57.40681],[12.08157,57.40673],[12.08156,57.40657],[12.08158,57.40639],[12.08154,57.40612],[12.08149,57.40589],[12.08136,57.40577],[12.08129,57.40562],[12.08115,57.40532],[12.08099,57.40502],[12.0808,57.40474],[12.08064,57.40439],[12.0806,57.40422],[12.08053,57.40411],[12.0805,57.40399],[12.08044,57.40388],[12.08039,57.40374],[12.08043,57.40363],[12.08045,57.40353],[12.08047,57.40325],[12.08052,57.40315],[12.0805,57.40301],[12.0805,57.40289],[12.08048,57.40275],[12.08049,57.40267],[12.08046,57.40264],[12.08047,57.40251],[12.08046,57.40247],[12.08044,57.40227],[12.0804,57.40216],[12.08028,57.40209],[12.08017,57.402],[12.08013,57.40191],[12.08015,57.4018],[12.0801,57.40175],[12.08,57.40169],[12.07998,57.40165],[12.0799,57.40158],[12.07983,57.4015],[12.07976,57.40146],[12.07972,57.40121],[12.07973,57.4011],[12.07978,57.40105],[12.07986,57.40074],[12.07992,57.40071],[12.07997,57.4006],[12.08012,57.40048],[12.08016,57.40037],[12.08026,57.40031],[12.08026,57.40031],[12.0803,57.4],[12.08035,57.39952],[12.08038,57.39923],[12.08038,57.39909],[12.08033,57.39869],[12.08035,57.39846],[12.08027,57.39809],[12.08026,57.39784],[12.08018,57.39765],[12.0801,57.39744],[12.08,57.39717],[12.08002,57.39695],[12.07994,57.39675],[12.0799,57.39655],[12.0799,57.39639],[12.08001,57.39612],[12.08016,57.39587],[12.0803,57.39569],[12.08051,57.39558],[12.08072,57.39548],[12.08104,57.39533],[12.08119,57.3952],[12.08122,57.39509],[12.08128,57.39495],[12.08133,57.39482],[12.08135,57.39467],[12.0813,57.39455],[12.08125,57.39448],[12.08129,57.39439],[12.08139,57.3943],[12.08145,57.39423],[12.08144,57.3941],[12.0816,57.39396],[12.08184,57.3938],[12.08194,57.39373],[12.08208,57.39367],[12.08217,57.39357],[12.08226,57.39352],[12.0824,57.39348],[12.08255,57.3934],[12.08275,57.39331],[12.08307,57.3932],[12.08339,57.39311],[12.08351,57.39306],[12.08351,57.39306],[12.08355,57.39296],[12.0836,57.39293],[12.08364,57.39296],[12.08376,57.39298],[12.08376,57.39298],[12.08392,57.39295],[12.08406,57.3929],[12.08406,57.3929],[12.08409,57.39283],[12.08427,57.39275],[12.08427,57.39275],[12.08429,57.3927],[12.08429,57.3927],[12.08429,57.3927],[12.08428,57.3927],[12.08423,57.3927],[12.08423,57.3927],[12.08417,57.39274],[12.08414,57.39272],[12.0841,57.39266],[12.08416,57.39255],[12.08422,57.39257],[12.08428,57.39261],[12.08428,57.39261],[12.08428,57.39261],[12.08428,57.39261],[12.08434,57.39255],[12.08441,57.39243],[12.08452,57.39243],[12.08466,57.3925],[12.08481,57.39261],[12.08491,57.39275],[12.08495,57.39283],[12.08496,57.39291],[12.08496,57.39291],[12.08515,57.39297],[12.08515,57.39297],[12.08523,57.39296],[12.0853,57.39305],[12.08543,57.39315],[12.08542,57.39321],[12.08538,57.39324],[12.08531,57.39327],[12.08531,57.39328],[12.08531,57.39328],[12.08538,57.39333],[12.08538,57.39333],[12.08546,57.39332],[12.08543,57.39337],[12.08547,57.39345],[12.08561,57.39356],[12.08578,57.39377],[12.08586,57.39389],[12.0857,57.394],[12.08569,57.3941],[12.08557,57.39427],[12.08551,57.39439],[12.08552,57.39446],[12.08552,57.39447],[12.08561,57.39452],[12.08574,57.39455],[12.08581,57.39463],[12.08584,57.39482],[12.08584,57.3949],[12.08577,57.39501],[12.08577,57.39507],[12.08577,57.39507],[12.08589,57.39517],[12.0859,57.39525],[12.08595,57.39544],[12.08596,57.39555],[12.08591,57.39564],[12.08591,57.39564],[12.08615,57.39581],[12.08615,57.39581],[12.08615,57.39581],[12.08621,57.39579],[12.08626,57.39574],[12.08637,57.39577],[12.08642,57.39581],[12.08651,57.39585],[12.08666,57.39592],[12.08658,57.3962],[12.08659,57.39637],[12.08643,57.39677],[12.08639,57.39694],[12.08638,57.39707],[12.08636,57.39733],[12.08646,57.39751],[12.08664,57.3977],[12.08676,57.39782],[12.08683,57.39791],[12.08691,57.39796],[12.08691,57.39796],[12.08732,57.39799],[12.08732,57.39799],[12.08732,57.39799],[12.08741,57.39792],[12.08762,57.39801],[12.08763,57.39801],[12.08763,57.39801],[12.08792,57.39788],[12.08806,57.39789],[12.08819,57.39789],[12.08819,57.39789],[12.08819,57.39789],[12.08828,57.39781],[12.0884,57.39782],[12.08856,57.39791],[12.08866,57.39795],[12.08877,57.39803],[12.08886,57.39805],[12.08886,57.39805],[12.089,57.39803],[12.08922,57.39791],[12.08953,57.39771],[12.08968,57.39751],[12.08981,57.39745],[12.09002,57.39736],[12.09037,57.39719],[12.09054,57.39707],[12.09064,57.39683],[12.09077,57.39675],[12.09102,57.39662],[12.09117,57.39657],[12.09129,57.39647],[12.09142,57.3964],[12.09153,57.39635],[12.09156,57.39628],[12.09156,57.39628],[12.09156,57.39627],[12.09145,57.39623],[12.09138,57.39617],[12.09135,57.39608],[12.09139,57.39603],[12.09139,57.39603],[12.09139,57.39603],[12.09128,57.39599],[12.09114,57.39595],[12.09098,57.39582],[12.09092,57.39574],[12.09083,57.39568],[12.09077,57.3956],[12.09069,57.39554],[12.09097,57.39552],[12.0911,57.39552],[12.09115,57.39551],[12.09115,57.39551],[12.09115,57.39551],[12.09115,57.39549],[12.09114,57.39549],[12.09103,57.39545],[12.09097,57.39539],[12.09093,57.39531],[12.09098,57.39529],[12.09116,57.39532],[12.09144,57.39536],[12.09149,57.39549],[12.09149,57.39558],[12.09149,57.39558],[12.09156,57.39561],[12.09184,57.39563],[12.09194,57.39567],[12.09194,57.39567],[12.09199,57.39567],[12.0921,57.39565],[12.09224,57.39566],[12.0925,57.39569],[12.09253,57.39575],[12.0926,57.39585],[12.0926,57.39585],[12.09276,57.3959],[12.09312,57.39595],[12.0934,57.396],[12.09352,57.39603],[12.09369,57.39602],[12.09385,57.39601],[12.09397,57.39605],[12.09419,57.3961],[12.0942,57.39616],[12.0942,57.39616],[12.09452,57.39626],[12.09491,57.3964],[12.0952,57.39649],[12.09538,57.39659],[12.09555,57.39665],[12.09565,57.39673],[12.09568,57.39681],[12.09568,57.39681],[12.0958,57.39682],[12.09584,57.39687],[12.09585,57.39707],[12.09584,57.39725],[12.09585,57.39741],[12.09584,57.39756],[12.09576,57.39764],[12.09566,57.39769],[12.09556,57.39776],[12.09548,57.39784],[12.09545,57.39796],[12.09539,57.39808],[12.09533,57.39823],[12.09535,57.39845],[12.09535,57.39845],[12.09558,57.39851],[12.09563,57.39855],[12.09563,57.39855],[12.09572,57.39855],[12.09582,57.39851],[12.09611,57.39852],[12.09624,57.39864],[12.0963,57.39875],[12.09631,57.39881],[12.09631,57.39881],[12.09631,57.39881],[12.09707,57.39884],[12.09707,57.39884],[12.09707,57.39884],[12.09715,57.39873],[12.09729,57.39867],[12.09737,57.39869],[12.09745,57.39879],[12.09745,57.39879],[12.09759,57.39884],[12.09772,57.39886],[12.09784,57.39883],[12.09793,57.39879],[12.09808,57.3988],[12.09842,57.39882],[12.09865,57.39879],[12.0988,57.39877],[12.0988,57.39877],[12.0988,57.39877],[12.09878,57.3987],[12.09889,57.39865],[12.09925,57.39859],[12.09925,57.39859],[12.09928,57.39854],[12.09927,57.39851],[12.09926,57.39846],[12.09938,57.3984],[12.09958,57.39834],[12.09962,57.39829],[12.09962,57.39829],[12.09953,57.39816],[12.09944,57.39797],[12.09943,57.39782],[12.0995,57.3978],[12.09957,57.39779],[12.09971,57.39775],[12.09971,57.39775],[12.09971,57.39774],[12.09968,57.3977],[12.09964,57.39763],[12.09969,57.39757],[12.09969,57.39757],[12.09962,57.39748],[12.09962,57.39742],[12.09995,57.39747],[12.09995,57.39747],[12.10013,57.39737],[12.10037,57.39732],[12.10044,57.3973],[12.10065,57.3973],[12.1008,57.3973],[12.10102,57.3973],[12.10135,57.39731],[12.10153,57.39731],[12.10169,57.3973],[12.10185,57.39724],[12.10196,57.39714],[12.10208,57.39698],[12.10217,57.3968],[12.1023,57.39659],[12.10228,57.39641],[12.10228,57.39641],[12.1022,57.39638],[12.10213,57.39636],[12.10215,57.3963],[12.10228,57.39627],[12.10244,57.39622],[12.10265,57.39618],[12.1029,57.39611],[12.10306,57.39607],[12.10307,57.39607],[12.10337,57.39586],[12.10358,57.39569],[12.10379,57.39554],[12.10404,57.39535],[12.10419,57.39527],[12.1043,57.39515],[12.10448,57.39501],[12.10464,57.39486],[12.10484,57.39465],[12.10506,57.39457],[12.1054,57.39453],[12.10553,57.39454],[12.10565,57.39457],[12.10565,57.39457],[12.10581,57.39456],[12.10611,57.39452],[12.10644,57.39449],[12.10663,57.39449],[12.10688,57.39453],[12.10698,57.39456],[12.10728,57.39452],[12.10735,57.39458],[12.10746,57.39462],[12.10752,57.39469],[12.10757,57.39474],[12.10763,57.39485],[12.10763,57.39485],[12.1077,57.39487],[12.10779,57.39492],[12.10757,57.39496],[12.10757,57.39496],[12.10751,57.39511],[12.10769,57.39536],[12.10764,57.39537],[12.10764,57.39537],[12.10764,57.39537],[12.10767,57.39551],[12.10766,57.39638],[12.10766,57.39638],[12.10866,57.39672],[12.10931,57.39705],[12.11012,57.39768],[12.10994,57.39813],[12.10995,57.39813],[12.11006,57.39826],[12.111,57.3989],[12.1111,57.39903],[12.11112,57.39948],[12.11092,57.39977],[12.11066,57.40004],[12.11084,57.40101],[12.11084,57.40101],[12.11151,57.4014],[12.11202,57.4024],[12.11266,57.40312],[12.11316,57.40332],[12.11726,57.40396],[12.11802,57.40421],[12.12396,57.40545],[12.12737,57.40629],[12.12857,57.40665],[12.12857,57.40665],[12.12857,57.40665],[12.12885,57.40645],[12.12885,57.40645],[12.12885,57.40645],[12.12882,57.40643],[12.12889,57.40639],[12.12889,57.40639],[12.12889,57.40639],[12.12889,57.40639],[12.12889,57.40639],[12.12857,57.40634],[12.12839,57.40625],[12.12798,57.40592],[12.12792,57.40569],[12.12792,57.40567],[12.12788,57.40562],[12.12768,57.40547],[12.12769,57.40541],[12.12769,57.40536],[12.12773,57.40531],[12.12811,57.40513],[12.12828,57.405],[12.12912,57.40415],[12.12915,57.4041],[12.12917,57.40407],[12.12997,57.40376],[12.13019,57.40367],[12.13056,57.40353],[12.13144,57.40318],[12.13152,57.40315],[12.13152,57.40315],[12.13152,57.40315],[12.13119,57.40208],[12.13112,57.40191],[12.13107,57.40182],[12.13042,57.40068],[12.13053,57.40061],[12.13053,57.40061],[12.13053,57.40061],[12.12946,57.40002],[12.12886,57.39952],[12.12749,57.39836],[12.12801,57.39831],[12.12801,57.39831],[12.12801,57.39831],[12.12801,57.39831],[12.12766,57.39748],[12.12796,57.39749],[12.12796,57.39749],[12.12796,57.39749],[12.12816,57.39686],[12.12858,57.39654],[12.12872,57.39643],[12.12947,57.39672],[12.12947,57.39672],[12.12947,57.39672],[12.12948,57.39672],[12.13031,57.39642],[12.13031,57.39642],[12.13031,57.39642],[12.13031,57.39642],[12.13031,57.39642],[12.13031,57.39642],[12.13031,57.39642],[12.13127,57.39481],[12.13127,57.39481],[12.13126,57.39481],[12.13119,57.3948],[12.13058,57.39455],[12.1305,57.39446],[12.1305,57.39446],[12.13142,57.3942],[12.13142,57.3942],[12.13142,57.3942],[12.13142,57.3942],[12.13093,57.39369],[12.13031,57.39359],[12.13031,57.39358],[12.13031,57.39358],[12.13031,57.39358],[12.13022,57.39357],[12.12896,57.39336],[12.12854,57.3929],[12.13017,57.39277],[12.13163,57.39232],[12.13281,57.39197],[12.13281,57.39197],[12.13281,57.39197],[12.13281,57.39197],[12.13281,57.39197],[12.13228,57.39151],[12.13228,57.39151],[12.13228,57.39151],[12.1318,57.39165],[12.13114,57.39105],[12.13114,57.39105],[12.13114,57.39105],[12.13092,57.39112],[12.13052,57.39059],[12.13058,57.39021],[12.13204,57.38971],[12.13204,57.38971],[12.13204,57.38971],[12.13174,57.38933],[12.13237,57.38914],[12.13237,57.38914],[12.13237,57.38913],[12.13201,57.38882],[12.13201,57.38882],[12.13201,57.38882],[12.13201,57.38882],[12.13159,57.38894],[12.13051,57.38772],[12.1317,57.38732],[12.1318,57.38729],[12.1318,57.38728],[12.1318,57.38728],[12.13084,57.38648],[12.13084,57.38648],[12.13084,57.38648],[12.13039,57.38669],[12.12946,57.38541],[12.12946,57.3854],[12.12849,57.3852],[12.12769,57.38439],[12.12795,57.38399],[12.12914,57.38337],[12.12914,57.38337],[12.12908,57.38314],[12.12902,57.38289],[12.12892,57.38247],[12.12887,57.3822],[12.12877,57.38205],[12.12873,57.38167],[12.12875,57.38128],[12.12881,57.3809],[12.1289,57.3806],[12.12906,57.38048],[12.12913,57.3803],[12.12916,57.38015],[12.12922,57.37985],[12.12928,57.37946],[12.1293,57.37933],[12.12945,57.37859],[12.12952,57.37798],[12.12952,57.37798],[12.12951,57.37798],[12.12644,57.3781],[12.12443,57.37736],[12.12462,57.37718],[12.12462,57.37718],[12.12462,57.37718],[12.12462,57.37718],[12.1244,57.37711],[12.12389,57.37688],[12.12339,57.37639],[12.12307,57.37598],[12.12374,57.37575],[12.12374,57.37575],[12.12374,57.37575],[12.12359,57.37569],[12.12359,57.37569],[12.12359,57.37569],[12.12358,57.37569],[12.12267,57.37564],[12.1219,57.37528],[12.12081,57.37468],[12.1206,57.37457],[12.1206,57.37457],[12.1206,57.37457],[12.12059,57.37457],[12.11971,57.37511],[12.11971,57.37511],[12.11967,57.37518],[12.11969,57.37525],[12.11655,57.37565],[12.11654,57.37566],[12.11654,57.37566],[12.11654,57.37566],[12.11682,57.37612],[12.11681,57.37612],[12.11635,57.37628],[12.11634,57.37628],[12.11609,57.37588],[12.11609,57.37588],[12.11608,57.37588],[12.11607,57.37588],[12.1146,57.37629],[12.11405,57.37643],[12.11239,57.37688],[12.11179,57.37679],[12.11115,57.37696],[12.11063,57.37675],[12.11088,57.37655],[12.11094,57.37636],[12.11045,57.37569],[12.11019,57.37559],[12.11019,57.37559],[12.11019,57.37559],[12.10935,57.3761],[12.10876,57.37562],[12.10871,57.37534],[12.10871,57.37534],[12.10724,57.37424],[12.10724,57.37424],[12.10687,57.37418],[12.10686,57.37418],[12.10669,57.37423],[12.10651,57.37401],[12.10651,57.37401],[12.10651,57.37401],[12.10651,57.37401],[12.10509,57.37457],[12.10483,57.37434],[12.10483,57.37434],[12.10483,57.37434],[12.10407,57.37449],[12.10295,57.37505],[12.10282,57.37514],[12.10279,57.37512],[12.10279,57.37512],[12.10279,57.37512],[12.10275,57.37512],[12.10266,57.37514],[12.10267,57.37511],[12.10273,57.37508],[12.10278,57.37504],[12.10278,57.37504],[12.10278,57.37504],[12.10271,57.37498],[12.10261,57.37492],[12.10263,57.37481],[12.10262,57.37471],[12.10262,57.37471],[12.10262,57.37471],[12.10244,57.3747],[12.10233,57.37474],[12.10218,57.37478],[12.10202,57.37479],[12.10191,57.37476],[12.10182,57.37475],[12.10181,57.37475],[12.1017,57.37481],[12.10162,57.37482],[12.10159,57.37479],[12.10163,57.37475],[12.10172,57.37471],[12.10172,57.37471],[12.10173,57.37465],[12.1017,57.3746],[12.10158,57.37447],[12.10146,57.37429],[12.10141,57.37413],[12.10147,57.37398],[12.10156,57.37383],[12.10154,57.37377],[12.10145,57.37372],[12.10144,57.37367],[12.10152,57.3736],[12.1015,57.37351],[12.10145,57.37344],[12.10137,57.37337],[12.10134,57.37333],[12.10115,57.37323],[12.10094,57.3731],[12.10074,57.373],[12.10063,57.37294],[12.10054,57.3729],[12.10038,57.37292],[12.10007,57.37298],[12.09991,57.37302],[12.09971,57.37306],[12.09962,57.37312],[12.09943,57.37318],[12.09934,57.37323],[12.09928,57.37322],[12.09918,57.37316],[12.09907,57.37314],[12.09893,57.37315],[12.09876,57.37317],[12.09853,57.3732],[12.09836,57.37319],[12.09821,57.37315],[12.09801,57.3731],[12.09801,57.3731],[12.0979,57.37312],[12.09772,57.37318],[12.09753,57.37328],[12.09738,57.37335],[12.09714,57.37348],[12.09699,57.37357],[12.09693,57.37357],[12.09671,57.37349],[12.09657,57.37349],[12.09644,57.37352],[12.09644,57.37352],[12.09642,57.37355],[12.09643,57.37366],[12.09638,57.37371],[12.09627,57.37376],[12.09624,57.3738],[12.09616,57.37382],[12.09616,57.37375],[12.0962,57.37369],[12.09633,57.37355],[12.09637,57.37343],[12.09632,57.37327],[12.09619,57.37311],[12.096,57.37287],[12.09583,57.37267],[12.09567,57.37254],[12.09558,57.37247],[12.09558,57.37247],[12.09545,57.37244],[12.09529,57.37241],[12.09529,57.37241],[12.09529,57.37241],[12.09523,57.37245],[12.09523,57.37245],[12.09522,57.3725],[12.09518,57.37253],[12.09514,57.37254],[12.09509,57.37247],[12.095,57.37232],[12.09493,57.37228],[12.09482,57.37225],[12.09482,57.37225],[12.0947,57.37225],[12.09456,57.37228],[12.09437,57.37235],[12.09429,57.37241],[12.0943,57.37251],[12.09429,57.37255],[12.0942,57.37256],[12.09416,57.37251],[12.09412,57.37242],[12.09412,57.37242],[12.09412,57.37242],[12.09405,57.37241],[12.094,57.37242],[12.094,57.37242],[12.094,57.37242],[12.09399,57.37246],[12.09396,57.37248],[12.09391,57.37243],[12.09388,57.37238],[12.09388,57.37238],[12.09379,57.37236],[12.09374,57.37233],[12.09369,57.37228],[12.09362,57.37219],[12.09356,57.37203],[12.09351,57.37186],[12.09349,57.37182],[12.09342,57.37168],[12.09338,57.37155],[12.09337,57.37152],[12.09337,57.37152],[12.09337,57.37151],[12.09337,57.37152],[12.09156,57.37195],[12.09032,57.3714],[12.08892,57.37084],[12.08712,57.37012],[12.08378,57.36869],[12.08367,57.36827],[12.08343,57.36775],[12.08333,57.36727],[12.08302,57.36655],[12.08285,57.36615],[12.0825,57.36515],[12.0825,57.36515],[12.08101,57.36443],[12.08101,57.36442],[12.08098,57.36438],[12.08098,57.36438],[12.08098,57.36438],[12.08098,57.36438],[12.08096,57.36432],[12.08094,57.36425],[12.08091,57.36417],[12.08088,57.36411],[12.08085,57.364],[12.08081,57.36389],[12.0807,57.36376],[12.08054,57.36359],[12.08034,57.36342],[12.08019,57.36326],[12.08008,57.36311],[12.08002,57.36299],[12.07988,57.36281],[12.07985,57.36274],[12.07984,57.36263],[12.07985,57.36248],[12.07992,57.36249],[12.08001,57.36251],[12.08001,57.36251],[12.08001,57.36251],[12.08004,57.36247],[12.08004,57.36247],[12.07999,57.36237],[12.07998,57.3623],[12.08006,57.36228],[12.08027,57.36229],[12.08037,57.3623],[12.08043,57.36233],[12.0806,57.36233],[12.0808,57.36235],[12.08081,57.36236],[12.08083,57.36242],[12.08083,57.36242],[12.08089,57.36244],[12.08089,57.36244],[12.08089,57.36244],[12.08099,57.3624],[12.08109,57.36234],[12.08117,57.36223],[12.08119,57.3621],[12.08123,57.36197],[12.08124,57.3619],[12.08131,57.36183],[12.08133,57.36176],[12.0814,57.36168],[12.0814,57.36164],[12.08142,57.36157],[12.08143,57.3614],[12.08145,57.36128],[12.0815,57.36122],[12.08152,57.36113],[12.0815,57.361],[12.0815,57.36089],[12.0815,57.3608],[12.08141,57.3607],[12.08136,57.36068],[12.08136,57.36068],[12.08125,57.36068],[12.08122,57.36066],[12.08114,57.3606],[12.08111,57.36054],[12.08097,57.36047],[12.08085,57.36042],[12.08069,57.36038],[12.08026,57.36026],[12.07981,57.36014],[12.07944,57.36004],[12.07922,57.35996],[12.07899,57.35989],[12.07899,57.35989],[12.07889,57.3599],[12.07881,57.35991],[12.07873,57.35989],[12.07869,57.35985],[12.07868,57.35978],[12.07861,57.35974],[12.07861,57.35974],[12.07848,57.35972],[12.07835,57.35969],[12.07807,57.35963],[12.07775,57.3595],[12.07754,57.35938],[12.07742,57.35932],[12.07729,57.35931],[12.0772,57.35931],[12.07709,57.35931],[12.07692,57.35931],[12.0767,57.35928],[12.07666,57.35926],[12.07666,57.35921],[12.07662,57.35917],[12.07656,57.35914],[12.07641,57.35912],[12.0763,57.35907],[12.07626,57.35901],[12.07616,57.35892],[12.07611,57.35884],[12.07606,57.35883],[12.07599,57.35884],[12.07592,57.35885],[12.07584,57.35884],[12.07581,57.3588],[12.07579,57.35875],[12.07579,57.35868],[12.07575,57.35862],[12.07562,57.35856],[12.07553,57.35851],[12.07551,57.35845],[12.07549,57.3584],[12.07538,57.35829],[12.07534,57.35826],[12.0753,57.35819],[12.07528,57.35811],[12.07527,57.35802],[12.07525,57.35789],[12.07518,57.3578],[12.07511,57.35763],[12.07507,57.35754],[12.07496,57.35749],[12.07491,57.35744],[12.07487,57.35737],[12.07476,57.3573],[12.07464,57.35721],[12.07455,57.35714],[12.0745,57.35709],[12.07441,57.35707],[12.07428,57.35704],[12.07425,57.35701],[12.07424,57.35697],[12.07422,57.35694],[12.07414,57.35693],[12.07402,57.35691],[12.07393,57.35683],[12.07384,57.35672],[12.07377,57.35661],[12.07377,57.35655],[12.0738,57.3565],[12.07388,57.35639],[12.0739,57.35631],[12.07384,57.35624],[12.07375,57.35616],[12.07372,57.35613],[12.07369,57.35608],[12.07354,57.356],[12.07353,57.35593],[12.07354,57.35591],[12.07356,57.35586],[12.07362,57.35581],[12.07363,57.35576],[12.07363,57.35576],[12.07359,57.35574],[12.07349,57.35572],[12.07343,57.3557],[12.07335,57.3556],[12.07328,57.35549],[12.07321,57.35537],[12.07317,57.35527],[12.07313,57.35517],[12.07314,57.35496],[12.0731,57.3549],[12.07312,57.35483],[12.07317,57.35476],[12.07317,57.35476],[12.07313,57.35469],[12.07314,57.35461],[12.07315,57.35456],[12.07317,57.35448],[12.07317,57.35439],[12.07313,57.35429],[12.07307,57.35416],[12.07301,57.35406],[12.07299,57.35399],[12.07304,57.35384],[12.07301,57.35373],[12.07296,57.35368],[12.07286,57.35362],[12.07277,57.35351],[12.07276,57.35342],[12.07272,57.35339],[12.07272,57.35339],[12.07272,57.35339],[12.07268,57.3534],[12.07264,57.35341],[12.07257,57.3534],[12.07251,57.35336],[12.07239,57.35328],[12.07224,57.35318],[12.07212,57.35315],[12.07205,57.35313],[12.07204,57.35299],[12.07198,57.3528],[12.07189,57.35272],[12.07185,57.35268],[12.07186,57.3526],[12.07184,57.35246],[12.07179,57.35235],[12.07171,57.35227],[12.0717,57.35219],[12.07167,57.35216],[12.07166,57.35214],[12.07167,57.35209],[12.07172,57.352],[12.07178,57.35197],[12.07179,57.35197],[12.07178,57.35188],[12.07174,57.35179],[12.07173,57.35169],[12.07167,57.3516],[12.07167,57.3516],[12.07161,57.35159],[12.07153,57.35158],[12.07145,57.35156],[12.07147,57.35153],[12.07151,57.35145],[12.0715,57.35136],[12.07144,57.35128],[12.07149,57.35121],[12.07149,57.35112],[12.07144,57.35105],[12.07153,57.35086],[12.07154,57.35073],[12.07154,57.35062],[12.07155,57.35043],[12.0715,57.35035],[12.07152,57.35019],[12.07156,57.35007],[12.07153,57.34997],[12.07148,57.34987],[12.0714,57.34973],[12.0713,57.34963],[12.07116,57.34954],[12.07102,57.34947],[12.0708,57.34939],[12.07053,57.3493],[12.07037,57.34923],[12.07014,57.34912],[12.06991,57.34903],[12.06983,57.34898],[12.06979,57.34898],[12.06963,57.3489],[12.06953,57.34882],[12.06937,57.34872],[12.06937,57.34872],[12.06932,57.34872],[12.06922,57.34874],[12.06914,57.34877],[12.06904,57.34875],[12.06902,57.34873],[12.06894,57.34865],[12.06891,57.3486],[12.06874,57.3485],[12.06868,57.34841],[12.06842,57.34806],[12.06835,57.348],[12.06815,57.34785],[12.06794,57.34769],[12.06774,57.34737],[12.06773,57.34737],[12.06773,57.34737],[12.06764,57.34739],[12.06761,57.34738],[12.06756,57.34734],[12.06754,57.34727],[12.06761,57.34725],[12.06766,57.3472],[12.06766,57.3472],[12.06765,57.34715],[12.06758,57.34711],[12.06753,57.34705],[12.06749,57.34692],[12.06743,57.34683],[12.06742,57.34683],[12.06734,57.3468],[12.06731,57.34675],[12.06732,57.34672],[12.06729,57.34668],[12.06722,57.34663],[12.0671,57.34659],[12.06708,57.34651],[12.06708,57.34645],[12.06703,57.34638],[12.067,57.34632],[12.067,57.34631],[12.06701,57.34615],[12.06701,57.34615],[12.06701,57.34615],[12.06689,57.34612],[12.06689,57.3461],[12.06687,57.34603],[12.06688,57.34601],[12.06687,57.34598],[12.06686,57.34595],[12.06685,57.34592],[12.06685,57.3459],[12.06688,57.34587],[12.06689,57.34585],[12.06689,57.34583],[12.06691,57.34582],[12.06694,57.34583],[12.06694,57.34583],[12.06694,57.34583],[12.06705,57.34578],[12.06714,57.34572],[12.06714,57.34572],[12.06714,57.34568],[12.06711,57.34562],[12.06709,57.34557],[12.06712,57.34556],[12.06716,57.34555],[12.0672,57.34554],[12.06721,57.34554],[12.06721,57.34554],[12.0672,57.34551],[12.06722,57.3455],[12.06727,57.34548],[12.06727,57.34548],[12.0673,57.34546],[12.0673,57.34542],[12.0673,57.34538],[12.06736,57.34535],[12.06743,57.34535],[12.0675,57.34535],[12.06754,57.34533],[12.06758,57.34532],[12.06764,57.34534],[12.06772,57.34533],[12.06772,57.34533],[12.06776,57.34529],[12.0678,57.34526],[12.06792,57.34522],[12.06798,57.34525],[12.06798,57.34525],[12.06802,57.34524],[12.06805,57.34523],[12.0681,57.34525],[12.06821,57.34529],[12.0683,57.34533],[12.0683,57.34533],[12.0683,57.34533],[12.06836,57.34532],[12.06885,57.34515],[12.0689,57.34514],[12.06898,57.34514],[12.06905,57.34515],[12.06905,57.34515],[12.06912,57.34512],[12.06916,57.34508],[12.06917,57.34504],[12.06917,57.34504],[12.06909,57.34497],[12.06915,57.34486],[12.06915,57.34486],[12.06911,57.34481],[12.06906,57.34471],[12.06905,57.34464],[12.06902,57.34455],[12.06893,57.34445],[12.06883,57.34437],[12.06881,57.34431],[12.06887,57.34424],[12.06891,57.34412],[12.06891,57.34403],[12.06894,57.34383],[12.06886,57.34371],[12.06879,57.34365],[12.06879,57.34365],[12.06879,57.34365],[12.06874,57.34366],[12.06868,57.34365],[12.06866,57.34363],[12.06868,57.34359],[12.06869,57.34357],[12.0687,57.34357],[12.06869,57.34357],[12.06869,57.34357],[12.06862,57.34357],[12.06853,57.34355],[12.06845,57.3435],[12.06843,57.34346],[12.0684,57.34341],[12.0684,57.34341],[12.06833,57.3434],[12.06827,57.34337],[12.06818,57.34334],[12.0681,57.3433],[12.06803,57.34325],[12.06796,57.34316],[12.06785,57.34308],[12.06769,57.34303],[12.06761,57.34298],[12.06735,57.34285],[12.06722,57.34278],[12.06721,57.34276],[12.06716,57.34271],[12.06713,57.34268],[12.0671,57.34263],[12.06707,57.34261],[12.06706,57.34258],[12.06705,57.34255],[12.06705,57.34255],[12.06703,57.34254],[12.06703,57.34254],[12.06703,57.34254],[12.067,57.34254],[12.06695,57.34256],[12.06691,57.34257],[12.06687,57.34257],[12.06679,57.34256],[12.06675,57.34253],[12.06671,57.3425],[12.06662,57.34244],[12.06653,57.34236],[12.06643,57.34228],[12.06637,57.34221],[12.06627,57.34214],[12.06622,57.3421],[12.06616,57.34204],[12.06609,57.34199],[12.06605,57.34195],[12.06603,57.34194],[12.066,57.34192],[12.06598,57.3419],[12.06594,57.34187],[12.06591,57.34184],[12.06588,57.34181],[12.06587,57.34178],[12.06585,57.34175],[12.06585,57.34172],[12.06583,57.34167],[12.06582,57.34163],[12.0658,57.34155],[12.06578,57.34148],[12.06576,57.34142],[12.06573,57.34137],[12.06572,57.34134],[12.06572,57.34128],[12.06573,57.34123],[12.06575,57.34119],[12.06576,57.34113],[12.06565,57.34084],[12.0656,57.34067],[12.06548,57.34025],[12.0654,57.34],[12.06535,57.33987],[12.06534,57.33982],[12.06532,57.33979],[12.06529,57.33977],[12.06526,57.33973],[12.06522,57.3397],[12.0652,57.33967],[12.06518,57.33965],[12.06516,57.33963],[12.06518,57.33958],[12.06519,57.33955],[12.06522,57.33946],[12.06526,57.33943],[12.0653,57.33943],[12.06535,57.33942],[12.06538,57.33942],[12.06538,57.33942],[12.06538,57.33942],[12.06538,57.33939],[12.06537,57.33939],[12.06534,57.33936],[12.06531,57.33933],[12.06529,57.3393],[12.06528,57.33925],[12.06537,57.33902],[12.06537,57.33902],[12.06537,57.33902],[12.06516,57.33892],[12.06515,57.33892],[12.06515,57.33892],[12.06495,57.33919],[12.06495,57.33943],[12.06496,57.33947],[12.06496,57.3395],[12.06497,57.33952],[12.06495,57.33955],[12.06489,57.33958],[12.06482,57.33957],[12.06476,57.33955],[12.06465,57.33953],[12.06461,57.33951],[12.06452,57.33948],[12.06447,57.33946],[12.06438,57.33942],[12.06431,57.33938],[12.06425,57.33934],[12.06421,57.3393],[12.06416,57.33923],[12.06411,57.33917],[12.06409,57.3391],[12.06407,57.33905],[12.06405,57.33901],[12.06404,57.33894],[12.06403,57.33887],[12.06399,57.33882],[12.06401,57.3385],[12.06402,57.33841],[12.06404,57.33832],[12.06403,57.33825],[12.064,57.33818],[12.06398,57.33813],[12.06395,57.33808],[12.06394,57.33802],[12.06396,57.33796],[12.06398,57.33785],[12.06402,57.33776],[12.06405,57.33768],[12.06412,57.33762],[12.06418,57.33759],[12.06418,57.33759],[12.06422,57.33754],[12.06423,57.33748],[12.06428,57.33742],[12.06432,57.33737],[12.0644,57.33729],[12.06446,57.3372],[12.06453,57.33715],[12.06463,57.33706],[12.0647,57.337],[12.06477,57.33694],[12.06483,57.33691],[12.06491,57.33686],[12.06498,57.33683],[12.06509,57.33678],[12.06521,57.33671],[12.0653,57.33664],[12.06541,57.3366],[12.06549,57.33652],[12.0656,57.33646],[12.06575,57.33639],[12.06585,57.33632],[12.06598,57.33622],[12.0661,57.33614],[12.06621,57.33608],[12.0663,57.33601],[12.06636,57.33597],[12.06646,57.33589],[12.06654,57.33586],[12.06664,57.33578],[12.06672,57.3357],[12.0668,57.33566],[12.06689,57.33562],[12.06696,57.33557],[12.06702,57.33553],[12.06708,57.33549],[12.06713,57.33545],[12.06719,57.33542],[12.06727,57.33538],[12.06735,57.33537],[12.06746,57.33532],[12.06753,57.33531],[12.06761,57.33528],[12.06768,57.33526],[12.06774,57.33525],[12.06778,57.33523],[12.06781,57.33523],[12.06781,57.33523],[12.06781,57.33523],[12.06781,57.33523],[12.0678,57.33523],[12.0678,57.33523],[12.06778,57.33523],[12.06778,57.33523],[12.06768,57.33525],[12.00085,57.34017]],[[12.12433,57.39159],[12.12453,57.39154],[12.12456,57.39154],[12.12552,57.39149],[12.12549,57.39175],[12.12495,57.39174],[12.12481,57.39176],[12.12453,57.39169],[12.12433,57.39159]],[[12.12357,57.38977],[12.12479,57.38975],[12.12495,57.39026],[12.124,57.39033],[12.12357,57.38977]],[[12.12496,57.39026],[12.12767,57.39013],[12.12916,57.39006],[12.12911,57.39107],[12.12552,57.39147],[12.12496,57.39026]]]},"properties":{"NVRID":"2003039","NAMN":"Kungsbackafjorden","SKYDDSTYP":"Naturreservat","LAN":"Hallands Län","KOMMUN":"Kungsbacka","IUCNKATEGORI":"V, Skyddat landskap/havsområde (Protected Landscape/Seascape)","FORVALTARE":"Länsstyrelsen i Hallands län","AREA_HA":5238.308,"URSPR_BESLUTSDATUM":"2003-12-15"}},{"type":"Feature","geometry":{"type":"Polygon","coordinates":[[[12.84344,56.85733],[12.84344,56.85733],[12.84344,56.85733],[12.83739,56.8584],[12.83739,56.8584],[12.83739,56.8584],[12.83739,56.8584],[12.83757,56.85847],[12.83779,56.85853],[12.83844,56.85866],[12.83907,56.85875],[12.83936,56.85881],[12.83968,56.85889],[12.8416,56.8594],[12.84208,56.85956],[12.84299,56.8599],[12.84359,56.86026],[12.8439,56.8606],[12.84402,56.86097],[12.84411,56.86125],[12.84425,56.86148],[12.84433,56.86161],[12.84466,56.86211],[12.84494,56.86261],[12.84514,56.86298],[12.84529,56.86321],[12.84535,56.86328],[12.84535,56.86328],[12.84535,56.86328],[12.84535,56.86328],[12.85056,56.8622],[12.85056,56.8622],[12.85056,56.8622],[12.85045,56.86203],[12.85032,56.86188],[12.85024,56.86173],[12.85018,56.86163],[12.85002,56.86145],[12.84944,56.86099],[12.84918,56.86085],[12.84785,56.86004],[12.84686,56.85961],[12.84573,56.85905],[12.84542,56.85883],[12.84443,56.85819],[12.84393,56.8578],[12.84344,56.85733]]]},"properties":{"NVRID":"2002019","NAMN":"Frodeparken","SKYDDSTYP":"Naturreservat","LAN":"Hallands Län","KOMMUN":"Falkenberg","IUCNKATEGORI":"IV, Habitat/Artskyddsområde (Habitat/Species Management Area)","FORVALTARE":"Länsstyrelsen i Hallands län","AREA_HA":18.732,"URSPR_BESLUTSDATUM":"1996-11-15"}},{"type":"Feature","geometry":{"type":"Polygon","coordinates":[[[12.93085,56.59242],[12.93085,56.59242],[12.93085,56.59242],[12.93127,56.59209],[12.93163,56.59209],[12.93158,56.59242],[12.93086,56.59242],[12.93086,56.59242],[12.93085,56.59242],[12.93085,56.59242],[12.93086,56.59242],[12.93327,56.59348],[12.93541,56.59443],[12.93541,56.59443],[12.93541,56.59443],[12.93541,56.59443],[12.93556,56.59431],[12.93678,56.59326],[12.93703,56.59304],[12.93785,56.59231],[12.93841,56.5918],[12.93844,56.59177],[12.93844,56.59177],[12.93844,56.59177],[12.93833,56.59169],[12.93829,56.59157],[12.93834,56.59145],[12.93848,56.59134],[12.939,56.59125],[12.939,56.59125],[12.93904,56.59122],[12.9394,56.59087],[12.94001,56.59029],[12.94011,56.5902],[12.94025,56.59007],[12.94061,56.58972],[12.94097,56.58937],[12.94104,56.5893],[12.94108,56.58927],[12.94111,56.58924],[12.94119,56.58914],[12.94133,56.58901],[12.94146,56.58886],[12.94154,56.5888],[12.94167,56.58867],[12.94186,56.58849],[12.94195,56.58839],[12.94225,56.5881],[12.94248,56.58787],[12.94248,56.58787],[12.9425,56.58775],[12.94242,56.58766],[12.94246,56.58761],[12.94277,56.58755],[12.94282,56.58751],[12.94318,56.58714],[12.94359,56.58673],[12.94429,56.58599],[12.94457,56.5857],[12.94496,56.58526],[12.94505,56.58516],[12.94545,56.58469],[12.9458,56.58424],[12.94618,56.58373],[12.9465,56.58321],[12.94661,56.58304],[12.9467,56.58286],[12.94683,56.58264],[12.94698,56.58243],[12.94707,56.58222],[12.94732,56.58169],[12.9474,56.58148],[12.94756,56.58107],[12.94773,56.58064],[12.94787,56.58015],[12.948,56.5796],[12.94808,56.57919],[12.94811,56.57905],[12.94817,56.5785],[12.94818,56.57824],[12.94821,56.57784],[12.94821,56.57761],[12.94822,56.57753],[12.94823,56.5767],[12.94821,56.5766],[12.94821,56.5766],[12.94821,56.5766],[12.94821,56.57659],[12.94747,56.57667],[12.94679,56.5767],[12.94622,56.57676],[12.94582,56.57684],[12.94557,56.57694],[12.94521,56.57707],[12.94496,56.57721],[12.94474,56.57738],[12.94453,56.57757],[12.94442,56.57833],[12.94433,56.57873],[12.94431,56.57896],[12.94425,56.57912],[12.94417,56.57925],[12.94402,56.5794],[12.94383,56.57953],[12.94357,56.57965],[12.94323,56.57977],[12.94291,56.57985],[12.94265,56.5799],[12.9425,56.57992],[12.94221,56.57993],[12.94199,56.57992],[12.94169,56.57992],[12.9415,56.57997],[12.94135,56.58003],[12.94117,56.58011],[12.94032,56.5805],[12.93947,56.58086],[12.93933,56.58089],[12.93762,56.58086],[12.93762,56.58086],[12.93762,56.58086],[12.92809,56.5912],[12.92809,56.5912],[12.92809,56.5912],[12.92936,56.59176],[12.92958,56.59186],[12.93085,56.59242]],[[12.93283,56.59209],[12.93399,56.5921],[12.93418,56.59231],[12.93349,56.59244],[12.93282,56.59243],[12.93283,56.59209]]]},"properties":{"NVRID":"2001078","NAMN":"Gullbranna","SKYDDSTYP":"Naturreservat","LAN":"Hallands Län","KOMMUN":"Halmstad","IUCNKATEGORI":"IV, Habitat/Artskyddsområde (Habitat/Species Management Area)","FORVALTARE":"Länsstyrelsen i Hallands län","AREA_HA":103.012,"URSPR_BESLUTSDATUM":"1972-06-30"}},{"type":"Feature","geometry":{"type":"Polygon","coordinates":[[[12.67891,56.69185],[12.67895,56.69188],[12.67902,56.69196],[12.67906,56.69206],[12.67907,56.69213],[12.67908,56.69218],[12.67917,56.6924],[12.67927,56.69261],[12.67937,56.69273],[12.6795,56.69285],[12.67959,56.69296],[12.67969,56.69305],[12.67978,56.69313],[12.67984,56.69317],[12.67986,56.69319],[12.67994,56.69323],[12.67998,56.69327],[12.67998,56.69333],[12.67996,56.69337],[12.68,56.69342],[12.68007,56.69345],[12.68012,56.69351],[12.68019,56.69354],[12.68028,56.69363],[12.68037,56.69367],[12.68054,56.69371],[12.6806,56.69374],[12.68062,56.69379],[12.68062,56.69388],[12.6806,56.69397],[12.68053,56.69402],[12.68043,56.69407],[12.68037,56.6941],[12.68026,56.69411],[12.68011,56.69415],[12.68004,56.69417],[12.67992,56.69419],[12.67975,56.69422],[12.67963,56.69423],[12.67953,56.69423],[12.67943,56.69424],[12.67936,56.69421],[12.67926,56.6942],[12.67915,56.69422],[12.67895,56.69419],[12.67882,56.6942],[12.67882,56.6942],[12.67874,56.69426],[12.67867,56.69434],[12.67867,56.69434],[12.67867,56.6944],[12.67864,56.69445],[12.67865,56.69454],[12.67866,56.69464],[12.67873,56.69476],[12.67881,56.69489],[12.67884,56.69498],[12.67893,56.69509],[12.67902,56.6952],[12.67919,56.69539],[12.67929,56.69549],[12.67934,56.69555],[12.67944,56.69563],[12.67956,56.6957],[12.67957,56.6957],[12.67966,56.6957],[12.67982,56.6957],[12.67991,56.69571],[12.68005,56.69571],[12.68014,56.69572],[12.68029,56.69574],[12.68043,56.69578],[12.68062,56.69579],[12.68081,56.69579],[12.68098,56.6958],[12.68115,56.69584],[12.68133,56.69587],[12.68148,56.69592],[12.68162,56.69597],[12.68173,56.69602],[12.68181,56.69605],[12.68204,56.69617],[12.68216,56.69622],[12.68229,56.69629],[12.68241,56.69634],[12.68256,56.69637],[12.68276,56.69638],[12.68289,56.69638],[12.68297,56.69638],[12.68306,56.69635],[12.68314,56.69628],[12.6832,56.69622],[12.6833,56.6962],[12.68353,56.69625],[12.68373,56.69635],[12.68387,56.69645],[12.68403,56.69656],[12.68405,56.69658],[12.68406,56.69658],[12.68407,56.69658],[12.68407,56.69658],[12.68407,56.69658],[12.68435,56.69627],[12.68435,56.69627],[12.68421,56.69615],[12.68421,56.69615],[12.68305,56.69594],[12.68266,56.69587],[12.68224,56.69573],[12.68222,56.69565],[12.68235,56.69534],[12.68261,56.69437],[12.68318,56.69453],[12.68318,56.69453],[12.68318,56.69453],[12.68318,56.69453],[12.68318,56.69453],[12.68314,56.69298],[12.68314,56.69298],[12.68313,56.69298],[12.68265,56.69298],[12.68266,56.69235],[12.68329,56.69235],[12.68329,56.69235],[12.68329,56.69235],[12.6834,56.69179],[12.68351,56.6912],[12.68355,56.69065],[12.68355,56.69065],[12.68355,56.69065],[12.68348,56.69064],[12.68234,56.69048],[12.67941,56.69009],[12.67941,56.69009],[12.67941,56.69009],[12.67941,56.69009],[12.6794,56.69011],[12.67932,56.69017],[12.67929,56.69026],[12.67927,56.69041],[12.67927,56.69041],[12.67931,56.69045],[12.67931,56.69054],[12.67934,56.6906],[12.67932,56.6907],[12.67928,56.69077],[12.67918,56.69081],[12.67912,56.69088],[12.67912,56.69088],[12.67913,56.69097],[12.67911,56.69103],[12.67911,56.69103],[12.67918,56.69105],[12.67923,56.69107],[12.67917,56.69118],[12.6792,56.69127],[12.67921,56.69134],[12.67918,56.69141],[12.67914,56.69148],[12.67908,56.69156],[12.67899,56.69162],[12.67891,56.69169],[12.67886,56.69178],[12.67886,56.69178],[12.67887,56.69185],[12.67887,56.69185],[12.67887,56.69185],[12.67891,56.69185]],[[12.68008,56.69477],[12.68056,56.6946],[12.68061,56.69459],[12.68119,56.69439],[12.68144,56.69479],[12.68097,56.69488],[12.6808,56.69485],[12.68065,56.69486],[12.68061,56.69486],[12.68061,56.69486],[12.68061,56.69486],[12.68061,56.69486],[12.68067,56.6952],[12.68016,56.69502],[12.68008,56.69477]]]},"properties":{"NVRID":"2001422","NAMN":"Villshärad","SKYDDSTYP":"Naturreservat","LAN":"Hallands Län","KOMMUN":"Halmstad","IUCNKATEGORI":"IV, Habitat/Artskyddsområde (Habitat/Species Management Area)","FORVALTARE":"Länsstyrelsen i Hallands län","AREA_HA":13.944,"URSPR_BESLUTSDATUM":"1974-06-20"}},{"type":"Feature","geometry":{"type":"MultiPolygon","coordinates":[[[[11.91913,57.50789],[11.91913,57.5079],[11.91916,57.5079],[11.9192,57.5079],[11.9192,57.50793],[11.91918,57.50797],[11.91918,57.50797],[11.91918,57.50797],[11.91922,57.50798],[11.91922,57.50798],[11.91922,57.50798],[11.91925,57.50795],[11.91927,57.50793],[11.91929,57.5079],[11.91929,57.50786],[11.91929,57.50786],[11.91926,57.50784],[11.91922,57.50783],[11.91922,57.50783],[11.91922,57.50783],[11.91919,57.50784],[11.91914,57.50788],[11.91913,57.50789],[11.91913,57.50789]]],[[[11.9264,57.50094],[11.92639,57.50094],[11.92639,57.50094],[11.92639,57.50095],[11.9264,57.50095],[11.92644,57.50096],[11.92649,57.50096],[11.92652,57.50097],[11.92655,57.50098],[11.92656,57.50099],[11.92658,57.501],[11.92658,57.501],[11.9266,57.50099],[11.9266,57.50099],[11.9266,57.50099],[11.9266,57.50098],[11.92662,57.50097],[11.92664,57.50098],[11.92664,57.50098],[11.92666,57.50099],[11.92666,57.50099],[11.92667,57.50098],[11.92667,57.50098],[11.92667,57.50096],[11.92667,57.50096],[11.92664,57.50096],[11.92662,57.50095],[11.9266,57.50094],[11.92656,57.50092],[11.92653,57.50091],[11.92652,57.50091],[11.92653,57.5009],[11.92653,57.50088],[11.92653,57.50088],[11.9265,57.50088],[11.92648,57.50088],[11.92647,57.50088],[11.92647,57.50088],[11.92645,57.50088],[11.92645,57.50088],[11.92644,57.5009],[11.92644,57.50092],[11.92643,57.50093],[11.9264,57.50094]]],[[[11.91922,57.50196],[11.9192,57.50196],[11.9192,57.50196],[11.9192,57.50197],[11.91919,57.50198],[11.91919,57.502],[11.91918,57.50201],[11.91917,57.50202],[11.91917,57.50202],[11.91918,57.50203],[11.91918,57.50203],[11.91923,57.50204],[11.91924,57.50204],[11.91928,57.50204],[11.91928,57.50204],[11.91931,57.50204],[11.91934,57.50204],[11.91934,57.50205],[11.91933,57.50206],[11.91933,57.50206],[11.91933,57.50206],[11.91933,57.50206],[11.91936,57.50207],[11.91941,57.50207],[11.91943,57.50208],[11.91947,57.50209],[11.91947,57.50209],[11.91949,57.50208],[11.91951,57.50207],[11.91953,57.50206],[11.91953,57.50205],[11.91956,57.50205],[11.9196,57.50207],[11.91963,57.50207],[11.91963,57.50207],[11.91963,57.50207],[11.91965,57.50205],[11.9197,57.50206],[11.91973,57.50206],[11.91973,57.50205],[11.91973,57.50205],[11.91973,57.50204],[11.91971,57.50202],[11.91967,57.502],[11.91963,57.50198],[11.9196,57.50197],[11.9196,57.50197],[11.91956,57.50198],[11.91956,57.50198],[11.91955,57.50198],[11.91955,57.50198],[11.91956,57.50199],[11.91959,57.502],[11.91959,57.50202],[11.91958,57.50201],[11.91956,57.502],[11.91952,57.502],[11.91952,57.502],[11.9195,57.502],[11.9195,57.502],[11.91949,57.50201],[11.91947,57.50204],[11.91944,57.50204],[11.91941,57.50204],[11.91939,57.50203],[11.91938,57.50202],[11.91937,57.50201],[11.91936,57.50199],[11.91932,57.50198],[11.91927,57.50197],[11.91922,57.50196],[11.91922,57.50196]]],[[[11.91754,57.50962],[11.91754,57.50962],[11.91754,57.50962],[11.91764,57.50962],[11.91775,57.50961],[11.91776,57.50961],[11.91779,57.50958],[11.91779,57.50958],[11.91776,57.50955],[11.9177,57.5095],[11.91764,57.50945],[11.91764,57.50945],[11.91764,57.50945],[11.91756,57.50946],[11.91751,57.50948],[11.91744,57.50946],[11.91737,57.50947],[11.91737,57.50947],[11.91737,57.50947],[11.91737,57.50951],[11.91737,57.50951],[11.91737,57.50951],[11.91747,57.50953],[11.91751,57.50959],[11.91754,57.50962]]],[[[11.92865,57.50159],[11.92901,57.50156],[11.9291,57.50156],[11.92921,57.50158],[11.92921,57.50158],[11.92931,57.50155],[11.92952,57.50153],[11.92981,57.50154],[11.93002,57.50157],[11.93002,57.50157],[11.93008,57.50155],[11.93019,57.50156],[11.93027,57.50156],[11.93046,57.50161],[11.93051,57.50163],[11.93079,57.50169],[11.93119,57.50175],[11.93132,57.50178],[11.93145,57.50182],[11.93156,57.50184],[11.93163,57.50187],[11.93168,57.50189],[11.9318,57.5019],[11.93194,57.5019],[11.93212,57.50188],[11.93219,57.5019],[11.93242,57.50198],[11.93243,57.50204],[11.93243,57.50204],[11.9325,57.50207],[11.93255,57.50213],[11.93264,57.50217],[11.93264,57.50217],[11.93264,57.50217],[11.93264,57.50217],[11.93264,57.50217],[11.93264,57.50216],[11.93264,57.50216],[11.93257,57.50213],[11.93252,57.50207],[11.93245,57.50203],[11.93244,57.50198],[11.93244,57.50198],[11.9322,57.50189],[11.93212,57.50187],[11.93194,57.50189],[11.9318,57.50188],[11.93169,57.50188],[11.93164,57.50186],[11.93157,57.50183],[11.93146,57.50181],[11.93133,57.50177],[11.9312,57.50174],[11.9308,57.50168],[11.93051,57.50161],[11.93047,57.5016],[11.93027,57.50155],[11.93027,57.50155],[11.93019,57.50155],[11.93008,57.50154],[11.93002,57.50155],[11.92981,57.50153],[11.92952,57.50151],[11.9293,57.50154],[11.92921,57.50157],[11.9291,57.50155],[11.92901,57.50155],[11.92865,57.50158],[11.92844,57.50159],[11.928,57.50173],[11.92784,57.5018],[11.92779,57.50183],[11.92779,57.50183],[11.9278,57.50184],[11.9278,57.50184],[11.9278,57.50184],[11.9278,57.50184],[11.9278,57.50184],[11.92785,57.5018],[11.92801,57.50174],[11.92844,57.5016],[11.92865,57.50159]]],[[[11.91772,57.50174],[11.91772,57.50175],[11.91772,57.50179],[11.91772,57.50179],[11.9178,57.50182],[11.9178,57.50182],[11.91791,57.5018],[11.91798,57.5018],[11.91802,57.50183],[11.91805,57.50183],[11.91805,57.50183],[11.91805,57.50183],[11.91808,57.50181],[11.91819,57.50182],[11.91823,57.50182],[11.91823,57.50182],[11.91823,57.50182],[11.91822,57.50176],[11.91828,57.50176],[11.91833,57.50175],[11.91833,57.50175],[11.91838,57.50172],[11.91838,57.50172],[11.91838,57.50172],[11.91833,57.5017],[11.91828,57.50169],[11.91826,57.50165],[11.91821,57.50164],[11.91821,57.50164],[11.91821,57.50164],[11.91817,57.50168],[11.91812,57.50168],[11.91808,57.50167],[11.91802,57.50165],[11.91799,57.50164],[11.91794,57.50165],[11.91794,57.50165],[11.91792,57.50169],[11.91787,57.50168],[11.91784,57.50165],[11.91784,57.50165],[11.91783,57.50165],[11.91778,57.50167],[11.91778,57.50167],[11.91778,57.50167],[11.91778,57.50172],[11.91772,57.50174]]],[[[11.92596,57.50106],[11.92596,57.50106],[11.92597,57.50107],[11.926,57.50108],[11.926,57.50109],[11.92598,57.5011],[11.92597,57.50111],[11.92597,57.50111],[11.92598,57.50113],[11.92598,57.50115],[11.92598,57.50115],[11.926,57.50115],[11.926,57.50115],[11.92602,57.50115],[11.92603,57.50117],[11.92603,57.50118],[11.92603,57.50119],[11.92601,57.5012],[11.926,57.50121],[11.926,57.50121],[11.92599,57.50122],[11.92599,57.50122],[11.92599,57.50122],[11.92601,57.50123],[11.92601,57.50123],[11.92602,57.50123],[11.92606,57.50123],[11.92609,57.50124],[11.92611,57.50125],[11.92611,57.50125],[11.92614,57.50125],[11.92617,57.50127],[11.92618,57.50128],[11.92621,57.50129],[11.92624,57.50129],[11.92628,57.50128],[11.92629,57.50128],[11.92633,57.50128],[11.92634,57.50128],[11.92635,57.50129],[11.92636,57.5013],[11.92636,57.5013],[11.92638,57.50129],[11.9264,57.50128],[11.92644,57.50128],[11.92648,57.50128],[11.92652,57.50127],[11.92654,57.50125],[11.92654,57.50124],[11.92654,57.50123],[11.92653,57.5012],[11.92652,57.50119],[11.92652,57.50117],[11.92652,57.50115],[11.92653,57.50113],[11.92653,57.50111],[11.92652,57.5011],[11.92652,57.50108],[11.92652,57.50108],[11.92649,57.50106],[11.92646,57.50105],[11.92644,57.50104],[11.92643,57.50103],[11.92643,57.50102],[11.92642,57.50101],[11.92642,57.501],[11.92642,57.501],[11.92641,57.501],[11.92639,57.501],[11.92637,57.501],[11.92634,57.501],[11.92631,57.50101],[11.92626,57.50101],[11.92618,57.50101],[11.92614,57.50101],[11.9261,57.50101],[11.92606,57.501],[11.92602,57.501],[11.92601,57.501],[11.926,57.50102],[11.92597,57.50104],[11.92598,57.50105],[11.92596,57.50106]]],[[[11.91361,57.51173],[11.91358,57.51179],[11.91358,57.51179],[11.91371,57.51187],[11.9138,57.51191],[11.91392,57.51195],[11.91402,57.51198],[11.91411,57.51197],[11.91422,57.51194],[11.91438,57.51197],[11.91444,57.51196],[11.91444,57.51196],[11.91445,57.51196],[11.91445,57.51196],[11.91439,57.51188],[11.91428,57.51183],[11.91419,57.5118],[11.91415,57.51174],[11.91411,57.5117],[11.91411,57.5117],[11.9141,57.5117],[11.91406,57.5117],[11.914,57.51169],[11.91405,57.51167],[11.91405,57.51167],[11.91407,57.51164],[11.91407,57.51164],[11.91407,57.51164],[11.91407,57.51164],[11.91394,57.51162],[11.91388,57.51159],[11.91387,57.51155],[11.91387,57.51155],[11.91387,57.51155],[11.91387,57.51155],[11.91377,57.51155],[11.91371,57.51155],[11.91366,57.51155],[11.91363,57.51153],[11.91362,57.51153],[11.91362,57.51153],[11.91362,57.51153],[11.91358,57.51157],[11.91361,57.51164],[11.91364,57.51168],[11.91361,57.51173]]],[[[11.91382,57.51121],[11.91371,57.51122],[11.91371,57.51122],[11.91368,57.51128],[11.91368,57.51128],[11.91375,57.51139],[11.91381,57.51146],[11.91381,57.51146],[11.91389,57.51148],[11.91398,57.51152],[11.91405,57.5116],[11.91405,57.5116],[11.91406,57.5116],[11.91412,57.51159],[11.91419,57.51159],[11.91426,57.51161],[11.9144,57.5116],[11.91451,57.51155],[11.91461,57.5115],[11.91472,57.5115],[11.91486,57.51149],[11.91493,57.51145],[11.91505,57.51143],[11.91514,57.5114],[11.91515,57.5114],[11.91517,57.51133],[11.91525,57.51129],[11.91531,57.51124],[11.91531,57.51124],[11.91531,57.51124],[11.9152,57.51117],[11.91519,57.51108],[11.91516,57.51103],[11.91516,57.51103],[11.91505,57.51101],[11.91494,57.51098],[11.91494,57.51098],[11.91483,57.511],[11.91473,57.51097],[11.91473,57.51097],[11.91464,57.511],[11.91452,57.51104],[11.91443,57.51102],[11.91437,57.51103],[11.91437,57.51103],[11.91437,57.51103],[11.91437,57.51107],[11.91435,57.5111],[11.91426,57.51112],[11.91426,57.51112],[11.91425,57.51117],[11.9142,57.51123],[11.91412,57.51122],[11.91411,57.5112],[11.91411,57.5112],[11.91404,57.51115],[11.91399,57.51114],[11.91395,57.51114],[11.91395,57.51114],[11.91395,57.51115],[11.91395,57.51121],[11.91393,57.51122],[11.91382,57.51121]]],[[[11.91265,57.50799],[11.9126,57.50806],[11.91256,57.50821],[11.91256,57.50821],[11.9126,57.50825],[11.91268,57.50835],[11.91265,57.50849],[11.91266,57.50858],[11.91264,57.50869],[11.91265,57.5088],[11.91271,57.50888],[11.91275,57.50894],[11.91275,57.50903],[11.91274,57.5091],[11.91274,57.5091],[11.91284,57.50916],[11.91295,57.50921],[11.91296,57.50927],[11.91298,57.50933],[11.91298,57.50933],[11.91306,57.50935],[11.91311,57.5094],[11.91318,57.50942],[11.91318,57.50942],[11.91336,57.50939],[11.91347,57.50937],[11.91356,57.50936],[11.91365,57.50943],[11.9137,57.50949],[11.9137,57.50949],[11.9137,57.50949],[11.91381,57.50951],[11.91381,57.50951],[11.91385,57.5095],[11.91397,57.50955],[11.91408,57.50956],[11.91408,57.50956],[11.91418,57.5095],[11.91422,57.50953],[11.91423,57.50954],[11.91437,57.50953],[11.91437,57.50953],[11.91441,57.50949],[11.91441,57.50949],[11.91441,57.50949],[11.91434,57.50944],[11.91436,57.50941],[11.91439,57.50938],[11.91438,57.50932],[11.91442,57.50929],[11.91448,57.5093],[11.91448,57.5093],[11.91453,57.50926],[11.9146,57.5092],[11.91471,57.50919],[11.91471,57.50919],[11.91478,57.50915],[11.91485,57.50909],[11.91497,57.50901],[11.91508,57.50895],[11.91523,57.5089],[11.91537,57.50888],[11.91551,57.50889],[11.91563,57.5089],[11.91567,57.50896],[11.91575,57.50903],[11.91588,57.50909],[11.91588,57.50916],[11.91587,57.50923],[11.91587,57.50923],[11.91605,57.5093],[11.91613,57.50932],[11.91617,57.5094],[11.91605,57.50944],[11.91599,57.5095],[11.91599,57.50957],[11.91601,57.50966],[11.91601,57.50975],[11.91607,57.50982],[11.91605,57.50987],[11.91606,57.50992],[11.91606,57.50992],[11.91606,57.50992],[11.91621,57.50992],[11.91628,57.50993],[11.9163,57.50997],[11.9163,57.50997],[11.91645,57.51001],[11.91656,57.51003],[11.91662,57.51004],[11.91666,57.51005],[11.91677,57.51003],[11.91677,57.51003],[11.91689,57.50997],[11.91696,57.5099],[11.917,57.50982],[11.91704,57.50976],[11.91709,57.5097],[11.91709,57.50962],[11.91713,57.50956],[11.91717,57.50947],[11.91717,57.50947],[11.91709,57.50942],[11.91694,57.50941],[11.91683,57.50937],[11.91668,57.50934],[11.91657,57.5093],[11.91645,57.50923],[11.9164,57.50918],[11.9164,57.50918],[11.91626,57.50917],[11.91611,57.50916],[11.91604,57.50912],[11.91601,57.50907],[11.91601,57.50907],[11.91591,57.50906],[11.91586,57.50899],[11.91597,57.50894],[11.91613,57.50889],[11.91627,57.50885],[11.91648,57.50889],[11.91663,57.50897],[11.91671,57.50903],[11.91675,57.50906],[11.91686,57.5091],[11.91686,57.5091],[11.91686,57.5091],[11.91695,57.50905],[11.91708,57.50904],[11.91721,57.50904],[11.91733,57.50903],[11.9174,57.509],[11.9174,57.509],[11.9174,57.509],[11.9174,57.509],[11.91731,57.50897],[11.91736,57.50894],[11.91736,57.50894],[11.91736,57.50894],[11.9173,57.5089],[11.91727,57.50884],[11.91737,57.50884],[11.91738,57.50884],[11.91738,57.50884],[11.91738,57.50884],[11.91735,57.50878],[11.91743,57.50876],[11.91743,57.50876],[11.91744,57.50868],[11.91746,57.50862],[11.9176,57.50866],[11.91768,57.50866],[11.91778,57.50867],[11.91782,57.50869],[11.91787,57.50874],[11.91787,57.50874],[11.91787,57.50874],[11.91801,57.50871],[11.91812,57.50868],[11.91823,57.50866],[11.91839,57.50866],[11.91839,57.50866],[11.91849,57.50857],[11.91844,57.50844],[11.91844,57.50837],[11.91853,57.50831],[11.91856,57.50822],[11.91861,57.50815],[11.91858,57.50807],[11.91846,57.50803],[11.91845,57.508],[11.91843,57.50795],[11.91843,57.50795],[11.91834,57.50793],[11.91831,57.50788],[11.91832,57.50781],[11.9183,57.50779],[11.91822,57.50774],[11.91813,57.50772],[11.91807,57.50765],[11.91803,57.50758],[11.91801,57.50753],[11.91798,57.50748],[11.91798,57.50748],[11.91791,57.50745],[11.91791,57.50745],[11.91791,57.50745],[11.91787,57.50748],[11.91785,57.50749],[11.91781,57.50748],[11.91781,57.50744],[11.91781,57.50744],[11.91781,57.50744],[11.91769,57.50745],[11.91765,57.50746],[11.91757,57.50746],[11.91754,57.50744],[11.91756,57.50742],[11.9176,57.5074],[11.9176,57.5074],[11.9176,57.5074],[11.91752,57.50737],[11.91743,57.50735],[11.91741,57.50732],[11.91737,57.50731],[11.91737,57.50731],[11.91737,57.50731],[11.91737,57.50731],[11.91736,57.50733],[11.91736,57.50736],[11.91737,57.50741],[11.91733,57.50738],[11.91724,57.50733],[11.91724,57.50733],[11.91724,57.50733],[11.91717,57.50734],[11.91708,57.50733],[11.917,57.50731],[11.91691,57.50729],[11.9168,57.50731],[11.91669,57.5073],[11.91659,57.50727],[11.91653,57.50725],[11.91653,57.50725],[11.91647,57.50726],[11.91647,57.50726],[11.91641,57.50732],[11.91636,57.50738],[11.91629,57.50741],[11.91623,57.50749],[11.91615,57.50753],[11.91612,57.50749],[11.91602,57.50742],[11.91602,57.50742],[11.91588,57.5074],[11.91585,57.50736],[11.91591,57.50732],[11.91591,57.50732],[11.91591,57.50732],[11.91589,57.50725],[11.91589,57.50725],[11.91577,57.50723],[11.91563,57.50725],[11.91551,57.50724],[11.91545,57.50721],[11.91541,57.5072],[11.91537,57.50719],[11.91537,57.50719],[11.91537,57.50719],[11.91537,57.50719],[11.91537,57.50719],[11.9154,57.50723],[11.91536,57.50724],[11.91528,57.50723],[11.91528,57.50723],[11.91528,57.50723],[11.91528,57.50723],[11.91528,57.5073],[11.91517,57.50726],[11.91511,57.50723],[11.91511,57.50723],[11.91511,57.50723],[11.91511,57.50723],[11.91511,57.50724],[11.91511,57.50737],[11.91515,57.50747],[11.91519,57.50752],[11.91515,57.50756],[11.91513,57.50763],[11.91513,57.50763],[11.91522,57.50771],[11.91525,57.50776],[11.9152,57.50781],[11.91516,57.5079],[11.91516,57.5079],[11.9152,57.50797],[11.91521,57.50804],[11.91516,57.5081],[11.915,57.5081],[11.91492,57.50806],[11.91483,57.50802],[11.91479,57.50795],[11.91477,57.50781],[11.91473,57.50778],[11.91473,57.50778],[11.91463,57.50774],[11.91449,57.50776],[11.91441,57.50773],[11.91441,57.50773],[11.91429,57.50776],[11.91404,57.50772],[11.91392,57.50771],[11.91379,57.50773],[11.91368,57.50773],[11.91362,57.50769],[11.9137,57.50765],[11.91375,57.50765],[11.9138,57.50763],[11.9138,57.50763],[11.9138,57.50763],[11.9138,57.50763],[11.91373,57.50757],[11.91373,57.50757],[11.91363,57.50757],[11.91353,57.50754],[11.91348,57.50749],[11.91348,57.50749],[11.91348,57.50749],[11.9134,57.5075],[11.91328,57.50744],[11.91321,57.50742],[11.91321,57.50742],[11.91315,57.50742],[11.91315,57.50742],[11.91315,57.50742],[11.91314,57.50751],[11.91314,57.50751],[11.9132,57.50755],[11.91324,57.5076],[11.91322,57.50763],[11.91313,57.50766],[11.91313,57.50766],[11.91312,57.50769],[11.91303,57.50764],[11.91297,57.50761],[11.91297,57.50761],[11.91297,57.50761],[11.91297,57.50761],[11.91292,57.50766],[11.91282,57.50765],[11.91276,57.50766],[11.91276,57.50766],[11.91276,57.50766],[11.91276,57.50766],[11.91278,57.50771],[11.91285,57.50774],[11.91277,57.50779],[11.91264,57.5078],[11.91264,57.5078],[11.91264,57.5078],[11.9126,57.50785],[11.9126,57.50785],[11.91266,57.50789],[11.91265,57.50799]]],[[[11.91507,57.50279],[11.9151,57.50285],[11.9151,57.50285],[11.9151,57.50285],[11.9151,57.50285],[11.91517,57.50282],[11.91525,57.50279],[11.91532,57.50276],[11.91537,57.50277],[11.91541,57.50282],[11.9155,57.50287],[11.91552,57.50289],[11.91556,57.50294],[11.91556,57.50294],[11.91562,57.50295],[11.9157,57.50292],[11.91575,57.50292],[11.91579,57.50291],[11.91585,57.5029],[11.91591,57.50292],[11.91599,57.50293],[11.91599,57.50298],[11.91599,57.50298],[11.91599,57.50298],[11.91611,57.50301],[11.91611,57.50301],[11.91616,57.503],[11.91622,57.50299],[11.91631,57.50302],[11.91631,57.50302],[11.91636,57.50301],[11.91647,57.50312],[11.91652,57.50315],[11.91652,57.50315],[11.91652,57.50315],[11.91652,57.50315],[11.91654,57.50309],[11.91656,57.5031],[11.91657,57.5031],[11.91657,57.5031],[11.91661,57.50308],[11.91664,57.50308],[11.9167,57.50308],[11.9167,57.50308],[11.91673,57.50306],[11.9168,57.50308],[11.91689,57.5031],[11.91709,57.50309],[11.91717,57.50308],[11.91717,57.50308],[11.9172,57.50302],[11.91726,57.50301],[11.9173,57.50301],[11.91736,57.50304],[11.91742,57.50305],[11.91742,57.50304],[11.91752,57.50299],[11.91759,57.50297],[11.91769,57.50296],[11.91777,57.50293],[11.91792,57.50295],[11.91806,57.50298],[11.91817,57.50305],[11.91817,57.50305],[11.9183,57.50305],[11.9184,57.50304],[11.91846,57.50304],[11.91846,57.50304],[11.91864,57.50294],[11.91869,57.5029],[11.91881,57.50289],[11.91881,57.50289],[11.91884,57.50285],[11.91892,57.50286],[11.91898,57.50285],[11.91903,57.50285],[11.91903,57.50285],[11.91905,57.50284],[11.91907,57.50282],[11.91911,57.50282],[11.91917,57.50282],[11.91922,57.50283],[11.91926,57.50282],[11.9193,57.50281],[11.91935,57.5028],[11.9194,57.50279],[11.91944,57.50279],[11.91946,57.50277],[11.91948,57.50275],[11.9195,57.50273],[11.9195,57.50271],[11.9195,57.5027],[11.9195,57.50267],[11.9195,57.50265],[11.9195,57.50262],[11.91952,57.5026],[11.91952,57.50258],[11.91952,57.50256],[11.91956,57.50254],[11.91961,57.50254],[11.91967,57.50254],[11.91971,57.50255],[11.91971,57.50255],[11.91973,57.50254],[11.91978,57.50255],[11.9198,57.50257],[11.91981,57.50259],[11.91981,57.50259],[11.91984,57.5026],[11.91986,57.50261],[11.91987,57.50264],[11.91988,57.50267],[11.91992,57.5027],[11.91997,57.50271],[11.92004,57.50272],[11.92011,57.50272],[11.92023,57.50272],[11.92027,57.50272],[11.92029,57.50272],[11.92029,57.50272],[11.92029,57.50272],[11.9203,57.50271],[11.92031,57.50269],[11.92033,57.50269],[11.92034,57.50271],[11.92036,57.50272],[11.92037,57.50272],[11.92039,57.50272],[11.92042,57.50271],[11.92045,57.5027],[11.92053,57.5027],[11.9206,57.50271],[11.92068,57.50271],[11.92074,57.50271],[11.92078,57.50271],[11.92078,57.50271],[11.92078,57.50271],[11.92079,57.50269],[11.92083,57.50268],[11.92086,57.50268],[11.92086,57.50267],[11.92086,57.50265],[11.92089,57.50265],[11.92093,57.50265],[11.921,57.50265],[11.92106,57.50266],[11.92106,57.50266],[11.9211,57.50265],[11.9211,57.50265],[11.9211,57.50265],[11.92109,57.50264],[11.92109,57.50264],[11.92106,57.50262],[11.92108,57.50261],[11.92112,57.50261],[11.92117,57.50261],[11.92122,57.50261],[11.92127,57.5026],[11.92132,57.5026],[11.92137,57.50262],[11.9214,57.50264],[11.92142,57.50267],[11.92142,57.50269],[11.92142,57.50273],[11.92141,57.50276],[11.92141,57.50279],[11.92137,57.50281],[11.92136,57.50281],[11.92132,57.50282],[11.92127,57.50284],[11.92125,57.50285],[11.92122,57.50286],[11.92118,57.50288],[11.92115,57.50289],[11.92115,57.50289],[11.92115,57.50289],[11.92117,57.50291],[11.92118,57.50293],[11.92118,57.50295],[11.92119,57.50296],[11.92122,57.50298],[11.92125,57.50299],[11.92128,57.50301],[11.92129,57.50303],[11.92131,57.50304],[11.92134,57.50304],[11.92134,57.50304],[11.92137,57.50304],[11.92141,57.50304],[11.92147,57.50305],[11.92153,57.50305],[11.92156,57.50304],[11.92159,57.50303],[11.92163,57.50302],[11.92169,57.50301],[11.92176,57.50302],[11.9218,57.50302],[11.9218,57.50302],[11.92183,57.503],[11.92185,57.50298],[11.92188,57.50297],[11.92194,57.50297],[11.922,57.50297],[11.92205,57.50296],[11.9221,57.50295],[11.92216,57.50295],[11.9222,57.50294],[11.92225,57.50293],[11.92231,57.50292],[11.92236,57.5029],[11.92241,57.50289],[11.92248,57.50288],[11.92252,57.50286],[11.92257,57.50286],[11.92261,57.50286],[11.92268,57.50286],[11.92273,57.50286],[11.92277,57.50289],[11.92281,57.5029],[11.92284,57.50291],[11.92286,57.50292],[11.9229,57.50295],[11.92292,57.50297],[11.92296,57.50301],[11.92299,57.50304],[11.923,57.50307],[11.923,57.5031],[11.923,57.50312],[11.923,57.50314],[11.92298,57.50316],[11.92294,57.50317],[11.92291,57.50319],[11.92287,57.50321],[11.92281,57.50325],[11.9228,57.50327],[11.92279,57.5033],[11.92278,57.50331],[11.92278,57.50333],[11.92277,57.50335],[11.92275,57.50338],[11.92271,57.50341],[11.92267,57.50343],[11.92263,57.50346],[11.92259,57.50348],[11.92254,57.50351],[11.92251,57.50353],[11.92247,57.50356],[11.92245,57.50359],[11.92243,57.50361],[11.92241,57.50363],[11.92239,57.50364],[11.92238,57.50366],[11.92237,57.50367],[11.92234,57.50368],[11.92233,57.5037],[11.92232,57.50372],[11.9223,57.50375],[11.92227,57.50377],[11.92224,57.50379],[11.92221,57.5038],[11.92217,57.50381],[11.92215,57.50381],[11.92215,57.50381],[11.92214,57.50383],[11.92214,57.50384],[11.92213,57.50385],[11.92211,57.50387],[11.92205,57.5039],[11.92198,57.50393],[11.92191,57.50397],[11.92177,57.50403],[11.92172,57.50406],[11.92167,57.50407],[11.92162,57.50406],[11.92157,57.50405],[11.92153,57.50405],[11.92148,57.50404],[11.92144,57.50403],[11.92142,57.50402],[11.92137,57.50401],[11.92131,57.50402],[11.92125,57.50401],[11.92119,57.50403],[11.9211,57.50403],[11.92103,57.50403],[11.92094,57.50404],[11.92088,57.50406],[11.92081,57.50408],[11.92076,57.50411],[11.92076,57.50411],[11.92077,57.50414],[11.92079,57.50417],[11.92081,57.50419],[11.92081,57.50422],[11.92082,57.50425],[11.92084,57.50428],[11.92083,57.50431],[11.92081,57.50434],[11.92076,57.50436],[11.92063,57.50439],[11.92056,57.50441],[11.92051,57.50442],[11.92045,57.50444],[11.92038,57.50444],[11.92033,57.50445],[11.9203,57.50447],[11.92023,57.50448],[11.92016,57.50449],[11.9201,57.50451],[11.92003,57.50452],[11.91998,57.50453],[11.91995,57.50455],[11.91994,57.50458],[11.9199,57.50461],[11.91988,57.50463],[11.91985,57.50464],[11.91984,57.50466],[11.91984,57.50466],[11.91985,57.50468],[11.91987,57.5047],[11.91987,57.50472],[11.91983,57.50474],[11.91977,57.50476],[11.91972,57.50478],[11.91967,57.5048],[11.91964,57.50481],[11.9196,57.50483],[11.91956,57.50483],[11.91951,57.50483],[11.91951,57.50484],[11.91947,57.50486],[11.91944,57.50488],[11.91942,57.50491],[11.91942,57.50494],[11.91941,57.50498],[11.91941,57.50502],[11.9194,57.50505],[11.91938,57.50508],[11.91939,57.50511],[11.91938,57.50513],[11.91936,57.50516],[11.91933,57.50519],[11.91928,57.5052],[11.91923,57.50522],[11.9192,57.50521],[11.91916,57.50521],[11.91916,57.50521],[11.91913,57.50523],[11.9191,57.50524],[11.91909,57.50527],[11.91908,57.50529],[11.91905,57.50531],[11.91903,57.50533],[11.919,57.50532],[11.919,57.50532],[11.919,57.50532],[11.919,57.50533],[11.919,57.50533],[11.919,57.50533],[11.91903,57.50534],[11.91908,57.50534],[11.9191,57.50536],[11.91911,57.50538],[11.91911,57.50538],[11.91915,57.50538],[11.91919,57.50538],[11.9192,57.5054],[11.91922,57.50544],[11.91923,57.50546],[11.91923,57.50546],[11.91925,57.50547],[11.91926,57.50548],[11.91925,57.50551],[11.91923,57.50554],[11.9192,57.50558],[11.91917,57.50559],[11.91917,57.50559],[11.91915,57.50562],[11.91912,57.50565],[11.91907,57.50569],[11.91902,57.50573],[11.91898,57.50576],[11.91893,57.5058],[11.91889,57.50585],[11.91887,57.5059],[11.91884,57.50594],[11.91881,57.50599],[11.91879,57.50604],[11.91879,57.50609],[11.91878,57.50614],[11.91877,57.5062],[11.91877,57.50626],[11.91876,57.50631],[11.91874,57.50636],[11.91875,57.5064],[11.91877,57.50645],[11.91877,57.5065],[11.91876,57.50655],[11.91873,57.50661],[11.9187,57.50667],[11.91867,57.50672],[11.91863,57.50677],[11.9186,57.50682],[11.9186,57.50687],[11.91862,57.50691],[11.91865,57.50694],[11.91869,57.50696],[11.91871,57.50697],[11.91874,57.507],[11.91877,57.50703],[11.9188,57.50704],[11.91882,57.50707],[11.91885,57.5071],[11.91888,57.50713],[11.91892,57.50715],[11.91898,57.50717],[11.91903,57.50719],[11.91906,57.50722],[11.91908,57.50725],[11.91912,57.50729],[11.91916,57.50732],[11.9192,57.50736],[11.91924,57.50739],[11.91927,57.50742],[11.9193,57.50747],[11.91932,57.50751],[11.91934,57.50755],[11.91936,57.50757],[11.91939,57.50759],[11.91942,57.50761],[11.91947,57.50764],[11.91951,57.50767],[11.91953,57.50769],[11.91955,57.50772],[11.91958,57.50775],[11.9196,57.50779],[11.91962,57.50782],[11.91966,57.50785],[11.9197,57.50788],[11.91976,57.50791],[11.91981,57.50793],[11.91986,57.50796],[11.91991,57.50797],[11.91998,57.50799],[11.92005,57.508],[11.92012,57.508],[11.92017,57.50801],[11.92023,57.50802],[11.92031,57.50803],[11.92039,57.50804],[11.92045,57.50806],[11.9205,57.50808],[11.92054,57.5081],[11.92058,57.50813],[11.92061,57.50815],[11.92063,57.50818],[11.92065,57.5082],[11.92067,57.50823],[11.92069,57.50826],[11.92069,57.50828],[11.92067,57.5083],[11.92067,57.50831],[11.92067,57.50831],[11.92068,57.50832],[11.92071,57.50832],[11.92074,57.50833],[11.92077,57.50834],[11.9208,57.50835],[11.92084,57.50838],[11.92087,57.5084],[11.92088,57.50841],[11.92091,57.50842],[11.92093,57.50843],[11.92095,57.50845],[11.92095,57.50845],[11.92099,57.50845],[11.92102,57.50845],[11.92106,57.50846],[11.92111,57.50846],[11.92114,57.50847],[11.92117,57.50847],[11.92117,57.50847],[11.92173,57.50833],[11.92251,57.50858],[11.92256,57.50859],[11.92261,57.5086],[11.92345,57.50848],[11.92376,57.50841],[11.92424,57.5083],[11.92466,57.50823],[11.92508,57.50816],[11.92539,57.50809],[11.92546,57.50807],[11.9255,57.50807],[11.92553,57.50808],[11.92556,57.50811],[11.92556,57.50813],[11.92544,57.50837],[11.92538,57.50854],[11.92529,57.50862],[11.92517,57.50868],[11.92501,57.50873],[11.92481,57.50876],[11.92463,57.50883],[11.92456,57.5089],[11.9245,57.50898],[11.92444,57.50902],[11.92425,57.50909],[11.92425,57.50909],[11.92425,57.50909],[11.92431,57.50913],[11.92431,57.50913],[11.92432,57.50913],[11.92451,57.50906],[11.92459,57.509],[11.92465,57.50892],[11.92471,57.50887],[11.92486,57.50881],[11.92506,57.50878],[11.92509,57.50877],[11.92524,57.50872],[11.92537,57.50866],[11.92547,57.50856],[11.92553,57.5084],[11.92558,57.5083],[11.92563,57.50821],[11.92573,57.50812],[11.92584,57.50808],[11.92619,57.50806],[11.9263,57.50807],[11.9263,57.50807],[11.9263,57.50806],[11.92631,57.5079],[11.92721,57.50786],[11.92816,57.50778],[11.92852,57.50769],[11.92887,57.50765],[11.92894,57.50764],[11.92905,57.50766],[11.92949,57.50778],[11.92949,57.50778],[11.92949,57.50778],[11.92959,57.50769],[11.92985,57.50752],[11.93009,57.50729],[11.93032,57.50695],[11.93039,57.50677],[11.93056,57.50646],[11.93059,57.50642],[11.93094,57.50582],[11.93128,57.50548],[11.93147,57.50529],[11.93254,57.50452],[11.93254,57.50452],[11.93252,57.50449],[11.93251,57.50449],[11.93251,57.50449],[11.93159,57.50447],[11.93243,57.50407],[11.93253,57.50398],[11.93258,57.50389],[11.93262,57.50376],[11.93263,57.50313],[11.93264,57.50279],[11.93264,57.50267],[11.93264,57.50266],[11.93264,57.50266],[11.93133,57.50253],[11.9313,57.50251],[11.9313,57.50251],[11.9313,57.50251],[11.93129,57.50251],[11.93124,57.50255],[11.93124,57.50255],[11.93124,57.50255],[11.93124,57.50255],[11.93233,57.50267],[11.93248,57.50291],[11.93256,57.50314],[11.93255,57.50356],[11.93253,57.50382],[11.93245,57.50399],[11.93237,57.50406],[11.93146,57.50447],[11.93141,57.50448],[11.93136,57.50438],[11.93125,57.50429],[11.93097,57.50419],[11.93062,57.50405],[11.9304,57.50389],[11.93025,57.50372],[11.9301,57.50362],[11.92954,57.50337],[11.92931,57.50328],[11.92918,57.50317],[11.92898,57.50296],[11.92878,57.50275],[11.92855,57.50263],[11.92831,57.50243],[11.92818,57.5023],[11.92812,57.50223],[11.92801,57.50202],[11.92791,57.50197],[11.92791,57.50197],[11.92791,57.50197],[11.92791,57.50197],[11.92789,57.50201],[11.92789,57.50201],[11.92799,57.50207],[11.92806,57.50223],[11.92812,57.5023],[11.92823,57.50244],[11.92849,57.50264],[11.92874,57.50278],[11.9291,57.50319],[11.92887,57.50315],[11.92866,57.50306],[11.92789,57.50286],[11.92758,57.50261],[11.92754,57.50252],[11.92756,57.50245],[11.92767,57.50231],[11.92767,57.50224],[11.92755,57.50214],[11.92767,57.50204],[11.92767,57.50204],[11.92754,57.50178],[11.92778,57.50181],[11.92778,57.50181],[11.92779,57.50181],[11.92779,57.50181],[11.92779,57.50181],[11.92778,57.50179],[11.92772,57.50175],[11.92771,57.50169],[11.92771,57.50169],[11.92771,57.50169],[11.92771,57.50169],[11.92767,57.5017],[11.92756,57.50171],[11.92743,57.50172],[11.92734,57.50173],[11.92722,57.50173],[11.92713,57.50173],[11.92702,57.50173],[11.92693,57.50173],[11.92682,57.50172],[11.92673,57.5017],[11.92664,57.50169],[11.92652,57.50167],[11.92647,57.50166],[11.9264,57.50164],[11.92634,57.50162],[11.92629,57.50161],[11.92625,57.5016],[11.92623,57.50159],[11.92621,57.50158],[11.9262,57.50158],[11.92618,57.50158],[11.92618,57.50158],[11.92615,57.50159],[11.92614,57.50159],[11.92613,57.50161],[11.92612,57.50164],[11.9261,57.50165],[11.92605,57.50167],[11.92599,57.50167],[11.92593,57.50168],[11.92586,57.50169],[11.92581,57.50169],[11.92576,57.50168],[11.92572,57.50168],[11.92566,57.50167],[11.9256,57.50166],[11.92556,57.50164],[11.92554,57.50161],[11.92549,57.50159],[11.92545,57.50158],[11.92543,57.50155],[11.92543,57.50152],[11.92544,57.50148],[11.92546,57.50144],[11.92548,57.5014],[11.92548,57.50137],[11.92547,57.50134],[11.92547,57.50132],[11.92547,57.50132],[11.92546,57.5013],[11.92543,57.5013],[11.9254,57.50128],[11.9254,57.50126],[11.92539,57.50124],[11.92537,57.50122],[11.92537,57.50122],[11.92537,57.50122],[11.92535,57.50122],[11.92533,57.50122],[11.92528,57.50122],[11.92525,57.50121],[11.92523,57.5012],[11.92521,57.50119],[11.92521,57.50119],[11.92518,57.50119],[11.92513,57.50118],[11.92507,57.50117],[11.92503,57.50116],[11.92501,57.50114],[11.92498,57.50113],[11.92497,57.50112],[11.92497,57.5011],[11.92496,57.50109],[11.92496,57.50109],[11.92492,57.50109],[11.92489,57.50108],[11.92488,57.50106],[11.92488,57.50104],[11.92487,57.50102],[11.92485,57.50101],[11.92483,57.501],[11.92484,57.50099],[11.92486,57.501],[11.92486,57.501],[11.92488,57.50099],[11.92488,57.50096],[11.92489,57.50091],[11.92488,57.5009],[11.92488,57.5009],[11.92486,57.50089],[11.92486,57.50088],[11.92489,57.50088],[11.92491,57.50088],[11.92491,57.50088],[11.92492,57.50088],[11.92492,57.50088],[11.92491,57.50086],[11.9249,57.50084],[11.92486,57.50082],[11.92481,57.5008],[11.92478,57.50079],[11.92475,57.50078],[11.92474,57.50075],[11.92472,57.50073],[11.92469,57.50072],[11.92467,57.50071],[11.92466,57.50069],[11.92465,57.50068],[11.92463,57.50067],[11.92459,57.50067],[11.92458,57.50066],[11.92457,57.50065],[11.92455,57.50063],[11.92452,57.50062],[11.92448,57.5006],[11.92444,57.50058],[11.92442,57.50057],[11.9244,57.50056],[11.92439,57.50054],[11.92437,57.50053],[11.92437,57.50053],[11.92434,57.50053],[11.92433,57.50052],[11.92432,57.50051],[11.92432,57.50051],[11.92429,57.50051],[11.92427,57.5005],[11.92424,57.50049],[11.92421,57.50048],[11.92419,57.50048],[11.92419,57.50047],[11.92417,57.50046],[11.92413,57.50045],[11.92411,57.50045],[11.92409,57.50044],[11.92409,57.50044],[11.92405,57.50043],[11.92401,57.50043],[11.92397,57.50043],[11.92392,57.50043],[11.92387,57.50041],[11.92381,57.50041],[11.92376,57.5004],[11.92371,57.50039],[11.92363,57.50038],[11.92358,57.50038],[11.92354,57.50038],[11.92349,57.50038],[11.92345,57.50038],[11.92343,57.50038],[11.92339,57.50038],[11.92337,57.50039],[11.92333,57.5004],[11.9233,57.5004],[11.92327,57.50041],[11.92325,57.50041],[11.92317,57.50043],[11.92314,57.50044],[11.92311,57.50044],[11.92309,57.50045],[11.92306,57.50045],[11.92306,57.50045],[11.92305,57.50046],[11.92301,57.50047],[11.92297,57.50047],[11.92295,57.50048],[11.92292,57.50048],[11.92291,57.50049],[11.92288,57.5005],[11.92286,57.5005],[11.92283,57.5005],[11.92279,57.50051],[11.92274,57.50051],[11.9227,57.50052],[11.92267,57.50053],[11.9226,57.50054],[11.92257,57.50055],[11.92255,57.50056],[11.92253,57.50057],[11.92249,57.50057],[11.92244,57.50058],[11.92238,57.50059],[11.92233,57.50059],[11.92225,57.50059],[11.92218,57.50059],[11.9221,57.5006],[11.922,57.50061],[11.92193,57.50062],[11.92189,57.50063],[11.92183,57.50063],[11.92176,57.50064],[11.92168,57.50064],[11.92162,57.50065],[11.92155,57.50065],[11.92152,57.50065],[11.92147,57.50065],[11.92145,57.50064],[11.9214,57.50064],[11.9213,57.50064],[11.92129,57.50063],[11.92128,57.50062],[11.92126,57.50061],[11.92123,57.5006],[11.92121,57.50058],[11.92116,57.50055],[11.92111,57.50054],[11.92107,57.50053],[11.92102,57.50052],[11.92096,57.50052],[11.92091,57.50053],[11.92087,57.50053],[11.92085,57.50052],[11.92083,57.50051],[11.92083,57.50051],[11.92082,57.5005],[11.92079,57.5005],[11.92075,57.5005],[11.92071,57.5005],[11.92069,57.5005],[11.92068,57.50049],[11.92071,57.50048],[11.92075,57.50048],[11.92078,57.50047],[11.92079,57.50046],[11.92078,57.50044],[11.92075,57.50042],[11.92071,57.50041],[11.92068,57.50041],[11.92066,57.50042],[11.92065,57.50041],[11.92065,57.50041],[11.92063,57.50042],[11.92063,57.50044],[11.9206,57.50043],[11.92057,57.50043],[11.92052,57.50042],[11.92047,57.50043],[11.92043,57.50044],[11.9204,57.50044],[11.92037,57.50044],[11.92037,57.50044],[11.92035,57.50045],[11.92031,57.50047],[11.92028,57.50048],[11.92028,57.50048],[11.92028,57.50048],[11.92028,57.50049],[11.92028,57.50051],[11.92026,57.50053],[11.92025,57.50054],[11.92022,57.50054],[11.92019,57.50055],[11.92015,57.50056],[11.92013,57.50059],[11.9201,57.5006],[11.92005,57.50061],[11.92002,57.50061],[11.92001,57.5006],[11.92001,57.5006],[11.92001,57.5006],[11.91998,57.50059],[11.91995,57.5006],[11.91993,57.5006],[11.91993,57.5006],[11.91993,57.5006],[11.91991,57.50061],[11.91988,57.50063],[11.91986,57.50065],[11.91982,57.50067],[11.91979,57.50068],[11.91977,57.5007],[11.91971,57.50072],[11.91967,57.50073],[11.91961,57.50073],[11.91954,57.50073],[11.9195,57.50073],[11.91947,57.50073],[11.91941,57.50073],[11.91933,57.50073],[11.91927,57.50073],[11.9192,57.50073],[11.91914,57.50071],[11.9191,57.50071],[11.91903,57.50072],[11.91895,57.50074],[11.91887,57.50076],[11.91884,57.50077],[11.91881,57.50077],[11.91877,57.50077],[11.91877,57.50077],[11.91877,57.50077],[11.91877,57.50077],[11.91877,57.50079],[11.9188,57.50081],[11.91881,57.50084],[11.91879,57.50086],[11.91879,57.50089],[11.91881,57.50093],[11.91883,57.50096],[11.91886,57.50099],[11.91886,57.50102],[11.91886,57.50103],[11.91886,57.50103],[11.91891,57.50105],[11.91894,57.50108],[11.91896,57.50109],[11.91901,57.5011],[11.91906,57.50112],[11.91912,57.50114],[11.91918,57.50115],[11.91923,57.50115],[11.91923,57.50115],[11.91926,57.50114],[11.91928,57.50112],[11.91932,57.5011],[11.91935,57.50108],[11.91938,57.50109],[11.91942,57.50109],[11.91947,57.5011],[11.91952,57.5011],[11.91957,57.50111],[11.91963,57.50114],[11.9197,57.50116],[11.91976,57.5012],[11.91981,57.50122],[11.91984,57.50124],[11.91986,57.50125],[11.9199,57.50126],[11.91994,57.50127],[11.91997,57.50128],[11.92002,57.5013],[11.92005,57.50133],[11.92008,57.50136],[11.92012,57.50139],[11.92016,57.50144],[11.92018,57.50148],[11.92019,57.50153],[11.92018,57.50157],[11.92014,57.50162],[11.9201,57.50165],[11.92005,57.50168],[11.92,57.50169],[11.91997,57.50168],[11.91994,57.50169],[11.9199,57.50171],[11.91989,57.50173],[11.91987,57.50174],[11.91986,57.50176],[11.91987,57.5018],[11.91989,57.50184],[11.91989,57.50187],[11.91989,57.5019],[11.91992,57.50194],[11.91993,57.50197],[11.91993,57.50202],[11.91993,57.50205],[11.91994,57.50207],[11.91999,57.50211],[11.92002,57.50214],[11.92004,57.50217],[11.92003,57.50219],[11.92001,57.50221],[11.91998,57.50223],[11.91992,57.50222],[11.91989,57.50221],[11.91986,57.5022],[11.91982,57.50219],[11.91978,57.50218],[11.91975,57.50217],[11.91971,57.50216],[11.91967,57.50216],[11.91961,57.50215],[11.91955,57.50215],[11.91948,57.50214],[11.91944,57.50213],[11.91938,57.50212],[11.91933,57.50211],[11.91928,57.5021],[11.91926,57.50209],[11.91924,57.50208],[11.91919,57.50207],[11.91915,57.50206],[11.91912,57.50206],[11.91908,57.50206],[11.91902,57.50206],[11.91895,57.50206],[11.91891,57.50205],[11.9189,57.50205],[11.91881,57.50209],[11.91877,57.50209],[11.91873,57.50209],[11.91869,57.50208],[11.91862,57.50205],[11.91862,57.50203],[11.91863,57.502],[11.91863,57.502],[11.91863,57.502],[11.91863,57.502],[11.91847,57.502],[11.91841,57.50198],[11.91836,57.50196],[11.91836,57.50196],[11.91825,57.50197],[11.9182,57.50194],[11.91812,57.5019],[11.91812,57.5019],[11.91812,57.5019],[11.91804,57.5019],[11.91797,57.5019],[11.91785,57.50192],[11.91777,57.5019],[11.91771,57.50191],[11.91764,57.50193],[11.91757,57.50193],[11.91751,57.50194],[11.91751,57.50194],[11.91749,57.50195],[11.91736,57.50197],[11.91736,57.50197],[11.91731,57.50202],[11.91727,57.50211],[11.91714,57.50211],[11.91714,57.50211],[11.91706,57.50217],[11.91703,57.50228],[11.91697,57.50237],[11.91683,57.50241],[11.91669,57.50244],[11.91658,57.50241],[11.91658,57.50241],[11.91649,57.50245],[11.91642,57.50243],[11.91636,57.50243],[11.91625,57.50245],[11.91614,57.50243],[11.91597,57.50242],[11.91579,57.50242],[11.91556,57.50244],[11.91542,57.50243],[11.91542,57.50243],[11.91541,57.50243],[11.91536,57.5025],[11.91529,57.50252],[11.91529,57.50252],[11.91527,57.50257],[11.91517,57.50258],[11.91517,57.50258],[11.91517,57.50258],[11.91512,57.50263],[11.91516,57.5027],[11.91507,57.50279],[11.91507,57.50279]]]]},"properties":{"NVRID":"2001957","NAMN":"Särö Västerskog","SKYDDSTYP":"Naturreservat","LAN":"Hallands Län","KOMMUN":"Kungsbacka","IUCNKATEGORI":"IV, Habitat/Artskyddsområde (Habitat/Species Management Area)","FORVALTARE":"Länsstyrelsen i Hallands län","AREA_HA":56.911,"URSPR_BESLUTSDATUM":"1974-07-15"}},{"type":"Feature","geometry":{"type":"Polygon","coordinates":[[[12.98198,56.55092],[12.98197,56.55093],[12.98197,56.55093],[12.98759,56.55679],[12.98759,56.55679],[12.9902,56.55749],[12.9902,56.55749],[12.99178,56.5573],[12.99277,56.55697],[12.99355,56.55675],[12.99545,56.55631],[12.99666,56.55565],[12.99763,56.5552],[12.99763,56.5552],[12.99722,56.55441],[12.99666,56.55347],[12.99567,56.55182],[12.99426,56.54951],[12.99348,56.54831],[12.99348,56.54831],[12.99347,56.54831],[12.99216,56.54861],[12.99166,56.54801],[12.99166,56.54801],[12.99166,56.54801],[12.99039,56.54833],[12.99039,56.54833],[12.99039,56.54833],[12.99039,56.54833],[12.99087,56.5489],[12.98905,56.54931],[12.98752,56.54965],[12.98464,56.55033],[12.98296,56.55068],[12.98198,56.55092]]]},"properties":{"NVRID":"2001082","NAMN":"Tjärby sanddynsreservat","SKYDDSTYP":"Naturreservat","LAN":"Hallands Län","KOMMUN":"Halmstad, Laholm","IUCNKATEGORI":"III, Naturmonument (Natural Monument)","FORVALTARE":"Länsstyrelsen i Hallands län","AREA_HA":60.088,"URSPR_BESLUTSDATUM":"1973-02-27"}},{"type":"Feature","geometry":{"type":"Polygon","coordinates":[[[12.90577,56.78151],[12.90582,56.78158],[12.9058,56.78174],[12.9058,56.78195],[12.90578,56.78206],[12.9058,56.78212],[12.90589,56.78218],[12.90605,56.78222],[12.9061,56.78245],[12.90619,56.78256],[12.90632,56.78265],[12.90645,56.7827],[12.90659,56.7828],[12.90665,56.78285],[12.90667,56.78292],[12.90667,56.78293],[12.90684,56.78297],[12.90694,56.78302],[12.90695,56.7831],[12.90695,56.7831],[12.90702,56.78315],[12.9073,56.7833],[12.90734,56.78342],[12.90726,56.78348],[12.9072,56.78352],[12.90713,56.78358],[12.90713,56.78358],[12.90715,56.78363],[12.90726,56.78371],[12.90714,56.78381],[12.90714,56.78381],[12.90714,56.78381],[12.90719,56.7839],[12.90719,56.78395],[12.907,56.78395],[12.907,56.78396],[12.907,56.78396],[12.90698,56.78405],[12.90708,56.7842],[12.90716,56.78437],[12.9072,56.7845],[12.9072,56.7845],[12.9072,56.7845],[12.90739,56.78457],[12.90752,56.78459],[12.90761,56.78463],[12.90763,56.78469],[12.9075,56.78478],[12.9075,56.78478],[12.90751,56.78478],[12.9077,56.78488],[12.90779,56.78498],[12.90777,56.78508],[12.90777,56.78516],[12.9085,56.7865],[12.90878,56.78706],[12.90907,56.7873],[12.90824,56.78789],[12.90824,56.78789],[12.90824,56.78789],[12.90836,56.78801],[12.90867,56.78821],[12.90913,56.78844],[12.90954,56.78871],[12.90992,56.78894],[12.9101,56.78911],[12.91031,56.78938],[12.91044,56.78956],[12.91044,56.78956],[12.91044,56.78956],[12.91044,56.78956],[12.91073,56.7895],[12.91074,56.7895],[12.91074,56.78947],[12.91079,56.78943],[12.91086,56.7894],[12.91132,56.7893],[12.91139,56.78927],[12.91146,56.78922],[12.9115,56.78917],[12.91151,56.78911],[12.91143,56.78887],[12.91157,56.78875],[12.91162,56.78866],[12.91153,56.78857],[12.91137,56.7885],[12.91131,56.78848],[12.91116,56.78844],[12.91106,56.78839],[12.91102,56.78836],[12.911,56.78823],[12.91093,56.78814],[12.91076,56.78801],[12.91071,56.78794],[12.91051,56.78774],[12.91048,56.78765],[12.91047,56.78758],[12.91054,56.7875],[12.91071,56.78723],[12.91076,56.7871],[12.91074,56.78694],[12.91068,56.78685],[12.91062,56.78682],[12.91056,56.78672],[12.91061,56.7866],[12.91053,56.78651],[12.91051,56.78635],[12.91046,56.7863],[12.91037,56.78628],[12.91037,56.78628],[12.91022,56.78631],[12.91005,56.78629],[12.9099,56.78622],[12.90965,56.78613],[12.90957,56.78608],[12.90948,56.78603],[12.90943,56.78581],[12.91048,56.7856],[12.91146,56.78577],[12.91237,56.78612],[12.91363,56.78651],[12.91363,56.78651],[12.91407,56.78646],[12.91436,56.78631],[12.91436,56.78631],[12.91444,56.78591],[12.91442,56.78575],[12.91432,56.78559],[12.91624,56.78537],[12.91724,56.78588],[12.91724,56.78588],[12.91724,56.78588],[12.91804,56.78572],[12.91804,56.78572],[12.91804,56.78572],[12.91804,56.78572],[12.91782,56.78543],[12.9191,56.78529],[12.92002,56.78527],[12.92034,56.78553],[12.92093,56.78562],[12.92136,56.78588],[12.92185,56.78596],[12.92203,56.78629],[12.92251,56.78713],[12.92251,56.78713],[12.92329,56.78756],[12.92412,56.78785],[12.92451,56.78814],[12.92572,56.78854],[12.9263,56.78955],[12.92686,56.78979],[12.9269,56.78992],[12.92723,56.7911],[12.92745,56.7919],[12.92755,56.79226],[12.92755,56.79226],[12.92755,56.79226],[12.92755,56.79226],[12.92755,56.79226],[12.92959,56.79204],[12.92959,56.79204],[12.9296,56.79204],[12.92959,56.79204],[12.92878,56.79059],[12.92876,56.79039],[12.92877,56.79003],[12.92877,56.78989],[12.92874,56.78978],[12.92869,56.78966],[12.92855,56.7895],[12.92833,56.78925],[12.92822,56.78911],[12.92814,56.78898],[12.92805,56.78879],[12.92798,56.78864],[12.92792,56.78853],[12.92779,56.78838],[12.92763,56.78822],[12.92748,56.78808],[12.92737,56.78791],[12.92734,56.78782],[12.92732,56.78772],[12.92737,56.78759],[12.92748,56.78743],[12.92761,56.78729],[12.92789,56.78702],[12.92816,56.78676],[12.92843,56.78651],[12.9285,56.7864],[12.92853,56.78632],[12.92853,56.78632],[12.92854,56.78629],[12.92856,56.78617],[12.92854,56.78608],[12.92852,56.78597],[12.92843,56.78579],[12.92832,56.78565],[12.92821,56.78555],[12.92808,56.78547],[12.92796,56.78538],[12.92793,56.78527],[12.92796,56.78515],[12.92801,56.78508],[12.92814,56.785],[12.9282,56.78499],[12.92836,56.78498],[12.92836,56.78498],[12.92836,56.78498],[12.92811,56.78459],[12.92801,56.78442],[12.92801,56.78442],[12.92801,56.78442],[12.92652,56.78458],[12.92577,56.78448],[12.92515,56.78423],[12.92466,56.78387],[12.92413,56.78347],[12.92347,56.78287],[12.9227,56.78197],[12.9225,56.78133],[12.92193,56.77945],[12.92193,56.77945],[12.92008,56.77871],[12.91957,56.7783],[12.91905,56.77778],[12.91861,56.77708],[12.91859,56.77688],[12.91935,56.77683],[12.91958,56.77706],[12.91958,56.77706],[12.91971,56.77707],[12.92051,56.77706],[12.9224,56.77681],[12.9224,56.77681],[12.92267,56.77654],[12.92335,56.77664],[12.92335,56.77664],[12.92335,56.77664],[12.92335,56.77664],[12.92335,56.77664],[12.92187,56.77381],[12.92243,56.77373],[12.92243,56.77373],[12.92243,56.77373],[12.92229,56.77346],[12.92229,56.77346],[12.92229,56.77346],[12.92166,56.77349],[12.9208,56.77335],[12.91971,56.77311],[12.91929,56.77269],[12.91854,56.77215],[12.91853,56.77215],[12.91792,56.77211],[12.9179,56.77195],[12.91793,56.77167],[12.91794,56.77136],[12.91791,56.77114],[12.91783,56.77096],[12.91764,56.77069],[12.91768,56.77057],[12.91775,56.77039],[12.91784,56.77021],[12.91797,56.7701],[12.91818,56.77001],[12.9184,56.76992],[12.91867,56.76977],[12.91885,56.76957],[12.91895,56.76935],[12.91897,56.76914],[12.91899,56.76898],[12.91897,56.76871],[12.91896,56.76838],[12.919,56.76794],[12.91909,56.76783],[12.91936,56.76765],[12.91957,56.76758],[12.9196,56.76757],[12.91964,56.76751],[12.91967,56.76747],[12.91906,56.7661],[12.91868,56.76545],[12.91868,56.76545],[12.9182,56.76519],[12.91722,56.76434],[12.91926,56.7639],[12.91926,56.7639],[12.91926,56.7639],[12.91874,56.76321],[12.91842,56.76229],[12.91842,56.76229],[12.91842,56.76229],[12.91842,56.76229],[12.91643,56.7626],[12.91607,56.76183],[12.91583,56.76092],[12.91567,56.76012],[12.91567,56.76012],[12.91567,56.76012],[12.91566,56.76012],[12.91423,56.76019],[12.91271,56.75489],[12.91271,56.75489],[12.91271,56.75489],[12.91271,56.75489],[12.9127,56.75489],[12.91222,56.75502],[12.91193,56.75519],[12.91193,56.75519],[12.91177,56.75551],[12.91184,56.75591],[12.91188,56.75617],[12.91191,56.75636],[12.91208,56.75687],[12.91211,56.75709],[12.91199,56.75757],[12.91209,56.75794],[12.91207,56.75817],[12.91196,56.75845],[12.91173,56.75873],[12.91173,56.75873],[12.9118,56.75899],[12.91216,56.75932],[12.91241,56.75967],[12.9125,56.75992],[12.91259,56.76025],[12.91257,56.76168],[12.91179,56.76412],[12.91172,56.76468],[12.9117,56.76529],[12.91205,56.76596],[12.91274,56.76676],[12.9132,56.76721],[12.91295,56.76732],[12.91135,56.76793],[12.91135,56.76793],[12.91135,56.76793],[12.91135,56.76793],[12.91155,56.76799],[12.91172,56.76805],[12.91183,56.7681],[12.91192,56.76815],[12.91198,56.7682],[12.91199,56.76826],[12.91197,56.76836],[12.91165,56.76898],[12.91155,56.76919],[12.91149,56.76931],[12.91116,56.76991],[12.91107,56.77005],[12.90886,56.76943],[12.90832,56.76933],[12.90655,56.76936],[12.90655,56.76936],[12.90655,56.76936],[12.90657,56.76944],[12.90666,56.76994],[12.90672,56.7703],[12.90676,56.7706],[12.90682,56.77084],[12.90683,56.77098],[12.90683,56.77118],[12.90678,56.77133],[12.90667,56.77167],[12.90658,56.772],[12.90645,56.77235],[12.9064,56.77255],[12.90624,56.77304],[12.90615,56.77328],[12.90609,56.77354],[12.90613,56.77375],[12.90621,56.77391],[12.9063,56.77408],[12.90642,56.77421],[12.90667,56.77437],[12.90708,56.77458],[12.90752,56.77482],[12.90807,56.77509],[12.90833,56.77526],[12.90844,56.77536],[12.90858,56.77551],[12.90868,56.77561],[12.90872,56.77578],[12.90832,56.77607],[12.90832,56.77607],[12.90826,56.77633],[12.9084,56.77675],[12.90828,56.77703],[12.90739,56.77744],[12.9071,56.77764],[12.90689,56.77789],[12.90642,56.77807],[12.90642,56.77808],[12.90642,56.77808],[12.90657,56.7783],[12.90648,56.77848],[12.90503,56.779],[12.90418,56.77931],[12.90418,56.77931],[12.90418,56.77931],[12.90448,56.77964],[12.90464,56.77975],[12.90497,56.77991],[12.90516,56.78004],[12.90522,56.78009],[12.90536,56.78033],[12.90537,56.78036],[12.90547,56.78051],[12.90559,56.78063],[12.90578,56.78075],[12.90586,56.78086],[12.90588,56.78093],[12.90576,56.78119],[12.90567,56.78128],[12.90558,56.78135],[12.90558,56.78135],[12.90557,56.78145],[12.90557,56.78145],[12.90557,56.78145],[12.90577,56.78151]]]},"properties":{"NVRID":"2001400","NAMN":"Vapnö mosse","SKYDDSTYP":"Naturreservat","LAN":"Hallands Län","KOMMUN":"Halmstad","IUCNKATEGORI":"0, Områden som ej kan klassificeras enligt IUCN: s system.","FORVALTARE":"Länsstyrelsen i Hallands län","AREA_HA":227.45,"URSPR_BESLUTSDATUM":"2001-12-14"}},{"type":"Feature","geometry":{"type":"MultiPolygon","coordinates":[[[[12.65073,57.0761],[12.65063,57.07621],[12.65052,57.07642],[12.65045,57.07698],[12.65045,57.07699],[12.65045,57.07699],[12.65416,57.07761],[12.65416,57.07761],[12.65416,57.07761],[12.65423,57.07757],[12.65459,57.07734],[12.65466,57.07725],[12.65473,57.07708],[12.65476,57.07697],[12.65484,57.07684],[12.65494,57.07675],[12.65508,57.07664],[12.65508,57.07664],[12.65508,57.07664],[12.65508,57.07664],[12.65463,57.07653],[12.65445,57.0765],[12.6543,57.07647],[12.65411,57.07643],[12.654,57.07639],[12.65391,57.07632],[12.65384,57.07627],[12.65373,57.0762],[12.65355,57.07593],[12.65314,57.07523],[12.65314,57.07523],[12.65314,57.07523],[12.65291,57.07526],[12.65291,57.07526],[12.65286,57.07556],[12.6521,57.07557],[12.65198,57.07522],[12.65198,57.07522],[12.65198,57.07522],[12.65198,57.07522],[12.65198,57.07522],[12.65127,57.07574],[12.65094,57.07559],[12.65062,57.07559],[12.65062,57.07559],[12.65062,57.07559],[12.65049,57.07576],[12.65049,57.07576],[12.65065,57.07587],[12.65089,57.07599],[12.65073,57.0761]]],[[[12.64912,57.08504],[12.64924,57.08581],[12.64924,57.08581],[12.64924,57.08581],[12.65047,57.08585],[12.65022,57.08609],[12.64921,57.08927],[12.64913,57.08977],[12.64913,57.08977],[12.6494,57.09004],[12.64979,57.09015],[12.64979,57.09015],[12.65003,57.09006],[12.65092,57.08961],[12.65146,57.08928],[12.65166,57.08922],[12.65197,57.0892],[12.6522,57.08911],[12.6522,57.08911],[12.65223,57.08871],[12.65294,57.08809],[12.65294,57.08809],[12.65284,57.0876],[12.65298,57.08748],[12.65361,57.0876],[12.65517,57.0878],[12.65517,57.0878],[12.65517,57.08779],[12.65545,57.08752],[12.65554,57.08738],[12.65568,57.08685],[12.65583,57.08671],[12.65601,57.08658],[12.65601,57.08658],[12.65601,57.08658],[12.65579,57.08644],[12.65526,57.0863],[12.65557,57.0858],[12.65588,57.08475],[12.65655,57.08492],[12.65756,57.08511],[12.65756,57.08511],[12.65756,57.08511],[12.65819,57.08467],[12.66113,57.08487],[12.66317,57.08416],[12.66317,57.08416],[12.6634,57.08354],[12.66378,57.08347],[12.66422,57.0835],[12.66423,57.08365],[12.66423,57.08365],[12.66424,57.08365],[12.66553,57.08381],[12.66694,57.08384],[12.66888,57.08389],[12.66888,57.08389],[12.66888,57.08389],[12.66904,57.08312],[12.66916,57.08273],[12.66933,57.08242],[12.66958,57.08217],[12.66979,57.08192],[12.67009,57.08131],[12.67009,57.0813],[12.66998,57.08123],[12.66998,57.08123],[12.66998,57.08123],[12.66911,57.08144],[12.66907,57.08142],[12.66855,57.08093],[12.6685,57.08047],[12.6685,57.08047],[12.66849,57.08047],[12.66838,57.08049],[12.66628,57.08082],[12.66567,57.08091],[12.66196,57.08146],[12.66196,57.08146],[12.66196,57.08146],[12.6619,57.08169],[12.66173,57.08203],[12.66146,57.08229],[12.66123,57.08266],[12.66113,57.08304],[12.66113,57.08304],[12.66113,57.08304],[12.66113,57.08304],[12.6614,57.08304],[12.66157,57.08325],[12.66119,57.08342],[12.66086,57.0833],[12.66033,57.08307],[12.66006,57.08274],[12.66002,57.08262],[12.66,57.08239],[12.66001,57.0823],[12.66002,57.08214],[12.66017,57.08199],[12.66027,57.08192],[12.6607,57.08181],[12.66085,57.08179],[12.66085,57.08179],[12.66085,57.08179],[12.66086,57.08163],[12.66086,57.08163],[12.66086,57.08163],[12.66086,57.08163],[12.66048,57.08168],[12.65949,57.08149],[12.66007,57.08104],[12.66024,57.08067],[12.66024,57.08067],[12.66014,57.08038],[12.66058,57.07957],[12.66051,57.07932],[12.66098,57.07849],[12.66098,57.07849],[12.66098,57.07849],[12.66054,57.07832],[12.66074,57.07779],[12.66089,57.07743],[12.66089,57.07743],[12.66089,57.07743],[12.66089,57.07743],[12.66088,57.07743],[12.65534,57.07781],[12.65534,57.07781],[12.65534,57.07782],[12.65402,57.0797],[12.65378,57.07991],[12.6533,57.07984],[12.65305,57.07971],[12.65258,57.07952],[12.65258,57.07952],[12.65258,57.07952],[12.65184,57.07997],[12.65184,57.07997],[12.65184,57.07997],[12.65221,57.08031],[12.65221,57.08031],[12.65232,57.08032],[12.65239,57.08046],[12.65215,57.08086],[12.6522,57.08116],[12.65167,57.08132],[12.65167,57.08132],[12.65167,57.08132],[12.65175,57.08179],[12.65194,57.08193],[12.65143,57.08223],[12.65127,57.08236],[12.65067,57.08305],[12.65042,57.08328],[12.65024,57.08351],[12.6502,57.08364],[12.65016,57.08416],[12.64896,57.08402],[12.64896,57.08402],[12.64865,57.08429],[12.64857,57.08453],[12.64866,57.08476],[12.64912,57.08504]],[[12.65119,57.08525],[12.652,57.08443],[12.65326,57.08416],[12.65385,57.0855],[12.65152,57.08581],[12.65119,57.08525]],[[12.65229,57.08218],[12.65305,57.08107],[12.6536,57.08031],[12.65599,57.08079],[12.65418,57.08334],[12.65391,57.08339],[12.65375,57.08325],[12.65229,57.08218]]]]},"properties":{"NVRID":"2057065","NAMN":"Uvbjär","SKYDDSTYP":"Naturreservat","LAN":"Hallands Län","KOMMUN":"Falkenberg","IUCNKATEGORI":"IV, Habitat/Artskyddsområde (Habitat/Species Management Area)","FORVALTARE":"Länsstyrelsen i Hallands län","AREA_HA":70.483,"URSPR_BESLUTSDATUM":"2022-02-23"}},{"type":"Feature","geometry":{"type":"Polygon","coordinates":[[[12.56559,56.85133],[12.56556,56.85137],[12.56556,56.85137],[12.5656,56.85144],[12.56561,56.8515],[12.56561,56.8516],[12.5656,56.85166],[12.56557,56.85175],[12.56547,56.85189],[12.56542,56.85201],[12.56542,56.85201],[12.56542,56.85201],[12.56914,56.85384],[12.56915,56.85384],[12.57082,56.85376],[12.57209,56.85371],[12.57279,56.85369],[12.57281,56.85369],[12.57282,56.85369],[12.57282,56.85369],[12.57282,56.85369],[12.57276,56.8531],[12.57269,56.85273],[12.57256,56.85245],[12.57238,56.85184],[12.57238,56.85184],[12.57233,56.85182],[12.57205,56.85168],[12.57157,56.85148],[12.57046,56.85091],[12.57,56.85067],[12.56956,56.85041],[12.56924,56.8501],[12.56897,56.84977],[12.56884,56.84942],[12.56884,56.84942],[12.56884,56.84942],[12.5676,56.84952],[12.5676,56.84952],[12.56724,56.85016],[12.56658,56.8502],[12.56658,56.8502],[12.56658,56.8502],[12.56658,56.8502],[12.5666,56.85025],[12.56676,56.85063],[12.56661,56.85072],[12.56631,56.8509],[12.566,56.85109],[12.56559,56.85133]]]},"properties":{"NVRID":"2002018","NAMN":"Smörkullen","SKYDDSTYP":"Naturreservat","LAN":"Hallands Län","KOMMUN":"Falkenberg","IUCNKATEGORI":"III, Naturmonument (Natural Monument)","FORVALTARE":"Länsstyrelsen i Hallands län","AREA_HA":13.262,"URSPR_BESLUTSDATUM":"1926-03-15"}},{"type":"Feature","geometry":{"type":"Polygon","coordinates":[[[12.81434,56.8198],[12.8144,56.81984],[12.81445,56.81987],[12.8145,56.81992],[12.81455,56.81998],[12.81464,56.8201],[12.81471,56.82017],[12.81479,56.82023],[12.81485,56.82029],[12.81487,56.82039],[12.81492,56.82049],[12.81505,56.82065],[12.8152,56.82078],[12.81534,56.82094],[12.81538,56.82101],[12.81539,56.82107],[12.81539,56.82113],[12.81539,56.82113],[12.81542,56.82115],[12.81542,56.82115],[12.81546,56.82115],[12.81549,56.82117],[12.81553,56.82121],[12.81554,56.82123],[12.81554,56.82123],[12.81554,56.82123],[12.81554,56.82123],[12.81958,56.82047],[12.82016,56.82086],[12.82145,56.82186],[12.82149,56.82234],[12.82149,56.82234],[12.82149,56.82234],[12.82149,56.82234],[12.82222,56.8223],[12.8227,56.82278],[12.82203,56.82324],[12.82194,56.8236],[12.8208,56.8239],[12.8208,56.8239],[12.8208,56.8239],[12.82166,56.82476],[12.82166,56.82476],[12.82166,56.82476],[12.82197,56.82464],[12.82197,56.82464],[12.82238,56.82374],[12.82476,56.82556],[12.82453,56.82592],[12.82453,56.82592],[12.82453,56.82592],[12.82559,56.82592],[12.82559,56.82592],[12.82559,56.82591],[12.82559,56.82591],[12.82521,56.82542],[12.82594,56.82534],[12.82594,56.82534],[12.82594,56.82534],[12.82594,56.82534],[12.8257,56.82512],[12.82548,56.82485],[12.82523,56.82455],[12.82522,56.8243],[12.82733,56.82361],[12.82901,56.82337],[12.82901,56.82337],[12.82901,56.82337],[12.82919,56.82274],[12.82919,56.82274],[12.82854,56.82239],[12.8276,56.82205],[12.82672,56.82163],[12.82641,56.82138],[12.82486,56.82051],[12.82425,56.82015],[12.82425,56.82015],[12.82425,56.82015],[12.82385,56.82027],[12.82342,56.82012],[12.82239,56.82003],[12.82149,56.81974],[12.82102,56.81903],[12.82019,56.8179],[12.82047,56.81753],[12.8203,56.81712],[12.81933,56.81646],[12.81896,56.81589],[12.81857,56.81563],[12.81797,56.81499],[12.81758,56.81431],[12.81721,56.81406],[12.81721,56.81406],[12.81721,56.81406],[12.81721,56.81406],[12.81617,56.8151],[12.81617,56.8151],[12.81619,56.81512],[12.81628,56.8152],[12.81637,56.81526],[12.81646,56.81531],[12.81663,56.81539],[12.81667,56.81542],[12.81687,56.81558],[12.81691,56.81563],[12.81695,56.81569],[12.81699,56.81587],[12.81702,56.81593],[12.81708,56.81608],[12.81712,56.81619],[12.8168,56.81658],[12.81481,56.81677],[12.81481,56.81677],[12.81481,56.81677],[12.81434,56.8172],[12.81384,56.81766],[12.81315,56.8182],[12.81226,56.81862],[12.81226,56.81862],[12.81226,56.81862],[12.81281,56.81915],[12.81329,56.81946],[12.81394,56.81983],[12.81394,56.81983],[12.81419,56.81979],[12.81427,56.81979],[12.81434,56.8198]]]},"properties":{"NVRID":"2044328","NAMN":"Hålldammsknattarna","SKYDDSTYP":"Naturreservat","LAN":"Hallands Län","KOMMUN":"Halmstad","IUCNKATEGORI":"IV, Habitat/Artskyddsområde (Habitat/Species Management Area)","FORVALTARE":"Länsstyrelsen i Hallands län","AREA_HA":39.977,"URSPR_BESLUTSDATUM":"2015-10-20"}},{"type":"Feature","geometry":{"type":"Polygon","coordinates":[[[12.99269,56.35721],[12.99269,56.35721],[12.99269,56.35722],[12.99269,56.35722],[12.99269,56.35722],[12.99374,56.3578],[12.99351,56.35811],[12.99351,56.35811],[12.99351,56.35811],[12.99613,56.35902],[12.99688,56.35913],[12.99752,56.35918],[12.99869,56.35936],[12.99936,56.35946],[13.00012,56.35958],[13.00093,56.35972],[13.00152,56.35981],[13.00199,56.35988],[13.00266,56.35995],[13.00328,56.35999],[13.0036,56.36002],[13.00381,56.36003],[13.00392,56.36003],[13.00413,56.36],[13.00458,56.35986],[13.00458,56.35986],[13.00458,56.35986],[13.00457,56.35985],[13.00402,56.35939],[13.00371,56.35912],[13.00316,56.35871],[13.00211,56.35741],[13.00468,56.35746],[13.00573,56.35802],[13.00573,56.35802],[13.00573,56.35802],[13.00573,56.35802],[13.00598,56.357],[13.00842,56.35697],[13.00932,56.35696],[13.01151,56.35763],[13.01246,56.35856],[13.0118,56.35966],[13.0118,56.35966],[13.01181,56.35967],[13.01839,56.36197],[13.01924,56.36254],[13.01924,56.36254],[13.01924,56.36254],[13.02151,56.36256],[13.02287,56.36305],[13.02452,56.36436],[13.02453,56.36436],[13.02552,56.36438],[13.02552,56.36438],[13.02552,56.36438],[13.02552,56.36438],[13.02552,56.36434],[13.02544,56.36393],[13.02535,56.36368],[13.02525,56.36338],[13.02508,56.36304],[13.02503,56.36286],[13.02492,56.3627],[13.0247,56.36256],[13.02451,56.36248],[13.02429,56.36233],[13.02413,56.36221],[13.02401,56.36211],[13.02389,56.36204],[13.02377,56.36199],[13.02361,56.36192],[13.02328,56.36178],[13.02305,56.36169],[13.02277,56.36159],[13.02255,56.36151],[13.02234,56.36141],[13.02208,56.36131],[13.02175,56.36117],[13.02133,56.36105],[13.0206,56.36087],[13.02018,56.36073],[13.01985,56.36059],[13.01973,56.36051],[13.0195,56.36035],[13.01936,56.36025],[13.01915,56.36014],[13.01916,56.36013],[13.0192,56.36005],[13.01923,56.35999],[13.01929,56.35985],[13.01939,56.35975],[13.01949,56.35969],[13.0196,56.35964],[13.01973,56.35961],[13.01989,56.35958],[13.02009,56.35958],[13.02032,56.35959],[13.02056,56.35963],[13.0213,56.35975],[13.02153,56.35977],[13.0217,56.35977],[13.02186,56.35976],[13.02207,56.35972],[13.02226,56.35965],[13.02256,56.35954],[13.02311,56.35934],[13.02364,56.35915],[13.02408,56.35901],[13.0245,56.35885],[13.02499,56.35867],[13.02499,56.35867],[13.02499,56.35867],[13.02441,56.35742],[13.02554,56.35681],[13.02641,56.3569],[13.02757,56.35803],[13.02757,56.35803],[13.02757,56.35803],[13.02786,56.35796],[13.02814,56.3579],[13.02836,56.35784],[13.02855,56.35777],[13.0288,56.35768],[13.02904,56.35758],[13.02924,56.3575],[13.0295,56.35744],[13.02995,56.35735],[13.03056,56.35725],[13.03124,56.3571],[13.03197,56.35695],[13.03247,56.35686],[13.0334,56.35668],[13.03397,56.35656],[13.03453,56.35646],[13.0353,56.3563],[13.03581,56.35616],[13.03607,56.35608],[13.03607,56.35608],[13.03607,56.35608],[13.03607,56.35607],[13.0337,56.35508],[13.0337,56.35508],[13.03095,56.35518],[13.02499,56.35534],[13.00526,56.35647],[13.00246,56.35663],[12.99997,56.35682],[12.99762,56.35695],[12.99269,56.35721]]]},"properties":{"NVRID":"2020905","NAMN":"Matkroksmossen","SKYDDSTYP":"Naturreservat","LAN":"Hallands Län","KOMMUN":"Laholm, Ängelholm","IUCNKATEGORI":"IV, Habitat/Artskyddsområde (Habitat/Species Management Area)","FORVALTARE":"Länsstyrelsen i Hallands län","AREA_HA":82.835,"URSPR_BESLUTSDATUM":"2009-12-14"}},{"type":"Feature","geometry":{"type":"Polygon","coordinates":[[[13.06757,56.49426],[13.06679,56.49417],[13.06679,56.49417],[13.06679,56.49417],[13.06619,56.49518],[13.06619,56.49518],[13.06619,56.49518],[13.0662,56.49519],[13.06839,56.49539],[13.06852,56.4954],[13.06852,56.4954],[13.06853,56.4954],[13.06898,56.49471],[13.06948,56.49354],[13.07129,56.49255],[13.07376,56.49196],[13.07376,56.49196],[13.07376,56.49196],[13.07376,56.49194],[13.07376,56.49194],[13.07308,56.49132],[13.07308,56.49132],[13.07308,56.49132],[13.07253,56.49143],[13.07197,56.49124],[13.07196,56.49124],[13.07196,56.49124],[13.0709,56.4918],[13.07023,56.49216],[13.06993,56.49224],[13.06984,56.49228],[13.06964,56.49245],[13.06896,56.49288],[13.06883,56.49295],[13.06873,56.49299],[13.06859,56.49301],[13.06843,56.493],[13.06831,56.49299],[13.06796,56.49291],[13.06771,56.49289],[13.06771,56.49289],[13.06771,56.49289],[13.06744,56.49316],[13.06717,56.49354],[13.06717,56.49355],[13.06717,56.49355],[13.06772,56.49359],[13.06757,56.49426]]]},"properties":{"NVRID":"2002193","NAMN":"Såghuslund","SKYDDSTYP":"Naturreservat","LAN":"Hallands Län","KOMMUN":"Laholm","IUCNKATEGORI":"IV, Habitat/Artskyddsområde (Habitat/Species Management Area)","FORVALTARE":"Laholms kommun","AREA_HA":6.125,"URSPR_BESLUTSDATUM":"1999-02-25"}},{"type":"Feature","geometry":{"type":"Polygon","coordinates":[[[12.47973,57.15198],[12.47973,57.15198],[12.47973,57.15198],[12.47984,57.15228],[12.47984,57.15228],[12.47984,57.15228],[12.4799,57.15228],[12.47998,57.15225],[12.48006,57.15216],[12.48013,57.15217],[12.48013,57.15217],[12.48051,57.1521],[12.48135,57.15208],[12.48135,57.15208],[12.48173,57.15173],[12.48202,57.15206],[12.48203,57.15207],[12.48259,57.15204],[12.48346,57.15206],[12.48393,57.15216],[12.48286,57.15239],[12.48286,57.15239],[12.48269,57.15297],[12.48269,57.15297],[12.48269,57.15297],[12.48316,57.15303],[12.48315,57.15323],[12.48315,57.15323],[12.48315,57.15323],[12.48421,57.15343],[12.48415,57.15357],[12.48415,57.15357],[12.48415,57.15357],[12.48587,57.15386],[12.48632,57.1539],[12.48536,57.15408],[12.48498,57.15429],[12.48409,57.15423],[12.48409,57.15423],[12.48409,57.15423],[12.48409,57.15423],[12.48402,57.15448],[12.48402,57.15448],[12.48402,57.15448],[12.48625,57.15469],[12.4871,57.15463],[12.48879,57.15477],[12.48944,57.15493],[12.48944,57.15493],[12.48944,57.15493],[12.48979,57.15476],[12.48999,57.15451],[12.49136,57.15429],[12.49137,57.15429],[12.49193,57.15354],[12.49193,57.15354],[12.49193,57.15354],[12.49166,57.15344],[12.49178,57.15331],[12.49178,57.15331],[12.49131,57.1527],[12.49131,57.1527],[12.49064,57.15255],[12.49015,57.15231],[12.49015,57.15231],[12.48981,57.15238],[12.48858,57.15209],[12.48751,57.15211],[12.4863,57.15211],[12.48569,57.15171],[12.48467,57.15165],[12.48379,57.15097],[12.48386,57.15034],[12.48386,57.15034],[12.48303,57.14984],[12.48266,57.14972],[12.4819,57.14961],[12.48174,57.14963],[12.48174,57.14963],[12.48174,57.14963],[12.48176,57.1498],[12.48134,57.14983],[12.48095,57.14993],[12.48057,57.15008],[12.48033,57.15027],[12.48017,57.15066],[12.48009,57.15097],[12.48019,57.15111],[12.48054,57.1512],[12.4814,57.1513],[12.48111,57.15178],[12.48065,57.15185],[12.48041,57.15185],[12.47973,57.15198]]]},"properties":{"NVRID":"2010859","NAMN":"Skärte","SKYDDSTYP":"Naturreservat","LAN":"Hallands Län","KOMMUN":"Varberg","IUCNKATEGORI":"Ia, Strikt naturreservat (Strict Nature Reserve)","FORVALTARE":"Länsstyrelsen i Hallands län","AREA_HA":18.093,"URSPR_BESLUTSDATUM":"2006-12-18"}},{"type":"Feature","geometry":{"type":"Polygon","coordinates":[[[13.26259,56.91044],[13.26259,56.91044],[13.26259,56.91044],[13.26244,56.91097],[13.26234,56.91129],[13.2622,56.91163],[13.26255,56.91289],[13.26325,56.91429],[13.26381,56.91471],[13.26381,56.91471],[13.26487,56.91465],[13.26569,56.91449],[13.26657,56.91411],[13.26687,56.91367],[13.26673,56.91312],[13.26633,56.91213],[13.26476,56.9104],[13.26476,56.9104],[13.26324,56.91045],[13.26259,56.91044]]]},"properties":{"NVRID":"2002015","NAMN":"Kloö","SKYDDSTYP":"Naturreservat","LAN":"Hallands Län","KOMMUN":"Hylte","IUCNKATEGORI":"Ia, Strikt naturreservat (Strict Nature Reserve)","FORVALTARE":"Länsstyrelsen i Hallands län","AREA_HA":9.918,"URSPR_BESLUTSDATUM":"1988-08-26"}},{"type":"Feature","geometry":{"type":"Polygon","coordinates":[[[13.21756,56.43797],[13.21756,56.43797],[13.21756,56.43797],[13.21675,56.4382],[13.21675,56.4382],[13.21638,56.43846],[13.21621,56.43864],[13.21594,56.43881],[13.21564,56.43895],[13.2155,56.43909],[13.21512,56.43962],[13.21512,56.43962],[13.21512,56.43962],[13.21512,56.43962],[13.21895,56.43993],[13.21895,56.43993],[13.22066,56.43939],[13.22105,56.43903],[13.22115,56.43854],[13.22202,56.43856],[13.22347,56.43932],[13.22347,56.43932],[13.2285,56.43891],[13.22979,56.43924],[13.23106,56.43922],[13.23215,56.43999],[13.23215,56.43999],[13.23301,56.4401],[13.23327,56.44042],[13.23327,56.44042],[13.23327,56.44042],[13.23327,56.44042],[13.23384,56.44014],[13.23384,56.44014],[13.23368,56.43956],[13.23383,56.43949],[13.23397,56.43946],[13.23409,56.43946],[13.23418,56.43951],[13.23427,56.4396],[13.23441,56.43972],[13.23455,56.4398],[13.23474,56.43988],[13.23495,56.4399],[13.23513,56.43992],[13.23523,56.43992],[13.23541,56.43988],[13.23565,56.43982],[13.23593,56.43976],[13.23618,56.43971],[13.23647,56.43968],[13.23672,56.43964],[13.23721,56.43961],[13.23739,56.43961],[13.23768,56.43963],[13.23816,56.43964],[13.23834,56.43964],[13.23852,56.43961],[13.23882,56.43956],[13.23927,56.43949],[13.23959,56.43944],[13.23988,56.4394],[13.24011,56.43937],[13.24041,56.43929],[13.24067,56.43921],[13.24084,56.43914],[13.24094,56.43904],[13.24106,56.43894],[13.2412,56.43884],[13.24137,56.43873],[13.24153,56.43865],[13.2416,56.4386],[13.24179,56.43853],[13.24211,56.43841],[13.24232,56.4386],[13.24232,56.4386],[13.24232,56.4386],[13.24808,56.43757],[13.24882,56.43875],[13.24972,56.43933],[13.24972,56.43933],[13.24973,56.43933],[13.25176,56.43918],[13.25207,56.43988],[13.25224,56.44001],[13.25224,56.44001],[13.25431,56.43995],[13.25431,56.43995],[13.25532,56.43893],[13.25532,56.43893],[13.25531,56.43893],[13.25366,56.43891],[13.25297,56.43813],[13.25297,56.43813],[13.25233,56.43817],[13.2516,56.43826],[13.25114,56.43833],[13.2505,56.43754],[13.25077,56.43736],[13.25078,56.43736],[13.25078,56.43736],[13.25077,56.43735],[13.24534,56.43639],[13.24504,56.43639],[13.24504,56.43639],[13.24411,56.43667],[13.24327,56.43672],[13.24282,56.43683],[13.24282,56.43683],[13.2425,56.43719],[13.24161,56.4379],[13.24031,56.43844],[13.23885,56.43884],[13.23829,56.439],[13.23794,56.439],[13.23657,56.43865],[13.23489,56.43866],[13.23317,56.43868],[13.23303,56.4387],[13.23292,56.4385],[13.23268,56.43841],[13.23185,56.43838],[13.23016,56.43812],[13.22901,56.43772],[13.22802,56.43767],[13.22714,56.4377],[13.22714,56.4377],[13.22714,56.4377],[13.22681,56.43851],[13.22396,56.43871],[13.22274,56.4383],[13.22166,56.43701],[13.22166,56.43701],[13.22166,56.43701],[13.22166,56.43701],[13.22074,56.43729],[13.22026,56.4375],[13.21992,56.43788],[13.21992,56.43788],[13.22029,56.43812],[13.22025,56.43822],[13.21934,56.43817],[13.21934,56.43818],[13.21908,56.43838],[13.21864,56.4385],[13.2184,56.43848],[13.21756,56.43797]]]},"properties":{"NVRID":"2055004","NAMN":"Smedjeån Skönhult","SKYDDSTYP":"Naturreservat","LAN":"Hallands Län","KOMMUN":"Laholm","IUCNKATEGORI":"IV, Habitat/Artskyddsområde (Habitat/Species Management Area)","FORVALTARE":"Länsstyrelsen i Hallands län","AREA_HA":32.848,"URSPR_BESLUTSDATUM":"2021-03-16"}},{"type":"Feature","geometry":{"type":"Polygon","coordinates":[[[13.18718,56.76405],[13.1871,56.76412],[13.18711,56.76426],[13.18724,56.76442],[13.18724,56.76442],[13.18724,56.76442],[13.18758,56.76434],[13.18787,56.76444],[13.18803,56.76515],[13.18803,56.76515],[13.18841,56.76527],[13.18897,56.76527],[13.1893,56.76527],[13.18938,56.76526],[13.18959,56.76525],[13.18962,56.76525],[13.18963,56.76525],[13.18964,56.76523],[13.1897,56.76524],[13.18978,56.76524],[13.18985,56.76523],[13.18991,56.76525],[13.18996,56.76529],[13.19,56.76532],[13.19002,56.76535],[13.19004,56.76537],[13.19006,56.76539],[13.19006,56.76539],[13.19006,56.76539],[13.19009,56.76539],[13.19012,56.7654],[13.19015,56.76543],[13.19017,56.76545],[13.1902,56.76546],[13.1903,56.76548],[13.19042,56.76549],[13.19052,56.76551],[13.19058,56.76553],[13.19067,56.76561],[13.19073,56.76566],[13.19078,56.76568],[13.19086,56.76572],[13.19091,56.76573],[13.19097,56.76574],[13.191,56.76575],[13.19102,56.76577],[13.19104,56.76581],[13.19106,56.76584],[13.19107,56.76587],[13.19107,56.76589],[13.19109,56.76591],[13.19109,56.76591],[13.19115,56.76592],[13.1912,56.76591],[13.19125,56.76592],[13.19126,56.76596],[13.19127,56.76598],[13.19127,56.76603],[13.1913,56.76606],[13.1913,56.76606],[13.19135,56.76607],[13.19138,56.76608],[13.19146,56.76608],[13.19171,56.76611],[13.19184,56.76617],[13.19184,56.76617],[13.19209,56.76621],[13.19236,56.76621],[13.1925,56.76623],[13.19259,56.76628],[13.19273,56.76639],[13.19273,56.76639],[13.19334,56.7663],[13.19384,56.76627],[13.19451,56.7662],[13.19472,56.76622],[13.19524,56.76627],[13.19572,56.76623],[13.19731,56.76574],[13.19876,56.76459],[13.19876,56.76459],[13.19876,56.76459],[13.19876,56.76459],[13.19724,56.76403],[13.19623,56.76359],[13.19469,56.76307],[13.19021,56.76087],[13.19021,56.76087],[13.19021,56.76087],[13.19021,56.76087],[13.18985,56.76108],[13.18957,56.7612],[13.18908,56.76149],[13.18893,56.76171],[13.18867,56.76182],[13.18822,56.76212],[13.18822,56.76212],[13.18822,56.76212],[13.18822,56.76212],[13.18836,56.76218],[13.18843,56.76243],[13.18863,56.76259],[13.18883,56.76287],[13.18849,56.76303],[13.18762,56.76306],[13.18761,56.76306],[13.18733,56.76337],[13.18722,56.76356],[13.18724,56.7637],[13.18718,56.76405]]]},"properties":{"NVRID":"2003005","NAMN":"Sutarebo","SKYDDSTYP":"Naturreservat","LAN":"Hallands Län","KOMMUN":"Halmstad","IUCNKATEGORI":"Ia, Strikt naturreservat (Strict Nature Reserve)","FORVALTARE":"Länsstyrelsen i Hallands län","AREA_HA":23.948,"URSPR_BESLUTSDATUM":"2005-09-26"}},{"type":"Feature","geometry":{"type":"Polygon","coordinates":[[[12.31005,57.02581],[12.30962,57.0274],[12.30962,57.0274],[12.30968,57.02747],[12.30968,57.02747],[12.31031,57.02771],[12.31031,57.02771],[12.3105,57.0277],[12.31064,57.02778],[12.31111,57.02793],[12.31123,57.02793],[12.31136,57.02797],[12.31135,57.02803],[12.31135,57.02803],[12.31144,57.02807],[12.31144,57.02807],[12.3142,57.02766],[12.3142,57.02766],[12.3142,57.02766],[12.31408,57.02754],[12.31394,57.02741],[12.31467,57.0272],[12.3148,57.02727],[12.3148,57.02728],[12.3148,57.02728],[12.3148,57.02727],[12.31496,57.02705],[12.31496,57.02705],[12.31496,57.02705],[12.31489,57.02701],[12.31486,57.02695],[12.31504,57.02651],[12.31504,57.02643],[12.31531,57.02639],[12.31531,57.02641],[12.31531,57.02641],[12.31531,57.02641],[12.3157,57.02657],[12.31662,57.02696],[12.31737,57.0269],[12.31737,57.0269],[12.31737,57.0269],[12.31737,57.0269],[12.31737,57.0269],[12.3173,57.02687],[12.31738,57.02676],[12.31751,57.02658],[12.31751,57.02658],[12.3175,57.02655],[12.31751,57.02652],[12.31754,57.0265],[12.31758,57.0265],[12.31763,57.0265],[12.31769,57.02652],[12.31771,57.02653],[12.31771,57.02653],[12.31771,57.02653],[12.31805,57.02619],[12.31822,57.02624],[12.31823,57.02624],[12.31823,57.02624],[12.31843,57.02607],[12.31843,57.02607],[12.31843,57.02607],[12.31835,57.026],[12.31816,57.02581],[12.31852,57.0257],[12.31856,57.02574],[12.31856,57.02574],[12.31856,57.02574],[12.31879,57.02568],[12.3188,57.02568],[12.3188,57.02568],[12.3188,57.02568],[12.31874,57.02563],[12.31903,57.02554],[12.31921,57.0255],[12.31931,57.02549],[12.31932,57.02549],[12.31938,57.0255],[12.31939,57.02551],[12.31939,57.02551],[12.31939,57.02551],[12.31939,57.02551],[12.3195,57.02549],[12.32064,57.02532],[12.32191,57.02534],[12.32235,57.02536],[12.32307,57.02545],[12.32407,57.0256],[12.32427,57.02564],[12.32441,57.02567],[12.32477,57.02573],[12.3252,57.02585],[12.32591,57.02616],[12.32592,57.02616],[12.32592,57.02616],[12.32594,57.02615],[12.32611,57.0262],[12.32611,57.0262],[12.32611,57.0262],[12.32616,57.02618],[12.32646,57.02631],[12.32664,57.0264],[12.32675,57.02644],[12.32686,57.02648],[12.327,57.02652],[12.32717,57.02656],[12.32743,57.02661],[12.32755,57.02663],[12.32763,57.02664],[12.32898,57.02691],[12.3291,57.02693],[12.33015,57.02712],[12.3304,57.02716],[12.33067,57.0272],[12.33086,57.02723],[12.33101,57.02724],[12.33113,57.02724],[12.33123,57.02723],[12.33143,57.02721],[12.33158,57.02719],[12.33176,57.02719],[12.33195,57.0272],[12.33291,57.02729],[12.33309,57.02731],[12.33321,57.02733],[12.33345,57.02738],[12.33345,57.02738],[12.33345,57.02738],[12.33345,57.02738],[12.33353,57.02724],[12.33365,57.02705],[12.33371,57.02693],[12.33378,57.02681],[12.3339,57.02656],[12.334,57.02634],[12.33407,57.0262],[12.33416,57.02604],[12.33425,57.02591],[12.33432,57.02582],[12.33438,57.02573],[12.33446,57.02565],[12.33458,57.02552],[12.33463,57.02547],[12.33471,57.0254],[12.33479,57.02534],[12.33487,57.02526],[12.33494,57.02521],[12.33503,57.02514],[12.33519,57.02503],[12.33532,57.02494],[12.3355,57.02482],[12.33574,57.02466],[12.33598,57.0245],[12.33621,57.02435],[12.33649,57.02415],[12.33654,57.02417],[12.33654,57.02417],[12.33654,57.02417],[12.33788,57.02327],[12.33788,57.02327],[12.33788,57.02327],[12.33712,57.02298],[12.33711,57.02298],[12.33711,57.02298],[12.33703,57.02307],[12.33688,57.02302],[12.33697,57.02293],[12.33697,57.02293],[12.33697,57.02293],[12.33607,57.02262],[12.33695,57.0215],[12.33695,57.0215],[12.33695,57.02149],[12.33654,57.02135],[12.33688,57.02115],[12.33723,57.02095],[12.33731,57.02089],[12.33774,57.02059],[12.33799,57.02042],[12.33826,57.02023],[12.33835,57.02016],[12.33873,57.01989],[12.33936,57.01945],[12.33947,57.01937],[12.34043,57.0187],[12.34074,57.01848],[12.34131,57.01808],[12.34192,57.01825],[12.34194,57.01829],[12.342,57.01836],[12.34215,57.01842],[12.34224,57.01861],[12.34197,57.0188],[12.34163,57.01904],[12.34094,57.01952],[12.34059,57.01977],[12.34059,57.01977],[12.34059,57.01977],[12.34085,57.01984],[12.34086,57.01984],[12.34096,57.01982],[12.34103,57.01984],[12.34116,57.01992],[12.34123,57.01994],[12.34212,57.02011],[12.34212,57.02011],[12.34223,57.02006],[12.34238,57.01995],[12.34275,57.01968],[12.34315,57.01938],[12.34333,57.01923],[12.34353,57.01909],[12.3436,57.01902],[12.34366,57.01897],[12.34382,57.01884],[12.34391,57.01877],[12.34403,57.01868],[12.3442,57.01847],[12.34443,57.01827],[12.34443,57.01827],[12.34443,57.01827],[12.34443,57.01827],[12.34146,57.01798],[12.34188,57.01768],[12.34213,57.0175],[12.34239,57.01732],[12.34267,57.01712],[12.34335,57.01665],[12.34426,57.01602],[12.34447,57.01588],[12.34462,57.01578],[12.34477,57.01567],[12.34493,57.01556],[12.34519,57.01536],[12.3453,57.01527],[12.34539,57.01519],[12.34549,57.01511],[12.34562,57.01499],[12.34574,57.01488],[12.34585,57.01478],[12.34595,57.01469],[12.34613,57.01452],[12.34625,57.01442],[12.3463,57.01437],[12.34647,57.01421],[12.34661,57.01409],[12.34673,57.01398],[12.34687,57.01386],[12.34702,57.01372],[12.34714,57.0136],[12.34726,57.0135],[12.3475,57.01328],[12.34764,57.01315],[12.34791,57.0129],[12.34816,57.01267],[12.34837,57.01248],[12.34908,57.01183],[12.34908,57.01183],[12.34908,57.01183],[12.34409,57.01034],[12.32854,57.0057],[12.32854,57.0057],[12.32854,57.0057],[12.30259,57.02521],[12.30258,57.02521],[12.30259,57.02521],[12.30259,57.02521],[12.3084,57.02551],[12.31005,57.02581]]]},"properties":{"NVRID":"2024570","NAMN":"Utteros","SKYDDSTYP":"Naturreservat","LAN":"Hallands Län","KOMMUN":"Varberg","IUCNKATEGORI":"IV, Habitat/Artskyddsområde (Habitat/Species Management Area)","FORVALTARE":"Länsstyrelsen i Hallands län","AREA_HA":356.314,"URSPR_BESLUTSDATUM":"2010-12-03"}},{"type":"Feature","geometry":{"type":"Polygon","coordinates":[[[12.62403,56.80079],[12.62403,56.80079],[12.62335,56.80058],[12.62313,56.80059],[12.62313,56.80059],[12.62305,56.80067],[12.623,56.8009],[12.62268,56.80125],[12.62255,56.80135],[12.62225,56.80157],[12.62183,56.80178],[12.62156,56.80205],[12.62148,56.80232],[12.62148,56.80232],[12.62148,56.80232],[12.62172,56.80238],[12.62207,56.80245],[12.62247,56.80253],[12.62267,56.80257],[12.62286,56.80269],[12.62298,56.80273],[12.62627,56.80313],[12.62742,56.80326],[12.62895,56.80343],[12.62936,56.80352],[12.63063,56.80373],[12.63063,56.80373],[12.63063,56.80373],[12.63089,56.80364],[12.63089,56.80364],[12.63097,56.80352],[12.6309,56.80344],[12.6309,56.80344],[12.63035,56.8033],[12.62978,56.80323],[12.62924,56.80321],[12.62853,56.80307],[12.6281,56.803],[12.62719,56.80269],[12.62646,56.80258],[12.6257,56.80249],[12.62536,56.80242],[12.62512,56.80211],[12.62512,56.80211],[12.62512,56.80211],[12.62428,56.80197],[12.62409,56.80159],[12.62405,56.8015],[12.62432,56.80113],[12.62403,56.80079]]]},"properties":{"NVRID":"2001397","NAMN":"Näktergalslunden","SKYDDSTYP":"Naturreservat","LAN":"Hallands Län","KOMMUN":"Falkenberg","IUCNKATEGORI":"IV, Habitat/Artskyddsområde (Habitat/Species Management Area)","FORVALTARE":"Länsstyrelsen i Hallands län","AREA_HA":4.99,"URSPR_BESLUTSDATUM":"1960-05-05"}},{"type":"Feature","geometry":{"type":"Polygon","coordinates":[[[13.15878,56.3745],[13.15918,56.37431],[13.15948,56.37417],[13.15978,56.37404],[13.1598,56.37404],[13.1598,56.37404],[13.1598,56.37404],[13.1598,56.37404],[13.15913,56.37368],[13.15912,56.37368],[13.15912,56.37368],[13.15912,56.37368],[13.15762,56.3744],[13.15711,56.3748],[13.15516,56.37571],[13.1522,56.37771],[13.15166,56.37846],[13.15166,56.37846],[13.15166,56.37846],[13.15245,56.37888],[13.15245,56.37888],[13.15246,56.37888],[13.15246,56.37888],[13.15249,56.37885],[13.15392,56.37792],[13.15406,56.37777],[13.15423,56.37762],[13.15446,56.37744],[13.15459,56.37731],[13.15488,56.37708],[13.15501,56.37695],[13.15526,56.37677],[13.15561,56.37651],[13.15588,56.37631],[13.15612,56.37617],[13.15645,56.37598],[13.15677,56.3758],[13.15722,56.37554],[13.15741,56.3755],[13.15774,56.37545],[13.15803,56.37542],[13.15825,56.37532],[13.15837,56.37519],[13.15883,56.37487],[13.15878,56.3745]]]},"properties":{"NVRID":"2046289","NAMN":"Stensån Äspered","SKYDDSTYP":"Naturreservat","LAN":"Hallands Län","KOMMUN":"Laholm","IUCNKATEGORI":"IV, Habitat/Artskyddsområde (Habitat/Species Management Area)","FORVALTARE":"Länsstyrelsen i Hallands län","AREA_HA":5.613,"URSPR_BESLUTSDATUM":"2016-12-14"}},{"type":"Feature","geometry":{"type":"Polygon","coordinates":[[[13.46986,57.07649],[13.46985,57.07649],[13.46985,57.07649],[13.46985,57.07649],[13.4698,57.07655],[13.46978,57.07667],[13.46963,57.07692],[13.46944,57.07714],[13.46941,57.07742],[13.46935,57.07767],[13.46929,57.07791],[13.46929,57.07799],[13.46932,57.07822],[13.46969,57.07856],[13.46992,57.07875],[13.47033,57.07903],[13.47067,57.07938],[13.47092,57.07954],[13.47136,57.07977],[13.47197,57.08001],[13.47227,57.08019],[13.47306,57.08074],[13.47388,57.08128],[13.474,57.08132],[13.47538,57.08207],[13.47664,57.08276],[13.47716,57.08304],[13.47766,57.0833],[13.47839,57.08361],[13.47966,57.08414],[13.47966,57.08414],[13.47966,57.08414],[13.48025,57.08371],[13.4805,57.08347],[13.48094,57.08312],[13.48124,57.08281],[13.48153,57.08273],[13.48213,57.08242],[13.48244,57.0823],[13.48281,57.082],[13.48308,57.08183],[13.48348,57.08146],[13.48356,57.08139],[13.48357,57.08139],[13.48357,57.08138],[13.48357,57.08138],[13.48356,57.08138],[13.48331,57.08132],[13.48303,57.08121],[13.48273,57.08109],[13.4824,57.081],[13.48222,57.08096],[13.48208,57.08094],[13.48193,57.08093],[13.48183,57.08093],[13.48168,57.08094],[13.48159,57.08095],[13.48151,57.08098],[13.48137,57.08104],[13.48123,57.08111],[13.48106,57.08115],[13.48096,57.08117],[13.48085,57.08116],[13.48073,57.08115],[13.48063,57.08112],[13.48055,57.08109],[13.48055,57.08109],[13.48043,57.08112],[13.48021,57.08112],[13.48002,57.08111],[13.47977,57.08108],[13.47958,57.08105],[13.47918,57.08101],[13.47918,57.08101],[13.47918,57.08101],[13.47908,57.08121],[13.47894,57.08124],[13.47878,57.08123],[13.47868,57.0812],[13.47857,57.08112],[13.47848,57.08106],[13.47837,57.08101],[13.47837,57.08101],[13.47824,57.08099],[13.47809,57.08102],[13.47799,57.08109],[13.47787,57.08115],[13.47647,57.08064],[13.4763,57.08048],[13.4763,57.08048],[13.4763,57.08048],[13.4763,57.08048],[13.47589,57.08059],[13.47547,57.08068],[13.4752,57.08073],[13.47515,57.08075],[13.47472,57.08001],[13.47484,57.0799],[13.47494,57.07979],[13.47499,57.07967],[13.47507,57.07954],[13.47554,57.07934],[13.47571,57.0792],[13.47587,57.07903],[13.47596,57.0789],[13.47609,57.07873],[13.47619,57.0786],[13.4763,57.07848],[13.47647,57.07837],[13.47665,57.07824],[13.47685,57.0781],[13.47685,57.0781],[13.47679,57.07785],[13.47679,57.07785],[13.47679,57.07785],[13.47668,57.07784],[13.47656,57.07781],[13.47647,57.07778],[13.47637,57.07775],[13.47627,57.07771],[13.47618,57.07767],[13.4761,57.07764],[13.476,57.07762],[13.47591,57.0776],[13.47582,57.0776],[13.47573,57.07759],[13.47567,57.07757],[13.4756,57.07753],[13.47551,57.0775],[13.47551,57.0775],[13.47545,57.07749],[13.47545,57.07749],[13.47545,57.07749],[13.47541,57.07752],[13.4754,57.07757],[13.47539,57.07761],[13.47537,57.07766],[13.47532,57.07769],[13.47525,57.07773],[13.47513,57.07777],[13.47506,57.07781],[13.47501,57.07786],[13.47496,57.07788],[13.47483,57.0779],[13.47467,57.07792],[13.4744,57.07793],[13.47431,57.07795],[13.47425,57.07798],[13.47421,57.07801],[13.47417,57.07805],[13.4741,57.07808],[13.47402,57.07807],[13.47394,57.07805],[13.47386,57.07803],[13.47373,57.078],[13.47362,57.078],[13.47342,57.07799],[13.4733,57.07799],[13.47321,57.07801],[13.47311,57.07802],[13.473,57.07801],[13.4729,57.078],[13.4728,57.07798],[13.47259,57.07796],[13.47225,57.07791],[13.47214,57.0779],[13.47204,57.07786],[13.47196,57.07783],[13.47189,57.0778],[13.47183,57.07776],[13.47175,57.07771],[13.47169,57.07767],[13.47161,57.07762],[13.47153,57.07756],[13.47141,57.07747],[13.47133,57.0774],[13.47128,57.07733],[13.47126,57.07727],[13.47124,57.0772],[13.47123,57.07715],[13.4712,57.0771],[13.47112,57.07706],[13.47105,57.07703],[13.47105,57.07703],[13.47096,57.07701],[13.47089,57.077],[13.47085,57.07697],[13.47083,57.07694],[13.4709,57.07687],[13.47094,57.07683],[13.47095,57.07678],[13.47095,57.07678],[13.47092,57.07675],[13.47086,57.07671],[13.47086,57.07671],[13.47079,57.0767],[13.47064,57.07669],[13.47057,57.07669],[13.47049,57.0767],[13.47039,57.07669],[13.47033,57.07668],[13.47027,57.07665],[13.47021,57.07662],[13.47015,57.07659],[13.47009,57.07657],[13.46999,57.07654],[13.4699,57.07651],[13.46986,57.07649]]]},"properties":{"NVRID":"2002592","NAMN":"Hastaböke","SKYDDSTYP":"Naturreservat","LAN":"Hallands Län","KOMMUN":"Hylte","IUCNKATEGORI":"Ia, Strikt naturreservat (Strict Nature Reserve)","FORVALTARE":"Hylte kommun","AREA_HA":22.82,"URSPR_BESLUTSDATUM":"2003-09-29"}},{"type":"Feature","geometry":{"type":"Polygon","coordinates":[[[11.98666,57.51815],[11.98663,57.51834],[11.98663,57.51834],[11.98663,57.51834],[11.98663,57.51834],[11.98699,57.51829],[11.98753,57.51819],[11.98805,57.51809],[11.98892,57.51794],[11.98891,57.51849],[11.98891,57.51863],[11.98893,57.51882],[11.98899,57.52012],[11.98897,57.52091],[11.98884,57.52342],[11.98883,57.52359],[11.98838,57.52931],[11.98838,57.52931],[11.98818,57.53122],[11.98818,57.53122],[11.98938,57.53232],[11.98829,57.53275],[11.98779,57.53299],[11.98722,57.53325],[11.98722,57.53325],[11.98722,57.53325],[11.98656,57.53357],[11.98613,57.53358],[11.98613,57.53358],[11.98613,57.53358],[11.98613,57.53358],[11.9863,57.53367],[11.98649,57.53391],[11.98628,57.53412],[11.9861,57.53431],[11.98604,57.53447],[11.98599,57.5346],[11.98606,57.5347],[11.98609,57.53474],[11.98635,57.53511],[11.98663,57.53551],[11.98666,57.53556],[11.98678,57.53573],[11.98693,57.53596],[11.98715,57.53626],[11.98737,57.53657],[11.98787,57.53734],[11.99137,57.54229],[11.9934,57.54527],[11.9934,57.54527],[11.99347,57.5455],[11.99334,57.54601],[11.99334,57.54601],[11.99335,57.54601],[11.9935,57.54608],[11.99364,57.5461],[11.99403,57.54623],[11.9942,57.54635],[11.99461,57.54656],[11.99493,57.54675],[11.99512,57.54692],[11.99523,57.54705],[11.99528,57.54712],[11.99531,57.54716],[11.99532,57.54717],[11.99532,57.54717],[11.99532,57.54717],[11.99532,57.54717],[11.99551,57.5471],[11.99694,57.54665],[11.99756,57.54645],[11.99807,57.54629],[11.99837,57.54658],[11.9985,57.54671],[11.99821,57.54704],[11.99821,57.54704],[11.99811,57.5471],[11.99811,57.5471],[11.99811,57.5471],[11.99811,57.5471],[11.9986,57.5472],[11.99912,57.54731],[11.99966,57.54739],[11.9994,57.54775],[11.99739,57.54998],[11.99648,57.55098],[11.99621,57.55129],[11.99619,57.55133],[11.99619,57.55133],[11.99619,57.55133],[11.99663,57.55137],[11.99674,57.55137],[11.99694,57.55173],[11.9969,57.55188],[11.99408,57.55195],[11.99408,57.55195],[11.99408,57.55195],[11.99408,57.55195],[11.99483,57.55309],[11.99548,57.55412],[11.99568,57.5544],[11.99568,57.5544],[11.9998,57.55516],[12.00198,57.55621],[12.00199,57.55621],[12.00199,57.55621],[12.00298,57.55539],[12.00417,57.55447],[12.00546,57.5535],[12.00628,57.55287],[12.00714,57.55216],[12.00755,57.55165],[12.00778,57.55142],[12.00868,57.55035],[12.00958,57.5493],[12.01092,57.54772],[12.01137,57.54721],[12.01267,57.54567],[12.01267,57.54567],[12.01414,57.54613],[12.01508,57.54639],[12.01579,57.54657],[12.01624,57.54669],[12.01628,57.5467],[12.01667,57.5468],[12.01702,57.54689],[12.01759,57.54705],[12.01808,57.54718],[12.01835,57.54725],[12.01852,57.54728],[12.01907,57.54741],[12.0193,57.54746],[12.01944,57.5475],[12.02208,57.54816],[12.02456,57.54878],[12.02523,57.54894],[12.02542,57.54899],[12.02562,57.54904],[12.02578,57.54909],[12.02622,57.54921],[12.02676,57.54934],[12.02695,57.5494],[12.02707,57.54943],[12.02715,57.54945],[12.02722,57.54946],[12.02748,57.54953],[12.02783,57.54959],[12.0281,57.54965],[12.02931,57.55001],[12.03221,57.55097],[12.03221,57.55097],[12.03221,57.55097],[12.03418,57.5503],[12.03842,57.55048],[12.03874,57.55053],[12.03955,57.55066],[12.03996,57.55072],[12.04152,57.55119],[12.04178,57.55128],[12.04201,57.55138],[12.04212,57.55147],[12.04222,57.55158],[12.04236,57.5517],[12.04251,57.55177],[12.04291,57.55181],[12.04325,57.5518],[12.0449,57.55159],[12.0451,57.55159],[12.04549,57.5516],[12.0458,57.55164],[12.04622,57.5518],[12.04634,57.55186],[12.04652,57.552],[12.04665,57.55214],[12.0468,57.55222],[12.04703,57.55245],[12.04707,57.55263],[12.04723,57.55273],[12.04723,57.55273],[12.04743,57.55275],[12.04761,57.55272],[12.04782,57.55265],[12.04792,57.55262],[12.04804,57.55259],[12.04815,57.55255],[12.04831,57.55244],[12.04833,57.55243],[12.04834,57.55243],[12.04845,57.55225],[12.04851,57.55221],[12.04857,57.55219],[12.04868,57.55211],[12.04883,57.55199],[12.04902,57.5518],[12.04904,57.55173],[12.04904,57.55173],[12.049,57.55165],[12.04887,57.55146],[12.04883,57.5514],[12.04891,57.55125],[12.04888,57.55119],[12.04858,57.55089],[12.04858,57.55089],[12.04868,57.55084],[12.0488,57.55081],[12.04887,57.5508],[12.04903,57.55077],[12.04921,57.55072],[12.04926,57.55072],[12.04937,57.55069],[12.0496,57.55062],[12.04971,57.55058],[12.04988,57.55045],[12.04999,57.55035],[12.0501,57.55024],[12.05019,57.55005],[12.05021,57.55],[12.05023,57.54994],[12.05023,57.54989],[12.05026,57.54986],[12.05029,57.5498],[12.0503,57.5498],[12.05037,57.54981],[12.05044,57.54984],[12.05044,57.54984],[12.05045,57.54984],[12.05045,57.54984],[12.05067,57.54954],[12.05091,57.54918],[12.05264,57.54848],[12.05264,57.54848],[12.05264,57.54848],[12.05261,57.5484],[12.05246,57.54736],[12.0523,57.54588],[12.05214,57.54472],[12.05214,57.54472],[12.05214,57.54472],[12.05108,57.54329],[12.05191,57.54317],[12.05191,57.54317],[12.05191,57.54316],[12.05154,57.54187],[12.05133,57.54076],[12.05118,57.53996],[12.04988,57.5379],[12.04988,57.5379],[12.04999,57.53775],[12.04997,57.53664],[12.04975,57.53568],[12.04972,57.53527],[12.04975,57.53527],[12.04975,57.53527],[12.04975,57.53527],[12.04969,57.5341],[12.04956,57.53367],[12.04956,57.53366],[12.04955,57.53366],[12.04924,57.53266],[12.04901,57.53137],[12.04861,57.53008],[12.04808,57.52836],[12.04775,57.52789],[12.04775,57.52789],[12.04775,57.52789],[12.04548,57.52779],[12.04539,57.52778],[12.04475,57.52775],[12.04408,57.52772],[12.04408,57.52772],[12.04393,57.52772],[12.04393,57.52772],[12.04387,57.52771],[12.04354,57.52768],[12.04357,57.52765],[12.04368,57.52747],[12.04375,57.52738],[12.04366,57.52718],[12.04371,57.52713],[12.04374,57.5271],[12.04376,57.52705],[12.0438,57.52699],[12.04385,57.52693],[12.04388,57.5269],[12.04394,57.52688],[12.04401,57.52682],[12.04407,57.52676],[12.04409,57.5267],[12.04409,57.52665],[12.04404,57.52661],[12.04398,57.52658],[12.04393,57.52655],[12.0439,57.52651],[12.04391,57.52647],[12.04395,57.52643],[12.04399,57.52635],[12.04406,57.52632],[12.0441,57.5263],[12.04418,57.52629],[12.04424,57.52627],[12.04435,57.52622],[12.04441,57.52618],[12.04444,57.52614],[12.04449,57.5261],[12.04453,57.52606],[12.04457,57.52602],[12.04459,57.52599],[12.04464,57.52594],[12.04468,57.52593],[12.04474,57.52591],[12.0448,57.5259],[12.04484,57.52589],[12.04484,57.52589],[12.04487,57.52587],[12.04491,57.52586],[12.04495,57.52584],[12.045,57.52583],[12.04504,57.52584],[12.04508,57.52584],[12.04513,57.52585],[12.04517,57.52587],[12.0452,57.52587],[12.04525,57.52587],[12.04529,57.52586],[12.04533,57.52585],[12.04537,57.52581],[12.04538,57.52575],[12.0454,57.5257],[12.04542,57.5256],[12.04545,57.52555],[12.0455,57.52551],[12.04556,57.52548],[12.04562,57.52545],[12.0457,57.52542],[12.04579,57.52538],[12.04587,57.52535],[12.04598,57.52532],[12.04609,57.52528],[12.04617,57.52524],[12.04621,57.52523],[12.04622,57.5252],[12.04621,57.52518],[12.04619,57.52516],[12.04618,57.52513],[12.04619,57.52511],[12.0462,57.5251],[12.04622,57.52508],[12.04622,57.52506],[12.04622,57.52503],[12.0462,57.52499],[12.04622,57.52496],[12.04626,57.52494],[12.04631,57.5249],[12.04635,57.52488],[12.04639,57.52485],[12.04643,57.52481],[12.04649,57.52474],[12.04653,57.52468],[12.04659,57.52462],[12.04668,57.52456],[12.04668,57.52456],[12.04689,57.52454],[12.04689,57.52454],[12.04689,57.52454],[12.04692,57.52449],[12.04692,57.52449],[12.04685,57.52443],[12.0468,57.52438],[12.04682,57.52434],[12.04687,57.52429],[12.04694,57.5243],[12.04698,57.52431],[12.04698,57.52431],[12.04698,57.52431],[12.04698,57.52431],[12.04699,57.52426],[12.04666,57.52362],[12.04611,57.52231],[12.04527,57.52018],[12.04483,57.51869],[12.04452,57.51777],[12.04438,57.51739],[12.04438,57.51739],[12.04438,57.51739],[12.04438,57.51739],[12.04438,57.51739],[12.04424,57.51741],[12.04393,57.51714],[12.04412,57.51708],[12.04412,57.51708],[12.04427,57.51709],[12.04427,57.51709],[12.04427,57.51709],[12.04427,57.51709],[12.04402,57.51636],[12.0436,57.51533],[12.0432,57.5142],[12.043,57.51361],[12.04285,57.51316],[12.0422,57.51237],[12.04139,57.51143],[12.04059,57.5106],[12.03942,57.50943],[12.03838,57.50831],[12.03735,57.50717],[12.03606,57.50574],[12.03508,57.50467],[12.03408,57.50369],[12.03375,57.5032],[12.0335,57.50301],[12.03233,57.50242],[12.03139,57.5019],[12.02957,57.50103],[12.02746,57.49998],[12.02542,57.49902],[12.02412,57.49837],[12.02368,57.49805],[12.01636,57.49606],[12.01636,57.49606],[12.01635,57.49606],[12.01635,57.49606],[12.01623,57.49621],[12.01469,57.49766],[12.01392,57.49857],[12.01392,57.49857],[12.01392,57.49857],[12.01575,57.49906],[12.01552,57.49952],[12.01523,57.49988],[12.01492,57.50027],[12.01453,57.50073],[12.01385,57.5011],[12.01309,57.5014],[12.01253,57.50157],[12.01227,57.50164],[12.01114,57.50037],[12.01114,57.50037],[12.01114,57.50037],[12.01011,57.50023],[12.00908,57.50015],[12.00857,57.50003],[12.00857,57.50003],[12.00857,57.50003],[12.00826,57.50048],[12.00737,57.50034],[12.00706,57.50023],[12.0063,57.50022],[12.00592,57.50008],[12.00518,57.49999],[12.00518,57.49999],[12.00518,57.49999],[12.00501,57.50024],[12.00387,57.50042],[12.00373,57.50038],[12.00372,57.50038],[12.00372,57.50038],[12.00217,57.50101],[12.00071,57.50116],[12.00071,57.50116],[12.00066,57.50122],[12.00061,57.50131],[12.00057,57.5014],[12.00051,57.50146],[12.00048,57.50151],[12.00051,57.50159],[12.00055,57.50171],[12.00056,57.50179],[12.00055,57.50188],[11.99979,57.50208],[11.99829,57.50242],[11.99661,57.50288],[11.99484,57.50335],[11.99362,57.5036],[11.99362,57.5036],[11.99308,57.50415],[11.99249,57.50458],[11.99249,57.50458],[11.99249,57.50458],[11.99435,57.50605],[11.99603,57.50749],[11.99787,57.50906],[11.99879,57.50985],[11.99879,57.50985],[11.99892,57.5099],[11.99915,57.51006],[11.99915,57.51007],[11.99915,57.51007],[12.00081,57.50952],[12.00267,57.51038],[12.00167,57.51139],[12.00167,57.51139],[12.00179,57.51151],[12.00143,57.51208],[12.00186,57.51252],[12.00229,57.51295],[12.00266,57.51392],[12.00205,57.51435],[12.00205,57.51435],[12.00164,57.5145],[12.00098,57.51491],[12.0007,57.51504],[12.0007,57.51504],[12.0007,57.51504],[12.00108,57.51529],[12.00047,57.51556],[11.99972,57.51587],[11.99947,57.51598],[11.99946,57.51598],[11.99906,57.51546],[11.99838,57.51461],[11.99838,57.51461],[11.99838,57.51461],[11.99838,57.51461],[11.99838,57.51461],[11.99804,57.51418],[11.99804,57.51418],[11.99804,57.51418],[11.99769,57.51426],[11.99739,57.51429],[11.99704,57.51362],[11.99704,57.51362],[11.99703,57.51361],[11.99688,57.51361],[11.9967,57.51362],[11.99648,57.51364],[11.99628,57.51366],[11.99619,57.51364],[11.99619,57.51365],[11.99619,57.51365],[11.99619,57.51365],[11.99655,57.51436],[11.99402,57.51456],[11.99235,57.51469],[11.99146,57.51324],[11.99146,57.51324],[11.99146,57.51324],[11.9869,57.51486],[11.9869,57.51486],[11.98686,57.51571],[11.98675,57.51779],[11.98669,57.51798],[11.98666,57.51815]]]},"properties":{"NVRID":"2001955","NAMN":"Sandsjöbacka","SKYDDSTYP":"Naturreservat","LAN":"Hallands Län","KOMMUN":"Kungsbacka, Mölndal","IUCNKATEGORI":"V, Skyddat landskap/havsområde (Protected Landscape/Seascape)","FORVALTARE":"Västkuststiftelsen","AREA_HA":1799.751,"URSPR_BESLUTSDATUM":"1969-11-28"}}]}