{"type":"FeatureCollection","features":[{"type":"Feature","geometry":{"type":"MultiPolygon","coordinates":[[[[17.19868,59.25155],[17.19898,59.25135],[17.19957,59.2512],[17.2011,59.25046],[17.20153,59.25024],[17.20235,59.24986],[17.20276,59.24968],[17.20276,59.24968],[17.20276,59.24968],[17.2034,59.24996],[17.20361,59.24981],[17.20345,59.24959],[17.2032,59.24946],[17.2032,59.24946],[17.2032,59.24946],[17.20344,59.24931],[17.20365,59.2493],[17.20429,59.2491],[17.20429,59.2491],[17.20454,59.24912],[17.20513,59.24911],[17.20573,59.24914],[17.20573,59.24914],[17.20597,59.24943],[17.20612,59.24969],[17.20627,59.24999],[17.20652,59.25025],[17.20655,59.25025],[17.20655,59.25025],[17.20846,59.25104],[17.2092,59.25162],[17.21181,59.25238],[17.21211,59.25253],[17.21211,59.25253],[17.2121,59.25256],[17.21222,59.25274],[17.21243,59.25458],[17.21244,59.25471],[17.21224,59.25497],[17.21224,59.25497],[17.21195,59.25505],[17.21092,59.25544],[17.21092,59.25544],[17.21081,59.25544],[17.21002,59.25591],[17.20846,59.2569],[17.20801,59.25726],[17.20749,59.25753],[17.20749,59.25753],[17.2067,59.25741],[17.2066,59.25739],[17.2066,59.25739],[17.20631,59.25691],[17.20612,59.25642],[17.20437,59.25566],[17.2039,59.25543],[17.2039,59.25543],[17.20402,59.2551],[17.20462,59.25475],[17.20445,59.25454],[17.20409,59.25391],[17.20275,59.25364],[17.20105,59.25437],[17.19991,59.25493],[17.19898,59.25511],[17.19761,59.25551],[17.19623,59.2557],[17.19581,59.25565],[17.19539,59.25544],[17.19539,59.25544],[17.19508,59.25402],[17.19521,59.2533],[17.19521,59.2533],[17.19584,59.25304],[17.19697,59.25244],[17.19777,59.25196],[17.19808,59.25172],[17.19827,59.25161],[17.19827,59.25161],[17.19868,59.25155]]]]},"properties":{"NVRID":"2001316","NAMN":"Gripsholms hjorthage","SKYDDSTYP":"Naturreservat","BESLUTSSTATUS":"Gällande","LAN":"Södermanlands Län","KOMMUN":"Strängnäs","IUCNKATEGORI":"IV, Habitat/Artskyddsområde (Habitat/Species Management Area)","FORVALTARE":"Statens Fastighetsverk","AREA_HA":48.51,"LAND_HA":48.51,"VATTEN_HA":0.0,"SKOG_HA":30.68,"URSPR_BESLUTSDATUM":"2001-06-15"}},{"type":"Feature","geometry":{"type":"MultiPolygon","coordinates":[[[[16.45258,58.71246],[16.45375,58.71239],[16.45414,58.71168],[16.4559,58.71069],[16.4576,58.71059],[16.45939,58.7106],[16.46085,58.71077],[16.46085,58.71077],[16.46113,58.7112],[16.46364,58.71084],[16.46447,58.71085],[16.46562,58.71094],[16.46692,58.71107],[16.46823,58.7111],[16.46891,58.71095],[16.46891,58.71095],[16.46933,58.711],[16.46933,58.71101],[16.46949,58.71134],[16.47035,58.71154],[16.47159,58.71194],[16.47265,58.71198],[16.4736,58.71212],[16.47392,58.71164],[16.47392,58.71164],[16.47393,58.71164],[16.47446,58.71175],[16.47509,58.71187],[16.47539,58.71192],[16.4758,58.71199],[16.47613,58.71204],[16.47664,58.7121],[16.47701,58.71214],[16.47794,58.71224],[16.4795,58.71241],[16.47988,58.71246],[16.48021,58.7125],[16.48069,58.71255],[16.48103,58.71259],[16.48131,58.71264],[16.48245,58.71277],[16.4826,58.71279],[16.48291,58.71283],[16.48318,58.71286],[16.48345,58.71291],[16.48373,58.71296],[16.48381,58.71297],[16.48457,58.71312],[16.48518,58.71328],[16.48525,58.71332],[16.48533,58.71337],[16.48541,58.71345],[16.4855,58.71356],[16.4856,58.71368],[16.48569,58.71381],[16.48574,58.7139],[16.48578,58.71401],[16.48583,58.71415],[16.48588,58.71435],[16.48594,58.71453],[16.48606,58.71479],[16.48619,58.71502],[16.48632,58.71524],[16.48635,58.7153],[16.4865,58.71557],[16.48653,58.71568],[16.48652,58.71576],[16.4865,58.71582],[16.48644,58.71599],[16.4864,58.71611],[16.4864,58.71624],[16.48644,58.71638],[16.48652,58.71653],[16.48673,58.71687],[16.48679,58.71699],[16.48678,58.71707],[16.48676,58.71713],[16.48671,58.71719],[16.48664,58.71724],[16.48657,58.71729],[16.48648,58.71733],[16.48634,58.71739],[16.48619,58.71744],[16.48599,58.7175],[16.48581,58.71754],[16.48503,58.71765],[16.48453,58.7177],[16.48426,58.71775],[16.48407,58.71781],[16.4839,58.71788],[16.48372,58.71798],[16.48361,58.71807],[16.48353,58.71816],[16.48349,58.71829],[16.4835,58.71842],[16.48356,58.71855],[16.48365,58.71868],[16.48374,58.71883],[16.48376,58.71891],[16.48374,58.71897],[16.48368,58.71902],[16.48356,58.71906],[16.48302,58.71924],[16.48208,58.71959],[16.48181,58.71971],[16.48161,58.71982],[16.48143,58.71997],[16.48136,58.72005],[16.4813,58.72017],[16.4813,58.72017],[16.4813,58.72017],[16.48097,58.72017],[16.48074,58.7201],[16.48051,58.72003],[16.48032,58.71999],[16.4801,58.71997],[16.47993,58.71997],[16.47973,58.72],[16.47954,58.72006],[16.47904,58.72025],[16.47883,58.72032],[16.47871,58.72035],[16.4786,58.72037],[16.47848,58.72038],[16.47826,58.72037],[16.47826,58.72037],[16.47814,58.72028],[16.47772,58.72037],[16.47732,58.72027],[16.47615,58.72017],[16.47459,58.72024],[16.4739,58.7199],[16.47305,58.71917],[16.47213,58.71803],[16.47081,58.71831],[16.46974,58.71842],[16.4696,58.7196],[16.46816,58.72065],[16.46816,58.72065],[16.46816,58.72065],[16.46607,58.7202],[16.46483,58.71978],[16.46164,58.72009],[16.45847,58.72043],[16.45847,58.72043],[16.45847,58.72043],[16.45805,58.71989],[16.45805,58.71989],[16.45805,58.71989],[16.45805,58.71989],[16.45913,58.71978],[16.46039,58.71854],[16.46133,58.71751],[16.46162,58.71546],[16.46162,58.71546],[16.46287,58.71504],[16.45785,58.71484],[16.45785,58.71484],[16.45712,58.71461],[16.45712,58.71461],[16.45655,58.71354],[16.45498,58.71335],[16.45403,58.71372],[16.45403,58.71372],[16.45402,58.71372],[16.45195,58.71291],[16.45194,58.71291],[16.45194,58.71291],[16.45258,58.71246],[16.45258,58.71246]],[[16.48021,58.72243],[16.48026,58.72234],[16.4802,58.72218],[16.48022,58.72195],[16.48024,58.72185],[16.48027,58.72179],[16.48031,58.72176],[16.48038,58.72168],[16.48047,58.72161],[16.48069,58.72145],[16.48079,58.72136],[16.48087,58.72127],[16.48092,58.72117],[16.48097,58.72106],[16.48103,58.72089],[16.48122,58.72071],[16.48128,58.72055],[16.48151,58.7202],[16.48156,58.72009],[16.48161,58.72002],[16.48177,58.71989],[16.48195,58.71979],[16.48221,58.71968],[16.48314,58.71933],[16.48367,58.71915],[16.48383,58.71909],[16.48394,58.71901],[16.48397,58.71891],[16.48394,58.7188],[16.48384,58.71865],[16.48376,58.71852],[16.48371,58.71841],[16.4837,58.7183],[16.48373,58.71819],[16.48379,58.71812],[16.48388,58.71804],[16.48404,58.71796],[16.48419,58.7179],[16.48436,58.71785],[16.48459,58.7178],[16.48508,58.71775],[16.48587,58.71764],[16.48608,58.7176],[16.4863,58.71753],[16.48646,58.71748],[16.48661,58.71742],[16.48672,58.71736],[16.48681,58.7173],[16.48689,58.71724],[16.48695,58.71716],[16.48699,58.71709],[16.487,58.71698],[16.48693,58.71684],[16.48672,58.7165],[16.48664,58.71636],[16.48661,58.71623],[16.48661,58.71612],[16.48665,58.71601],[16.4867,58.71584],[16.48699,58.71527],[16.48719,58.71502],[16.48727,58.71493],[16.48736,58.71486],[16.48748,58.71481],[16.48762,58.71476],[16.48778,58.71473],[16.48799,58.7147],[16.4882,58.71468],[16.4884,58.71467],[16.48859,58.71468],[16.48877,58.71471],[16.48903,58.71476],[16.4893,58.71483],[16.48958,58.71494],[16.48992,58.71507],[16.49035,58.71525],[16.49053,58.71537],[16.49087,58.7159],[16.49103,58.716],[16.49143,58.71611],[16.49159,58.71617],[16.4919,58.71628],[16.49214,58.71639],[16.49235,58.71648],[16.49278,58.71669],[16.49296,58.71677],[16.49315,58.71685],[16.49339,58.71693],[16.49358,58.71698],[16.4938,58.71703],[16.49411,58.71708],[16.49422,58.7171],[16.4949,58.71721],[16.49558,58.71725],[16.4959,58.71723],[16.49654,58.71711],[16.49812,58.7169],[16.49864,58.71683],[16.49897,58.71669],[16.49897,58.71669],[16.49897,58.71669],[16.49897,58.71669],[16.50069,58.71809],[16.5012,58.71889],[16.50331,58.71954],[16.5042,58.71976],[16.50472,58.7186],[16.5051,58.71799],[16.50579,58.71696],[16.50579,58.71696],[16.50579,58.71696],[16.50622,58.71718],[16.50627,58.71728],[16.50627,58.71728],[16.50617,58.71737],[16.50588,58.71762],[16.5058,58.7177],[16.50567,58.71785],[16.50559,58.71796],[16.50549,58.71809],[16.50545,58.71816],[16.50543,58.71823],[16.50543,58.71832],[16.50546,58.7184],[16.50554,58.71854],[16.50557,58.71861],[16.50557,58.71866],[16.50555,58.71871],[16.50553,58.71878],[16.50548,58.71886],[16.50545,58.71894],[16.50539,58.71911],[16.50535,58.7192],[16.50529,58.71928],[16.5052,58.71941],[16.50516,58.71948],[16.50512,58.71957],[16.50509,58.71971],[16.50506,58.7198],[16.50502,58.7199],[16.50481,58.72023],[16.50475,58.72033],[16.50472,58.72043],[16.50473,58.72051],[16.50474,58.72056],[16.50478,58.72063],[16.50484,58.7207],[16.5049,58.72075],[16.505,58.7208],[16.50514,58.72085],[16.50521,58.72089],[16.50528,58.72094],[16.50534,58.721],[16.50539,58.72108],[16.50542,58.72116],[16.50543,58.72122],[16.50544,58.72132],[16.50545,58.72142],[16.50544,58.72153],[16.50543,58.72161],[16.50541,58.72169],[16.50537,58.72176],[16.50532,58.72183],[16.50523,58.72193],[16.50516,58.722],[16.50512,58.72207],[16.50509,58.72214],[16.50508,58.7222],[16.50509,58.72224],[16.50511,58.72229],[16.50519,58.72237],[16.5053,58.72247],[16.50566,58.72275],[16.50578,58.72284],[16.50584,58.72289],[16.50594,58.72297],[16.506,58.72302],[16.50603,58.72305],[16.50606,58.72309],[16.50607,58.72312],[16.50607,58.72312],[16.50603,58.72317],[16.50595,58.72322],[16.5056,58.72339],[16.50548,58.72344],[16.50531,58.72349],[16.50514,58.72354],[16.5048,58.72361],[16.50447,58.72368],[16.50433,58.72371],[16.50406,58.72378],[16.50379,58.72384],[16.50362,58.72387],[16.50347,58.72389],[16.50328,58.72392],[16.50247,58.724],[16.50219,58.72404],[16.50176,58.72411],[16.50141,58.72417],[16.50117,58.7242],[16.50071,58.72426],[16.49992,58.72436],[16.49973,58.7244],[16.49949,58.72445],[16.4993,58.7245],[16.49913,58.72456],[16.49899,58.72464],[16.49891,58.72469],[16.49866,58.72488],[16.49858,58.72492],[16.49849,58.72496],[16.49839,58.72499],[16.49828,58.72502],[16.49815,58.72504],[16.49785,58.72507],[16.49768,58.72509],[16.49751,58.72512],[16.49735,58.72515],[16.49698,58.72525],[16.49688,58.72528],[16.4968,58.72529],[16.49672,58.7253],[16.49663,58.7253],[16.49654,58.72528],[16.49625,58.72519],[16.49611,58.72515],[16.49591,58.72511],[16.49574,58.72508],[16.49562,58.72507],[16.49546,58.72506],[16.49531,58.72505],[16.49513,58.72507],[16.49494,58.7251],[16.49478,58.72513],[16.49456,58.72517],[16.49437,58.72519],[16.4941,58.72522],[16.49345,58.72529],[16.4927,58.72536],[16.49251,58.72538],[16.49228,58.72542],[16.49192,58.72547],[16.49164,58.7255],[16.49139,58.72553],[16.49118,58.72555],[16.49095,58.72556],[16.49076,58.72557],[16.49052,58.72552],[16.49043,58.72553],[16.49036,58.7256],[16.49014,58.72568],[16.49008,58.7257],[16.48923,58.72601],[16.48906,58.72607],[16.48894,58.72611],[16.4888,58.72614],[16.48867,58.72616],[16.48853,58.72618],[16.48832,58.72621],[16.48803,58.72625],[16.48744,58.72635],[16.4871,58.7264],[16.4869,58.72642],[16.48675,58.72643],[16.4866,58.72644],[16.48618,58.72644],[16.48586,58.72638],[16.48586,58.72638],[16.48586,58.72638],[16.48586,58.72638],[16.48649,58.72614],[16.48768,58.72568],[16.48837,58.72567],[16.48988,58.72497],[16.49039,58.72453],[16.48964,58.72426],[16.48964,58.72426],[16.48973,58.72263],[16.48451,58.72256],[16.48316,58.72321],[16.48224,58.72365],[16.48112,58.72378],[16.48112,58.72378],[16.48112,58.72378],[16.48003,58.72253],[16.48003,58.72253],[16.48003,58.72253],[16.48021,58.72243]]]]},"properties":{"NVRID":"2059461","NAMN":"Brännsjöarna","SKYDDSTYP":"Naturreservat","BESLUTSSTATUS":"Gällande","LAN":"Södermanlands Län","KOMMUN":"Nyköping","IUCNKATEGORI":"IV, Habitat/Artskyddsområde (Habitat/Species Management Area)","FORVALTARE":"Länsstyrelsen i Södermanlands län","AREA_HA":249.82,"LAND_HA":248.56,"VATTEN_HA":1.26,"SKOG_HA":173.41,"URSPR_BESLUTSDATUM":"2024-04-22"}},{"type":"Feature","geometry":{"type":"MultiPolygon","coordinates":[[[[16.84026,59.24227],[16.84034,59.24226],[16.84076,59.24216],[16.84116,59.24199],[16.84146,59.24186],[16.84168,59.24173],[16.84181,59.24164],[16.84197,59.24158],[16.84217,59.24145],[16.84222,59.24138],[16.84224,59.24134],[16.84223,59.24121],[16.84224,59.24113],[16.84224,59.24113],[16.84224,59.24113],[16.84239,59.24111],[16.8426,59.2411],[16.84278,59.24111],[16.84283,59.2411],[16.84307,59.24099],[16.84345,59.24081],[16.84364,59.24076],[16.84376,59.24075],[16.8439,59.24076],[16.84509,59.24097],[16.84523,59.24098],[16.84541,59.24101],[16.84558,59.24102],[16.84585,59.24109],[16.84599,59.24111],[16.8463,59.24116],[16.84639,59.24117],[16.84653,59.2412],[16.84669,59.24122],[16.84678,59.24123],[16.84694,59.24124],[16.84722,59.24124],[16.84734,59.24123],[16.84758,59.24123],[16.84758,59.24123],[16.84758,59.24123],[16.84768,59.24138],[16.84942,59.242],[16.84983,59.24279],[16.8539,59.24224],[16.8539,59.24224],[16.8539,59.24224],[16.85488,59.24299],[16.85488,59.24299],[16.85488,59.243],[16.85401,59.24373],[16.85599,59.24475],[16.85599,59.24475],[16.85599,59.24475],[16.85433,59.24638],[16.85433,59.24638],[16.85432,59.24638],[16.85428,59.24637],[16.85403,59.24637],[16.85403,59.24637],[16.8538,59.2463],[16.85366,59.24626],[16.85354,59.24617],[16.85306,59.24601],[16.85265,59.24591],[16.85222,59.24581],[16.85167,59.24583],[16.85116,59.24585],[16.85106,59.24586],[16.85093,59.24587],[16.85085,59.24588],[16.85053,59.2459],[16.85034,59.24587],[16.84983,59.24587],[16.84959,59.24593],[16.84943,59.24596],[16.84927,59.24598],[16.84912,59.24601],[16.84903,59.24603],[16.84896,59.24607],[16.84878,59.24627],[16.84878,59.24627],[16.84878,59.24627],[16.84763,59.24579],[16.84748,59.24558],[16.84742,59.24544],[16.84731,59.24534],[16.84711,59.24526],[16.84662,59.24515],[16.8461,59.24507],[16.84584,59.24507],[16.84515,59.2451],[16.84423,59.24527],[16.84381,59.24535],[16.84381,59.24535],[16.84068,59.24469],[16.83848,59.24449],[16.83847,59.24449],[16.83847,59.24449],[16.83855,59.24387],[16.84026,59.24227],[16.84026,59.24227]]]]},"properties":{"NVRID":"2001312","NAMN":"Bråtön","SKYDDSTYP":"Naturreservat","BESLUTSSTATUS":"Gällande","LAN":"Södermanlands Län","KOMMUN":"Strängnäs","IUCNKATEGORI":"IV, Habitat/Artskyddsområde (Habitat/Species Management Area)","FORVALTARE":"Länsstyrelsen i Södermanlands län","AREA_HA":36.82,"LAND_HA":36.79,"VATTEN_HA":0.03,"SKOG_HA":27.5,"URSPR_BESLUTSDATUM":"1997-12-19"}},{"type":"Feature","geometry":{"type":"MultiPolygon","coordinates":[[[[16.6606,59.09878],[16.65659,59.09798],[16.65435,59.09591],[16.65435,59.09591],[16.65435,59.09591],[16.65435,59.0959],[16.65902,59.09559],[16.66316,59.09532],[16.66846,59.09498],[16.66886,59.09495],[16.67037,59.09485],[16.67245,59.09471],[16.67365,59.09464],[16.67421,59.09479],[16.67609,59.09533],[16.67663,59.09548],[16.67688,59.09556],[16.67753,59.09563],[16.68167,59.09618],[16.68167,59.09618],[16.68167,59.09618],[16.68094,59.09775],[16.67887,59.10075],[16.67887,59.10075],[16.67886,59.10075],[16.66583,59.10035],[16.66475,59.10047],[16.66127,59.10094],[16.65823,59.10134],[16.65423,59.10276],[16.65423,59.10276],[16.65423,59.10276],[16.65353,59.10197],[16.65352,59.10197],[16.65353,59.10197],[16.65353,59.10197],[16.65558,59.1016],[16.65621,59.10143],[16.65642,59.10137],[16.65654,59.10132],[16.65759,59.10091],[16.65778,59.10081],[16.65859,59.10033],[16.6606,59.09878]]]]},"properties":{"NVRID":"2047258","NAMN":"Björknäset","SKYDDSTYP":"Naturreservat","BESLUTSSTATUS":"Gällande","LAN":"Södermanlands Län","KOMMUN":"Flen","IUCNKATEGORI":"Ia, Strikt naturreservat (Strict Nature Reserve)","FORVALTARE":"Länsstyrelsen i Södermanlands län","AREA_HA":81.23,"LAND_HA":33.47,"VATTEN_HA":47.76,"SKOG_HA":31.21,"URSPR_BESLUTSDATUM":"2017-06-21"}},{"type":"Feature","geometry":{"type":"MultiPolygon","coordinates":[[[[16.90628,59.47958],[16.90994,59.46591],[16.91587,59.46119],[16.9167,59.45918],[16.91458,59.45734],[16.91458,59.45734],[16.91458,59.45734],[16.92556,59.45193],[16.9333,59.44814],[16.93866,59.44645],[16.93867,59.44645],[16.93867,59.44645],[16.94842,59.44853],[16.94842,59.44853],[16.94842,59.44853],[16.9483,59.44904],[16.94807,59.45139],[16.94636,59.45341],[16.94595,59.4539],[16.94343,59.45608],[16.95099,59.46477],[16.95538,59.46825],[16.95987,59.46842],[16.95987,59.46842],[16.95987,59.46842],[16.95987,59.46842],[16.95987,59.46842],[16.95264,59.4734],[16.94363,59.47942],[16.93518,59.48509],[16.93518,59.48509],[16.93518,59.48509],[16.91799,59.48312],[16.91748,59.48318],[16.91699,59.48321],[16.91657,59.48323],[16.91603,59.48321],[16.9157,59.48316],[16.91531,59.483],[16.91498,59.4827],[16.90628,59.47958],[16.90628,59.47958],[16.90628,59.47958]],[[16.94185,59.46321],[16.94216,59.46344],[16.94227,59.46345],[16.9423,59.46338],[16.9423,59.46337],[16.9423,59.46337],[16.94257,59.46339],[16.94256,59.46319],[16.94241,59.46297],[16.94219,59.46295],[16.94185,59.46321]],[[16.92645,59.45741],[16.92732,59.45747],[16.92744,59.45722],[16.92661,59.45709],[16.92645,59.45741]],[[16.93831,59.46362],[16.93859,59.46378],[16.93887,59.4639],[16.93908,59.46383],[16.93899,59.46373],[16.93899,59.46373],[16.93915,59.46352],[16.93871,59.46335],[16.93831,59.46362]],[[16.93837,59.46284],[16.93846,59.46289],[16.93883,59.46297],[16.93911,59.46295],[16.93929,59.46299],[16.93929,59.463],[16.93929,59.463],[16.93924,59.46307],[16.93945,59.46314],[16.93978,59.46271],[16.93925,59.46255],[16.93855,59.4628],[16.93855,59.4628],[16.93855,59.4628],[16.93848,59.46278],[16.93837,59.46284]],[[16.92751,59.45673],[16.92804,59.45683],[16.92804,59.45683],[16.92804,59.45683],[16.92788,59.45722],[16.92907,59.45735],[16.92961,59.45641],[16.9278,59.45624],[16.92751,59.45673]]]]},"properties":{"NVRID":"2054261","NAMN":"Segersön","SKYDDSTYP":"Naturreservat","BESLUTSSTATUS":"Gällande","LAN":"Södermanlands Län","KOMMUN":"Strängnäs, Västerås","IUCNKATEGORI":"Ia, Strikt naturreservat (Strict Nature Reserve)","FORVALTARE":"Länsstyrelsen i Södermanlands län","AREA_HA":778.79,"LAND_HA":132.03,"VATTEN_HA":646.76,"SKOG_HA":100.57,"URSPR_BESLUTSDATUM":"2024-12-09"}},{"type":"Feature","geometry":{"type":"MultiPolygon","coordinates":[[[[16.31491,59.06984],[16.31494,59.06967],[16.31494,59.06967],[16.3154,59.06947],[16.31547,59.06933],[16.31537,59.06917],[16.31537,59.06917],[16.31537,59.06916],[16.31786,59.06829],[16.31786,59.06829],[16.31786,59.06829],[16.31786,59.06829],[16.31778,59.06964],[16.31765,59.07014],[16.31804,59.0703],[16.31856,59.07034],[16.31856,59.07034],[16.31856,59.07034],[16.31859,59.0705],[16.31866,59.07052],[16.31924,59.07058],[16.31924,59.07058],[16.31924,59.07058],[16.31927,59.07078],[16.31931,59.071],[16.31936,59.07128],[16.31938,59.0715],[16.31944,59.07167],[16.31943,59.07172],[16.31942,59.07174],[16.3194,59.07179],[16.31939,59.07183],[16.31938,59.07188],[16.31938,59.07192],[16.31939,59.07196],[16.31941,59.072],[16.31941,59.072],[16.31939,59.07202],[16.31936,59.07204],[16.31934,59.07206],[16.31936,59.07208],[16.31939,59.0721],[16.31944,59.07213],[16.31944,59.07216],[16.31945,59.0722],[16.31944,59.07224],[16.31943,59.07229],[16.31941,59.07234],[16.31939,59.07238],[16.31937,59.07241],[16.31936,59.07243],[16.31933,59.07249],[16.31932,59.07252],[16.31931,59.07256],[16.3193,59.0726],[16.31928,59.07264],[16.31927,59.07268],[16.31925,59.07271],[16.31922,59.07274],[16.31917,59.07279],[16.31914,59.07282],[16.31911,59.07285],[16.31907,59.07287],[16.31903,59.07289],[16.31899,59.0729],[16.31896,59.0729],[16.31894,59.07293],[16.31893,59.07295],[16.31892,59.07298],[16.31891,59.07302],[16.31888,59.07304],[16.31886,59.07308],[16.31884,59.07311],[16.31882,59.07313],[16.31877,59.07315],[16.31872,59.07317],[16.31868,59.07318],[16.31863,59.07317],[16.31859,59.07316],[16.31855,59.07314],[16.3185,59.07312],[16.31846,59.07312],[16.31846,59.07312],[16.31846,59.07312],[16.31846,59.07312],[16.31817,59.07298],[16.31817,59.07298],[16.31817,59.07298],[16.31838,59.07284],[16.31855,59.07254],[16.3187,59.07239],[16.31874,59.07232],[16.31873,59.07215],[16.31869,59.07207],[16.3185,59.07181],[16.31845,59.07157],[16.3184,59.07146],[16.31829,59.07136],[16.31819,59.07131],[16.318,59.07126],[16.3177,59.07121],[16.31759,59.07118],[16.3174,59.07108],[16.31686,59.07085],[16.31627,59.07046],[16.31598,59.07029],[16.31525,59.06994],[16.31497,59.07003],[16.31497,59.07003],[16.31497,59.07003],[16.31497,59.07003],[16.31491,59.06984]]]]},"properties":{"NVRID":"2001877","NAMN":"Jägernåsen","SKYDDSTYP":"Naturreservat","BESLUTSSTATUS":"Gällande","LAN":"Södermanlands Län","KOMMUN":"Katrineholm","IUCNKATEGORI":"III, Naturmonument (Natural Monument)","FORVALTARE":"Länsstyrelsen i Södermanlands län","AREA_HA":4.84,"LAND_HA":4.84,"VATTEN_HA":0.0,"SKOG_HA":1.57,"URSPR_BESLUTSDATUM":"1957-11-29"}},{"type":"Feature","geometry":{"type":"MultiPolygon","coordinates":[[[[16.99513,58.76214],[16.99645,58.7628],[16.99884,58.76145],[16.99884,58.76145],[17.00316,58.76226],[17.00392,58.76117],[17.00406,58.76106],[17.00406,58.76106],[17.00406,58.76106],[17.00429,58.76111],[17.00429,58.76112],[17.00434,58.76126],[17.00439,58.76132],[17.00447,58.76136],[17.00461,58.76131],[17.00462,58.76131],[17.00462,58.76131],[17.00462,58.76131],[17.00462,58.76133],[17.0047,58.76142],[17.00494,58.76163],[17.00492,58.76182],[17.00497,58.76188],[17.00504,58.76185],[17.00525,58.76184],[17.00569,58.76177],[17.0055,58.76151],[17.00518,58.76117],[17.0051,58.7611],[17.00483,58.76103],[17.00477,58.76097],[17.00467,58.76088],[17.00467,58.76088],[17.00467,58.76088],[17.00497,58.7608],[17.00561,58.76062],[17.00561,58.76062],[17.00592,58.76067],[17.00612,58.76066],[17.0066,58.76074],[17.00693,58.76089],[17.00721,58.7611],[17.00747,58.76135],[17.00753,58.76163],[17.00748,58.76186],[17.00741,58.76194],[17.00716,58.76209],[17.00811,58.76226],[17.00811,58.76226],[17.00822,58.76234],[17.00822,58.76234],[17.00809,58.76246],[17.00766,58.76278],[17.00764,58.7628],[17.00738,58.76316],[17.00734,58.76325],[17.00724,58.76337],[17.00698,58.76357],[17.0066,58.76376],[17.00628,58.76404],[17.00584,58.76424],[17.00552,58.7645],[17.00543,58.76473],[17.00483,58.76506],[17.00463,58.76521],[17.00462,58.76526],[17.00465,58.76547],[17.00472,58.76574],[17.00478,58.76595],[17.00451,58.76624],[17.00463,58.76636],[17.00463,58.76636],[17.00463,58.76636],[17.00463,58.76636],[17.00458,58.76636],[17.00444,58.76658],[17.00503,58.76705],[17.00572,58.76761],[17.00631,58.76804],[17.00656,58.76811],[17.00718,58.76823],[17.00718,58.76824],[17.00718,58.76824],[17.00718,58.76824],[17.00714,58.76827],[17.00705,58.76888],[17.007,58.76942],[17.00695,58.7696],[17.00695,58.7696],[17.00695,58.7696],[17.00695,58.7696],[17.00668,58.76956],[17.00445,58.7694],[17.00405,58.76931],[17.0034,58.76924],[17.0027,58.76921],[17.00182,58.76921],[16.99923,58.76876],[16.9988,58.76865],[16.99866,58.7686],[16.99759,58.76828],[16.99688,58.76806],[16.99642,58.76788],[16.99612,58.76774],[16.99598,58.76763],[16.99562,58.76739],[16.99547,58.76733],[16.99514,58.76722],[16.9949,58.76705],[16.99467,58.76691],[16.99449,58.76678],[16.99421,58.76666],[16.99394,58.76652],[16.9937,58.76634],[16.99334,58.76599],[16.99319,58.76588],[16.9929,58.76557],[16.99281,58.76551],[16.99267,58.76536],[16.9926,58.7652],[16.99254,58.76503],[16.99234,58.76476],[16.99234,58.76476],[16.99243,58.76463],[16.99262,58.76454],[16.99282,58.76446],[16.99302,58.76438],[16.99331,58.7642],[16.9935,58.76396],[16.99348,58.76374],[16.99321,58.76348],[16.99294,58.76327],[16.99293,58.76323],[16.99294,58.76319],[16.99317,58.76307],[16.99344,58.76294],[16.99433,58.76252],[16.99468,58.76238],[16.99513,58.76214],[16.99513,58.76214],[16.99513,58.76214]],[[17.00111,58.77332],[17.00116,58.77305],[17.00053,58.77298],[17.00011,58.77295],[16.99973,58.77295],[16.99955,58.77297],[16.99922,58.77299],[16.99921,58.77299],[16.99921,58.77299],[16.9993,58.77276],[16.99927,58.77247],[16.99916,58.77227],[16.99888,58.77202],[16.99873,58.77164],[16.99871,58.77137],[16.99895,58.77076],[16.99902,58.77053],[16.99897,58.77044],[16.99902,58.77029],[16.99923,58.76982],[16.9993,58.76968],[16.9993,58.76968],[16.9993,58.76968],[16.9993,58.76968],[17.00116,58.76997],[17.0024,58.77019],[17.00286,58.77031],[17.00286,58.77031],[17.00286,58.77031],[17.00273,58.77104],[17.00313,58.77109],[17.00326,58.77111],[17.00362,58.77138],[17.00386,58.77149],[17.00386,58.77149],[17.00379,58.77166],[17.00372,58.77203],[17.0035,58.77287],[17.0035,58.77287],[17.00325,58.77301],[17.00327,58.77349],[17.00327,58.77349],[17.00327,58.77349],[17.00327,58.77349],[17.00112,58.77332],[17.00111,58.77332],[17.00111,58.77332]]]]},"properties":{"NVRID":"2010858","NAMN":"Hållet-Marieberg-Stenbro","SKYDDSTYP":"Naturreservat","BESLUTSSTATUS":"Överklagat","LAN":"Södermanlands Län","KOMMUN":"Nyköping","IUCNKATEGORI":"IV, Habitat/Artskyddsområde (Habitat/Species Management Area)","FORVALTARE":"Länsstyrelsen i Södermanlands län","AREA_HA":0.0,"LAND_HA":null,"VATTEN_HA":null,"SKOG_HA":null,"URSPR_BESLUTSDATUM":"2006-11-14"}},{"type":"Feature","geometry":{"type":"MultiPolygon","coordinates":[[[[16.23452,58.88365],[16.23358,58.88344],[16.23358,58.88344],[16.23358,58.88344],[16.23358,58.88344],[16.23389,58.88323],[16.23466,58.88262],[16.23436,58.88248],[16.23436,58.88248],[16.23436,58.88248],[16.23436,58.88248],[16.23657,58.8818],[16.23843,58.88126],[16.24365,58.87983],[16.24365,58.87983],[16.24365,58.87983],[16.24499,58.88041],[16.24704,58.88048],[16.24705,58.88048],[16.24705,58.88048],[16.24705,58.88048],[16.24705,58.88048],[16.24652,58.88104],[16.24661,58.8812],[16.24661,58.88121],[16.24626,58.88139],[16.24626,58.88139],[16.24535,58.88129],[16.24477,58.88142],[16.24433,58.88157],[16.24422,58.88198],[16.24389,58.88217],[16.24389,58.88217],[16.243,58.882],[16.23691,58.8856],[16.23691,58.8856],[16.23637,58.88557],[16.23601,58.8857],[16.23518,58.88589],[16.23453,58.88585],[16.23453,58.88585],[16.23342,58.88521],[16.23342,58.88521],[16.23342,58.88521],[16.23412,58.88466],[16.23508,58.88411],[16.23452,58.88365]]]]},"properties":{"NVRID":"2058841","NAMN":"Slängbäcken","SKYDDSTYP":"Naturreservat","BESLUTSSTATUS":"Gällande","LAN":"Södermanlands Län","KOMMUN":"Katrineholm","IUCNKATEGORI":"Ia, Strikt naturreservat (Strict Nature Reserve)","FORVALTARE":"Länsstyrelsen i Södermanlands län","AREA_HA":21.2,"LAND_HA":21.2,"VATTEN_HA":0.0,"SKOG_HA":19.31,"URSPR_BESLUTSDATUM":"2023-12-11"}},{"type":"Feature","geometry":{"type":"MultiPolygon","coordinates":[[[[16.8032,58.62527],[16.80336,58.625],[16.80373,58.62473],[16.80425,58.62444],[16.80469,58.62428],[16.80599,58.62397],[16.80638,58.62332],[16.80638,58.62332],[16.80638,58.62332],[16.80774,58.62362],[16.80833,58.6237],[16.80915,58.62373],[16.8098,58.62366],[16.81035,58.62355],[16.81081,58.62295],[16.80979,58.6227],[16.80948,58.62266],[16.80897,58.62265],[16.80865,58.62258],[16.80865,58.62258],[16.80865,58.62258],[16.80865,58.62258],[16.80874,58.62243],[16.80902,58.62183],[16.80734,58.62141],[16.80734,58.62141],[16.80734,58.62141],[16.80734,58.62141],[16.8074,58.62137],[16.8074,58.62137],[16.80749,58.62137],[16.8075,58.62131],[16.80758,58.62124],[16.8077,58.62116],[16.80783,58.62111],[16.80786,58.62107],[16.80781,58.62105],[16.8078,58.62105],[16.8078,58.62105],[16.80787,58.621],[16.80799,58.62096],[16.80799,58.62096],[16.80799,58.62096],[16.80804,58.62099],[16.80812,58.62099],[16.80826,58.62098],[16.80841,58.62094],[16.80862,58.62094],[16.8087,58.62093],[16.80876,58.62091],[16.80883,58.62086],[16.80883,58.62086],[16.80899,58.62084],[16.80916,58.62085],[16.80926,58.62088],[16.80933,58.62088],[16.80942,58.62085],[16.80957,58.62081],[16.80976,58.62079],[16.80989,58.62076],[16.81002,58.62073],[16.81015,58.62072],[16.81026,58.62071],[16.81034,58.62067],[16.81034,58.62067],[16.81049,58.62065],[16.81056,58.62062],[16.81067,58.62058],[16.81089,58.62055],[16.81109,58.62055],[16.8114,58.62054],[16.8117,58.62053],[16.81205,58.62054],[16.81229,58.62053],[16.81263,58.62052],[16.81272,58.6205],[16.81272,58.6205],[16.81279,58.62054],[16.81286,58.62054],[16.81312,58.62054],[16.81332,58.62058],[16.8135,58.6206],[16.81367,58.62061],[16.81379,58.62062],[16.81391,58.62059],[16.81398,58.62054],[16.81408,58.62051],[16.81444,58.62053],[16.81475,58.62049],[16.81499,58.62045],[16.81516,58.62042],[16.81524,58.62038],[16.81524,58.62038],[16.81535,58.62041],[16.81557,58.62044],[16.81584,58.62048],[16.81607,58.6205],[16.81621,58.62053],[16.81621,58.62053],[16.81621,58.62053],[16.81621,58.62058],[16.81621,58.62058],[16.81621,58.62058],[16.81621,58.62058],[16.81614,58.62058],[16.81619,58.6209],[16.81667,58.62201],[16.81644,58.62249],[16.81625,58.623],[16.81625,58.623],[16.81381,58.62354],[16.81356,58.62431],[16.81299,58.62491],[16.8114,58.62534],[16.81104,58.62598],[16.80971,58.62645],[16.80944,58.62662],[16.80943,58.62662],[16.80943,58.62662],[16.80759,58.62555],[16.80717,58.62553],[16.80468,58.62537],[16.8032,58.62527],[16.8032,58.62527],[16.8032,58.62527],[16.8032,58.62527]]]]},"properties":{"NVRID":"2029231","NAMN":"Fyrbergets naturreservat","SKYDDSTYP":"Naturreservat","BESLUTSSTATUS":"Gällande","LAN":"Södermanlands Län","KOMMUN":"Nyköping","IUCNKATEGORI":"Ia, Strikt naturreservat (Strict Nature Reserve)","FORVALTARE":"Länsstyrelsen i Södermanlands län","AREA_HA":25.62,"LAND_HA":25.62,"VATTEN_HA":0.0,"SKOG_HA":18.95,"URSPR_BESLUTSDATUM":"2015-06-10"}},{"type":"Feature","geometry":{"type":"MultiPolygon","coordinates":[[[[16.06071,59.11719],[16.0607,59.11723],[16.0607,59.11723],[16.0607,59.11723],[16.05814,59.11699],[16.05763,59.1169],[16.05763,59.1169],[16.05736,59.11671],[16.05724,59.11657],[16.05722,59.11641],[16.05731,59.11616],[16.05746,59.11597],[16.05766,59.11555],[16.05779,59.11512],[16.05846,59.1132],[16.05892,59.11288],[16.06148,59.11228],[16.06239,59.11232],[16.06332,59.11228],[16.06527,59.11211],[16.0656,59.11204],[16.0656,59.11204],[16.0656,59.11204],[16.06586,59.11223],[16.06612,59.11272],[16.06712,59.11366],[16.06683,59.1148],[16.06825,59.11477],[16.0688,59.11486],[16.07008,59.11501],[16.07108,59.11518],[16.07108,59.11518],[16.07108,59.11518],[16.07108,59.11518],[16.06892,59.1166],[16.0676,59.11745],[16.06708,59.11788],[16.06708,59.11788],[16.06708,59.11788],[16.06263,59.11747],[16.06229,59.11738],[16.06089,59.11724],[16.06089,59.11724],[16.06089,59.11724],[16.0609,59.11719],[16.06071,59.11719]]]]},"properties":{"NVRID":"2029049","NAMN":"Strandhagen","SKYDDSTYP":"Naturreservat","BESLUTSSTATUS":"Gällande","LAN":"Södermanlands Län","KOMMUN":"Katrineholm","IUCNKATEGORI":"Ia, Strikt naturreservat (Strict Nature Reserve)","FORVALTARE":"Länsstyrelsen i Södermanlands län","AREA_HA":32.86,"LAND_HA":32.86,"VATTEN_HA":0.0,"SKOG_HA":31.79,"URSPR_BESLUTSDATUM":"2011-12-19"}},{"type":"Feature","geometry":{"type":"MultiPolygon","coordinates":[[[[17.19266,58.99365],[17.19346,58.98831],[17.19546,58.98604],[17.19967,58.98156],[17.19967,58.98156],[17.19967,58.98156],[17.19967,58.98156],[17.20341,58.98453],[17.20375,58.98907],[17.20207,58.99137],[17.20334,58.99344],[17.20298,58.99471],[17.20298,58.99471],[17.20298,58.99471],[17.20011,58.99441],[17.20006,58.99452],[17.20006,58.99452],[17.19992,58.99457],[17.19879,58.99498],[17.19816,58.99508],[17.19761,58.99514],[17.19685,58.99538],[17.19566,58.99564],[17.19499,58.99586],[17.19506,58.99624],[17.19506,58.99624],[17.19506,58.99624],[17.19408,58.99652],[17.18815,58.99875],[17.18815,58.99875],[17.18815,58.99875],[17.18815,58.99875],[17.18673,58.99761],[17.18673,58.99761],[17.18673,58.99761],[17.18724,58.99725],[17.19266,58.99365]]]]},"properties":{"NVRID":"2001322","NAMN":"Utnäset","SKYDDSTYP":"Naturreservat","BESLUTSSTATUS":"Gällande","LAN":"Södermanlands Län","KOMMUN":"Gnesta","IUCNKATEGORI":"IV, Habitat/Artskyddsområde (Habitat/Species Management Area)","FORVALTARE":"Länsstyrelsen i Södermanlands län","AREA_HA":80.71,"LAND_HA":33.89,"VATTEN_HA":46.82,"SKOG_HA":31.57,"URSPR_BESLUTSDATUM":"1998-09-25"}},{"type":"Feature","geometry":{"type":"MultiPolygon","coordinates":[[[[17.48711,58.85455],[17.48765,58.85365],[17.48807,58.85335],[17.48807,58.85335],[17.48834,58.85328],[17.48834,58.85328],[17.48901,58.85339],[17.48924,58.8532],[17.48952,58.8527],[17.48972,58.85256],[17.48992,58.85221],[17.48987,58.85166],[17.49015,58.85123],[17.49027,58.85063],[17.4905,58.85006],[17.4906,58.84978],[17.49104,58.84906],[17.49098,58.84879],[17.49103,58.84875],[17.4911,58.84868],[17.49117,58.8486],[17.49123,58.84853],[17.49131,58.84846],[17.49141,58.84839],[17.49153,58.84833],[17.49165,58.84828],[17.4918,58.84821],[17.49193,58.84816],[17.49215,58.84808],[17.49223,58.84805],[17.49231,58.84805],[17.4924,58.84806],[17.4925,58.84808],[17.4926,58.84812],[17.4927,58.84816],[17.4928,58.84821],[17.49289,58.84827],[17.49299,58.84832],[17.4931,58.8484],[17.49317,58.84846],[17.49323,58.84853],[17.49331,58.84861],[17.49337,58.84868],[17.49342,58.84875],[17.49346,58.84881],[17.49351,58.84886],[17.49355,58.84892],[17.4936,58.849],[17.49365,58.84908],[17.4937,58.84916],[17.49375,58.84924],[17.49378,58.84931],[17.4938,58.84938],[17.49383,58.84946],[17.49386,58.84954],[17.49389,58.8496],[17.49393,58.84965],[17.49393,58.84971],[17.49392,58.84977],[17.4939,58.84985],[17.49391,58.84992],[17.49395,58.84998],[17.49398,58.85005],[17.49398,58.8501],[17.49397,58.85017],[17.49394,58.85022],[17.49392,58.85028],[17.49393,58.85034],[17.49398,58.85039],[17.49406,58.85044],[17.49416,58.85048],[17.49424,58.85052],[17.49428,58.85056],[17.49431,58.85061],[17.49431,58.85067],[17.49428,58.85072],[17.49427,58.85076],[17.4943,58.85081],[17.49435,58.85087],[17.4944,58.85093],[17.49446,58.85098],[17.49453,58.85101],[17.49462,58.85104],[17.49469,58.85108],[17.49476,58.8511],[17.49486,58.85112],[17.49497,58.85111],[17.49505,58.8511],[17.49514,58.85112],[17.49523,58.85115],[17.49533,58.85121],[17.49539,58.85125],[17.49543,58.8513],[17.49546,58.85133],[17.49554,58.85136],[17.49563,58.85139],[17.49572,58.85143],[17.49578,58.85147],[17.49583,58.85152],[17.49589,58.85157],[17.49599,58.85162],[17.49609,58.85167],[17.49619,58.85172],[17.49629,58.85177],[17.49633,58.85182],[17.49634,58.85189],[17.49633,58.85195],[17.4963,58.852],[17.49633,58.85204],[17.49642,58.85207],[17.49655,58.8521],[17.49664,58.85213],[17.49675,58.85216],[17.49687,58.8522],[17.49699,58.85224],[17.49711,58.85228],[17.49718,58.85233],[17.49723,58.85237],[17.49732,58.8524],[17.49742,58.85241],[17.49753,58.85241],[17.49763,58.8524],[17.4977,58.85238],[17.4977,58.85238],[17.49775,58.8524],[17.49775,58.8524],[17.49776,58.85244],[17.49774,58.8525],[17.49773,58.85257],[17.4977,58.85262],[17.49765,58.85264],[17.49761,58.85268],[17.49763,58.85274],[17.49767,58.8528],[17.4977,58.85287],[17.49771,58.85299],[17.4977,58.85306],[17.49768,58.85314],[17.49767,58.8532],[17.49768,58.85328],[17.49772,58.85335],[17.49777,58.85343],[17.4978,58.8535],[17.4978,58.85358],[17.49778,58.85365],[17.49774,58.85372],[17.49768,58.85377],[17.49768,58.85377],[17.49488,58.85411],[17.49324,58.85461],[17.49324,58.85461],[17.49299,58.85456],[17.49182,58.85444],[17.49142,58.85469],[17.49076,58.85511],[17.49076,58.85511],[17.49059,58.85509],[17.48711,58.85455],[17.48711,58.85455],[17.48711,58.85455]]]]},"properties":{"NVRID":"2014262","NAMN":"Södra Lämund","SKYDDSTYP":"Naturreservat","BESLUTSSTATUS":"Gällande","LAN":"Södermanlands Län","KOMMUN":"Trosa","IUCNKATEGORI":"Ia, Strikt naturreservat (Strict Nature Reserve)","FORVALTARE":"Länsstyrelsen i Södermanlands län","AREA_HA":23.33,"LAND_HA":23.14,"VATTEN_HA":0.19,"SKOG_HA":10.4,"URSPR_BESLUTSDATUM":"2008-10-20"}},{"type":"Feature","geometry":{"type":"MultiPolygon","coordinates":[[[[17.46492,58.78014],[17.43524,58.77272],[17.43524,58.77272],[17.43524,58.77271],[17.43524,58.77271],[17.44717,58.76906],[17.45701,58.76608],[17.46744,58.76547],[17.47613,58.76495],[17.47813,58.76484],[17.47813,58.76484],[17.47813,58.76484],[17.47813,58.76484],[17.47801,58.76615],[17.47801,58.76615],[17.47678,58.76645],[17.47635,58.76694],[17.47615,58.76717],[17.47659,58.76747],[17.47679,58.76799],[17.47732,58.76845],[17.47803,58.76854],[17.47803,58.76854],[17.47803,58.76854],[17.47803,58.76854],[17.4765,58.76905],[17.47644,58.76921],[17.47633,58.76951],[17.47813,58.77012],[17.47889,58.77012],[17.47889,58.77012],[17.48372,58.7724],[17.48372,58.7724],[17.48409,58.77511],[17.48366,58.77533],[17.48163,58.77645],[17.4734,58.78107],[17.47299,58.7813],[17.46844,58.78385],[17.46844,58.78385],[17.46844,58.78385],[17.46492,58.78014]],[[17.47405,58.76606],[17.47429,58.76612],[17.47459,58.76608],[17.47501,58.76598],[17.47512,58.76549],[17.4751,58.76549],[17.47498,58.76547],[17.47491,58.76547],[17.47488,58.76547],[17.47488,58.76547],[17.47483,58.76547],[17.47473,58.76546],[17.47455,58.76557],[17.47428,58.76575],[17.47405,58.76606]],[[17.46964,58.76861],[17.47091,58.76892],[17.47144,58.76839],[17.47101,58.76823],[17.47101,58.76823],[17.47101,58.76823],[17.47168,58.76785],[17.47176,58.76767],[17.47204,58.76701],[17.47226,58.76679],[17.47252,58.76663],[17.47318,58.76632],[17.47383,58.76609],[17.47417,58.76564],[17.47407,58.76564],[17.47402,58.76565],[17.47399,58.76564],[17.47386,58.76563],[17.47383,58.7656],[17.47383,58.7656],[17.47384,58.76556],[17.47384,58.76554],[17.47386,58.76552],[17.47369,58.7655],[17.47358,58.76551],[17.47353,58.76551],[17.47341,58.76552],[17.47336,58.76553],[17.47317,58.76554],[17.47313,58.76555],[17.47305,58.76556],[17.47295,58.76558],[17.47267,58.76565],[17.47262,58.76566],[17.47259,58.76566],[17.47255,58.76568],[17.47255,58.76568],[17.4725,58.76569],[17.47238,58.76571],[17.47223,58.76577],[17.47208,58.76585],[17.47191,58.76594],[17.47191,58.76595],[17.47191,58.76595],[17.47191,58.76595],[17.4719,58.76595],[17.47062,58.76558],[17.47035,58.76623],[17.46974,58.76662],[17.46966,58.76745],[17.46966,58.76767],[17.46964,58.76861]]]]},"properties":{"NVRID":"2001928","NAMN":"Sävö","SKYDDSTYP":"Naturreservat","BESLUTSSTATUS":"Gällande","LAN":"Södermanlands Län","KOMMUN":"Nyköping, Trosa","IUCNKATEGORI":"V, Skyddat landskap/havsområde (Protected Landscape/Seascape)","FORVALTARE":"Länsstyrelsen i Södermanlands län","AREA_HA":302.55,"LAND_HA":84.82,"VATTEN_HA":217.73,"SKOG_HA":38.92,"URSPR_BESLUTSDATUM":"1987-05-22"}},{"type":"Feature","geometry":{"type":"MultiPolygon","coordinates":[[[[16.35837,58.77876],[16.35716,58.7788],[16.35716,58.7788],[16.3568,58.77838],[16.3568,58.77838],[16.35879,58.77732],[16.35834,58.77695],[16.35834,58.77695],[16.35936,58.77603],[16.35888,58.77537],[16.3589,58.77459],[16.35594,58.77462],[16.35594,58.77462],[16.35594,58.77462],[16.35637,58.77374],[16.35689,58.77291],[16.35724,58.77084],[16.35724,58.77084],[16.35725,58.77084],[16.35811,58.77053],[16.36053,58.77004],[16.36181,58.7698],[16.36343,58.76953],[16.36343,58.76953],[16.36343,58.76953],[16.36431,58.77051],[16.36504,58.77036],[16.36636,58.77049],[16.36774,58.77054],[16.36943,58.77046],[16.36943,58.77046],[16.36943,58.77046],[16.36962,58.77072],[16.36962,58.77072],[16.36924,58.77115],[16.36962,58.77171],[16.37004,58.7723],[16.37004,58.7723],[16.37004,58.7723],[16.36942,58.77247],[16.36811,58.77292],[16.36757,58.77312],[16.36817,58.77356],[16.36957,58.77339],[16.36957,58.77339],[16.37013,58.77371],[16.37054,58.77367],[16.37054,58.77367],[16.37054,58.77367],[16.37086,58.77408],[16.37149,58.7739],[16.37196,58.77374],[16.37224,58.77357],[16.37268,58.77332],[16.37298,58.77311],[16.37302,58.77291],[16.37305,58.77283],[16.37309,58.77276],[16.37317,58.77267],[16.3734,58.7725],[16.37372,58.77228],[16.37408,58.77207],[16.37441,58.77192],[16.37472,58.77176],[16.37496,58.77163],[16.37519,58.77146],[16.37542,58.77127],[16.37549,58.77105],[16.3755,58.77105],[16.3755,58.77105],[16.37557,58.77072],[16.37558,58.77035],[16.37553,58.77023],[16.37542,58.76996],[16.37542,58.76996],[16.37542,58.76996],[16.37542,58.76996],[16.37899,58.7701],[16.37899,58.7701],[16.37899,58.7701],[16.37933,58.77339],[16.37814,58.77531],[16.37814,58.77531],[16.37517,58.7756],[16.37359,58.77597],[16.37212,58.77606],[16.37052,58.77551],[16.37052,58.77551],[16.37052,58.77551],[16.37052,58.77551],[16.37149,58.77511],[16.37106,58.7747],[16.36989,58.77486],[16.3698,58.77494],[16.36999,58.77511],[16.37041,58.77523],[16.37041,58.77523],[16.37052,58.77551],[16.37052,58.77551],[16.37052,58.77551],[16.36993,58.77567],[16.36993,58.77567],[16.36992,58.77567],[16.36953,58.7754],[16.36864,58.77456],[16.36814,58.77478],[16.36785,58.77497],[16.3677,58.77507],[16.36728,58.77537],[16.36675,58.77571],[16.3662,58.776],[16.36592,58.77617],[16.36577,58.77628],[16.36573,58.77635],[16.3656,58.77652],[16.3656,58.77652],[16.3656,58.77652],[16.36496,58.77634],[16.36377,58.77693],[16.36401,58.7771],[16.36401,58.7771],[16.36401,58.7771],[16.36394,58.77713],[16.36347,58.77728],[16.36333,58.77734],[16.36296,58.77751],[16.36268,58.77768],[16.36234,58.77793],[16.3622,58.77805],[16.36199,58.77815],[16.36171,58.77828],[16.36169,58.77828],[16.3613,58.77841],[16.36106,58.77848],[16.36049,58.77859],[16.35988,58.77871],[16.35932,58.77882],[16.35904,58.77885],[16.35881,58.77886],[16.35876,58.77886],[16.35837,58.77876]]]]},"properties":{"NVRID":"2049021","NAMN":"Åboravinen","SKYDDSTYP":"Naturreservat","BESLUTSSTATUS":"Gällande","LAN":"Södermanlands Län","KOMMUN":"Nyköping","IUCNKATEGORI":"Ia, Strikt naturreservat (Strict Nature Reserve)","FORVALTARE":"Länsstyrelsen i Södermanlands län","AREA_HA":74.15,"LAND_HA":64.36,"VATTEN_HA":9.79,"SKOG_HA":56.91,"URSPR_BESLUTSDATUM":"2022-09-26"}},{"type":"Feature","geometry":{"type":"MultiPolygon","coordinates":[[[[16.88963,59.22217],[16.88966,59.22143],[16.88966,59.22143],[16.89043,59.22118],[16.89043,59.22118],[16.89043,59.22118],[16.89165,59.22178],[16.89287,59.22176],[16.89343,59.22167],[16.89344,59.22167],[16.89344,59.22167],[16.89419,59.22197],[16.8946,59.22227],[16.89526,59.22294],[16.8966,59.22291],[16.89931,59.22279],[16.90066,59.22154],[16.90066,59.22154],[16.90247,59.22156],[16.90247,59.22156],[16.90247,59.22156],[16.90289,59.22303],[16.90312,59.2234],[16.90307,59.22383],[16.90276,59.22439],[16.9026,59.22471],[16.9026,59.22471],[16.90121,59.22494],[16.90121,59.22494],[16.89978,59.22468],[16.89942,59.22494],[16.89942,59.22494],[16.89788,59.22492],[16.89706,59.22464],[16.89604,59.2248],[16.89512,59.22482],[16.89458,59.22473],[16.89353,59.22488],[16.893,59.22481],[16.89173,59.22486],[16.89173,59.22486],[16.8915,59.22459],[16.89023,59.22365],[16.88987,59.22265],[16.88963,59.22217]]]]},"properties":{"NVRID":"2014261","NAMN":"Svartsjömyren","SKYDDSTYP":"Naturreservat","BESLUTSSTATUS":"Gällande","LAN":"Södermanlands Län","KOMMUN":"Strängnäs","IUCNKATEGORI":"Ia, Strikt naturreservat (Strict Nature Reserve)","FORVALTARE":"Länsstyrelsen i Södermanlands län","AREA_HA":21.36,"LAND_HA":21.12,"VATTEN_HA":0.24,"SKOG_HA":11.64,"URSPR_BESLUTSDATUM":"2008-10-20"}},{"type":"Feature","geometry":{"type":"MultiPolygon","coordinates":[[[[16.20141,58.93601],[16.20085,58.93584],[16.20014,58.93548],[16.20014,58.93548],[16.20014,58.93548],[16.20057,58.93517],[16.20211,58.93396],[16.20333,58.93354],[16.20449,58.93219],[16.20449,58.93219],[16.20948,58.93246],[16.20948,58.93246],[16.20948,58.93246],[16.21147,58.93632],[16.21273,58.93876],[16.2138,58.94076],[16.2138,58.94076],[16.2138,58.94076],[16.21379,58.94076],[16.21379,58.94076],[16.20925,58.9402],[16.20748,58.93929],[16.20728,58.93879],[16.20255,58.93661],[16.20237,58.93675],[16.20236,58.93675],[16.20236,58.93675],[16.20236,58.93675],[16.20167,58.93642],[16.20141,58.93601]],[[16.19828,58.93682],[16.19902,58.93628],[16.19903,58.93628],[16.19903,58.93628],[16.19946,58.93631],[16.19946,58.93631],[16.19946,58.93631],[16.19953,58.93642],[16.19991,58.93671],[16.2007,58.93707],[16.20148,58.9374],[16.20148,58.9374],[16.20148,58.9374],[16.20114,58.93764],[16.20114,58.93764],[16.20114,58.93764],[16.19828,58.93682],[16.19828,58.93682],[16.19828,58.93682]]]]},"properties":{"NVRID":"2058844","NAMN":"Båltsnäs","SKYDDSTYP":"Naturreservat","BESLUTSSTATUS":"Gällande","LAN":"Södermanlands Län","KOMMUN":"Katrineholm","IUCNKATEGORI":"Ia, Strikt naturreservat (Strict Nature Reserve)","FORVALTARE":"Länsstyrelsen i Södermanlands län","AREA_HA":39.72,"LAND_HA":39.72,"VATTEN_HA":0.0,"SKOG_HA":37.51,"URSPR_BESLUTSDATUM":"2023-12-11"}},{"type":"Feature","geometry":{"type":"MultiPolygon","coordinates":[[[[16.23614,58.90805],[16.23668,58.90766],[16.23724,58.9074],[16.23722,58.90683],[16.23713,58.90647],[16.23662,58.90607],[16.23662,58.90606],[16.23662,58.90606],[16.23704,58.90581],[16.2376,58.90536],[16.23894,58.90505],[16.23957,58.90468],[16.24055,58.9042],[16.24122,58.90407],[16.24274,58.90403],[16.24333,58.90396],[16.24424,58.90401],[16.24424,58.90401],[16.24478,58.90439],[16.24536,58.90455],[16.24612,58.90459],[16.24698,58.90429],[16.24801,58.90404],[16.24948,58.90381],[16.25031,58.90359],[16.25115,58.90353],[16.25316,58.90319],[16.25316,58.90319],[16.25408,58.90361],[16.25599,58.9032],[16.25736,58.90289],[16.25736,58.90289],[16.25863,58.90338],[16.25863,58.90338],[16.25863,58.90339],[16.25863,58.90339],[16.25667,58.90391],[16.2576,58.90458],[16.25836,58.90474],[16.25919,58.90469],[16.25919,58.90469],[16.25968,58.90495],[16.25968,58.90495],[16.25968,58.90495],[16.25968,58.90495],[16.25918,58.9051],[16.25698,58.90541],[16.25657,58.90561],[16.25438,58.90695],[16.25395,58.90711],[16.25236,58.90734],[16.25334,58.90769],[16.25394,58.90775],[16.25485,58.90804],[16.25485,58.90804],[16.25515,58.90846],[16.25531,58.909],[16.25531,58.90901],[16.25531,58.90901],[16.24824,58.91208],[16.24072,58.91436],[16.24072,58.91436],[16.24072,58.91436],[16.24048,58.91405],[16.2402,58.91373],[16.2402,58.91373],[16.24048,58.91347],[16.24094,58.91319],[16.24089,58.91298],[16.24042,58.91304],[16.24042,58.91304],[16.23991,58.91292],[16.23953,58.91274],[16.23899,58.91242],[16.23899,58.91242],[16.23895,58.91208],[16.23862,58.91124],[16.23862,58.91124],[16.23862,58.91124],[16.23976,58.91061],[16.23881,58.9101],[16.23802,58.90952],[16.23772,58.90913],[16.23752,58.90848],[16.23614,58.90805],[16.23614,58.90805],[16.23614,58.90805]]]]},"properties":{"NVRID":"2013488","NAMN":"Eknäset","SKYDDSTYP":"Naturreservat","BESLUTSSTATUS":"Gällande","LAN":"Södermanlands Län","KOMMUN":"Katrineholm","IUCNKATEGORI":"IV, Habitat/Artskyddsområde (Habitat/Species Management Area)","FORVALTARE":"Länsstyrelsen i Södermanlands län","AREA_HA":92.64,"LAND_HA":84.82,"VATTEN_HA":7.82,"SKOG_HA":81.94,"URSPR_BESLUTSDATUM":"2012-12-17"}},{"type":"Feature","geometry":{"type":"MultiPolygon","coordinates":[[[[17.5943,58.84449],[17.59264,58.84462],[17.59132,58.84473],[17.59057,58.84479],[17.58929,58.84489],[17.58671,58.8451],[17.58671,58.8451],[17.58671,58.8451],[17.5866,58.84492],[17.58539,58.84284],[17.60063,58.81905],[17.60063,58.81905],[17.60063,58.81905],[17.60063,58.81905],[17.60063,58.81905],[17.60712,58.83153],[17.61334,58.8307],[17.61334,58.8307],[17.61334,58.8307],[17.61334,58.8307],[17.61404,58.83244],[17.61417,58.83277],[17.61291,58.83492],[17.61397,58.83523],[17.62141,58.83738],[17.62141,58.83738],[17.62141,58.83738],[17.62141,58.83738],[17.62141,58.83738],[17.60908,58.84029],[17.60442,58.84661],[17.60442,58.84662],[17.60442,58.84662],[17.5943,58.84449]]]]},"properties":{"NVRID":"2001924","NAMN":"Bokö-Askö","SKYDDSTYP":"Naturreservat","BESLUTSSTATUS":"Gällande","LAN":"Södermanlands Län","KOMMUN":"Trosa","IUCNKATEGORI":"V, Skyddat landskap/havsområde (Protected Landscape/Seascape)","FORVALTARE":"Länsstyrelsen i Södermanlands län","AREA_HA":270.16,"LAND_HA":57.59,"VATTEN_HA":212.57,"SKOG_HA":25.05,"URSPR_BESLUTSDATUM":"1975-05-21"}},{"type":"Feature","geometry":{"type":"MultiPolygon","coordinates":[[[[17.3749,59.35634],[17.38486,59.35536],[17.39059,59.35583],[17.39592,59.35746],[17.39753,59.35984],[17.3948,59.36587],[17.39131,59.36822],[17.38443,59.37092],[17.37894,59.37318],[17.37115,59.37431],[17.37114,59.37431],[17.37114,59.37431],[17.36704,59.36677],[17.36521,59.36301],[17.36662,59.36098],[17.37489,59.35634],[17.3749,59.35634]]]]},"properties":{"NVRID":"2005520","NAMN":"Götön","SKYDDSTYP":"Naturreservat","BESLUTSSTATUS":"Gällande","LAN":"Södermanlands Län","KOMMUN":"Strängnäs","IUCNKATEGORI":"Ia, Strikt naturreservat (Strict Nature Reserve)","FORVALTARE":"Länsstyrelsen i Södermanlands län","AREA_HA":265.12,"LAND_HA":75.26,"VATTEN_HA":189.86,"SKOG_HA":71.45,"URSPR_BESLUTSDATUM":"2006-09-11"}},{"type":"Feature","geometry":{"type":"MultiPolygon","coordinates":[[[[16.18149,58.85415],[16.18217,58.85398],[16.18234,58.85388],[16.18574,58.85132],[16.18545,58.84994],[16.18545,58.84994],[16.18599,58.84963],[16.18646,58.84935],[16.18828,58.84825],[16.18838,58.84821],[16.19144,58.84642],[16.19144,58.84642],[16.19144,58.84642],[16.19157,58.84643],[16.19158,58.84643],[16.19158,58.84643],[16.19109,58.84821],[16.19107,58.84847],[16.19082,58.84933],[16.19069,58.84981],[16.1904,58.85138],[16.19038,58.85216],[16.1904,58.85304],[16.1905,58.85349],[16.19049,58.85349],[16.19049,58.85349],[16.18916,58.85355],[16.18854,58.85421],[16.18854,58.85421],[16.18216,58.85686],[16.18216,58.85686],[16.18216,58.85686],[16.18216,58.85686],[16.17877,58.85488],[16.17877,58.85488],[16.17877,58.85488],[16.17877,58.85488],[16.18149,58.85414],[16.1815,58.85414],[16.1815,58.85414],[16.1815,58.85414],[16.1815,58.85414],[16.18149,58.85415]],[[16.18218,58.85475],[16.18232,58.85504],[16.18244,58.85532],[16.18362,58.85529],[16.1832,58.85479],[16.18218,58.85475]]]]},"properties":{"NVRID":"2058845","NAMN":"Ändebol","SKYDDSTYP":"Naturreservat","BESLUTSSTATUS":"Gällande","LAN":"Södermanlands Län","KOMMUN":"Katrineholm","IUCNKATEGORI":"Ia, Strikt naturreservat (Strict Nature Reserve)","FORVALTARE":"Länsstyrelsen i Södermanlands län","AREA_HA":30.16,"LAND_HA":21.41,"VATTEN_HA":8.75,"SKOG_HA":15.5,"URSPR_BESLUTSDATUM":"2023-12-11"}},{"type":"Feature","geometry":{"type":"MultiPolygon","coordinates":[[[[16.4219,59.18664],[16.42438,59.1859],[16.42704,59.18559],[16.42704,59.18559],[16.42705,59.18559],[16.42776,59.19169],[16.42817,59.19524],[16.42817,59.19524],[16.42817,59.19524],[16.42817,59.19524],[16.42637,59.19513],[16.4176,59.19457],[16.41622,59.19449],[16.4126,59.19433],[16.41171,59.19428],[16.40803,59.19412],[16.40702,59.19406],[16.40702,59.19406],[16.40702,59.19406],[16.40733,59.1927],[16.40834,59.19134],[16.40927,59.1903],[16.40943,59.18944],[16.409,59.18863],[16.409,59.18863],[16.409,59.18863],[16.41525,59.18733],[16.41866,59.18607],[16.41866,59.18607],[16.4219,59.18664]]]]},"properties":{"NVRID":"2002763","NAMN":"Ormsjöbergen","SKYDDSTYP":"Naturreservat","BESLUTSSTATUS":"Gällande","LAN":"Södermanlands Län","KOMMUN":"Eskilstuna, Katrineholm","IUCNKATEGORI":"Ia, Strikt naturreservat (Strict Nature Reserve)","FORVALTARE":"Länsstyrelsen i Södermanlands län","AREA_HA":94.89,"LAND_HA":79.81,"VATTEN_HA":15.08,"SKOG_HA":55.17,"URSPR_BESLUTSDATUM":"2004-12-03"}},{"type":"Feature","geometry":{"type":"MultiPolygon","coordinates":[[[[16.32946,58.82167],[16.32854,58.82209],[16.32745,58.82224],[16.32606,58.82265],[16.32474,58.82281],[16.32373,58.82321],[16.32373,58.82321],[16.32373,58.82321],[16.3233,58.82289],[16.3233,58.82289],[16.3233,58.82289],[16.32579,58.82197],[16.32736,58.82141],[16.32835,58.82121],[16.32888,58.82105],[16.32963,58.82042],[16.32963,58.82042],[16.33141,58.82019],[16.33285,58.82042],[16.33384,58.82022],[16.33422,58.81978],[16.33493,58.81935],[16.33493,58.81935],[16.33634,58.8192],[16.33634,58.8192],[16.33634,58.8192],[16.33765,58.81998],[16.33932,58.81954],[16.33974,58.8192],[16.34047,58.81845],[16.34075,58.81806],[16.34075,58.81806],[16.34209,58.81763],[16.34304,58.81751],[16.34415,58.81746],[16.34529,58.81764],[16.34657,58.8168],[16.34718,58.81608],[16.34752,58.81582],[16.34752,58.81582],[16.34915,58.81557],[16.35002,58.81505],[16.351,58.81463],[16.351,58.81463],[16.35169,58.81476],[16.35222,58.81505],[16.35222,58.81505],[16.35222,58.81505],[16.35154,58.81605],[16.35227,58.81707],[16.35236,58.81744],[16.35236,58.81744],[16.35236,58.81745],[16.35088,58.81776],[16.34901,58.81835],[16.34637,58.81857],[16.34554,58.81915],[16.34482,58.81944],[16.34482,58.81944],[16.34482,58.81944],[16.34403,58.81932],[16.34321,58.81976],[16.34261,58.81993],[16.34163,58.8204],[16.34017,58.82068],[16.33946,58.82113],[16.33862,58.82133],[16.33704,58.82206],[16.33636,58.82219],[16.33478,58.82213],[16.33335,58.82193],[16.33084,58.82175],[16.32946,58.82167]]]]},"properties":{"NVRID":"2001327","NAMN":"Stenstorps hagkärr","SKYDDSTYP":"Naturreservat","BESLUTSSTATUS":"Gällande","LAN":"Södermanlands Län","KOMMUN":"Katrineholm","IUCNKATEGORI":"Ia, Strikt naturreservat (Strict Nature Reserve)","FORVALTARE":"Länsstyrelsen i Södermanlands län","AREA_HA":34.33,"LAND_HA":34.33,"VATTEN_HA":0.0,"SKOG_HA":33.55,"URSPR_BESLUTSDATUM":"2003-02-14"}},{"type":"Feature","geometry":{"type":"MultiPolygon","coordinates":[[[[17.07111,59.39699],[17.07093,59.39687],[17.07077,59.39646],[17.07085,59.39608],[17.07096,59.39583],[17.07146,59.39551],[17.07145,59.39528],[17.07145,59.39528],[17.07173,59.39515],[17.07173,59.39515],[17.07204,59.39519],[17.07247,59.39502],[17.07274,59.39483],[17.07274,59.39483],[17.07274,59.39483],[17.07275,59.39483],[17.07362,59.3953],[17.07918,59.39631],[17.08153,59.3968],[17.08153,59.3968],[17.08153,59.3968],[17.08153,59.3968],[17.07913,59.39809],[17.0726,59.40381],[17.07259,59.40381],[17.07259,59.40381],[17.07259,59.40381],[17.0664,59.40082],[17.06606,59.40047],[17.06606,59.40047],[17.0667,59.40011],[17.06709,59.3999],[17.06729,59.39952],[17.06783,59.39915],[17.06841,59.3988],[17.0696,59.39819],[17.07011,59.39795],[17.07045,59.39766],[17.07057,59.39736],[17.07058,59.39736],[17.07115,59.39733],[17.07111,59.39699]]]]},"properties":{"NVRID":"2001328","NAMN":"Norrby kyrkskog","SKYDDSTYP":"Naturreservat","BESLUTSSTATUS":"Gällande","LAN":"Södermanlands Län","KOMMUN":"Strängnäs","IUCNKATEGORI":"IV, Habitat/Artskyddsområde (Habitat/Species Management Area)","FORVALTARE":"Länsstyrelsen i Södermanlands län","AREA_HA":40.92,"LAND_HA":21.27,"VATTEN_HA":19.65,"SKOG_HA":15.12,"URSPR_BESLUTSDATUM":"2003-02-14"}},{"type":"Feature","geometry":{"type":"MultiPolygon","coordinates":[[[[16.34453,59.13135],[16.34479,59.13124],[16.34719,59.13087],[16.3475,59.13016],[16.34769,59.12966],[16.34791,59.12913],[16.34791,59.12913],[16.34839,59.12881],[16.34995,59.12822],[16.35039,59.12777],[16.35059,59.12758],[16.35189,59.12678],[16.35216,59.12666],[16.35216,59.12666],[16.35346,59.12648],[16.35288,59.12592],[16.35288,59.12592],[16.35288,59.12592],[16.35288,59.12592],[16.35439,59.12546],[16.35357,59.12443],[16.35357,59.12442],[16.35358,59.12442],[16.35551,59.124],[16.35537,59.12338],[16.35481,59.12308],[16.35481,59.12308],[16.35544,59.12247],[16.35589,59.12222],[16.35597,59.12189],[16.3552,59.1212],[16.35516,59.1206],[16.35516,59.1206],[16.35516,59.1206],[16.35516,59.1206],[16.35845,59.12064],[16.3604,59.12077],[16.36041,59.12077],[16.3608,59.12117],[16.3608,59.12117],[16.35984,59.12317],[16.35984,59.12317],[16.35889,59.12348],[16.35883,59.12382],[16.35883,59.12383],[16.3577,59.12433],[16.3578,59.12525],[16.3578,59.12525],[16.35679,59.12548],[16.35552,59.12597],[16.3554,59.12617],[16.3551,59.12718],[16.35499,59.12769],[16.35479,59.12796],[16.35443,59.1283],[16.35405,59.12845],[16.35357,59.12873],[16.35316,59.12908],[16.35301,59.12933],[16.35228,59.13004],[16.35205,59.13037],[16.35154,59.1306],[16.35091,59.13119],[16.35072,59.1313],[16.35072,59.1313],[16.35072,59.1313],[16.34885,59.13094],[16.34757,59.13141],[16.34738,59.13159],[16.34738,59.13159],[16.34631,59.13198],[16.34631,59.13198],[16.34561,59.13184],[16.34493,59.13175],[16.34493,59.13175],[16.34493,59.13175],[16.34491,59.13172],[16.34487,59.13165],[16.34483,59.13158],[16.3448,59.13152],[16.34474,59.13146],[16.34469,59.13142],[16.34462,59.13139],[16.34453,59.13135],[16.34453,59.13135],[16.34453,59.13135],[16.34453,59.13135]]]]},"properties":{"NVRID":"2001120","NAMN":"Fjellskäfte","SKYDDSTYP":"Naturreservat","BESLUTSSTATUS":"Gällande","LAN":"Södermanlands Län","KOMMUN":"Katrineholm","IUCNKATEGORI":"Ia, Strikt naturreservat (Strict Nature Reserve)","FORVALTARE":"Länsstyrelsen i Södermanlands län","AREA_HA":29.31,"LAND_HA":29.31,"VATTEN_HA":0.0,"SKOG_HA":28.21,"URSPR_BESLUTSDATUM":"2003-12-05"}},{"type":"Feature","geometry":{"type":"MultiPolygon","coordinates":[[[[16.82515,59.03788],[16.82715,59.03801],[16.82961,59.03816],[16.83309,59.03837],[16.83391,59.03842],[16.83434,59.03845],[16.83675,59.03892],[16.83675,59.03892],[16.83675,59.03892],[16.8365,59.03981],[16.8346,59.04098],[16.8346,59.04098],[16.8346,59.04098],[16.83359,59.04087],[16.83145,59.0407],[16.83112,59.04067],[16.82993,59.04059],[16.82844,59.04046],[16.8283,59.04045],[16.82675,59.04032],[16.82512,59.04018],[16.82512,59.04018],[16.82512,59.04017],[16.82508,59.03995],[16.82499,59.03945],[16.82486,59.03871],[16.82471,59.03785],[16.82471,59.03785],[16.82471,59.03785],[16.82515,59.03788]]]]},"properties":{"NVRID":"2029029","NAMN":"Svalängsskogen","SKYDDSTYP":"Naturreservat","BESLUTSSTATUS":"Gällande","LAN":"Södermanlands Län","KOMMUN":"Flen","IUCNKATEGORI":"Ia, Strikt naturreservat (Strict Nature Reserve)","FORVALTARE":"Länsstyrelsen i Södermanlands län","AREA_HA":16.98,"LAND_HA":16.98,"VATTEN_HA":0.0,"SKOG_HA":16.42,"URSPR_BESLUTSDATUM":"2011-11-21"}},{"type":"Feature","geometry":{"type":"MultiPolygon","coordinates":[[[[16.88246,58.71095],[16.88194,58.7109],[16.8807,58.71084],[16.87956,58.71056],[16.87956,58.71056],[16.87955,58.71056],[16.88031,58.70882],[16.88191,58.70511],[16.88191,58.70511],[16.88192,58.70511],[16.88309,58.70512],[16.88299,58.70465],[16.88294,58.7044],[16.88285,58.70401],[16.88285,58.70401],[16.88285,58.70401],[16.88375,58.70395],[16.88375,58.70395],[16.88526,58.70465],[16.88763,58.70522],[16.88763,58.70522],[16.88771,58.70563],[16.88786,58.70635],[16.88781,58.70691],[16.88781,58.70691],[16.88692,58.70729],[16.88711,58.70768],[16.88821,58.70784],[16.89023,58.70841],[16.89133,58.70794],[16.89133,58.70794],[16.89133,58.70794],[16.89133,58.70794],[16.89184,58.70834],[16.89406,58.70849],[16.89406,58.70849],[16.89406,58.70849],[16.89408,58.7091],[16.89339,58.71006],[16.89339,58.71007],[16.89339,58.71006],[16.89313,58.71001],[16.89258,58.7102],[16.89178,58.71054],[16.89135,58.71076],[16.89002,58.71153],[16.8877,58.71266],[16.8877,58.71266],[16.88577,58.71236],[16.88577,58.71236],[16.88577,58.71236],[16.886,58.71202],[16.88627,58.71163],[16.88646,58.71136],[16.88579,58.71127],[16.88513,58.71117],[16.88463,58.71136],[16.88432,58.71147],[16.88432,58.71147],[16.88372,58.71138],[16.88283,58.71143],[16.88283,58.71143],[16.88283,58.71143],[16.88246,58.71095]]]]},"properties":{"NVRID":"2045688","NAMN":"Svalstaskogen","SKYDDSTYP":"Naturreservat","BESLUTSSTATUS":"Gällande","LAN":"Södermanlands Län","KOMMUN":"Nyköping","IUCNKATEGORI":"Ia, Strikt naturreservat (Strict Nature Reserve)","FORVALTARE":"Länsstyrelsen i Södermanlands län","AREA_HA":41.96,"LAND_HA":41.96,"VATTEN_HA":0.0,"SKOG_HA":36.04,"URSPR_BESLUTSDATUM":"2016-08-25"}},{"type":"Feature","geometry":{"type":"MultiPolygon","coordinates":[[[[16.98317,59.11858],[16.98334,59.11854],[16.98345,59.11848],[16.98345,59.11847],[16.98348,59.11847],[16.98349,59.11847],[16.98349,59.11847],[16.98349,59.11847],[16.98351,59.11851],[16.98369,59.11867],[16.98382,59.11872],[16.98389,59.11874],[16.984,59.11879],[16.98406,59.1188],[16.98421,59.1188],[16.98435,59.11879],[16.98448,59.11872],[16.98454,59.11869],[16.98462,59.11866],[16.98471,59.11861],[16.98471,59.11859],[16.98466,59.11857],[16.98464,59.11855],[16.98464,59.11855],[16.98464,59.11854],[16.98464,59.11854],[16.98477,59.1185],[16.98485,59.11849],[16.98495,59.11841],[16.98502,59.11834],[16.98509,59.11831],[16.98527,59.11824],[16.98535,59.11822],[16.98544,59.11821],[16.98544,59.11821],[16.98544,59.11821],[16.9856,59.11828],[16.9858,59.11836],[16.98592,59.11837],[16.98598,59.11836],[16.98602,59.11834],[16.98605,59.11828],[16.98607,59.1182],[16.98609,59.11812],[16.98618,59.11805],[16.98627,59.11798],[16.98633,59.11793],[16.98642,59.11787],[16.98647,59.11785],[16.98647,59.11785],[16.98653,59.11785],[16.98653,59.11785],[16.98662,59.11787],[16.98666,59.11789],[16.98666,59.11789],[16.98666,59.11791],[16.98666,59.11791],[16.98661,59.11793],[16.98659,59.11795],[16.9866,59.11796],[16.98681,59.11795],[16.98717,59.11786],[16.98726,59.11783],[16.98732,59.11779],[16.98739,59.11774],[16.98739,59.11774],[16.98749,59.11772],[16.98749,59.11772],[16.98758,59.11774],[16.98799,59.11783],[16.98811,59.11787],[16.98817,59.11789],[16.98828,59.1179],[16.98839,59.11791],[16.98852,59.11794],[16.9887,59.11803],[16.98877,59.11807],[16.98899,59.11812],[16.98912,59.11811],[16.98924,59.11811],[16.98934,59.11812],[16.98943,59.11811],[16.98967,59.11806],[16.98983,59.118],[16.99009,59.11784],[16.99015,59.11771],[16.99015,59.11769],[16.9901,59.11768],[16.99006,59.11767],[16.99006,59.11767],[16.99,59.11762],[16.99004,59.11746],[16.99004,59.11746],[16.99004,59.11746],[16.99004,59.11746],[16.99004,59.11746],[16.99004,59.11746],[16.99032,59.1177],[16.99084,59.11812],[16.99146,59.11851],[16.99168,59.11864],[16.99195,59.11874],[16.99202,59.11885],[16.99202,59.11885],[16.99202,59.11885],[16.99144,59.11921],[16.99148,59.11924],[16.99148,59.11924],[16.99148,59.11924],[16.99141,59.11929],[16.99141,59.11929],[16.99141,59.11929],[16.99135,59.11926],[16.99111,59.11939],[16.99129,59.11951],[16.99129,59.11951],[16.99129,59.11951],[16.99117,59.11956],[16.99153,59.11979],[16.99177,59.11985],[16.99203,59.11989],[16.99223,59.1196],[16.99224,59.1196],[16.99224,59.1196],[16.99224,59.1196],[16.99245,59.11968],[16.99254,59.11987],[16.99307,59.11988],[16.99307,59.11988],[16.99357,59.1203],[16.99431,59.12097],[16.99428,59.12145],[16.99412,59.12157],[16.99412,59.12157],[16.99331,59.12166],[16.99152,59.12164],[16.99099,59.12136],[16.99092,59.12132],[16.99071,59.12121],[16.98977,59.12093],[16.98872,59.12061],[16.98612,59.11981],[16.98595,59.11974],[16.98578,59.11968],[16.98378,59.11911],[16.98233,59.11856],[16.98233,59.11856],[16.98233,59.11856],[16.98236,59.11852],[16.98238,59.1185],[16.98242,59.11848],[16.98254,59.11846],[16.98267,59.11846],[16.98295,59.1185],[16.98302,59.11853],[16.98309,59.11856],[16.98317,59.11858]]]]},"properties":{"NVRID":"2043208","NAMN":"Misätters ekhagar","SKYDDSTYP":"Naturreservat","BESLUTSSTATUS":"Gällande","LAN":"Södermanlands Län","KOMMUN":"Gnesta","IUCNKATEGORI":"IV, Habitat/Artskyddsområde (Habitat/Species Management Area)","FORVALTARE":"Länsstyrelsen i Södermanlands län","AREA_HA":13.71,"LAND_HA":13.71,"VATTEN_HA":0.0,"SKOG_HA":9.87,"URSPR_BESLUTSDATUM":"2014-12-15"}},{"type":"Feature","geometry":{"type":"MultiPolygon","coordinates":[[[[16.93869,59.21237],[16.94312,59.21224],[16.94659,59.21341],[16.94659,59.21341],[16.94693,59.21658],[16.95792,59.21665],[16.95792,59.21666],[16.96119,59.21792],[16.96119,59.21792],[16.96119,59.21792],[16.95979,59.21959],[16.95773,59.2204],[16.95692,59.22033],[16.95491,59.22036],[16.95488,59.22042],[16.95451,59.22097],[16.95451,59.22097],[16.95451,59.22097],[16.95276,59.22071],[16.94725,59.22089],[16.94535,59.22057],[16.94535,59.22057],[16.94535,59.22057],[16.94519,59.2197],[16.94529,59.21877],[16.94529,59.21877],[16.94675,59.21804],[16.94592,59.21656],[16.94326,59.21653],[16.94029,59.2157],[16.94029,59.2157],[16.93834,59.21429],[16.93868,59.21237],[16.93868,59.21237],[16.93869,59.21237]]]]},"properties":{"NVRID":"2013314","NAMN":"Magsjötorp","SKYDDSTYP":"Naturreservat","BESLUTSSTATUS":"Gällande","LAN":"Södermanlands Län","KOMMUN":"Strängnäs","IUCNKATEGORI":"IV, Habitat/Artskyddsområde (Habitat/Species Management Area)","FORVALTARE":"Länsstyrelsen i Södermanlands län","AREA_HA":54.52,"LAND_HA":23.48,"VATTEN_HA":31.04,"SKOG_HA":22.59,"URSPR_BESLUTSDATUM":"2007-06-27"}},{"type":"Feature","geometry":{"type":"MultiPolygon","coordinates":[[[[16.9429,58.98373],[16.9438,58.98379],[16.9438,58.9837],[16.9438,58.9837],[16.94446,58.98297],[16.94617,58.98243],[16.94826,58.98221],[16.94826,58.98221],[16.94873,58.98238],[16.94873,58.98238],[16.94887,58.9826],[16.94882,58.98281],[16.94895,58.98299],[16.94895,58.98299],[16.94895,58.98299],[16.94781,58.98347],[16.94806,58.9836],[16.94871,58.9835],[16.94871,58.9835],[16.94872,58.9835],[16.94907,58.98372],[16.94981,58.98424],[16.95005,58.98467],[16.95009,58.98481],[16.95014,58.98508],[16.94968,58.98549],[16.94914,58.98572],[16.94903,58.98574],[16.94859,58.98592],[16.94859,58.98592],[16.94859,58.98592],[16.9478,58.98567],[16.94613,58.9851],[16.94508,58.9847],[16.94409,58.98426],[16.94301,58.98381],[16.94289,58.98373],[16.94289,58.98373],[16.94289,58.98373],[16.94289,58.98373],[16.9429,58.98373]],[[16.94506,58.98767],[16.94525,58.98765],[16.94533,58.98731],[16.9448,58.9873],[16.94463,58.98727],[16.94463,58.98727],[16.94452,58.98712],[16.94449,58.98688],[16.94478,58.98658],[16.94478,58.98658],[16.94569,58.98658],[16.9458,58.98636],[16.94584,58.98603],[16.94557,58.98592],[16.94548,58.98574],[16.94554,58.9855],[16.94578,58.98513],[16.94578,58.98513],[16.94578,58.98513],[16.94699,58.98555],[16.94699,58.98555],[16.94699,58.98555],[16.94666,58.98624],[16.9463,58.9865],[16.946,58.98701],[16.94544,58.98729],[16.94548,58.98745],[16.94569,58.98757],[16.94569,58.98757],[16.94537,58.98816],[16.94537,58.98816],[16.94537,58.98816],[16.94517,58.98816],[16.94508,58.9881],[16.94499,58.98781],[16.94506,58.98767],[16.94506,58.98767],[16.94506,58.98767]]]]},"properties":{"NVRID":"2013458","NAMN":"Vurstusbacken","SKYDDSTYP":"Naturreservat","BESLUTSSTATUS":"Gällande","LAN":"Södermanlands Län","KOMMUN":"Nyköping","IUCNKATEGORI":"IV, Habitat/Artskyddsområde (Habitat/Species Management Area)","FORVALTARE":"Länsstyrelsen i Södermanlands län","AREA_HA":11.05,"LAND_HA":11.05,"VATTEN_HA":0.0,"SKOG_HA":7.64,"URSPR_BESLUTSDATUM":"2007-12-10"}},{"type":"Feature","geometry":{"type":"MultiPolygon","coordinates":[[[[16.94823,59.22922],[16.94738,59.22794],[16.9468,59.22704],[16.94652,59.22651],[16.94636,59.22625],[16.946,59.22543],[16.94589,59.22435],[16.94589,59.22435],[16.94616,59.22424],[16.947,59.22401],[16.9474,59.22398],[16.94811,59.22407],[16.94852,59.22415],[16.94908,59.22426],[16.94908,59.22426],[16.94998,59.22509],[16.95044,59.22612],[16.95063,59.22693],[16.95103,59.22763],[16.95123,59.22789],[16.95163,59.22845],[16.95163,59.22845],[16.95163,59.22845],[16.95138,59.2286],[16.94851,59.2296],[16.94851,59.2296],[16.94851,59.2296],[16.94823,59.22922]]]]},"properties":{"NVRID":"2001869","NAMN":"Stampmossen","SKYDDSTYP":"Naturreservat","BESLUTSSTATUS":"Gällande","LAN":"Södermanlands Län","KOMMUN":"Strängnäs","IUCNKATEGORI":"IV, Habitat/Artskyddsområde (Habitat/Species Management Area)","FORVALTARE":"AssiDomän AB","AREA_HA":12.17,"LAND_HA":12.17,"VATTEN_HA":0.0,"SKOG_HA":11.26,"URSPR_BESLUTSDATUM":"1972-02-02"}},{"type":"Feature","geometry":{"type":"MultiPolygon","coordinates":[[[[17.38076,58.7492],[17.37354,58.74853],[17.35725,58.75018],[17.35725,58.75018],[17.35725,58.75018],[17.35725,58.75018],[17.35863,58.74793],[17.35988,58.74591],[17.36005,58.74565],[17.37273,58.72486],[17.39005,58.71485],[17.39005,58.71485],[17.39005,58.71485],[17.39005,58.71485],[17.39005,58.71485],[17.39822,58.72586],[17.39921,58.72824],[17.39903,58.72896],[17.39835,58.72938],[17.39571,58.73024],[17.39059,58.73065],[17.38628,58.73142],[17.38753,58.73358],[17.38753,58.73358],[17.38623,58.73477],[17.38711,58.73577],[17.38822,58.73629],[17.39072,58.73628],[17.39072,58.73628],[17.39072,58.73628],[17.39072,58.73628],[17.39092,58.73932],[17.3931,58.73997],[17.39659,58.73983],[17.39747,58.73887],[17.39765,58.73864],[17.39824,58.73835],[17.39893,58.73827],[17.39904,58.73828],[17.39904,58.73828],[17.39907,58.73829],[17.39929,58.73837],[17.39971,58.73854],[17.40159,58.74145],[17.40238,58.74245],[17.40265,58.7428],[17.40557,58.74618],[17.40557,58.74618],[17.40556,58.74618],[17.40339,58.74738],[17.39764,58.75059],[17.38912,58.75295],[17.38912,58.75295],[17.38912,58.75295],[17.38076,58.7492]],[[17.40643,58.72739],[17.40504,58.72534],[17.40504,58.72534],[17.41034,58.72216],[17.40595,58.71863],[17.40595,58.71863],[17.412,58.71],[17.412,58.71],[17.412,58.71],[17.412,58.71],[17.42782,58.71951],[17.43198,58.72202],[17.43198,58.72202],[17.4323,58.72448],[17.43142,58.72698],[17.42997,58.72791],[17.42787,58.73024],[17.42687,58.7313],[17.42661,58.7316],[17.4247,58.73311],[17.42167,58.73552],[17.41735,58.73881],[17.41735,58.73881],[17.41734,58.73881],[17.40853,58.73584],[17.40853,58.73584],[17.40525,58.73108],[17.40643,58.72739]],[[17.41283,58.73578],[17.41291,58.73604],[17.41514,58.7358],[17.41553,58.73474],[17.41431,58.73412],[17.41332,58.73489],[17.4133,58.73506],[17.41325,58.73514],[17.41299,58.73531],[17.41286,58.73542],[17.41283,58.73552],[17.41283,58.73578]]]]},"properties":{"NVRID":"2002403","NAMN":"Stendörren","SKYDDSTYP":"Naturreservat","BESLUTSSTATUS":"Gällande","LAN":"Södermanlands Län","KOMMUN":"Nyköping","IUCNKATEGORI":"V, Skyddat landskap/havsområde (Protected Landscape/Seascape)","FORVALTARE":"Länsstyrelsen i Södermanlands län","AREA_HA":901.64,"LAND_HA":173.87,"VATTEN_HA":727.77,"SKOG_HA":43.75,"URSPR_BESLUTSDATUM":"1972-02-16"}},{"type":"Feature","geometry":{"type":"MultiPolygon","coordinates":[[[[17.32524,58.82253],[17.32289,58.82254],[17.32289,58.82254],[17.32288,58.82254],[17.32384,58.81957],[17.32411,58.81882],[17.32514,58.81655],[17.32586,58.81595],[17.32938,58.8135],[17.3296,58.81332],[17.32989,58.81303],[17.33089,58.81197],[17.33127,58.81167],[17.3318,58.81147],[17.3343,58.8086],[17.33406,58.80837],[17.33406,58.80837],[17.3345,58.80804],[17.33485,58.80688],[17.33712,58.80413],[17.33858,58.80337],[17.34131,58.80261],[17.34407,58.8007],[17.34536,58.80003],[17.34649,58.79852],[17.34619,58.79694],[17.34557,58.79602],[17.34557,58.79602],[17.34968,58.79354],[17.35011,58.79307],[17.35635,58.79069],[17.35465,58.78835],[17.35539,58.78674],[17.35691,58.78574],[17.36098,58.78204],[17.36513,58.7806],[17.36513,58.7806],[17.36513,58.7806],[17.37395,58.78244],[17.37499,58.78257],[17.37499,58.78257],[17.37525,58.78277],[17.37525,58.78277],[17.37516,58.78292],[17.37513,58.78312],[17.3751,58.7833],[17.37555,58.78382],[17.37581,58.78579],[17.37627,58.78662],[17.37725,58.78704],[17.37849,58.78735],[17.38136,58.78726],[17.38341,58.78588],[17.38341,58.78588],[17.38458,58.7858],[17.38524,58.78597],[17.39383,58.78873],[17.42467,58.77597],[17.42787,58.77499],[17.42787,58.77499],[17.42787,58.77499],[17.44776,58.78621],[17.44776,58.78621],[17.44776,58.78621],[17.44582,58.78861],[17.44543,58.78903],[17.4447,58.79008],[17.44606,58.79042],[17.44606,58.79042],[17.44606,58.79042],[17.44606,58.79042],[17.44313,58.79199],[17.4395,58.79394],[17.43621,58.79603],[17.43428,58.79725],[17.43364,58.79766],[17.4334,58.79807],[17.43224,58.80006],[17.43224,58.80006],[17.43224,58.80006],[17.43141,58.79996],[17.42983,58.79977],[17.42888,58.79965],[17.42816,58.79957],[17.42769,58.80103],[17.42718,58.80241],[17.42606,58.80553],[17.42697,58.80557],[17.42761,58.80575],[17.42815,58.8058],[17.42816,58.8058],[17.42816,58.8058],[17.42816,58.8058],[17.428,58.80621],[17.42825,58.80629],[17.42876,58.80668],[17.42876,58.80668],[17.42828,58.80753],[17.42827,58.80753],[17.42791,58.80756],[17.42785,58.80765],[17.42784,58.80765],[17.42726,58.80771],[17.42705,58.80794],[17.42668,58.80816],[17.42671,58.80827],[17.42702,58.80835],[17.42702,58.80835],[17.42702,58.80835],[17.42681,58.80874],[17.42665,58.80906],[17.42652,58.80931],[17.42654,58.80956],[17.42654,58.80964],[17.42654,58.80964],[17.42438,58.81104],[17.42426,58.81112],[17.42426,58.81112],[17.42426,58.81112],[17.42374,58.81099],[17.42049,58.8102],[17.42052,58.81098],[17.42036,58.81158],[17.42011,58.81216],[17.41948,58.81308],[17.41948,58.81308],[17.41948,58.81308],[17.41927,58.81304],[17.4191,58.81332],[17.41894,58.81352],[17.41874,58.8138],[17.41861,58.814],[17.41833,58.81434],[17.41814,58.81458],[17.41798,58.81478],[17.4178,58.81497],[17.4176,58.81516],[17.41743,58.81532],[17.4172,58.8155],[17.41698,58.81568],[17.41672,58.81586],[17.41651,58.81602],[17.41627,58.81618],[17.41616,58.81625],[17.41522,58.81675],[17.41487,58.81693],[17.41419,58.81729],[17.41344,58.81766],[17.41195,58.81846],[17.41101,58.81897],[17.41099,58.81898],[17.41091,58.81902],[17.41073,58.81911],[17.41044,58.81922],[17.41029,58.81928],[17.41024,58.8193],[17.41004,58.81935],[17.40968,58.81944],[17.40933,58.81952],[17.40862,58.81967],[17.40824,58.81974],[17.40765,58.81983],[17.4073,58.81988],[17.40672,58.81998],[17.40653,58.82001],[17.40635,58.82004],[17.40629,58.82006],[17.40621,58.82008],[17.40608,58.82015],[17.40608,58.82015],[17.40542,58.82023],[17.40416,58.82036],[17.40359,58.82039],[17.40292,58.82031],[17.40128,58.82031],[17.39896,58.82151],[17.39913,58.82222],[17.39934,58.82306],[17.40065,58.82356],[17.40065,58.82356],[17.40065,58.82356],[17.40065,58.82356],[17.40001,58.82395],[17.39928,58.82433],[17.39887,58.82479],[17.39938,58.82501],[17.40059,58.82551],[17.40092,58.82587],[17.40092,58.82587],[17.40087,58.826],[17.40084,58.82607],[17.40032,58.82664],[17.40066,58.82674],[17.40109,58.82685],[17.40141,58.82695],[17.4018,58.82709],[17.40232,58.82725],[17.40295,58.82742],[17.40353,58.82758],[17.40353,58.82758],[17.40353,58.82758],[17.40353,58.82758],[17.40041,58.83118],[17.40218,58.83116],[17.40239,58.83099],[17.40239,58.83099],[17.4024,58.83099],[17.40453,58.83094],[17.40671,58.8309],[17.40849,58.83086],[17.40849,58.83086],[17.40849,58.83086],[17.40898,58.8318],[17.40955,58.83188],[17.41048,58.83172],[17.41101,58.83161],[17.41202,58.83173],[17.41205,58.83174],[17.41221,58.83172],[17.41258,58.83138],[17.41326,58.83127],[17.41373,58.82969],[17.41393,58.82934],[17.41444,58.82881],[17.41445,58.82864],[17.41403,58.82834],[17.41362,58.82804],[17.41299,58.82718],[17.41202,58.82697],[17.41202,58.82697],[17.41202,58.82697],[17.4138,58.82532],[17.41477,58.8244],[17.41492,58.82423],[17.4153,58.82408],[17.41544,58.82396],[17.41617,58.82363],[17.41617,58.82363],[17.41618,58.82363],[17.41631,58.82367],[17.41654,58.82356],[17.41669,58.8235],[17.41706,58.82318],[17.41706,58.82301],[17.41694,58.82285],[17.41701,58.82227],[17.41744,58.82189],[17.41826,58.82111],[17.41936,58.82008],[17.42053,58.81898],[17.42053,58.81898],[17.42053,58.81898],[17.42778,58.82091],[17.42778,58.82091],[17.42778,58.82092],[17.42336,58.82698],[17.41781,58.83448],[17.41174,58.84253],[17.41034,58.84549],[17.41015,58.84591],[17.40939,58.84757],[17.40826,58.84856],[17.40726,58.84946],[17.40637,58.85025],[17.40346,58.85335],[17.40322,58.85361],[17.40313,58.8537],[17.40243,58.85445],[17.40214,58.85476],[17.40066,58.85634],[17.39963,58.85743],[17.39897,58.85812],[17.39869,58.85839],[17.39778,58.85925],[17.39623,58.86071],[17.39372,58.86308],[17.3934,58.86338],[17.39405,58.86462],[17.39417,58.86485],[17.39419,58.86489],[17.39541,58.86718],[17.39923,58.86556],[17.3994,58.86549],[17.40055,58.86501],[17.40191,58.86445],[17.4043,58.8643],[17.40571,58.86449],[17.40686,58.86413],[17.40686,58.86413],[17.40686,58.86413],[17.40686,58.86413],[17.40686,58.86413],[17.40626,58.86602],[17.40944,58.86688],[17.40944,58.86688],[17.40944,58.86688],[17.4093,58.86725],[17.40915,58.86768],[17.40904,58.86797],[17.40891,58.86835],[17.40887,58.86846],[17.40875,58.86882],[17.40863,58.86914],[17.40842,58.86975],[17.40836,58.8699],[17.40768,58.87198],[17.40768,58.87198],[17.40768,58.87198],[17.40768,58.87198],[17.40117,58.87089],[17.39692,58.87016],[17.39692,58.87016],[17.39604,58.86846],[17.38442,58.86727],[17.38036,58.8654],[17.37929,58.8649],[17.37719,58.8639],[17.37414,58.86243],[17.37414,58.86243],[17.37386,58.86012],[17.37373,58.85894],[17.37157,58.85867],[17.3698,58.85845],[17.36838,58.85827],[17.36809,58.85823],[17.3679,58.85821],[17.36666,58.85802],[17.3654,58.85918],[17.3654,58.85918],[17.3654,58.85918],[17.36476,58.8587],[17.36223,58.85672],[17.36141,58.856],[17.36113,58.85581],[17.35822,58.85489],[17.35822,58.85489],[17.3581,58.85333],[17.35811,58.85278],[17.35819,58.84762],[17.35818,58.84738],[17.35815,58.84711],[17.35711,58.84411],[17.35491,58.84311],[17.35247,58.84188],[17.34889,58.83906],[17.34751,58.83785],[17.34635,58.83678],[17.34593,58.83643],[17.34553,58.83615],[17.34192,58.83325],[17.34104,58.83254],[17.33826,58.83031],[17.33696,58.82926],[17.33591,58.82841],[17.33425,58.82709],[17.33337,58.82638],[17.33214,58.82542],[17.33176,58.82508],[17.33069,58.82469],[17.3303,58.82451],[17.3303,58.82451],[17.33053,58.82386],[17.33077,58.82321],[17.33101,58.82274],[17.33091,58.82255],[17.33073,58.82222],[17.33017,58.82226],[17.32917,58.82233],[17.32916,58.82233],[17.32856,58.82209],[17.32843,58.82268],[17.32832,58.82323],[17.32779,58.82353],[17.32779,58.82353],[17.32779,58.82353],[17.32524,58.82253]],[[17.33101,58.81414],[17.33123,58.81433],[17.33175,58.81435],[17.33187,58.81434],[17.33165,58.81403],[17.33159,58.81401],[17.33103,58.81404],[17.33101,58.81414]],[[17.33186,58.81401],[17.33208,58.81432],[17.33238,58.81489],[17.33264,58.81488],[17.33366,58.81405],[17.33346,58.81393],[17.33251,58.81398],[17.33186,58.81401]],[[17.36059,58.80594],[17.3607,58.80651],[17.36077,58.80692],[17.36276,58.80742],[17.3634,58.8068],[17.36437,58.80459],[17.36292,58.80511],[17.36059,58.80594]],[[17.363,58.80748],[17.36383,58.80769],[17.3641,58.80774],[17.3641,58.80774],[17.3641,58.80774],[17.36405,58.80784],[17.36406,58.8079],[17.36412,58.80796],[17.36469,58.8082],[17.36469,58.8082],[17.36469,58.8082],[17.36469,58.8082],[17.36371,58.80877],[17.36398,58.80886],[17.36423,58.80911],[17.36467,58.8093],[17.36467,58.8093],[17.36442,58.80966],[17.36531,58.80983],[17.36531,58.80983],[17.36531,58.80984],[17.36502,58.8112],[17.36616,58.81122],[17.36727,58.81124],[17.3675,58.81124],[17.36785,58.81125],[17.36831,58.81126],[17.37416,58.80797],[17.37391,58.80668],[17.37397,58.80655],[17.37413,58.80617],[17.37445,58.80543],[17.37313,58.80406],[17.37317,58.80345],[17.37237,58.80273],[17.37188,58.80242],[17.37067,58.80185],[17.37036,58.80178],[17.37015,58.80179],[17.36981,58.80263],[17.36981,58.80264],[17.36656,58.80361],[17.36567,58.80411],[17.3653,58.80429],[17.36503,58.80437],[17.36462,58.80465],[17.36365,58.80685],[17.363,58.80748]]]]},"properties":{"NVRID":"2001921","NAMN":"Nynäs","SKYDDSTYP":"Naturreservat","BESLUTSSTATUS":"Gällande","LAN":"Södermanlands Län","KOMMUN":"Nyköping, Trosa","IUCNKATEGORI":"Ia, Strikt naturreservat (Strict Nature Reserve)","FORVALTARE":"Öknaskolan","AREA_HA":3822.29,"LAND_HA":3055.28,"VATTEN_HA":767.01,"SKOG_HA":1878.7,"URSPR_BESLUTSDATUM":"1971-12-01"}},{"type":"Feature","geometry":{"type":"MultiPolygon","coordinates":[[[[17.03708,59.22428],[17.03673,59.22408],[17.03632,59.22375],[17.03632,59.22375],[17.03632,59.22375],[17.03724,59.22321],[17.03724,59.22321],[17.03724,59.22321],[17.03806,59.22365],[17.03896,59.22325],[17.03896,59.22325],[17.03896,59.22325],[17.03896,59.22325],[17.03944,59.22366],[17.04005,59.22374],[17.04127,59.22401],[17.04248,59.224],[17.04248,59.224],[17.04313,59.22426],[17.04316,59.22455],[17.04469,59.2252],[17.04547,59.22469],[17.04665,59.2243],[17.04665,59.2243],[17.04791,59.22438],[17.04791,59.22438],[17.04791,59.22438],[17.04734,59.22483],[17.04744,59.22528],[17.0489,59.22524],[17.04919,59.22441],[17.04961,59.22416],[17.04961,59.22416],[17.04961,59.22416],[17.05039,59.22421],[17.05167,59.22364],[17.05168,59.22364],[17.05168,59.22364],[17.05237,59.22409],[17.05486,59.22362],[17.05486,59.22362],[17.05486,59.22362],[17.0552,59.22402],[17.0552,59.22402],[17.05519,59.22402],[17.05449,59.2241],[17.05389,59.22442],[17.05301,59.22466],[17.05207,59.22493],[17.05163,59.22603],[17.05161,59.22653],[17.05264,59.22664],[17.05264,59.22664],[17.05264,59.22664],[17.05266,59.22769],[17.05266,59.22769],[17.05265,59.22769],[17.05112,59.22788],[17.04946,59.22818],[17.04896,59.22823],[17.04886,59.22826],[17.04886,59.22826],[17.04886,59.22826],[17.0487,59.22789],[17.04799,59.22789],[17.0476,59.22796],[17.04749,59.22814],[17.04749,59.22814],[17.04749,59.22814],[17.04727,59.2281],[17.0469,59.22801],[17.04663,59.22799],[17.04624,59.22798],[17.04584,59.22794],[17.04495,59.22784],[17.04459,59.2278],[17.04297,59.22761],[17.04267,59.22756],[17.04181,59.22756],[17.04153,59.22759],[17.04123,59.2276],[17.04067,59.22765],[17.04021,59.22771],[17.03953,59.2278],[17.03882,59.22791],[17.03806,59.22801],[17.03761,59.22809],[17.03665,59.22823],[17.03665,59.22823],[17.03665,59.22823],[17.03665,59.22823],[17.03656,59.22799],[17.03656,59.22798],[17.03656,59.22798],[17.03816,59.22749],[17.03913,59.22716],[17.03997,59.22664],[17.03975,59.22603],[17.0379,59.22577],[17.03657,59.22595],[17.03657,59.22595],[17.03657,59.22595],[17.03578,59.22514],[17.03578,59.22514],[17.03618,59.22469],[17.03708,59.22428]]]]},"properties":{"NVRID":"2028169","NAMN":"Lenellstorpkärret","SKYDDSTYP":"Naturreservat","BESLUTSSTATUS":"Gällande","LAN":"Södermanlands Län","KOMMUN":"Strängnäs","IUCNKATEGORI":"Ia, Strikt naturreservat (Strict Nature Reserve)","FORVALTARE":"Länsstyrelsen i Södermanlands län","AREA_HA":34.59,"LAND_HA":34.59,"VATTEN_HA":0.0,"SKOG_HA":24.97,"URSPR_BESLUTSDATUM":"2012-10-22"}},{"type":"Feature","geometry":{"type":"MultiPolygon","coordinates":[[[[16.71395,59.14759],[16.71356,59.14742],[16.71356,59.14742],[16.71356,59.14742],[16.71427,59.14699],[16.71542,59.14661],[16.71642,59.14628],[16.71683,59.14614],[16.71695,59.1454],[16.71702,59.14493],[16.71771,59.14354],[16.71731,59.14273],[16.71764,59.14241],[16.71794,59.14208],[16.71802,59.14172],[16.71804,59.14167],[16.71809,59.14151],[16.71823,59.14128],[16.7184,59.14108],[16.7184,59.14108],[16.7184,59.14108],[16.71892,59.14122],[16.71908,59.14122],[16.71909,59.14122],[16.72112,59.14184],[16.72176,59.14204],[16.72176,59.14204],[16.72188,59.14253],[16.72066,59.14343],[16.72081,59.1443],[16.72018,59.14483],[16.72313,59.14515],[16.72517,59.14486],[16.72517,59.14486],[16.72517,59.14486],[16.72521,59.14492],[16.72521,59.14497],[16.7252,59.14509],[16.72507,59.14523],[16.72494,59.14536],[16.72473,59.14563],[16.72441,59.14592],[16.72404,59.1462],[16.72371,59.14632],[16.72347,59.14635],[16.72328,59.14637],[16.72268,59.14663],[16.72247,59.14672],[16.72186,59.1469],[16.72156,59.14699],[16.72081,59.14711],[16.72028,59.14717],[16.72001,59.14721],[16.71984,59.14728],[16.71959,59.14744],[16.71944,59.14764],[16.71944,59.14771],[16.71945,59.14783],[16.71941,59.14792],[16.71941,59.14792],[16.71931,59.14798],[16.71931,59.14798],[16.71931,59.14798],[16.71886,59.14795],[16.7185,59.14813],[16.71826,59.14826],[16.71808,59.14837],[16.71776,59.14856],[16.71768,59.14867],[16.71768,59.14868],[16.71768,59.14868],[16.71655,59.14921],[16.71642,59.14927],[16.71642,59.14927],[16.71642,59.14927],[16.71637,59.14925],[16.71637,59.14925],[16.71637,59.14916],[16.71629,59.14914],[16.71624,59.14916],[16.71616,59.14919],[16.71616,59.14919],[16.71616,59.14919],[16.71593,59.14907],[16.71585,59.14894],[16.71581,59.1489],[16.71577,59.14885],[16.71568,59.14876],[16.71561,59.1487],[16.71556,59.14866],[16.7155,59.14862],[16.71541,59.14859],[16.71533,59.14856],[16.71513,59.1485],[16.71503,59.14848],[16.71494,59.14846],[16.71484,59.14845],[16.71473,59.14842],[16.7146,59.14836],[16.71452,59.14832],[16.71421,59.14815],[16.71421,59.14815],[16.71418,59.14804],[16.71407,59.148],[16.714,59.14796],[16.71381,59.14784],[16.71375,59.14779],[16.71368,59.14773],[16.71368,59.14773],[16.71368,59.14773],[16.71395,59.14759]]]]},"properties":{"NVRID":"2001936","NAMN":"Malmköpings naturreservat","SKYDDSTYP":"Naturreservat","BESLUTSSTATUS":"Gällande","LAN":"Södermanlands Län","KOMMUN":"Flen","IUCNKATEGORI":"Ia, Strikt naturreservat (Strict Nature Reserve)","FORVALTARE":"Länsstyrelsen i Södermanlands län","AREA_HA":23.32,"LAND_HA":23.32,"VATTEN_HA":0.0,"SKOG_HA":23.03,"URSPR_BESLUTSDATUM":"1997-12-19"}},{"type":"Feature","geometry":{"type":"MultiPolygon","coordinates":[[[[17.25494,59.16555],[17.25501,59.16413],[17.25585,59.16347],[17.25585,59.16347],[17.25585,59.16347],[17.25692,59.16369],[17.25906,59.16362],[17.25958,59.16338],[17.261,59.16291],[17.26157,59.16135],[17.2625,59.15926],[17.26301,59.15899],[17.26394,59.15861],[17.26432,59.15845],[17.26587,59.15822],[17.26626,59.15825],[17.26718,59.1585],[17.26718,59.1585],[17.26718,59.1585],[17.26736,59.15906],[17.26752,59.15951],[17.26934,59.15954],[17.27098,59.15914],[17.27165,59.15908],[17.27165,59.15908],[17.27165,59.15908],[17.27165,59.15908],[17.27166,59.15968],[17.27174,59.16033],[17.27176,59.16055],[17.27166,59.16116],[17.27166,59.16116],[17.26762,59.16215],[17.26896,59.16364],[17.26886,59.16415],[17.26846,59.16483],[17.26781,59.1653],[17.26735,59.16551],[17.26685,59.16566],[17.26661,59.16579],[17.26643,59.1661],[17.26689,59.16635],[17.26775,59.16678],[17.2677,59.1673],[17.26756,59.16757],[17.26756,59.16757],[17.26756,59.16757],[17.26673,59.16761],[17.26632,59.16803],[17.26554,59.16897],[17.26517,59.16919],[17.26517,59.16919],[17.26517,59.16919],[17.26264,59.16879],[17.26072,59.16824],[17.25923,59.16772],[17.25763,59.16717],[17.2568,59.1669],[17.25618,59.16669],[17.25618,59.16669],[17.25556,59.16609],[17.25494,59.16555],[17.25494,59.16555]]]]},"properties":{"NVRID":"2014847","NAMN":"Tussmötet","SKYDDSTYP":"Naturreservat","BESLUTSSTATUS":"Gällande","LAN":"Södermanlands Län","KOMMUN":"Gnesta","IUCNKATEGORI":"Ia, Strikt naturreservat (Strict Nature Reserve)","FORVALTARE":"Länsstyrelsen i Södermanlands län","AREA_HA":60.98,"LAND_HA":60.98,"VATTEN_HA":0.0,"SKOG_HA":47.25,"URSPR_BESLUTSDATUM":"2009-06-15"}},{"type":"Feature","geometry":{"type":"MultiPolygon","coordinates":[[[[16.31629,59.4373],[16.31609,59.43745],[16.31655,59.43755],[16.31655,59.43755],[16.31655,59.43755],[16.3163,59.43784],[16.31694,59.43787],[16.31741,59.43815],[16.31765,59.43827],[16.31765,59.43827],[16.31782,59.43876],[16.31827,59.439],[16.31875,59.439],[16.31914,59.43885],[16.31914,59.43885],[16.31914,59.43885],[16.31914,59.43885],[16.31914,59.43885],[16.31903,59.43926],[16.31942,59.43959],[16.31978,59.43981],[16.31978,59.43981],[16.31952,59.44007],[16.31976,59.44049],[16.3202,59.44125],[16.32044,59.44144],[16.32091,59.44165],[16.32091,59.44165],[16.3208,59.44197],[16.32125,59.44268],[16.32196,59.44249],[16.32283,59.44209],[16.32283,59.44209],[16.32283,59.44209],[16.32283,59.44209],[16.32288,59.44266],[16.32344,59.44268],[16.32446,59.44238],[16.32515,59.4423],[16.32515,59.4423],[16.32515,59.4423],[16.32515,59.4423],[16.32512,59.44233],[16.32507,59.44237],[16.32492,59.4424],[16.32477,59.44243],[16.32459,59.44248],[16.32444,59.44254],[16.32431,59.4426],[16.32429,59.44261],[16.32426,59.44263],[16.32402,59.44276],[16.32402,59.44276],[16.32402,59.44276],[16.32401,59.44277],[16.32398,59.44278],[16.32398,59.44278],[16.32396,59.4428],[16.32389,59.44285],[16.32388,59.44291],[16.32388,59.44291],[16.32359,59.443],[16.3234,59.44352],[16.32315,59.44398],[16.32105,59.44449],[16.32105,59.44449],[16.32018,59.44425],[16.3152,59.4429],[16.31457,59.44273],[16.31457,59.44273],[16.31458,59.44209],[16.31483,59.44041],[16.31483,59.44011],[16.31478,59.4381],[16.31468,59.43758],[16.31442,59.43693],[16.31442,59.43693],[16.31442,59.43693],[16.31523,59.43675],[16.31587,59.43666],[16.31646,59.4366],[16.31647,59.4366],[16.31647,59.4366],[16.31647,59.4366],[16.31629,59.4373],[16.31629,59.4373]],[[16.32595,59.44327],[16.32548,59.44253],[16.32454,59.44273],[16.32396,59.44289],[16.32396,59.44289],[16.32396,59.44289],[16.32396,59.44289],[16.32397,59.44286],[16.32402,59.44282],[16.3242,59.44272],[16.32436,59.44263],[16.32438,59.44262],[16.3244,59.44262],[16.32455,59.44255],[16.32462,59.44252],[16.32464,59.44251],[16.32467,59.4425],[16.32487,59.44245],[16.32495,59.44244],[16.32512,59.4424],[16.3252,59.44234],[16.32525,59.44229],[16.32525,59.44229],[16.32552,59.44226],[16.32555,59.44206],[16.32556,59.44206],[16.32556,59.44206],[16.32589,59.44205],[16.32661,59.44199],[16.32774,59.44202],[16.32774,59.44202],[16.32774,59.44202],[16.32797,59.4423],[16.328,59.44245],[16.32756,59.44287],[16.32737,59.44294],[16.32685,59.44312],[16.32649,59.44319],[16.32595,59.44327],[16.32595,59.44327],[16.32595,59.44327]]]]},"properties":{"NVRID":"2055883","NAMN":"Väsbyskogen","SKYDDSTYP":"Naturreservat","BESLUTSSTATUS":"Gällande","LAN":"Södermanlands Län","KOMMUN":"Eskilstuna","IUCNKATEGORI":"Ia, Strikt naturreservat (Strict Nature Reserve)","FORVALTARE":"Länsstyrelsen i Södermanlands län","AREA_HA":24.13,"LAND_HA":24.13,"VATTEN_HA":0.0,"SKOG_HA":22.61,"URSPR_BESLUTSDATUM":"2021-10-04"}},{"type":"Feature","geometry":{"type":"MultiPolygon","coordinates":[[[[17.46635,58.75618],[17.46668,58.75492],[17.46847,58.75272],[17.46856,58.75086],[17.4689,58.74875],[17.46817,58.7473],[17.46845,58.74552],[17.46955,58.74346],[17.46955,58.74346],[17.47503,58.74258],[17.47882,58.74246],[17.48284,58.73736],[17.48842,58.73301],[17.48528,58.73107],[17.48528,58.73107],[17.48528,58.73107],[17.51864,58.72181],[17.52696,58.71904],[17.52969,58.71513],[17.53081,58.71267],[17.53239,58.70866],[17.53239,58.70866],[17.57437,58.69186],[17.57437,58.69186],[17.57437,58.69186],[17.57437,58.69186],[17.57437,58.69186],[17.57379,58.70026],[17.57093,58.74141],[17.57093,58.74141],[17.561,58.74533],[17.53298,58.75641],[17.52326,58.76024],[17.50082,58.76714],[17.5008,58.76714],[17.5008,58.76714],[17.50024,58.76708],[17.47975,58.76474],[17.47813,58.76484],[17.47613,58.76495],[17.47613,58.76495],[17.47613,58.76495],[17.47613,58.76495],[17.47598,58.76414],[17.47564,58.7626],[17.47378,58.76231],[17.47301,58.76218],[17.47251,58.76212],[17.47163,58.76271],[17.47163,58.76271],[17.47163,58.76271],[17.47139,58.76256],[17.4709,58.76243],[17.47076,58.76239],[17.46931,58.76256],[17.46818,58.76313],[17.46748,58.76389],[17.46749,58.7639],[17.46749,58.7639],[17.4675,58.7639],[17.46737,58.76453],[17.46744,58.76547],[17.46744,58.76547],[17.46744,58.76547],[17.45701,58.76608],[17.45701,58.76608],[17.45701,58.76608],[17.45701,58.76608],[17.46155,58.76156],[17.46192,58.76002],[17.4628,58.75901],[17.46355,58.75853],[17.46466,58.75713],[17.46635,58.75618]],[[17.46882,58.75449],[17.46938,58.75456],[17.47,58.75422],[17.47031,58.75394],[17.46961,58.75382],[17.469,58.75418],[17.46882,58.75449]]]]},"properties":{"NVRID":"2001930","NAMN":"Långö","SKYDDSTYP":"Naturreservat","BESLUTSSTATUS":"Gällande","LAN":"Södermanlands Län","KOMMUN":"Nyköping","IUCNKATEGORI":"V, Skyddat landskap/havsområde (Protected Landscape/Seascape)","FORVALTARE":"Länsstyrelsen i Södermanlands län","AREA_HA":2732.07,"LAND_HA":684.77,"VATTEN_HA":2047.3,"SKOG_HA":362.14,"URSPR_BESLUTSDATUM":"1980-12-03"}},{"type":"Feature","geometry":{"type":"MultiPolygon","coordinates":[[[[16.37257,59.35424],[16.37255,59.35268],[16.37299,59.35246],[16.37353,59.35217],[16.37353,59.35217],[16.37414,59.35213],[16.37457,59.35218],[16.37527,59.35236],[16.37528,59.35236],[16.37581,59.35383],[16.37642,59.35456],[16.37648,59.35463],[16.37766,59.35432],[16.3775,59.35276],[16.3775,59.35276],[16.3775,59.35276],[16.37805,59.35277],[16.37924,59.35262],[16.37964,59.35261],[16.38007,59.35261],[16.38225,59.35297],[16.38264,59.35303],[16.38264,59.35303],[16.38264,59.35303],[16.38258,59.35311],[16.38267,59.35323],[16.38274,59.35339],[16.38281,59.35356],[16.38299,59.35371],[16.38329,59.35392],[16.38332,59.35393],[16.38342,59.35403],[16.38349,59.35413],[16.38349,59.35416],[16.38351,59.35426],[16.38361,59.35435],[16.38379,59.35443],[16.38399,59.35456],[16.38417,59.35484],[16.3843,59.35498],[16.38446,59.35518],[16.38463,59.35545],[16.385,59.35603],[16.38516,59.35624],[16.38555,59.35627],[16.38585,59.35626],[16.38614,59.35625],[16.38646,59.35629],[16.3866,59.35628],[16.38783,59.35608],[16.38825,59.35596],[16.38874,59.35584],[16.38922,59.35575],[16.38959,59.35566],[16.38984,59.35565],[16.39033,59.35566],[16.39068,59.35562],[16.39096,59.35553],[16.39106,59.35553],[16.39127,59.3555],[16.39164,59.35547],[16.39203,59.35558],[16.39236,59.3556],[16.39257,59.35561],[16.39286,59.35559],[16.39305,59.35559],[16.39385,59.35561],[16.39404,59.35567],[16.39421,59.35574],[16.39447,59.35586],[16.39464,59.35592],[16.39471,59.35593],[16.3948,59.35593],[16.39487,59.35592],[16.39548,59.35577],[16.39603,59.35569],[16.39634,59.35562],[16.39634,59.35562],[16.39665,59.35568],[16.39694,59.35584],[16.39736,59.35595],[16.39833,59.35613],[16.39874,59.35615],[16.39898,59.35622],[16.40264,59.35619],[16.40264,59.35619],[16.40264,59.35619],[16.40236,59.35725],[16.40178,59.35908],[16.40243,59.35995],[16.40243,59.35995],[16.40243,59.35996],[16.40243,59.35996],[16.38891,59.36068],[16.37723,59.36122],[16.37426,59.36161],[16.37426,59.36161],[16.37426,59.36161],[16.37426,59.36161],[16.37407,59.36112],[16.37407,59.36112],[16.37454,59.36084],[16.37438,59.35976],[16.37438,59.35976],[16.37527,59.3591],[16.37525,59.35848],[16.37519,59.35797],[16.37207,59.35634],[16.37207,59.35634],[16.37167,59.35575],[16.37123,59.35511],[16.37123,59.3551],[16.37156,59.35424],[16.37156,59.35424],[16.37156,59.35424],[16.37257,59.35424]]]]},"properties":{"NVRID":"2013316","NAMN":"Tolamossen","SKYDDSTYP":"Naturreservat","BESLUTSSTATUS":"Gällande","LAN":"Södermanlands Län","KOMMUN":"Eskilstuna","IUCNKATEGORI":"Ia, Strikt naturreservat (Strict Nature Reserve)","FORVALTARE":"Länsstyrelsen i Södermanlands län","AREA_HA":107.19,"LAND_HA":107.19,"VATTEN_HA":0.0,"SKOG_HA":94.48,"URSPR_BESLUTSDATUM":"2007-06-27"}},{"type":"Feature","geometry":{"type":"MultiPolygon","coordinates":[[[[17.6007,58.85403],[17.60156,58.85173],[17.60087,58.85143],[17.60087,58.85143],[17.60087,58.85142],[17.60908,58.84029],[17.60908,58.84029],[17.62142,58.83738],[17.62142,58.83738],[17.62668,58.83886],[17.64001,58.84015],[17.64001,58.84015],[17.64001,58.84015],[17.63796,58.84632],[17.63665,58.84821],[17.63665,58.84821],[17.63664,58.84821],[17.62951,58.84593],[17.62456,58.84849],[17.63452,58.85126],[17.63453,58.85126],[17.63453,58.85126],[17.63022,58.85745],[17.63022,58.85745],[17.63022,58.85745],[17.6007,58.85403],[17.6007,58.85403],[17.6007,58.85403]],[[17.60365,58.85216],[17.60367,58.85215],[17.60378,58.8521],[17.60378,58.85208],[17.60382,58.85206],[17.60382,58.85206],[17.60382,58.85206],[17.60387,58.85207],[17.60387,58.85207],[17.60387,58.85207],[17.60387,58.85212],[17.6039,58.8522],[17.6039,58.85231],[17.60394,58.85235],[17.60394,58.85237],[17.60398,58.8524],[17.60398,58.85242],[17.60403,58.85241],[17.60412,58.85241],[17.60429,58.85237],[17.60439,58.85233],[17.60447,58.8523],[17.60459,58.85222],[17.60379,58.85192],[17.60369,58.85196],[17.60363,58.85207],[17.60363,58.85214],[17.60365,58.85216]],[[17.61386,58.85104],[17.61394,58.85125],[17.61428,58.85146],[17.6156,58.85127],[17.6156,58.85127],[17.61622,58.85147],[17.61666,58.85067],[17.61567,58.85048],[17.61386,58.85104]]]]},"properties":{"NVRID":"2001923","NAMN":"Bokö-Oxnö","SKYDDSTYP":"Naturreservat","BESLUTSSTATUS":"Gällande","LAN":"Södermanlands Län","KOMMUN":"Trosa","IUCNKATEGORI":"Ia, Strikt naturreservat (Strict Nature Reserve)","FORVALTARE":"Länsstyrelsen i Södermanlands län","AREA_HA":326.65,"LAND_HA":53.93,"VATTEN_HA":272.72,"SKOG_HA":28.05,"URSPR_BESLUTSDATUM":"1985-04-26"}},{"type":"Feature","geometry":{"type":"MultiPolygon","coordinates":[[[[17.40286,58.90122],[17.40405,58.90064],[17.40495,58.89983],[17.40477,58.89952],[17.40385,58.89934],[17.40385,58.89934],[17.40337,58.89886],[17.40337,58.89886],[17.4035,58.89864],[17.4035,58.89864],[17.40404,58.89853],[17.40487,58.89848],[17.40528,58.89833],[17.40639,58.89765],[17.4073,58.89703],[17.40769,58.89677],[17.40824,58.8966],[17.40932,58.89619],[17.41037,58.89581],[17.41154,58.89527],[17.41209,58.89502],[17.41255,58.89486],[17.41277,58.89483],[17.41277,58.89483],[17.41277,58.89483],[17.41277,58.89483],[17.41309,58.89545],[17.41326,58.89598],[17.41326,58.89598],[17.41326,58.89598],[17.41323,58.89599],[17.41315,58.89605],[17.4131,58.89612],[17.41307,58.89618],[17.41303,58.89625],[17.41295,58.89631],[17.41285,58.89638],[17.41276,58.89645],[17.41267,58.89652],[17.41256,58.89659],[17.41246,58.89666],[17.4124,58.89672],[17.41237,58.89678],[17.41234,58.89685],[17.41229,58.89691],[17.41221,58.89695],[17.41214,58.89697],[17.41208,58.89697],[17.412,58.89695],[17.41192,58.89695],[17.41184,58.89697],[17.41179,58.89701],[17.41176,58.89706],[17.41169,58.89717],[17.41163,58.8972],[17.41154,58.89724],[17.41147,58.89728],[17.41143,58.89733],[17.41138,58.89741],[17.41135,58.89746],[17.41132,58.89751],[17.41127,58.89754],[17.4112,58.89755],[17.41112,58.89759],[17.41106,58.89762],[17.41102,58.89767],[17.41102,58.89772],[17.41105,58.89777],[17.41111,58.89783],[17.41116,58.89787],[17.41122,58.8979],[17.41127,58.89792],[17.41127,58.89792],[17.4113,58.89797],[17.41133,58.89805],[17.41137,58.89812],[17.41142,58.89816],[17.41147,58.89821],[17.41147,58.89821],[17.41146,58.89825],[17.41147,58.89831],[17.41149,58.89838],[17.41155,58.89843],[17.41163,58.89847],[17.41167,58.89851],[17.41168,58.89857],[17.41165,58.89862],[17.41162,58.89866],[17.41161,58.89872],[17.41161,58.89877],[17.4116,58.89881],[17.41154,58.89886],[17.41149,58.89888],[17.41149,58.89889],[17.41141,58.89889],[17.41132,58.89888],[17.41126,58.89886],[17.41119,58.89883],[17.41113,58.8988],[17.41106,58.8988],[17.41098,58.89883],[17.41089,58.89888],[17.41082,58.89893],[17.41077,58.89897],[17.41073,58.89902],[17.41067,58.89908],[17.41059,58.89913],[17.41052,58.89919],[17.41047,58.89926],[17.41043,58.89933],[17.4104,58.89942],[17.41038,58.89949],[17.41035,58.89957],[17.41029,58.89967],[17.41024,58.89972],[17.41016,58.8998],[17.4101,58.89987],[17.41006,58.89993],[17.41005,58.89999],[17.41008,58.90003],[17.41012,58.9001],[17.4102,58.90018],[17.41028,58.90024],[17.41039,58.90032],[17.41047,58.90037],[17.41053,58.90043],[17.41056,58.9005],[17.41056,58.90058],[17.41055,58.90065],[17.4106,58.90077],[17.41062,58.90081],[17.41062,58.90087],[17.4106,58.90093],[17.41058,58.901],[17.41054,58.90108],[17.41051,58.90114],[17.41047,58.90122],[17.41041,58.90128],[17.41034,58.90134],[17.41029,58.90139],[17.41027,58.90144],[17.41029,58.9015],[17.41033,58.90157],[17.41033,58.90162],[17.41031,58.90168],[17.41032,58.90174],[17.41034,58.9018],[17.41033,58.90188],[17.41029,58.90196],[17.41025,58.90203],[17.41021,58.90212],[17.41011,58.90229],[17.41006,58.90237],[17.41,58.90244],[17.40994,58.90252],[17.40986,58.9026],[17.4098,58.90265],[17.40976,58.90271],[17.40978,58.90277],[17.40984,58.90281],[17.40992,58.90286],[17.40997,58.90291],[17.41001,58.90297],[17.41007,58.90303],[17.41017,58.90307],[17.41031,58.9031],[17.41042,58.9031],[17.41042,58.9031],[17.41042,58.9031],[17.40984,58.90413],[17.40984,58.90413],[17.40983,58.90413],[17.40957,58.90402],[17.40868,58.90365],[17.40803,58.90337],[17.4076,58.9032],[17.4072,58.90302],[17.40651,58.90274],[17.40634,58.90266],[17.40591,58.90249],[17.40556,58.90234],[17.40525,58.9022],[17.40459,58.90194],[17.40423,58.90179],[17.40334,58.90141],[17.40286,58.90122],[17.40286,58.90122],[17.40286,58.90122],[17.40286,58.90122]]]]},"properties":{"NVRID":"2002764","NAMN":"Noret","SKYDDSTYP":"Naturreservat","BESLUTSSTATUS":"Gällande","LAN":"Södermanlands Län","KOMMUN":"Trosa","IUCNKATEGORI":"Ia, Strikt naturreservat (Strict Nature Reserve)","FORVALTARE":"Länsstyrelsen i Södermanlands län","AREA_HA":27.52,"LAND_HA":27.52,"VATTEN_HA":0.0,"SKOG_HA":23.32,"URSPR_BESLUTSDATUM":"2004-05-10"}},{"type":"Feature","geometry":{"type":"MultiPolygon","coordinates":[[[[16.04421,59.33788],[16.04507,59.33722],[16.04551,59.33701],[16.04472,59.33651],[16.04476,59.33594],[16.04476,59.33594],[16.04623,59.33464],[16.04591,59.33421],[16.04591,59.33421],[16.04591,59.33421],[16.04997,59.33275],[16.05196,59.33204],[16.05264,59.3318],[16.05264,59.3318],[16.05374,59.33196],[16.05457,59.33219],[16.05499,59.33224],[16.05544,59.33222],[16.05544,59.33222],[16.05544,59.33222],[16.05544,59.33222],[16.05566,59.33308],[16.06318,59.33521],[16.06318,59.33521],[16.06318,59.33521],[16.05925,59.33932],[16.05877,59.33969],[16.05825,59.34],[16.05736,59.34053],[16.05696,59.34077],[16.05595,59.34137],[16.05479,59.3417],[16.05339,59.34194],[16.0496,59.34229],[16.0468,59.34226],[16.0468,59.34226],[16.04634,59.34181],[16.04635,59.341],[16.04609,59.3401],[16.04438,59.33845],[16.04421,59.33788],[16.04421,59.33788]]]]},"properties":{"NVRID":"2051801","NAMN":"Tovhulta Stormosse","SKYDDSTYP":"Naturreservat","BESLUTSSTATUS":"Gällande","LAN":"Södermanlands Län","KOMMUN":"Eskilstuna","IUCNKATEGORI":"0, Områden som ej kan klassificeras enligt IUCN: s system.","FORVALTARE":"Länsstyrelsen i Södermanlands län","AREA_HA":82.25,"LAND_HA":82.25,"VATTEN_HA":0.0,"SKOG_HA":16.08,"URSPR_BESLUTSDATUM":"2019-12-16"}},{"type":"Feature","geometry":{"type":"MultiPolygon","coordinates":[[[[17.08263,58.65435],[17.08258,58.65432],[17.08251,58.6543],[17.08246,58.65429],[17.08246,58.65429],[17.08246,58.65428],[17.08246,58.65428],[17.08252,58.65424],[17.08258,58.6542],[17.08261,58.65413],[17.08267,58.65407],[17.0827,58.65403],[17.08274,58.65401],[17.0828,58.65398],[17.08285,58.65395],[17.08285,58.65395],[17.08285,58.65395],[17.08285,58.65395],[17.08285,58.65395],[17.08382,58.65367],[17.08397,58.65358],[17.08562,58.65241],[17.08746,58.65112],[17.08806,58.65004],[17.08903,58.64833],[17.08943,58.64689],[17.09116,58.64079],[17.09117,58.64078],[17.09196,58.64063],[17.09666,58.63974],[17.09681,58.63971],[17.09682,58.63971],[17.09682,58.63971],[17.09703,58.64051],[17.09709,58.64105],[17.09669,58.64176],[17.09596,58.6422],[17.09509,58.64277],[17.09813,58.64587],[17.09895,58.64558],[17.09988,58.64527],[17.10074,58.64494],[17.10103,58.64487],[17.102,58.6447],[17.10266,58.64458],[17.10382,58.64452],[17.10667,58.64443],[17.10867,58.64462],[17.11082,58.64475],[17.11149,58.64485],[17.11274,58.64511],[17.11338,58.64525],[17.11397,58.64559],[17.1145,58.64584],[17.1145,58.64584],[17.11306,58.64887],[17.11249,58.65247],[17.11249,58.65247],[17.11249,58.65247],[17.11084,58.65215],[17.11058,58.65229],[17.11023,58.65342],[17.10992,58.65403],[17.11089,58.6542],[17.11185,58.65463],[17.11185,58.65463],[17.11185,58.65463],[17.11185,58.65463],[17.11084,58.65497],[17.11084,58.65497],[17.11084,58.65497],[17.11059,58.65484],[17.10944,58.65478],[17.10937,58.65509],[17.10937,58.65509],[17.10937,58.65509],[17.10438,58.65581],[17.10237,58.65583],[17.09987,58.65611],[17.10004,58.65693],[17.1005,58.65768],[17.10114,58.65825],[17.1021,58.65862],[17.1021,58.65862],[17.1021,58.65862],[17.1021,58.65863],[17.10014,58.6592],[17.09944,58.65925],[17.09883,58.65922],[17.09826,58.65913],[17.09729,58.65892],[17.09578,58.6588],[17.09482,58.65877],[17.09349,58.65897],[17.09215,58.65916],[17.09073,58.65932],[17.08998,58.65941],[17.08891,58.65963],[17.08804,58.65999],[17.08804,58.65999],[17.08804,58.65999],[17.08728,58.6595],[17.08728,58.6595],[17.08728,58.6595],[17.08784,58.65917],[17.08779,58.65897],[17.08636,58.65891],[17.08566,58.65882],[17.08451,58.65842],[17.08414,58.65823],[17.08395,58.65806],[17.08338,58.65822],[17.08337,58.65831],[17.08337,58.65831],[17.08337,58.65831],[17.08292,58.65848],[17.08227,58.65872],[17.08227,58.65872],[17.08227,58.65872],[17.08227,58.65872],[17.08227,58.65872],[17.0822,58.65852],[17.08214,58.6584],[17.08202,58.65826],[17.0818,58.6581],[17.08135,58.65787],[17.08123,58.6576],[17.08123,58.6576],[17.08155,58.65681],[17.08166,58.6567],[17.08369,58.65527],[17.08389,58.65519],[17.08389,58.65519],[17.08389,58.65519],[17.08389,58.65519],[17.08389,58.6552],[17.08394,58.65546],[17.08429,58.65548],[17.08469,58.65548],[17.08515,58.6554],[17.08665,58.65547],[17.0871,58.65541],[17.08694,58.65517],[17.08609,58.65508],[17.08492,58.65467],[17.08492,58.65467],[17.08492,58.65467],[17.085,58.65449],[17.085,58.65449],[17.085,58.65449],[17.08536,58.65448],[17.08513,58.65417],[17.08456,58.65422],[17.08424,58.65417],[17.0842,58.65421],[17.08415,58.65426],[17.08415,58.65432],[17.08413,58.65441],[17.08411,58.65451],[17.08408,58.65464],[17.08407,58.65472],[17.08402,58.65476],[17.08394,58.65478],[17.08383,58.65478],[17.08368,58.65478],[17.0836,58.65476],[17.08352,58.65473],[17.08351,58.65469],[17.0835,58.65464],[17.08347,58.6546],[17.08339,58.65456],[17.08335,58.65452],[17.08335,58.65447],[17.08342,58.65433],[17.0834,58.65429],[17.08334,58.65424],[17.08331,58.6542],[17.08324,58.65417],[17.08319,58.65419],[17.0832,58.65422],[17.08322,58.65425],[17.08319,58.65429],[17.08312,58.65435],[17.08304,58.6544],[17.08292,58.65444],[17.08285,58.65446],[17.08278,58.65449],[17.08277,58.65449],[17.0827,58.65448],[17.08265,58.65444],[17.08264,58.6544],[17.08263,58.65435]],[[17.0966,58.65119],[17.09654,58.65128],[17.09688,58.65133],[17.09682,58.65123],[17.0966,58.65119]],[[17.10823,58.64772],[17.1081,58.64789],[17.10853,58.64807],[17.1089,58.64813],[17.10893,58.64801],[17.10842,58.64794],[17.10842,58.64794],[17.10842,58.64794],[17.10842,58.64794],[17.10855,58.64777],[17.10823,58.64772]],[[17.08602,58.65328],[17.08565,58.65346],[17.08569,58.65354],[17.08627,58.6535],[17.08656,58.65337],[17.08656,58.65324],[17.08602,58.65328]],[[17.10161,58.64925],[17.10098,58.64946],[17.10174,58.64963],[17.10186,58.64929],[17.10161,58.64925]],[[17.10681,58.65138],[17.10695,58.65141],[17.10695,58.65141],[17.10698,58.65145],[17.10701,58.65149],[17.10705,58.65153],[17.10708,58.65155],[17.10715,58.65159],[17.10721,58.65163],[17.10731,58.65168],[17.10739,58.65171],[17.10753,58.65173],[17.10805,58.65146],[17.10809,58.65139],[17.1079,58.65122],[17.10758,58.65129],[17.10723,58.65146],[17.10723,58.65146],[17.10723,58.65146],[17.10723,58.65146],[17.10693,58.6513],[17.10681,58.65138]],[[17.10106,58.65267],[17.10103,58.65266],[17.10119,58.65303],[17.10145,58.65309],[17.1018,58.65309],[17.1021,58.6529],[17.10194,58.65247],[17.10189,58.65248],[17.10183,58.65255],[17.10183,58.65255],[17.10183,58.65255],[17.10172,58.65254],[17.10152,58.65255],[17.10133,58.65263],[17.10119,58.65268],[17.10119,58.65268],[17.10106,58.65267]],[[17.09894,58.65492],[17.09904,58.6552],[17.10006,58.65544],[17.10057,58.6557],[17.10093,58.65563],[17.10111,58.65544],[17.10025,58.65494],[17.0992,58.65477],[17.09894,58.65492]],[[17.10352,58.65278],[17.10344,58.65281],[17.10373,58.65304],[17.10397,58.65303],[17.10486,58.6529],[17.10566,58.65296],[17.10605,58.65286],[17.1065,58.65285],[17.10728,58.65294],[17.10715,58.65252],[17.10703,58.65252],[17.10657,58.65244],[17.10631,58.6524],[17.10557,58.65238],[17.10534,58.65237],[17.10525,58.65241],[17.10528,58.65246],[17.10537,58.6525],[17.10541,58.65255],[17.10541,58.65255],[17.10541,58.65255],[17.10529,58.65259],[17.10516,58.65262],[17.10491,58.65261],[17.10434,58.65264],[17.10408,58.65267],[17.10391,58.65269],[17.10361,58.6527],[17.10356,58.65274],[17.10352,58.65278],[17.10352,58.65278]],[[17.09658,58.65394],[17.09622,58.65427],[17.09662,58.65437],[17.09705,58.65457],[17.09765,58.65482],[17.09873,58.65489],[17.09913,58.65462],[17.09884,58.65419],[17.09886,58.65408],[17.09825,58.65405],[17.09821,58.65418],[17.09811,58.65432],[17.09811,58.65432],[17.09811,58.65432],[17.09764,58.65429],[17.09764,58.65429],[17.09764,58.65429],[17.0977,58.65402],[17.09736,58.65399],[17.09658,58.65394]],[[17.10077,58.65373],[17.10061,58.65405],[17.10146,58.6542],[17.1025,58.65398],[17.10344,58.65396],[17.10344,58.65396],[17.10344,58.65396],[17.10351,58.6543],[17.10424,58.65431],[17.10409,58.65396],[17.10391,58.65392],[17.10391,58.65392],[17.10391,58.65392],[17.10412,58.65349],[17.10412,58.65349],[17.10442,58.65341],[17.10403,58.65311],[17.10378,58.65312],[17.10342,58.65317],[17.10314,58.65329],[17.10244,58.65367],[17.10244,58.65367],[17.10214,58.65372],[17.10192,58.65375],[17.10077,58.65373]],[[17.09851,58.65202],[17.09851,58.65226],[17.09889,58.65234],[17.09889,58.65234],[17.09889,58.65234],[17.09877,58.65274],[17.09909,58.65275],[17.09976,58.65264],[17.09989,58.65249],[17.0999,58.65249],[17.10011,58.65248],[17.10069,58.65244],[17.10079,58.65243],[17.10098,58.65238],[17.10105,58.65228],[17.10118,58.65211],[17.1012,58.65204],[17.10119,58.65198],[17.10126,58.65189],[17.10126,58.65184],[17.10109,58.65164],[17.10104,58.65154],[17.10102,58.65148],[17.10091,58.65148],[17.10086,58.65152],[17.10079,58.65155],[17.10079,58.65155],[17.10079,58.65155],[17.10058,58.6515],[17.10022,58.65152],[17.09999,58.65151],[17.09999,58.65151],[17.09997,58.65151],[17.09974,58.65196],[17.09973,58.65196],[17.09973,58.65196],[17.09863,58.65183],[17.09851,58.65202]],[[17.10171,58.66161],[17.10157,58.66131],[17.10092,58.66141],[17.10061,58.66141],[17.09965,58.66135],[17.09965,58.66135],[17.09956,58.66115],[17.09913,58.65941],[17.09913,58.65941],[17.09913,58.65941],[17.09913,58.65941],[17.09948,58.65943],[17.10031,58.65936],[17.10301,58.65858],[17.10301,58.65858],[17.10301,58.65858],[17.10362,58.65881],[17.10409,58.6591],[17.10533,58.65944],[17.10618,58.65958],[17.10618,58.65958],[17.10618,58.65958],[17.10618,58.65958],[17.10618,58.65959],[17.10618,58.65959],[17.10619,58.6596],[17.1062,58.65961],[17.1062,58.65961],[17.10622,58.65962],[17.10624,58.65964],[17.10624,58.65964],[17.10626,58.65965],[17.10626,58.65965],[17.10626,58.65966],[17.10627,58.65966],[17.10628,58.65966],[17.10629,58.65966],[17.1063,58.65967],[17.10631,58.65967],[17.10631,58.65967],[17.10631,58.65967],[17.10631,58.65967],[17.10632,58.65967],[17.10633,58.65967],[17.10634,58.65967],[17.10635,58.65967],[17.10635,58.65967],[17.10636,58.65967],[17.10637,58.65967],[17.10637,58.65967],[17.10637,58.65967],[17.10637,58.65967],[17.10638,58.65968],[17.10638,58.65968],[17.10637,58.65969],[17.10637,58.65969],[17.10638,58.65969],[17.10638,58.65969],[17.10638,58.65968],[17.10639,58.65968],[17.10639,58.65968],[17.10639,58.65968],[17.10639,58.65968],[17.1064,58.65968],[17.10641,58.65969],[17.10641,58.65968],[17.10642,58.65968],[17.10642,58.65968],[17.10642,58.65968],[17.10642,58.65968],[17.10643,58.65968],[17.10643,58.65969],[17.10644,58.65969],[17.10644,58.65969],[17.10644,58.6597],[17.10644,58.6597],[17.10644,58.6597],[17.10644,58.6597],[17.10644,58.6597],[17.10644,58.6597],[17.10644,58.6597],[17.10645,58.65971],[17.10645,58.65971],[17.10645,58.65972],[17.10646,58.65972],[17.10646,58.65972],[17.10646,58.65972],[17.10647,58.65973],[17.10647,58.65973],[17.10648,58.65974],[17.10648,58.65974],[17.10649,58.65974],[17.10649,58.65974],[17.10649,58.65974],[17.1065,58.65974],[17.10651,58.65973],[17.10651,58.65973],[17.10652,58.65973],[17.10652,58.65973],[17.10652,58.65973],[17.10653,58.65974],[17.10654,58.65974],[17.10654,58.65974],[17.10654,58.65974],[17.10654,58.65974],[17.10655,58.65974],[17.10655,58.65974],[17.10655,58.65974],[17.10655,58.65974],[17.10655,58.65974],[17.10655,58.65975],[17.10656,58.65975],[17.10656,58.65975],[17.10657,58.65975],[17.10657,58.65975],[17.10657,58.65975],[17.10657,58.65975],[17.10658,58.65975],[17.10658,58.65975],[17.10658,58.65975],[17.10658,58.65975],[17.10658,58.65975],[17.1066,58.65975],[17.1066,58.65975],[17.1066,58.65975],[17.1066,58.65975],[17.10661,58.65975],[17.10661,58.65975],[17.10662,58.65976],[17.10662,58.65976],[17.10663,58.65976],[17.10664,58.65976],[17.10664,58.65976],[17.10664,58.65976],[17.10664,58.65976],[17.10663,58.65976],[17.10664,58.65977],[17.10665,58.65977],[17.10666,58.65977],[17.10666,58.65977],[17.10666,58.65977],[17.10668,58.65977],[17.10668,58.65977],[17.10669,58.65977],[17.10669,58.65977],[17.1067,58.65977],[17.1067,58.65977],[17.1067,58.65977],[17.1067,58.65978],[17.1067,58.65978],[17.1067,58.65978],[17.1067,58.65978],[17.10669,58.65978],[17.10669,58.65978],[17.10669,58.65979],[17.10669,58.65979],[17.1067,58.6598],[17.1067,58.6598],[17.1067,58.6598],[17.1067,58.65981],[17.1067,58.65981],[17.1067,58.65981],[17.1067,58.65981],[17.1067,58.65981],[17.10671,58.65982],[17.10671,58.65982],[17.10672,58.65982],[17.10672,58.65983],[17.10673,58.65983],[17.10674,58.65983],[17.10674,58.65983],[17.10675,58.65983],[17.10676,58.65983],[17.10676,58.65984],[17.10676,58.65984],[17.10677,58.65984],[17.10677,58.65984],[17.10678,58.65985],[17.10678,58.65985],[17.10679,58.65985],[17.10679,58.65986],[17.10678,58.65986],[17.10678,58.65986],[17.10679,58.65986],[17.10679,58.65986],[17.1068,58.65987],[17.1068,58.65987],[17.1068,58.65987],[17.10681,58.65987],[17.10681,58.65988],[17.10681,58.65988],[17.10681,58.65988],[17.10682,58.65988],[17.10682,58.65989],[17.10682,58.65989],[17.10682,58.65989],[17.10683,58.65989],[17.10683,58.65989],[17.10684,58.65989],[17.10684,58.65989],[17.10684,58.65989],[17.10683,58.65989],[17.10683,58.65989],[17.10683,58.65989],[17.10683,58.6599],[17.10683,58.6599],[17.10683,58.6599],[17.10681,58.6599],[17.1068,58.65991],[17.1068,58.65991],[17.10679,58.65991],[17.10679,58.65991],[17.10679,58.65992],[17.10679,58.65992],[17.10679,58.65992],[17.10679,58.65992],[17.10679,58.65992],[17.10679,58.65992],[17.10679,58.65993],[17.10679,58.65993],[17.10679,58.65993],[17.10679,58.65993],[17.10679,58.65993],[17.10679,58.65993],[17.10679,58.65994],[17.10678,58.65994],[17.10678,58.65994],[17.10678,58.65994],[17.10678,58.65995],[17.10678,58.65995],[17.10678,58.65995],[17.10678,58.65996],[17.10678,58.65996],[17.10678,58.65997],[17.10678,58.65997],[17.10679,58.65997],[17.10679,58.65998],[17.1068,58.65999],[17.1068,58.65999],[17.10681,58.66],[17.10681,58.66],[17.1068,58.66],[17.1068,58.66],[17.1068,58.66],[17.1068,58.66001],[17.10679,58.66001],[17.10679,58.66001],[17.10679,58.66001],[17.10679,58.66001],[17.10679,58.66001],[17.10679,58.66001],[17.10679,58.66002],[17.10679,58.66002],[17.10679,58.66002],[17.10679,58.66002],[17.1068,58.66003],[17.1068,58.66003],[17.10681,58.66004],[17.10681,58.66004],[17.10681,58.66004],[17.1068,58.66004],[17.1068,58.66004],[17.10681,58.66004],[17.10681,58.66005],[17.10681,58.66005],[17.10681,58.66005],[17.1068,58.66005],[17.1068,58.66005],[17.1068,58.66005],[17.1068,58.66005],[17.10681,58.66006],[17.10681,58.66006],[17.10682,58.66007],[17.10682,58.66007],[17.10683,58.66007],[17.10683,58.66007],[17.10683,58.66007],[17.10683,58.66008],[17.10684,58.66009],[17.10684,58.66009],[17.10685,58.66009],[17.10685,58.6601],[17.10686,58.6601],[17.10687,58.6601],[17.10687,58.66009],[17.10687,58.66009],[17.10687,58.66009],[17.10687,58.66009],[17.10688,58.66009],[17.10689,58.66009],[17.10689,58.66009],[17.10689,58.66009],[17.10689,58.66009],[17.10689,58.6601],[17.10689,58.6601],[17.10689,58.6601],[17.10689,58.6601],[17.10689,58.6601],[17.10689,58.6601],[17.1069,58.6601],[17.1069,58.6601],[17.10691,58.6601],[17.10691,58.6601],[17.10692,58.6601],[17.10692,58.6601],[17.10693,58.66011],[17.10693,58.66011],[17.10693,58.66011],[17.10693,58.66012],[17.10693,58.66012],[17.10693,58.66012],[17.10694,58.66013],[17.10694,58.66013],[17.10694,58.66014],[17.10695,58.66015],[17.10695,58.66015],[17.10695,58.66016],[17.10696,58.66016],[17.10696,58.66016],[17.10695,58.66016],[17.10694,58.66017],[17.10695,58.66017],[17.10695,58.66017],[17.10694,58.66017],[17.10694,58.66017],[17.10694,58.66017],[17.10693,58.66017],[17.10692,58.66016],[17.10692,58.66016],[17.10691,58.66016],[17.10691,58.66016],[17.10689,58.66017],[17.10689,58.66017],[17.10689,58.66017],[17.10689,58.66017],[17.10689,58.66018],[17.1069,58.66018],[17.1069,58.66017],[17.1069,58.66018],[17.1069,58.66018],[17.10691,58.66018],[17.10691,58.66018],[17.10692,58.66018],[17.10692,58.66018],[17.10693,58.66019],[17.10693,58.66019],[17.10693,58.66019],[17.10692,58.66019],[17.10692,58.66019],[17.10693,58.66019],[17.10693,58.66019],[17.10693,58.66019],[17.10693,58.66019],[17.10694,58.6602],[17.10693,58.6602],[17.10693,58.6602],[17.10692,58.6602],[17.10692,58.66021],[17.10692,58.66021],[17.10693,58.66021],[17.10693,58.66021],[17.10693,58.66022],[17.10693,58.66022],[17.10692,58.66022],[17.10692,58.66022],[17.10692,58.66022],[17.10692,58.66022],[17.10692,58.66022],[17.10692,58.66023],[17.10692,58.66023],[17.10692,58.66023],[17.10692,58.66024],[17.10692,58.66024],[17.1069,58.66023],[17.1069,58.66023],[17.1069,58.66023],[17.1069,58.66024],[17.1069,58.66024],[17.10689,58.66024],[17.10689,58.66024],[17.1069,58.66025],[17.1069,58.66025],[17.10691,58.66025],[17.10691,58.66026],[17.10692,58.66026],[17.10692,58.66026],[17.10692,58.66026],[17.10692,58.66027],[17.10692,58.66027],[17.10692,58.66028],[17.10692,58.66028],[17.10692,58.66029],[17.10692,58.66029],[17.10692,58.66029],[17.10691,58.66031],[17.10689,58.66034],[17.10689,58.66034],[17.10689,58.66035],[17.10688,58.66035],[17.10688,58.66035],[17.10687,58.66035],[17.10687,58.66036],[17.10687,58.66036],[17.10687,58.66036],[17.10687,58.66036],[17.10686,58.66037],[17.10686,58.66037],[17.10686,58.66037],[17.10686,58.66037],[17.10686,58.66038],[17.10686,58.66038],[17.10686,58.66039],[17.10687,58.66039],[17.10687,58.6604],[17.10687,58.6604],[17.10687,58.6604],[17.10687,58.6604],[17.10686,58.6604],[17.10686,58.6604],[17.10685,58.66041],[17.10685,58.66041],[17.10687,58.66042],[17.10687,58.66043],[17.10687,58.66043],[17.10687,58.66044],[17.10687,58.66044],[17.10687,58.66044],[17.10687,58.66044],[17.10688,58.66045],[17.10688,58.66045],[17.10688,58.66045],[17.10688,58.66045],[17.10688,58.66046],[17.10688,58.66046],[17.10687,58.66046],[17.10687,58.66046],[17.10686,58.66046],[17.10686,58.66046],[17.10685,58.66046],[17.10685,58.66046],[17.10685,58.66046],[17.10685,58.66047],[17.10685,58.66047],[17.10685,58.66048],[17.10685,58.66048],[17.10685,58.66048],[17.10685,58.66049],[17.10686,58.6605],[17.1069,58.66054],[17.1069,58.66054],[17.1069,58.66054],[17.1069,58.66055],[17.1069,58.66055],[17.1069,58.66056],[17.1069,58.66056],[17.10689,58.66056],[17.10689,58.66056],[17.10688,58.66056],[17.10688,58.66056],[17.10688,58.66056],[17.10687,58.66056],[17.10687,58.66056],[17.10687,58.66057],[17.10687,58.66057],[17.10687,58.66057],[17.10686,58.66058],[17.10686,58.66058],[17.10686,58.66058],[17.10686,58.66058],[17.10686,58.66058],[17.10686,58.66059],[17.10685,58.6606],[17.10685,58.6606],[17.10685,58.66061],[17.10684,58.66061],[17.10684,58.66061],[17.10683,58.66061],[17.10683,58.66062],[17.10683,58.66063],[17.10682,58.66063],[17.10682,58.66063],[17.10682,58.66063],[17.10681,58.66064],[17.10681,58.66064],[17.10682,58.66065],[17.10681,58.66065],[17.10681,58.66065],[17.10681,58.66065],[17.10681,58.66065],[17.10681,58.66065],[17.10681,58.66065],[17.10681,58.66066],[17.1068,58.66066],[17.1068,58.66067],[17.10679,58.66068],[17.10679,58.66068],[17.10679,58.66068],[17.10679,58.66069],[17.10678,58.66069],[17.10678,58.66069],[17.10678,58.66069],[17.10677,58.66071],[17.10676,58.66071],[17.10675,58.66072],[17.10675,58.66072],[17.10675,58.66074],[17.10674,58.66074],[17.10674,58.66074],[17.10675,58.66074],[17.10675,58.66074],[17.10674,58.66074],[17.10672,58.66076],[17.10672,58.66076],[17.10672,58.66076],[17.10672,58.66076],[17.10671,58.66077],[17.1067,58.66078],[17.10668,58.66079],[17.10668,58.66079],[17.10668,58.66079],[17.10668,58.66079],[17.10668,58.6608],[17.10666,58.66081],[17.10666,58.66081],[17.10664,58.66082],[17.10658,58.66084],[17.10656,58.66084],[17.10655,58.66084],[17.10655,58.66085],[17.10655,58.66085],[17.10655,58.66085],[17.10655,58.66086],[17.10653,58.66086],[17.10652,58.66087],[17.10651,58.66087],[17.1065,58.66087],[17.10649,58.66087],[17.10649,58.66087],[17.10647,58.66087],[17.10646,58.66087],[17.10645,58.66087],[17.10644,58.66087],[17.10644,58.66087],[17.10641,58.66087],[17.10641,58.66087],[17.10641,58.66087],[17.1064,58.66088],[17.1064,58.66088],[17.10639,58.66088],[17.10639,58.66088],[17.10639,58.66088],[17.10637,58.66089],[17.10636,58.6609],[17.10636,58.6609],[17.10636,58.6609],[17.10635,58.6609],[17.10633,58.66091],[17.10633,58.66091],[17.10632,58.66091],[17.10631,58.66092],[17.10629,58.66092],[17.10628,58.66092],[17.10627,58.66092],[17.10626,58.66093],[17.10625,58.66093],[17.10624,58.66093],[17.10623,58.66093],[17.10623,58.66093],[17.10621,58.66093],[17.10621,58.66093],[17.1062,58.66093],[17.1062,58.66093],[17.1062,58.66093],[17.1062,58.66093],[17.10619,58.66093],[17.10619,58.66092],[17.10619,58.66093],[17.10618,58.66093],[17.10618,58.66092],[17.10618,58.66092],[17.10617,58.66092],[17.10617,58.66092],[17.10615,58.66093],[17.10615,58.66093],[17.10614,58.66093],[17.10613,58.66093],[17.10613,58.66093],[17.10611,58.66094],[17.1061,58.66094],[17.10609,58.66094],[17.10608,58.66094],[17.10607,58.66094],[17.10605,58.66094],[17.10604,58.66094],[17.10603,58.66095],[17.10603,58.66095],[17.10601,58.66095],[17.106,58.66095],[17.10599,58.66095],[17.10597,58.66094],[17.10596,58.66094],[17.10595,58.66095],[17.10594,58.66095],[17.10593,58.66095],[17.10593,58.66095],[17.10592,58.66095],[17.10592,58.66095],[17.10592,58.66095],[17.10591,58.66095],[17.1059,58.66095],[17.10589,58.66095],[17.10589,58.66095],[17.10589,58.66096],[17.10588,58.66096],[17.10588,58.66096],[17.10588,58.66097],[17.10587,58.66097],[17.10587,58.66098],[17.10587,58.66098],[17.10587,58.66098],[17.10587,58.66098],[17.10586,58.66098],[17.10584,58.66099],[17.10584,58.66099],[17.10583,58.66098],[17.10583,58.66099],[17.10579,58.66099],[17.10579,58.66099],[17.10578,58.66099],[17.10578,58.66099],[17.10577,58.66099],[17.10577,58.66099],[17.10576,58.66099],[17.10575,58.66099],[17.10575,58.66099],[17.10574,58.66099],[17.1057,58.66099],[17.1057,58.66099],[17.1057,58.66099],[17.10567,58.66099],[17.10567,58.66099],[17.10567,58.66099],[17.10566,58.66099],[17.10564,58.66099],[17.10564,58.66099],[17.10563,58.66099],[17.10563,58.66099],[17.10562,58.66099],[17.10561,58.66099],[17.10561,58.661],[17.1056,58.661],[17.1056,58.661],[17.10561,58.661],[17.10561,58.66101],[17.10561,58.66101],[17.10561,58.66101],[17.10561,58.66101],[17.10561,58.66101],[17.10561,58.66102],[17.10561,58.66102],[17.1056,58.66102],[17.10559,58.66102],[17.10558,58.66102],[17.10558,58.66102],[17.10557,58.66103],[17.10556,58.66103],[17.10555,58.66103],[17.10555,58.66103],[17.10553,58.66103],[17.10553,58.66104],[17.10552,58.66104],[17.10551,58.66104],[17.1055,58.66104],[17.10549,58.66104],[17.10548,58.66104],[17.10547,58.66104],[17.10547,58.66104],[17.10546,58.66104],[17.10546,58.66104],[17.10545,58.66104],[17.10545,58.66103],[17.10545,58.66103],[17.10545,58.66103],[17.10545,58.66103],[17.10545,58.66103],[17.10545,58.66103],[17.10545,58.66103],[17.10544,58.66103],[17.10544,58.66103],[17.10543,58.66103],[17.10543,58.66103],[17.10542,58.66103],[17.10542,58.66103],[17.10541,58.66103],[17.10541,58.66103],[17.1054,58.66103],[17.10539,58.66103],[17.10538,58.66103],[17.10538,58.66103],[17.10537,58.66104],[17.10536,58.66104],[17.10536,58.66104],[17.10535,58.66104],[17.10535,58.66104],[17.10533,58.66104],[17.10532,58.66104],[17.10531,58.66104],[17.10529,58.66104],[17.10528,58.66104],[17.10527,58.66104],[17.10526,58.66105],[17.10526,58.66105],[17.10522,58.66105],[17.10521,58.66105],[17.1052,58.66105],[17.10519,58.66105],[17.10518,58.66105],[17.10517,58.66105],[17.10516,58.66105],[17.10516,58.66105],[17.10514,58.66105],[17.10514,58.66105],[17.10513,58.66105],[17.10512,58.66105],[17.10511,58.66105],[17.10509,58.66105],[17.10509,58.66105],[17.10508,58.66105],[17.10507,58.66105],[17.10506,58.66105],[17.10504,58.66105],[17.10503,58.66106],[17.10502,58.66105],[17.10501,58.66106],[17.105,58.66106],[17.10499,58.66106],[17.10498,58.66106],[17.10498,58.66106],[17.10497,58.66106],[17.10496,58.66106],[17.10496,58.66106],[17.10495,58.66106],[17.10493,58.66106],[17.1049,58.66106],[17.10489,58.66106],[17.10488,58.66106],[17.10485,58.66106],[17.10484,58.66106],[17.10483,58.66106],[17.10482,58.66106],[17.10482,58.66106],[17.10481,58.66106],[17.1048,58.66106],[17.10479,58.66106],[17.10477,58.66107],[17.10477,58.66107],[17.10476,58.66107],[17.10475,58.66107],[17.10475,58.66107],[17.10474,58.66106],[17.10473,58.66106],[17.10472,58.66106],[17.10472,58.66106],[17.10471,58.66106],[17.10469,58.66106],[17.10469,58.66106],[17.10468,58.66106],[17.10468,58.66106],[17.10467,58.66106],[17.10467,58.66107],[17.10466,58.66107],[17.10465,58.66107],[17.10465,58.66107],[17.10463,58.66108],[17.1046,58.66108],[17.1046,58.66108],[17.10458,58.66109],[17.10456,58.6611],[17.10455,58.6611],[17.10455,58.66111],[17.10453,58.66111],[17.10453,58.66111],[17.10452,58.66112],[17.10448,58.66113],[17.10448,58.66113],[17.10448,58.66113],[17.10447,58.66114],[17.10447,58.66114],[17.10446,58.66115],[17.10444,58.66115],[17.10443,58.66115],[17.10443,58.66116],[17.10441,58.66116],[17.10441,58.66116],[17.10441,58.66115],[17.1044,58.66116],[17.1044,58.66116],[17.1044,58.66116],[17.10439,58.66117],[17.10439,58.66117],[17.10438,58.66118],[17.10438,58.66118],[17.10438,58.66119],[17.10438,58.66119],[17.10438,58.66119],[17.10437,58.66119],[17.10437,58.6612],[17.10435,58.6612],[17.10434,58.6612],[17.10433,58.6612],[17.10432,58.6612],[17.10431,58.66121],[17.10431,58.66121],[17.1043,58.66121],[17.10427,58.66122],[17.10423,58.66123],[17.10423,58.66123],[17.10423,58.66124],[17.10423,58.66124],[17.10423,58.66124],[17.10423,58.66124],[17.10421,58.66125],[17.1042,58.66125],[17.10419,58.66125],[17.10418,58.66125],[17.10417,58.66125],[17.10415,58.66125],[17.10415,58.66125],[17.10413,58.66125],[17.10413,58.66125],[17.10412,58.66125],[17.10411,58.66125],[17.1041,58.66124],[17.1041,58.66124],[17.10409,58.66124],[17.10409,58.66124],[17.10408,58.66124],[17.10407,58.66124],[17.10407,58.66124],[17.10407,58.66124],[17.10406,58.66124],[17.10405,58.66124],[17.10403,58.66124],[17.10403,58.66124],[17.10403,58.66124],[17.10403,58.66124],[17.10402,58.66124],[17.10401,58.66124],[17.10401,58.66124],[17.104,58.66124],[17.10399,58.66124],[17.10398,58.66125],[17.10397,58.66125],[17.10397,58.66125],[17.10396,58.66125],[17.10396,58.66125],[17.10396,58.66126],[17.10396,58.66126],[17.10396,58.66126],[17.10396,58.66126],[17.10395,58.66126],[17.10394,58.66127],[17.10394,58.66127],[17.10393,58.66127],[17.10393,58.66127],[17.10393,58.66127],[17.10391,58.66128],[17.10391,58.66128],[17.10388,58.66129],[17.10384,58.6613],[17.10383,58.66131],[17.10382,58.66131],[17.10381,58.66131],[17.10379,58.66132],[17.10379,58.66132],[17.10379,58.66132],[17.10377,58.66132],[17.10375,58.66133],[17.10374,58.66133],[17.10373,58.66133],[17.10373,58.66133],[17.10372,58.66133],[17.10372,58.66133],[17.10371,58.66133],[17.1037,58.66133],[17.1037,58.66133],[17.10369,58.66133],[17.10368,58.66134],[17.10367,58.66133],[17.10366,58.66134],[17.10365,58.66134],[17.10363,58.66134],[17.10362,58.66135],[17.10361,58.66135],[17.1036,58.66135],[17.1036,58.66135],[17.1036,58.66135],[17.10359,58.66135],[17.10359,58.66135],[17.10358,58.66135],[17.10357,58.66135],[17.10356,58.66136],[17.10355,58.66136],[17.10354,58.66136],[17.10352,58.66136],[17.10351,58.66136],[17.10351,58.66136],[17.1035,58.66137],[17.10348,58.66137],[17.10348,58.66137],[17.10347,58.66137],[17.10347,58.66137],[17.10345,58.66137],[17.10345,58.66138],[17.10344,58.66138],[17.10343,58.66138],[17.10341,58.66139],[17.1034,58.66139],[17.1034,58.66139],[17.10339,58.66139],[17.10336,58.66139],[17.10335,58.66139],[17.10332,58.6614],[17.10331,58.6614],[17.1033,58.6614],[17.10329,58.6614],[17.10328,58.66141],[17.10326,58.66141],[17.10325,58.66141],[17.10322,58.66141],[17.10322,58.66141],[17.10322,58.66141],[17.10321,58.66142],[17.10321,58.66142],[17.10319,58.66142],[17.10319,58.66142],[17.10318,58.66142],[17.10317,58.66142],[17.10316,58.66142],[17.10315,58.66142],[17.10314,58.66142],[17.10312,58.66142],[17.10312,58.66142],[17.10311,58.66142],[17.10311,58.66142],[17.10311,58.66142],[17.1031,58.66143],[17.1031,58.66143],[17.10309,58.66143],[17.10309,58.66143],[17.10307,58.66143],[17.10307,58.66143],[17.10307,58.66143],[17.10305,58.66143],[17.10303,58.66144],[17.10302,58.66144],[17.10302,58.66144],[17.10301,58.66144],[17.103,58.66144],[17.103,58.66144],[17.10297,58.66145],[17.10296,58.66145],[17.10295,58.66145],[17.10294,58.66145],[17.10293,58.66145],[17.10292,58.66146],[17.10291,58.66146],[17.1029,58.66146],[17.10289,58.66146],[17.10288,58.66146],[17.10287,58.66146],[17.10287,58.66146],[17.10286,58.66146],[17.10283,58.66147],[17.10283,58.66147],[17.10282,58.66147],[17.10281,58.66147],[17.1028,58.66147],[17.10278,58.66147],[17.10277,58.66148],[17.10277,58.66148],[17.10276,58.66147],[17.10268,58.66148],[17.10261,58.6615],[17.10248,58.66151],[17.10243,58.66152],[17.10237,58.66152],[17.10232,58.66153],[17.10228,58.66154],[17.1021,58.66157],[17.10203,58.66157],[17.10197,58.66158],[17.10191,58.66158],[17.10187,58.66157],[17.10179,58.66158],[17.10171,58.66161],[17.10171,58.66161],[17.10171,58.66161],[17.10171,58.66161],[17.10171,58.66161]]]]},"properties":{"NVRID":"2005595","NAMN":"Femöre","SKYDDSTYP":"Naturreservat","BESLUTSSTATUS":"Gällande","LAN":"Södermanlands Län","KOMMUN":"Oxelösund","IUCNKATEGORI":"V, Skyddat landskap/havsområde (Protected Landscape/Seascape)","FORVALTARE":"Oxelösunds kommun","AREA_HA":236.42,"LAND_HA":125.23,"VATTEN_HA":111.19,"SKOG_HA":89.33,"URSPR_BESLUTSDATUM":"2006-05-31"}},{"type":"Feature","geometry":{"type":"MultiPolygon","coordinates":[[[[16.65462,59.41078],[16.65459,59.41055],[16.65402,59.41066],[16.65402,59.41066],[16.65402,59.41066],[16.65392,59.41042],[16.65387,59.4102],[16.65389,59.40984],[16.65389,59.40984],[16.65419,59.40953],[16.65432,59.40931],[16.65443,59.40913],[16.65485,59.40882],[16.65509,59.40835],[16.65523,59.40801],[16.65621,59.40719],[16.65621,59.40719],[16.65683,59.40701],[16.65781,59.40689],[16.65853,59.40694],[16.65853,59.40694],[16.65854,59.40695],[16.65855,59.4072],[16.65855,59.4072],[16.65823,59.40733],[16.65794,59.40757],[16.65788,59.4079],[16.65802,59.40822],[16.65828,59.40851],[16.65836,59.40873],[16.65836,59.40895],[16.65836,59.40895],[16.65836,59.40895],[16.65792,59.40899],[16.65672,59.40937],[16.65615,59.40966],[16.65616,59.41044],[16.65602,59.41098],[16.65602,59.41098],[16.65602,59.41098],[16.65602,59.41098],[16.65565,59.41096],[16.65547,59.41094],[16.65524,59.41092],[16.65508,59.41093],[16.65487,59.41092],[16.65487,59.41092],[16.65482,59.41089],[16.65469,59.41086],[16.65462,59.41078]],[[16.65859,59.40449],[16.65946,59.40365],[16.65946,59.40365],[16.65946,59.40365],[16.65946,59.40365],[16.66082,59.4049],[16.66082,59.4049],[16.66082,59.4049],[16.66081,59.4049],[16.65986,59.40502],[16.65937,59.40512],[16.65908,59.4052],[16.65882,59.40531],[16.65861,59.40547],[16.6579,59.40612],[16.65779,59.40641],[16.65779,59.40641],[16.65779,59.40641],[16.65674,59.40608],[16.65674,59.40608],[16.65674,59.40608],[16.65674,59.40608],[16.65686,59.406],[16.65731,59.40571],[16.6578,59.40524],[16.65859,59.40449]]]]},"properties":{"NVRID":"2001301","NAMN":"Sofiebergsåsen","SKYDDSTYP":"Naturreservat","BESLUTSSTATUS":"Gällande","LAN":"Södermanlands Län","KOMMUN":"Eskilstuna","IUCNKATEGORI":"III, Naturmonument (Natural Monument)","FORVALTARE":"Länsstyrelsen i Södermanlands län","AREA_HA":8.43,"LAND_HA":8.43,"VATTEN_HA":0.0,"SKOG_HA":4.04,"URSPR_BESLUTSDATUM":"1982-03-10"}},{"type":"Feature","geometry":{"type":"MultiPolygon","coordinates":[[[[16.30674,59.27607],[16.30886,59.27404],[16.30962,59.27327],[16.30962,59.27327],[16.31404,59.27156],[16.31662,59.27056],[16.32394,59.26773],[16.32527,59.26722],[16.32816,59.26611],[16.32889,59.26583],[16.3292,59.26571],[16.3292,59.26571],[16.33118,59.26559],[16.33315,59.26546],[16.33645,59.2652],[16.33747,59.26496],[16.34459,59.26322],[16.34518,59.26286],[16.34653,59.26202],[16.34653,59.26202],[16.34905,59.26217],[16.35184,59.25979],[16.35769,59.25802],[16.35886,59.25738],[16.35913,59.25724],[16.35962,59.25698],[16.36069,59.25638],[16.36323,59.25499],[16.36363,59.25477],[16.36363,59.25477],[16.36363,59.25477],[16.36363,59.25477],[16.36363,59.25477],[16.36666,59.25799],[16.36666,59.25799],[16.36666,59.25799],[16.36666,59.25799],[16.36666,59.25799],[16.36526,59.25775],[16.36476,59.25816],[16.36446,59.25901],[16.36289,59.26004],[16.36275,59.26045],[16.36287,59.26063],[16.36329,59.26107],[16.36361,59.26131],[16.36409,59.26169],[16.36409,59.26169],[16.36409,59.26169],[16.36395,59.26181],[16.36395,59.26181],[16.36395,59.26181],[16.36276,59.26169],[16.36218,59.26153],[16.36038,59.26162],[16.36037,59.26195],[16.36053,59.2622],[16.36125,59.26209],[16.36251,59.26223],[16.36289,59.26249],[16.36311,59.26264],[16.36318,59.26269],[16.36331,59.26276],[16.36341,59.26285],[16.36362,59.26297],[16.36486,59.26313],[16.36623,59.26302],[16.36803,59.2637],[16.36803,59.2637],[16.36803,59.2637],[16.36803,59.2637],[16.36803,59.2637],[16.3676,59.26378],[16.36646,59.26399],[16.36652,59.26429],[16.36674,59.26469],[16.36717,59.26522],[16.36735,59.26529],[16.36806,59.26557],[16.36891,59.26621],[16.36928,59.26629],[16.36998,59.26605],[16.37031,59.26572],[16.36972,59.26513],[16.3701,59.2646],[16.36949,59.26412],[16.36948,59.26412],[16.36949,59.26412],[16.37015,59.26369],[16.37015,59.26369],[16.3711,59.26372],[16.37172,59.26364],[16.37172,59.26364],[16.37172,59.26364],[16.37262,59.26459],[16.38128,59.26118],[16.38161,59.25981],[16.38116,59.25916],[16.38139,59.25837],[16.38044,59.25602],[16.38044,59.25602],[16.38044,59.25602],[16.38044,59.25602],[16.38826,59.25586],[16.38859,59.25585],[16.39215,59.25618],[16.39281,59.25624],[16.39669,59.25659],[16.39846,59.25676],[16.39846,59.25676],[16.40135,59.25902],[16.40185,59.25943],[16.40708,59.26342],[16.40793,59.26379],[16.41259,59.26578],[16.41289,59.26769],[16.41289,59.26769],[16.41289,59.26769],[16.41288,59.26769],[16.41255,59.26771],[16.41234,59.26774],[16.41234,59.26774],[16.41092,59.26746],[16.41071,59.26735],[16.40949,59.26796],[16.40948,59.26796],[16.40774,59.26805],[16.40802,59.26971],[16.40847,59.27204],[16.40885,59.27413],[16.4105,59.2748],[16.41067,59.27469],[16.41067,59.27469],[16.41151,59.27457],[16.41239,59.27448],[16.41385,59.27415],[16.41386,59.27415],[16.41624,59.27531],[16.41624,59.27531],[16.41887,59.27934],[16.41887,59.27934],[16.41887,59.27934],[16.41876,59.27938],[16.41862,59.27941],[16.41454,59.28024],[16.41417,59.28049],[16.41397,59.2806],[16.41376,59.28071],[16.41342,59.28092],[16.41331,59.28105],[16.41319,59.28116],[16.41305,59.28127],[16.41284,59.28137],[16.41265,59.28142],[16.41246,59.28147],[16.41225,59.28149],[16.41187,59.28148],[16.41162,59.28145],[16.41138,59.28139],[16.41089,59.28126],[16.41068,59.28119],[16.41033,59.2811],[16.40635,59.28191],[16.40111,59.28328],[16.39439,59.28591],[16.3899,59.28651],[16.38737,59.28663],[16.38123,59.28693],[16.37861,59.28662],[16.37754,59.28585],[16.37631,59.28577],[16.37428,59.28608],[16.36655,59.28527],[16.36211,59.28523],[16.35913,59.28466],[16.35248,59.28308],[16.33845,59.28314],[16.33142,59.2816],[16.30674,59.27608],[16.30674,59.27607],[16.30674,59.27607]]]]},"properties":{"NVRID":"2001866","NAMN":"Hedlandet","SKYDDSTYP":"Naturreservat","BESLUTSSTATUS":"Gällande","LAN":"Södermanlands Län","KOMMUN":"Eskilstuna","IUCNKATEGORI":"V, Skyddat landskap/havsområde (Protected Landscape/Seascape)","FORVALTARE":"Sveaskog AB","AREA_HA":1353.27,"LAND_HA":1256.78,"VATTEN_HA":96.49,"SKOG_HA":943.6,"URSPR_BESLUTSDATUM":"1978-04-12"}},{"type":"Feature","geometry":{"type":"MultiPolygon","coordinates":[[[[16.78462,59.44377],[16.78459,59.44377],[16.78459,59.44377],[16.78459,59.44376],[16.7846,59.44363],[16.78469,59.44349],[16.78469,59.44349],[16.78469,59.44349],[16.78469,59.44349],[16.78536,59.44357],[16.78598,59.44328],[16.78672,59.44329],[16.78672,59.44324],[16.78605,59.44277],[16.78605,59.44277],[16.78605,59.44277],[16.78633,59.4427],[16.78659,59.44259],[16.78653,59.44248],[16.78629,59.44209],[16.78567,59.4421],[16.78567,59.4421],[16.78567,59.4421],[16.78568,59.44185],[16.7856,59.44151],[16.78557,59.4406],[16.78533,59.44017],[16.78527,59.43989],[16.78527,59.43964],[16.7853,59.43931],[16.78532,59.439],[16.78538,59.43873],[16.78553,59.43843],[16.78565,59.43821],[16.78565,59.43821],[16.78565,59.43821],[16.78602,59.43825],[16.78647,59.43827],[16.78676,59.43766],[16.78676,59.43766],[16.78676,59.43766],[16.78912,59.43748],[16.78912,59.43749],[16.78912,59.43749],[16.7893,59.43778],[16.78934,59.438],[16.78932,59.43827],[16.78916,59.43876],[16.78894,59.43932],[16.78876,59.43958],[16.78854,59.43979],[16.78823,59.44004],[16.78804,59.44016],[16.78779,59.44041],[16.78754,59.44078],[16.78728,59.44135],[16.78695,59.44173],[16.78683,59.44197],[16.7868,59.44231],[16.78686,59.44248],[16.787,59.44291],[16.78699,59.44311],[16.78707,59.44348],[16.78715,59.44376],[16.78715,59.44376],[16.78715,59.44376],[16.78682,59.44378],[16.78681,59.44378],[16.78661,59.44447],[16.78661,59.44447],[16.78661,59.44447],[16.78464,59.44442],[16.78464,59.44442],[16.78463,59.44442],[16.78463,59.44442],[16.78467,59.44431],[16.78461,59.44417],[16.78463,59.44388],[16.78462,59.44377]]]]},"properties":{"NVRID":"2051399","NAMN":"Åsbyåsen","SKYDDSTYP":"Naturreservat","BESLUTSSTATUS":"Gällande","LAN":"Södermanlands Län","KOMMUN":"Strängnäs","IUCNKATEGORI":"Ia, Strikt naturreservat (Strict Nature Reserve)","FORVALTARE":"Länsstyrelsen i Södermanlands län","AREA_HA":9.5,"LAND_HA":9.5,"VATTEN_HA":0.0,"SKOG_HA":8.39,"URSPR_BESLUTSDATUM":"2019-10-21"}},{"type":"Feature","geometry":{"type":"MultiPolygon","coordinates":[[[[17.0547,59.35706],[17.05469,59.35673],[17.05459,59.35649],[17.05459,59.35649],[17.05482,59.35599],[17.05529,59.35528],[17.05539,59.35514],[17.05553,59.35477],[17.05615,59.35347],[17.05615,59.35347],[17.05616,59.35347],[17.05841,59.35361],[17.05915,59.35349],[17.05914,59.3534],[17.05914,59.3534],[17.05914,59.3534],[17.05996,59.35336],[17.06033,59.35337],[17.06045,59.3534],[17.06102,59.35375],[17.06102,59.35375],[17.06102,59.35375],[17.06095,59.35378],[17.06108,59.354],[17.06119,59.35421],[17.0613,59.35448],[17.0613,59.35448],[17.06051,59.35495],[17.0604,59.35533],[17.06141,59.35593],[17.0616,59.35604],[17.06228,59.35591],[17.06238,59.35588],[17.06238,59.35588],[17.06238,59.35588],[17.06254,59.35606],[17.06267,59.35643],[17.0625,59.3569],[17.06215,59.35716],[17.06215,59.35716],[17.06215,59.35716],[17.06215,59.35716],[17.06181,59.35697],[17.06163,59.35692],[17.06145,59.35682],[17.06126,59.35678],[17.06096,59.3568],[17.0606,59.35682],[17.06045,59.35683],[17.06016,59.35682],[17.05994,59.35683],[17.05981,59.35685],[17.05924,59.35703],[17.05898,59.35709],[17.05875,59.3571],[17.05875,59.3571],[17.05873,59.35709],[17.05853,59.35709],[17.05834,59.35708],[17.0579,59.35707],[17.05755,59.35711],[17.0571,59.35721],[17.05674,59.35731],[17.05666,59.35737],[17.05667,59.35748],[17.05661,59.35753],[17.05661,59.35753],[17.05661,59.35753],[17.05649,59.35754],[17.05623,59.35754],[17.05614,59.35752],[17.05605,59.35748],[17.05592,59.35737],[17.05582,59.35733],[17.05569,59.35732],[17.05552,59.35734],[17.05526,59.35733],[17.0549,59.35724],[17.05472,59.35713],[17.0547,59.35706]],[[17.05245,59.34762],[17.05247,59.34733],[17.05233,59.34722],[17.05236,59.34704],[17.05256,59.34692],[17.05309,59.34684],[17.05309,59.34684],[17.05341,59.34692],[17.05372,59.34684],[17.05387,59.34661],[17.05416,59.34637],[17.05491,59.34573],[17.05513,59.34544],[17.05523,59.3453],[17.05523,59.3453],[17.05523,59.3453],[17.05589,59.34537],[17.05607,59.34533],[17.05617,59.34519],[17.05617,59.34518],[17.05664,59.34505],[17.05734,59.34513],[17.05734,59.34513],[17.05734,59.34513],[17.05731,59.34525],[17.05714,59.34542],[17.05643,59.34628],[17.05602,59.34668],[17.05569,59.34682],[17.05388,59.34717],[17.05534,59.34859],[17.05622,59.34933],[17.05653,59.34969],[17.05655,59.34989],[17.05645,59.35002],[17.05621,59.35018],[17.0551,59.35053],[17.0548,59.35069],[17.0548,59.35069],[17.0548,59.35069],[17.05438,59.35057],[17.05404,59.35044],[17.05404,59.35044],[17.05404,59.35044],[17.05399,59.35007],[17.05418,59.34966],[17.0544,59.34911],[17.05395,59.34905],[17.05343,59.34899],[17.0532,59.34892],[17.05296,59.34881],[17.05249,59.34836],[17.05249,59.34836],[17.05249,59.34836],[17.0526,59.34833],[17.05239,59.34809],[17.05237,59.34769],[17.05237,59.34769],[17.05245,59.34762]]]]},"properties":{"NVRID":"2001865","NAMN":"Gorsingeholm","SKYDDSTYP":"Naturreservat","BESLUTSSTATUS":"Gällande","LAN":"Södermanlands Län","KOMMUN":"Strängnäs","IUCNKATEGORI":"IV, Habitat/Artskyddsområde (Habitat/Species Management Area)","FORVALTARE":"Strängnäs kommun","AREA_HA":21.24,"LAND_HA":21.05,"VATTEN_HA":0.19,"SKOG_HA":18.11,"URSPR_BESLUTSDATUM":"1967-03-23"}},{"type":"Feature","geometry":{"type":"MultiPolygon","coordinates":[[[[16.79181,59.12676],[16.7919,59.12658],[16.79218,59.12638],[16.7935,59.12547],[16.79504,59.1244],[16.79471,59.12306],[16.79444,59.12201],[16.79443,59.12187],[16.79439,59.12172],[16.79439,59.12172],[16.79439,59.12172],[16.7944,59.12172],[16.79598,59.12163],[16.79629,59.12167],[16.79672,59.1219],[16.79672,59.1219],[16.79667,59.12251],[16.7969,59.12334],[16.79715,59.12388],[16.79736,59.12433],[16.79747,59.1247],[16.79762,59.12512],[16.79821,59.12604],[16.79848,59.12645],[16.79848,59.12645],[16.79738,59.12719],[16.7974,59.12725],[16.79749,59.1275],[16.79749,59.12761],[16.79758,59.12777],[16.79758,59.12777],[16.79758,59.12778],[16.79758,59.12778],[16.79599,59.12794],[16.79569,59.12795],[16.79442,59.12759],[16.79305,59.1272],[16.79181,59.12676],[16.79181,59.12676],[16.79181,59.12676]]]]},"properties":{"NVRID":"2001875","NAMN":"Henaredalen","SKYDDSTYP":"Naturreservat","BESLUTSSTATUS":"Gällande","LAN":"Södermanlands Län","KOMMUN":"Flen","IUCNKATEGORI":"IV, Habitat/Artskyddsområde (Habitat/Species Management Area)","FORVALTARE":"Länsstyrelsen i Södermanlands län","AREA_HA":13.56,"LAND_HA":13.15,"VATTEN_HA":0.41,"SKOG_HA":10.87,"URSPR_BESLUTSDATUM":"1966-12-30"}},{"type":"Feature","geometry":{"type":"MultiPolygon","coordinates":[[[[17.29059,58.99065],[17.28984,58.9904],[17.28984,58.9904],[17.28984,58.9904],[17.29023,58.99009],[17.29175,58.98935],[17.29157,58.9886],[17.29157,58.9886],[17.29157,58.9886],[17.29662,58.98818],[17.30155,58.98776],[17.31027,58.98704],[17.31027,58.98704],[17.31027,58.98704],[17.31028,58.98716],[17.31012,58.98783],[17.31008,58.98839],[17.3099,58.98868],[17.30925,58.9894],[17.30899,58.99008],[17.30891,58.99015],[17.30886,58.99025],[17.30883,58.99037],[17.3088,58.9905],[17.30876,58.99064],[17.3087,58.99074],[17.30862,58.99085],[17.30852,58.99095],[17.30839,58.99104],[17.30801,58.99125],[17.3078,58.99137],[17.30758,58.99149],[17.30744,58.99159],[17.3073,58.99169],[17.30714,58.99176],[17.30697,58.99182],[17.30678,58.9919],[17.3066,58.99199],[17.30649,58.99207],[17.30644,58.99216],[17.30644,58.99226],[17.30644,58.99236],[17.30644,58.99251],[17.30641,58.99264],[17.30637,58.99274],[17.3063,58.99284],[17.30628,58.99291],[17.30628,58.99296],[17.30628,58.99296],[17.30628,58.99296],[17.30628,58.99296],[17.30627,58.99296],[17.30584,58.99276],[17.30527,58.99242],[17.30435,58.99212],[17.30363,58.9919],[17.30293,58.99157],[17.30192,58.99171],[17.30192,58.99171],[17.30192,58.99171],[17.30165,58.99144],[17.30157,58.99139],[17.30144,58.99136],[17.30131,58.99134],[17.30131,58.99134],[17.30129,58.99132],[17.30129,58.99128],[17.30136,58.99118],[17.30174,58.99069],[17.30173,58.99063],[17.3017,58.99056],[17.30162,58.99048],[17.3015,58.9904],[17.30134,58.99033],[17.30117,58.99028],[17.30023,58.99007],[17.30012,58.99007],[17.29995,58.9901],[17.29972,58.99016],[17.29907,58.99037],[17.29895,58.99043],[17.29882,58.99053],[17.29875,58.99064],[17.29873,58.99075],[17.29877,58.99085],[17.29888,58.99099],[17.29905,58.9911],[17.29926,58.99121],[17.29946,58.99127],[17.29972,58.99129],[17.29997,58.99131],[17.30014,58.99133],[17.30027,58.99138],[17.30038,58.99145],[17.30058,58.99158],[17.30058,58.99158],[17.30058,58.99158],[17.30007,58.99182],[17.30007,58.99182],[17.30006,58.99182],[17.29976,58.99158],[17.29897,58.99178],[17.29897,58.99178],[17.29819,58.99141],[17.29757,58.99091],[17.29783,58.99042],[17.29637,58.99053],[17.29523,58.99065],[17.2941,58.99102],[17.29334,58.99164],[17.2929,58.99224],[17.29286,58.99257],[17.29357,58.99337],[17.29398,58.99368],[17.29398,58.99368],[17.29398,58.99368],[17.29398,58.99368],[17.29398,58.99368],[17.29351,58.99373],[17.29261,58.99394],[17.29175,58.99428],[17.29276,58.99539],[17.29257,58.99602],[17.29257,58.99602],[17.29257,58.99602],[17.29159,58.99595],[17.29159,58.99595],[17.29023,58.99493],[17.2892,58.99452],[17.28826,58.99372],[17.28829,58.99307],[17.28869,58.99272],[17.28869,58.99272],[17.2887,58.99272],[17.29123,58.99298],[17.2918,58.99222],[17.2911,58.99189],[17.2911,58.99188],[17.29065,58.99125],[17.29059,58.99065]]]]},"properties":{"NVRID":"2002932","NAMN":"Hårbyskogen","SKYDDSTYP":"Naturreservat","BESLUTSSTATUS":"Gällande","LAN":"Södermanlands Län","KOMMUN":"Gnesta","IUCNKATEGORI":"Ia, Strikt naturreservat (Strict Nature Reserve)","FORVALTARE":"Länsstyrelsen i Södermanlands län","AREA_HA":48.79,"LAND_HA":48.79,"VATTEN_HA":0.0,"SKOG_HA":41.62,"URSPR_BESLUTSDATUM":"2007-06-27"}},{"type":"Feature","geometry":{"type":"MultiPolygon","coordinates":[[[[16.96397,59.0089],[16.96385,59.00889],[16.96385,59.00889],[16.96385,59.00889],[16.96385,59.00889],[16.96385,59.00889],[16.96523,59.00853],[16.9659,59.00792],[16.96619,59.00751],[16.96619,59.00751],[16.9676,59.00713],[16.96906,59.00646],[16.96906,59.00646],[16.97023,59.00655],[16.97049,59.00615],[16.97103,59.00573],[16.97103,59.00573],[16.97196,59.00582],[16.97254,59.00581],[16.97334,59.00569],[16.97465,59.00604],[16.97529,59.00612],[16.97559,59.00554],[16.97571,59.00528],[16.97594,59.00521],[16.97647,59.00513],[16.97681,59.00514],[16.97706,59.00527],[16.97715,59.00608],[16.97739,59.00621],[16.97823,59.00627],[16.9784,59.00631],[16.97902,59.00649],[16.97928,59.00664],[16.97936,59.00684],[16.9795,59.00691],[16.98014,59.00716],[16.98094,59.00764],[16.98137,59.00798],[16.98227,59.00843],[16.98319,59.00888],[16.98362,59.00923],[16.98362,59.00923],[16.98362,59.00923],[16.98362,59.00924],[16.98352,59.00926],[16.98339,59.00934],[16.98331,59.00944],[16.98319,59.00951],[16.98311,59.00963],[16.98303,59.00974],[16.98296,59.00981],[16.98296,59.00981],[16.98275,59.00981],[16.9825,59.00983],[16.98226,59.00984],[16.98207,59.00991],[16.9819,59.00999],[16.98167,59.01005],[16.98142,59.01008],[16.98122,59.01008],[16.981,59.01005],[16.98074,59.01004],[16.98055,59.01008],[16.98034,59.01009],[16.98008,59.01012],[16.9799,59.01011],[16.97979,59.01009],[16.97969,59.01009],[16.97959,59.01008],[16.97948,59.01007],[16.97941,59.01008],[16.97941,59.01008],[16.97936,59.01006],[16.97932,59.01001],[16.97923,59.00996],[16.97914,59.00989],[16.97906,59.00984],[16.97896,59.0098],[16.97885,59.00976],[16.97865,59.00974],[16.97839,59.0097],[16.97825,59.00965],[16.97819,59.0096],[16.9781,59.00957],[16.978,59.0095],[16.97786,59.00943],[16.9777,59.00935],[16.97755,59.00926],[16.97742,59.00922],[16.97724,59.00923],[16.97704,59.00928],[16.97683,59.00933],[16.97663,59.00933],[16.97642,59.00935],[16.97625,59.00939],[16.97613,59.00946],[16.97599,59.00955],[16.97596,59.00962],[16.97596,59.00962],[16.97581,59.0097],[16.97569,59.00974],[16.97569,59.00982],[16.97576,59.00992],[16.97582,59.01002],[16.97582,59.01002],[16.97576,59.01007],[16.97563,59.01012],[16.97546,59.01015],[16.97523,59.01015],[16.97503,59.01014],[16.97492,59.01011],[16.97481,59.01007],[16.9746,59.01004],[16.97435,59.00998],[16.97416,59.00991],[16.97404,59.00983],[16.97394,59.00976],[16.97391,59.0097],[16.97394,59.00964],[16.97391,59.00959],[16.97381,59.00956],[16.97375,59.00953],[16.97375,59.00952],[16.97374,59.00942],[16.9738,59.00922],[16.97378,59.00914],[16.9737,59.00907],[16.97358,59.00901],[16.97342,59.00899],[16.97325,59.00899],[16.97312,59.00899],[16.97297,59.00899],[16.97284,59.00904],[16.97282,59.00913],[16.97278,59.00924],[16.9727,59.00935],[16.97258,59.00945],[16.97244,59.00955],[16.97227,59.00964],[16.972,59.00977],[16.97179,59.00988],[16.97165,59.00997],[16.97148,59.01004],[16.97148,59.01004],[16.97126,59.01006],[16.97103,59.0101],[16.97087,59.01013],[16.97068,59.01011],[16.9705,59.01006],[16.97027,59.01003],[16.97002,59.00997],[16.96975,59.00992],[16.96957,59.00986],[16.96934,59.00978],[16.96914,59.0097],[16.96894,59.00964],[16.96865,59.00961],[16.96835,59.00957],[16.96813,59.00952],[16.96799,59.00947],[16.96787,59.00941],[16.9677,59.00938],[16.96743,59.00936],[16.96704,59.0093],[16.96681,59.00924],[16.96658,59.00918],[16.96638,59.00914],[16.96619,59.00912],[16.96597,59.00914],[16.96574,59.00918],[16.96542,59.00917],[16.96513,59.00914],[16.96502,59.00911],[16.96493,59.00909],[16.96483,59.00913],[16.96468,59.00914],[16.96441,59.00908],[16.9642,59.00903],[16.96406,59.00897],[16.96397,59.0089]]]]},"properties":{"NVRID":"2013457","NAMN":"Ljuvalund","SKYDDSTYP":"Naturreservat","BESLUTSSTATUS":"Gällande","LAN":"Södermanlands Län","KOMMUN":"Nyköping","IUCNKATEGORI":"Ia, Strikt naturreservat (Strict Nature Reserve)","FORVALTARE":"Länsstyrelsen i Södermanlands län","AREA_HA":35.31,"LAND_HA":35.3,"VATTEN_HA":0.01,"SKOG_HA":31.44,"URSPR_BESLUTSDATUM":"2007-12-10"}},{"type":"Feature","geometry":{"type":"MultiPolygon","coordinates":[[[[16.86071,59.04251],[16.86071,59.0424],[16.86074,59.04227],[16.8608,59.04215],[16.86088,59.04203],[16.86098,59.04186],[16.86103,59.0417],[16.86109,59.04154],[16.86113,59.04144],[16.86113,59.04144],[16.86113,59.04144],[16.86113,59.04144],[16.86193,59.04155],[16.86313,59.04175],[16.86369,59.04184],[16.86406,59.04204],[16.86412,59.04207],[16.86412,59.04207],[16.86412,59.04207],[16.86406,59.04212],[16.86395,59.04215],[16.86381,59.0422],[16.86362,59.04231],[16.8635,59.0424],[16.86344,59.04249],[16.86342,59.04257],[16.86343,59.04267],[16.86346,59.04276],[16.86346,59.04284],[16.86341,59.04292],[16.8634,59.04299],[16.86345,59.04306],[16.86349,59.04314],[16.86349,59.04323],[16.86344,59.04334],[16.86335,59.04341],[16.86323,59.04345],[16.86313,59.04351],[16.86302,59.04358],[16.86291,59.04361],[16.86281,59.0436],[16.86271,59.04358],[16.86265,59.04352],[16.8626,59.04347],[16.86254,59.04344],[16.86244,59.04343],[16.86235,59.04343],[16.86224,59.04342],[16.86224,59.04342],[16.86219,59.04338],[16.86212,59.04335],[16.86201,59.04334],[16.86185,59.04335],[16.86174,59.04336],[16.86158,59.04331],[16.86147,59.04326],[16.86136,59.04319],[16.86126,59.0431],[16.86126,59.0431],[16.86125,59.04303],[16.86124,59.04298],[16.86117,59.04295],[16.86109,59.04293],[16.86099,59.04287],[16.86087,59.04278],[16.86079,59.0427],[16.86072,59.0426],[16.86071,59.04251]]]]},"properties":{"NVRID":"2001880","NAMN":"Bålbergsudden","SKYDDSTYP":"Naturreservat","BESLUTSSTATUS":"Gällande","LAN":"Södermanlands Län","KOMMUN":"Flen","IUCNKATEGORI":"IV, Habitat/Artskyddsområde (Habitat/Species Management Area)","FORVALTARE":"Länsstyrelsen i Södermanlands län","AREA_HA":3.05,"LAND_HA":3.05,"VATTEN_HA":0.0,"SKOG_HA":3.03,"URSPR_BESLUTSDATUM":"1919-08-23"}},{"type":"Feature","geometry":{"type":"MultiPolygon","coordinates":[[[[16.96209,58.72574],[16.96243,58.72569],[16.96268,58.72566],[16.96295,58.72563],[16.96323,58.72558],[16.96335,58.72557],[16.96349,58.72557],[16.96367,58.72556],[16.96367,58.72556],[16.96404,58.72568],[16.96428,58.72578],[16.96542,58.7262],[16.96569,58.7263],[16.96578,58.72633],[16.96582,58.72635],[16.96589,58.72636],[16.96595,58.72637],[16.96603,58.72637],[16.9661,58.72637],[16.96618,58.72638],[16.96624,58.72638],[16.96633,58.72638],[16.9664,58.72637],[16.96648,58.72636],[16.96655,58.72635],[16.9666,58.72634],[16.96667,58.72631],[16.96672,58.72629],[16.96681,58.7263],[16.96681,58.7263],[16.96688,58.72633],[16.96694,58.72639],[16.96696,58.72643],[16.96702,58.72668],[16.96705,58.72671],[16.96731,58.72677],[16.96757,58.72683],[16.96792,58.72685],[16.96827,58.72689],[16.96827,58.72689],[16.96827,58.72689],[16.96827,58.72689],[16.96741,58.72775],[16.96452,58.72881],[16.96636,58.73034],[16.96756,58.73122],[16.96897,58.73133],[16.9701,58.73156],[16.9701,58.73156],[16.9701,58.73156],[16.96983,58.73269],[16.96955,58.73311],[16.96873,58.73392],[16.96903,58.73408],[16.96914,58.7343],[16.96936,58.73448],[16.96945,58.73459],[16.96944,58.73476],[16.96933,58.73501],[16.96928,58.73519],[16.96926,58.7353],[16.96927,58.73544],[16.96932,58.73563],[16.96933,58.7358],[16.96932,58.73588],[16.96931,58.73599],[16.96964,58.73631],[16.96964,58.73631],[16.96964,58.73631],[16.96859,58.73772],[16.96859,58.73772],[16.96858,58.73772],[16.968,58.73758],[16.96711,58.73817],[16.9665,58.73841],[16.96471,58.73872],[16.96471,58.73872],[16.95898,58.73712],[16.94484,58.73589],[16.94484,58.73589],[16.94407,58.73479],[16.9329,58.71837],[16.9329,58.71837],[16.9329,58.71837],[16.9347,58.71795],[16.9347,58.71795],[16.94046,58.71966],[16.94089,58.71982],[16.94179,58.72009],[16.94284,58.7204],[16.94293,58.72043],[16.94303,58.72045],[16.94993,58.72137],[16.95494,58.72205],[16.96105,58.72288],[16.96134,58.72292],[16.96134,58.72292],[16.96134,58.72292],[16.96209,58.72574]]]]},"properties":{"NVRID":"2044157","NAMN":"Ryssbergen","SKYDDSTYP":"Naturreservat","BESLUTSSTATUS":"Gällande","LAN":"Södermanlands Län","KOMMUN":"Nyköping","IUCNKATEGORI":"0, Områden som ej kan klassificeras enligt IUCN: s system.","FORVALTARE":"Nyköpings kommun","AREA_HA":273.08,"LAND_HA":273.08,"VATTEN_HA":0.0,"SKOG_HA":212.07,"URSPR_BESLUTSDATUM":"2015-12-08"}},{"type":"Feature","geometry":{"type":"MultiPolygon","coordinates":[[[[16.62789,59.44053],[16.62836,59.44005],[16.62877,59.4393],[16.62928,59.43873],[16.62992,59.43829],[16.63014,59.4379],[16.63029,59.43703],[16.63077,59.43606],[16.63066,59.43569],[16.63071,59.43553],[16.63071,59.43553],[16.63103,59.43548],[16.63182,59.43553],[16.63203,59.43524],[16.63235,59.43479],[16.63235,59.43479],[16.63379,59.43431],[16.6351,59.43394],[16.63526,59.43389],[16.63667,59.43355],[16.63636,59.43302],[16.63588,59.43277],[16.63588,59.43277],[16.63588,59.43277],[16.63677,59.43233],[16.63677,59.43233],[16.63677,59.43233],[16.63783,59.43263],[16.63783,59.43263],[16.63783,59.43263],[16.63799,59.43389],[16.63694,59.43527],[16.63717,59.43582],[16.63673,59.43651],[16.6366,59.43716],[16.63626,59.43763],[16.63573,59.43802],[16.6348,59.43891],[16.63452,59.43913],[16.63263,59.4398],[16.6314,59.44037],[16.63045,59.44052],[16.62967,59.44066],[16.62948,59.44093],[16.62948,59.44093],[16.62948,59.44093],[16.62948,59.44093],[16.62789,59.44053],[16.62789,59.44053],[16.62789,59.44053]]]]},"properties":{"NVRID":"2001236","NAMN":"Sundbyholmsåsen","SKYDDSTYP":"Naturreservat","BESLUTSSTATUS":"Gällande","LAN":"Södermanlands Län","KOMMUN":"Eskilstuna","IUCNKATEGORI":"III, Naturmonument (Natural Monument)","FORVALTARE":"Länsstyrelsen i Södermanlands län","AREA_HA":23.7,"LAND_HA":23.7,"VATTEN_HA":0.0,"SKOG_HA":22.53,"URSPR_BESLUTSDATUM":"1975-11-12"}},{"type":"Feature","geometry":{"type":"MultiPolygon","coordinates":[[[[17.03887,59.51102],[17.03893,59.51099],[17.03899,59.51095],[17.03904,59.51093],[17.03957,59.51076],[17.03963,59.51075],[17.03978,59.51072],[17.03986,59.51071],[17.03993,59.51068],[17.0402,59.51057],[17.04028,59.51055],[17.04046,59.51048],[17.041,59.51022],[17.04128,59.51004],[17.04161,59.50985],[17.04182,59.50973],[17.04199,59.50964],[17.04207,59.50959],[17.04215,59.50953],[17.04223,59.50943],[17.04227,59.50936],[17.04227,59.50929],[17.0423,59.50911],[17.0423,59.50908],[17.04226,59.50897],[17.04213,59.50885],[17.04202,59.5087],[17.04185,59.5087],[17.04185,59.5087],[17.04185,59.5087],[17.04181,59.50863],[17.04182,59.50857],[17.04188,59.5085],[17.04197,59.5084],[17.04208,59.50823],[17.0422,59.50816],[17.04263,59.50791],[17.04275,59.50788],[17.04281,59.50785],[17.04297,59.50775],[17.04302,59.50773],[17.04331,59.50752],[17.04341,59.50746],[17.04347,59.50743],[17.04355,59.50734],[17.04367,59.50727],[17.04391,59.50718],[17.04406,59.5071],[17.04422,59.50704],[17.04432,59.50702],[17.04442,59.50698],[17.04456,59.50689],[17.04464,59.50684],[17.04472,59.50676],[17.0448,59.50671],[17.04493,59.50666],[17.04497,59.50665],[17.04504,59.50664],[17.04519,59.50659],[17.04532,59.50654],[17.04545,59.50648],[17.04558,59.50642],[17.0457,59.50634],[17.04582,59.50629],[17.04583,59.50629],[17.04597,59.50631],[17.0462,59.50636],[17.04638,59.50638],[17.04656,59.50641],[17.04683,59.50643],[17.0471,59.50643],[17.04734,59.50642],[17.04762,59.50641],[17.04787,59.50638],[17.04803,59.50632],[17.04807,59.50629],[17.04817,59.50622],[17.0482,59.50617],[17.04821,59.50611],[17.04822,59.506],[17.0482,59.50598],[17.04816,59.50595],[17.0481,59.50591],[17.0481,59.50589],[17.04814,59.50586],[17.04819,59.50584],[17.04826,59.50582],[17.04832,59.50577],[17.04834,59.50574],[17.04835,59.5057],[17.04835,59.50564],[17.04834,59.50556],[17.04834,59.50549],[17.04832,59.50544],[17.04827,59.50533],[17.04826,59.50529],[17.04827,59.50525],[17.04828,59.50521],[17.04836,59.50517],[17.04846,59.50514],[17.04878,59.50504],[17.04903,59.50496],[17.04948,59.50483],[17.04992,59.50472],[17.05025,59.50467],[17.05047,59.5047],[17.05066,59.50466],[17.05076,59.50462],[17.05088,59.50456],[17.05097,59.50452],[17.05103,59.50447],[17.05108,59.50442],[17.05117,59.50437],[17.05123,59.50433],[17.05126,59.50429],[17.05126,59.50426],[17.05123,59.50423],[17.05117,59.50421],[17.05109,59.50422],[17.05097,59.50422],[17.05097,59.50422],[17.05096,59.50422],[17.05093,59.5042],[17.05086,59.50413],[17.05081,59.50412],[17.05067,59.50412],[17.05056,59.50413],[17.05043,59.50415],[17.05027,59.50416],[17.0502,59.50418],[17.05003,59.50425],[17.04992,59.50427],[17.04983,59.50428],[17.04982,59.50428],[17.04974,59.50426],[17.04965,59.50423],[17.04959,59.50418],[17.04954,59.50413],[17.04946,59.50407],[17.04943,59.504],[17.04941,59.50395],[17.0494,59.50385],[17.04942,59.50378],[17.04944,59.50374],[17.04947,59.50367],[17.0495,59.50361],[17.04955,59.50345],[17.04964,59.50336],[17.04964,59.50332],[17.04961,59.50323],[17.04954,59.50316],[17.04946,59.50305],[17.04937,59.50289],[17.04937,59.50289],[17.04947,59.5027],[17.04958,59.50235],[17.04966,59.50222],[17.04989,59.50195],[17.0502,59.50173],[17.05029,59.50168],[17.05047,59.50165],[17.05066,59.50163],[17.05083,59.50161],[17.05094,59.5016],[17.05116,59.50158],[17.05132,59.50157],[17.05132,59.50157],[17.05146,59.50159],[17.05161,59.5016],[17.05195,59.50159],[17.05204,59.5016],[17.0522,59.50165],[17.05233,59.50171],[17.05245,59.5018],[17.05245,59.5018],[17.05245,59.5018],[17.05243,59.50181],[17.05239,59.50185],[17.0524,59.50188],[17.05243,59.50192],[17.05247,59.50196],[17.05249,59.50202],[17.05249,59.50211],[17.05246,59.50222],[17.05243,59.50227],[17.05232,59.50239],[17.05215,59.50266],[17.05209,59.50276],[17.05203,59.50282],[17.05194,59.50291],[17.05188,59.50301],[17.0518,59.50313],[17.05171,59.50324],[17.05162,59.50329],[17.05156,59.50333],[17.05154,59.50338],[17.05158,59.50345],[17.05163,59.50348],[17.05173,59.50354],[17.05186,59.50362],[17.05212,59.50368],[17.05217,59.5037],[17.05219,59.50377],[17.05221,59.50382],[17.05227,59.50388],[17.05236,59.50393],[17.05248,59.50392],[17.05265,59.50387],[17.05275,59.50386],[17.0529,59.50383],[17.05302,59.50374],[17.05307,59.50365],[17.0531,59.50358],[17.05313,59.5035],[17.05324,59.50341],[17.05333,59.50336],[17.05352,59.50327],[17.05367,59.50318],[17.05395,59.50304],[17.05415,59.50295],[17.05429,59.50288],[17.05441,59.50282],[17.05464,59.5027],[17.05478,59.50258],[17.05478,59.50258],[17.0549,59.50254],[17.0549,59.50254],[17.05506,59.50255],[17.05524,59.50257],[17.05547,59.50258],[17.0556,59.50259],[17.05576,59.50259],[17.05604,59.50256],[17.05627,59.50251],[17.05652,59.50244],[17.0568,59.50235],[17.05733,59.50211],[17.05763,59.50186],[17.05784,59.50175],[17.0581,59.50164],[17.05835,59.50157],[17.05853,59.5015],[17.05871,59.50141],[17.059,59.50131],[17.05925,59.50125],[17.0593,59.50124],[17.05941,59.50122],[17.05968,59.50115],[17.05975,59.50111],[17.0598,59.50108],[17.05985,59.50104],[17.05991,59.50099],[17.05997,59.50093],[17.05997,59.5009],[17.05997,59.50087],[17.05994,59.50085],[17.05991,59.50083],[17.05991,59.50079],[17.05993,59.50075],[17.05993,59.50075],[17.05999,59.50073],[17.06002,59.50072],[17.06003,59.50069],[17.06005,59.50065],[17.06007,59.50061],[17.06008,59.50056],[17.06009,59.50055],[17.06009,59.50055],[17.06009,59.50055],[17.06025,59.50056],[17.06123,59.50063],[17.06136,59.50037],[17.06136,59.50037],[17.06215,59.50002],[17.06215,59.50002],[17.06215,59.50002],[17.06235,59.50007],[17.06267,59.49985],[17.06251,59.4998],[17.06251,59.4998],[17.06251,59.4998],[17.06282,59.49961],[17.06325,59.49935],[17.06358,59.49915],[17.06358,59.49904],[17.06358,59.49904],[17.06407,59.49883],[17.06464,59.4987],[17.06434,59.49827],[17.06433,59.49826],[17.06433,59.49826],[17.06433,59.49826],[17.06436,59.49825],[17.06436,59.49825],[17.06442,59.49825],[17.06453,59.49826],[17.06462,59.49827],[17.06494,59.49822],[17.06508,59.49821],[17.06522,59.49818],[17.06537,59.49814],[17.06549,59.49814],[17.06561,59.49812],[17.06574,59.49809],[17.066,59.49803],[17.06619,59.498],[17.06634,59.49796],[17.06648,59.49793],[17.06677,59.49789],[17.06709,59.49783],[17.06746,59.49778],[17.06789,59.49767],[17.06802,59.49765],[17.0682,59.49761],[17.06831,59.49761],[17.06844,59.49763],[17.06866,59.49768],[17.06881,59.4977],[17.06891,59.4977],[17.06905,59.49769],[17.06911,59.49771],[17.06917,59.49773],[17.06919,59.49776],[17.06921,59.49783],[17.06929,59.49788],[17.06928,59.4979],[17.06927,59.49795],[17.06936,59.49804],[17.06947,59.49814],[17.06951,59.4982],[17.06953,59.4982],[17.06957,59.4982],[17.06964,59.49821],[17.06964,59.49821],[17.06964,59.49821],[17.06965,59.49823],[17.06961,59.49828],[17.0695,59.49833],[17.06946,59.49836],[17.06945,59.4984],[17.06945,59.49853],[17.06952,59.4987],[17.06955,59.49875],[17.06961,59.49894],[17.06968,59.49905],[17.06978,59.49916],[17.06979,59.49923],[17.06977,59.4993],[17.06967,59.4994],[17.06951,59.49949],[17.06945,59.49953],[17.06937,59.49958],[17.06929,59.49965],[17.06926,59.4997],[17.0692,59.49998],[17.06925,59.50005],[17.0693,59.50008],[17.06941,59.50014],[17.06941,59.50016],[17.06938,59.50024],[17.06931,59.50031],[17.06909,59.50044],[17.06904,59.5005],[17.06885,59.5008],[17.0688,59.50087],[17.06865,59.50106],[17.06847,59.50132],[17.06843,59.50139],[17.06833,59.50159],[17.06817,59.50179],[17.06806,59.50187],[17.06796,59.50194],[17.06782,59.50205],[17.0677,59.50213],[17.06765,59.50215],[17.06751,59.5022],[17.06733,59.50226],[17.06723,59.50229],[17.06657,59.50259],[17.06649,59.50261],[17.06632,59.50265],[17.06615,59.50266],[17.06615,59.50266],[17.06602,59.50262],[17.06592,59.50257],[17.06588,59.50258],[17.06563,59.50273],[17.06552,59.5028],[17.06545,59.50288],[17.06536,59.503],[17.06531,59.5031],[17.0653,59.50317],[17.06539,59.50337],[17.06544,59.5034],[17.06554,59.5034],[17.0656,59.50339],[17.06561,59.50339],[17.06563,59.5034],[17.06563,59.5034],[17.06563,59.5034],[17.06562,59.50343],[17.06562,59.50343],[17.06559,59.50345],[17.0655,59.50347],[17.06544,59.50347],[17.06535,59.50348],[17.06529,59.50352],[17.06518,59.50362],[17.0651,59.50372],[17.0651,59.50372],[17.0651,59.50372],[17.0651,59.50372],[17.06507,59.50371],[17.06497,59.50367],[17.06491,59.5037],[17.06486,59.50373],[17.06476,59.5038],[17.06458,59.50391],[17.06447,59.50396],[17.06438,59.50403],[17.06439,59.50411],[17.06438,59.50416],[17.06438,59.50416],[17.06431,59.50422],[17.06399,59.50441],[17.06388,59.50447],[17.06381,59.5045],[17.06381,59.5045],[17.06374,59.50451],[17.06368,59.50449],[17.06362,59.50444],[17.06359,59.50436],[17.06355,59.50431],[17.06352,59.5043],[17.06343,59.50429],[17.06337,59.5043],[17.06317,59.50434],[17.06308,59.50437],[17.06291,59.50446],[17.06273,59.50458],[17.0627,59.50466],[17.06271,59.50474],[17.06276,59.50478],[17.06291,59.50483],[17.063,59.50486],[17.06306,59.50492],[17.06307,59.50495],[17.06304,59.50499],[17.06306,59.50503],[17.06307,59.50507],[17.06305,59.50509],[17.06305,59.50509],[17.06299,59.50511],[17.06292,59.5051],[17.06292,59.5051],[17.0628,59.50504],[17.06276,59.50498],[17.06263,59.50486],[17.06258,59.50484],[17.06251,59.50484],[17.0624,59.50487],[17.06223,59.5049],[17.06217,59.50493],[17.06211,59.50501],[17.06204,59.50509],[17.06201,59.5053],[17.06205,59.50535],[17.06214,59.5054],[17.06229,59.50545],[17.06233,59.50548],[17.06233,59.50548],[17.06231,59.50555],[17.06227,59.50558],[17.06216,59.50563],[17.06204,59.5057],[17.06184,59.50588],[17.06177,59.50594],[17.06172,59.50596],[17.06152,59.50606],[17.06132,59.50613],[17.06125,59.50616],[17.06106,59.50629],[17.06077,59.50643],[17.06065,59.50652],[17.06054,59.50656],[17.06029,59.50667],[17.06018,59.5067],[17.06008,59.50673],[17.05998,59.50675],[17.05986,59.50678],[17.05982,59.50681],[17.05974,59.50686],[17.05954,59.50691],[17.05947,59.50692],[17.05928,59.50703],[17.05921,59.50717],[17.05907,59.50728],[17.05895,59.50733],[17.05882,59.50739],[17.0587,59.50747],[17.05839,59.50764],[17.05828,59.5077],[17.05816,59.5078],[17.05802,59.50785],[17.05757,59.50802],[17.05744,59.50808],[17.05722,59.50817],[17.05711,59.50821],[17.05699,59.50828],[17.05689,59.50833],[17.05678,59.50836],[17.05641,59.50847],[17.05594,59.50861],[17.0558,59.50869],[17.0558,59.50869],[17.05562,59.50872],[17.05543,59.5087],[17.0553,59.50865],[17.05512,59.50854],[17.05483,59.50834],[17.0547,59.50828],[17.05468,59.50824],[17.05468,59.50819],[17.05469,59.50811],[17.05472,59.50805],[17.05495,59.50769],[17.0551,59.50751],[17.05529,59.50708],[17.0553,59.50694],[17.05528,59.50676],[17.05525,59.50665],[17.05523,59.50658],[17.0551,59.50648],[17.05487,59.50613],[17.05479,59.50608],[17.0547,59.50604],[17.0545,59.50599],[17.05423,59.50597],[17.05399,59.50596],[17.05381,59.50595],[17.05366,59.50595],[17.05352,59.50596],[17.05314,59.50605],[17.05284,59.50614],[17.05271,59.50624],[17.05257,59.50637],[17.05252,59.50646],[17.05228,59.50668],[17.05218,59.50674],[17.0521,59.50679],[17.05203,59.50684],[17.05195,59.50688],[17.05176,59.50693],[17.05167,59.50698],[17.05136,59.50716],[17.05128,59.50728],[17.05123,59.50739],[17.05115,59.5076],[17.05107,59.50766],[17.05101,59.50769],[17.05093,59.50773],[17.05078,59.50779],[17.05071,59.50782],[17.05034,59.50803],[17.05014,59.50818],[17.05,59.5083],[17.04983,59.50838],[17.04973,59.50844],[17.04935,59.5087],[17.04933,59.5088],[17.0492,59.50892],[17.0492,59.50898],[17.04924,59.5091],[17.04931,59.50916],[17.04929,59.50923],[17.04929,59.50928],[17.04932,59.50932],[17.04935,59.50937],[17.04936,59.50945],[17.04933,59.50951],[17.04928,59.5096],[17.04917,59.50988],[17.04919,59.50994],[17.04923,59.50995],[17.04928,59.50997],[17.04931,59.51002],[17.04929,59.51007],[17.04923,59.51015],[17.04927,59.51023],[17.04948,59.51036],[17.04954,59.51036],[17.0496,59.51034],[17.0497,59.51032],[17.0497,59.51032],[17.04975,59.51035],[17.0498,59.51037],[17.04984,59.51035],[17.04985,59.51033],[17.04988,59.5103],[17.04988,59.5103],[17.04988,59.5103],[17.04991,59.51031],[17.05001,59.51033],[17.05009,59.51032],[17.0502,59.5103],[17.0503,59.51032],[17.05035,59.51029],[17.05041,59.51024],[17.05047,59.51024],[17.05058,59.51024],[17.05058,59.51024],[17.0506,59.51026],[17.0506,59.51026],[17.05061,59.51029],[17.05058,59.51033],[17.05052,59.51037],[17.05039,59.51043],[17.05026,59.51051],[17.0502,59.51054],[17.05002,59.51062],[17.05002,59.51062],[17.04996,59.51062],[17.04992,59.51063],[17.04981,59.51066],[17.04955,59.51079],[17.04912,59.51102],[17.04897,59.51108],[17.04885,59.51111],[17.04874,59.51112],[17.04873,59.51112],[17.04868,59.5111],[17.04863,59.51108],[17.04856,59.51102],[17.04845,59.51097],[17.04837,59.51093],[17.04832,59.51092],[17.04822,59.51093],[17.04817,59.51094],[17.04808,59.51098],[17.04796,59.51103],[17.04782,59.51113],[17.0477,59.51122],[17.04756,59.51131],[17.04752,59.51135],[17.04747,59.51142],[17.04736,59.51157],[17.04727,59.51162],[17.04713,59.51171],[17.04703,59.51176],[17.04693,59.5118],[17.04673,59.51193],[17.04659,59.51202],[17.04641,59.51211],[17.0463,59.51214],[17.04619,59.51215],[17.04611,59.51217],[17.04602,59.51221],[17.04596,59.51226],[17.04584,59.51236],[17.0457,59.51243],[17.04557,59.51252],[17.0454,59.51264],[17.04527,59.5127],[17.04513,59.51275],[17.04501,59.51283],[17.04484,59.51292],[17.04474,59.51297],[17.04448,59.51305],[17.04434,59.51309],[17.04424,59.51312],[17.04413,59.51314],[17.04401,59.51317],[17.04394,59.51319],[17.04393,59.51319],[17.04383,59.51318],[17.04375,59.51318],[17.04361,59.5132],[17.04341,59.51322],[17.04332,59.51323],[17.04319,59.51324],[17.04309,59.51326],[17.04304,59.51328],[17.04302,59.51332],[17.04298,59.51338],[17.04289,59.5135],[17.04292,59.51352],[17.04293,59.51353],[17.04297,59.51357],[17.04304,59.51356],[17.04311,59.51353],[17.04316,59.51354],[17.04316,59.51354],[17.04321,59.51356],[17.04321,59.51356],[17.04321,59.51356],[17.04321,59.51362],[17.04318,59.51366],[17.04314,59.51371],[17.0431,59.51374],[17.04304,59.51377],[17.04296,59.51381],[17.04287,59.51385],[17.04273,59.51389],[17.04252,59.51393],[17.04234,59.51394],[17.04204,59.51391],[17.04182,59.51388],[17.04153,59.51386],[17.04145,59.51384],[17.04132,59.51382],[17.04123,59.5138],[17.04116,59.51378],[17.04111,59.51374],[17.04109,59.51369],[17.04108,59.51362],[17.04108,59.51357],[17.04103,59.51356],[17.04096,59.51356],[17.04091,59.51356],[17.04086,59.51358],[17.04088,59.51366],[17.04091,59.51374],[17.04091,59.51377],[17.04091,59.51377],[17.04086,59.51379],[17.04082,59.51381],[17.04081,59.51383],[17.04081,59.51383],[17.04081,59.51383],[17.04081,59.51383],[17.04081,59.51383],[17.04071,59.51375],[17.03979,59.51256],[17.03776,59.51133],[17.03776,59.51132],[17.03776,59.51132],[17.03776,59.51132],[17.03776,59.51132],[17.03787,59.51127],[17.03827,59.51111],[17.03846,59.51107],[17.03854,59.51106],[17.03868,59.51103],[17.03878,59.51102],[17.03887,59.51102]],[[17.05284,59.50417],[17.05319,59.50434],[17.05375,59.50443],[17.05395,59.50409],[17.05315,59.50391],[17.05284,59.50417]]]]},"properties":{"NVRID":"2200348","NAMN":"Märsön","SKYDDSTYP":"Naturreservat","BESLUTSSTATUS":"Gällande","LAN":"Södermanlands Län","KOMMUN":"Enköping, Strängnäs","IUCNKATEGORI":"0, Områden som ej kan klassificeras enligt IUCN: s system.","FORVALTARE":"Länsstyrelsen i Södermanlands län","AREA_HA":95.34,"LAND_HA":95.33,"VATTEN_HA":0.01,"SKOG_HA":77.33,"URSPR_BESLUTSDATUM":"2026-01-19"}},{"type":"Feature","geometry":{"type":"MultiPolygon","coordinates":[[[[16.45019,59.1883],[16.44976,59.18819],[16.4495,59.18811],[16.44931,59.18802],[16.44917,59.18796],[16.44908,59.18783],[16.44897,59.18772],[16.4489,59.18757],[16.44891,59.1874],[16.44904,59.18715],[16.44908,59.18696],[16.44926,59.18673],[16.44944,59.18657],[16.4497,59.18627],[16.44971,59.18602],[16.44961,59.18569],[16.44958,59.18549],[16.44967,59.1853],[16.44967,59.1853],[16.44993,59.1852],[16.45008,59.18512],[16.45002,59.1849],[16.45002,59.1849],[16.45011,59.18482],[16.4504,59.18467],[16.45057,59.18458],[16.45058,59.18458],[16.45067,59.18452],[16.45068,59.18452],[16.45068,59.18452],[16.45069,59.18451],[16.45077,59.18443],[16.45078,59.18443],[16.45078,59.18443],[16.45078,59.18442],[16.45084,59.18433],[16.45084,59.18433],[16.45085,59.18432],[16.45085,59.18432],[16.45087,59.1842],[16.45089,59.1841],[16.45093,59.18401],[16.45102,59.18391],[16.45113,59.1838],[16.45137,59.18361],[16.45151,59.18349],[16.4516,59.18335],[16.45161,59.18334],[16.45169,59.18312],[16.45176,59.18297],[16.45181,59.18288],[16.45181,59.18288],[16.45182,59.18288],[16.4534,59.18299],[16.45493,59.18247],[16.4568,59.18193],[16.45852,59.18171],[16.45979,59.18132],[16.46034,59.18111],[16.46163,59.18095],[16.46315,59.18062],[16.46347,59.18065],[16.4668,59.18085],[16.4687,59.18116],[16.47122,59.18099],[16.47258,59.18108],[16.47314,59.18117],[16.47314,59.18117],[16.4736,59.18216],[16.47536,59.18258],[16.47752,59.18334],[16.47766,59.18348],[16.47788,59.18369],[16.47802,59.18386],[16.47813,59.18399],[16.47819,59.18411],[16.47825,59.18433],[16.4783,59.18465],[16.47835,59.18481],[16.47841,59.18498],[16.47843,59.18502],[16.47845,59.18508],[16.47856,59.18523],[16.47858,59.18524],[16.4786,59.18523],[16.47861,59.18523],[16.47861,59.18523],[16.47877,59.18535],[16.47906,59.18539],[16.47922,59.18546],[16.47947,59.1855],[16.47947,59.1855],[16.47961,59.18558],[16.47961,59.18558],[16.47961,59.18559],[16.47969,59.18563],[16.47977,59.18568],[16.47984,59.18575],[16.47995,59.18588],[16.47996,59.18588],[16.48009,59.186],[16.48022,59.18611],[16.48049,59.1863],[16.48057,59.18637],[16.48064,59.18644],[16.48064,59.18649],[16.48058,59.18654],[16.48048,59.1866],[16.48039,59.18665],[16.48031,59.18668],[16.4802,59.18674],[16.48009,59.18682],[16.48,59.18688],[16.47982,59.18697],[16.47968,59.18703],[16.4795,59.18715],[16.47939,59.18722],[16.47927,59.18728],[16.4791,59.18734],[16.47889,59.18741],[16.47874,59.18748],[16.47866,59.18756],[16.47857,59.1877],[16.4785,59.18785],[16.4785,59.18798],[16.47853,59.18808],[16.47859,59.18819],[16.47874,59.18847],[16.47876,59.18855],[16.47873,59.18861],[16.47867,59.18866],[16.47837,59.18886],[16.47814,59.18901],[16.47786,59.18919],[16.47749,59.18939],[16.47726,59.18953],[16.47715,59.18959],[16.47701,59.18964],[16.4768,59.1897],[16.47646,59.18978],[16.47621,59.18983],[16.47609,59.18985],[16.47609,59.18985],[16.47599,59.18981],[16.47549,59.18987],[16.47541,59.18991],[16.47546,59.19001],[16.47585,59.19],[16.47598,59.18999],[16.47599,59.18999],[16.47599,59.18999],[16.47599,59.18999],[16.47603,59.19033],[16.47582,59.19061],[16.47497,59.19102],[16.47506,59.19128],[16.47506,59.19129],[16.47506,59.19131],[16.47506,59.19136],[16.47508,59.19144],[16.47508,59.19145],[16.47511,59.19146],[16.47511,59.19147],[16.47511,59.19147],[16.47448,59.19214],[16.47448,59.19214],[16.47246,59.1924],[16.47152,59.19295],[16.46786,59.19397],[16.46819,59.19565],[16.46935,59.19603],[16.46935,59.19603],[16.46935,59.19603],[16.46916,59.1975],[16.46966,59.1982],[16.46966,59.1982],[16.46966,59.1982],[16.46966,59.1982],[16.46624,59.19801],[16.46198,59.19778],[16.45842,59.19746],[16.45842,59.19746],[16.45842,59.19746],[16.45842,59.19746],[16.45998,59.19485],[16.45868,59.19434],[16.45793,59.19383],[16.45793,59.19383],[16.45813,59.19312],[16.45728,59.19191],[16.45473,59.18972],[16.45204,59.18862],[16.4505,59.18861],[16.44999,59.18861],[16.44998,59.18861],[16.44998,59.18861],[16.44998,59.18861],[16.4501,59.18848],[16.45019,59.1883]]]]},"properties":{"NVRID":"2049900","NAMN":"Stora Fjällsjön","SKYDDSTYP":"Naturreservat","BESLUTSSTATUS":"Gällande","LAN":"Södermanlands Län","KOMMUN":"Eskilstuna, Flen, Katrineholm","IUCNKATEGORI":"Ia, Strikt naturreservat (Strict Nature Reserve)","FORVALTARE":"Länsstyrelsen i Södermanlands län","AREA_HA":211.49,"LAND_HA":205.93,"VATTEN_HA":5.56,"SKOG_HA":143.86,"URSPR_BESLUTSDATUM":"2021-12-06"}},{"type":"Feature","geometry":{"type":"MultiPolygon","coordinates":[[[[15.93398,59.08151],[15.93372,59.08146],[15.93323,59.08137],[15.93303,59.08134],[15.93279,59.0813],[15.93265,59.08129],[15.93239,59.08127],[15.93183,59.08123],[15.93156,59.08121],[15.93149,59.0812],[15.93067,59.08108],[15.9304,59.08103],[15.93015,59.08097],[15.92987,59.08089],[15.92953,59.08076],[15.92942,59.08071],[15.92935,59.08063],[15.92931,59.08053],[15.92924,59.08025],[15.92908,59.07964],[15.92902,59.07949],[15.929,59.07932],[15.92902,59.07921],[15.92902,59.07921],[15.92908,59.07918],[15.9297,59.07897],[15.93341,59.07769],[15.93459,59.07728],[15.93516,59.07603],[15.93516,59.07603],[15.93517,59.07603],[15.93517,59.07603],[15.93538,59.07616],[15.93547,59.07622],[15.93564,59.07634],[15.9357,59.07637],[15.93583,59.07644],[15.93588,59.07646],[15.93593,59.07648],[15.93609,59.07655],[15.93614,59.07657],[15.93633,59.07663],[15.93686,59.07686],[15.93756,59.07722],[15.93756,59.07722],[15.93756,59.07722],[15.93675,59.07797],[15.9367,59.07891],[15.93805,59.07974],[15.93805,59.07974],[15.93639,59.08134],[15.93586,59.08185],[15.93586,59.08185],[15.93586,59.08185],[15.93522,59.08175],[15.93444,59.08161],[15.9341,59.08153],[15.93398,59.08151]]]]},"properties":{"NVRID":"2001319","NAMN":"Igelbålen","SKYDDSTYP":"Naturreservat","BESLUTSSTATUS":"Gällande","LAN":"Södermanlands Län","KOMMUN":"Vingåker","IUCNKATEGORI":"Ia, Strikt naturreservat (Strict Nature Reserve)","FORVALTARE":"Länsstyrelsen i Södermanlands län","AREA_HA":18.51,"LAND_HA":17.24,"VATTEN_HA":1.27,"SKOG_HA":13.31,"URSPR_BESLUTSDATUM":"1998-09-25"}},{"type":"Feature","geometry":{"type":"MultiPolygon","coordinates":[[[[17.1537,58.84259],[17.15392,58.842],[17.15258,58.84169],[17.15258,58.84169],[17.15258,58.84169],[17.15274,58.84138],[17.15274,58.84138],[17.15274,58.84138],[17.15375,58.84151],[17.15411,58.84113],[17.15433,58.84054],[17.15433,58.84054],[17.15433,58.84054],[17.15572,58.84033],[17.15572,58.84033],[17.15772,58.84173],[17.15996,58.8433],[17.15996,58.8433],[17.15986,58.84363],[17.16014,58.84408],[17.16021,58.84446],[17.16049,58.84487],[17.16049,58.84487],[17.16035,58.84501],[17.16063,58.84542],[17.16063,58.84542],[17.16063,58.84543],[17.16063,58.84543],[17.15968,58.84553],[17.15893,58.84549],[17.15891,58.84583],[17.1589,58.84583],[17.1589,58.84583],[17.15829,58.84593],[17.15829,58.84593],[17.15829,58.84593],[17.15827,58.84571],[17.15614,58.8455],[17.15454,58.84514],[17.15432,58.84496],[17.15432,58.84496],[17.15432,58.84496],[17.15464,58.84476],[17.15614,58.84443],[17.15584,58.844],[17.15479,58.84363],[17.15479,58.84363],[17.15494,58.84336],[17.15441,58.84328],[17.15385,58.84292],[17.15385,58.84292],[17.1537,58.84259]],[[17.15023,58.84399],[17.14999,58.84391],[17.14795,58.84364],[17.14795,58.84364],[17.14795,58.84363],[17.14913,58.84156],[17.14913,58.84156],[17.15115,58.84145],[17.15116,58.84145],[17.15116,58.84145],[17.15136,58.84206],[17.15136,58.84206],[17.1506,58.84244],[17.15093,58.84366],[17.15093,58.84366],[17.15023,58.84399],[17.15023,58.84399],[17.15023,58.84399]]]]},"properties":{"NVRID":"2001324","NAMN":"Masugnsskogen","SKYDDSTYP":"Naturreservat","BESLUTSSTATUS":"Gällande","LAN":"Södermanlands Län","KOMMUN":"Nyköping","IUCNKATEGORI":"Ia, Strikt naturreservat (Strict Nature Reserve)","FORVALTARE":"Länsstyrelsen i Södermanlands län","AREA_HA":18.45,"LAND_HA":18.45,"VATTEN_HA":0.0,"SKOG_HA":17.42,"URSPR_BESLUTSDATUM":"2002-05-31"}},{"type":"Feature","geometry":{"type":"MultiPolygon","coordinates":[[[[16.46378,59.36417],[16.46524,59.36407],[16.46448,59.36367],[16.46448,59.36367],[16.46448,59.36367],[16.46501,59.36336],[16.46519,59.36308],[16.46546,59.36281],[16.46577,59.36258],[16.46616,59.36237],[16.46638,59.36228],[16.4666,59.36221],[16.46693,59.36214],[16.46694,59.36214],[16.46694,59.36214],[16.46738,59.36236],[16.46765,59.36246],[16.46801,59.36271],[16.46837,59.36289],[16.46874,59.36311],[16.46905,59.36322],[16.46933,59.36327],[16.46968,59.36336],[16.4701,59.36344],[16.47071,59.36352],[16.47208,59.3636],[16.4721,59.36354],[16.47223,59.36314],[16.47223,59.36314],[16.4735,59.36262],[16.47342,59.36242],[16.47335,59.36236],[16.47335,59.36219],[16.47335,59.36219],[16.47336,59.36219],[16.47398,59.36213],[16.47413,59.3621],[16.47433,59.36195],[16.4743,59.36178],[16.47436,59.36156],[16.47436,59.36156],[16.47436,59.36156],[16.47461,59.36154],[16.47465,59.36152],[16.47469,59.3615],[16.47472,59.36147],[16.47474,59.36145],[16.47481,59.36144],[16.47482,59.36144],[16.47511,59.36148],[16.47519,59.36148],[16.47529,59.36147],[16.47534,59.36146],[16.47533,59.36141],[16.47531,59.36138],[16.4753,59.36133],[16.4753,59.36126],[16.47532,59.36123],[16.47538,59.36119],[16.47542,59.36117],[16.47555,59.36115],[16.47559,59.36115],[16.4757,59.36116],[16.47572,59.36081],[16.4757,59.36075],[16.47555,59.36075],[16.47551,59.36074],[16.47514,59.36068],[16.47446,59.3606],[16.47435,59.36057],[16.47422,59.36051],[16.47422,59.36051],[16.4742,59.36048],[16.47413,59.3603],[16.47407,59.36015],[16.47376,59.36001],[16.47373,59.35995],[16.47375,59.35971],[16.47375,59.35971],[16.47381,59.35969],[16.47381,59.35969],[16.47399,59.35971],[16.47422,59.35972],[16.47429,59.35968],[16.47425,59.35956],[16.47426,59.35946],[16.47428,59.35941],[16.47428,59.35941],[16.47446,59.35928],[16.47446,59.35911],[16.47447,59.3586],[16.47447,59.3586],[16.4745,59.35858],[16.47474,59.35853],[16.47487,59.35853],[16.47515,59.35854],[16.4754,59.35853],[16.47559,59.35853],[16.47574,59.35851],[16.47615,59.35842],[16.47611,59.35838],[16.47611,59.35838],[16.47611,59.35838],[16.47617,59.35836],[16.47642,59.35832],[16.47666,59.35828],[16.47681,59.35826],[16.47694,59.35825],[16.47771,59.35817],[16.47787,59.35815],[16.478,59.35815],[16.47815,59.35814],[16.47838,59.35815],[16.47859,59.35817],[16.47877,59.35819],[16.47895,59.3582],[16.47906,59.35821],[16.47921,59.3582],[16.47936,59.35818],[16.47953,59.35816],[16.47965,59.35815],[16.47977,59.35815],[16.48035,59.35815],[16.48046,59.35815],[16.48063,59.35816],[16.48078,59.35817],[16.48095,59.35819],[16.48111,59.35823],[16.48217,59.3587],[16.48237,59.35872],[16.48302,59.35881],[16.48328,59.35884],[16.48343,59.35892],[16.48355,59.35898],[16.48364,59.35902],[16.48374,59.35907],[16.48382,59.35911],[16.48408,59.35924],[16.48419,59.35928],[16.4843,59.35932],[16.48448,59.35937],[16.48457,59.3594],[16.48472,59.35944],[16.48492,59.3595],[16.48522,59.35956],[16.48529,59.35958],[16.48606,59.35969],[16.48606,59.35969],[16.48637,59.36019],[16.48675,59.3608],[16.48746,59.3614],[16.48773,59.36165],[16.48795,59.36183],[16.48854,59.36234],[16.48868,59.36246],[16.48982,59.36281],[16.48982,59.36281],[16.48982,59.36292],[16.48981,59.36338],[16.49103,59.36429],[16.49103,59.36429],[16.49075,59.36457],[16.49076,59.36459],[16.49142,59.36661],[16.49357,59.36646],[16.49357,59.36646],[16.4943,59.36677],[16.4943,59.36677],[16.4943,59.36677],[16.49411,59.36714],[16.49253,59.36762],[16.49265,59.36773],[16.49265,59.36773],[16.49265,59.36773],[16.48992,59.36787],[16.48997,59.36802],[16.48997,59.36802],[16.48997,59.36802],[16.48926,59.36813],[16.48873,59.36821],[16.48871,59.36822],[16.48827,59.36828],[16.48782,59.36835],[16.487,59.36848],[16.48424,59.36861],[16.48237,59.3687],[16.48154,59.36877],[16.48104,59.36877],[16.48052,59.36886],[16.47995,59.36881],[16.47945,59.36877],[16.47896,59.36876],[16.47835,59.36855],[16.47677,59.369],[16.47593,59.36894],[16.47535,59.36901],[16.47488,59.36918],[16.47488,59.36918],[16.47409,59.36904],[16.47378,59.36896],[16.47378,59.36896],[16.47376,59.36881],[16.47368,59.36868],[16.46945,59.36952],[16.46851,59.36973],[16.46808,59.36989],[16.46731,59.37005],[16.46731,59.37005],[16.46731,59.37005],[16.46701,59.36995],[16.46684,59.36991],[16.46667,59.36989],[16.46594,59.36999],[16.46538,59.37015],[16.46533,59.37029],[16.46533,59.37029],[16.46526,59.37032],[16.46438,59.37038],[16.46438,59.37038],[16.46438,59.37038],[16.46381,59.36966],[16.46352,59.36919],[16.46321,59.36855],[16.46307,59.36796],[16.4629,59.36678],[16.46259,59.36416],[16.46259,59.36416],[16.46259,59.36416],[16.46367,59.36401],[16.46367,59.36401],[16.46367,59.36401],[16.46378,59.36417]]]]},"properties":{"NVRID":"2001321","NAMN":"Kronskogen-Stenby äng","SKYDDSTYP":"Naturreservat","BESLUTSSTATUS":"Gällande","LAN":"Södermanlands Län","KOMMUN":"Eskilstuna","IUCNKATEGORI":"IV, Habitat/Artskyddsområde (Habitat/Species Management Area)","FORVALTARE":"Eskilstuna kommun","AREA_HA":142.5,"LAND_HA":142.5,"VATTEN_HA":0.0,"SKOG_HA":116.79,"URSPR_BESLUTSDATUM":"2001-06-14"}},{"type":"Feature","geometry":{"type":"MultiPolygon","coordinates":[[[[16.92729,59.14653],[16.92766,59.14569],[16.92766,59.14569],[16.92766,59.14569],[16.92766,59.14569],[16.92863,59.14579],[16.92998,59.14598],[16.93074,59.14472],[16.93074,59.14472],[16.93074,59.14472],[16.9321,59.14473],[16.9321,59.14473],[16.93258,59.14506],[16.9331,59.14497],[16.93372,59.14497],[16.93434,59.14448],[16.93434,59.14448],[16.93434,59.14448],[16.93434,59.14448],[16.93557,59.14499],[16.93657,59.14465],[16.93708,59.1443],[16.93708,59.1443],[16.93807,59.14431],[16.93921,59.1445],[16.94078,59.14496],[16.94078,59.14496],[16.94067,59.14532],[16.94024,59.14566],[16.94018,59.14631],[16.93972,59.14673],[16.94046,59.14715],[16.94046,59.14715],[16.94046,59.14715],[16.94046,59.14715],[16.93969,59.1475],[16.93951,59.14795],[16.93923,59.14818],[16.93864,59.1483],[16.93768,59.14832],[16.93663,59.1483],[16.9353,59.14811],[16.93381,59.14796],[16.9331,59.14775],[16.93202,59.14766],[16.93202,59.14766],[16.93202,59.14766],[16.932,59.14746],[16.93123,59.14741],[16.92939,59.14755],[16.92939,59.14755],[16.92939,59.14755],[16.92948,59.14711],[16.92876,59.14671],[16.92772,59.14674],[16.92772,59.14674],[16.92729,59.14653],[16.92729,59.14653],[16.92729,59.14653]]]]},"properties":{"NVRID":"2002762","NAMN":"Haga hage","SKYDDSTYP":"Naturreservat","BESLUTSSTATUS":"Gällande","LAN":"Södermanlands Län","KOMMUN":"Gnesta","IUCNKATEGORI":"Ia, Strikt naturreservat (Strict Nature Reserve)","FORVALTARE":"Länsstyrelsen i Södermanlands län","AREA_HA":22.71,"LAND_HA":22.71,"VATTEN_HA":0.0,"SKOG_HA":20.96,"URSPR_BESLUTSDATUM":"2004-12-03"}},{"type":"Feature","geometry":{"type":"MultiPolygon","coordinates":[[[[16.92039,59.11765],[16.92031,59.11758],[16.92031,59.11758],[16.92058,59.11727],[16.92058,59.11727],[16.92059,59.11727],[16.92129,59.11729],[16.92166,59.11747],[16.92233,59.11734],[16.92234,59.11734],[16.92342,59.11755],[16.92376,59.1176],[16.92396,59.11772],[16.92448,59.11773],[16.92496,59.11766],[16.92586,59.11774],[16.92616,59.11755],[16.92616,59.11755],[16.92661,59.11758],[16.92661,59.11758],[16.92661,59.11758],[16.92666,59.11765],[16.92666,59.11765],[16.92666,59.11765],[16.92613,59.11777],[16.92594,59.11794],[16.92596,59.11795],[16.92627,59.11804],[16.92631,59.11804],[16.92651,59.11784],[16.92651,59.11784],[16.92651,59.11784],[16.92731,59.11831],[16.92766,59.11824],[16.92766,59.11824],[16.92778,59.11825],[16.92778,59.11825],[16.92808,59.11839],[16.92837,59.1184],[16.9287,59.11837],[16.92952,59.11839],[16.9298,59.11829],[16.92981,59.11829],[16.92981,59.11829],[16.93046,59.11867],[16.93095,59.11853],[16.93095,59.11853],[16.93096,59.11853],[16.93125,59.11879],[16.93125,59.1188],[16.93125,59.1188],[16.93041,59.11902],[16.93041,59.11939],[16.93041,59.11939],[16.92978,59.11977],[16.92961,59.11985],[16.92961,59.11985],[16.92932,59.11988],[16.92891,59.12014],[16.9288,59.12036],[16.92854,59.12044],[16.92825,59.12069],[16.92825,59.12105],[16.92825,59.12105],[16.92825,59.12105],[16.92741,59.12115],[16.92709,59.12125],[16.92663,59.12134],[16.9266,59.12152],[16.92631,59.12163],[16.92627,59.12184],[16.92675,59.12237],[16.92782,59.12236],[16.92783,59.12236],[16.92783,59.12236],[16.92781,59.12262],[16.928,59.12284],[16.92837,59.12303],[16.92883,59.1234],[16.92943,59.12371],[16.92944,59.12371],[16.92944,59.12371],[16.92943,59.12371],[16.9294,59.12372],[16.9293,59.12378],[16.92924,59.12384],[16.92921,59.12392],[16.92918,59.12399],[16.92914,59.12404],[16.92914,59.12404],[16.92906,59.12407],[16.92895,59.12411],[16.92877,59.12418],[16.92872,59.1242],[16.92864,59.12422],[16.92835,59.12431],[16.92826,59.12433],[16.92816,59.12437],[16.92807,59.1244],[16.92795,59.12446],[16.92779,59.1245],[16.92772,59.12453],[16.92764,59.12456],[16.92747,59.1246],[16.92742,59.12459],[16.92736,59.12459],[16.92728,59.1246],[16.92725,59.12461],[16.92718,59.12464],[16.92709,59.12468],[16.92702,59.12472],[16.92696,59.12477],[16.92694,59.12481],[16.9269,59.12487],[16.92687,59.12491],[16.92684,59.12495],[16.92678,59.125],[16.92671,59.12503],[16.92662,59.12506],[16.92654,59.12508],[16.92629,59.12511],[16.92618,59.12513],[16.92608,59.12514],[16.92601,59.12514],[16.92601,59.12514],[16.92601,59.12514],[16.92599,59.12511],[16.92599,59.12511],[16.92661,59.12419],[16.92669,59.12413],[16.92713,59.12396],[16.92705,59.1237],[16.92634,59.12324],[16.92587,59.12297],[16.92574,59.12255],[16.9251,59.12185],[16.92494,59.12135],[16.92494,59.12135],[16.92535,59.12111],[16.92602,59.12078],[16.92737,59.12058],[16.92838,59.11973],[16.92879,59.11924],[16.92946,59.11889],[16.92905,59.11864],[16.92872,59.11883],[16.92872,59.11883],[16.92858,59.11882],[16.92815,59.11872],[16.9278,59.11874],[16.9278,59.11874],[16.92738,59.11857],[16.927,59.11855],[16.92653,59.11847],[16.92633,59.11838],[16.92633,59.11838],[16.92624,59.11819],[16.92631,59.11806],[16.92626,59.11805],[16.92595,59.11796],[16.92592,59.11796],[16.9258,59.11822],[16.9258,59.11822],[16.9258,59.11822],[16.92555,59.11824],[16.9249,59.11815],[16.92444,59.11833],[16.92283,59.11858],[16.92283,59.11858],[16.92283,59.11858],[16.92254,59.11843],[16.92254,59.11843],[16.92254,59.11843],[16.923,59.11781],[16.92242,59.1177],[16.92161,59.11783],[16.92128,59.11778],[16.92098,59.11823],[16.92097,59.11823],[16.92097,59.11823],[16.92027,59.11814],[16.92027,59.11814],[16.92027,59.11814],[16.92039,59.11765]]]]},"properties":{"NVRID":"2003037","NAMN":"Nytorpsravinen","SKYDDSTYP":"Naturreservat","BESLUTSSTATUS":"Gällande","LAN":"Södermanlands Län","KOMMUN":"Gnesta","IUCNKATEGORI":"Ia, Strikt naturreservat (Strict Nature Reserve)","FORVALTARE":"Länsstyrelsen i Södermanlands län","AREA_HA":10.16,"LAND_HA":10.16,"VATTEN_HA":0.0,"SKOG_HA":9.94,"URSPR_BESLUTSDATUM":"2005-12-14"}},{"type":"Feature","geometry":{"type":"MultiPolygon","coordinates":[[[[17.027,59.38999],[17.02607,59.39149],[17.02607,59.39149],[17.02607,59.39149],[17.02607,59.39149],[17.02449,59.39115],[17.02449,59.39115],[17.02457,59.39057],[17.02466,59.39013],[17.02503,59.38979],[17.0251,59.38975],[17.02516,59.38969],[17.02522,59.38963],[17.02525,59.38956],[17.02528,59.38949],[17.02532,59.38945],[17.02535,59.38935],[17.0254,59.38923],[17.02545,59.38914],[17.02545,59.38905],[17.02545,59.38899],[17.02555,59.38891],[17.02558,59.38886],[17.02562,59.3888],[17.02568,59.38874],[17.02574,59.38867],[17.02583,59.38861],[17.02588,59.38855],[17.02594,59.38847],[17.02606,59.38836],[17.02607,59.3883],[17.02608,59.38821],[17.02606,59.38816],[17.02604,59.38812],[17.02599,59.38808],[17.02597,59.38805],[17.026,59.38799],[17.02605,59.38791],[17.0261,59.38785],[17.02615,59.38779],[17.02621,59.38772],[17.02634,59.3876],[17.02644,59.38749],[17.02651,59.38742],[17.02662,59.38734],[17.02677,59.38722],[17.02694,59.38711],[17.02704,59.38707],[17.02712,59.38704],[17.02724,59.38697],[17.02741,59.38684],[17.0275,59.38678],[17.02773,59.38671],[17.02785,59.38671],[17.02801,59.38671],[17.02808,59.3867],[17.02817,59.38666],[17.02825,59.3866],[17.02839,59.38651],[17.02853,59.3864],[17.0287,59.38633],[17.0288,59.38625],[17.02889,59.3862],[17.02902,59.38613],[17.02911,59.38613],[17.02915,59.38611],[17.02933,59.3861],[17.02951,59.38601],[17.02961,59.38588],[17.02966,59.38574],[17.02965,59.38564],[17.02973,59.38554],[17.02988,59.38542],[17.02996,59.38529],[17.03002,59.3851],[17.03027,59.38493],[17.03063,59.38478],[17.03103,59.38465],[17.03132,59.3846],[17.03159,59.38455],[17.0316,59.38455],[17.03217,59.38463],[17.03217,59.38463],[17.03217,59.38463],[17.03206,59.3848],[17.032,59.38497],[17.03209,59.38529],[17.03222,59.38587],[17.03222,59.38587],[17.03222,59.38587],[17.03165,59.38595],[17.03166,59.38647],[17.03191,59.38646],[17.03191,59.38646],[17.03191,59.38646],[17.03204,59.38689],[17.03204,59.38689],[17.03189,59.38702],[17.03206,59.38709],[17.03235,59.38717],[17.03235,59.38717],[17.03235,59.38717],[17.03184,59.38765],[17.03247,59.38783],[17.03272,59.38798],[17.03272,59.38798],[17.03272,59.38798],[17.03262,59.38806],[17.0316,59.38852],[17.03068,59.38885],[17.02999,59.38899],[17.03007,59.38945],[17.03051,59.38973],[17.0311,59.38966],[17.03157,59.38952],[17.03202,59.38938],[17.03202,59.38938],[17.03203,59.38938],[17.03215,59.38947],[17.03215,59.38947],[17.03215,59.38947],[17.03155,59.38987],[17.03177,59.38998],[17.03177,59.38998],[17.03177,59.38998],[17.03163,59.39011],[17.0313,59.39025],[17.03092,59.39037],[17.03067,59.39044],[17.03048,59.39053],[17.0302,59.39061],[17.02995,59.3907],[17.02957,59.39077],[17.02933,59.3908],[17.02933,59.3908],[17.02913,59.39072],[17.02906,59.39067],[17.02891,59.39047],[17.02877,59.3903],[17.02877,59.3903],[17.02882,59.39023],[17.02873,59.39008],[17.02823,59.39],[17.027,59.38999]]]]},"properties":{"NVRID":"2005512","NAMN":"Bresshammars Hage","SKYDDSTYP":"Naturreservat","BESLUTSSTATUS":"Gällande","LAN":"Södermanlands Län","KOMMUN":"Strängnäs","IUCNKATEGORI":"IV, Habitat/Artskyddsområde (Habitat/Species Management Area)","FORVALTARE":"Strängnäs kommun","AREA_HA":17.33,"LAND_HA":17.15,"VATTEN_HA":0.18,"SKOG_HA":15.14,"URSPR_BESLUTSDATUM":"2006-06-12"}},{"type":"Feature","geometry":{"type":"MultiPolygon","coordinates":[[[[16.7517,58.62879],[16.75193,58.62727],[16.75209,58.62619],[16.75209,58.62619],[16.76336,58.62144],[16.78366,58.61306],[16.78367,58.61306],[16.78367,58.61306],[16.78843,58.61886],[16.79116,58.62222],[16.79116,58.62222],[16.79116,58.62222],[16.78639,58.62318],[16.78611,58.62337],[16.78596,58.62384],[16.78548,58.62426],[16.7854,58.62434],[16.78529,58.62448],[16.78511,58.62463],[16.78499,58.62472],[16.78484,58.62481],[16.78457,58.62498],[16.78457,58.62498],[16.78457,58.62498],[16.78457,58.62498],[16.78445,58.62491],[16.78235,58.62535],[16.78294,58.62648],[16.78294,58.62649],[16.78294,58.62649],[16.78203,58.62673],[16.78078,58.62716],[16.78078,58.62716],[16.78078,58.62716],[16.78005,58.62668],[16.77858,58.62746],[16.77764,58.62755],[16.77654,58.62797],[16.77556,58.62901],[16.77555,58.62901],[16.77544,58.62902],[16.77531,58.62903],[16.77511,58.62905],[16.77491,58.62909],[16.77467,58.62916],[16.77455,58.62921],[16.77439,58.62933],[16.77429,58.62951],[16.77417,58.62975],[16.77407,58.62994],[16.774,58.63006],[16.77372,58.63028],[16.7737,58.63028],[16.77369,58.63029],[16.77352,58.63035],[16.77352,58.63035],[16.77352,58.63035],[16.7735,58.63032],[16.77147,58.63106],[16.77097,58.6312],[16.77033,58.63127],[16.76955,58.6312],[16.76904,58.63122],[16.76794,58.63155],[16.76755,58.63176],[16.76723,58.63182],[16.7664,58.63185],[16.76597,58.63187],[16.76374,58.63196],[16.76346,58.63197],[16.76272,58.63195],[16.76272,58.63195],[16.76239,58.63184],[16.7618,58.63165],[16.76139,58.63151],[16.76093,58.63131],[16.76093,58.6313],[16.76093,58.63103],[16.76075,58.63049],[16.76046,58.6302],[16.75955,58.6299],[16.75864,58.63],[16.75864,58.62999],[16.75707,58.62873],[16.7517,58.62879],[16.7517,58.62879],[16.7517,58.62879],[16.7517,58.62879]],[[16.76677,58.62753],[16.76734,58.62756],[16.76742,58.62735],[16.76682,58.62732],[16.76677,58.62753]],[[16.76337,58.6277],[16.7635,58.62802],[16.76481,58.62769],[16.76537,58.62767],[16.7654,58.62753],[16.76363,58.62746],[16.76337,58.6277]]]]},"properties":{"NVRID":"2020285","NAMN":"Nävekvarns klint","SKYDDSTYP":"Naturreservat","BESLUTSSTATUS":"Gällande","LAN":"Södermanlands Län","KOMMUN":"Norrköping, Nyköping","IUCNKATEGORI":"Ia, Strikt naturreservat (Strict Nature Reserve)","FORVALTARE":"Länsstyrelsen i Södermanlands län","AREA_HA":231.74,"LAND_HA":94.54,"VATTEN_HA":137.2,"SKOG_HA":73.83,"URSPR_BESLUTSDATUM":"2009-12-17"}},{"type":"Feature","geometry":{"type":"MultiPolygon","coordinates":[[[[16.80619,58.91735],[16.80609,58.91757],[16.80565,58.91797],[16.80544,58.91824],[16.80541,58.91854],[16.80544,58.91891],[16.80544,58.91891],[16.80544,58.91891],[16.8041,58.91866],[16.80377,58.91853],[16.80222,58.91781],[16.8014,58.91735],[16.8014,58.91735],[16.8014,58.91735],[16.80151,58.9173],[16.80155,58.91729],[16.80164,58.91729],[16.80258,58.91722],[16.80342,58.91706],[16.80342,58.91706],[16.8035,58.91707],[16.80394,58.917],[16.80429,58.91689],[16.80458,58.91673],[16.80471,58.91659],[16.80486,58.91645],[16.80502,58.91639],[16.80523,58.91638],[16.80544,58.91642],[16.80594,58.91654],[16.80594,58.91654],[16.80597,58.91657],[16.80602,58.91687],[16.80619,58.91735]]]]},"properties":{"NVRID":"2001305","NAMN":"Ängbacken","SKYDDSTYP":"Naturreservat","BESLUTSSTATUS":"Gällande","LAN":"Södermanlands Län","KOMMUN":"Nyköping","IUCNKATEGORI":"IV, Habitat/Artskyddsområde (Habitat/Species Management Area)","FORVALTARE":"Länsstyrelsen i Södermanlands län","AREA_HA":3.92,"LAND_HA":3.92,"VATTEN_HA":0.0,"SKOG_HA":2.86,"URSPR_BESLUTSDATUM":"1956-01-19"}},{"type":"Feature","geometry":{"type":"MultiPolygon","coordinates":[[[[16.63596,58.82804],[16.63634,58.82789],[16.63713,58.82743],[16.63761,58.82737],[16.63778,58.82725],[16.63778,58.82725],[16.63778,58.82725],[16.63778,58.82725],[16.63827,58.82742],[16.63901,58.82723],[16.63934,58.82711],[16.63934,58.82711],[16.63963,58.82712],[16.63987,58.82711],[16.64013,58.82702],[16.64077,58.82694],[16.64077,58.82694],[16.64077,58.82694],[16.64077,58.82694],[16.64096,58.82726],[16.64164,58.82787],[16.64172,58.82824],[16.64162,58.82848],[16.64132,58.82898],[16.64132,58.82898],[16.64082,58.82905],[16.64092,58.82948],[16.64135,58.82947],[16.64135,58.82947],[16.64135,58.82947],[16.64139,58.82956],[16.64145,58.82977],[16.64147,58.83015],[16.64148,58.8305],[16.64152,58.83063],[16.64148,58.83069],[16.64148,58.83069],[16.64087,58.83074],[16.64042,58.83079],[16.63885,58.83091],[16.637,58.83103],[16.63605,58.8311],[16.63605,58.8311],[16.63462,58.83015],[16.63374,58.82837],[16.63374,58.82837],[16.63374,58.82837],[16.63491,58.82807],[16.63596,58.82804]]]]},"properties":{"NVRID":"2054462","NAMN":"Sundsudde","SKYDDSTYP":"Naturreservat","BESLUTSSTATUS":"Gällande","LAN":"Södermanlands Län","KOMMUN":"Nyköping","IUCNKATEGORI":"Ia, Strikt naturreservat (Strict Nature Reserve)","FORVALTARE":"Länsstyrelsen i Södermanlands län","AREA_HA":15.16,"LAND_HA":15.16,"VATTEN_HA":0.0,"SKOG_HA":14.77,"URSPR_BESLUTSDATUM":"2021-05-24"}},{"type":"Feature","geometry":{"type":"MultiPolygon","coordinates":[[[[16.61925,58.9236],[16.61926,58.92353],[16.61849,58.92306],[16.61818,58.92286],[16.61817,58.92286],[16.61818,58.92286],[16.61907,58.9225],[16.62519,58.91978],[16.62519,58.91978],[16.62519,58.91978],[16.62519,58.91978],[16.62575,58.92052],[16.62636,58.92137],[16.62636,58.92137],[16.62544,58.922],[16.62519,58.92219],[16.62455,58.92249],[16.6231,58.92304],[16.62181,58.92344],[16.62092,58.92369],[16.62092,58.92369],[16.62069,58.92366],[16.61958,58.92409],[16.61903,58.9242],[16.61903,58.9242],[16.61869,58.92411],[16.61846,58.92384],[16.61846,58.92384],[16.61846,58.92384],[16.61925,58.9236]]]]},"properties":{"NVRID":"2001919","NAMN":"Brunnstaåsen","SKYDDSTYP":"Naturreservat","BESLUTSSTATUS":"Gällande","LAN":"Södermanlands Län","KOMMUN":"Flen","IUCNKATEGORI":"III, Naturmonument (Natural Monument)","FORVALTARE":"Länsstyrelsen i Södermanlands län","AREA_HA":9.7,"LAND_HA":9.7,"VATTEN_HA":0.0,"SKOG_HA":8.82,"URSPR_BESLUTSDATUM":"1959-01-28"}},{"type":"Feature","geometry":{"type":"MultiPolygon","coordinates":[[[[16.4775,59.41779],[16.47802,59.41703],[16.47761,59.41679],[16.47761,59.41679],[16.47761,59.41679],[16.47769,59.41661],[16.47825,59.41624],[16.47825,59.41624],[16.47825,59.41624],[16.48024,59.41702],[16.48024,59.41702],[16.48024,59.41702],[16.47936,59.41773],[16.47936,59.41773],[16.47845,59.41778],[16.4775,59.4178],[16.4775,59.4178],[16.4775,59.41779],[16.4775,59.41779],[16.4775,59.41779]]]]},"properties":{"NVRID":"2001237","NAMN":"Naturreservatet Gökstenen","SKYDDSTYP":"Naturreservat","BESLUTSSTATUS":"Gällande","LAN":"Södermanlands Län","KOMMUN":"Eskilstuna","IUCNKATEGORI":"III, Naturmonument (Natural Monument)","FORVALTARE":"Länsstyrelsen i Södermanlands län","AREA_HA":1.66,"LAND_HA":1.66,"VATTEN_HA":0.0,"SKOG_HA":1.55,"URSPR_BESLUTSDATUM":"1955-04-25"}},{"type":"Feature","geometry":{"type":"MultiPolygon","coordinates":[[[[16.31782,58.7915],[16.31669,58.79067],[16.31669,58.79067],[16.31669,58.79067],[16.31693,58.7906],[16.31724,58.7905],[16.31747,58.79044],[16.31764,58.7904],[16.31778,58.79037],[16.31806,58.79032],[16.31831,58.79027],[16.3185,58.79023],[16.31866,58.79018],[16.31882,58.79012],[16.31901,58.79004],[16.31907,58.79002],[16.31949,58.78984],[16.31965,58.78979],[16.31981,58.78973],[16.32002,58.78967],[16.3203,58.7896],[16.3206,58.78954],[16.32099,58.78946],[16.32129,58.78941],[16.32154,58.78936],[16.32174,58.78931],[16.32187,58.78926],[16.32203,58.78919],[16.32211,58.78914],[16.32223,58.78906],[16.32237,58.78894],[16.32249,58.78884],[16.32258,58.78878],[16.32262,58.78876],[16.32289,58.78866],[16.32292,58.78865],[16.32308,58.78862],[16.32334,58.78859],[16.32354,58.78857],[16.32354,58.78857],[16.32354,58.78857],[16.32354,58.78857],[16.32357,58.78884],[16.32455,58.78878],[16.32452,58.78852],[16.32452,58.78852],[16.32452,58.78852],[16.32464,58.78853],[16.32472,58.78852],[16.32484,58.78853],[16.3254,58.78853],[16.32615,58.7885],[16.32632,58.78848],[16.32653,58.78845],[16.32666,58.78844],[16.32677,58.78844],[16.32689,58.78845],[16.327,58.78847],[16.32712,58.7885],[16.32742,58.7886],[16.32764,58.78866],[16.32781,58.78869],[16.32794,58.7887],[16.32805,58.78871],[16.32822,58.78871],[16.32828,58.78871],[16.32847,58.78869],[16.32861,58.78867],[16.32879,58.78862],[16.329,58.78853],[16.32917,58.78843],[16.32945,58.78826],[16.32964,58.78816],[16.32981,58.78807],[16.32986,58.78805],[16.33001,58.78799],[16.33016,58.78794],[16.33032,58.78789],[16.33055,58.78783],[16.33084,58.78776],[16.33113,58.78768],[16.3312,58.78767],[16.33205,58.78741],[16.33211,58.78739],[16.3323,58.78732],[16.33259,58.78722],[16.33281,58.78713],[16.33303,58.78704],[16.33324,58.78694],[16.33353,58.78681],[16.33376,58.78672],[16.33382,58.7867],[16.33403,58.78663],[16.33439,58.78654],[16.33507,58.78638],[16.33538,58.7863],[16.33569,58.78621],[16.33613,58.78608],[16.33652,58.78596],[16.33684,58.78587],[16.3372,58.78578],[16.3375,58.78572],[16.33775,58.78567],[16.33807,58.78561],[16.33841,58.78555],[16.33875,58.78547],[16.33914,58.78539],[16.33962,58.78528],[16.34009,58.78517],[16.34035,58.78511],[16.34065,58.78506],[16.34106,58.785],[16.34143,58.78495],[16.34145,58.78495],[16.34227,58.78482],[16.34258,58.78477],[16.34259,58.78477],[16.34259,58.78477],[16.34338,58.78542],[16.34443,58.78582],[16.34443,58.78582],[16.34443,58.78582],[16.34443,58.78582],[16.3435,58.78613],[16.3412,58.78659],[16.33929,58.78665],[16.33855,58.7873],[16.33656,58.78803],[16.33394,58.78905],[16.3324,58.79044],[16.33139,58.79089],[16.33175,58.79127],[16.33175,58.79127],[16.33116,58.79158],[16.33133,58.79255],[16.33133,58.79255],[16.33081,58.79268],[16.32867,58.79338],[16.32627,58.79316],[16.32527,58.79369],[16.32592,58.79438],[16.32592,58.79438],[16.32592,58.79438],[16.32534,58.79475],[16.3252,58.79519],[16.3252,58.79519],[16.3252,58.79519],[16.3238,58.79531],[16.32173,58.79543],[16.32076,58.79544],[16.31915,58.79513],[16.31915,58.79513],[16.31915,58.79513],[16.31918,58.79511],[16.31922,58.79508],[16.31925,58.79504],[16.3193,58.7949],[16.31929,58.79473],[16.31926,58.79468],[16.3192,58.79452],[16.31921,58.79447],[16.31922,58.79441],[16.31923,58.79435],[16.31932,58.79415],[16.31935,58.79411],[16.31942,58.794],[16.31945,58.79396],[16.31948,58.79392],[16.31958,58.79357],[16.31956,58.79337],[16.31956,58.79336],[16.31957,58.7932],[16.31957,58.79316],[16.31957,58.79313],[16.31956,58.79309],[16.31957,58.79304],[16.3196,58.79299],[16.31961,58.79289],[16.31957,58.7928],[16.31948,58.79269],[16.31942,58.79264],[16.31935,58.7926],[16.3192,58.79252],[16.31919,58.79252],[16.31913,58.7925],[16.31891,58.79246],[16.3186,58.79245],[16.31825,58.79247],[16.31808,58.79247],[16.31804,58.79248],[16.31802,58.79248],[16.31796,58.79249],[16.31792,58.7925],[16.31786,58.79252],[16.31769,58.79259],[16.31769,58.79259],[16.31766,58.79259],[16.31766,58.79259],[16.31766,58.79259],[16.31766,58.79259],[16.31782,58.7915]]]]},"properties":{"NVRID":"2049441","NAMN":"Skogsbyås","SKYDDSTYP":"Naturreservat","BESLUTSSTATUS":"Gällande","LAN":"Södermanlands Län","KOMMUN":"Nyköping","IUCNKATEGORI":"Ia, Strikt naturreservat (Strict Nature Reserve)","FORVALTARE":"Länsstyrelsen i Södermanlands län","AREA_HA":61.45,"LAND_HA":61.45,"VATTEN_HA":0.0,"SKOG_HA":42.01,"URSPR_BESLUTSDATUM":"2022-09-26"}},{"type":"Feature","geometry":{"type":"MultiPolygon","coordinates":[[[[16.60835,59.22777],[16.60852,59.22475],[16.60852,59.22475],[16.60852,59.22475],[16.60852,59.22475],[16.61252,59.22548],[16.61252,59.22548],[16.61252,59.22548],[16.61252,59.22549],[16.61236,59.22588],[16.61206,59.22654],[16.61183,59.22707],[16.61141,59.22806],[16.61141,59.22806],[16.61141,59.22806],[16.61141,59.22806],[16.60835,59.22777],[16.60835,59.22777],[16.60835,59.22777]]]]},"properties":{"NVRID":"2001935","NAMN":"Hamra","SKYDDSTYP":"Naturreservat","BESLUTSSTATUS":"Gällande","LAN":"Södermanlands Län","KOMMUN":"Eskilstuna","IUCNKATEGORI":"Ia, Strikt naturreservat (Strict Nature Reserve)","FORVALTARE":"Länsstyrelsen i Södermanlands län","AREA_HA":6.51,"LAND_HA":6.51,"VATTEN_HA":0.0,"SKOG_HA":4.56,"URSPR_BESLUTSDATUM":"1997-12-19"}},{"type":"Feature","geometry":{"type":"MultiPolygon","coordinates":[[[[17.59821,58.81434],[17.59818,58.78399],[17.59818,58.78399],[17.59818,58.78399],[17.60436,58.78482],[17.61958,58.76319],[17.61972,58.76299],[17.64813,58.72204],[17.66418,58.69899],[17.66418,58.69899],[17.66418,58.69899],[17.74336,58.73293],[17.74506,58.73362],[17.74506,58.73362],[17.74507,58.73362],[17.74506,58.73362],[17.73025,58.74159],[17.70575,58.75587],[17.64422,58.78908],[17.62172,58.80121],[17.59821,58.81434],[17.59821,58.81434],[17.59821,58.81434],[17.59821,58.81434],[17.59821,58.81434]]]]},"properties":{"NVRID":"2001925","NAMN":"Persö","SKYDDSTYP":"Naturreservat","BESLUTSSTATUS":"Gällande","LAN":"Södermanlands Län","KOMMUN":"Trosa","IUCNKATEGORI":"III, Naturmonument (Natural Monument)","FORVALTARE":"Länsstyrelsen i Södermanlands län","AREA_HA":4211.69,"LAND_HA":9.03,"VATTEN_HA":4202.66,"SKOG_HA":2.12,"URSPR_BESLUTSDATUM":"1981-04-10"}},{"type":"Feature","geometry":{"type":"MultiPolygon","coordinates":[[[[15.70406,59.0341],[15.70408,59.03409],[15.70424,59.03398],[15.70461,59.03376],[15.70484,59.0336],[15.70503,59.03342],[15.70511,59.03331],[15.70528,59.03317],[15.70552,59.033],[15.70566,59.0329],[15.70577,59.0328],[15.70588,59.0327],[15.70603,59.03262],[15.70628,59.03246],[15.70649,59.03236],[15.70674,59.03218],[15.70701,59.03203],[15.70717,59.03192],[15.70724,59.03182],[15.70737,59.03169],[15.70751,59.03157],[15.70751,59.03157],[15.70767,59.03154],[15.70785,59.03154],[15.70803,59.03155],[15.70812,59.03153],[15.70815,59.03148],[15.70817,59.03139],[15.70825,59.0313],[15.70825,59.0313],[15.70825,59.0313],[15.70825,59.0313],[15.71664,59.03325],[15.71664,59.03325],[15.71664,59.03325],[15.71662,59.03328],[15.71557,59.03571],[15.71557,59.03571],[15.71556,59.03571],[15.71441,59.03574],[15.71417,59.03636],[15.71417,59.03636],[15.71417,59.03636],[15.70502,59.03583],[15.70502,59.03583],[15.70406,59.0341],[15.70406,59.0341],[15.70406,59.0341]]]]},"properties":{"NVRID":"2001436","NAMN":"Tomsängen","SKYDDSTYP":"Naturreservat","BESLUTSSTATUS":"Gällande","LAN":"Södermanlands Län","KOMMUN":"Vingåker","IUCNKATEGORI":"IV, Habitat/Artskyddsområde (Habitat/Species Management Area)","FORVALTARE":"Länsstyrelsen i Södermanlands län","AREA_HA":27.75,"LAND_HA":27.75,"VATTEN_HA":0.0,"SKOG_HA":23.36,"URSPR_BESLUTSDATUM":"2003-06-13"}},{"type":"Feature","geometry":{"type":"MultiPolygon","coordinates":[[[[17.65213,58.85998],[17.63022,58.85745],[17.63022,58.85745],[17.63022,58.85745],[17.63022,58.85745],[17.63796,58.84632],[17.64001,58.84015],[17.64001,58.84015],[17.64001,58.84015],[17.66141,58.84222],[17.66141,58.84222],[17.66141,58.84222],[17.66141,58.84222],[17.66124,58.84255],[17.65213,58.85998],[17.65213,58.85998],[17.65213,58.85998]],[[17.63973,58.84648],[17.64004,58.84655],[17.64012,58.84661],[17.6436,58.84681],[17.64378,58.84658],[17.64334,58.84643],[17.64277,58.84597],[17.64231,58.84561],[17.64232,58.8448],[17.64309,58.84422],[17.6427,58.84404],[17.64227,58.84419],[17.642,58.84439],[17.642,58.84439],[17.642,58.84439],[17.64118,58.84418],[17.64106,58.84429],[17.64105,58.8443],[17.64105,58.8443],[17.64105,58.84429],[17.64082,58.84416],[17.64048,58.84428],[17.64099,58.84462],[17.64099,58.84462],[17.64099,58.84462],[17.64045,58.84496],[17.64033,58.84533],[17.64133,58.84577],[17.64133,58.84577],[17.64133,58.84577],[17.64115,58.84595],[17.6408,58.84616],[17.6408,58.84616],[17.64064,58.84617],[17.64047,58.84624],[17.64044,58.84629],[17.64044,58.84629],[17.64043,58.84629],[17.63974,58.8464],[17.63973,58.84648]]]]},"properties":{"NVRID":"2049438","NAMN":"Kråmö","SKYDDSTYP":"Naturreservat","BESLUTSSTATUS":"Gällande","LAN":"Södermanlands Län","KOMMUN":"Södertälje, Trosa","IUCNKATEGORI":"V, Skyddat landskap/havsområde (Protected Landscape/Seascape)","FORVALTARE":"Trosa kommun","AREA_HA":246.77,"LAND_HA":35.68,"VATTEN_HA":211.09,"SKOG_HA":9.82,"URSPR_BESLUTSDATUM":"2018-04-25"}},{"type":"Feature","geometry":{"type":"MultiPolygon","coordinates":[[[[16.47966,58.69651],[16.48143,58.69659],[16.51051,58.69783],[16.54163,58.70095],[16.54425,58.70027],[16.54426,58.70027],[16.54426,58.70027],[16.54426,58.70027],[16.54441,58.70059],[16.54443,58.70085],[16.54432,58.70164],[16.54321,58.70312],[16.54205,58.7045],[16.54125,58.70552],[16.54051,58.70632],[16.54008,58.70668],[16.53939,58.70688],[16.53895,58.70691],[16.53683,58.70814],[16.53546,58.70897],[16.53459,58.70936],[16.53334,58.70973],[16.53334,58.70973],[16.53334,58.70973],[16.53251,58.70954],[16.53144,58.70932],[16.53049,58.70929],[16.52974,58.70939],[16.5288,58.70956],[16.5283,58.70973],[16.52782,58.7102],[16.52784,58.71022],[16.52782,58.71063],[16.5275,58.71108],[16.5275,58.71108],[16.52707,58.7112],[16.52649,58.71123],[16.52525,58.71118],[16.52452,58.71115],[16.52452,58.71115],[16.52441,58.71104],[16.52428,58.71078],[16.52397,58.71049],[16.52354,58.71029],[16.52272,58.70999],[16.52234,58.70979],[16.52177,58.70919],[16.52177,58.70919],[16.52177,58.70907],[16.52151,58.70884],[16.52098,58.70871],[16.52009,58.70855],[16.51864,58.70831],[16.51843,58.70813],[16.51843,58.70813],[16.51843,58.70813],[16.51845,58.70811],[16.51844,58.70811],[16.51843,58.70811],[16.51664,58.70674],[16.5136,58.70584],[16.5136,58.70584],[16.51364,58.7045],[16.51327,58.70423],[16.5122,58.70459],[16.50871,58.70574],[16.50668,58.70692],[16.50681,58.70698],[16.50688,58.70711],[16.5069,58.70731],[16.50687,58.70774],[16.50658,58.70821],[16.50644,58.70852],[16.5063,58.70871],[16.50604,58.70906],[16.50596,58.70936],[16.50586,58.70972],[16.50574,58.70996],[16.50558,58.71021],[16.50558,58.71021],[16.50531,58.71034],[16.50494,58.71056],[16.50485,58.71059],[16.50444,58.7111],[16.50406,58.71199],[16.50373,58.71291],[16.50378,58.71331],[16.50366,58.7136],[16.50366,58.7136],[16.50337,58.7138],[16.50302,58.71399],[16.50301,58.71399],[16.50262,58.71396],[16.50262,58.71397],[16.50261,58.71397],[16.50261,58.71397],[16.50204,58.71351],[16.50018,58.71218],[16.49852,58.71107],[16.49832,58.71045],[16.49837,58.70989],[16.49855,58.70943],[16.49619,58.70761],[16.49619,58.70761],[16.49619,58.70756],[16.49569,58.70784],[16.49557,58.70829],[16.49563,58.70833],[16.49564,58.70833],[16.49586,58.71007],[16.49586,58.71007],[16.49586,58.71007],[16.49417,58.71054],[16.49417,58.71054],[16.49417,58.71054],[16.49176,58.7097],[16.49176,58.7097],[16.49122,58.70832],[16.49123,58.70832],[16.49125,58.70829],[16.49123,58.70829],[16.49122,58.70829],[16.48727,58.70595],[16.48616,58.7037],[16.48616,58.7037],[16.48616,58.7037],[16.48672,58.70356],[16.48672,58.70356],[16.48881,58.70394],[16.49066,58.70194],[16.49066,58.70193],[16.49066,58.70193],[16.49192,58.70193],[16.49192,58.70193],[16.49192,58.70193],[16.49301,58.7032],[16.49637,58.70413],[16.49645,58.70414],[16.49723,58.70311],[16.49723,58.70311],[16.49723,58.70311],[16.50026,58.70333],[16.50275,58.70489],[16.50275,58.70489],[16.50121,58.70689],[16.50299,58.70777],[16.50375,58.70773],[16.50554,58.70602],[16.50573,58.70585],[16.50578,58.70536],[16.50502,58.70491],[16.50502,58.70491],[16.50562,58.70274],[16.50393,58.70095],[16.50404,58.70032],[16.50404,58.70032],[16.50567,58.69972],[16.50565,58.69971],[16.50565,58.69971],[16.50565,58.69971],[16.50773,58.69889],[16.50526,58.69838],[16.50419,58.69803],[16.50368,58.69793],[16.50154,58.69781],[16.49985,58.69838],[16.49979,58.6988],[16.49979,58.6988],[16.49979,58.6988],[16.49963,58.69992],[16.49963,58.70002],[16.49963,58.70002],[16.49882,58.70051],[16.49882,58.70051],[16.49882,58.70051],[16.49661,58.70036],[16.49661,58.70036],[16.49172,58.69846],[16.49172,58.69846],[16.49172,58.69846],[16.49172,58.69842],[16.48988,58.69771],[16.48585,58.69737],[16.48223,58.69698],[16.48223,58.69698],[16.48222,58.69698],[16.48102,58.69686],[16.48084,58.69682],[16.48066,58.69687],[16.48063,58.69698],[16.48051,58.69706],[16.48051,58.69706],[16.4805,58.69706],[16.48024,58.69702],[16.47997,58.69688],[16.47966,58.69652],[16.47966,58.69651],[16.47966,58.69651],[16.47966,58.69651],[16.47966,58.69651]]]]},"properties":{"NVRID":"2001942","NAMN":"Fjällmossen","SKYDDSTYP":"Naturreservat","BESLUTSSTATUS":"Gällande","LAN":"Södermanlands Län","KOMMUN":"Norrköping, Nyköping","IUCNKATEGORI":"Ia, Strikt naturreservat (Strict Nature Reserve)","FORVALTARE":"Länsstyrelsen i Södermanlands län","AREA_HA":304.44,"LAND_HA":301.37,"VATTEN_HA":3.07,"SKOG_HA":90.14,"URSPR_BESLUTSDATUM":"1999-03-26"}},{"type":"Feature","geometry":{"type":"MultiPolygon","coordinates":[[[[16.36152,59.08005],[16.36158,59.08002],[16.36158,59.08002],[16.36174,59.08001],[16.36183,59.08],[16.36183,59.08],[16.36198,59.08005],[16.36208,59.08008],[16.36218,59.08008],[16.36245,59.08007],[16.36261,59.08011],[16.36284,59.0802],[16.36305,59.08029],[16.36327,59.08037],[16.36341,59.0804],[16.36354,59.08036],[16.36356,59.08029],[16.36358,59.08019],[16.36356,59.08012],[16.36356,59.08011],[16.36356,59.08011],[16.36365,59.08006],[16.36379,59.08006],[16.3638,59.08006],[16.3638,59.08006],[16.36385,59.08011],[16.36385,59.08017],[16.36394,59.08016],[16.36399,59.0801],[16.36396,59.08007],[16.36396,59.08007],[16.36396,59.08007],[16.36407,59.08004],[16.36416,59.08002],[16.3642,59.07996],[16.36415,59.07991],[16.36415,59.07991],[16.36421,59.07986],[16.36434,59.07982],[16.36446,59.07981],[16.36455,59.0798],[16.36456,59.07975],[16.36455,59.07969],[16.36455,59.07969],[16.3646,59.07966],[16.36478,59.07963],[16.36491,59.07964],[16.36498,59.07962],[16.365,59.07954],[16.36511,59.07942],[16.36518,59.07934],[16.36518,59.07934],[16.36528,59.07934],[16.36528,59.07934],[16.36534,59.07937],[16.36537,59.0794],[16.36553,59.07939],[16.36562,59.07935],[16.36582,59.07929],[16.36611,59.07921],[16.36612,59.07909],[16.36612,59.07909],[16.36628,59.07902],[16.36649,59.07898],[16.36672,59.07886],[16.36689,59.07871],[16.36688,59.07851],[16.36688,59.07851],[16.367,59.07845],[16.3673,59.07838],[16.36745,59.07824],[16.36766,59.07811],[16.36781,59.07805],[16.3679,59.07793],[16.3681,59.07786],[16.36831,59.07778],[16.3685,59.07768],[16.36871,59.07762],[16.3688,59.07753],[16.36888,59.07742],[16.36888,59.07742],[16.36888,59.07742],[16.36915,59.07737],[16.36934,59.07737],[16.36947,59.07728],[16.36942,59.07719],[16.36942,59.07718],[16.3696,59.07713],[16.36986,59.07713],[16.37005,59.07713],[16.37017,59.07706],[16.37007,59.07699],[16.36986,59.07695],[16.36986,59.07695],[16.36986,59.07695],[16.36991,59.07687],[16.37009,59.07679],[16.37024,59.07666],[16.37027,59.0765],[16.37027,59.0765],[16.37044,59.07646],[16.37062,59.07649],[16.37083,59.07648],[16.37095,59.07642],[16.37057,59.07628],[16.37057,59.07628],[16.37057,59.07628],[16.37074,59.07606],[16.37074,59.07606],[16.37074,59.07606],[16.37074,59.07606],[16.37074,59.07606],[16.37092,59.07617],[16.37113,59.07627],[16.37138,59.07615],[16.3715,59.07598],[16.37147,59.07579],[16.37136,59.07565],[16.37136,59.07565],[16.37159,59.07535],[16.37159,59.07535],[16.37179,59.07529],[16.37185,59.07496],[16.37185,59.07476],[16.37185,59.07476],[16.37185,59.07476],[16.37245,59.07471],[16.37255,59.07459],[16.37275,59.07446],[16.373,59.07434],[16.37332,59.07424],[16.37333,59.07412],[16.37346,59.07399],[16.37369,59.07392],[16.37385,59.0739],[16.37393,59.07388],[16.37402,59.07387],[16.37415,59.07382],[16.37427,59.07378],[16.37429,59.07372],[16.37424,59.07365],[16.37421,59.07359],[16.37426,59.07352],[16.37426,59.07352],[16.37435,59.07349],[16.37437,59.07343],[16.37439,59.07336],[16.37439,59.07336],[16.37449,59.07328],[16.37472,59.07325],[16.37484,59.07322],[16.37499,59.07316],[16.37501,59.07312],[16.37504,59.07309],[16.37508,59.07307],[16.37513,59.07305],[16.37513,59.07303],[16.3751,59.07301],[16.37509,59.07299],[16.37511,59.07297],[16.37516,59.07294],[16.3752,59.07291],[16.37525,59.07287],[16.37527,59.07279],[16.37516,59.07275],[16.37511,59.07272],[16.37506,59.07269],[16.37502,59.07267],[16.37501,59.07264],[16.37505,59.07261],[16.37506,59.07258],[16.37505,59.07256],[16.37502,59.07255],[16.37497,59.07256],[16.37487,59.07257],[16.37487,59.07257],[16.37482,59.07255],[16.37481,59.0725],[16.37481,59.0725],[16.37481,59.0725],[16.376,59.07216],[16.37874,59.0721],[16.38086,59.07178],[16.38131,59.07186],[16.38135,59.07177],[16.38164,59.07137],[16.38171,59.07124],[16.38249,59.07036],[16.38266,59.07008],[16.38266,59.07008],[16.38266,59.07008],[16.38266,59.07008],[16.38266,59.07008],[16.38285,59.07021],[16.38314,59.07025],[16.38325,59.0702],[16.38351,59.07016],[16.38351,59.07016],[16.38498,59.07082],[16.38617,59.07148],[16.3869,59.07203],[16.38796,59.07313],[16.38796,59.07313],[16.38796,59.07313],[16.38729,59.07323],[16.38729,59.07323],[16.38543,59.07265],[16.38496,59.0729],[16.38408,59.07325],[16.38333,59.0734],[16.38333,59.0734],[16.38333,59.0734],[16.38304,59.07292],[16.37933,59.07337],[16.37851,59.07349],[16.37774,59.07356],[16.37753,59.07359],[16.37731,59.07366],[16.37716,59.07372],[16.37668,59.07394],[16.37631,59.07408],[16.37604,59.07411],[16.37575,59.07421],[16.37544,59.0744],[16.37506,59.07461],[16.37367,59.07491],[16.37373,59.07515],[16.37373,59.07515],[16.37373,59.07515],[16.37297,59.07519],[16.37278,59.07514],[16.37263,59.07536],[16.37292,59.0757],[16.37304,59.07595],[16.37311,59.07634],[16.37311,59.07634],[16.37263,59.07647],[16.37226,59.07655],[16.37209,59.07665],[16.37199,59.07698],[16.3718,59.07711],[16.37165,59.07742],[16.37148,59.07756],[16.37233,59.07795],[16.37233,59.07795],[16.37233,59.07795],[16.37207,59.07813],[16.37211,59.07829],[16.37211,59.07829],[16.3719,59.07835],[16.37179,59.07836],[16.37145,59.07861],[16.37169,59.07867],[16.37199,59.07881],[16.37199,59.07881],[16.37199,59.07881],[16.37199,59.07881],[16.37168,59.079],[16.37166,59.07904],[16.37181,59.07919],[16.37181,59.07919],[16.37181,59.07919],[16.3716,59.07924],[16.3716,59.07924],[16.3716,59.07924],[16.37146,59.07916],[16.3712,59.07909],[16.37084,59.0792],[16.37084,59.0792],[16.37084,59.0792],[16.37052,59.07903],[16.37028,59.07906],[16.36958,59.07941],[16.36958,59.07941],[16.36958,59.07941],[16.36946,59.07937],[16.36936,59.07943],[16.36946,59.07953],[16.36951,59.07984],[16.36951,59.07984],[16.36944,59.07987],[16.36944,59.07987],[16.36944,59.07987],[16.36918,59.07962],[16.36907,59.07967],[16.36882,59.08005],[16.36886,59.08036],[16.36847,59.08077],[16.36828,59.08106],[16.36657,59.08235],[16.36657,59.08235],[16.36657,59.08235],[16.36619,59.08217],[16.36152,59.08006],[16.36152,59.08006],[16.36152,59.08005],[16.36152,59.08005]]]]},"properties":{"NVRID":"2001315","NAMN":"Himlingeåsen","SKYDDSTYP":"Naturreservat","BESLUTSSTATUS":"Gällande","LAN":"Södermanlands Län","KOMMUN":"Katrineholm","IUCNKATEGORI":"III, Naturmonument (Natural Monument)","FORVALTARE":"Länsstyrelsen i Södermanlands län","AREA_HA":31.85,"LAND_HA":31.85,"VATTEN_HA":0.0,"SKOG_HA":11.26,"URSPR_BESLUTSDATUM":"1962-09-21"}},{"type":"Feature","geometry":{"type":"MultiPolygon","coordinates":[[[[16.59763,59.45391],[16.59849,59.45346],[16.60249,59.45137],[16.60249,59.45137],[16.61902,59.45372],[16.62952,59.45296],[16.62952,59.45296],[16.63921,59.45593],[16.63925,59.45599],[16.63981,59.45651],[16.64092,59.45754],[16.64153,59.45815],[16.64854,59.4635],[16.65006,59.46371],[16.68645,59.46862],[16.69352,59.46963],[16.69777,59.47012],[16.69777,59.47012],[16.69777,59.47012],[16.69856,59.4733],[16.7172,59.47317],[16.74023,59.47303],[16.74023,59.47303],[16.74023,59.47303],[16.75579,59.49223],[16.76347,59.50173],[16.76347,59.50173],[16.76347,59.50173],[16.76347,59.50173],[16.76347,59.50173],[16.7569,59.50203],[16.7569,59.50203],[16.75023,59.49975],[16.74883,59.49924],[16.74477,59.49786],[16.73579,59.49473],[16.72139,59.48975],[16.71138,59.48806],[16.70241,59.48772],[16.70072,59.48793],[16.68886,59.4894],[16.68766,59.48955],[16.67999,59.49051],[16.66558,59.49228],[16.66557,59.49227],[16.66153,59.49064],[16.66153,59.49064],[16.66153,59.49064],[16.66213,59.4904],[16.66154,59.49016],[16.66049,59.48985],[16.65997,59.48965],[16.65949,59.48991],[16.65948,59.48991],[16.65948,59.48991],[16.64895,59.4858],[16.63597,59.48414],[16.61957,59.48208],[16.59746,59.47987],[16.58893,59.479],[16.54282,59.47396],[16.54282,59.47396],[16.54282,59.47396],[16.54299,59.47335],[16.54696,59.45965],[16.54696,59.45965],[16.55142,59.45915],[16.59763,59.45391]]]]},"properties":{"NVRID":"2001300","NAMN":"Ridö-Sundbyholmsarkipelagen","SKYDDSTYP":"Naturreservat","BESLUTSSTATUS":"Gällande","LAN":"Södermanlands Län","KOMMUN":"Eskilstuna, Strängnäs, Västerås","IUCNKATEGORI":"V, Skyddat landskap/havsområde (Protected Landscape/Seascape)","FORVALTARE":"Länsstyrelsen i Södermanlands län","AREA_HA":2939.52,"LAND_HA":554.54,"VATTEN_HA":2384.98,"SKOG_HA":422.29,"URSPR_BESLUTSDATUM":"1984-12-19"}},{"type":"Feature","geometry":{"type":"MultiPolygon","coordinates":[[[[16.94089,58.71982],[16.94369,58.71892],[16.95943,58.71385],[16.95943,58.71385],[16.95944,58.71385],[16.95944,58.71385],[16.95898,58.71646],[16.95897,58.7177],[16.95897,58.71909],[16.95897,58.71909],[16.95897,58.71909],[16.95539,58.71979],[16.95523,58.71997],[16.95494,58.72205],[16.95494,58.72205],[16.95494,58.72205],[16.95494,58.72205],[16.94993,58.72137],[16.94303,58.72045],[16.94293,58.72043],[16.94284,58.7204],[16.94179,58.72009],[16.94089,58.71983],[16.94089,58.71982],[16.94089,58.71982],[16.94089,58.71982],[16.94089,58.71982]]]]},"properties":{"NVRID":"2020286","NAMN":"Segelstamosse","SKYDDSTYP":"Naturreservat","BESLUTSSTATUS":"Gällande","LAN":"Södermanlands Län","KOMMUN":"Nyköping","IUCNKATEGORI":"Ia, Strikt naturreservat (Strict Nature Reserve)","FORVALTARE":"Länsstyrelsen i Södermanlands län","AREA_HA":45.06,"LAND_HA":45.06,"VATTEN_HA":0.0,"SKOG_HA":37.47,"URSPR_BESLUTSDATUM":"2009-12-17"}},{"type":"Feature","geometry":{"type":"MultiPolygon","coordinates":[[[[17.06129,59.37622],[17.0617,59.37469],[17.0617,59.37469],[17.0617,59.37469],[17.06171,59.37469],[17.06171,59.37469],[17.06183,59.37474],[17.06186,59.37475],[17.06194,59.37478],[17.06206,59.37484],[17.06223,59.37489],[17.0624,59.37491],[17.06251,59.37495],[17.06301,59.37509],[17.0632,59.37513],[17.06322,59.37513],[17.06353,59.37515],[17.06374,59.37513],[17.06384,59.37512],[17.06405,59.37513],[17.06414,59.37515],[17.06435,59.37519],[17.06445,59.37522],[17.06472,59.37529],[17.0648,59.37525],[17.0648,59.37525],[17.0648,59.37525],[17.06494,59.37529],[17.06509,59.3753],[17.06545,59.37541],[17.06553,59.37545],[17.06568,59.37544],[17.06599,59.37552],[17.06599,59.37552],[17.06599,59.37552],[17.06538,59.3762],[17.06568,59.37669],[17.06539,59.37742],[17.06539,59.37742],[17.06538,59.37742],[17.06367,59.37748],[17.06349,59.37747],[17.06263,59.37729],[17.06166,59.37703],[17.06125,59.37701],[17.06075,59.3771],[17.06074,59.3771],[17.06074,59.3771],[17.06074,59.3771],[17.06081,59.37695],[17.06129,59.37622]],[[17.06899,59.37734],[17.06883,59.37745],[17.06883,59.37745],[17.06802,59.37754],[17.06775,59.37756],[17.06775,59.37756],[17.06775,59.37756],[17.06773,59.37735],[17.06773,59.37735],[17.06834,59.37718],[17.06834,59.37718],[17.06899,59.37733],[17.06899,59.37733],[17.06899,59.37734]],[[17.06709,59.37589],[17.06721,59.37594],[17.06731,59.37594],[17.0674,59.37593],[17.06775,59.37589],[17.06775,59.3759],[17.0679,59.37597],[17.06796,59.37599],[17.06812,59.37601],[17.06832,59.37604],[17.06842,59.3761],[17.06852,59.37612],[17.06883,59.37623],[17.06886,59.37624],[17.06889,59.37625],[17.06923,59.37636],[17.06939,59.37646],[17.06949,59.37653],[17.06953,59.37655],[17.06962,59.37659],[17.06965,59.37661],[17.06971,59.37664],[17.06988,59.37676],[17.07016,59.37684],[17.0703,59.37689],[17.07036,59.3769],[17.07037,59.37691],[17.07037,59.37691],[17.07037,59.37691],[17.07037,59.37691],[17.06919,59.37727],[17.06919,59.37727],[17.06919,59.37727],[17.06856,59.37694],[17.0683,59.37692],[17.06706,59.37698],[17.06706,59.37698],[17.06706,59.37698],[17.06697,59.37675],[17.06667,59.37631],[17.06708,59.37589],[17.06709,59.37589],[17.06709,59.37589],[17.06709,59.37589]]]]},"properties":{"NVRID":"2001864","NAMN":"Tynäs","SKYDDSTYP":"Naturreservat","BESLUTSSTATUS":"Gällande","LAN":"Södermanlands Län","KOMMUN":"Strängnäs","IUCNKATEGORI":"IV, Habitat/Artskyddsområde (Habitat/Species Management Area)","FORVALTARE":"Länsstyrelsen i Södermanlands län","AREA_HA":8.01,"LAND_HA":7.99,"VATTEN_HA":0.02,"SKOG_HA":4.34,"URSPR_BESLUTSDATUM":"1955-09-07"}},{"type":"Feature","geometry":{"type":"MultiPolygon","coordinates":[[[[16.54772,59.19361],[16.54744,59.19365],[16.54744,59.19365],[16.54732,59.19358],[16.54719,59.19352],[16.54695,59.19341],[16.54678,59.19334],[16.54677,59.19334],[16.54662,59.19329],[16.54661,59.19328],[16.54635,59.19323],[16.54634,59.19322],[16.54634,59.19322],[16.54609,59.19319],[16.54609,59.19319],[16.54608,59.19319],[16.54607,59.19319],[16.5459,59.19319],[16.54589,59.19319],[16.54588,59.19319],[16.54588,59.19319],[16.54587,59.19319],[16.54567,59.19322],[16.54566,59.19322],[16.54545,59.19327],[16.54512,59.19335],[16.54479,59.19342],[16.54427,59.19354],[16.54319,59.19376],[16.54297,59.19378],[16.54297,59.19378],[16.54297,59.19378],[16.54297,59.19378],[16.54297,59.19378],[16.54297,59.19378],[16.54673,59.19239],[16.54886,59.19161],[16.55083,59.19089],[16.55118,59.19075],[16.55236,59.1885],[16.55718,59.18608],[16.55736,59.18462],[16.55791,59.1837],[16.55791,59.1837],[16.55944,59.18322],[16.55944,59.18322],[16.56216,59.18386],[16.56276,59.18401],[16.56312,59.1837],[16.56333,59.18352],[16.56474,59.1823],[16.56561,59.18155],[16.56579,59.1814],[16.56607,59.18115],[16.56607,59.18115],[16.56607,59.18115],[16.56607,59.18115],[16.5662,59.18143],[16.56633,59.18208],[16.5679,59.18407],[16.56805,59.18424],[16.57688,59.18876],[16.57698,59.18882],[16.58096,59.19089],[16.58096,59.19089],[16.58096,59.19089],[16.58096,59.19089],[16.57989,59.19102],[16.57829,59.19081],[16.57614,59.19111],[16.57483,59.1911],[16.57397,59.19117],[16.57299,59.19131],[16.57145,59.19091],[16.57087,59.19088],[16.57062,59.19095],[16.57082,59.19116],[16.57087,59.19122],[16.57087,59.19122],[16.57087,59.19123],[16.57086,59.19124],[16.5708,59.1913],[16.57067,59.19136],[16.57038,59.19146],[16.56975,59.19164],[16.56918,59.19181],[16.56892,59.19188],[16.56842,59.192],[16.56821,59.19204],[16.56793,59.19206],[16.56747,59.19211],[16.56704,59.19217],[16.56663,59.19225],[16.56632,59.19233],[16.56587,59.19248],[16.56536,59.19264],[16.56492,59.19277],[16.56455,59.19288],[16.56425,59.19297],[16.56414,59.193],[16.56374,59.1931],[16.56348,59.19319],[16.5632,59.19329],[16.56296,59.19337],[16.56285,59.1934],[16.56266,59.19343],[16.56266,59.19343],[16.56238,59.19337],[16.56222,59.19341],[16.56206,59.1936],[16.56185,59.19371],[16.56163,59.19378],[16.56139,59.19384],[16.56079,59.19397],[16.56029,59.1941],[16.56006,59.19417],[16.55972,59.19427],[16.55938,59.19433],[16.55903,59.19441],[16.55869,59.19451],[16.55848,59.19459],[16.55801,59.1948],[16.55785,59.19485],[16.5575,59.19492],[16.55736,59.19495],[16.55639,59.19515],[16.55621,59.19519],[16.55594,59.19526],[16.55579,59.19529],[16.55569,59.1953],[16.55561,59.19529],[16.55549,59.19527],[16.55509,59.19521],[16.55459,59.19513],[16.55423,59.19508],[16.55402,59.19507],[16.55383,59.19507],[16.5535,59.1951],[16.5532,59.19514],[16.55301,59.19517],[16.55285,59.19521],[16.55269,59.19528],[16.5525,59.1954],[16.55237,59.19545],[16.5522,59.19549],[16.55192,59.19551],[16.55126,59.19557],[16.55096,59.19558],[16.55059,59.19559],[16.54991,59.1956],[16.54983,59.1956],[16.54983,59.1956],[16.54974,59.19558],[16.54967,59.19554],[16.54963,59.19551],[16.54957,59.19544],[16.54942,59.19527],[16.5493,59.19515],[16.54911,59.19495],[16.54896,59.19482],[16.54878,59.19467],[16.5486,59.19453],[16.54844,59.19439],[16.54835,59.19421],[16.54827,59.19404],[16.54806,59.19403],[16.54789,59.19393],[16.54787,59.1939],[16.54787,59.19389],[16.54803,59.19382],[16.54784,59.19363],[16.54775,59.19363],[16.54775,59.19363],[16.54772,59.19361]]]]},"properties":{"NVRID":"2059366","NAMN":"Stubbkärrsvägen","SKYDDSTYP":"Naturreservat","BESLUTSSTATUS":"Gällande","LAN":"Södermanlands Län","KOMMUN":"Flen","IUCNKATEGORI":"Ia, Strikt naturreservat (Strict Nature Reserve)","FORVALTARE":"Länsstyrelsen i Södermanlands län","AREA_HA":138.65,"LAND_HA":138.65,"VATTEN_HA":0.0,"SKOG_HA":117.39,"URSPR_BESLUTSDATUM":"2024-09-02"}},{"type":"Feature","geometry":{"type":"MultiPolygon","coordinates":[[[[16.31961,58.82591],[16.31919,58.82576],[16.31908,58.82547],[16.31908,58.82547],[16.31908,58.82547],[16.31951,58.82535],[16.31951,58.82535],[16.32028,58.82548],[16.3211,58.82552],[16.32183,58.82532],[16.32183,58.82532],[16.32283,58.8255],[16.32333,58.82518],[16.32383,58.82496],[16.32419,58.82475],[16.32357,58.82411],[16.32255,58.82434],[16.32216,58.82463],[16.32216,58.82463],[16.32157,58.82465],[16.32106,58.82477],[16.32106,58.82477],[16.32067,58.82472],[16.31988,58.8248],[16.31961,58.82474],[16.31961,58.82474],[16.31961,58.82474],[16.31964,58.82465],[16.31964,58.82465],[16.32006,58.82444],[16.32047,58.82423],[16.32117,58.82389],[16.32187,58.82353],[16.3224,58.82327],[16.32271,58.82313],[16.32294,58.82304],[16.32306,58.82299],[16.3233,58.82289],[16.3233,58.82289],[16.3233,58.82289],[16.32374,58.82322],[16.32475,58.82281],[16.32606,58.82264],[16.32749,58.82226],[16.32858,58.82211],[16.32947,58.82167],[16.32947,58.82167],[16.32947,58.82167],[16.32947,58.82167],[16.32947,58.82167],[16.32952,58.82199],[16.32952,58.82199],[16.32859,58.82267],[16.33046,58.82329],[16.33046,58.82329],[16.33054,58.8234],[16.33054,58.8234],[16.33026,58.82437],[16.33044,58.82458],[16.33044,58.82458],[16.33034,58.8247],[16.33034,58.8247],[16.32849,58.8251],[16.32689,58.82492],[16.32605,58.82515],[16.32495,58.82555],[16.32503,58.82576],[16.32599,58.82562],[16.32728,58.82587],[16.32824,58.82566],[16.32824,58.82566],[16.32824,58.82566],[16.32824,58.82566],[16.32831,58.8258],[16.32851,58.82653],[16.33151,58.82668],[16.33152,58.82668],[16.33152,58.82668],[16.33152,58.82668],[16.33152,58.82668],[16.32933,58.82758],[16.32933,58.82758],[16.32723,58.82772],[16.32213,58.8274],[16.32046,58.8275],[16.32046,58.8275],[16.32046,58.8275],[16.31961,58.82591]]]]},"properties":{"NVRID":"2045129","NAMN":"Djupviksberget","SKYDDSTYP":"Naturreservat","BESLUTSSTATUS":"Gällande","LAN":"Södermanlands Län","KOMMUN":"Katrineholm","IUCNKATEGORI":"Ia, Strikt naturreservat (Strict Nature Reserve)","FORVALTARE":"Länsstyrelsen i Södermanlands län","AREA_HA":25.34,"LAND_HA":25.34,"VATTEN_HA":0.0,"SKOG_HA":22.77,"URSPR_BESLUTSDATUM":"2016-10-19"}},{"type":"Feature","geometry":{"type":"MultiPolygon","coordinates":[[[[17.16769,59.18743],[17.16721,59.18746],[17.16721,59.18746],[17.16721,59.18746],[17.16685,59.18596],[17.16685,59.18596],[17.16868,59.1847],[17.16898,59.18293],[17.16915,59.18193],[17.16928,59.18113],[17.16928,59.18112],[17.17812,59.17614],[17.17839,59.17573],[17.17839,59.17573],[17.17839,59.17573],[17.1816,59.17625],[17.18346,59.17652],[17.18346,59.17652],[17.18346,59.17652],[17.18247,59.17795],[17.18246,59.17795],[17.18074,59.17812],[17.18008,59.17827],[17.17933,59.17847],[17.17881,59.17874],[17.17833,59.17907],[17.1778,59.17977],[17.17768,59.18046],[17.17781,59.18111],[17.17811,59.18136],[17.17812,59.18136],[17.17812,59.18136],[17.17811,59.18136],[17.17541,59.18238],[17.17463,59.18412],[17.17502,59.1844],[17.17502,59.1844],[17.17502,59.18441],[17.17492,59.18445],[17.17431,59.18472],[17.17369,59.18498],[17.17287,59.18536],[17.17225,59.18564],[17.17174,59.18589],[17.17151,59.18604],[17.17123,59.18622],[17.17089,59.18638],[17.17061,59.18646],[17.17035,59.18659],[17.17012,59.18675],[17.16992,59.18694],[17.1696,59.18707],[17.16799,59.18717],[17.16796,59.18728],[17.16796,59.18729],[17.1679,59.18734],[17.16783,59.18739],[17.16778,59.1874],[17.16771,59.18742],[17.1677,59.18742],[17.16769,59.18743],[17.16769,59.18743]],[[17.17649,59.17879],[17.17563,59.17933],[17.17658,59.17972],[17.17727,59.1793],[17.17728,59.1789],[17.17649,59.17879]],[[17.16911,59.19488],[17.16597,59.19445],[17.16597,59.19445],[17.16545,59.19084],[17.16545,59.19084],[17.16545,59.19084],[17.16863,59.19035],[17.17007,59.18971],[17.17015,59.18967],[17.17015,59.18967],[17.17016,59.18967],[17.17016,59.18967],[17.17043,59.19115],[17.17208,59.1911],[17.17208,59.1911],[17.17208,59.1911],[17.17282,59.19433],[17.17282,59.19433],[17.17282,59.19433],[17.17209,59.19449],[17.17295,59.19541],[17.17295,59.19541],[17.17295,59.19541],[17.17295,59.19541],[17.16911,59.19488]],[[17.1672,59.19081],[17.16758,59.19276],[17.16943,59.19267],[17.16906,59.19072],[17.1672,59.19081]]]]},"properties":{"NVRID":"2001872","NAMN":"Marvikarna","SKYDDSTYP":"Naturreservat","BESLUTSSTATUS":"Gällande","LAN":"Södermanlands Län","KOMMUN":"Gnesta","IUCNKATEGORI":"III, Naturmonument (Natural Monument)","FORVALTARE":"Länsstyrelsen i Södermanlands län","AREA_HA":58.1,"LAND_HA":35.42,"VATTEN_HA":22.68,"SKOG_HA":28.41,"URSPR_BESLUTSDATUM":"1974-06-10"}},{"type":"Feature","geometry":{"type":"MultiPolygon","coordinates":[[[[16.38098,58.98162],[16.38145,58.98095],[16.38139,58.98065],[16.38138,58.9804],[16.38143,58.97998],[16.38141,58.97963],[16.38175,58.97894],[16.38234,58.97844],[16.38267,58.9779],[16.38289,58.97715],[16.3829,58.97697],[16.3829,58.97673],[16.3841,58.97555],[16.3841,58.97555],[16.3841,58.97555],[16.3841,58.97555],[16.38458,58.97589],[16.38463,58.97604],[16.38461,58.97619],[16.38449,58.97641],[16.3843,58.97674],[16.38428,58.97699],[16.38423,58.97724],[16.38419,58.97739],[16.38403,58.97762],[16.38393,58.97775],[16.38381,58.97795],[16.38365,58.97817],[16.38369,58.97838],[16.3837,58.97855],[16.38373,58.9788],[16.38404,58.97897],[16.3841,58.97906],[16.38412,58.97917],[16.38412,58.97925],[16.3841,58.97934],[16.38407,58.97949],[16.38408,58.97963],[16.38416,58.97992],[16.38424,58.98021],[16.3843,58.98036],[16.38444,58.98054],[16.38496,58.98105],[16.3852,58.98143],[16.3853,58.9818],[16.38553,58.98213],[16.38553,58.98213],[16.38553,58.98213],[16.38553,58.98213],[16.38532,58.98215],[16.38525,58.98219],[16.38525,58.98219],[16.38483,58.98226],[16.38451,58.98226],[16.38333,58.98217],[16.38333,58.98226],[16.3833,58.98312],[16.3833,58.98312],[16.38329,58.98312],[16.38169,58.98335],[16.38169,58.98335],[16.38169,58.98335],[16.38168,58.98335],[16.38172,58.98313],[16.38187,58.98296],[16.38131,58.9824],[16.38121,58.98211],[16.38115,58.98189],[16.38098,58.98162],[16.38098,58.98162]]]]},"properties":{"NVRID":"2001915","NAMN":"Hebyåsen","SKYDDSTYP":"Naturreservat","BESLUTSSTATUS":"Gällande","LAN":"Södermanlands Län","KOMMUN":"Katrineholm","IUCNKATEGORI":"III, Naturmonument (Natural Monument)","FORVALTARE":"Länsstyrelsen i Södermanlands län","AREA_HA":10.64,"LAND_HA":9.98,"VATTEN_HA":0.66,"SKOG_HA":7.9,"URSPR_BESLUTSDATUM":"1959-05-25"}},{"type":"Feature","geometry":{"type":"MultiPolygon","coordinates":[[[[17.04215,59.20353],[17.04255,59.20283],[17.04256,59.20283],[17.04352,59.20272],[17.04352,59.20272],[17.04416,59.20299],[17.04526,59.2034],[17.04703,59.20339],[17.04703,59.20339],[17.04739,59.20363],[17.04893,59.20366],[17.04959,59.20371],[17.04959,59.20371],[17.04959,59.20371],[17.04964,59.20427],[17.05101,59.20491],[17.052,59.20548],[17.05331,59.20524],[17.05331,59.20524],[17.0547,59.20541],[17.05564,59.20578],[17.05623,59.20662],[17.05626,59.20703],[17.05589,59.20736],[17.05589,59.20736],[17.05425,59.20747],[17.05378,59.20833],[17.05444,59.20884],[17.05565,59.2087],[17.05666,59.20796],[17.05666,59.20796],[17.05666,59.20796],[17.05764,59.20836],[17.05764,59.20836],[17.05764,59.20836],[17.05757,59.20842],[17.05753,59.20846],[17.05749,59.20853],[17.05748,59.20861],[17.05749,59.20866],[17.05747,59.20875],[17.05745,59.20882],[17.05741,59.20888],[17.05737,59.20893],[17.05732,59.20897],[17.05728,59.20902],[17.05718,59.20907],[17.0572,59.20915],[17.0572,59.20915],[17.05713,59.20919],[17.05704,59.20921],[17.05697,59.20933],[17.05697,59.20937],[17.05695,59.20946],[17.05682,59.20951],[17.05675,59.20959],[17.05667,59.20962],[17.05659,59.20964],[17.05654,59.20969],[17.05654,59.20975],[17.05647,59.20984],[17.05642,59.2099],[17.05641,59.20994],[17.05641,59.20994],[17.05628,59.20996],[17.05623,59.21],[17.05615,59.21006],[17.05606,59.21013],[17.05596,59.21022],[17.05585,59.21028],[17.05582,59.21034],[17.05576,59.21037],[17.05571,59.2104],[17.05557,59.21049],[17.05557,59.21049],[17.05545,59.2105],[17.05536,59.21058],[17.05511,59.21067],[17.05504,59.21073],[17.05504,59.21073],[17.05504,59.21073],[17.05498,59.21072],[17.05492,59.21075],[17.05493,59.2108],[17.05493,59.2108],[17.05481,59.21086],[17.05471,59.21092],[17.05464,59.21096],[17.05461,59.21101],[17.05458,59.21107],[17.05454,59.21113],[17.05451,59.21119],[17.05445,59.21125],[17.0544,59.21127],[17.05433,59.21131],[17.05425,59.21137],[17.05424,59.21144],[17.05428,59.21146],[17.05428,59.21146],[17.05428,59.21146],[17.05428,59.21146],[17.05275,59.21246],[17.05138,59.21351],[17.05138,59.21351],[17.05138,59.21351],[17.051,59.21343],[17.05051,59.21341],[17.04984,59.21342],[17.04875,59.21348],[17.04874,59.21348],[17.04874,59.21348],[17.04874,59.21348],[17.04879,59.21314],[17.049,59.21246],[17.04854,59.21211],[17.04846,59.21166],[17.04804,59.21109],[17.04542,59.21076],[17.04527,59.21134],[17.04527,59.21134],[17.04452,59.21158],[17.04388,59.21152],[17.04388,59.21152],[17.04388,59.21152],[17.04387,59.21132],[17.04424,59.21097],[17.04479,59.21042],[17.04491,59.20994],[17.04479,59.20904],[17.04356,59.2085],[17.04323,59.20796],[17.04323,59.20796],[17.04394,59.20721],[17.04215,59.20659],[17.04084,59.20629],[17.04084,59.20629],[17.04023,59.20569],[17.03934,59.20507],[17.03934,59.20507],[17.03966,59.20453],[17.04112,59.20389],[17.04215,59.20353]]]]},"properties":{"NVRID":"2041730","NAMN":"Gallsjömossen","SKYDDSTYP":"Naturreservat","BESLUTSSTATUS":"Gällande","LAN":"Södermanlands Län","KOMMUN":"Strängnäs","IUCNKATEGORI":"Ia, Strikt naturreservat (Strict Nature Reserve)","FORVALTARE":"Länsstyrelsen i Södermanlands län","AREA_HA":64.75,"LAND_HA":64.65,"VATTEN_HA":0.1,"SKOG_HA":38.53,"URSPR_BESLUTSDATUM":"2013-12-19"}},{"type":"Feature","geometry":{"type":"MultiPolygon","coordinates":[[[[16.27088,58.9684],[16.27106,58.96834],[16.27126,58.96826],[16.2716,58.9682],[16.27215,58.96814],[16.27295,58.9681],[16.27379,58.96811],[16.27418,58.96813],[16.27448,58.96816],[16.27506,58.96826],[16.27522,58.96829],[16.2755,58.9683],[16.27621,58.96829],[16.27767,58.96828],[16.27857,58.96826],[16.27883,58.96825],[16.27901,58.96824],[16.27917,58.96824],[16.27966,58.96822],[16.27997,58.9682],[16.28016,58.9682],[16.28037,58.96821],[16.28059,58.96824],[16.28092,58.96828],[16.28113,58.96832],[16.28226,58.96854],[16.28253,58.96858],[16.28289,58.96863],[16.28332,58.9687],[16.28335,58.96869],[16.28338,58.96869],[16.28338,58.96869],[16.28341,58.96871],[16.28449,58.9689],[16.28492,58.96899],[16.28526,58.96908],[16.28594,58.96929],[16.28668,58.96952],[16.28696,58.96958],[16.28728,58.96962],[16.28811,58.9697],[16.28876,58.96977],[16.2891,58.96983],[16.29019,58.97002],[16.2907,58.97011],[16.29126,58.9702],[16.29178,58.97028],[16.29238,58.97038],[16.29238,58.97038],[16.29238,58.97038],[16.29238,58.97039],[16.29238,58.97039],[16.29238,58.97039],[16.29118,58.97035],[16.29019,58.97033],[16.2896,58.97031],[16.28921,58.97028],[16.28826,58.97027],[16.28696,58.97023],[16.28661,58.97022],[16.28632,58.97021],[16.28572,58.97019],[16.28487,58.97016],[16.28368,58.97014],[16.28281,58.9701],[16.28179,58.97007],[16.27998,58.97002],[16.27902,58.96998],[16.27809,58.96997],[16.27622,58.97002],[16.27473,58.97001],[16.27362,58.97003],[16.27244,58.97006],[16.27132,58.97013],[16.27047,58.97017],[16.26945,58.9702],[16.26882,58.97028],[16.26845,58.9703],[16.26641,58.97043],[16.26586,58.97046],[16.26566,58.9705],[16.26484,58.97059],[16.26484,58.97059],[16.26484,58.97059],[16.2648,58.9705],[16.2648,58.9705],[16.26486,58.97047],[16.26514,58.97032],[16.26633,58.9697],[16.26672,58.96951],[16.26683,58.96946],[16.26704,58.96938],[16.26733,58.9693],[16.26766,58.96922],[16.26802,58.96915],[16.26839,58.96907],[16.26885,58.96896],[16.2692,58.96887],[16.26947,58.96879],[16.26983,58.96866],[16.27025,58.96851],[16.27049,58.96843],[16.27062,58.96839],[16.27062,58.96839],[16.27088,58.9684]]]]},"properties":{"NVRID":"2001916","NAMN":"Skirtorpssjön","SKYDDSTYP":"Naturreservat","BESLUTSSTATUS":"Gällande","LAN":"Södermanlands Län","KOMMUN":"Katrineholm","IUCNKATEGORI":"III, Naturmonument (Natural Monument)","FORVALTARE":"Länsstyrelsen i Södermanlands län","AREA_HA":21.88,"LAND_HA":21.09,"VATTEN_HA":0.79,"SKOG_HA":19.56,"URSPR_BESLUTSDATUM":"1955-03-04"}},{"type":"Feature","geometry":{"type":"MultiPolygon","coordinates":[[[[16.52898,59.03915],[16.52846,59.03926],[16.52792,59.03939],[16.52792,59.03939],[16.52791,59.03939],[16.52791,59.03938],[16.52793,59.03932],[16.5285,59.03689],[16.5285,59.03689],[16.5285,59.03689],[16.53249,59.03624],[16.53654,59.03469],[16.53706,59.03417],[16.53802,59.03291],[16.53959,59.03179],[16.53959,59.03179],[16.54938,59.0318],[16.55093,59.03112],[16.5517,59.03081],[16.55171,59.03081],[16.55171,59.03081],[16.55266,59.03123],[16.55324,59.03149],[16.55445,59.03174],[16.55607,59.03183],[16.55681,59.03236],[16.55752,59.03255],[16.55855,59.03234],[16.55855,59.03234],[16.55855,59.03234],[16.55855,59.03234],[16.55876,59.0331],[16.55895,59.03355],[16.55949,59.03341],[16.55949,59.03341],[16.55949,59.03341],[16.56015,59.03355],[16.56016,59.03355],[16.5606,59.03416],[16.56126,59.03447],[16.56213,59.03444],[16.56213,59.03444],[16.56213,59.03444],[16.56213,59.03444],[16.56217,59.03483],[16.56248,59.03493],[16.56317,59.03505],[16.56327,59.03478],[16.5637,59.03446],[16.5637,59.03446],[16.56371,59.03446],[16.56371,59.03446],[16.56396,59.03457],[16.56396,59.03457],[16.56393,59.03475],[16.56459,59.03499],[16.56505,59.03495],[16.56535,59.03508],[16.56535,59.03508],[16.56542,59.03543],[16.56517,59.03582],[16.56517,59.03582],[16.56516,59.03582],[16.56452,59.03576],[16.56421,59.03616],[16.56421,59.03616],[16.56421,59.03616],[16.56352,59.03607],[16.56304,59.03621],[16.56304,59.03621],[16.56258,59.0361],[16.56258,59.0361],[16.56258,59.0361],[16.56298,59.03525],[16.56195,59.03504],[16.56157,59.03517],[16.56126,59.03523],[16.56025,59.03685],[16.56019,59.03708],[16.56019,59.03708],[16.56019,59.03708],[16.56019,59.03708],[16.55995,59.03705],[16.55926,59.03699],[16.55909,59.03702],[16.55872,59.03719],[16.55836,59.03729],[16.5578,59.03738],[16.55695,59.03747],[16.55518,59.03761],[16.55387,59.03768],[16.55358,59.03771],[16.552,59.03778],[16.55163,59.03778],[16.55108,59.03781],[16.54793,59.03787],[16.54637,59.03791],[16.54414,59.03793],[16.54052,59.03795],[16.53823,59.03803],[16.53778,59.03795],[16.53772,59.03792],[16.53749,59.03792],[16.53723,59.03791],[16.53702,59.03791],[16.53672,59.0379],[16.5365,59.0379],[16.5363,59.03791],[16.53616,59.0379],[16.53604,59.03787],[16.53586,59.03787],[16.53568,59.0379],[16.53549,59.03793],[16.53533,59.03798],[16.53516,59.03807],[16.53507,59.03811],[16.53496,59.03815],[16.5347,59.03822],[16.5344,59.03829],[16.53414,59.03833],[16.53352,59.03841],[16.53283,59.03849],[16.5323,59.03857],[16.53185,59.03863],[16.53155,59.03868],[16.5313,59.03873],[16.53115,59.03875],[16.53005,59.03893],[16.52967,59.039],[16.52952,59.03902],[16.52898,59.03915]],[[16.53701,59.04369],[16.53606,59.04333],[16.52989,59.04254],[16.52989,59.04254],[16.52825,59.0413],[16.52825,59.0413],[16.52821,59.04113],[16.52821,59.04113],[16.52821,59.04113],[16.52821,59.04113],[16.52823,59.04113],[16.52894,59.04114],[16.52935,59.04114],[16.52967,59.04111],[16.52993,59.04107],[16.53082,59.04119],[16.53146,59.04118],[16.53289,59.04133],[16.53317,59.04139],[16.53348,59.04142],[16.53414,59.04153],[16.53448,59.04164],[16.53498,59.04171],[16.5355,59.04173],[16.53574,59.04181],[16.53635,59.04203],[16.53867,59.04279],[16.5402,59.04333],[16.54058,59.04347],[16.54058,59.04347],[16.5406,59.04353],[16.54062,59.04355],[16.54067,59.04359],[16.54075,59.04361],[16.54086,59.04361],[16.54086,59.04361],[16.54114,59.04374],[16.54179,59.0439],[16.54179,59.0439],[16.54179,59.0439],[16.54156,59.04448],[16.54171,59.04484],[16.54171,59.04484],[16.54171,59.04484],[16.54138,59.04499],[16.54114,59.04583],[16.54114,59.04583],[16.54114,59.04583],[16.5407,59.04589],[16.53989,59.04646],[16.53916,59.04712],[16.5392,59.04729],[16.54053,59.0474],[16.5419,59.04739],[16.54462,59.04737],[16.54504,59.04725],[16.54619,59.04719],[16.5465,59.04728],[16.5469,59.04753],[16.54698,59.04765],[16.54698,59.04765],[16.54698,59.04765],[16.54685,59.04773],[16.54673,59.04789],[16.54652,59.048],[16.54631,59.04811],[16.54587,59.04841],[16.54574,59.04845],[16.54574,59.04845],[16.5452,59.04839],[16.54474,59.04913],[16.54486,59.04931],[16.54487,59.0494],[16.54447,59.05074],[16.54385,59.0513],[16.54385,59.0513],[16.54205,59.05151],[16.54204,59.05151],[16.53688,59.04969],[16.53265,59.04892],[16.53265,59.04892],[16.53242,59.04777],[16.53242,59.04777],[16.53743,59.04593],[16.53701,59.04369]],[[16.52985,59.04088],[16.52911,59.04079],[16.52897,59.04078],[16.52858,59.04079],[16.52812,59.04078],[16.52812,59.04078],[16.52812,59.04078],[16.52784,59.03969],[16.52792,59.03961],[16.52792,59.03961],[16.52794,59.03961],[16.528,59.03961],[16.52837,59.03952],[16.52879,59.03943],[16.52917,59.03935],[16.52956,59.03926],[16.53025,59.03915],[16.53068,59.03906],[16.5319,59.03888],[16.53391,59.03862],[16.53497,59.03849],[16.53591,59.03851],[16.53633,59.03846],[16.5382,59.03832],[16.5388,59.03827],[16.5391,59.03826],[16.53957,59.03825],[16.54001,59.03823],[16.5404,59.03822],[16.54148,59.03822],[16.54256,59.03819],[16.54358,59.03819],[16.54598,59.03816],[16.54808,59.0382],[16.54808,59.0382],[16.54808,59.0382],[16.54788,59.0386],[16.54733,59.03951],[16.5472,59.03988],[16.54796,59.04054],[16.54786,59.04103],[16.54906,59.04108],[16.54979,59.04111],[16.54979,59.04111],[16.54979,59.04111],[16.54979,59.04111],[16.54983,59.04162],[16.54986,59.04231],[16.54986,59.04231],[16.54925,59.04254],[16.54864,59.04262],[16.54726,59.04301],[16.54636,59.04407],[16.54636,59.04407],[16.54636,59.04407],[16.54577,59.04402],[16.54577,59.04402],[16.54577,59.04402],[16.54572,59.04371],[16.54523,59.04379],[16.54523,59.04379],[16.54418,59.04361],[16.54268,59.04372],[16.54258,59.04401],[16.54258,59.04401],[16.54258,59.04401],[16.54257,59.04401],[16.54203,59.04378],[16.54154,59.04354],[16.54135,59.04349],[16.54115,59.04342],[16.54102,59.04336],[16.54073,59.04325],[16.54073,59.04325],[16.5407,59.04318],[16.54045,59.04301],[16.54022,59.04288],[16.54012,59.04278],[16.53999,59.04271],[16.53982,59.04268],[16.53946,59.04254],[16.53929,59.04254],[16.53915,59.04253],[16.53882,59.04242],[16.53866,59.04234],[16.53855,59.04227],[16.53847,59.04223],[16.53841,59.04217],[16.53719,59.04191],[16.53665,59.04175],[16.53641,59.04175],[16.53512,59.04145],[16.53429,59.04128],[16.53351,59.04105],[16.53299,59.04098],[16.53245,59.04094],[16.53157,59.04089],[16.53103,59.04088],[16.53065,59.04091],[16.52985,59.04088]]]]},"properties":{"NVRID":"2013496","NAMN":"Stenhammar","SKYDDSTYP":"Naturreservat","BESLUTSSTATUS":"Gällande","LAN":"Södermanlands Län","KOMMUN":"Flen, Katrineholm","IUCNKATEGORI":"IV, Habitat/Artskyddsområde (Habitat/Species Management Area)","FORVALTARE":"Länsstyrelsen i Södermanlands län","AREA_HA":196.49,"LAND_HA":120.27,"VATTEN_HA":76.22,"SKOG_HA":90.76,"URSPR_BESLUTSDATUM":"2008-12-15"}},{"type":"Feature","geometry":{"type":"MultiPolygon","coordinates":[[[[17.61029,58.88831],[17.61188,58.88763],[17.61188,58.88763],[17.61334,58.88785],[17.61335,58.88785],[17.61335,58.88786],[17.61305,58.88837],[17.61265,58.889],[17.61265,58.889],[17.61265,58.889],[17.61264,58.889],[17.6126,58.88906],[17.62162,58.89041],[17.62162,58.89041],[17.6228,58.89185],[17.6228,58.89185],[17.6228,58.89185],[17.6228,58.89185],[17.6228,58.89185],[17.61685,58.89211],[17.61607,58.89222],[17.61542,58.89281],[17.61547,58.8932],[17.61547,58.8932],[17.61511,58.89346],[17.61457,58.89381],[17.6139,58.89435],[17.6139,58.89435],[17.61364,58.89443],[17.61333,58.89465],[17.61289,58.8948],[17.61225,58.89502],[17.61197,58.89523],[17.61197,58.89523],[17.61119,58.89525],[17.61119,58.89525],[17.61119,58.89524],[17.61119,58.89524],[17.61115,58.89492],[17.61123,58.89483],[17.61128,58.89473],[17.61128,58.89443],[17.61133,58.89421],[17.61078,58.89414],[17.61078,58.89414],[17.61078,58.89414],[17.61078,58.89166],[17.6119,58.88895],[17.60991,58.88866],[17.60991,58.88866],[17.60991,58.88866],[17.61026,58.88829],[17.61026,58.88829],[17.61026,58.88829],[17.61026,58.88829],[17.61029,58.88831]]]]},"properties":{"NVRID":"2048880","NAMN":"Stensund","SKYDDSTYP":"Naturreservat","BESLUTSSTATUS":"Gällande","LAN":"Södermanlands Län","KOMMUN":"Trosa","IUCNKATEGORI":"Ia, Strikt naturreservat (Strict Nature Reserve)","FORVALTARE":"Länsstyrelsen i Södermanlands län","AREA_HA":25.74,"LAND_HA":18.78,"VATTEN_HA":6.96,"SKOG_HA":11.95,"URSPR_BESLUTSDATUM":"2018-03-06"}},{"type":"Feature","geometry":{"type":"MultiPolygon","coordinates":[[[[17.14745,59.19211],[17.14753,59.19176],[17.14753,59.19176],[17.14753,59.19176],[17.14789,59.19173],[17.14938,59.1912],[17.14999,59.19107],[17.15021,59.19089],[17.15081,59.19041],[17.15161,59.18976],[17.15183,59.18958],[17.15249,59.1893],[17.15326,59.18897],[17.15406,59.18828],[17.15406,59.18786],[17.15406,59.18786],[17.15555,59.1868],[17.15595,59.18628],[17.15595,59.18628],[17.15595,59.18628],[17.15628,59.1864],[17.15659,59.18568],[17.15762,59.18501],[17.15791,59.18476],[17.15854,59.18421],[17.15914,59.1837],[17.15928,59.18358],[17.15957,59.18347],[17.16025,59.1832],[17.15993,59.18278],[17.15963,59.1824],[17.15963,59.1824],[17.15963,59.1824],[17.15963,59.1824],[17.16064,59.18247],[17.16266,59.18262],[17.16306,59.18187],[17.16306,59.18187],[17.16307,59.18187],[17.16383,59.18195],[17.16383,59.18195],[17.16383,59.18195],[17.16349,59.18268],[17.16407,59.18276],[17.16547,59.18288],[17.16567,59.18293],[17.16658,59.18284],[17.16898,59.18293],[17.16898,59.18293],[17.16898,59.18293],[17.16869,59.1847],[17.16685,59.18596],[17.16721,59.18746],[17.16805,59.18741],[17.16805,59.18741],[17.16805,59.18741],[17.16815,59.18802],[17.16815,59.18802],[17.16794,59.18829],[17.168,59.18849],[17.168,59.18849],[17.168,59.18849],[17.16786,59.1885],[17.16747,59.18855],[17.16711,59.18931],[17.16545,59.19084],[17.16597,59.19445],[17.1636,59.19678],[17.16292,59.19894],[17.16212,59.19995],[17.15768,59.20258],[17.15768,59.20258],[17.15768,59.20258],[17.15641,59.20219],[17.15489,59.20172],[17.15364,59.20075],[17.15304,59.19974],[17.15277,59.19927],[17.15204,59.19804],[17.15151,59.19714],[17.15101,59.19629],[17.15101,59.19629],[17.15123,59.19561],[17.14914,59.19517],[17.14844,59.19492],[17.14844,59.19492],[17.14894,59.19407],[17.14873,59.19401],[17.14777,59.19371],[17.14755,59.19364],[17.14755,59.19364],[17.14755,59.19364],[17.14777,59.19311],[17.14761,59.19261],[17.14745,59.19211]],[[17.15945,59.18668],[17.15948,59.18679],[17.16015,59.18692],[17.16029,59.18678],[17.16028,59.18668],[17.1599,59.18654],[17.15971,59.18668],[17.1597,59.18668],[17.15945,59.18668]],[[17.15973,59.18617],[17.16022,59.18623],[17.16069,59.18613],[17.16053,59.18581],[17.15991,59.18573],[17.15985,59.18584],[17.15973,59.18617]],[[17.15921,59.18587],[17.15968,59.18586],[17.15983,59.18575],[17.16005,59.18517],[17.15963,59.18511],[17.15921,59.18587]]]]},"properties":{"NVRID":"2001871","NAMN":"Marvikarna, delområde Krampan","SKYDDSTYP":"Naturreservat","BESLUTSSTATUS":"Gällande","LAN":"Södermanlands Län","KOMMUN":"Gnesta, Strängnäs","IUCNKATEGORI":"III, Naturmonument (Natural Monument)","FORVALTARE":"Länsstyrelsen i Södermanlands län","AREA_HA":154.85,"LAND_HA":127.53,"VATTEN_HA":27.32,"SKOG_HA":85.46,"URSPR_BESLUTSDATUM":"1992-06-18"}},{"type":"Feature","geometry":{"type":"MultiPolygon","coordinates":[[[[16.47742,58.97451],[16.47705,58.97698],[16.47665,58.97782],[16.47541,58.98041],[16.47541,58.98041],[16.4754,58.98041],[16.47521,58.98033],[16.47433,58.98007],[16.47322,58.97982],[16.47135,58.97943],[16.47135,58.97943],[16.47135,58.97943],[16.47472,58.97622],[16.47574,58.97525],[16.47689,58.97415],[16.47689,58.97415],[16.47689,58.97415],[16.47742,58.97451],[16.47742,58.97451]]]]},"properties":{"NVRID":"2050359","NAMN":"Lerbo-Biesta","SKYDDSTYP":"Naturreservat","BESLUTSSTATUS":"Gällande","LAN":"Södermanlands Län","KOMMUN":"Katrineholm","IUCNKATEGORI":"Ia, Strikt naturreservat (Strict Nature Reserve)","FORVALTARE":"Länsstyrelsen i Södermanlands län","AREA_HA":10.57,"LAND_HA":10.57,"VATTEN_HA":0.0,"SKOG_HA":10.32,"URSPR_BESLUTSDATUM":"2019-10-21"}},{"type":"Feature","geometry":{"type":"MultiPolygon","coordinates":[[[[17.28589,58.98802],[17.28608,58.9873],[17.28608,58.9873],[17.28608,58.9873],[17.28608,58.9873],[17.28608,58.9873],[17.28609,58.9873],[17.28648,58.98771],[17.28702,58.98709],[17.2875,58.98658],[17.28751,58.98658],[17.2876,58.98658],[17.28775,58.98652],[17.28804,58.9863],[17.28821,58.98621],[17.28851,58.98611],[17.28879,58.98606],[17.28977,58.98541],[17.29009,58.98509],[17.29078,58.98456],[17.29117,58.98425],[17.29131,58.98401],[17.29167,58.98328],[17.29211,58.98268],[17.2922,58.98259],[17.2922,58.98259],[17.29278,58.98256],[17.2937,58.98241],[17.29482,58.98235],[17.29482,58.98235],[17.29482,58.98235],[17.29552,58.98315],[17.29527,58.98377],[17.29513,58.98402],[17.29489,58.98425],[17.29524,58.98436],[17.29524,58.98436],[17.29524,58.98437],[17.29511,58.98454],[17.29536,58.98473],[17.29576,58.98494],[17.29582,58.98531],[17.29598,58.9856],[17.29652,58.98593],[17.30332,58.98459],[17.30376,58.9846],[17.30376,58.9846],[17.30376,58.98461],[17.30378,58.9848],[17.30428,58.98491],[17.30446,58.98456],[17.30462,58.98433],[17.30462,58.98433],[17.30463,58.98433],[17.30597,58.98409],[17.30597,58.98409],[17.30597,58.98409],[17.30597,58.98409],[17.30597,58.98409],[17.30577,58.98447],[17.30635,58.98435],[17.30658,58.98417],[17.30659,58.98417],[17.30659,58.98417],[17.30723,58.9843],[17.30751,58.98398],[17.30751,58.98398],[17.30751,58.98398],[17.30809,58.98397],[17.30917,58.98424],[17.30974,58.9843],[17.30985,58.98369],[17.30963,58.98356],[17.30963,58.98356],[17.30975,58.98329],[17.30975,58.98329],[17.31018,58.98322],[17.31005,58.98301],[17.30977,58.98303],[17.30977,58.98303],[17.30977,58.98303],[17.30977,58.98303],[17.30965,58.98279],[17.30904,58.98295],[17.30903,58.98295],[17.30903,58.98295],[17.30829,58.98246],[17.30829,58.98246],[17.30847,58.98169],[17.30902,58.98124],[17.30902,58.98124],[17.30902,58.98124],[17.31007,58.98133],[17.31007,58.98133],[17.31007,58.98133],[17.31025,58.9816],[17.31113,58.98153],[17.31113,58.98153],[17.31113,58.98153],[17.31139,58.98194],[17.31088,58.98365],[17.3104,58.98537],[17.31054,58.98581],[17.31092,58.98581],[17.31114,58.98545],[17.31114,58.98545],[17.31114,58.98545],[17.31152,58.9855],[17.31186,58.98497],[17.31252,58.98431],[17.31288,58.98409],[17.31351,58.98388],[17.31419,58.98326],[17.31445,58.98295],[17.31486,58.9825],[17.31486,58.9825],[17.31591,58.98234],[17.31591,58.98234],[17.31591,58.98234],[17.31604,58.98247],[17.31655,58.98243],[17.31655,58.98243],[17.31655,58.98243],[17.31669,58.98272],[17.31702,58.98292],[17.31829,58.98331],[17.31829,58.98331],[17.31838,58.9836],[17.31838,58.9836],[17.31723,58.98407],[17.31722,58.98442],[17.31838,58.98461],[17.31945,58.98477],[17.3207,58.98576],[17.3245,58.98548],[17.3245,58.98548],[17.3245,58.98548],[17.3245,58.98548],[17.32383,58.98621],[17.32383,58.98621],[17.32383,58.98621],[17.32086,58.98639],[17.31772,58.98656],[17.31734,58.98659],[17.3112,58.98697],[17.31027,58.98704],[17.30914,58.98713],[17.30218,58.98773],[17.30155,58.98776],[17.30064,58.98786],[17.29662,58.98818],[17.29463,58.98835],[17.29157,58.9886],[17.29074,58.98868],[17.28907,58.98882],[17.28743,58.98896],[17.28743,58.98896],[17.28743,58.98896],[17.28742,58.98893],[17.28742,58.98893],[17.28751,58.98886],[17.28753,58.98876],[17.28752,58.9887],[17.28747,58.9887],[17.28741,58.98868],[17.28741,58.98868],[17.28741,58.98868],[17.2874,58.98865],[17.2874,58.98865],[17.28743,58.98862],[17.28743,58.98857],[17.28741,58.98852],[17.28734,58.98845],[17.28735,58.98839],[17.28733,58.98832],[17.28727,58.98828],[17.2872,58.98824],[17.28703,58.98821],[17.28689,58.98821],[17.28677,58.98825],[17.28663,58.98825],[17.28652,58.98824],[17.28641,58.98821],[17.28631,58.98819],[17.28627,58.98819],[17.28625,58.9882],[17.28624,58.98823],[17.28621,58.98826],[17.28621,58.98826],[17.28617,58.98826],[17.28613,58.98825],[17.28608,58.98823],[17.28605,58.98818],[17.28603,58.98813],[17.28602,58.9881],[17.28598,58.98808],[17.28586,58.98804],[17.28586,58.98804],[17.28586,58.98804],[17.28589,58.98802]]]]},"properties":{"NVRID":"2050058","NAMN":"Ehrendal Norra","SKYDDSTYP":"Naturreservat","BESLUTSSTATUS":"Gällande","LAN":"Södermanlands Län","KOMMUN":"Gnesta","IUCNKATEGORI":"Ia, Strikt naturreservat (Strict Nature Reserve)","FORVALTARE":"Länsstyrelsen i Södermanlands län","AREA_HA":73.95,"LAND_HA":73.95,"VATTEN_HA":0.0,"SKOG_HA":66.36,"URSPR_BESLUTSDATUM":"2019-12-16"}},{"type":"Feature","geometry":{"type":"MultiPolygon","coordinates":[[[[17.54243,58.87451],[17.54234,58.87444],[17.54234,58.87444],[17.54272,58.87399],[17.54362,58.87337],[17.54388,58.87325],[17.54548,58.87257],[17.54591,58.87241],[17.54608,58.87226],[17.54731,58.87141],[17.54892,58.87086],[17.54998,58.8707],[17.55128,58.87062],[17.55132,58.87056],[17.55132,58.87056],[17.55159,58.87048],[17.552,58.87049],[17.5529,58.87021],[17.55322,58.87006],[17.55403,58.86935],[17.55454,58.8691],[17.55455,58.8691],[17.55478,58.86907],[17.55495,58.86911],[17.55495,58.86912],[17.55495,58.86912],[17.55459,58.8698],[17.55454,58.86989],[17.55468,58.87009],[17.55502,58.87059],[17.55594,58.87192],[17.55594,58.87192],[17.55594,58.87192],[17.5519,58.87307],[17.55189,58.87307],[17.55161,58.87292],[17.55161,58.87292],[17.55161,58.87292],[17.55178,58.87271],[17.55263,58.87226],[17.55188,58.87198],[17.55174,58.87208],[17.55118,58.87229],[17.55064,58.87255],[17.55013,58.87272],[17.5496,58.87295],[17.54874,58.87317],[17.54744,58.87349],[17.54637,58.87377],[17.54619,58.87399],[17.54525,58.87451],[17.54467,58.87466],[17.54398,58.87482],[17.54375,58.87482],[17.54253,58.87498],[17.54253,58.87498],[17.54253,58.87498],[17.54233,58.87486],[17.54233,58.87486],[17.54231,58.87473],[17.54243,58.87451]],[[17.55305,58.86697],[17.55316,58.86702],[17.55348,58.86683],[17.55365,58.86678],[17.55366,58.86678],[17.55392,58.86681],[17.5541,58.86693],[17.55444,58.86713],[17.55463,58.86738],[17.55498,58.86752],[17.55512,58.86762],[17.55524,58.8678],[17.55524,58.8681],[17.55516,58.86828],[17.55488,58.86872],[17.55472,58.86892],[17.55472,58.86892],[17.55472,58.86892],[17.55357,58.86877],[17.55281,58.86848],[17.55242,58.86826],[17.55231,58.86815],[17.55215,58.86789],[17.55215,58.86789],[17.55255,58.86734],[17.55275,58.86717],[17.55305,58.86697],[17.55305,58.86697],[17.55305,58.86697]],[[17.55365,58.86705],[17.55314,58.86751],[17.55331,58.86765],[17.55345,58.86777],[17.55361,58.8677],[17.55403,58.86729],[17.55365,58.86705]]]]},"properties":{"NVRID":"2001313","NAMN":"Lotsängsbacken","SKYDDSTYP":"Naturreservat","BESLUTSSTATUS":"Gällande","LAN":"Södermanlands Län","KOMMUN":"Trosa","IUCNKATEGORI":"IV, Habitat/Artskyddsområde (Habitat/Species Management Area)","FORVALTARE":"Länsstyrelsen i Södermanlands län","AREA_HA":19.49,"LAND_HA":18.88,"VATTEN_HA":0.61,"SKOG_HA":12.85,"URSPR_BESLUTSDATUM":"1962-09-21"}},{"type":"Feature","geometry":{"type":"MultiPolygon","coordinates":[[[[16.50139,58.73584],[16.50154,58.73556],[16.50162,58.73501],[16.50162,58.735],[16.50228,58.73485],[16.50261,58.73466],[16.5028,58.73457],[16.50293,58.73433],[16.50275,58.73407],[16.50275,58.73407],[16.50286,58.73383],[16.5031,58.73366],[16.50341,58.73332],[16.50365,58.73323],[16.50445,58.73307],[16.50493,58.73272],[16.50493,58.73272],[16.50493,58.73272],[16.50513,58.73278],[16.50532,58.73283],[16.50586,58.73297],[16.50669,58.73307],[16.50683,58.73313],[16.50717,58.73327],[16.50717,58.73327],[16.50717,58.73327],[16.50532,58.73428],[16.50503,58.73455],[16.50467,58.73475],[16.50463,58.73496],[16.50436,58.73548],[16.50405,58.73573],[16.50365,58.73605],[16.50323,58.73666],[16.50345,58.73702],[16.50407,58.73755],[16.50407,58.73755],[16.50407,58.73755],[16.50342,58.73765],[16.50343,58.73769],[16.50388,58.73787],[16.50388,58.73787],[16.504,58.73809],[16.50417,58.73824],[16.50512,58.73821],[16.50513,58.73821],[16.50513,58.73821],[16.50512,58.73833],[16.50512,58.73833],[16.50512,58.73833],[16.50429,58.7383],[16.5033,58.73824],[16.5033,58.73824],[16.50323,58.73811],[16.50246,58.73778],[16.50151,58.73725],[16.50142,58.73712],[16.50142,58.73712],[16.50167,58.73684],[16.50153,58.73649],[16.50187,58.73607],[16.50139,58.73584],[16.50139,58.73584],[16.50139,58.73584]]]]},"properties":{"NVRID":"2001943","NAMN":"Ramunds bäck","SKYDDSTYP":"Naturreservat","BESLUTSSTATUS":"Gällande","LAN":"Södermanlands Län","KOMMUN":"Nyköping","IUCNKATEGORI":"III, Naturmonument (Natural Monument)","FORVALTARE":"Länsstyrelsen i Södermanlands län","AREA_HA":7.91,"LAND_HA":7.91,"VATTEN_HA":0.0,"SKOG_HA":7.54,"URSPR_BESLUTSDATUM":"1991-04-26"}},{"type":"Feature","geometry":{"type":"MultiPolygon","coordinates":[[[[17.03872,59.10822],[17.04076,59.10708],[17.04076,59.10708],[17.04185,59.10714],[17.04218,59.10666],[17.04219,59.10666],[17.04219,59.10666],[17.04408,59.10704],[17.04463,59.10641],[17.0455,59.10539],[17.0455,59.10539],[17.0455,59.10539],[17.04594,59.10547],[17.04648,59.1058],[17.04841,59.10664],[17.04903,59.10691],[17.04903,59.10691],[17.04903,59.10691],[17.04776,59.10825],[17.04913,59.10857],[17.05085,59.10919],[17.05152,59.1093],[17.05152,59.1093],[17.05152,59.1093],[17.05092,59.10972],[17.05028,59.11026],[17.04973,59.11056],[17.04973,59.11056],[17.04973,59.11056],[17.04862,59.11024],[17.04862,59.11024],[17.04828,59.10984],[17.04779,59.10998],[17.04725,59.11034],[17.04571,59.11091],[17.04571,59.11091],[17.04571,59.1109],[17.04562,59.11086],[17.04562,59.11086],[17.0454,59.11082],[17.04513,59.11072],[17.04495,59.11061],[17.04495,59.11061],[17.04496,59.11055],[17.0449,59.11048],[17.04488,59.11041],[17.04476,59.11037],[17.04453,59.11038],[17.04436,59.11037],[17.04436,59.11037],[17.04435,59.11037],[17.04431,59.1103],[17.04427,59.11024],[17.04418,59.11019],[17.04413,59.11013],[17.04411,59.11007],[17.04406,59.11005],[17.044,59.10998],[17.04391,59.10989],[17.04391,59.10989],[17.04391,59.10989],[17.04411,59.10984],[17.04414,59.10979],[17.04414,59.1097],[17.04407,59.10966],[17.04401,59.10961],[17.04393,59.10954],[17.04383,59.10951],[17.04372,59.10948],[17.04359,59.10944],[17.04352,59.10948],[17.04352,59.10948],[17.04352,59.10948],[17.04329,59.10943],[17.04325,59.10943],[17.04317,59.10941],[17.04317,59.10941],[17.04313,59.10936],[17.04307,59.1093],[17.0429,59.10926],[17.04279,59.10924],[17.04273,59.1092],[17.0426,59.10912],[17.04251,59.10906],[17.04235,59.10897],[17.0422,59.1089],[17.04202,59.1089],[17.04171,59.10877],[17.04142,59.1087],[17.04128,59.10865],[17.04112,59.10858],[17.04098,59.10854],[17.0408,59.10856],[17.04068,59.10854],[17.04052,59.10849],[17.04031,59.10849],[17.04015,59.10848],[17.04002,59.10846],[17.03977,59.10838],[17.03963,59.10843],[17.03953,59.10846],[17.03953,59.10846],[17.03933,59.10843],[17.03906,59.10835],[17.03888,59.10824],[17.03881,59.10823],[17.03872,59.10822],[17.03872,59.10822],[17.03872,59.10822],[17.03872,59.10822],[17.03872,59.10822]]]]},"properties":{"NVRID":"2003034","NAMN":"Hällesta","SKYDDSTYP":"Naturreservat","BESLUTSSTATUS":"Gällande","LAN":"Södermanlands Län","KOMMUN":"Gnesta","IUCNKATEGORI":"Ia, Strikt naturreservat (Strict Nature Reserve)","FORVALTARE":"Länsstyrelsen i Södermanlands län","AREA_HA":20.08,"LAND_HA":20.08,"VATTEN_HA":0.0,"SKOG_HA":17.84,"URSPR_BESLUTSDATUM":"2005-12-14"}},{"type":"Feature","geometry":{"type":"MultiPolygon","coordinates":[[[[16.44922,59.05542],[16.44979,59.05424],[16.44979,59.05424],[16.4498,59.05424],[16.4498,59.05424],[16.45108,59.05456],[16.45172,59.05419],[16.45172,59.05419],[16.45229,59.0542],[16.45371,59.05414],[16.45423,59.05412],[16.45423,59.05412],[16.45423,59.05412],[16.45424,59.05412],[16.45423,59.05426],[16.45409,59.05454],[16.45414,59.05478],[16.45414,59.05478],[16.45414,59.05478],[16.4538,59.05496],[16.4538,59.05496],[16.45346,59.055],[16.45291,59.05496],[16.4523,59.0553],[16.45254,59.05554],[16.45342,59.05586],[16.45342,59.05586],[16.45342,59.05587],[16.45342,59.05587],[16.45255,59.05609],[16.45222,59.05612],[16.45238,59.05624],[16.45292,59.05629],[16.45366,59.0562],[16.45366,59.0562],[16.45366,59.0562],[16.45383,59.05636],[16.45347,59.05712],[16.45324,59.05759],[16.4531,59.0577],[16.45309,59.05789],[16.45308,59.05793],[16.45308,59.05793],[16.45308,59.05793],[16.45301,59.05793],[16.45285,59.05797],[16.45259,59.05798],[16.45235,59.05802],[16.45207,59.05804],[16.45162,59.05808],[16.45153,59.05815],[16.45146,59.05818],[16.45146,59.05818],[16.45146,59.05818],[16.45146,59.05818],[16.45145,59.05817],[16.44876,59.05559],[16.44875,59.05559],[16.44876,59.05559],[16.44922,59.05542]],[[16.45373,59.05786],[16.45381,59.05743],[16.45354,59.05741],[16.45354,59.05741],[16.45354,59.05741],[16.45372,59.057],[16.45372,59.057],[16.45372,59.057],[16.45529,59.05699],[16.45633,59.05682],[16.45669,59.05652],[16.45699,59.05619],[16.45739,59.05571],[16.45791,59.05494],[16.45791,59.05494],[16.45858,59.05495],[16.46011,59.05486],[16.46029,59.05465],[16.46012,59.05443],[16.46012,59.05443],[16.46012,59.05443],[16.46048,59.05428],[16.46158,59.0542],[16.46158,59.0542],[16.46158,59.0542],[16.46285,59.05582],[16.46288,59.05584],[16.46288,59.05584],[16.46287,59.05584],[16.46287,59.05584],[16.46287,59.05584],[16.46269,59.05585],[16.46251,59.05586],[16.46246,59.05591],[16.46245,59.05599],[16.46245,59.05599],[16.46245,59.05599],[16.4623,59.05599],[16.46217,59.05601],[16.46204,59.05608],[16.46193,59.05614],[16.46178,59.05622],[16.46159,59.0563],[16.46134,59.05635],[16.46117,59.05636],[16.46098,59.05637],[16.46077,59.05639],[16.4606,59.05643],[16.46041,59.05648],[16.46018,59.05653],[16.46001,59.05656],[16.45978,59.05662],[16.45957,59.05668],[16.45933,59.05675],[16.45909,59.0568],[16.45887,59.05684],[16.45859,59.05691],[16.45828,59.05699],[16.45802,59.05707],[16.45783,59.05711],[16.4576,59.05718],[16.45734,59.05725],[16.45706,59.05733],[16.45663,59.05744],[16.45641,59.05748],[16.45614,59.05756],[16.45598,59.0576],[16.45568,59.05763],[16.45551,59.05766],[16.45529,59.05769],[16.45501,59.05775],[16.45483,59.05778],[16.45426,59.05787],[16.45411,59.05788],[16.45381,59.05789],[16.45381,59.05789],[16.45373,59.05787],[16.45373,59.05787],[16.45373,59.05787],[16.45373,59.05786]]]]},"properties":{"NVRID":"2042286","NAMN":"Hvalstaskogen","SKYDDSTYP":"Naturreservat","BESLUTSSTATUS":"Gällande","LAN":"Södermanlands Län","KOMMUN":"Katrineholm","IUCNKATEGORI":"0, Områden som ej kan klassificeras enligt IUCN: s system.","FORVALTARE":"Länsstyrelsen i Södermanlands län","AREA_HA":16.5,"LAND_HA":16.5,"VATTEN_HA":0.0,"SKOG_HA":16.4,"URSPR_BESLUTSDATUM":"2014-12-15"}},{"type":"Feature","geometry":{"type":"MultiPolygon","coordinates":[[[[17.18052,59.46006],[17.18063,59.45989],[17.18073,59.45979],[17.18094,59.45968],[17.18118,59.45959],[17.18148,59.4595],[17.18178,59.45941],[17.18197,59.45936],[17.18232,59.45932],[17.18266,59.45933],[17.183,59.45933],[17.18325,59.45933],[17.18344,59.4593],[17.18363,59.45927],[17.18398,59.45926],[17.18416,59.45923],[17.18429,59.45915],[17.18443,59.45902],[17.18447,59.45897],[17.18447,59.45897],[17.18481,59.45894],[17.18503,59.45892],[17.18509,59.45892],[17.1851,59.45892],[17.1851,59.45892],[17.1851,59.459],[17.18499,59.45914],[17.18492,59.45922],[17.18488,59.45936],[17.18488,59.45939],[17.18513,59.45951],[17.18531,59.45956],[17.18557,59.45961],[17.18592,59.45961],[17.18603,59.45961],[17.18615,59.45958],[17.18634,59.45957],[17.18641,59.45958],[17.18653,59.45963],[17.18667,59.45973],[17.18673,59.45977],[17.18685,59.45979],[17.18703,59.45983],[17.18724,59.45993],[17.18749,59.46003],[17.18779,59.46012],[17.18789,59.46013],[17.18807,59.4601],[17.18838,59.46002],[17.18871,59.45997],[17.18883,59.45996],[17.1889,59.45996],[17.1889,59.45996],[17.18893,59.46],[17.18885,59.46018],[17.18895,59.46027],[17.189,59.46032],[17.18912,59.46039],[17.1892,59.46041],[17.18942,59.46035],[17.18954,59.46033],[17.18972,59.46032],[17.18982,59.46033],[17.18982,59.46033],[17.18997,59.46045],[17.19008,59.4605],[17.19022,59.46052],[17.19028,59.46055],[17.19038,59.46057],[17.1905,59.46054],[17.1905,59.46054],[17.1905,59.46054],[17.1906,59.46069],[17.19069,59.46074],[17.19075,59.46077],[17.19075,59.46077],[17.19078,59.46088],[17.19079,59.46106],[17.19081,59.46123],[17.19081,59.46139],[17.19078,59.46157],[17.19076,59.46171],[17.19082,59.46189],[17.19088,59.46206],[17.19089,59.46215],[17.19094,59.46232],[17.19089,59.46249],[17.1908,59.46266],[17.19077,59.46281],[17.19074,59.46295],[17.19064,59.46312],[17.19053,59.46329],[17.1904,59.46346],[17.19035,59.46352],[17.1903,59.46355],[17.19025,59.46364],[17.19023,59.46382],[17.19019,59.46398],[17.19016,59.46405],[17.19008,59.4641],[17.18993,59.46415],[17.18967,59.46425],[17.18942,59.46438],[17.18932,59.46445],[17.18919,59.46458],[17.18911,59.46476],[17.18905,59.46493],[17.18909,59.46506],[17.1891,59.46524],[17.18915,59.46535],[17.18919,59.46549],[17.18912,59.46558],[17.18905,59.46567],[17.18903,59.46585],[17.18898,59.46596],[17.18882,59.46613],[17.18873,59.46619],[17.18853,59.46631],[17.18838,59.46643],[17.18821,59.46654],[17.18799,59.46668],[17.18776,59.46681],[17.18753,59.46695],[17.18727,59.46706],[17.18717,59.46714],[17.18692,59.46725],[17.1868,59.46733],[17.18671,59.46742],[17.18656,59.46752],[17.18643,59.4676],[17.18632,59.46762],[17.1861,59.46775],[17.18585,59.46783],[17.18568,59.46787],[17.18552,59.46787],[17.18534,59.46786],[17.18524,59.46784],[17.18522,59.46783],[17.18511,59.46778],[17.18497,59.46771],[17.18488,59.46762],[17.18485,59.46756],[17.18483,59.46751],[17.1847,59.46742],[17.18461,59.4674],[17.18457,59.46734],[17.18456,59.46731],[17.18448,59.46726],[17.18422,59.46714],[17.18401,59.46706],[17.18391,59.46701],[17.18377,59.46689],[17.18369,59.46682],[17.18355,59.46669],[17.1834,59.46653],[17.18333,59.46646],[17.18314,59.46631],[17.18297,59.46616],[17.18281,59.46601],[17.18266,59.46589],[17.18247,59.46574],[17.18233,59.46557],[17.18227,59.4655],[17.18218,59.46541],[17.18208,59.46531],[17.18197,59.46517],[17.18187,59.46505],[17.18179,59.46493],[17.18179,59.46489],[17.18171,59.46478],[17.18168,59.46471],[17.18168,59.46462],[17.18169,59.46462],[17.1818,59.46453],[17.18184,59.46445],[17.18191,59.46427],[17.18196,59.4641],[17.18196,59.46405],[17.18188,59.46398],[17.18178,59.46394],[17.18159,59.4639],[17.18127,59.46383],[17.18111,59.46382],[17.18089,59.46376],[17.18065,59.46363],[17.18052,59.46353],[17.18047,59.46348],[17.18034,59.46331],[17.18026,59.46313],[17.18017,59.46296],[17.18009,59.46287],[17.17992,59.46277],[17.17966,59.46265],[17.17948,59.46254],[17.17941,59.46248],[17.17929,59.46235],[17.17919,59.46218],[17.17906,59.46201],[17.17898,59.46185],[17.17898,59.46167],[17.17896,59.46152],[17.17896,59.46134],[17.17895,59.4613],[17.17893,59.46125],[17.17894,59.46115],[17.17908,59.46088],[17.17913,59.46077],[17.17917,59.46061],[17.17928,59.46048],[17.17939,59.46039],[17.17957,59.46032],[17.17989,59.46025],[17.18004,59.4602],[17.18013,59.46016],[17.18045,59.46009],[17.18052,59.46006]]]]},"properties":{"NVRID":"2001311","NAMN":"Nybble holme","SKYDDSTYP":"Naturreservat","BESLUTSSTATUS":"Gällande","LAN":"Södermanlands Län","KOMMUN":"Strängnäs","IUCNKATEGORI":"Ia, Strikt naturreservat (Strict Nature Reserve)","FORVALTARE":"Länsstyrelsen i Södermanlands län","AREA_HA":42.91,"LAND_HA":42.62,"VATTEN_HA":0.29,"SKOG_HA":37.85,"URSPR_BESLUTSDATUM":"1988-10-28"}},{"type":"Feature","geometry":{"type":"MultiPolygon","coordinates":[[[[16.68161,59.16262],[16.6821,59.16239],[16.68324,59.16178],[16.68442,59.16115],[16.68467,59.16107],[16.68491,59.16089],[16.68586,59.16024],[16.68586,59.16024],[16.68586,59.16024],[16.68654,59.16039],[16.68681,59.16031],[16.69115,59.15892],[16.69151,59.15873],[16.6911,59.15841],[16.6911,59.15841],[16.69166,59.15794],[16.69167,59.15794],[16.69349,59.15734],[16.69651,59.15673],[16.69699,59.1563],[16.69705,59.15611],[16.69694,59.15596],[16.69694,59.15596],[16.69694,59.15596],[16.69702,59.15594],[16.69738,59.15561],[16.69772,59.1553],[16.69765,59.15454],[16.69765,59.15454],[16.69865,59.15416],[16.6994,59.15386],[16.69991,59.15365],[16.70044,59.15341],[16.70219,59.15254],[16.7087,59.14918],[16.7087,59.14918],[16.7087,59.14918],[16.7087,59.14918],[16.70871,59.14931],[16.70907,59.14975],[16.70944,59.15008],[16.70969,59.15046],[16.7101,59.15084],[16.71012,59.15097],[16.71006,59.15114],[16.70968,59.15184],[16.70968,59.15184],[16.70968,59.15184],[16.70957,59.15183],[16.70945,59.15208],[16.70942,59.15211],[16.70922,59.15232],[16.70842,59.1527],[16.70811,59.15286],[16.70647,59.15356],[16.70585,59.1537],[16.70532,59.15387],[16.70498,59.15399],[16.705,59.15437],[16.70512,59.15472],[16.70512,59.15472],[16.70444,59.15508],[16.70419,59.15521],[16.70247,59.15611],[16.70134,59.15669],[16.70017,59.15731],[16.69943,59.15768],[16.6994,59.15903],[16.6994,59.15903],[16.6994,59.15903],[16.69525,59.15887],[16.69525,59.15887],[16.69493,59.15867],[16.69473,59.15863],[16.6945,59.15868],[16.69422,59.1588],[16.69367,59.15877],[16.6936,59.15881],[16.68788,59.16082],[16.68251,59.16269],[16.68228,59.16291],[16.68228,59.16291],[16.68228,59.16291],[16.68228,59.16291],[16.68161,59.16262],[16.68161,59.16262],[16.68161,59.16262],[16.68161,59.16262]]]]},"properties":{"NVRID":"2001873","NAMN":"Malma","SKYDDSTYP":"Naturreservat","BESLUTSSTATUS":"Gällande","LAN":"Södermanlands Län","KOMMUN":"Flen","IUCNKATEGORI":"III, Naturmonument (Natural Monument)","FORVALTARE":"Länsstyrelsen i Södermanlands län","AREA_HA":40.63,"LAND_HA":38.98,"VATTEN_HA":1.65,"SKOG_HA":32.97,"URSPR_BESLUTSDATUM":"1975-11-12"}},{"type":"Feature","geometry":{"type":"MultiPolygon","coordinates":[[[[16.79718,59.40489],[16.79928,59.4032],[16.79992,59.40265],[16.80009,59.40255],[16.80075,59.40229],[16.8016,59.40094],[16.80094,59.40087],[16.80094,59.40087],[16.80094,59.40087],[16.80094,59.40087],[16.80141,59.40057],[16.80145,59.40036],[16.80131,59.40008],[16.80116,59.39972],[16.80093,59.39938],[16.8006,59.39881],[16.80008,59.3982],[16.79994,59.39797],[16.79961,59.39754],[16.79956,59.39733],[16.79939,59.39563],[16.79934,59.39538],[16.79934,59.39538],[16.79935,59.39538],[16.79935,59.39538],[16.80123,59.39523],[16.8192,59.39465],[16.8192,59.39465],[16.8192,59.39465],[16.82968,59.40439],[16.82968,59.40439],[16.82968,59.40439],[16.81614,59.40996],[16.81614,59.40996],[16.81614,59.40996],[16.80219,59.40651],[16.79817,59.40555],[16.79817,59.40555],[16.79718,59.40489],[16.79718,59.40489],[16.79718,59.40489]]]]},"properties":{"NVRID":"2001307","NAMN":"Söderfjärden","SKYDDSTYP":"Naturreservat","BESLUTSSTATUS":"Gällande","LAN":"Södermanlands Län","KOMMUN":"Eskilstuna, Strängnäs","IUCNKATEGORI":"V, Skyddat landskap/havsområde (Protected Landscape/Seascape)","FORVALTARE":"Länsstyrelsen i Södermanlands län","AREA_HA":208.51,"LAND_HA":81.1,"VATTEN_HA":127.41,"SKOG_HA":12.01,"URSPR_BESLUTSDATUM":"1968-06-28"}},{"type":"Feature","geometry":{"type":"MultiPolygon","coordinates":[[[[17.04109,58.83267],[17.04109,58.83267],[17.04109,58.83267],[17.04174,58.83327],[17.04219,58.83326],[17.04264,58.83273],[17.04264,58.83273],[17.04362,58.83255],[17.04361,58.83223],[17.04361,58.83223],[17.04421,58.83199],[17.04421,58.83199],[17.04473,58.83208],[17.04473,58.83208],[17.04473,58.83208],[17.04456,58.83236],[17.04577,58.83244],[17.04577,58.83244],[17.04577,58.83244],[17.04577,58.83244],[17.04565,58.83278],[17.0463,58.83326],[17.0463,58.83327],[17.0463,58.83327],[17.04528,58.83381],[17.04511,58.83479],[17.04582,58.83542],[17.04582,58.83542],[17.0456,58.83641],[17.04582,58.83714],[17.04821,58.83714],[17.04821,58.83714],[17.0487,58.83759],[17.05015,58.83817],[17.05073,58.83905],[17.05073,58.83905],[17.04884,58.8407],[17.04884,58.8407],[17.0449,58.84101],[17.04405,58.84081],[17.04405,58.84081],[17.04405,58.84081],[17.044,58.84032],[17.0436,58.83977],[17.04314,58.83937],[17.04277,58.83905],[17.04244,58.83809],[17.04244,58.83809],[17.04244,58.83809],[17.04285,58.83802],[17.04244,58.83723],[17.04218,58.83646],[17.04144,58.83615],[17.04144,58.83615],[17.04129,58.83581],[17.04135,58.8351],[17.04135,58.8351],[17.04135,58.83509],[17.04189,58.83502],[17.04146,58.83418],[17.04109,58.83353],[17.0405,58.83322],[17.0405,58.83322],[17.04029,58.8328],[17.04029,58.8328],[17.04029,58.8328],[17.04029,58.8328],[17.04109,58.83267]]]]},"properties":{"NVRID":"2001298","NAMN":"Storhultet","SKYDDSTYP":"Naturreservat","BESLUTSSTATUS":"Gällande","LAN":"Södermanlands Län","KOMMUN":"Nyköping","IUCNKATEGORI":"Ia, Strikt naturreservat (Strict Nature Reserve)","FORVALTARE":"Länsstyrelsen i Södermanlands län","AREA_HA":28.04,"LAND_HA":28.04,"VATTEN_HA":0.0,"SKOG_HA":27.08,"URSPR_BESLUTSDATUM":"2000-11-24"}},{"type":"Feature","geometry":{"type":"MultiPolygon","coordinates":[[[[16.99141,59.00536],[16.99276,59.00554],[16.99583,59.00611],[16.9977,59.00608],[16.99961,59.00625],[17.00086,59.00636],[17.00086,59.00636],[17.00086,59.00636],[17.0012,59.00727],[17.00103,59.00794],[17.00089,59.00839],[17.00008,59.00952],[16.99841,59.01008],[16.99797,59.01049],[16.9978,59.01082],[16.99753,59.01132],[16.99753,59.01132],[16.99753,59.01132],[16.99721,59.01127],[16.99711,59.01128],[16.99691,59.01126],[16.99675,59.01122],[16.99658,59.01119],[16.99636,59.01117],[16.99618,59.01115],[16.99593,59.01111],[16.99571,59.0111],[16.99541,59.01106],[16.99509,59.01101],[16.99495,59.01095],[16.99482,59.01089],[16.99477,59.01083],[16.99467,59.01081],[16.99457,59.01083],[16.99457,59.01083],[16.99447,59.01079],[16.99437,59.01075],[16.99408,59.01085],[16.99408,59.01085],[16.99408,59.01085],[16.99408,59.01085],[16.99408,59.01085],[16.9948,59.01014],[16.99536,59.00936],[16.99493,59.00894],[16.99373,59.00803],[16.99307,59.00763],[16.9921,59.00655],[16.99178,59.00598],[16.99141,59.00536],[16.99141,59.00536],[16.99141,59.00536],[16.99141,59.00536],[16.99141,59.00536]]]]},"properties":{"NVRID":"2013453","NAMN":"Utnorskogen","SKYDDSTYP":"Naturreservat","BESLUTSSTATUS":"Gällande","LAN":"Södermanlands Län","KOMMUN":"Nyköping","IUCNKATEGORI":"Ia, Strikt naturreservat (Strict Nature Reserve)","FORVALTARE":"Länsstyrelsen i Södermanlands län","AREA_HA":20.62,"LAND_HA":20.62,"VATTEN_HA":0.0,"SKOG_HA":18.37,"URSPR_BESLUTSDATUM":"2007-12-10"}},{"type":"Feature","geometry":{"type":"MultiPolygon","coordinates":[[[[17.12413,58.74562],[17.12144,58.74582],[17.12071,58.74585],[17.11902,58.74597],[17.11805,58.74604],[17.11729,58.74593],[17.11729,58.74593],[17.11729,58.74593],[17.11729,58.74593],[17.11762,58.74544],[17.11809,58.74465],[17.11834,58.74388],[17.1184,58.74329],[17.11837,58.742],[17.11837,58.74186],[17.11837,58.74186],[17.11837,58.74186],[17.11908,58.74186],[17.12042,58.74188],[17.12096,58.7419],[17.12157,58.74191],[17.12282,58.74193],[17.12393,58.74185],[17.12383,58.74154],[17.12371,58.74132],[17.12371,58.74132],[17.12371,58.74132],[17.12408,58.74118],[17.1243,58.74088],[17.12431,58.7406],[17.12452,58.74016],[17.12471,58.73993],[17.12493,58.73965],[17.12528,58.73915],[17.12566,58.73875],[17.12593,58.73852],[17.1263,58.73818],[17.12688,58.73771],[17.12749,58.73745],[17.12786,58.73712],[17.12812,58.73698],[17.12813,58.73698],[17.12813,58.73698],[17.12813,58.73698],[17.12813,58.73698],[17.12813,58.73701],[17.12829,58.73717],[17.12846,58.73735],[17.12862,58.73753],[17.1287,58.73763],[17.12874,58.7377],[17.1288,58.7378],[17.12888,58.73798],[17.12898,58.73815],[17.12899,58.73824],[17.12901,58.73832],[17.12906,58.73852],[17.12915,58.73877],[17.12928,58.73906],[17.12937,58.73927],[17.1295,58.73948],[17.12956,58.73956],[17.12958,58.73958],[17.12975,58.73976],[17.12986,58.73986],[17.12998,58.73995],[17.13012,58.74006],[17.13028,58.74016],[17.1305,58.74034],[17.13069,58.74053],[17.13078,58.74066],[17.13086,58.74085],[17.13089,58.74103],[17.13089,58.74125],[17.13086,58.74161],[17.13085,58.74167],[17.13086,58.74179],[17.1309,58.74199],[17.13095,58.7421],[17.13099,58.74219],[17.131,58.7422],[17.13116,58.74246],[17.13134,58.74272],[17.13165,58.7432],[17.13165,58.7432],[17.13068,58.74375],[17.13018,58.74405],[17.12907,58.74463],[17.12833,58.74497],[17.12789,58.74523],[17.1274,58.7455],[17.1274,58.7455],[17.12678,58.74553],[17.12612,58.74557],[17.12566,58.74559],[17.12485,58.7456],[17.1245,58.7456],[17.12413,58.74562]]]]},"properties":{"NVRID":"2001306","NAMN":"Sjösakärren","SKYDDSTYP":"Naturreservat","BESLUTSSTATUS":"Gällande","LAN":"Södermanlands Län","KOMMUN":"Nyköping","IUCNKATEGORI":"IV, Habitat/Artskyddsområde (Habitat/Species Management Area)","FORVALTARE":"Länsstyrelsen i Södermanlands län","AREA_HA":43.06,"LAND_HA":42.85,"VATTEN_HA":0.21,"SKOG_HA":32.56,"URSPR_BESLUTSDATUM":"1985-07-08"}},{"type":"Feature","geometry":{"type":"MultiPolygon","coordinates":[[[[16.98987,58.99343],[16.99,58.99336],[16.99016,58.99331],[16.99026,58.99329],[16.99033,58.99322],[16.99033,58.99322],[16.99048,58.99319],[16.99059,58.99315],[16.99064,58.99307],[16.99076,58.99301],[16.99088,58.99296],[16.99097,58.99286],[16.99107,58.99277],[16.99113,58.99267],[16.99121,58.99262],[16.99122,58.99254],[16.99109,58.9925],[16.99098,58.9925],[16.99098,58.9925],[16.99098,58.9925],[16.99099,58.99239],[16.99099,58.99239],[16.99099,58.99239],[16.9911,58.99235],[16.99126,58.99231],[16.9914,58.99226],[16.99152,58.99212],[16.9918,58.99195],[16.9918,58.99195],[16.99196,58.99194],[16.99199,58.99188],[16.99224,58.99171],[16.9922,58.99164],[16.99213,58.9916],[16.99205,58.99156],[16.99201,58.9915],[16.992,58.99144],[16.99191,58.99139],[16.99191,58.99139],[16.99187,58.99133],[16.99191,58.99129],[16.99191,58.99129],[16.99208,58.99128],[16.99224,58.99125],[16.99246,58.99127],[16.9931,58.99141],[16.9929,58.99077],[16.9929,58.99077],[16.9929,58.99077],[17.01077,58.99354],[17.01417,58.99254],[17.01361,58.9912],[17.01361,58.9912],[17.01403,58.99058],[17.01515,58.99026],[17.01605,58.98913],[17.01638,58.98873],[17.01638,58.98873],[17.01638,58.98873],[17.01638,58.98873],[17.01706,58.98894],[17.0193,58.98948],[17.01937,58.98952],[17.01964,58.98958],[17.02005,58.98963],[17.02139,58.98989],[17.02191,58.98996],[17.02275,58.98988],[17.02275,58.98988],[17.02296,58.98994],[17.02296,58.98994],[17.02296,58.98994],[17.02315,58.99045],[17.02303,58.99095],[17.02295,58.99107],[17.02279,58.99119],[17.0218,58.99177],[17.0199,58.99355],[17.01963,58.99393],[17.01939,58.99412],[17.0193,58.99418],[17.01917,58.99422],[17.01906,58.99424],[17.01892,58.99426],[17.01878,58.99426],[17.01803,58.99422],[17.01782,58.99422],[17.01763,58.99424],[17.01747,58.99427],[17.01728,58.99431],[17.01704,58.99435],[17.017,58.9944],[17.0168,58.99496],[17.01637,58.99558],[17.01637,58.99558],[17.01637,58.99558],[17.01503,58.99538],[17.01479,58.99584],[17.01413,58.9963],[17.01397,58.99646],[17.01493,58.99677],[17.01493,58.99677],[17.01493,58.99677],[17.01493,58.99677],[17.01493,58.99677],[17.01409,58.99723],[17.01396,58.99758],[17.01396,58.99758],[17.01396,58.99758],[17.01396,58.99758],[17.01358,58.99748],[17.01165,58.997],[17.01114,58.99674],[17.01076,58.99672],[17.01036,58.99672],[17.00995,58.99678],[17.00928,58.99698],[17.00928,58.99698],[17.00831,58.99678],[17.00721,58.99675],[17.00639,58.99657],[17.00556,58.99638],[17.00473,58.99642],[17.00473,58.99642],[17.0041,58.99615],[17.0041,58.99615],[17.0041,58.99615],[17.0041,58.99615],[17.00484,58.99563],[17.00446,58.99564],[17.00414,58.99561],[17.00373,58.99547],[17.00326,58.99532],[17.00302,58.99519],[17.00271,58.99509],[17.00239,58.99501],[17.00188,58.99491],[17.00126,58.99482],[16.99884,58.99512],[16.99662,58.99554],[16.99199,58.99508],[16.98876,58.99363],[16.98876,58.99363],[16.98876,58.99363],[16.98876,58.99363],[16.98904,58.99357],[16.98921,58.9935],[16.98957,58.99347],[16.98987,58.99343]]]]},"properties":{"NVRID":"2013459","NAMN":"Älgesta","SKYDDSTYP":"Naturreservat","BESLUTSSTATUS":"Gällande","LAN":"Södermanlands Län","KOMMUN":"Nyköping","IUCNKATEGORI":"IV, Habitat/Artskyddsområde (Habitat/Species Management Area)","FORVALTARE":"Länsstyrelsen i Södermanlands län","AREA_HA":80.01,"LAND_HA":56.36,"VATTEN_HA":23.65,"SKOG_HA":19.12,"URSPR_BESLUTSDATUM":"2007-12-10"}},{"type":"Feature","geometry":{"type":"MultiPolygon","coordinates":[[[[17.06335,59.01703],[17.05849,59.01775],[17.05813,59.01781],[17.05813,59.01781],[17.05258,59.01522],[17.05258,59.01522],[17.05258,59.01522],[17.05712,59.01112],[17.06021,59.00983],[17.07054,59.00549],[17.07693,59.00462],[17.07693,59.00462],[17.07694,59.00462],[17.07789,59.00596],[17.08222,59.0084],[17.08222,59.0084],[17.08222,59.0084],[17.07599,59.01253],[17.07093,59.01378],[17.06943,59.01484],[17.06335,59.01703]]]]},"properties":{"NVRID":"2001914","NAMN":"Dagnäsön","SKYDDSTYP":"Naturreservat","BESLUTSSTATUS":"Gällande","LAN":"Södermanlands Län","KOMMUN":"Gnesta, Nyköping","IUCNKATEGORI":"IV, Habitat/Artskyddsområde (Habitat/Species Management Area)","FORVALTARE":"Länsstyrelsen i Södermanlands län","AREA_HA":123.41,"LAND_HA":54.81,"VATTEN_HA":68.6,"SKOG_HA":33.11,"URSPR_BESLUTSDATUM":"1993-12-20"}},{"type":"Feature","geometry":{"type":"MultiPolygon","coordinates":[[[[17.24912,59.24899],[17.25698,59.25109],[17.26062,59.25233],[17.26074,59.25237],[17.2614,59.25256],[17.26285,59.25258],[17.26444,59.2515],[17.26444,59.2515],[17.26444,59.2515],[17.26444,59.2515],[17.2671,59.25292],[17.26909,59.25108],[17.27661,59.24819],[17.27682,59.2481],[17.27682,59.2481],[17.28121,59.24784],[17.28375,59.24826],[17.28376,59.24784],[17.28376,59.24784],[17.28376,59.24784],[17.28376,59.24784],[17.28376,59.24784],[17.28432,59.24812],[17.28597,59.24897],[17.28597,59.24897],[17.28597,59.24897],[17.28491,59.24996],[17.28636,59.25046],[17.28709,59.25009],[17.28709,59.25009],[17.28709,59.25009],[17.28897,59.25077],[17.29019,59.24941],[17.29019,59.24941],[17.29019,59.2494],[17.29103,59.24945],[17.29323,59.24959],[17.29323,59.24959],[17.29378,59.25018],[17.29527,59.25011],[17.29544,59.2501],[17.30181,59.24983],[17.30181,59.24983],[17.30893,59.25213],[17.30893,59.25213],[17.30893,59.25213],[17.30389,59.25661],[17.30389,59.25661],[17.3012,59.25674],[17.29516,59.25693],[17.28164,59.25752],[17.2694,59.25801],[17.25601,59.25856],[17.25223,59.259],[17.25222,59.259],[17.23783,59.25533],[17.23219,59.25279],[17.23219,59.25279],[17.23219,59.25279],[17.23633,59.24878],[17.23902,59.24765],[17.24161,59.24692],[17.24581,59.24623],[17.24581,59.24623],[17.24581,59.24623],[17.24912,59.24899]],[[17.23526,59.25098],[17.23525,59.251],[17.23528,59.25111],[17.23539,59.25115],[17.23541,59.25114],[17.2355,59.2511],[17.23559,59.25108],[17.23573,59.25105],[17.23576,59.25103],[17.23575,59.25099],[17.23572,59.25097],[17.23564,59.25095],[17.23546,59.25094],[17.23539,59.25095],[17.23532,59.25096],[17.23526,59.25098]],[[17.23571,59.25049],[17.23581,59.25065],[17.23588,59.25077],[17.23587,59.25078],[17.23586,59.25082],[17.23583,59.25089],[17.23577,59.25094],[17.23575,59.25097],[17.23577,59.25099],[17.23584,59.25103],[17.23589,59.25104],[17.236,59.251],[17.23607,59.25097],[17.23607,59.25097],[17.23611,59.25098],[17.23616,59.251],[17.23619,59.25101],[17.23624,59.25101],[17.23631,59.25099],[17.23638,59.25097],[17.23644,59.25087],[17.23654,59.25074],[17.23657,59.25066],[17.23657,59.25053],[17.23656,59.2505],[17.23643,59.25044],[17.23626,59.25034],[17.23616,59.2503],[17.2361,59.2503],[17.23598,59.25034],[17.23585,59.25039],[17.23578,59.25042],[17.23572,59.25048],[17.23571,59.25049]]]]},"properties":{"NVRID":"2013498","NAMN":"Stora Härnön","SKYDDSTYP":"Naturreservat","BESLUTSSTATUS":"Gällande","LAN":"Södermanlands Län","KOMMUN":"Nykvarn, Strängnäs","IUCNKATEGORI":"IV, Habitat/Artskyddsområde (Habitat/Species Management Area)","FORVALTARE":"Länsstyrelsen i Södermanlands län","AREA_HA":357.25,"LAND_HA":106.39,"VATTEN_HA":250.86,"SKOG_HA":96.56,"URSPR_BESLUTSDATUM":"2009-12-17"}},{"type":"Feature","geometry":{"type":"MultiPolygon","coordinates":[[[[16.7272,58.65761],[16.72705,58.65733],[16.72696,58.65719],[16.72683,58.65693],[16.72681,58.65669],[16.72682,58.65645],[16.72692,58.65618],[16.72688,58.65603],[16.72688,58.65601],[16.72688,58.65601],[16.72688,58.65601],[16.72694,58.656],[16.72738,58.65593],[16.72783,58.6559],[16.72818,58.65591],[16.72845,58.65596],[16.72861,58.65603],[16.72874,58.6561],[16.72891,58.65621],[16.72923,58.65645],[16.72948,58.65666],[16.72965,58.65674],[16.72981,58.65679],[16.73017,58.65688],[16.7305,58.65692],[16.7305,58.65692],[16.73101,58.65837],[16.73106,58.65847],[16.73115,58.65855],[16.73115,58.65855],[16.73115,58.65855],[16.73115,58.65855],[16.73115,58.65855],[16.73083,58.65855],[16.73066,58.65856],[16.73044,58.65859],[16.72959,58.65876],[16.72959,58.65876],[16.72943,58.65867],[16.72904,58.65845],[16.72876,58.65834],[16.72825,58.65824],[16.72812,58.65826],[16.72803,58.65825],[16.72803,58.65825],[16.72798,58.65819],[16.72788,58.65813],[16.72762,58.65803],[16.72743,58.65791],[16.72714,58.65764],[16.72714,58.65764],[16.72714,58.65764],[16.7272,58.65761]]]]},"properties":{"NVRID":"2001314","NAMN":"Nävsjöns Domänreservat","SKYDDSTYP":"Naturreservat","BESLUTSSTATUS":"Gällande","LAN":"Södermanlands Län","KOMMUN":"Nyköping","IUCNKATEGORI":"0, Områden som ej kan klassificeras enligt IUCN: s system.","FORVALTARE":"Länsstyrelsen i Södermanlands län","AREA_HA":5.01,"LAND_HA":5.01,"VATTEN_HA":0.0,"SKOG_HA":4.03,"URSPR_BESLUTSDATUM":"1997-12-19"}},{"type":"Feature","geometry":{"type":"MultiPolygon","coordinates":[[[[15.9902,59.16348],[15.98953,59.1635],[15.98953,59.1635],[15.98953,59.1635],[15.98989,59.16219],[15.99093,59.16126],[15.99113,59.16107],[15.99113,59.16104],[15.99113,59.16104],[15.99113,59.16104],[15.99113,59.16104],[15.99141,59.16105],[15.99221,59.16108],[15.9926,59.16104],[15.9931,59.16092],[15.9934,59.16084],[15.99362,59.16067],[15.99371,59.16061],[15.99378,59.16051],[15.99389,59.16039],[15.99393,59.16022],[15.99396,59.16012],[15.99397,59.16008],[15.99397,59.16005],[15.99397,59.16005],[15.994,59.16004],[15.99407,59.16001],[15.99413,59.15999],[15.99451,59.15996],[15.99451,59.15996],[15.99465,59.16],[15.99475,59.16005],[15.99497,59.16013],[15.99524,59.16015],[15.99535,59.16021],[15.99541,59.16026],[15.99554,59.1603],[15.99579,59.16031],[15.99597,59.16029],[15.9962,59.16017],[15.9962,59.16017],[15.99638,59.16016],[15.99638,59.16016],[15.99666,59.16021],[15.99686,59.1603],[15.99696,59.16032],[15.99712,59.1603],[15.99712,59.1603],[15.99738,59.16037],[15.99765,59.16045],[15.99792,59.16056],[15.99803,59.16061],[15.99806,59.16065],[15.99812,59.16064],[15.99815,59.16062],[15.99826,59.1606],[15.99838,59.16061],[15.99849,59.16066],[15.99854,59.16069],[15.99859,59.16068],[15.99876,59.16069],[15.99901,59.16073],[15.99914,59.16079],[15.99931,59.16081],[15.99946,59.16079],[15.99966,59.16076],[15.99986,59.16074],[16.00024,59.16072],[16.00035,59.16072],[16.00039,59.16066],[16.00045,59.16064],[16.00045,59.16064],[16.00045,59.16064],[16.00045,59.16064],[16.00056,59.16085],[16.00087,59.16146],[16.00094,59.16158],[16.00094,59.16159],[16.00094,59.16159],[15.99998,59.16182],[15.99881,59.16208],[15.99768,59.16234],[15.99643,59.16264],[15.99616,59.16271],[15.99449,59.16306],[15.99449,59.16306],[15.99449,59.16306],[15.99407,59.16252],[15.9902,59.16348]]]]},"properties":{"NVRID":"2001874","NAMN":"Väsby","SKYDDSTYP":"Naturreservat","BESLUTSSTATUS":"Gällande","LAN":"Södermanlands Län","KOMMUN":"Katrineholm","IUCNKATEGORI":"IV, Habitat/Artskyddsområde (Habitat/Species Management Area)","FORVALTARE":"Länsstyrelsen i Södermanlands län","AREA_HA":13.57,"LAND_HA":13.33,"VATTEN_HA":0.24,"SKOG_HA":9.07,"URSPR_BESLUTSDATUM":"1967-06-13"}},{"type":"Feature","geometry":{"type":"MultiPolygon","coordinates":[[[[17.23981,59.15025],[17.24006,59.14979],[17.24046,59.14928],[17.2408,59.14872],[17.24128,59.14832],[17.24128,59.14832],[17.24128,59.14832],[17.24158,59.14837],[17.24158,59.14837],[17.24158,59.14837],[17.24153,59.14867],[17.24159,59.14894],[17.24231,59.14922],[17.24311,59.14961],[17.24342,59.14982],[17.24345,59.15003],[17.24328,59.1505],[17.24371,59.15072],[17.24446,59.15112],[17.24573,59.15175],[17.24856,59.1519],[17.25203,59.15211],[17.25256,59.15224],[17.25297,59.15252],[17.25298,59.15252],[17.25298,59.15252],[17.25297,59.15252],[17.25166,59.1529],[17.25094,59.15301],[17.25033,59.15329],[17.24982,59.15341],[17.24569,59.1532],[17.24558,59.15321],[17.24557,59.15321],[17.24538,59.15321],[17.24534,59.15321],[17.24524,59.1532],[17.24516,59.15319],[17.24506,59.15318],[17.24497,59.15317],[17.2447,59.15316],[17.24469,59.15315],[17.24454,59.15314],[17.24449,59.15313],[17.2444,59.15312],[17.24421,59.15309],[17.24387,59.15303],[17.24386,59.15303],[17.24354,59.15295],[17.24347,59.15293],[17.24337,59.15291],[17.24292,59.1528],[17.24287,59.1528],[17.24267,59.15278],[17.24253,59.15277],[17.24242,59.15274],[17.24226,59.1527],[17.24205,59.15266],[17.24184,59.15259],[17.24161,59.15253],[17.24147,59.15248],[17.24132,59.15242],[17.24117,59.15235],[17.241,59.15228],[17.24085,59.15223],[17.24066,59.15216],[17.24052,59.1521],[17.24038,59.15207],[17.24024,59.15207],[17.24019,59.15207],[17.24018,59.15207],[17.23938,59.15137],[17.23874,59.15094],[17.23872,59.15071],[17.23872,59.15071],[17.23981,59.15025]]]]},"properties":{"NVRID":"2026950","NAMN":"Djupviken","SKYDDSTYP":"Naturreservat","BESLUTSSTATUS":"Gällande","LAN":"Södermanlands Län","KOMMUN":"Gnesta","IUCNKATEGORI":"Ia, Strikt naturreservat (Strict Nature Reserve)","FORVALTARE":"Länsstyrelsen i Södermanlands län","AREA_HA":16.39,"LAND_HA":16.01,"VATTEN_HA":0.38,"SKOG_HA":13.99,"URSPR_BESLUTSDATUM":"2011-12-19"}},{"type":"Feature","geometry":{"type":"MultiPolygon","coordinates":[[[[16.82103,58.62099],[16.81988,58.62139],[16.81877,58.62148],[16.81877,58.62148],[16.81877,58.62148],[16.81778,58.62056],[16.81718,58.61837],[16.81718,58.61837],[16.81718,58.61837],[16.8266,58.61648],[16.82709,58.61642],[16.82758,58.6164],[16.82807,58.61637],[16.82878,58.61634],[16.82937,58.6163],[16.82983,58.61623],[16.8304,58.61614],[16.83098,58.61608],[16.83164,58.61599],[16.83218,58.61596],[16.83257,58.61594],[16.83299,58.61593],[16.83316,58.61592],[16.8334,58.61581],[16.83374,58.61568],[16.83423,58.61553],[16.83458,58.61548],[16.83507,58.61541],[16.83553,58.61539],[16.83588,58.61537],[16.83647,58.61536],[16.83678,58.61532],[16.83714,58.61526],[16.83762,58.61514],[16.83822,58.61507],[16.83872,58.61508],[16.8392,58.61507],[16.83975,58.61513],[16.84019,58.61521],[16.84073,58.61531],[16.8413,58.61544],[16.84204,58.61565],[16.84257,58.6158],[16.84304,58.61593],[16.84328,58.61595],[16.84373,58.61591],[16.84413,58.6159],[16.8445,58.61587],[16.84501,58.6158],[16.84553,58.61578],[16.84594,58.61574],[16.84641,58.61573],[16.84692,58.61569],[16.8474,58.61564],[16.84777,58.61561],[16.84816,58.6156],[16.84857,58.61558],[16.849,58.6156],[16.84944,58.61566],[16.84991,58.61568],[16.85024,58.61574],[16.8505,58.61576],[16.85074,58.61573],[16.85123,58.61563],[16.85171,58.61552],[16.85216,58.61553],[16.85275,58.61554],[16.85337,58.61554],[16.85392,58.61555],[16.85392,58.61555],[16.85392,58.61555],[16.85406,58.61866],[16.85398,58.61879],[16.85412,58.61905],[16.85439,58.61954],[16.85489,58.62044],[16.85489,58.62044],[16.85489,58.62044],[16.85405,58.62079],[16.85412,58.62098],[16.85425,58.62135],[16.85425,58.62135],[16.85425,58.62135],[16.85363,58.62131],[16.85045,58.62113],[16.84814,58.62126],[16.84412,58.62149],[16.84317,58.62144],[16.84093,58.62131],[16.83721,58.62109],[16.83488,58.62156],[16.82965,58.62263],[16.82965,58.62263],[16.82965,58.62263],[16.82863,58.62169],[16.82872,58.62123],[16.82824,58.62112],[16.82707,58.62085],[16.8253,58.62045],[16.8253,58.62045],[16.8253,58.62045],[16.82555,58.61991],[16.82557,58.61986],[16.82553,58.61987],[16.82553,58.61987],[16.82553,58.61987],[16.8254,58.61975],[16.82528,58.61965],[16.82523,58.61963],[16.82518,58.61964],[16.82519,58.61967],[16.82529,58.61978],[16.82536,58.61984],[16.82536,58.61984],[16.82532,58.61989],[16.82525,58.61993],[16.82525,58.61993],[16.82515,58.61995],[16.82506,58.61994],[16.82506,58.61994],[16.82499,58.61991],[16.82475,58.61981],[16.82472,58.61977],[16.82465,58.61976],[16.82451,58.61975],[16.82441,58.61975],[16.82441,58.61975],[16.82434,58.61973],[16.82429,58.61966],[16.82429,58.61964],[16.82367,58.62061],[16.82292,58.62094],[16.82292,58.62094],[16.82103,58.62099]]]]},"properties":{"NVRID":"2014942","NAMN":"Sjöskogen","SKYDDSTYP":"Naturreservat","BESLUTSSTATUS":"Gällande","LAN":"Södermanlands Län","KOMMUN":"Nyköping","IUCNKATEGORI":"Ia, Strikt naturreservat (Strict Nature Reserve)","FORVALTARE":"Länsstyrelsen i Södermanlands län","AREA_HA":122.6,"LAND_HA":55.52,"VATTEN_HA":67.08,"SKOG_HA":38.36,"URSPR_BESLUTSDATUM":"2009-12-17"}},{"type":"Feature","geometry":{"type":"MultiPolygon","coordinates":[[[[17.4411,58.69996],[17.42045,58.70018],[17.42045,58.70018],[17.42045,58.70018],[17.45218,58.65968],[17.45218,58.65968],[17.52817,58.65916],[17.61331,58.6592],[17.61331,58.6592],[17.61331,58.6592],[17.61335,58.67635],[17.61335,58.67635],[17.57437,58.69186],[17.53239,58.70866],[17.53081,58.71267],[17.52969,58.71513],[17.52696,58.71904],[17.52696,58.71904],[17.51864,58.72181],[17.48528,58.73107],[17.48528,58.73107],[17.48528,58.73107],[17.48392,58.73025],[17.47843,58.72986],[17.47843,58.72986],[17.47842,58.72986],[17.47833,58.72811],[17.47731,58.72774],[17.46474,58.72744],[17.46474,58.72744],[17.46474,58.72744],[17.46319,58.72575],[17.46268,58.72422],[17.46083,58.72251],[17.46007,58.7181],[17.45824,58.71563],[17.45595,58.71058],[17.44409,58.70358],[17.44121,58.7019],[17.44121,58.7019],[17.4411,58.69996]]]]},"properties":{"NVRID":"2001932","NAMN":"Hartsö","SKYDDSTYP":"Naturreservat","BESLUTSSTATUS":"Gällande","LAN":"Södermanlands Län","KOMMUN":"Nyköping, Trosa","IUCNKATEGORI":"V, Skyddat landskap/havsområde (Protected Landscape/Seascape)","FORVALTARE":"Länsstyrelsen i Södermanlands län","AREA_HA":5535.43,"LAND_HA":621.06,"VATTEN_HA":4914.37,"SKOG_HA":207.52,"URSPR_BESLUTSDATUM":"1981-11-11"}},{"type":"Feature","geometry":{"type":"MultiPolygon","coordinates":[[[[17.00914,59.22327],[17.00905,59.2233],[17.00905,59.2233],[17.00905,59.2233],[17.00903,59.22325],[17.00897,59.22309],[17.00897,59.22309],[17.00905,59.22296],[17.00938,59.22275],[17.00938,59.22275],[17.00938,59.22275],[17.00952,59.22277],[17.00953,59.22247],[17.01024,59.22198],[17.01088,59.2217],[17.01131,59.22153],[17.01167,59.22141],[17.0119,59.22136],[17.01212,59.22133],[17.01228,59.22131],[17.01271,59.22128],[17.0136,59.22126],[17.01421,59.22123],[17.01451,59.2212],[17.01475,59.22115],[17.01499,59.22109],[17.01523,59.221],[17.01543,59.2209],[17.01555,59.22085],[17.01578,59.22073],[17.01637,59.22047],[17.01687,59.22024],[17.01716,59.2201],[17.01738,59.21998],[17.01751,59.2199],[17.01798,59.2196],[17.0182,59.21946],[17.01839,59.21935],[17.01848,59.2193],[17.01858,59.21927],[17.0187,59.21924],[17.01885,59.21922],[17.01893,59.21921],[17.01907,59.21921],[17.01929,59.21923],[17.01952,59.21925],[17.01981,59.21931],[17.02015,59.21938],[17.02038,59.21942],[17.02061,59.21945],[17.02087,59.21947],[17.02119,59.21948],[17.02192,59.21948],[17.02192,59.21948],[17.02192,59.21948],[17.02192,59.21948],[17.02198,59.22005],[17.02198,59.22005],[17.02063,59.22034],[17.01978,59.22052],[17.0197,59.2208],[17.01997,59.2214],[17.01989,59.22186],[17.01921,59.22248],[17.01802,59.22308],[17.01698,59.22316],[17.01665,59.22332],[17.01625,59.22358],[17.01625,59.22358],[17.01625,59.22358],[17.0158,59.22348],[17.0142,59.22331],[17.01405,59.22423],[17.013,59.22497],[17.013,59.22497],[17.0123,59.22506],[17.01059,59.22483],[17.01059,59.22483],[17.00967,59.22421],[17.00939,59.22399],[17.00927,59.22382],[17.00916,59.22354],[17.0091,59.2234],[17.00914,59.22327]]]]},"properties":{"NVRID":"2001870","NAMN":"Kalkbro","SKYDDSTYP":"Naturreservat","BESLUTSSTATUS":"Gällande","LAN":"Södermanlands Län","KOMMUN":"Strängnäs","IUCNKATEGORI":"Ia, Strikt naturreservat (Strict Nature Reserve)","FORVALTARE":"Länsstyrelsen i Södermanlands län","AREA_HA":21.4,"LAND_HA":21.39,"VATTEN_HA":0.01,"SKOG_HA":18.33,"URSPR_BESLUTSDATUM":"1984-12-18"}},{"type":"Feature","geometry":{"type":"MultiPolygon","coordinates":[[[[16.83454,59.39153],[16.83306,59.38635],[16.83306,59.38635],[16.83306,59.38635],[16.83306,59.38635],[16.84582,59.38581],[16.84582,59.38581],[16.84582,59.38581],[16.8476,59.38852],[16.85425,59.38859],[16.85425,59.38859],[16.85764,59.39185],[16.85764,59.39185],[16.85103,59.39916],[16.84287,59.40116],[16.8348,59.40312],[16.83107,59.40405],[16.82968,59.40439],[16.82968,59.40439],[16.82968,59.40439],[16.82968,59.40439],[16.8192,59.39465],[16.8192,59.39465],[16.8192,59.39465],[16.82682,59.39255],[16.83454,59.39153]]]]},"properties":{"NVRID":"2001121","NAMN":"Lindön","SKYDDSTYP":"Naturreservat","BESLUTSSTATUS":"Gällande","LAN":"Södermanlands Län","KOMMUN":"Eskilstuna, Strängnäs","IUCNKATEGORI":"IV, Habitat/Artskyddsområde (Habitat/Species Management Area)","FORVALTARE":"Länsstyrelsen i Södermanlands län","AREA_HA":257.25,"LAND_HA":87.1,"VATTEN_HA":170.15,"SKOG_HA":58.93,"URSPR_BESLUTSDATUM":"2003-12-05"}},{"type":"Feature","geometry":{"type":"MultiPolygon","coordinates":[[[[16.76026,58.80998],[16.75933,58.81018],[16.75815,58.81001],[16.75815,58.81001],[16.75815,58.81001],[16.75815,58.81001],[16.75853,58.80958],[16.75869,58.80931],[16.75869,58.80925],[16.75869,58.80925],[16.7599,58.8079],[16.7599,58.8079],[16.76391,58.80718],[16.76689,58.805],[16.76689,58.805],[16.76689,58.805],[16.76852,58.80548],[16.77127,58.80631],[16.77127,58.80631],[16.77152,58.80654],[16.77215,58.80683],[16.77215,58.80684],[16.77215,58.80684],[16.77215,58.80684],[16.77198,58.80687],[16.77207,58.80727],[16.77219,58.80783],[16.77254,58.80964],[16.7726,58.80991],[16.77261,58.80998],[16.77267,58.81028],[16.77273,58.81055],[16.77302,58.8106],[16.7745,58.81092],[16.7745,58.81092],[16.7745,58.81092],[16.7745,58.81092],[16.77334,58.8113],[16.77282,58.81153],[16.77282,58.81153],[16.77051,58.81127],[16.76921,58.81135],[16.76921,58.81135],[16.76797,58.81089],[16.76384,58.8106],[16.76261,58.81049],[16.76117,58.81032],[16.7606,58.81007],[16.76026,58.80998]]]]},"properties":{"NVRID":"2048718","NAMN":"Trollskogen","SKYDDSTYP":"Naturreservat","BESLUTSSTATUS":"Gällande","LAN":"Södermanlands Län","KOMMUN":"Nyköping","IUCNKATEGORI":"Ia, Strikt naturreservat (Strict Nature Reserve)","FORVALTARE":"Länsstyrelsen i Södermanlands län","AREA_HA":37.01,"LAND_HA":37.01,"VATTEN_HA":0.0,"SKOG_HA":36.77,"URSPR_BESLUTSDATUM":"2020-03-09"}},{"type":"Feature","geometry":{"type":"MultiPolygon","coordinates":[[[[16.90155,58.64842],[16.90145,58.6482],[16.90145,58.64819],[16.90168,58.64809],[16.90288,58.64785],[16.90288,58.64785],[16.90288,58.64785],[16.9033,58.64831],[16.90352,58.64846],[16.9041,58.64808],[16.90473,58.64753],[16.90516,58.64654],[16.90641,58.64587],[16.90641,58.64587],[16.90641,58.64587],[16.90641,58.64587],[16.90641,58.64587],[16.9064,58.64638],[16.90646,58.64672],[16.90706,58.64712],[16.90784,58.64728],[16.90801,58.64723],[16.90879,58.64582],[16.90895,58.64572],[16.90957,58.64541],[16.90957,58.64541],[16.90957,58.64541],[16.90957,58.64541],[16.90993,58.64562],[16.91196,58.64435],[16.91373,58.64389],[16.91512,58.64347],[16.91513,58.64337],[16.91448,58.6431],[16.91373,58.64292],[16.91227,58.64326],[16.91227,58.64326],[16.91227,58.64326],[16.91154,58.64279],[16.91121,58.64239],[16.91121,58.64239],[16.91121,58.64239],[16.91378,58.64185],[16.91521,58.64146],[16.9161,58.64126],[16.9161,58.64126],[16.9161,58.64126],[16.91624,58.64141],[16.91663,58.6416],[16.91751,58.64172],[16.91794,58.64164],[16.91851,58.64161],[16.91855,58.64136],[16.91855,58.64136],[16.91925,58.6412],[16.91824,58.64065],[16.91824,58.64065],[16.91824,58.64065],[16.91869,58.64042],[16.9187,58.64042],[16.91917,58.64041],[16.91974,58.64049],[16.92017,58.6406],[16.92048,58.64071],[16.92048,58.64071],[16.92054,58.64112],[16.92045,58.64159],[16.92075,58.64213],[16.92085,58.64217],[16.92085,58.64217],[16.92085,58.64217],[16.92084,58.64227],[16.92063,58.64272],[16.92011,58.64336],[16.92003,58.64402],[16.92017,58.64425],[16.92017,58.64425],[16.92017,58.64425],[16.91964,58.64438],[16.91896,58.64466],[16.91862,58.64506],[16.91837,58.64547],[16.91837,58.64547],[16.91707,58.64566],[16.91644,58.64595],[16.91594,58.6464],[16.9155,58.64651],[16.91431,58.64694],[16.9135,58.64708],[16.91197,58.6472],[16.91114,58.64726],[16.91055,58.64744],[16.91029,58.64789],[16.91024,58.6483],[16.9097,58.64867],[16.9097,58.64867],[16.90865,58.64884],[16.90695,58.64957],[16.90586,58.64999],[16.90508,58.65064],[16.90508,58.65064],[16.90508,58.65064],[16.90189,58.65002],[16.90189,58.65002],[16.90027,58.64923],[16.90027,58.64923],[16.90029,58.64873],[16.90029,58.64873],[16.90155,58.64842]]]]},"properties":{"NVRID":"2003035","NAMN":"Simonberget","SKYDDSTYP":"Naturreservat","BESLUTSSTATUS":"Gällande","LAN":"Södermanlands Län","KOMMUN":"Nyköping","IUCNKATEGORI":"Ia, Strikt naturreservat (Strict Nature Reserve)","FORVALTARE":"Länsstyrelsen i Södermanlands län","AREA_HA":42.27,"LAND_HA":42.27,"VATTEN_HA":0.0,"SKOG_HA":26.39,"URSPR_BESLUTSDATUM":"2005-12-14"}},{"type":"Feature","geometry":{"type":"MultiPolygon","coordinates":[[[[16.39478,59.20335],[16.39407,59.20317],[16.39407,59.20316],[16.39393,59.20275],[16.39515,59.20176],[16.39569,59.20148],[16.39714,59.20078],[16.39774,59.20056],[16.39774,59.20056],[16.3995,59.20039],[16.40038,59.20007],[16.40102,59.19928],[16.40131,59.19856],[16.40194,59.19813],[16.40219,59.19797],[16.4022,59.19797],[16.4022,59.19797],[16.40274,59.19818],[16.40328,59.19823],[16.40421,59.1981],[16.40484,59.19806],[16.40549,59.19819],[16.40607,59.19825],[16.4066,59.19818],[16.40722,59.19786],[16.40756,59.19774],[16.40795,59.19759],[16.40815,59.1975],[16.40862,59.19748],[16.40888,59.19759],[16.4096,59.19825],[16.40999,59.19856],[16.4103,59.19877],[16.41152,59.19907],[16.41232,59.19924],[16.41256,59.19936],[16.41259,59.19959],[16.41221,59.20011],[16.41223,59.20029],[16.41252,59.20054],[16.41252,59.20054],[16.41174,59.20099],[16.41085,59.20162],[16.41085,59.20162],[16.408,59.20174],[16.40709,59.20235],[16.40669,59.20267],[16.40556,59.20277],[16.40516,59.20288],[16.40377,59.20325],[16.40235,59.20371],[16.4002,59.20415],[16.3982,59.20447],[16.39649,59.20442],[16.39649,59.20442],[16.39512,59.20378],[16.39478,59.20335]]]]},"properties":{"NVRID":"2002766","NAMN":"Varglyan","SKYDDSTYP":"Naturreservat","BESLUTSSTATUS":"Gällande","LAN":"Södermanlands Län","KOMMUN":"Eskilstuna","IUCNKATEGORI":"Ia, Strikt naturreservat (Strict Nature Reserve)","FORVALTARE":"Länsstyrelsen i Södermanlands län","AREA_HA":44.69,"LAND_HA":41.77,"VATTEN_HA":2.92,"SKOG_HA":25.14,"URSPR_BESLUTSDATUM":"2004-05-10"}},{"type":"Feature","geometry":{"type":"MultiPolygon","coordinates":[[[[16.58809,59.20201],[16.58716,59.20115],[16.58716,59.20115],[16.58716,59.20115],[16.58716,59.20115],[16.58843,59.20087],[16.58918,59.20092],[16.58985,59.20003],[16.58894,59.19947],[16.58884,59.19936],[16.58884,59.19936],[16.59154,59.19797],[16.59173,59.19787],[16.59178,59.19676],[16.59134,59.19598],[16.59078,59.19564],[16.5892,59.19556],[16.5892,59.19556],[16.5892,59.19556],[16.58935,59.19477],[16.58905,59.1943],[16.58905,59.1943],[16.58937,59.19407],[16.58948,59.1937],[16.58918,59.19343],[16.58677,59.19302],[16.58677,59.19302],[16.58677,59.19301],[16.58664,59.19267],[16.58664,59.19267],[16.58664,59.19267],[16.5898,59.19204],[16.58975,59.1919],[16.58916,59.19121],[16.5887,59.19052],[16.5887,59.19052],[16.5887,59.19052],[16.5894,59.19035],[16.5894,59.19035],[16.59024,59.19035],[16.59109,59.19037],[16.59172,59.19038],[16.59172,59.19039],[16.59281,59.19124],[16.59333,59.19102],[16.59333,59.19102],[16.59333,59.19102],[16.59333,59.19102],[16.59362,59.19128],[16.59405,59.19117],[16.59405,59.19117],[16.59567,59.19139],[16.5966,59.19104],[16.59767,59.19072],[16.59767,59.19072],[16.59887,59.19085],[16.59887,59.19085],[16.59937,59.19145],[16.60125,59.19182],[16.60282,59.19138],[16.60283,59.19138],[16.60283,59.19138],[16.60305,59.19157],[16.60372,59.19214],[16.60372,59.19215],[16.60372,59.19215],[16.60255,59.1926],[16.60066,59.19302],[16.60135,59.19388],[16.60198,59.19389],[16.60275,59.19421],[16.60399,59.19441],[16.60488,59.19455],[16.60488,59.19455],[16.605,59.19478],[16.605,59.19478],[16.605,59.19478],[16.60439,59.19491],[16.60365,59.19486],[16.60351,59.19527],[16.60293,59.19579],[16.60325,59.19625],[16.60325,59.19625],[16.60325,59.19625],[16.6016,59.19675],[16.6016,59.19675],[16.6016,59.19675],[16.60051,59.19634],[16.59999,59.19571],[16.5993,59.19568],[16.59908,59.19601],[16.59857,59.1962],[16.598,59.1965],[16.59774,59.19694],[16.59767,59.19719],[16.59676,59.19767],[16.59682,59.19876],[16.59633,59.19932],[16.59507,59.19982],[16.59398,59.20043],[16.59493,59.2011],[16.59578,59.20084],[16.59692,59.20088],[16.59692,59.20088],[16.59692,59.20088],[16.59692,59.20088],[16.59693,59.20143],[16.5972,59.20261],[16.5972,59.20261],[16.5972,59.20261],[16.5972,59.20261],[16.5972,59.20261],[16.59523,59.20203],[16.58966,59.20202],[16.58809,59.20201],[16.58809,59.20201],[16.58809,59.20201]]]]},"properties":{"NVRID":"2010899","NAMN":"Rosmossen","SKYDDSTYP":"Naturreservat","BESLUTSSTATUS":"Gällande","LAN":"Södermanlands Län","KOMMUN":"Flen","IUCNKATEGORI":"Ia, Strikt naturreservat (Strict Nature Reserve)","FORVALTARE":"Länsstyrelsen i Södermanlands län","AREA_HA":69.69,"LAND_HA":69.69,"VATTEN_HA":0.0,"SKOG_HA":55.26,"URSPR_BESLUTSDATUM":"2006-12-18"}},{"type":"Feature","geometry":{"type":"MultiPolygon","coordinates":[[[[16.99513,58.76214],[16.99645,58.7628],[16.99884,58.76145],[16.99884,58.76145],[17.00316,58.76226],[17.004,58.76106],[17.00399,58.76095],[17.00399,58.76095],[17.00399,58.76095],[17.004,58.76095],[17.00452,58.76092],[17.00497,58.7608],[17.00561,58.76062],[17.00592,58.76067],[17.00612,58.76066],[17.0066,58.76074],[17.00693,58.76089],[17.00721,58.7611],[17.00747,58.76135],[17.00753,58.76163],[17.00748,58.76186],[17.00741,58.76194],[17.00716,58.76209],[17.00811,58.76226],[17.00811,58.76226],[17.00822,58.76234],[17.00822,58.76234],[17.00809,58.76246],[17.00766,58.76278],[17.00764,58.7628],[17.00738,58.76316],[17.00734,58.76325],[17.00724,58.76337],[17.00698,58.76357],[17.0066,58.76376],[17.00628,58.76404],[17.00584,58.76424],[17.00552,58.7645],[17.00543,58.76473],[17.00483,58.76506],[17.00463,58.76521],[17.00462,58.76526],[17.00465,58.76547],[17.00472,58.76574],[17.00478,58.76595],[17.00451,58.76624],[17.00463,58.76636],[17.00463,58.76636],[17.00463,58.76636],[17.00463,58.76636],[17.00458,58.76636],[17.00444,58.76658],[17.00503,58.76705],[17.00572,58.76761],[17.00631,58.76804],[17.00656,58.76811],[17.00718,58.76823],[17.00718,58.76824],[17.00718,58.76824],[17.00718,58.76824],[17.00714,58.76827],[17.00705,58.76888],[17.007,58.76942],[17.00695,58.7696],[17.00695,58.7696],[17.00695,58.7696],[17.00695,58.7696],[17.00668,58.76956],[17.00445,58.7694],[17.00405,58.76931],[17.0034,58.76924],[17.0027,58.76921],[17.00182,58.76921],[16.99923,58.76876],[16.9988,58.76865],[16.99866,58.7686],[16.99759,58.76828],[16.99688,58.76806],[16.99642,58.76788],[16.99612,58.76774],[16.99598,58.76763],[16.99562,58.76739],[16.99547,58.76733],[16.99514,58.76722],[16.9949,58.76705],[16.99467,58.76691],[16.99449,58.76678],[16.99421,58.76666],[16.99394,58.76652],[16.9937,58.76634],[16.99334,58.76599],[16.99319,58.76588],[16.9929,58.76557],[16.99281,58.76551],[16.99267,58.76536],[16.9926,58.7652],[16.99254,58.76503],[16.99234,58.76476],[16.99234,58.76476],[16.99243,58.76463],[16.99262,58.76454],[16.99282,58.76446],[16.99302,58.76438],[16.99331,58.7642],[16.9935,58.76396],[16.99348,58.76374],[16.99321,58.76348],[16.99294,58.76327],[16.99293,58.76323],[16.99294,58.76319],[16.99317,58.76307],[16.99344,58.76294],[16.99433,58.76252],[16.99468,58.76238],[16.99513,58.76214],[16.99513,58.76214],[16.99513,58.76214]],[[17.00111,58.77332],[17.00116,58.77305],[17.00053,58.77298],[17.00011,58.77295],[16.99973,58.77295],[16.99955,58.77297],[16.99922,58.77299],[16.99921,58.77299],[16.99921,58.77299],[16.9993,58.77276],[16.99927,58.77247],[16.99916,58.77227],[16.99888,58.77202],[16.99873,58.77164],[16.99871,58.77137],[16.99895,58.77076],[16.99902,58.77053],[16.99897,58.77044],[16.99902,58.77029],[16.99923,58.76982],[16.9993,58.76968],[16.9993,58.76968],[16.9993,58.76968],[16.9993,58.76968],[17.00116,58.76997],[17.0024,58.77019],[17.00286,58.77031],[17.00286,58.77031],[17.00286,58.77031],[17.00273,58.77104],[17.00313,58.77109],[17.00326,58.77111],[17.00362,58.77138],[17.00386,58.77149],[17.00386,58.77149],[17.00379,58.77166],[17.00372,58.77203],[17.0035,58.77287],[17.0035,58.77287],[17.00325,58.77301],[17.00327,58.77349],[17.00327,58.77349],[17.00327,58.77349],[17.00327,58.77349],[17.00112,58.77332],[17.00111,58.77332],[17.00111,58.77332]]]]},"properties":{"NVRID":"2010858","NAMN":"Hållet-Marieberg-Stenbro","SKYDDSTYP":"Naturreservat","BESLUTSSTATUS":"Gällande","LAN":"Södermanlands Län","KOMMUN":"Nyköping","IUCNKATEGORI":"IV, Habitat/Artskyddsområde (Habitat/Species Management Area)","FORVALTARE":"Nyköpings kommun","AREA_HA":65.12,"LAND_HA":60.75,"VATTEN_HA":4.37,"SKOG_HA":56.37,"URSPR_BESLUTSDATUM":"2006-11-14"}},{"type":"Feature","geometry":{"type":"MultiPolygon","coordinates":[[[[17.55164,58.91249],[17.55181,58.91183],[17.55181,58.91161],[17.55231,58.91094],[17.55265,58.91066],[17.55314,58.91037],[17.55321,58.9101],[17.55321,58.9101],[17.55321,58.9101],[17.55351,58.91013],[17.55352,58.91014],[17.55352,58.91014],[17.55359,58.91093],[17.55376,58.9114],[17.55467,58.91144],[17.55494,58.91102],[17.55494,58.91102],[17.55495,58.91102],[17.55495,58.91102],[17.55568,58.91115],[17.55685,58.91096],[17.55652,58.91041],[17.55652,58.91041],[17.55658,58.91032],[17.55658,58.91032],[17.55658,58.91032],[17.55658,58.91032],[17.55794,58.91078],[17.55794,58.91078],[17.55794,58.91078],[17.55779,58.91106],[17.55772,58.91115],[17.55765,58.91125],[17.5575,58.91141],[17.55736,58.91151],[17.55717,58.91162],[17.55726,58.91176],[17.55779,58.91195],[17.55779,58.91195],[17.55779,58.91195],[17.5577,58.91205],[17.55803,58.91229],[17.55894,58.9125],[17.55973,58.91268],[17.55993,58.91245],[17.55966,58.91239],[17.55965,58.91239],[17.55965,58.91239],[17.55966,58.91229],[17.55973,58.91222],[17.55978,58.91213],[17.55955,58.91184],[17.55963,58.91175],[17.55971,58.91163],[17.55971,58.91163],[17.55971,58.91163],[17.55971,58.91163],[17.56003,58.91167],[17.56077,58.91162],[17.56086,58.91162],[17.561,58.91163],[17.56117,58.91166],[17.5613,58.91176],[17.56135,58.91181],[17.56135,58.91181],[17.56127,58.91189],[17.56116,58.91198],[17.561,58.91216],[17.56154,58.91248],[17.56207,58.91281],[17.56241,58.91302],[17.56286,58.91282],[17.56373,58.9122],[17.56488,58.91198],[17.56506,58.91185],[17.56515,58.91181],[17.56532,58.9117],[17.56561,58.91158],[17.56574,58.91158],[17.56582,58.91156],[17.56584,58.91151],[17.56548,58.91115],[17.56509,58.9111],[17.56494,58.91108],[17.56474,58.91105],[17.56473,58.91105],[17.56467,58.91101],[17.56464,58.91093],[17.56471,58.91078],[17.56471,58.91071],[17.56463,58.91056],[17.56445,58.91037],[17.56417,58.9102],[17.56386,58.91007],[17.56347,58.90997],[17.56347,58.90997],[17.56345,58.90991],[17.56386,58.90906],[17.56407,58.90844],[17.56419,58.9082],[17.56439,58.90794],[17.5646,58.90767],[17.56485,58.9072],[17.56496,58.90684],[17.56512,58.90644],[17.56528,58.9061],[17.56528,58.9061],[17.56529,58.9061],[17.56532,58.9061],[17.56544,58.90584],[17.56545,58.90584],[17.56545,58.90584],[17.5658,58.9059],[17.56638,58.90615],[17.56669,58.90616],[17.56674,58.90613],[17.56679,58.90605],[17.56716,58.90551],[17.5674,58.90531],[17.56741,58.90531],[17.56741,58.90531],[17.5675,58.90533],[17.56751,58.90533],[17.56751,58.90533],[17.5675,58.90534],[17.56748,58.90537],[17.56748,58.90538],[17.56746,58.9054],[17.56744,58.90543],[17.56743,58.90546],[17.56742,58.90548],[17.56742,58.9055],[17.56741,58.90552],[17.56741,58.90554],[17.5674,58.90557],[17.5674,58.90558],[17.5674,58.9056],[17.5674,58.90561],[17.5674,58.90562],[17.5674,58.90562],[17.5674,58.90563],[17.5674,58.90563],[17.56741,58.90564],[17.56742,58.90565],[17.56744,58.90565],[17.56746,58.90565],[17.56748,58.90566],[17.56751,58.90566],[17.56756,58.90562],[17.56758,58.90561],[17.56761,58.90559],[17.56766,58.90554],[17.56767,58.90554],[17.56769,58.90552],[17.5677,58.90551],[17.56771,58.9055],[17.56774,58.90547],[17.56775,58.90546],[17.56778,58.90544],[17.56779,58.90543],[17.56785,58.90538],[17.56786,58.90538],[17.5681,58.90539],[17.5681,58.90539],[17.5681,58.90539],[17.5685,58.90584],[17.56887,58.90608],[17.56899,58.90624],[17.56909,58.90646],[17.5691,58.90699],[17.56919,58.90756],[17.56957,58.90754],[17.56957,58.90754],[17.56957,58.90754],[17.56992,58.90832],[17.5699,58.90857],[17.56974,58.91013],[17.56966,58.91089],[17.57068,58.91083],[17.57068,58.91083],[17.57068,58.91083],[17.57081,58.9132],[17.57081,58.9132],[17.57081,58.9132],[17.56688,58.91351],[17.56457,58.9157],[17.5641,58.91616],[17.56388,58.91636],[17.56388,58.91636],[17.56388,58.91636],[17.55081,58.91298],[17.5508,58.91298],[17.55074,58.91267],[17.55073,58.91243],[17.55073,58.91243],[17.55073,58.91243],[17.55073,58.91243],[17.55164,58.91249]]]]},"properties":{"NVRID":"2024410","NAMN":"Tomtaklintskogen","SKYDDSTYP":"Naturreservat","BESLUTSSTATUS":"Gällande","LAN":"Södermanlands Län","KOMMUN":"Trosa","IUCNKATEGORI":"Ia, Strikt naturreservat (Strict Nature Reserve)","FORVALTARE":"Trosa kommun","AREA_HA":54.44,"LAND_HA":54.44,"VATTEN_HA":0.0,"SKOG_HA":48.21,"URSPR_BESLUTSDATUM":"2009-12-02"}},{"type":"Feature","geometry":{"type":"MultiPolygon","coordinates":[[[[17.26388,58.94349],[17.26402,58.94339],[17.26535,58.94242],[17.26527,58.94127],[17.26528,58.9412],[17.26494,58.94072],[17.26474,58.94073],[17.26474,58.94073],[17.26474,58.94073],[17.26467,58.94055],[17.26464,58.94042],[17.26455,58.94034],[17.26457,58.93992],[17.26464,58.93981],[17.26464,58.93981],[17.26622,58.93898],[17.26515,58.93866],[17.26515,58.93866],[17.26515,58.93866],[17.26685,58.93748],[17.26753,58.93701],[17.2677,58.9369],[17.26879,58.93614],[17.26913,58.93591],[17.26913,58.93591],[17.26913,58.93591],[17.26913,58.93591],[17.26914,58.93591],[17.26959,58.93674],[17.27045,58.93732],[17.27092,58.93811],[17.27184,58.938],[17.27184,58.938],[17.27185,58.938],[17.27241,58.93844],[17.27262,58.93858],[17.27345,58.93916],[17.2736,58.93927],[17.27438,58.9398],[17.27551,58.94059],[17.27781,58.94218],[17.27823,58.94248],[17.2798,58.94358],[17.28206,58.94517],[17.28206,58.94517],[17.28206,58.94517],[17.27939,58.94717],[17.27749,58.94877],[17.27561,58.95028],[17.27458,58.95151],[17.27185,58.95471],[17.27155,58.95507],[17.27154,58.95507],[17.27154,58.95507],[17.27082,58.955],[17.26905,58.95483],[17.26681,58.95461],[17.26347,58.95428],[17.26235,58.95416],[17.2598,58.95389],[17.25637,58.95353],[17.25496,58.95337],[17.2536,58.95323],[17.2498,58.95284],[17.24931,58.95279],[17.24627,58.95246],[17.24555,58.95238],[17.24555,58.95238],[17.24555,58.95238],[17.24555,58.95238],[17.25231,58.94815],[17.25251,58.94806],[17.25301,58.94784],[17.25321,58.94774],[17.25338,58.94762],[17.25344,58.94757],[17.25349,58.94749],[17.25355,58.94733],[17.25351,58.94717],[17.25341,58.94698],[17.25321,58.94669],[17.25319,58.94661],[17.25318,58.94656],[17.25318,58.94651],[17.25319,58.94647],[17.25325,58.94635],[17.25335,58.9462],[17.25449,58.94514],[17.25468,58.94492],[17.25478,58.94478],[17.2548,58.94453],[17.25479,58.94442],[17.25475,58.94426],[17.25471,58.94412],[17.25461,58.94377],[17.25459,58.94355],[17.25459,58.94348],[17.25467,58.94334],[17.25478,58.94317],[17.25486,58.94302],[17.25497,58.94267],[17.25497,58.9424],[17.25501,58.94232],[17.25512,58.9422],[17.25526,58.94207],[17.25542,58.94187],[17.25546,58.94181],[17.25546,58.9418],[17.25546,58.9418],[17.2559,58.94183],[17.25977,58.94201],[17.26388,58.94349]],[[17.27121,58.94569],[17.27294,58.94583],[17.27373,58.9458],[17.27379,58.94526],[17.27345,58.9451],[17.27345,58.94509],[17.2732,58.94475],[17.27309,58.9444],[17.27233,58.94401],[17.27183,58.94452],[17.27169,58.94469],[17.2716,58.94477],[17.27134,58.945],[17.27126,58.94544],[17.27121,58.94569]]]]},"properties":{"NVRID":"2062601","NAMN":"Stocksund","SKYDDSTYP":"Naturreservat","BESLUTSSTATUS":"Gällande","LAN":"Södermanlands Län","KOMMUN":"Gnesta, Nyköping","IUCNKATEGORI":"Ia, Strikt naturreservat (Strict Nature Reserve)","FORVALTARE":"Länsstyrelsen i Södermanlands län","AREA_HA":222.2,"LAND_HA":214.37,"VATTEN_HA":7.83,"SKOG_HA":186.92,"URSPR_BESLUTSDATUM":"2024-10-14"}},{"type":"Feature","geometry":{"type":"MultiPolygon","coordinates":[[[[16.55058,58.79378],[16.55058,58.79378],[16.55058,58.79378],[16.55106,58.79286],[16.55138,58.79235],[16.55197,58.79122],[16.55202,58.79101],[16.55248,58.7901],[16.55257,58.78942],[16.55262,58.78924],[16.55269,58.78794],[16.5528,58.78761],[16.5528,58.78761],[16.5533,58.7875],[16.55574,58.78728],[16.55636,58.78719],[16.55729,58.78672],[16.55717,58.7864],[16.55717,58.7864],[16.55717,58.7864],[16.55984,58.78636],[16.55984,58.78637],[16.55984,58.78637],[16.56004,58.78666],[16.56004,58.78666],[16.55957,58.78738],[16.55974,58.78808],[16.56085,58.78867],[16.56192,58.78883],[16.56246,58.78887],[16.56372,58.78887],[16.56373,58.78887],[16.56587,58.79013],[16.56587,58.79013],[16.56587,58.79013],[16.56502,58.79086],[16.5647,58.79101],[16.5647,58.79101],[16.56364,58.79109],[16.56285,58.79116],[16.56101,58.79224],[16.55919,58.79267],[16.55899,58.79272],[16.55745,58.79366],[16.55724,58.79373],[16.55685,58.79387],[16.555,58.79384],[16.55058,58.79378]]]]},"properties":{"NVRID":"2200078","NAMN":"Danbyholm","SKYDDSTYP":"Naturreservat","BESLUTSSTATUS":"Gällande","LAN":"Södermanlands Län","KOMMUN":"Katrineholm","IUCNKATEGORI":"Ia, Strikt naturreservat (Strict Nature Reserve)","FORVALTARE":"Länsstyrelsen i Södermanlands län","AREA_HA":42.5,"LAND_HA":42.5,"VATTEN_HA":0.0,"SKOG_HA":40.38,"URSPR_BESLUTSDATUM":"2025-12-01"}},{"type":"Feature","geometry":{"type":"MultiPolygon","coordinates":[[[[16.37019,59.45133],[16.37609,59.45117],[16.37689,59.45144],[16.37746,59.45191],[16.37792,59.45176],[16.3779,59.45139],[16.3779,59.45139],[16.37806,59.4513],[16.37806,59.4513],[16.37806,59.4513],[16.37866,59.45142],[16.37892,59.45139],[16.37944,59.45048],[16.37945,59.45048],[16.38023,59.45046],[16.38023,59.45046],[16.38023,59.45046],[16.38037,59.45077],[16.38048,59.45085],[16.38081,59.45089],[16.3819,59.45076],[16.3819,59.45076],[16.38237,59.451],[16.38263,59.45128],[16.38287,59.45132],[16.38394,59.45124],[16.38416,59.45116],[16.3842,59.45098],[16.3842,59.45098],[16.3842,59.45098],[16.38513,59.45119],[16.38555,59.45135],[16.38588,59.45136],[16.38655,59.45124],[16.38655,59.45124],[16.38704,59.45133],[16.3872,59.4512],[16.38754,59.45073],[16.38807,59.45042],[16.38827,59.44993],[16.38872,59.44969],[16.38907,59.44943],[16.38917,59.44919],[16.38906,59.44899],[16.38908,59.44875],[16.38934,59.4483],[16.38968,59.44807],[16.38978,59.44784],[16.3894,59.44739],[16.38936,59.44721],[16.3894,59.44701],[16.38976,59.44653],[16.39052,59.44575],[16.39066,59.44535],[16.39092,59.44506],[16.39127,59.44489],[16.39149,59.44487],[16.39149,59.44487],[16.39149,59.44487],[16.39272,59.44555],[16.39387,59.44466],[16.39435,59.44414],[16.39459,59.44389],[16.39613,59.44208],[16.39613,59.44208],[16.39613,59.44208],[16.39613,59.44208],[16.39619,59.44209],[16.39628,59.44212],[16.39634,59.44218],[16.39635,59.44224],[16.3963,59.4423],[16.39625,59.44234],[16.39626,59.4424],[16.39631,59.44248],[16.39634,59.44255],[16.39636,59.44262],[16.3964,59.4427],[16.39648,59.44277],[16.3966,59.44283],[16.39678,59.44289],[16.39718,59.44305],[16.39738,59.44312],[16.39748,59.44317],[16.39761,59.44323],[16.3978,59.44328],[16.39799,59.44332],[16.39818,59.44336],[16.39839,59.44338],[16.39862,59.4434],[16.39878,59.44343],[16.39892,59.44347],[16.39906,59.44349],[16.39922,59.44351],[16.39939,59.44354],[16.39954,59.44356],[16.39969,59.44357],[16.39984,59.44357],[16.40001,59.44358],[16.40015,59.44357],[16.40027,59.44355],[16.40038,59.44357],[16.40051,59.44358],[16.40064,59.44358],[16.40075,59.44359],[16.40087,59.44363],[16.40098,59.44365],[16.40114,59.44366],[16.40129,59.44367],[16.4014,59.44368],[16.40151,59.44373],[16.40161,59.44379],[16.40174,59.44384],[16.4019,59.44387],[16.40208,59.44392],[16.40221,59.44395],[16.40232,59.44394],[16.40241,59.44392],[16.40247,59.44392],[16.40247,59.44392],[16.40253,59.44395],[16.4026,59.44402],[16.40266,59.44408],[16.40276,59.44412],[16.40285,59.44417],[16.40296,59.44425],[16.40309,59.44435],[16.40322,59.44444],[16.40337,59.44454],[16.4035,59.44467],[16.40366,59.4448],[16.40379,59.44493],[16.40392,59.44508],[16.40404,59.44523],[16.40418,59.44539],[16.40432,59.44553],[16.40446,59.44565],[16.40459,59.44575],[16.40473,59.44582],[16.40493,59.4459],[16.40513,59.44597],[16.40533,59.44602],[16.40556,59.44607],[16.40582,59.44612],[16.40609,59.44618],[16.40623,59.44619],[16.40632,59.44618],[16.40638,59.44615],[16.40642,59.44611],[16.40644,59.44607],[16.4065,59.44605],[16.40659,59.44605],[16.40668,59.44606],[16.40677,59.44605],[16.40684,59.44602],[16.40696,59.44601],[16.4071,59.44601],[16.40727,59.44602],[16.4074,59.44603],[16.4074,59.44603],[16.4075,59.44607],[16.40759,59.44614],[16.40765,59.44619],[16.40765,59.44619],[16.40765,59.44626],[16.40765,59.44632],[16.40773,59.44637],[16.40788,59.4464],[16.40801,59.44642],[16.40814,59.44647],[16.40829,59.44655],[16.40843,59.44662],[16.4085,59.44669],[16.4085,59.44676],[16.40851,59.44683],[16.40856,59.44691],[16.40869,59.44701],[16.40884,59.44712],[16.409,59.44725],[16.40915,59.44739],[16.40929,59.44751],[16.40942,59.44761],[16.40953,59.44765],[16.40961,59.4477],[16.40961,59.4477],[16.40963,59.4478],[16.40965,59.44791],[16.40965,59.44801],[16.40962,59.44811],[16.40958,59.44821],[16.40951,59.44833],[16.40941,59.44844],[16.40931,59.44855],[16.4092,59.44865],[16.40908,59.44875],[16.40893,59.44886],[16.40877,59.44898],[16.40863,59.44905],[16.40843,59.44911],[16.40825,59.44916],[16.40807,59.44925],[16.40795,59.44934],[16.40785,59.44944],[16.40764,59.44965],[16.40749,59.44976],[16.40736,59.44986],[16.40731,59.44996],[16.40727,59.45004],[16.40716,59.45011],[16.40709,59.4502],[16.40708,59.4503],[16.4071,59.45041],[16.40714,59.45052],[16.40718,59.45065],[16.40722,59.45078],[16.40729,59.45091],[16.40736,59.45099],[16.40736,59.45099],[16.40736,59.45099],[16.40736,59.45099],[16.40735,59.45099],[16.40617,59.45081],[16.40581,59.4507],[16.40432,59.45192],[16.40115,59.45217],[16.40158,59.4532],[16.40234,59.45439],[16.40236,59.45444],[16.40236,59.45444],[16.40236,59.45444],[16.40226,59.45448],[16.40208,59.45454],[16.4019,59.45459],[16.40172,59.45462],[16.40154,59.45463],[16.40134,59.45464],[16.40113,59.45465],[16.40093,59.45464],[16.40074,59.45461],[16.40055,59.45458],[16.40036,59.45453],[16.40018,59.45447],[16.40005,59.4544],[16.39994,59.45433],[16.39985,59.45424],[16.39979,59.45415],[16.39971,59.45409],[16.39971,59.45409],[16.39971,59.45409],[16.40047,59.45362],[16.3995,59.45323],[16.3995,59.45323],[16.3995,59.45323],[16.40058,59.45226],[16.40012,59.45213],[16.39973,59.45196],[16.39893,59.45144],[16.39768,59.45237],[16.39768,59.45237],[16.39652,59.45261],[16.39649,59.4526],[16.39633,59.45256],[16.39607,59.45249],[16.39599,59.45245],[16.39594,59.45238],[16.39585,59.45231],[16.39574,59.45226],[16.39557,59.45224],[16.39538,59.45223],[16.3952,59.45224],[16.39506,59.45227],[16.39493,59.45233],[16.39484,59.4524],[16.3948,59.45247],[16.39479,59.45253],[16.39478,59.45258],[16.39473,59.45262],[16.39465,59.45269],[16.39456,59.45277],[16.39445,59.45283],[16.39433,59.45287],[16.39418,59.45288],[16.394,59.45288],[16.39381,59.45289],[16.39363,59.45292],[16.3935,59.45297],[16.39337,59.45305],[16.39323,59.45314],[16.39311,59.45323],[16.39299,59.45333],[16.39288,59.45345],[16.39282,59.45355],[16.39276,59.45365],[16.39271,59.45371],[16.39271,59.45371],[16.39263,59.45375],[16.39252,59.45376],[16.39252,59.45376],[16.39244,59.45374],[16.39239,59.45369],[16.39238,59.45364],[16.39243,59.45349],[16.39242,59.45341],[16.39237,59.45333],[16.39232,59.45326],[16.39232,59.45319],[16.39232,59.45312],[16.39227,59.45306],[16.39217,59.45304],[16.39204,59.45305],[16.39191,59.4531],[16.39174,59.45318],[16.39154,59.45326],[16.39127,59.45337],[16.39107,59.45344],[16.39086,59.45349],[16.39079,59.4535],[16.39079,59.4535],[16.39079,59.4535],[16.39065,59.45313],[16.38899,59.45286],[16.38843,59.45298],[16.38843,59.45298],[16.38843,59.45298],[16.38836,59.45293],[16.38823,59.45289],[16.38805,59.45283],[16.38784,59.45278],[16.38763,59.45273],[16.38742,59.4527],[16.38722,59.45268],[16.38708,59.45268],[16.38694,59.45272],[16.38681,59.45279],[16.38666,59.45286],[16.38652,59.4529],[16.38633,59.45292],[16.38614,59.45293],[16.38597,59.45292],[16.38581,59.45288],[16.38568,59.45284],[16.38555,59.45277],[16.38543,59.4527],[16.38531,59.45264],[16.38518,59.45261],[16.38506,59.45261],[16.38493,59.45263],[16.38475,59.45261],[16.38456,59.4526],[16.38438,59.45259],[16.38422,59.45261],[16.38405,59.45264],[16.38388,59.4527],[16.3837,59.45275],[16.38351,59.45276],[16.38334,59.45274],[16.38319,59.45271],[16.38303,59.45267],[16.38295,59.45268],[16.38282,59.45273],[16.38279,59.45276],[16.38283,59.45281],[16.38296,59.45289],[16.38305,59.45297],[16.38305,59.45297],[16.38305,59.45301],[16.38305,59.45301],[16.383,59.45305],[16.38291,59.45305],[16.38278,59.45303],[16.38263,59.453],[16.38247,59.45299],[16.38232,59.45303],[16.38222,59.45309],[16.38216,59.45316],[16.38213,59.45324],[16.38209,59.45334],[16.38202,59.45344],[16.38191,59.45353],[16.38177,59.4536],[16.38157,59.45367],[16.38142,59.45371],[16.38121,59.45376],[16.38099,59.4538],[16.38077,59.45382],[16.38058,59.45386],[16.38036,59.45392],[16.38016,59.45398],[16.37994,59.45403],[16.37972,59.45406],[16.37957,59.45407],[16.3794,59.45406],[16.37927,59.45402],[16.37916,59.45397],[16.37907,59.4539],[16.379,59.45382],[16.37897,59.45375],[16.37894,59.45367],[16.37892,59.4536],[16.37888,59.45352],[16.37882,59.45344],[16.37872,59.45337],[16.3786,59.4533],[16.37844,59.45322],[16.37825,59.45317],[16.37804,59.45312],[16.37784,59.45308],[16.37766,59.45306],[16.37748,59.45305],[16.37734,59.45302],[16.37723,59.45297],[16.37693,59.45278],[16.37679,59.45269],[16.3766,59.45259],[16.37643,59.45252],[16.37634,59.4525],[16.37625,59.45253],[16.37614,59.45258],[16.37602,59.45266],[16.37593,59.45271],[16.37585,59.45273],[16.37573,59.45272],[16.37563,59.45274],[16.37553,59.4528],[16.37543,59.45287],[16.37536,59.45292],[16.37528,59.45294],[16.37522,59.45293],[16.37518,59.45289],[16.37518,59.45284],[16.37517,59.45276],[16.37513,59.45268],[16.37504,59.4526],[16.37493,59.4525],[16.37482,59.45243],[16.37472,59.45238],[16.37462,59.45236],[16.37405,59.45232],[16.37392,59.45233],[16.37382,59.45236],[16.37373,59.45241],[16.3736,59.45249],[16.37347,59.45256],[16.37329,59.45262],[16.37313,59.45267],[16.37295,59.4527],[16.3728,59.4527],[16.37267,59.45269],[16.37256,59.45265],[16.37246,59.45261],[16.37232,59.45258],[16.3722,59.45255],[16.37209,59.45249],[16.37199,59.45243],[16.37189,59.45236],[16.37177,59.45231],[16.37163,59.45227],[16.37149,59.45226],[16.37133,59.45227],[16.37119,59.45229],[16.37104,59.45233],[16.37091,59.45239],[16.37071,59.45248],[16.37071,59.45248],[16.37071,59.45248],[16.3707,59.45248],[16.3707,59.45248],[16.37073,59.45243],[16.37071,59.45241],[16.37019,59.45197],[16.37018,59.45196],[16.37019,59.45133],[16.37019,59.45133],[16.37019,59.45133]]]]},"properties":{"NVRID":"2005519","NAMN":"Askholmen","SKYDDSTYP":"Naturreservat","BESLUTSSTATUS":"Gällande","LAN":"Södermanlands Län","KOMMUN":"Eskilstuna","IUCNKATEGORI":"IV, Habitat/Artskyddsområde (Habitat/Species Management Area)","FORVALTARE":"Länsstyrelsen i Södermanlands län","AREA_HA":116.27,"LAND_HA":116.14,"VATTEN_HA":0.13,"SKOG_HA":80.39,"URSPR_BESLUTSDATUM":"2006-09-11"}},{"type":"Feature","geometry":{"type":"MultiPolygon","coordinates":[[[[16.50812,59.39459],[16.50743,59.39464],[16.50743,59.39464],[16.50743,59.39464],[16.50743,59.39463],[16.50746,59.39448],[16.50641,59.39294],[16.50641,59.39294],[16.50641,59.39294],[16.50656,59.39292],[16.50697,59.39279],[16.50731,59.39262],[16.50765,59.39236],[16.50825,59.39206],[16.50873,59.39187],[16.50892,59.39182],[16.50915,59.39179],[16.50952,59.39178],[16.51179,59.39183],[16.51245,59.39195],[16.51371,59.39194],[16.51399,59.39068],[16.5142,59.38835],[16.5142,59.38835],[16.51421,59.38834],[16.51732,59.38805],[16.52001,59.38757],[16.52299,59.38714],[16.52429,59.38698],[16.52538,59.38698],[16.52605,59.38706],[16.52678,59.38727],[16.52766,59.38765],[16.52943,59.38862],[16.53074,59.38939],[16.53172,59.39009],[16.53172,59.39009],[16.53172,59.39009],[16.53098,59.39046],[16.53039,59.39081],[16.5291,59.39184],[16.52864,59.39224],[16.52809,59.39288],[16.5273,59.39466],[16.52766,59.39477],[16.52766,59.39477],[16.52773,59.39506],[16.52757,59.39585],[16.52761,59.39629],[16.5276,59.39629],[16.5276,59.39629],[16.52442,59.39673],[16.52185,59.39664],[16.52127,59.39692],[16.51864,59.39811],[16.51864,59.39811],[16.51864,59.39811],[16.51171,59.39763],[16.51171,59.39763],[16.51072,59.39666],[16.51082,59.39624],[16.50748,59.39542],[16.50748,59.39542],[16.50748,59.39542],[16.50748,59.39542],[16.50758,59.39532],[16.50758,59.39532],[16.50848,59.39523],[16.50812,59.39459]]]]},"properties":{"NVRID":"2001863","NAMN":"Årby","SKYDDSTYP":"Naturreservat","BESLUTSSTATUS":"Gällande","LAN":"Södermanlands Län","KOMMUN":"Eskilstuna","IUCNKATEGORI":"IV, Habitat/Artskyddsområde (Habitat/Species Management Area)","FORVALTARE":"Eskilstuna kommun","AREA_HA":110.23,"LAND_HA":110.23,"VATTEN_HA":0.0,"SKOG_HA":51.67,"URSPR_BESLUTSDATUM":"1974-04-10"}},{"type":"Feature","geometry":{"type":"MultiPolygon","coordinates":[[[[16.40784,58.93263],[16.40785,58.93237],[16.40804,58.93203],[16.40846,58.9315],[16.40882,58.93112],[16.40958,58.93037],[16.41005,58.92981],[16.41025,58.92948],[16.41054,58.92883],[16.41115,58.92769],[16.41175,58.92694],[16.41256,58.92611],[16.41488,58.92434],[16.41563,58.92392],[16.41673,58.92353],[16.41949,58.92267],[16.42263,58.92116],[16.42263,58.92116],[16.42263,58.92116],[16.42263,58.92116],[16.42331,58.92154],[16.42399,58.92119],[16.42399,58.92119],[16.42399,58.92119],[16.42519,58.92173],[16.4275,58.92276],[16.4275,58.92276],[16.4275,58.92276],[16.42559,58.92393],[16.42453,58.92461],[16.42359,58.92574],[16.42344,58.92623],[16.42321,58.92652],[16.42301,58.92669],[16.42143,58.92754],[16.42122,58.92768],[16.4208,58.92852],[16.42056,58.92902],[16.42042,58.92926],[16.41999,58.92956],[16.41871,58.9302],[16.41803,58.93078],[16.4171,58.93255],[16.4166,58.93345],[16.41466,58.93695],[16.41466,58.93695],[16.41466,58.93695],[16.41435,58.93698],[16.41331,58.93686],[16.41223,58.93682],[16.41124,58.93681],[16.41073,58.93678],[16.41026,58.93673],[16.40971,58.93649],[16.40936,58.93612],[16.40929,58.936],[16.40934,58.93503],[16.40895,58.93441],[16.4089,58.93405],[16.4089,58.93372],[16.40873,58.93361],[16.40828,58.93337],[16.40811,58.93333],[16.40799,58.93329],[16.40799,58.93329],[16.40784,58.93263]]]]},"properties":{"NVRID":"2001918","NAMN":"Tolmon","SKYDDSTYP":"Naturreservat","BESLUTSSTATUS":"Gällande","LAN":"Södermanlands Län","KOMMUN":"Flen, Katrineholm","IUCNKATEGORI":"III, Naturmonument (Natural Monument)","FORVALTARE":"Länsstyrelsen i Södermanlands län","AREA_HA":85.43,"LAND_HA":85.43,"VATTEN_HA":0.0,"SKOG_HA":74.32,"URSPR_BESLUTSDATUM":"1970-04-07"}},{"type":"Feature","geometry":{"type":"MultiPolygon","coordinates":[[[[16.67243,58.95776],[16.67323,58.9576],[16.67471,58.95746],[16.6741,58.95717],[16.6733,58.9568],[16.67249,58.95625],[16.67195,58.9563],[16.67148,58.95625],[16.67005,58.95613],[16.66902,58.95601],[16.66902,58.95601],[16.66902,58.956],[16.66886,58.95539],[16.66908,58.95518],[16.6698,58.95485],[16.67148,58.95462],[16.67148,58.95462],[16.67243,58.95484],[16.67422,58.95529],[16.67544,58.95535],[16.67661,58.95527],[16.67883,58.95535],[16.67965,58.95552],[16.6801,58.95552],[16.68035,58.95544],[16.68057,58.95504],[16.68085,58.95495],[16.68177,58.95484],[16.68362,58.95438],[16.68423,58.95382],[16.68447,58.95286],[16.68447,58.95286],[16.68484,58.95281],[16.68637,58.9523],[16.68786,58.95174],[16.68855,58.95145],[16.68855,58.95145],[16.69046,58.95186],[16.692,58.95163],[16.69309,58.95154],[16.6959,58.95049],[16.6965,58.95044],[16.69862,58.95036],[16.69862,58.95036],[16.69862,58.95037],[16.69874,58.95154],[16.70014,58.95242],[16.70014,58.95242],[16.70013,58.95286],[16.70013,58.95286],[16.69927,58.95341],[16.69896,58.95391],[16.69917,58.95489],[16.69917,58.95489],[16.69917,58.95489],[16.69702,58.95515],[16.69645,58.95563],[16.69645,58.95563],[16.69645,58.95563],[16.69645,58.95563],[16.69581,58.9554],[16.69546,58.95521],[16.69464,58.95523],[16.69386,58.95514],[16.69221,58.95529],[16.69023,58.95567],[16.69023,58.95567],[16.69023,58.95567],[16.68972,58.95527],[16.68952,58.95496],[16.6892,58.95485],[16.68869,58.95495],[16.68899,58.95549],[16.68946,58.95607],[16.68943,58.95639],[16.68919,58.95676],[16.68991,58.95693],[16.68991,58.95693],[16.68991,58.95693],[16.68967,58.95737],[16.68946,58.95831],[16.68946,58.95831],[16.68946,58.95831],[16.68891,58.95843],[16.68529,58.9585],[16.6841,58.95846],[16.68296,58.95864],[16.68129,58.9588],[16.68041,58.9586],[16.67919,58.95865],[16.6787,58.9586],[16.67806,58.95868],[16.6773,58.95853],[16.67608,58.95844],[16.67532,58.95854],[16.67493,58.95874],[16.67492,58.95895],[16.67466,58.9591],[16.67367,58.9592],[16.67288,58.95919],[16.67216,58.95908],[16.67137,58.95915],[16.67043,58.95909],[16.66923,58.95895],[16.66922,58.95895],[16.66922,58.95895],[16.66917,58.95868],[16.66917,58.95868],[16.67001,58.95827],[16.67077,58.95761],[16.67077,58.95761],[16.67243,58.95776]]]]},"properties":{"NVRID":"2050429","NAMN":"Marsjön","SKYDDSTYP":"Naturreservat","BESLUTSSTATUS":"Gällande","LAN":"Södermanlands Län","KOMMUN":"Flen","IUCNKATEGORI":"Ia, Strikt naturreservat (Strict Nature Reserve)","FORVALTARE":"Länsstyrelsen i Södermanlands län","AREA_HA":79.1,"LAND_HA":63.31,"VATTEN_HA":15.79,"SKOG_HA":25.75,"URSPR_BESLUTSDATUM":"2018-12-18"}},{"type":"Feature","geometry":{"type":"MultiPolygon","coordinates":[[[[16.69236,59.09491],[16.6916,59.09309],[16.6916,59.09309],[16.69565,59.08894],[16.69565,59.08894],[16.69565,59.08894],[16.70203,59.09055],[16.70204,59.09055],[16.70203,59.09055],[16.70203,59.09055],[16.70082,59.09096],[16.70158,59.09159],[16.70209,59.09201],[16.70209,59.09201],[16.70209,59.09201],[16.70041,59.09261],[16.69886,59.09366],[16.69886,59.09366],[16.69886,59.09366],[16.69864,59.09356],[16.69786,59.09324],[16.69601,59.09392],[16.6942,59.09573],[16.69302,59.09629],[16.69302,59.09629],[16.69302,59.09629],[16.69147,59.09591],[16.69147,59.09591],[16.69147,59.09591],[16.69147,59.09591],[16.69236,59.09491]]]]},"properties":{"NVRID":"2001876","NAMN":"Fållökna","SKYDDSTYP":"Naturreservat","BESLUTSSTATUS":"Gällande","LAN":"Södermanlands Län","KOMMUN":"Flen","IUCNKATEGORI":"0, Områden som ej kan klassificeras enligt IUCN: s system.","FORVALTARE":"Länsstyrelsen i Södermanlands län","AREA_HA":24.78,"LAND_HA":11.2,"VATTEN_HA":13.58,"SKOG_HA":7.14,"URSPR_BESLUTSDATUM":"1966-11-15"}},{"type":"Feature","geometry":{"type":"MultiPolygon","coordinates":[[[[16.94922,59.16833],[16.94926,59.16812],[16.94926,59.16812],[16.95003,59.16787],[16.95146,59.16718],[16.95146,59.16718],[16.95252,59.16726],[16.95252,59.16726],[16.95279,59.16744],[16.95388,59.16729],[16.95458,59.16724],[16.95496,59.16723],[16.95496,59.16723],[16.9557,59.16737],[16.95622,59.16745],[16.95632,59.16713],[16.95676,59.16672],[16.95676,59.16672],[16.95676,59.16672],[16.95676,59.16672],[16.95713,59.16686],[16.95713,59.16686],[16.95707,59.16712],[16.95767,59.16735],[16.95836,59.16779],[16.95836,59.16779],[16.95836,59.16779],[16.95836,59.16779],[16.95776,59.16789],[16.95762,59.16829],[16.95845,59.1685],[16.95845,59.1685],[16.95841,59.16874],[16.95841,59.16874],[16.95841,59.16874],[16.9577,59.16889],[16.95689,59.16905],[16.95634,59.16902],[16.9552,59.169],[16.95681,59.17004],[16.95681,59.17004],[16.95773,59.17639],[16.95774,59.17653],[16.95774,59.17653],[16.95774,59.17653],[16.95774,59.17653],[16.95774,59.17653],[16.95766,59.17646],[16.95755,59.1764],[16.95738,59.1763],[16.95724,59.1762],[16.95715,59.17614],[16.95697,59.17605],[16.95688,59.17601],[16.95676,59.17597],[16.95652,59.17592],[16.95628,59.17588],[16.95603,59.17585],[16.95588,59.17585],[16.95576,59.17585],[16.95559,59.17582],[16.95536,59.17576],[16.95518,59.1757],[16.95505,59.17564],[16.95494,59.17557],[16.95484,59.17549],[16.95476,59.1754],[16.95465,59.17534],[16.9546,59.17533],[16.95423,59.17534],[16.95397,59.17533],[16.95381,59.17534],[16.9529,59.17512],[16.95048,59.17482],[16.95048,59.17482],[16.95048,59.17482],[16.95058,59.17456],[16.95065,59.17432],[16.95143,59.17404],[16.95186,59.17346],[16.95201,59.17299],[16.95223,59.17224],[16.95201,59.17147],[16.95182,59.17072],[16.95158,59.16999],[16.95145,59.1694],[16.95013,59.16895],[16.94958,59.16864],[16.94922,59.16833],[16.94922,59.16833]]]]},"properties":{"NVRID":"2001323","NAMN":"Lomsjöskogen","SKYDDSTYP":"Naturreservat","BESLUTSSTATUS":"Gällande","LAN":"Södermanlands Län","KOMMUN":"Gnesta","IUCNKATEGORI":"Ia, Strikt naturreservat (Strict Nature Reserve)","FORVALTARE":"Länsstyrelsen i Södermanlands län","AREA_HA":31.34,"LAND_HA":30.64,"VATTEN_HA":0.7,"SKOG_HA":21.55,"URSPR_BESLUTSDATUM":"2001-12-14"}},{"type":"Feature","geometry":{"type":"MultiPolygon","coordinates":[[[[17.09777,59.40269],[17.09785,59.40261],[17.09791,59.40252],[17.09792,59.40233],[17.09791,59.40222],[17.09815,59.40195],[17.09826,59.40164],[17.09834,59.40147],[17.09844,59.40128],[17.09848,59.40123],[17.09857,59.40115],[17.09897,59.40095],[17.09909,59.4009],[17.09945,59.40072],[17.09968,59.4006],[17.09981,59.40054],[17.10051,59.40028],[17.10065,59.40024],[17.10095,59.40018],[17.10118,59.40014],[17.10129,59.4001],[17.10138,59.40004],[17.10141,59.40002],[17.10145,59.4],[17.10154,59.40001],[17.10167,59.40007],[17.10177,59.4001],[17.102,59.4001],[17.10233,59.40006],[17.10251,59.40003],[17.10264,59.40002],[17.10281,59.40005],[17.10288,59.40005],[17.10294,59.40004],[17.10301,59.40005],[17.10301,59.40006],[17.10305,59.40012],[17.10307,59.40016],[17.10328,59.40022],[17.10414,59.40027],[17.10428,59.40027],[17.10439,59.40026],[17.10468,59.4002],[17.10487,59.40016],[17.10513,59.40012],[17.10526,59.40012],[17.10535,59.40013],[17.10551,59.40019],[17.10571,59.4003],[17.10585,59.40038],[17.10622,59.40057],[17.10651,59.40068],[17.10665,59.40072],[17.10671,59.40075],[17.10742,59.40088],[17.10765,59.4009],[17.1081,59.40091],[17.1085,59.4009],[17.10881,59.40087],[17.109,59.40084],[17.10918,59.4008],[17.10931,59.40078],[17.10972,59.40077],[17.10987,59.40077],[17.10991,59.40078],[17.11089,59.40123],[17.1109,59.40131],[17.11095,59.40141],[17.11098,59.40144],[17.11108,59.40147],[17.11114,59.40156],[17.11127,59.40182],[17.11133,59.40192],[17.11141,59.40208],[17.11145,59.40216],[17.11152,59.40237],[17.1115,59.40252],[17.11153,59.40286],[17.11152,59.4033],[17.11149,59.40351],[17.11145,59.40358],[17.11138,59.40363],[17.11133,59.40366],[17.11132,59.40377],[17.11127,59.40393],[17.11116,59.40409],[17.111,59.40418],[17.11093,59.40421],[17.1107,59.40426],[17.11041,59.4043],[17.11023,59.40437],[17.1101,59.40444],[17.11,59.40451],[17.10985,59.40461],[17.10952,59.40479],[17.10935,59.40486],[17.10909,59.40502],[17.10901,59.40507],[17.10877,59.40527],[17.10871,59.40538],[17.10855,59.40566],[17.10825,59.40604],[17.10814,59.40618],[17.10793,59.40644],[17.10786,59.40649],[17.10775,59.40657],[17.10768,59.40662],[17.10745,59.40677],[17.10714,59.40712],[17.10702,59.40728],[17.10697,59.40734],[17.10689,59.40739],[17.10677,59.40747],[17.10648,59.40788],[17.10632,59.40807],[17.10621,59.4082],[17.10601,59.40845],[17.10592,59.40854],[17.10587,59.40858],[17.10569,59.40869],[17.10556,59.40879],[17.10548,59.40885],[17.10544,59.40897],[17.10541,59.40904],[17.10517,59.40928],[17.10502,59.40944],[17.10494,59.40951],[17.10486,59.40961],[17.10485,59.40961],[17.10485,59.40961],[17.1042,59.40956],[17.10323,59.40949],[17.10323,59.40949],[17.10323,59.40949],[17.10332,59.40911],[17.10232,59.40911],[17.10232,59.40911],[17.10232,59.40911],[17.10232,59.40911],[17.10247,59.40865],[17.10269,59.40814],[17.10218,59.40803],[17.10218,59.40803],[17.10218,59.40803],[17.10225,59.40796],[17.10225,59.40796],[17.10303,59.40774],[17.10324,59.40732],[17.10324,59.40732],[17.10324,59.40732],[17.10415,59.40727],[17.10569,59.4074],[17.10604,59.40729],[17.10715,59.40507],[17.10423,59.40473],[17.10359,59.40468],[17.10358,59.40468],[17.10344,59.40445],[17.10292,59.40405],[17.10291,59.40395],[17.10291,59.40395],[17.10349,59.40369],[17.10387,59.40361],[17.1049,59.40321],[17.10571,59.40287],[17.10655,59.40241],[17.10655,59.40241],[17.10656,59.40241],[17.10716,59.40262],[17.10791,59.40194],[17.107,59.40183],[17.10598,59.40143],[17.10377,59.4012],[17.10271,59.40112],[17.10235,59.40193],[17.10133,59.40245],[17.10117,59.40265],[17.10117,59.40265],[17.09943,59.40282],[17.09777,59.40269],[17.09777,59.40269],[17.09777,59.40269],[17.09777,59.40269],[17.09777,59.40269]]]]},"properties":{"NVRID":"2001123","NAMN":"Tynnelsö Djurgård","SKYDDSTYP":"Naturreservat","BESLUTSSTATUS":"Gällande","LAN":"Södermanlands Län","KOMMUN":"Strängnäs","IUCNKATEGORI":"IV, Habitat/Artskyddsområde (Habitat/Species Management Area)","FORVALTARE":"Länsstyrelsen i Södermanlands län","AREA_HA":29.78,"LAND_HA":29.68,"VATTEN_HA":0.1,"SKOG_HA":21.14,"URSPR_BESLUTSDATUM":"2003-06-13"}},{"type":"Feature","geometry":{"type":"MultiPolygon","coordinates":[[[[16.95379,59.49115],[16.95379,59.4911],[16.95384,59.49104],[16.95394,59.49097],[16.954,59.49091],[16.95408,59.49087],[16.95417,59.49076],[16.95418,59.49073],[16.95426,59.49066],[16.95426,59.49066],[16.95431,59.49065],[16.95438,59.49065],[16.95438,59.49062],[16.95445,59.49054],[16.95457,59.49047],[16.95464,59.49044],[16.95466,59.49041],[16.95468,59.49038],[16.95469,59.49035],[16.95467,59.49029],[16.95465,59.49026],[16.95465,59.49026],[16.95469,59.49023],[16.95474,59.49021],[16.95474,59.49021],[16.95478,59.49021],[16.955,59.49],[16.95509,59.48993],[16.95519,59.48987],[16.95527,59.4898],[16.95537,59.48974],[16.95545,59.48969],[16.95553,59.48964],[16.95572,59.48955],[16.95582,59.4895],[16.95593,59.48945],[16.95607,59.4894],[16.9563,59.48936],[16.95636,59.48935],[16.95646,59.48931],[16.95652,59.48928],[16.95655,59.48927],[16.95655,59.48927],[16.95655,59.48927],[16.95662,59.4893],[16.95671,59.48934],[16.95689,59.48933],[16.95696,59.4893],[16.95719,59.48912],[16.95724,59.48907],[16.95728,59.48897],[16.95729,59.48891],[16.95731,59.48887],[16.9574,59.48876],[16.9575,59.48867],[16.95768,59.48856],[16.95786,59.48841],[16.95793,59.48834],[16.95798,59.48827],[16.95802,59.48822],[16.95813,59.48788],[16.95826,59.4878],[16.95826,59.4878],[16.95837,59.48778],[16.95872,59.48769],[16.95907,59.48765],[16.95931,59.48765],[16.95938,59.48766],[16.95984,59.48771],[16.96004,59.48771],[16.96018,59.4877],[16.96056,59.48763],[16.96074,59.48759],[16.96098,59.48743],[16.96101,59.48738],[16.96103,59.48735],[16.96115,59.48722],[16.96118,59.48709],[16.96126,59.48703],[16.96138,59.48697],[16.96145,59.48693],[16.96174,59.48668],[16.96192,59.48648],[16.96204,59.48634],[16.96217,59.4861],[16.96234,59.48582],[16.96231,59.48576],[16.96232,59.48571],[16.96236,59.48566],[16.96236,59.48562],[16.96233,59.48542],[16.96234,59.48536],[16.96243,59.48524],[16.96266,59.48508],[16.96274,59.48501],[16.96308,59.48478],[16.96336,59.48461],[16.96393,59.48428],[16.96412,59.4842],[16.96442,59.48404],[16.96473,59.48389],[16.96519,59.48372],[16.96535,59.48366],[16.9657,59.48354],[16.96607,59.48338],[16.96636,59.48327],[16.96669,59.48314],[16.9674,59.48301],[16.9675,59.48299],[16.96765,59.48295],[16.96783,59.48292],[16.96819,59.48283],[16.96866,59.48272],[16.96934,59.48255],[16.96978,59.48248],[16.96999,59.48245],[16.97037,59.48242],[16.97043,59.48241],[16.97051,59.48239],[16.97066,59.48239],[16.97084,59.48238],[16.97104,59.48235],[16.97115,59.48231],[16.97117,59.4823],[16.97124,59.48231],[16.9713,59.48233],[16.97137,59.48235],[16.97152,59.48236],[16.97165,59.48237],[16.97175,59.48237],[16.97178,59.48237],[16.97181,59.48236],[16.97183,59.48232],[16.97184,59.4823],[16.97184,59.4823],[16.97187,59.48229],[16.97191,59.48229],[16.97191,59.48229],[16.97196,59.48231],[16.97199,59.48232],[16.97208,59.4823],[16.97223,59.4822],[16.97229,59.48218],[16.97243,59.48217],[16.97249,59.48212],[16.97258,59.4821],[16.97258,59.4821],[16.97258,59.4821],[16.97271,59.48214],[16.97275,59.48215],[16.97315,59.48212],[16.97328,59.4821],[16.97356,59.48204],[16.97362,59.48201],[16.97362,59.48201],[16.97363,59.48201],[16.97363,59.48201],[16.97363,59.48201],[16.9735,59.48221],[16.9733,59.48255],[16.97356,59.48291],[16.97356,59.48291],[16.97104,59.48451],[16.96637,59.48572],[16.96395,59.48792],[16.96802,59.48943],[16.96802,59.48943],[16.96802,59.48943],[16.96668,59.4909],[16.96694,59.49149],[16.96694,59.49149],[16.96694,59.49149],[16.96694,59.49149],[16.96452,59.49139],[16.96335,59.49136],[16.96335,59.49136],[16.96335,59.49136],[16.96335,59.49136],[16.96364,59.49094],[16.96394,59.4908],[16.96413,59.4904],[16.96403,59.49025],[16.96366,59.4901],[16.96307,59.48996],[16.96229,59.48987],[16.96148,59.48975],[16.96088,59.48975],[16.96036,59.4901],[16.96011,59.49023],[16.96011,59.49023],[16.96011,59.49023],[16.95967,59.49016],[16.95949,59.49019],[16.95901,59.49036],[16.95869,59.49069],[16.95817,59.49092],[16.95702,59.49161],[16.95702,59.49161],[16.95702,59.49161],[16.95702,59.49161],[16.95693,59.49157],[16.95685,59.49159],[16.95679,59.49159],[16.95663,59.49154],[16.95646,59.49151],[16.95637,59.4915],[16.95625,59.49148],[16.95625,59.49148],[16.95625,59.49148],[16.95621,59.49142],[16.9562,59.4914],[16.9561,59.49138],[16.95591,59.49138],[16.95577,59.49138],[16.9556,59.49135],[16.95551,59.49134],[16.95538,59.49135],[16.95518,59.49139],[16.95504,59.49141],[16.95485,59.49144],[16.95472,59.49147],[16.95466,59.4915],[16.95459,59.49155],[16.95455,59.49161],[16.95444,59.49169],[16.95438,59.49172],[16.95427,59.49175],[16.95419,59.49179],[16.95403,59.49178],[16.95403,59.49178],[16.9539,59.49171],[16.95385,59.49167],[16.95382,59.49163],[16.95382,59.49161],[16.95384,59.49157],[16.95382,59.49154],[16.95383,59.49149],[16.95385,59.49139],[16.95384,59.49135],[16.95379,59.49115]]]]},"properties":{"NVRID":"2013497","NAMN":"Torparudden","SKYDDSTYP":"Naturreservat","BESLUTSSTATUS":"Gällande","LAN":"Södermanlands Län","KOMMUN":"Strängnäs","IUCNKATEGORI":"Ia, Strikt naturreservat (Strict Nature Reserve)","FORVALTARE":"Länsstyrelsen i Södermanlands län","AREA_HA":37.97,"LAND_HA":37.97,"VATTEN_HA":0.0,"SKOG_HA":25.93,"URSPR_BESLUTSDATUM":"2008-10-20"}},{"type":"Feature","geometry":{"type":"MultiPolygon","coordinates":[[[[16.93746,58.93565],[16.93939,58.93605],[16.94119,58.93649],[16.94423,58.93691],[16.94553,58.9372],[16.94744,58.93739],[16.94744,58.93739],[16.94744,58.93739],[16.94744,58.93739],[16.94738,58.93743],[16.94732,58.9375],[16.94728,58.93755],[16.9472,58.93767],[16.94712,58.93782],[16.94693,58.93821],[16.94689,58.93827],[16.94683,58.93833],[16.94678,58.93837],[16.94671,58.93841],[16.9466,58.93845],[16.9465,58.9385],[16.94638,58.93857],[16.94631,58.93862],[16.94623,58.93868],[16.94617,58.93873],[16.94603,58.93883],[16.94595,58.93889],[16.94586,58.93895],[16.94578,58.939],[16.94569,58.93907],[16.94563,58.93911],[16.94554,58.93919],[16.94533,58.93934],[16.94516,58.93944],[16.94499,58.93953],[16.94477,58.93963],[16.94454,58.93975],[16.94429,58.9399],[16.94404,58.94006],[16.94393,58.94011],[16.94386,58.94014],[16.94377,58.94017],[16.94359,58.94021],[16.94335,58.94025],[16.94313,58.94028],[16.94313,58.94028],[16.94214,58.93991],[16.94141,58.93952],[16.94038,58.93908],[16.9396,58.93899],[16.9386,58.93886],[16.93721,58.93844],[16.93503,58.9377],[16.93382,58.93747],[16.93324,58.93722],[16.93206,58.93655],[16.93206,58.93655],[16.93206,58.93655],[16.93553,58.93532],[16.93553,58.93532],[16.93746,58.93565]]]]},"properties":{"NVRID":"2001937","NAMN":"Långmossen","SKYDDSTYP":"Naturreservat","BESLUTSSTATUS":"Gällande","LAN":"Södermanlands Län","KOMMUN":"Nyköping","IUCNKATEGORI":"Ia, Strikt naturreservat (Strict Nature Reserve)","FORVALTARE":"Länsstyrelsen i Södermanlands län","AREA_HA":23.33,"LAND_HA":23.33,"VATTEN_HA":0.0,"SKOG_HA":11.13,"URSPR_BESLUTSDATUM":"1997-12-19"}},{"type":"Feature","geometry":{"type":"MultiPolygon","coordinates":[[[[17.08524,58.73903],[17.08508,58.73834],[17.08491,58.73766],[17.08495,58.7376],[17.08503,58.73755],[17.086,58.73707],[17.086,58.73705],[17.08573,58.73684],[17.08537,58.73686],[17.0835,58.7368],[17.08329,58.73678],[17.08292,58.73671],[17.0828,58.73669],[17.08219,58.73653],[17.08121,58.73626],[17.08121,58.73626],[17.081,58.73587],[17.081,58.73587],[17.081,58.73587],[17.08222,58.73569],[17.08332,58.7355],[17.08468,58.73518],[17.0863,58.73476],[17.0863,58.73476],[17.0863,58.73476],[17.08704,58.73632],[17.08882,58.73596],[17.09053,58.73561],[17.09252,58.73519],[17.09338,58.73501],[17.09338,58.73501],[17.09404,58.73522],[17.09511,58.73541],[17.09639,58.73563],[17.09836,58.73597],[17.09869,58.73598],[17.10081,58.73558],[17.10075,58.73544],[17.1002,58.73521],[17.09937,58.73517],[17.09908,58.73506],[17.09908,58.73506],[17.09911,58.73484],[17.09911,58.73483],[17.0995,58.73457],[17.09992,58.73437],[17.10016,58.73414],[17.10016,58.73414],[17.10039,58.73413],[17.10059,58.734],[17.10044,58.73376],[17.10038,58.73357],[17.10035,58.73336],[17.10043,58.73294],[17.10022,58.73268],[17.09971,58.73257],[17.0992,58.73253],[17.09857,58.73235],[17.09857,58.73235],[17.09817,58.73202],[17.09817,58.73202],[17.09817,58.73202],[17.09857,58.73167],[17.09857,58.73167],[17.09946,58.73159],[17.09981,58.73161],[17.10015,58.7315],[17.1005,58.73126],[17.1005,58.73126],[17.10127,58.73117],[17.10202,58.73105],[17.10235,58.73048],[17.1029,58.7297],[17.1033,58.7292],[17.10407,58.7282],[17.10484,58.7277],[17.10531,58.72734],[17.10636,58.72677],[17.10754,58.72594],[17.10845,58.72507],[17.10802,58.72497],[17.1069,58.72492],[17.10585,58.72481],[17.10507,58.72479],[17.10481,58.72476],[17.10442,58.72458],[17.10431,58.7246],[17.10408,58.72464],[17.104,58.72466],[17.10387,58.72468],[17.10371,58.72469],[17.10362,58.7247],[17.1035,58.72471],[17.10337,58.72471],[17.10324,58.72471],[17.10314,58.72471],[17.10295,58.72471],[17.10263,58.7247],[17.10235,58.72456],[17.1017,58.72423],[17.1011,58.72393],[17.10053,58.72364],[17.09988,58.72337],[17.09927,58.72312],[17.09848,58.72286],[17.09769,58.72269],[17.09705,58.72255],[17.09627,58.72237],[17.09474,58.72218],[17.0945,58.7227],[17.09427,58.72321],[17.09389,58.72402],[17.09389,58.72402],[17.09389,58.72402],[17.09389,58.72402],[17.09322,58.72391],[17.09269,58.72374],[17.09261,58.72371],[17.09199,58.72351],[17.0918,58.72343],[17.09157,58.72334],[17.09157,58.72334],[17.09151,58.72298],[17.09137,58.72287],[17.09061,58.72304],[17.08941,58.7231],[17.08941,58.7231],[17.08941,58.7231],[17.08941,58.7231],[17.08948,58.72255],[17.0895,58.72249],[17.08954,58.72242],[17.0896,58.72236],[17.08967,58.72231],[17.0898,58.72224],[17.08994,58.72217],[17.09017,58.72207],[17.09042,58.72196],[17.09055,58.72188],[17.09066,58.72179],[17.09075,58.72171],[17.09084,58.72161],[17.09118,58.72091],[17.09118,58.72091],[17.09118,58.72091],[17.09118,58.72091],[17.09198,58.72111],[17.09198,58.72111],[17.09198,58.72111],[17.09198,58.72125],[17.09236,58.72133],[17.09255,58.72124],[17.09255,58.72124],[17.09255,58.72124],[17.09299,58.72135],[17.09551,58.7212],[17.09575,58.71928],[17.09679,58.71831],[17.08899,58.71736],[17.08899,58.71736],[17.08899,58.71736],[17.08899,58.71736],[17.08899,58.71736],[17.09068,58.71648],[17.09068,58.71648],[17.09843,58.71677],[17.11444,58.71772],[17.12234,58.71742],[17.12235,58.71742],[17.12235,58.71742],[17.12373,58.72051],[17.12508,58.72306],[17.12508,58.72306],[17.12339,58.72425],[17.12019,58.72611],[17.11675,58.72836],[17.11538,58.7292],[17.11538,58.7292],[17.11249,58.72964],[17.11227,58.73],[17.11212,58.73066],[17.11194,58.73135],[17.11094,58.73194],[17.11034,58.73233],[17.1079,58.73391],[17.10351,58.73663],[17.10145,58.7374],[17.09281,58.73891],[17.09023,58.73939],[17.08912,58.73958],[17.08613,58.74004],[17.08613,58.74004],[17.08373,58.73945],[17.08372,58.73945],[17.08372,58.73945],[17.08378,58.73931],[17.08378,58.73931],[17.08378,58.73931],[17.08378,58.73931],[17.08382,58.73931],[17.08399,58.73929],[17.08483,58.73914],[17.08524,58.73903]],[[17.10108,58.72329],[17.1011,58.7234],[17.10185,58.72365],[17.10227,58.72344],[17.10156,58.72305],[17.10108,58.72329]],[[17.1053,58.72395],[17.10504,58.724],[17.10518,58.72445],[17.10624,58.7244],[17.1061,58.72399],[17.1053,58.72395]],[[17.08132,58.7208],[17.08116,58.71965],[17.08088,58.71879],[17.08073,58.71841],[17.08069,58.71829],[17.08069,58.71829],[17.08069,58.71829],[17.08072,58.71828],[17.08072,58.71828],[17.08072,58.71828],[17.08085,58.71835],[17.08421,58.71938],[17.08421,58.71938],[17.08414,58.71956],[17.08387,58.72022],[17.08369,58.72085],[17.08481,58.7211],[17.08578,58.72106],[17.08704,58.72096],[17.08704,58.72096],[17.08785,58.72122],[17.08884,58.72178],[17.0891,58.72203],[17.08912,58.72224],[17.08894,58.72281],[17.08893,58.72285],[17.08893,58.72316],[17.08872,58.72357],[17.08832,58.72394],[17.08806,58.7241],[17.08794,58.72423],[17.08794,58.72423],[17.08685,58.72434],[17.08548,58.72449],[17.08475,58.72454],[17.08425,58.72459],[17.08383,58.72466],[17.08116,58.7252],[17.08116,58.7252],[17.08116,58.7252],[17.08116,58.7252],[17.08115,58.72497],[17.08115,58.72497],[17.0818,58.72426],[17.08062,58.72371],[17.08014,58.72302],[17.07988,58.72241],[17.07982,58.72204],[17.08005,58.72165],[17.08058,58.72138],[17.08111,58.721],[17.08132,58.7208]]]]},"properties":{"NVRID":"2055541","NAMN":"Örstigsnäs","SKYDDSTYP":"Naturreservat","BESLUTSSTATUS":"Gällande","LAN":"Södermanlands Län","KOMMUN":"Nyköping","IUCNKATEGORI":"Ia, Strikt naturreservat (Strict Nature Reserve)","FORVALTARE":"Nyköpings kommun","AREA_HA":276.76,"LAND_HA":143.35,"VATTEN_HA":133.41,"SKOG_HA":103.36,"URSPR_BESLUTSDATUM":"2022-04-12"}},{"type":"Feature","geometry":{"type":"MultiPolygon","coordinates":[[[[16.59503,59.35949],[16.59461,59.35942],[16.59461,59.35942],[16.59424,59.35921],[16.59424,59.35921],[16.59425,59.35917],[16.59424,59.35912],[16.59423,59.3591],[16.59422,59.35908],[16.59421,59.35907],[16.59418,59.35904],[16.59413,59.35901],[16.59411,59.359],[16.59406,59.35898],[16.59391,59.35895],[16.59368,59.3589],[16.59354,59.35886],[16.59331,59.35881],[16.59327,59.3588],[16.59321,59.35878],[16.59318,59.35877],[16.59315,59.35875],[16.59312,59.35874],[16.59307,59.35871],[16.59304,59.35868],[16.59301,59.35864],[16.59301,59.3586],[16.59301,59.35853],[16.59301,59.35845],[16.59299,59.35832],[16.59299,59.3583],[16.59297,59.35825],[16.59296,59.35813],[16.59294,59.35804],[16.5929,59.35794],[16.59282,59.35784],[16.59267,59.35766],[16.59265,59.35763],[16.59264,59.35757],[16.59264,59.35752],[16.59265,59.35748],[16.59272,59.35734],[16.59284,59.35719],[16.59288,59.35713],[16.59292,59.35709],[16.59304,59.35696],[16.59316,59.35689],[16.59322,59.35687],[16.59337,59.35682],[16.59354,59.35676],[16.59363,59.35673],[16.59382,59.35665],[16.59406,59.35654],[16.59427,59.35649],[16.59437,59.35647],[16.59445,59.35646],[16.59478,59.35643],[16.59488,59.35643],[16.59513,59.35642],[16.59564,59.35637],[16.59665,59.35657],[16.59934,59.35757],[16.5999,59.35717],[16.5999,59.35717],[16.60179,59.35748],[16.60213,59.35753],[16.60213,59.35753],[16.60213,59.35753],[16.60211,59.35822],[16.60276,59.35835],[16.60277,59.35835],[16.60388,59.35776],[16.60431,59.35726],[16.60429,59.35695],[16.60425,59.35677],[16.6043,59.35662],[16.60436,59.35639],[16.60436,59.35639],[16.60436,59.35639],[16.60718,59.35661],[16.60718,59.35661],[16.60825,59.35727],[16.60851,59.35762],[16.60947,59.35885],[16.61104,59.35898],[16.61321,59.35836],[16.61321,59.35836],[16.61321,59.35836],[16.61321,59.35836],[16.614,59.35918],[16.61966,59.35837],[16.61966,59.35837],[16.61966,59.35837],[16.61966,59.35837],[16.62103,59.36048],[16.62157,59.3622],[16.62157,59.3622],[16.62157,59.3622],[16.61925,59.36266],[16.61907,59.36306],[16.61875,59.36353],[16.61876,59.36363],[16.61864,59.36394],[16.61864,59.36394],[16.61864,59.36395],[16.61791,59.36414],[16.61642,59.36457],[16.61573,59.3647],[16.61415,59.36498],[16.61286,59.36521],[16.61255,59.36527],[16.60568,59.36693],[16.60443,59.36726],[16.6038,59.3679],[16.6038,59.36791],[16.60379,59.36791],[16.60379,59.3679],[16.60359,59.36781],[16.60315,59.36754],[16.60283,59.36743],[16.60254,59.36742],[16.60254,59.36742],[16.60232,59.36712],[16.60197,59.36695],[16.60197,59.36695],[16.60207,59.36656],[16.60184,59.3665],[16.60184,59.3665],[16.60184,59.3665],[16.6021,59.36586],[16.60299,59.3652],[16.60297,59.36475],[16.60277,59.36396],[16.60247,59.36351],[16.60092,59.36251],[16.59856,59.36195],[16.5974,59.36261],[16.59666,59.36278],[16.59666,59.36278],[16.59463,59.36197],[16.5942,59.36136],[16.5942,59.36136],[16.5942,59.36136],[16.59679,59.36049],[16.59632,59.36031],[16.59503,59.35949]]]]},"properties":{"NVRID":"2201201","NAMN":"Hugelstaskogens naturreservat","SKYDDSTYP":"Naturreservat","BESLUTSSTATUS":"Gällande","LAN":"Södermanlands Län","KOMMUN":"Eskilstuna","IUCNKATEGORI":"0, Områden som ej kan klassificeras enligt IUCN: s system.","FORVALTARE":"Eskilstuna kommun","AREA_HA":112.79,"LAND_HA":112.67,"VATTEN_HA":0.12,"SKOG_HA":86.69,"URSPR_BESLUTSDATUM":"2025-12-11"}},{"type":"Feature","geometry":{"type":"MultiPolygon","coordinates":[[[[16.2841,58.83557],[16.28469,58.83533],[16.28596,58.83475],[16.28587,58.83468],[16.28514,58.83429],[16.28514,58.83429],[16.28514,58.83428],[16.28514,58.83428],[16.28514,58.83428],[16.29481,58.83319],[16.29553,58.83289],[16.2989,58.83232],[16.2989,58.83232],[16.3003,58.83283],[16.30218,58.83228],[16.30218,58.83228],[16.30336,58.83281],[16.30493,58.83264],[16.30493,58.83264],[16.30493,58.83264],[16.30552,58.8336],[16.30493,58.83785],[16.30493,58.83785],[16.29504,58.8404],[16.29071,58.84198],[16.29071,58.84198],[16.2864,58.84047],[16.2864,58.84047],[16.2864,58.84047],[16.28703,58.83853],[16.28515,58.83776],[16.28303,58.83649],[16.28283,58.83511],[16.28283,58.83511],[16.28283,58.83511],[16.28283,58.83511],[16.28331,58.83529],[16.2841,58.83557]],[[16.29611,58.83372],[16.29629,58.83379],[16.29679,58.8339],[16.29721,58.83393],[16.29732,58.83362],[16.29619,58.83366],[16.29611,58.83372]]]]},"properties":{"NVRID":"2047278","NAMN":"Västra Kulltorp","SKYDDSTYP":"Naturreservat","BESLUTSSTATUS":"Gällande","LAN":"Södermanlands Län","KOMMUN":"Katrineholm","IUCNKATEGORI":"IV, Habitat/Artskyddsområde (Habitat/Species Management Area)","FORVALTARE":"Länsstyrelsen i Södermanlands län","AREA_HA":88.95,"LAND_HA":53.02,"VATTEN_HA":35.93,"SKOG_HA":35.08,"URSPR_BESLUTSDATUM":"2017-06-21"}},{"type":"Feature","geometry":{"type":"MultiPolygon","coordinates":[[[[17.03503,58.72636],[17.03508,58.72632],[17.03515,58.72626],[17.03524,58.72619],[17.03528,58.72616],[17.03533,58.72615],[17.03539,58.72614],[17.03545,58.72613],[17.03559,58.72609],[17.03572,58.72603],[17.03584,58.72598],[17.03595,58.72593],[17.03606,58.72588],[17.03618,58.72582],[17.03629,58.72577],[17.03641,58.72572],[17.03652,58.72565],[17.03661,58.72559],[17.0367,58.72552],[17.0368,58.72544],[17.03691,58.72536],[17.03702,58.72527],[17.03711,58.72521],[17.03716,58.72516],[17.03723,58.72509],[17.03729,58.72503],[17.03736,58.72496],[17.03744,58.72489],[17.03761,58.72474],[17.03778,58.72461],[17.03787,58.72455],[17.03794,58.72451],[17.03801,58.72446],[17.03807,58.72441],[17.03817,58.72434],[17.03828,58.72426],[17.03838,58.72418],[17.03851,58.72409],[17.0386,58.72402],[17.03868,58.72396],[17.03877,58.7239],[17.03891,58.7238],[17.039,58.72373],[17.039,58.72373],[17.03956,58.72334],[17.03981,58.72315],[17.03999,58.72291],[17.04012,58.72273],[17.04018,58.72266],[17.04024,58.72258],[17.04032,58.72251],[17.04042,58.72241],[17.04055,58.72229],[17.04064,58.7222],[17.04075,58.7221],[17.04088,58.72197],[17.04104,58.72183],[17.04117,58.7217],[17.04129,58.72159],[17.04134,58.72153],[17.04138,58.72145],[17.04136,58.7214],[17.0413,58.72137],[17.04127,58.72136],[17.04126,58.72135],[17.04126,58.72134],[17.04126,58.72134],[17.04128,58.72132],[17.04131,58.72131],[17.04131,58.72131],[17.04131,58.72131],[17.04135,58.72132],[17.04137,58.72133],[17.04139,58.72136],[17.04151,58.7214],[17.04166,58.72145],[17.04183,58.72151],[17.04196,58.72156],[17.04208,58.7216],[17.04217,58.72163],[17.04225,58.72162],[17.04231,58.7216],[17.04236,58.72157],[17.04245,58.72151],[17.0426,58.7214],[17.04278,58.72127],[17.04291,58.72118],[17.04305,58.72108],[17.04316,58.72099],[17.04331,58.72089],[17.04347,58.72076],[17.04388,58.72047],[17.04407,58.72033],[17.04423,58.72022],[17.04433,58.72019],[17.04442,58.72017],[17.04449,58.72016],[17.04455,58.72017],[17.04479,58.72023],[17.04496,58.72027],[17.04504,58.72028],[17.04509,58.72028],[17.04515,58.72026],[17.04521,58.72024],[17.04531,58.72013],[17.04542,58.71999],[17.04556,58.71989],[17.04576,58.71975],[17.04593,58.71964],[17.04608,58.71954],[17.04625,58.71943],[17.0464,58.71933],[17.04657,58.71922],[17.04674,58.71911],[17.04687,58.71902],[17.04702,58.71896],[17.0472,58.71889],[17.04736,58.71883],[17.04751,58.71877],[17.04754,58.71876],[17.04754,58.71876],[17.04754,58.71876],[17.0477,58.71881],[17.04795,58.71889],[17.04809,58.71894],[17.04907,58.71899],[17.04922,58.71906],[17.04931,58.71909],[17.04942,58.71912],[17.04951,58.71914],[17.04969,58.71918],[17.04981,58.7192],[17.04996,58.71922],[17.05007,58.71921],[17.05017,58.7192],[17.05027,58.71918],[17.05037,58.71914],[17.05044,58.71909],[17.05053,58.71901],[17.05058,58.71894],[17.05063,58.71884],[17.05067,58.71876],[17.0507,58.71873],[17.05075,58.71871],[17.05085,58.71866],[17.05093,58.71862],[17.05106,58.71856],[17.05132,58.71844],[17.05145,58.71838],[17.05169,58.71827],[17.05181,58.71821],[17.05194,58.71815],[17.05205,58.7181],[17.05216,58.71805],[17.05234,58.71797],[17.05245,58.71792],[17.05257,58.71787],[17.0527,58.7178],[17.05282,58.71774],[17.05288,58.71767],[17.05292,58.71761],[17.05298,58.71752],[17.05304,58.71745],[17.05308,58.71742],[17.05323,58.71729],[17.05329,58.71724],[17.05337,58.71719],[17.05343,58.71713],[17.05344,58.71711],[17.05345,58.71709],[17.05344,58.71706],[17.05327,58.71696],[17.05314,58.71689],[17.05307,58.71685],[17.05302,58.71682],[17.05297,58.7168],[17.05294,58.71678],[17.05294,58.71678],[17.05294,58.71677],[17.05294,58.71677],[17.05294,58.71677],[17.05306,58.71673],[17.05316,58.7167],[17.05324,58.71667],[17.05334,58.71664],[17.05357,58.71656],[17.05374,58.71651],[17.05383,58.71648],[17.05399,58.71642],[17.05413,58.71638],[17.05427,58.71633],[17.05439,58.71629],[17.05451,58.71625],[17.05457,58.71624],[17.05464,58.71623],[17.05476,58.71623],[17.05491,58.71622],[17.05504,58.71621],[17.05514,58.7162],[17.05536,58.71619],[17.05548,58.71618],[17.05556,58.71618],[17.0557,58.71617],[17.05576,58.71617],[17.0559,58.71616],[17.05602,58.71615],[17.05611,58.71615],[17.05625,58.71614],[17.05643,58.71613],[17.05653,58.71612],[17.05664,58.71611],[17.05672,58.71611],[17.05682,58.7161],[17.05693,58.7161],[17.05702,58.7161],[17.05707,58.7161],[17.05712,58.71611],[17.05714,58.71611],[17.05718,58.71612],[17.05727,58.71616],[17.05731,58.71619],[17.05735,58.71626],[17.05739,58.71635],[17.05743,58.71645],[17.05746,58.71655],[17.05751,58.71664],[17.05754,58.71672],[17.05756,58.71677],[17.05759,58.71685],[17.05763,58.71689],[17.05767,58.71691],[17.05774,58.71693],[17.05781,58.71695],[17.05791,58.71695],[17.05806,58.71691],[17.05819,58.71688],[17.05831,58.71685],[17.05843,58.71683],[17.05857,58.7168],[17.05871,58.71679],[17.05887,58.71676],[17.05908,58.71673],[17.05926,58.7167],[17.0594,58.71668],[17.05955,58.71665],[17.0597,58.71663],[17.05982,58.71661],[17.05999,58.71658],[17.06016,58.71654],[17.06028,58.71651],[17.06034,58.7165],[17.06037,58.7165],[17.0604,58.71652],[17.06045,58.71657],[17.0605,58.71662],[17.06058,58.71667],[17.06068,58.7167],[17.06078,58.71671],[17.0609,58.71672],[17.06103,58.71673],[17.0611,58.71674],[17.06114,58.71676],[17.06117,58.71679],[17.06119,58.71683],[17.0613,58.71716],[17.06133,58.71722],[17.06136,58.71728],[17.06144,58.71731],[17.06152,58.71733],[17.06161,58.71733],[17.0617,58.71733],[17.06181,58.71733],[17.06192,58.71732],[17.06201,58.7173],[17.06213,58.71727],[17.06222,58.71721],[17.0623,58.71716],[17.06235,58.71714],[17.06249,58.71714],[17.06264,58.71713],[17.06278,58.71713],[17.06292,58.71712],[17.06292,58.71712],[17.06292,58.71712],[17.06298,58.71716],[17.06306,58.71722],[17.06317,58.71727],[17.06329,58.71729],[17.06342,58.71729],[17.06351,58.71729],[17.06364,58.71727],[17.06373,58.71728],[17.06374,58.71728],[17.06376,58.71729],[17.06377,58.71731],[17.06377,58.71732],[17.06377,58.71732],[17.06371,58.71738],[17.06365,58.71745],[17.06357,58.71753],[17.06333,58.71778],[17.06318,58.71793],[17.06302,58.7181],[17.06295,58.71817],[17.06286,58.71826],[17.06276,58.71836],[17.06268,58.71844],[17.06261,58.71853],[17.0626,58.71856],[17.06262,58.71859],[17.06266,58.71862],[17.06278,58.71867],[17.06297,58.71872],[17.06311,58.71875],[17.06332,58.71877],[17.06356,58.7188],[17.06373,58.71882],[17.06385,58.71883],[17.0639,58.71884],[17.06394,58.71885],[17.06398,58.71885],[17.06402,58.71885],[17.06406,58.71884],[17.06406,58.71884],[17.06406,58.71884],[17.06429,58.71891],[17.06681,58.7196],[17.06681,58.7196],[17.06674,58.72056],[17.0665,58.72081],[17.06629,58.72089],[17.06629,58.72089],[17.06629,58.72089],[17.06626,58.72087],[17.0662,58.7208],[17.0661,58.72071],[17.06595,58.7206],[17.06569,58.72047],[17.06555,58.72041],[17.0654,58.72035],[17.06526,58.72029],[17.06511,58.72023],[17.06503,58.72022],[17.06494,58.72022],[17.06485,58.72021],[17.06475,58.7202],[17.06468,58.72021],[17.06467,58.72021],[17.06466,58.72034],[17.06464,58.72048],[17.06456,58.72053],[17.06439,58.72064],[17.06412,58.72081],[17.06407,58.72082],[17.06407,58.72082],[17.06388,58.72081],[17.06362,58.72082],[17.06352,58.72085],[17.06341,58.72091],[17.06311,58.72098],[17.06285,58.72106],[17.0627,58.72115],[17.06234,58.7212],[17.06246,58.72141],[17.0624,58.72155],[17.0624,58.72155],[17.06229,58.72159],[17.06229,58.72159],[17.06212,58.72158],[17.0619,58.72148],[17.06151,58.72148],[17.06141,58.72144],[17.06101,58.72131],[17.06081,58.72115],[17.06077,58.72119],[17.06073,58.72121],[17.06058,58.7213],[17.06054,58.72132],[17.06018,58.72142],[17.06015,58.72142],[17.0598,58.72145],[17.05944,58.72147],[17.05898,58.72185],[17.05904,58.72209],[17.0595,58.72243],[17.0595,58.72243],[17.05938,58.72254],[17.05932,58.72261],[17.05899,58.72301],[17.05895,58.72305],[17.05895,58.72305],[17.05895,58.72305],[17.05894,58.72304],[17.05891,58.72304],[17.05865,58.72304],[17.05829,58.72303],[17.05715,58.72304],[17.05701,58.72304],[17.05684,58.72304],[17.05667,58.72304],[17.05649,58.72304],[17.0563,58.72304],[17.0562,58.72304],[17.05612,58.72305],[17.05602,58.72309],[17.05592,58.72315],[17.05584,58.72319],[17.05573,58.72325],[17.05561,58.72332],[17.05549,58.72338],[17.05537,58.72345],[17.05527,58.7235],[17.05512,58.72358],[17.05499,58.72365],[17.05491,58.7237],[17.05479,58.72376],[17.05469,58.72382],[17.05459,58.72387],[17.05444,58.72395],[17.0543,58.72403],[17.05403,58.72417],[17.05396,58.72421],[17.05396,58.72421],[17.05392,58.72425],[17.05392,58.72425],[17.0539,58.72425],[17.05386,58.72426],[17.05376,58.72425],[17.05363,58.72424],[17.05349,58.72423],[17.0534,58.72423],[17.05329,58.72426],[17.05314,58.72431],[17.05299,58.72437],[17.05288,58.72441],[17.05271,58.72447],[17.05255,58.72453],[17.05244,58.72457],[17.0523,58.72462],[17.05213,58.72468],[17.052,58.72473],[17.05186,58.72478],[17.05174,58.72482],[17.05156,58.72489],[17.05146,58.72492],[17.05133,58.72496],[17.0512,58.72501],[17.05105,58.72507],[17.05091,58.72512],[17.05076,58.72517],[17.05061,58.72523],[17.05047,58.72527],[17.05033,58.72533],[17.05017,58.72538],[17.05004,58.72543],[17.04988,58.72549],[17.04972,58.72555],[17.04955,58.72561],[17.04942,58.72566],[17.04926,58.72571],[17.0491,58.72577],[17.04885,58.72586],[17.04879,58.72588],[17.04867,58.72593],[17.04854,58.72597],[17.0483,58.72605],[17.0483,58.72605],[17.0483,58.72605],[17.04821,58.72598],[17.04811,58.72591],[17.04801,58.72583],[17.0479,58.72576],[17.04779,58.72568],[17.0476,58.72553],[17.04753,58.72548],[17.04745,58.72545],[17.04735,58.72551],[17.04729,58.72555],[17.04727,58.72557],[17.04721,58.72562],[17.04715,58.72568],[17.0471,58.72572],[17.04708,58.72573],[17.04708,58.72573],[17.04705,58.72574],[17.04705,58.72574],[17.04683,58.72573],[17.0468,58.72573],[17.04673,58.72575],[17.04662,58.7258],[17.04655,58.72585],[17.0464,58.72593],[17.04602,58.72609],[17.04638,58.72633],[17.04638,58.72633],[17.04638,58.72633],[17.04623,58.72646],[17.04614,58.72653],[17.04596,58.72668],[17.04586,58.72677],[17.04576,58.72685],[17.04568,58.72692],[17.04559,58.72698],[17.0455,58.72703],[17.04538,58.72709],[17.04527,58.72715],[17.04519,58.72719],[17.04503,58.72726],[17.04496,58.7273],[17.04488,58.72734],[17.04477,58.72739],[17.04466,58.72745],[17.04456,58.7275],[17.04447,58.72754],[17.0444,58.72758],[17.04431,58.72762],[17.04423,58.72766],[17.04423,58.72766],[17.04423,58.72766],[17.04421,58.72763],[17.04419,58.7276],[17.04406,58.72737],[17.04406,58.72737],[17.04392,58.72737],[17.04336,58.72734],[17.0431,58.7273],[17.0431,58.7273],[17.04305,58.72726],[17.04305,58.72719],[17.04311,58.72708],[17.04317,58.72698],[17.04341,58.72675],[17.04356,58.72661],[17.04351,58.7266],[17.04347,58.7266],[17.0433,58.72659],[17.04315,58.72658],[17.04307,58.72657],[17.04293,58.72655],[17.04286,58.72653],[17.04285,58.7266],[17.04273,58.72677],[17.04269,58.72683],[17.04262,58.7269],[17.04243,58.72699],[17.04232,58.72705],[17.04214,58.72715],[17.04205,58.72719],[17.04191,58.72723],[17.04176,58.72728],[17.04163,58.72732],[17.0415,58.72735],[17.04138,58.72739],[17.0413,58.72743],[17.04124,58.7275],[17.0412,58.72756],[17.0412,58.72756],[17.04118,58.72756],[17.04116,58.72756],[17.04106,58.72756],[17.04098,58.72756],[17.04042,58.72753],[17.04034,58.72752],[17.04034,58.72752],[17.04032,58.72751],[17.04019,58.72736],[17.04006,58.72725],[17.04005,58.72723],[17.04005,58.72721],[17.04005,58.72713],[17.04006,58.72704],[17.04006,58.72698],[17.04004,58.72696],[17.03998,58.72691],[17.03993,58.72687],[17.03984,58.7268],[17.03975,58.72676],[17.03962,58.72673],[17.03952,58.72672],[17.03923,58.72666],[17.03915,58.72665],[17.03908,58.72666],[17.03897,58.72668],[17.03886,58.72671],[17.03864,58.72677],[17.03838,58.72684],[17.03807,58.72692],[17.0379,58.72695],[17.03766,58.72699],[17.03758,58.727],[17.03743,58.72702],[17.03743,58.72702],[17.03743,58.72702],[17.03743,58.72702],[17.03729,58.72685],[17.03721,58.72679],[17.03712,58.72674],[17.037,58.72671],[17.03688,58.72667],[17.03685,58.72665],[17.03685,58.72665],[17.03683,58.72663],[17.03679,58.72653],[17.03673,58.7264],[17.03663,58.72619],[17.03658,58.72609],[17.03653,58.72599],[17.0365,58.72593],[17.03649,58.72591],[17.03646,58.72592],[17.03635,58.72599],[17.0363,58.72608],[17.03623,58.72618],[17.03618,58.72627],[17.0361,58.72638],[17.03609,58.7264],[17.03595,58.7265],[17.03585,58.72658],[17.03577,58.72661],[17.03567,58.72665],[17.03555,58.7267],[17.03545,58.72673],[17.03535,58.72675],[17.03526,58.72677],[17.03517,58.72678],[17.03517,58.72678],[17.03515,58.72677],[17.03514,58.72677],[17.03511,58.72668],[17.03505,58.72651],[17.03502,58.72644],[17.03501,58.7264],[17.03503,58.72636],[17.03503,58.72636],[17.03503,58.72636],[17.03503,58.72636]]]]},"properties":{"NVRID":"2024654","NAMN":"Janstorpsskogen","SKYDDSTYP":"Naturreservat","BESLUTSSTATUS":"Gällande","LAN":"Södermanlands Län","KOMMUN":"Nyköping","IUCNKATEGORI":"IV, Habitat/Artskyddsområde (Habitat/Species Management Area)","FORVALTARE":"Nyköpings kommun","AREA_HA":102.77,"LAND_HA":102.77,"VATTEN_HA":0.0,"SKOG_HA":98.69,"URSPR_BESLUTSDATUM":"2010-05-18"}},{"type":"Feature","geometry":{"type":"MultiPolygon","coordinates":[[[[17.43769,58.79848],[17.43806,58.79823],[17.43813,58.79778],[17.43842,58.79718],[17.43887,58.79692],[17.43943,58.79662],[17.43955,58.79646],[17.43955,58.79646],[17.44006,58.79631],[17.44006,58.79631],[17.44006,58.79631],[17.44039,58.79655],[17.4409,58.79637],[17.4409,58.79622],[17.44077,58.79617],[17.44076,58.79617],[17.44076,58.79617],[17.44109,58.79598],[17.44109,58.79598],[17.44146,58.79597],[17.44194,58.79575],[17.44194,58.79575],[17.44261,58.79574],[17.44273,58.79578],[17.44345,58.79599],[17.44363,58.79583],[17.4432,58.7956],[17.4432,58.79559],[17.4432,58.79559],[17.4432,58.79559],[17.4432,58.79559],[17.44395,58.79548],[17.44522,58.79546],[17.4458,58.79547],[17.44581,58.79547],[17.44598,58.79565],[17.44613,58.79564],[17.4465,58.79551],[17.44687,58.79544],[17.44687,58.79544],[17.44687,58.79544],[17.44687,58.79544],[17.44675,58.79571],[17.44699,58.79586],[17.44714,58.79598],[17.44742,58.79611],[17.44752,58.79621],[17.44753,58.79648],[17.44753,58.79648],[17.44726,58.79659],[17.44748,58.79671],[17.44748,58.79691],[17.44767,58.79698],[17.44767,58.79698],[17.44767,58.79698],[17.44752,58.79717],[17.44727,58.79734],[17.44703,58.79748],[17.44671,58.79758],[17.44652,58.79784],[17.44652,58.79784],[17.4459,58.79785],[17.4456,58.79801],[17.44608,58.79811],[17.44684,58.79805],[17.44685,58.79805],[17.44685,58.79805],[17.44687,58.79815],[17.44653,58.79909],[17.44677,58.79921],[17.44677,58.79921],[17.44669,58.79948],[17.44666,58.79978],[17.44654,58.7999],[17.44627,58.80012],[17.44601,58.80029],[17.44598,58.80061],[17.44639,58.80082],[17.44639,58.80082],[17.44639,58.80082],[17.44639,58.80082],[17.44529,58.8011],[17.44529,58.8011],[17.44092,58.80077],[17.44045,58.80074],[17.43821,58.80057],[17.43745,58.80051],[17.43466,58.80029],[17.43338,58.80019],[17.43338,58.80019],[17.43338,58.80019],[17.43338,58.80019],[17.43346,58.80015],[17.43401,58.79991],[17.43467,58.79958],[17.43527,58.79927],[17.43622,58.79879],[17.43682,58.7986],[17.43769,58.79848]]]]},"properties":{"NVRID":"2065042","NAMN":"Luckebol","SKYDDSTYP":"Naturreservat","BESLUTSSTATUS":"Gällande","LAN":"Södermanlands Län","KOMMUN":"Trosa","IUCNKATEGORI":"Ia, Strikt naturreservat (Strict Nature Reserve)","FORVALTARE":"Länsstyrelsen i Södermanlands län","AREA_HA":30.87,"LAND_HA":30.73,"VATTEN_HA":0.14,"SKOG_HA":25.05,"URSPR_BESLUTSDATUM":"2025-02-10"}},{"type":"Feature","geometry":{"type":"MultiPolygon","coordinates":[[[[17.41662,58.75175],[17.41404,58.74859],[17.41412,58.7459],[17.41437,58.74101],[17.41735,58.73881],[17.42167,58.73552],[17.4247,58.73311],[17.42661,58.7316],[17.42687,58.7313],[17.42787,58.73024],[17.42997,58.72791],[17.43142,58.72698],[17.4323,58.72448],[17.43198,58.72202],[17.42782,58.71951],[17.412,58.71],[17.412,58.71],[17.412,58.70999],[17.41863,58.7023],[17.42045,58.70018],[17.42045,58.70018],[17.42045,58.70018],[17.4411,58.69996],[17.4411,58.69996],[17.4411,58.69996],[17.44121,58.7019],[17.44409,58.70358],[17.45595,58.71058],[17.45824,58.71563],[17.46007,58.7181],[17.46083,58.72251],[17.46268,58.72422],[17.46319,58.72575],[17.46474,58.72744],[17.47731,58.72774],[17.47833,58.72811],[17.47833,58.72811],[17.47843,58.72986],[17.48392,58.73025],[17.48528,58.73107],[17.48842,58.73301],[17.48842,58.73301],[17.48842,58.73301],[17.48284,58.73736],[17.47882,58.74246],[17.47882,58.74246],[17.47503,58.74258],[17.46955,58.74346],[17.46845,58.74552],[17.46817,58.7473],[17.46891,58.74875],[17.46856,58.75086],[17.46847,58.75272],[17.46668,58.75492],[17.46635,58.75618],[17.46466,58.75713],[17.46356,58.75853],[17.46355,58.75853],[17.46355,58.75853],[17.46355,58.75853],[17.46355,58.75853],[17.46119,58.75677],[17.45788,58.75789],[17.45717,58.75842],[17.45351,58.75969],[17.45306,58.76119],[17.45228,58.76378],[17.457,58.76608],[17.45701,58.76608],[17.457,58.76608],[17.44717,58.76906],[17.43524,58.77272],[17.42787,58.77499],[17.42468,58.77597],[17.42468,58.77597],[17.42468,58.77597],[17.41259,58.76269],[17.41662,58.75175]]]]},"properties":{"NVRID":"2001929","NAMN":"Ringsö","SKYDDSTYP":"Naturreservat","BESLUTSSTATUS":"Gällande","LAN":"Södermanlands Län","KOMMUN":"Nyköping","IUCNKATEGORI":"V, Skyddat landskap/havsområde (Protected Landscape/Seascape)","FORVALTARE":"Länsstyrelsen i Södermanlands län","AREA_HA":2044.65,"LAND_HA":808.53,"VATTEN_HA":1236.12,"SKOG_HA":468.44,"URSPR_BESLUTSDATUM":"1980-12-03"}},{"type":"Feature","geometry":{"type":"MultiPolygon","coordinates":[[[[16.27397,58.87758],[16.27454,58.87735],[16.27472,58.8772],[16.2756,58.87662],[16.27624,58.8761],[16.27653,58.87597],[16.27721,58.87588],[16.27721,58.87588],[16.2773,58.8759],[16.27752,58.87584],[16.27806,58.87573],[16.27873,58.87561],[16.27903,58.87552],[16.27938,58.87539],[16.27959,58.87533],[16.2796,58.87533],[16.2796,58.87533],[16.2811,58.87666],[16.2811,58.87666],[16.2811,58.87666],[16.27781,58.878],[16.27832,58.87851],[16.27809,58.87971],[16.2796,58.88019],[16.2796,58.88019],[16.2796,58.88019],[16.2796,58.88019],[16.27881,58.88058],[16.27832,58.88083],[16.27832,58.88083],[16.27548,58.88087],[16.27238,58.88083],[16.27238,58.88083],[16.27107,58.88046],[16.27107,58.88046],[16.27107,58.88046],[16.27274,58.8777],[16.27274,58.8777],[16.27274,58.8777],[16.27322,58.87769],[16.27383,58.87756],[16.27397,58.87758]]]]},"properties":{"NVRID":"2058842","NAMN":"Hårskärrmossen","SKYDDSTYP":"Naturreservat","BESLUTSSTATUS":"Gällande","LAN":"Södermanlands Län","KOMMUN":"Katrineholm","IUCNKATEGORI":"Ia, Strikt naturreservat (Strict Nature Reserve)","FORVALTARE":"Länsstyrelsen i Södermanlands län","AREA_HA":19.49,"LAND_HA":19.49,"VATTEN_HA":0.0,"SKOG_HA":17.2,"URSPR_BESLUTSDATUM":"2023-12-11"}},{"type":"Feature","geometry":{"type":"MultiPolygon","coordinates":[[[[17.60456,58.92937],[17.60478,58.92933],[17.60489,58.92928],[17.60489,58.92928],[17.60509,58.92926],[17.60535,58.92926],[17.60561,58.92927],[17.60576,58.92926],[17.60588,58.92923],[17.60601,58.92919],[17.60614,58.92914],[17.6064,58.92904],[17.60678,58.9289],[17.60701,58.92883],[17.60718,58.92879],[17.60728,58.92878],[17.60747,58.92879],[17.60796,58.9288],[17.6082,58.92881],[17.6084,58.9288],[17.60855,58.92879],[17.60865,58.92875],[17.60877,58.92868],[17.60885,58.92861],[17.60894,58.92856],[17.60909,58.92848],[17.60966,58.92829],[17.60997,58.9282],[17.61014,58.9282],[17.61024,58.92821],[17.61049,58.92818],[17.6106,58.92818],[17.61068,58.92816],[17.61081,58.92816],[17.61098,58.92817],[17.61115,58.92821],[17.61144,58.92826],[17.61164,58.92829],[17.61181,58.92831],[17.61195,58.92831],[17.61215,58.92832],[17.61236,58.92834],[17.61253,58.92839],[17.61266,58.92842],[17.61277,58.92847],[17.61287,58.92853],[17.61291,58.92859],[17.61294,58.92866],[17.613,58.92874],[17.61302,58.92881],[17.61302,58.92888],[17.61297,58.929],[17.61291,58.9291],[17.61283,58.92915],[17.61282,58.92917],[17.61267,58.92928],[17.61242,58.92949],[17.61233,58.92959],[17.6122,58.9297],[17.61223,58.92979],[17.6122,58.9299],[17.61222,58.93018],[17.61218,58.93025],[17.61206,58.93032],[17.61195,58.93037],[17.61183,58.93038],[17.61174,58.93041],[17.6117,58.93047],[17.61169,58.9306],[17.61172,58.93065],[17.61181,58.93073],[17.61192,58.93081],[17.61202,58.9309],[17.61202,58.93096],[17.61207,58.93099],[17.61212,58.93106],[17.61221,58.93116],[17.61229,58.93125],[17.61233,58.93133],[17.61235,58.93141],[17.61232,58.93151],[17.61232,58.93151],[17.61224,58.93157],[17.61223,58.9317],[17.61222,58.9318],[17.61227,58.93186],[17.61226,58.93191],[17.61218,58.93204],[17.61208,58.93214],[17.612,58.93225],[17.61199,58.9323],[17.61199,58.93233],[17.61204,58.93235],[17.61209,58.93235],[17.61214,58.93237],[17.6122,58.9324],[17.61221,58.93245],[17.61223,58.9325],[17.61229,58.93255],[17.61235,58.93262],[17.61244,58.93269],[17.61247,58.93274],[17.61249,58.93283],[17.61247,58.93289],[17.61238,58.93307],[17.6123,58.93336],[17.61226,58.93356],[17.61223,58.9337],[17.61229,58.93375],[17.61232,58.93384],[17.61233,58.93398],[17.61236,58.93418],[17.61232,58.93427],[17.61227,58.93432],[17.6121,58.93443],[17.6119,58.9345],[17.61167,58.9346],[17.61158,58.9347],[17.61144,58.93483],[17.61121,58.93497],[17.61112,58.93499],[17.61099,58.935],[17.61081,58.93501],[17.61063,58.93504],[17.61063,58.93504],[17.61063,58.93504],[17.61061,58.935],[17.61031,58.93497],[17.60981,58.9349],[17.6097,58.93499],[17.6097,58.93499],[17.6095,58.93504],[17.60926,58.93507],[17.60926,58.93507],[17.60907,58.93501],[17.60907,58.93501],[17.60912,58.93481],[17.609,58.93458],[17.60871,58.93444],[17.60858,58.93435],[17.60829,58.93425],[17.60812,58.93424],[17.6079,58.93429],[17.60769,58.93432],[17.60748,58.93435],[17.60747,58.93435],[17.60724,58.93421],[17.607,58.93417],[17.60672,58.93421],[17.60672,58.93421],[17.60672,58.93421],[17.60663,58.93404],[17.60663,58.93404],[17.6069,58.93372],[17.60725,58.93342],[17.60735,58.93309],[17.60739,58.93283],[17.60772,58.93237],[17.6084,58.93148],[17.60873,58.93092],[17.60865,58.93052],[17.60845,58.93037],[17.60772,58.93023],[17.60699,58.93008],[17.60641,58.9299],[17.60614,58.9299],[17.60584,58.92997],[17.60533,58.93031],[17.60533,58.93031],[17.60439,58.93053],[17.60383,58.93068],[17.60302,58.93082],[17.60221,58.931],[17.60188,58.93101],[17.60146,58.93097],[17.60097,58.93074],[17.60082,58.93061],[17.60078,58.93045],[17.60093,58.93022],[17.60105,58.92994],[17.60105,58.92994],[17.60105,58.92994],[17.60127,58.92996],[17.6014,58.92998],[17.6016,58.93001],[17.60174,58.93004],[17.6021,58.93003],[17.60224,58.93001],[17.60233,58.92998],[17.60243,58.92994],[17.60262,58.92985],[17.60284,58.92978],[17.60311,58.92972],[17.6033,58.92969],[17.60356,58.92964],[17.6037,58.9296],[17.60384,58.92954],[17.60411,58.92943],[17.60451,58.92934],[17.60452,58.92934],[17.60452,58.92934],[17.60456,58.92937]]]]},"properties":{"NVRID":"2001917","NAMN":"Furholmen","SKYDDSTYP":"Naturreservat","BESLUTSSTATUS":"Gällande","LAN":"Södermanlands Län","KOMMUN":"Trosa","IUCNKATEGORI":"IV, Habitat/Artskyddsområde (Habitat/Species Management Area)","FORVALTARE":"AssiDomän AB","AREA_HA":23.04,"LAND_HA":22.62,"VATTEN_HA":0.42,"SKOG_HA":19.16,"URSPR_BESLUTSDATUM":"1984-12-18"}},{"type":"Feature","geometry":{"type":"MultiPolygon","coordinates":[[[[15.72323,59.05615],[15.72345,59.05533],[15.72379,59.05492],[15.72458,59.05442],[15.72458,59.05442],[15.72516,59.05436],[15.72583,59.05417],[15.72583,59.05417],[15.72606,59.05425],[15.72606,59.05425],[15.72606,59.05425],[15.72578,59.05563],[15.72578,59.05593],[15.72571,59.05636],[15.72532,59.05715],[15.7254,59.05784],[15.72555,59.0583],[15.72575,59.05987],[15.72539,59.06096],[15.72524,59.0612],[15.72516,59.06162],[15.72475,59.06254],[15.72468,59.06318],[15.72473,59.06368],[15.72498,59.06406],[15.72531,59.06452],[15.72583,59.06519],[15.7259,59.06539],[15.72511,59.06625],[15.72478,59.06665],[15.72453,59.0674],[15.72375,59.06829],[15.72342,59.06903],[15.72342,59.06903],[15.72203,59.06934],[15.72096,59.06971],[15.71857,59.07],[15.71799,59.07011],[15.71541,59.07027],[15.71411,59.07008],[15.71411,59.07008],[15.71283,59.06941],[15.71172,59.06913],[15.71093,59.06845],[15.71101,59.06721],[15.71146,59.06597],[15.71161,59.06301],[15.71148,59.06112],[15.71148,59.06111],[15.71235,59.06048],[15.7138,59.05855],[15.71661,59.05727],[15.72041,59.05651],[15.72202,59.05611],[15.72323,59.05615]]]]},"properties":{"NVRID":"2013460","NAMN":"Perstorpsskogen","SKYDDSTYP":"Naturreservat","BESLUTSSTATUS":"Gällande","LAN":"Södermanlands Län","KOMMUN":"Vingåker","IUCNKATEGORI":"Ia, Strikt naturreservat (Strict Nature Reserve)","FORVALTARE":"Länsstyrelsen i Södermanlands län","AREA_HA":109.96,"LAND_HA":109.96,"VATTEN_HA":0.0,"SKOG_HA":100.19,"URSPR_BESLUTSDATUM":"2007-12-10"}},{"type":"Feature","geometry":{"type":"MultiPolygon","coordinates":[[[[17.08156,58.73436],[17.08262,58.73419],[17.08489,58.73361],[17.08603,58.73279],[17.08637,58.73256],[17.08907,58.73074],[17.08907,58.73074],[17.09011,58.73079],[17.09011,58.73079],[17.09011,58.73079],[17.09012,58.73154],[17.09015,58.73289],[17.0889,58.73405],[17.08552,58.73494],[17.08341,58.73549],[17.08216,58.73569],[17.08216,58.73569],[17.08215,58.73569],[17.08213,58.73565],[17.08208,58.73558],[17.08205,58.7355],[17.08201,58.73544],[17.08206,58.7354],[17.08207,58.73533],[17.08216,58.73518],[17.08219,58.7351],[17.08221,58.73501],[17.08223,58.73492],[17.08223,58.73484],[17.08217,58.73479],[17.08213,58.73474],[17.08204,58.73466],[17.08189,58.73456],[17.08179,58.73448],[17.08158,58.73437],[17.08156,58.73436],[17.08156,58.73436],[17.08156,58.73436],[17.08156,58.73436],[17.08156,58.73436]]]]},"properties":{"NVRID":"2001933","NAMN":"Linudden","SKYDDSTYP":"Naturreservat","BESLUTSSTATUS":"Gällande","LAN":"Södermanlands Län","KOMMUN":"Nyköping","IUCNKATEGORI":"IV, Habitat/Artskyddsområde (Habitat/Species Management Area)","FORVALTARE":"Länsstyrelsen i Södermanlands län","AREA_HA":10.9,"LAND_HA":10.9,"VATTEN_HA":0.0,"SKOG_HA":8.06,"URSPR_BESLUTSDATUM":"1947-03-17"}},{"type":"Feature","geometry":{"type":"MultiPolygon","coordinates":[[[[17.07544,58.76058],[17.07417,58.76064],[17.07417,58.76064],[17.07417,58.76064],[17.07403,58.76002],[17.07403,58.76002],[17.07403,58.76001],[17.07403,58.76001],[17.07403,58.76001],[17.07516,58.75992],[17.07614,58.75982],[17.07684,58.75964],[17.07742,58.75941],[17.07741,58.7593],[17.07741,58.7593],[17.07741,58.7593],[17.07741,58.7593],[17.0774,58.75876],[17.07718,58.75875],[17.07678,58.75861],[17.07678,58.75861],[17.07678,58.75861],[17.07693,58.7585],[17.07693,58.75849],[17.07693,58.75849],[17.07799,58.75857],[17.07828,58.75843],[17.07869,58.75825],[17.07912,58.75767],[17.07958,58.75722],[17.08001,58.75683],[17.08023,58.75656],[17.0808,58.75614],[17.08067,58.75601],[17.08067,58.75601],[17.08067,58.75601],[17.08128,58.75564],[17.08013,58.75516],[17.07966,58.75512],[17.07955,58.75508],[17.07955,58.75508],[17.07955,58.75508],[17.07955,58.75508],[17.08012,58.75463],[17.0807,58.75416],[17.08073,58.75401],[17.08073,58.75401],[17.08109,58.75385],[17.08109,58.75385],[17.08109,58.75385],[17.08118,58.7539],[17.08139,58.75385],[17.08181,58.7537],[17.08174,58.75362],[17.08174,58.75362],[17.08204,58.75347],[17.08209,58.75334],[17.08186,58.75325],[17.08167,58.75329],[17.08157,58.75333],[17.08148,58.75332],[17.08094,58.75299],[17.08093,58.75299],[17.08093,58.75299],[17.08093,58.75299],[17.082,58.75253],[17.08297,58.75212],[17.08297,58.75212],[17.08297,58.75212],[17.08366,58.75262],[17.08576,58.75186],[17.08577,58.75186],[17.10121,58.75377],[17.10121,58.75377],[17.10121,58.75377],[17.10212,58.75573],[17.10167,58.75757],[17.09799,58.76028],[17.09352,58.76123],[17.09125,58.76486],[17.09124,58.76486],[17.08252,58.76551],[17.0793,58.76576],[17.0793,58.76576],[17.0793,58.76576],[17.0793,58.76576],[17.0793,58.76576],[17.07935,58.76376],[17.0791,58.76375],[17.0791,58.76375],[17.0791,58.76375],[17.07914,58.76156],[17.07779,58.76167],[17.07575,58.76138],[17.0756,58.76127],[17.0756,58.76127],[17.07544,58.76058]]]]},"properties":{"NVRID":"2001118","NAMN":"Labro ängar","SKYDDSTYP":"Naturreservat","BESLUTSSTATUS":"Gällande","LAN":"Södermanlands Län","KOMMUN":"Nyköping","IUCNKATEGORI":"IV, Habitat/Artskyddsområde (Habitat/Species Management Area)","FORVALTARE":"Nyköpings kommun","AREA_HA":153.16,"LAND_HA":85.73,"VATTEN_HA":67.43,"SKOG_HA":18.49,"URSPR_BESLUTSDATUM":"2003-12-09"}},{"type":"Feature","geometry":{"type":"MultiPolygon","coordinates":[[[[17.07049,59.42438],[17.0705,59.42433],[17.07049,59.42429],[17.07045,59.42423],[17.07041,59.42419],[17.07041,59.42416],[17.07041,59.42416],[17.07047,59.42415],[17.07056,59.42414],[17.07061,59.42413],[17.07066,59.42407],[17.07066,59.42404],[17.07065,59.424],[17.07065,59.424],[17.0707,59.42396],[17.0707,59.42396],[17.07076,59.42396],[17.07082,59.42396],[17.07087,59.42396],[17.07094,59.42391],[17.07098,59.42387],[17.07107,59.42382],[17.07116,59.42376],[17.07128,59.42368],[17.07134,59.42361],[17.07139,59.42355],[17.07145,59.42348],[17.0715,59.42341],[17.07153,59.4233],[17.07153,59.42318],[17.07152,59.42311],[17.07151,59.42303],[17.07156,59.42287],[17.07158,59.42279],[17.07157,59.42273],[17.07157,59.42273],[17.07182,59.42261],[17.07202,59.4225],[17.0722,59.42238],[17.07226,59.42233],[17.07234,59.42224],[17.07247,59.42208],[17.07251,59.42199],[17.07253,59.42191],[17.07258,59.4218],[17.07265,59.42161],[17.0728,59.42129],[17.07284,59.42112],[17.07286,59.42102],[17.07288,59.42094],[17.07285,59.42084],[17.07283,59.42078],[17.07292,59.42063],[17.07292,59.42058],[17.07287,59.42052],[17.07284,59.42048],[17.07283,59.4204],[17.07285,59.42035],[17.07287,59.42027],[17.07288,59.42019],[17.07287,59.42015],[17.07278,59.42003],[17.07251,59.41986],[17.07242,59.41981],[17.07226,59.41977],[17.07211,59.41975],[17.07194,59.41974],[17.07171,59.41974],[17.0713,59.41978],[17.07124,59.41979],[17.07124,59.41979],[17.07113,59.41975],[17.0711,59.41972],[17.0711,59.41972],[17.07109,59.41966],[17.07115,59.41956],[17.07119,59.41951],[17.07119,59.41951],[17.07131,59.41946],[17.07146,59.41942],[17.07162,59.41939],[17.07173,59.41936],[17.07178,59.41934],[17.07188,59.41928],[17.07195,59.41924],[17.07206,59.41915],[17.07217,59.41907],[17.07225,59.41903],[17.07246,59.41899],[17.07289,59.41878],[17.07303,59.41872],[17.07303,59.41872],[17.07322,59.41869],[17.07471,59.41899],[17.07539,59.41911],[17.07539,59.41911],[17.07545,59.41924],[17.07556,59.41932],[17.07564,59.41939],[17.07598,59.41957],[17.07611,59.41959],[17.07632,59.41966],[17.07656,59.41975],[17.07677,59.41983],[17.07706,59.4199],[17.0772,59.41991],[17.07741,59.41998],[17.07754,59.42001],[17.0776,59.42],[17.07776,59.41987],[17.07792,59.41976],[17.07816,59.41971],[17.07816,59.41971],[17.07829,59.41973],[17.07849,59.41982],[17.07851,59.41984],[17.07862,59.41993],[17.07871,59.42006],[17.07877,59.4202],[17.07885,59.42028],[17.0789,59.42031],[17.07911,59.42034],[17.07948,59.42041],[17.07968,59.42043],[17.07991,59.42043],[17.08006,59.4204],[17.08041,59.42017],[17.0809,59.41972],[17.08105,59.41948],[17.08118,59.41941],[17.08129,59.41935],[17.08138,59.41918],[17.08151,59.41907],[17.08158,59.41902],[17.08172,59.41893],[17.08182,59.41878],[17.08183,59.41869],[17.08187,59.41862],[17.08199,59.41857],[17.08214,59.41851],[17.0823,59.41848],[17.08249,59.41848],[17.08255,59.41848],[17.08255,59.41848],[17.08255,59.41848],[17.08255,59.41848],[17.0824,59.4192],[17.08199,59.41989],[17.08154,59.42047],[17.08086,59.42085],[17.08053,59.42266],[17.08069,59.42443],[17.08066,59.42445],[17.08051,59.42457],[17.08032,59.42473],[17.08024,59.42483],[17.08017,59.42493],[17.08014,59.42501],[17.08008,59.4252],[17.07994,59.42539],[17.07985,59.42549],[17.07979,59.42555],[17.07971,59.4256],[17.07962,59.42564],[17.07954,59.42571],[17.0795,59.42575],[17.0795,59.4258],[17.07953,59.42584],[17.07955,59.42588],[17.07953,59.42592],[17.0795,59.42594],[17.07944,59.42596],[17.07938,59.42598],[17.07929,59.42598],[17.07918,59.42596],[17.07909,59.42591],[17.07904,59.42583],[17.07895,59.42574],[17.0789,59.42563],[17.07885,59.42555],[17.07881,59.42548],[17.07869,59.42534],[17.07859,59.42527],[17.07855,59.4252],[17.07849,59.42516],[17.07839,59.42512],[17.07823,59.42509],[17.0779,59.42506],[17.07755,59.42504],[17.07723,59.42504],[17.07698,59.42504],[17.07669,59.42506],[17.07642,59.4251],[17.07612,59.42513],[17.07603,59.42515],[17.07597,59.42519],[17.07594,59.42523],[17.07587,59.42526],[17.07574,59.4253],[17.07566,59.42533],[17.0756,59.42538],[17.0755,59.4254],[17.07539,59.4254],[17.0753,59.42542],[17.07521,59.42547],[17.07512,59.42551],[17.075,59.42556],[17.07492,59.42557],[17.07492,59.42557],[17.07486,59.42555],[17.07486,59.42555],[17.07485,59.42552],[17.07479,59.42549],[17.07469,59.42548],[17.0746,59.42547],[17.07455,59.42548],[17.07449,59.42552],[17.07447,59.42554],[17.07442,59.42556],[17.07433,59.42556],[17.0742,59.42556],[17.07411,59.42556],[17.07401,59.42553],[17.07397,59.42551],[17.07397,59.42551],[17.07397,59.42551],[17.07403,59.42545],[17.07408,59.4254],[17.07411,59.42534],[17.07411,59.42528],[17.07408,59.42522],[17.07405,59.42515],[17.07404,59.42507],[17.07397,59.425],[17.07387,59.4249],[17.07383,59.42485],[17.07373,59.42478],[17.07358,59.42471],[17.07342,59.42465],[17.07322,59.42462],[17.0731,59.42458],[17.07299,59.42452],[17.07293,59.42447],[17.07286,59.42436],[17.07281,59.42426],[17.07277,59.42418],[17.07271,59.42413],[17.07257,59.42405],[17.07246,59.42402],[17.07206,59.42399],[17.07192,59.42398],[17.0718,59.42398],[17.0717,59.42399],[17.0716,59.42402],[17.0714,59.42411],[17.07129,59.42418],[17.07118,59.42425],[17.07105,59.4243],[17.07077,59.42436],[17.07058,59.4244],[17.07054,59.42441],[17.07049,59.42442],[17.07047,59.42441],[17.07047,59.42441],[17.07047,59.42441],[17.07047,59.4244],[17.07049,59.42438]],[[17.07957,59.41419],[17.07941,59.4142],[17.07921,59.41422],[17.07896,59.41427],[17.07873,59.41433],[17.07848,59.4144],[17.07848,59.4144],[17.07847,59.4144],[17.07847,59.4144],[17.07847,59.4144],[17.08011,59.41294],[17.08011,59.41294],[17.08011,59.41294],[17.08011,59.41294],[17.0811,59.41332],[17.08151,59.41355],[17.08326,59.41355],[17.08362,59.4136],[17.08362,59.4136],[17.08362,59.4136],[17.08415,59.41448],[17.08415,59.41448],[17.08382,59.4148],[17.08319,59.41546],[17.08289,59.41562],[17.08246,59.4158],[17.08231,59.41585],[17.08219,59.41588],[17.08206,59.41593],[17.08191,59.41601],[17.0818,59.4161],[17.08165,59.41623],[17.0815,59.4163],[17.08137,59.41636],[17.08125,59.41639],[17.08111,59.41641],[17.08111,59.41641],[17.08098,59.41639],[17.0808,59.41636],[17.0807,59.41635],[17.08011,59.41621],[17.07992,59.41615],[17.07992,59.41615],[17.07992,59.41615],[17.08003,59.41591],[17.07995,59.41579],[17.07995,59.41579],[17.07999,59.41574],[17.08047,59.41537],[17.08084,59.41513],[17.08101,59.41507],[17.08107,59.41502],[17.0811,59.41491],[17.08098,59.4148],[17.08089,59.41467],[17.08078,59.41458],[17.0803,59.41438],[17.07991,59.41424],[17.07957,59.41419]],[[17.06197,59.418],[17.0619,59.41801],[17.0619,59.41801],[17.06187,59.418],[17.06187,59.418],[17.06187,59.418],[17.06187,59.418],[17.06196,59.41793],[17.06204,59.41787],[17.06217,59.41784],[17.06223,59.41782],[17.06227,59.41778],[17.06228,59.41775],[17.06214,59.41765],[17.0621,59.4176],[17.0621,59.4176],[17.06214,59.41757],[17.06222,59.41756],[17.06233,59.41757],[17.06238,59.41758],[17.06243,59.41754],[17.06264,59.41736],[17.06273,59.41726],[17.06281,59.41716],[17.0629,59.4171],[17.06304,59.41705],[17.06334,59.41699],[17.0635,59.41696],[17.06366,59.41692],[17.06375,59.41686],[17.06397,59.41679],[17.06411,59.41673],[17.06425,59.41665],[17.06438,59.41653],[17.0645,59.4164],[17.06472,59.41621],[17.06492,59.41609],[17.06512,59.41598],[17.06527,59.41593],[17.06546,59.41585],[17.06566,59.41579],[17.06594,59.41572],[17.06613,59.41566],[17.06647,59.41549],[17.06653,59.41543],[17.06661,59.41541],[17.06671,59.41537],[17.06674,59.41535],[17.06699,59.41525],[17.06708,59.4152],[17.06729,59.41509],[17.06739,59.41504],[17.06746,59.41499],[17.06762,59.41492],[17.06785,59.41485],[17.068,59.41478],[17.06808,59.41474],[17.06818,59.41468],[17.06837,59.4146],[17.0686,59.41448],[17.06879,59.41436],[17.06893,59.41428],[17.06923,59.41406],[17.0694,59.41394],[17.06992,59.41365],[17.07006,59.41359],[17.0701,59.41358],[17.07023,59.41351],[17.07035,59.41345],[17.07046,59.41336],[17.07051,59.41333],[17.07052,59.41331],[17.07053,59.41327],[17.0705,59.41323],[17.0705,59.41319],[17.07051,59.41319],[17.07063,59.41315],[17.07078,59.4131],[17.07088,59.41308],[17.07096,59.41304],[17.07103,59.41299],[17.07113,59.41293],[17.07134,59.41287],[17.07145,59.41282],[17.07189,59.41262],[17.07222,59.41248],[17.07234,59.41243],[17.07259,59.41226],[17.07311,59.41191],[17.07356,59.41153],[17.07363,59.41148],[17.07373,59.41142],[17.07389,59.41131],[17.07394,59.41128],[17.07397,59.41121],[17.07395,59.41116],[17.07395,59.41113],[17.07395,59.41113],[17.07414,59.41108],[17.07419,59.41106],[17.07439,59.41092],[17.07458,59.4108],[17.07467,59.41074],[17.07473,59.4107],[17.07489,59.41059],[17.075,59.41051],[17.07536,59.41032],[17.0758,59.41008],[17.07639,59.40977],[17.0768,59.40954],[17.07731,59.40921],[17.07779,59.40884],[17.07792,59.40873],[17.07805,59.40863],[17.07838,59.40836],[17.07838,59.40836],[17.07838,59.40836],[17.08008,59.40901],[17.08008,59.40901],[17.08008,59.40901],[17.07843,59.4113],[17.07775,59.41168],[17.07705,59.41223],[17.07557,59.41335],[17.07512,59.4142],[17.07512,59.4142],[17.07512,59.4142],[17.07512,59.4142],[17.07512,59.4142],[17.07512,59.4142],[17.07495,59.41383],[17.07349,59.41421],[17.07265,59.41525],[17.07143,59.41587],[17.07062,59.41617],[17.06985,59.41665],[17.06978,59.41669],[17.06955,59.41679],[17.06939,59.41686],[17.06934,59.41689],[17.0693,59.41693],[17.06889,59.4171],[17.06876,59.41716],[17.06866,59.41723],[17.06843,59.41735],[17.06834,59.4174],[17.06826,59.41744],[17.0675,59.41765],[17.06741,59.41769],[17.06735,59.41772],[17.06732,59.41777],[17.06736,59.41783],[17.06738,59.41787],[17.06735,59.4179],[17.06735,59.4179],[17.06719,59.41796],[17.0671,59.41797],[17.06702,59.41799],[17.06693,59.41802],[17.06689,59.41806],[17.0669,59.4181],[17.0669,59.41813],[17.0669,59.41813],[17.06675,59.41822],[17.06667,59.41828],[17.06664,59.41831],[17.06657,59.41833],[17.0664,59.41833],[17.06634,59.41833],[17.06616,59.41851],[17.06608,59.41861],[17.06604,59.41867],[17.06593,59.41871],[17.06557,59.41876],[17.06541,59.41877],[17.06513,59.41874],[17.06489,59.4187],[17.06455,59.41868],[17.06451,59.41869],[17.06441,59.41874],[17.06434,59.41875],[17.06434,59.41875],[17.06434,59.41875],[17.06423,59.41869],[17.06416,59.41865],[17.06409,59.41862],[17.06404,59.41862],[17.06388,59.41868],[17.06383,59.41872],[17.06378,59.41879],[17.06375,59.41882],[17.06375,59.41882],[17.06373,59.41882],[17.06373,59.41882],[17.06373,59.41882],[17.0637,59.4188],[17.06367,59.41877],[17.06342,59.41871],[17.06306,59.41869],[17.06268,59.41868],[17.06262,59.41868],[17.06258,59.41866],[17.06258,59.41866],[17.06256,59.4186],[17.06256,59.4186],[17.06261,59.41856],[17.06264,59.41855],[17.06273,59.41853],[17.06277,59.4185],[17.06279,59.41845],[17.06276,59.41834],[17.06267,59.41824],[17.06269,59.41817],[17.06272,59.41806],[17.06271,59.41804],[17.06267,59.41802],[17.06252,59.418],[17.06244,59.41798],[17.06232,59.41791],[17.06229,59.4179],[17.06208,59.41797],[17.06197,59.418]]]]},"properties":{"NVRID":"2001122","NAMN":"Tynnelsö Prästholmen","SKYDDSTYP":"Naturreservat","BESLUTSSTATUS":"Gällande","LAN":"Södermanlands Län","KOMMUN":"Strängnäs","IUCNKATEGORI":"Ia, Strikt naturreservat (Strict Nature Reserve)","FORVALTARE":"Länsstyrelsen i Södermanlands län","AREA_HA":66.8,"LAND_HA":66.25,"VATTEN_HA":0.55,"SKOG_HA":42.89,"URSPR_BESLUTSDATUM":"2003-06-13"}},{"type":"Feature","geometry":{"type":"MultiPolygon","coordinates":[[[[16.90732,59.29186],[16.90686,59.29165],[16.90674,59.29155],[16.90674,59.29155],[16.90682,59.29141],[16.90682,59.29141],[16.90723,59.29122],[16.90787,59.29103],[16.90831,59.29084],[16.90862,59.29063],[16.90905,59.29049],[16.90905,59.29049],[16.90981,59.29051],[16.91085,59.29086],[16.91124,59.29119],[16.91184,59.29139],[16.91241,59.29178],[16.91292,59.29201],[16.91336,59.29203],[16.91379,59.29195],[16.91435,59.29178],[16.91435,59.29178],[16.91468,59.29187],[16.91479,59.29205],[16.91502,59.29261],[16.91497,59.29291],[16.91479,59.29338],[16.91604,59.29347],[16.91616,59.29335],[16.91598,59.29314],[16.91595,59.29299],[16.91608,59.29286],[16.91608,59.29286],[16.91694,59.29282],[16.91818,59.2927],[16.91818,59.2927],[16.91818,59.2927],[16.91831,59.29344],[16.91845,59.29421],[16.91845,59.29421],[16.91845,59.29421],[16.91759,59.29445],[16.91597,59.29519],[16.9164,59.29587],[16.9164,59.29587],[16.9164,59.29587],[16.91199,59.29648],[16.91139,59.2965],[16.91074,59.29631],[16.90974,59.2961],[16.9095,59.29597],[16.9095,59.29597],[16.90949,59.29591],[16.90949,59.29591],[16.90994,59.29566],[16.91,59.29553],[16.90945,59.29512],[16.90917,59.29494],[16.90906,59.29478],[16.90891,59.29437],[16.90872,59.29421],[16.90833,59.29404],[16.90772,59.29355],[16.90728,59.29303],[16.90722,59.29283],[16.9073,59.29245],[16.90746,59.29211],[16.90732,59.29186]]]]},"properties":{"NVRID":"2200572","NAMN":"Bråtarna","SKYDDSTYP":"Naturreservat","BESLUTSSTATUS":"Gällande","LAN":"Södermanlands Län","KOMMUN":"Strängnäs","IUCNKATEGORI":"0, Områden som ej kan klassificeras enligt IUCN: s system.","FORVALTARE":"Länsstyrelsen i Södermanlands län","AREA_HA":0.0,"LAND_HA":null,"VATTEN_HA":null,"SKOG_HA":null,"URSPR_BESLUTSDATUM":"2026-04-07"}},{"type":"Feature","geometry":{"type":"MultiPolygon","coordinates":[[[[16.82058,58.6911],[16.81915,58.69065],[16.81768,58.69057],[16.8168,58.69009],[16.81574,58.68968],[16.81539,58.68931],[16.81539,58.6893],[16.81544,58.68884],[16.8157,58.68861],[16.8157,58.68861],[16.81679,58.6886],[16.81767,58.68869],[16.81917,58.68865],[16.82007,58.68882],[16.82107,58.68953],[16.82126,58.68996],[16.82237,58.69049],[16.82287,58.69091],[16.82375,58.69118],[16.82375,58.69118],[16.8238,58.69177],[16.8249,58.6914],[16.82507,58.69052],[16.82518,58.68995],[16.82432,58.68962],[16.82376,58.68912],[16.82376,58.68912],[16.82376,58.68911],[16.82449,58.68888],[16.82449,58.68888],[16.82724,58.68913],[16.82779,58.68943],[16.82881,58.68979],[16.82962,58.68995],[16.83088,58.69011],[16.83148,58.6905],[16.83216,58.69012],[16.83123,58.68935],[16.83064,58.68888],[16.83064,58.68888],[16.83083,58.68859],[16.83075,58.68801],[16.83075,58.68801],[16.83122,58.68785],[16.83122,58.68785],[16.83296,58.68778],[16.83446,58.68738],[16.83486,58.68709],[16.83486,58.68709],[16.83557,58.68721],[16.83676,58.68741],[16.83676,58.68741],[16.83677,58.68741],[16.83626,58.68862],[16.83597,58.68958],[16.83658,58.6905],[16.83673,58.69107],[16.83798,58.69117],[16.83917,58.69156],[16.83917,58.69156],[16.83912,58.69208],[16.83912,58.69246],[16.83921,58.69285],[16.83949,58.69327],[16.84044,58.69366],[16.84164,58.69395],[16.84188,58.69355],[16.84188,58.69355],[16.84246,58.69349],[16.84246,58.69349],[16.84246,58.69349],[16.84289,58.69423],[16.84289,58.69423],[16.84289,58.69423],[16.84229,58.69465],[16.84302,58.69509],[16.84301,58.69559],[16.84297,58.69591],[16.84297,58.69591],[16.84297,58.69591],[16.84268,58.69593],[16.84265,58.69597],[16.84256,58.69609],[16.84252,58.69615],[16.84252,58.69615],[16.84247,58.69616],[16.84246,58.69618],[16.84246,58.69621],[16.84249,58.69627],[16.84254,58.69635],[16.84258,58.69641],[16.84258,58.69641],[16.84258,58.69641],[16.84258,58.69641],[16.84247,58.69643],[16.84247,58.69643],[16.84244,58.6964],[16.8424,58.6964],[16.84239,58.69641],[16.84239,58.69643],[16.84242,58.69645],[16.84242,58.69645],[16.84242,58.69645],[16.84232,58.69647],[16.84226,58.69649],[16.84218,58.69648],[16.84206,58.69652],[16.842,58.69656],[16.84198,58.6966],[16.84194,58.69664],[16.84198,58.69674],[16.84203,58.69688],[16.842,58.69699],[16.842,58.69707],[16.84201,58.69712],[16.842,58.69717],[16.84199,58.69717],[16.84211,58.69736],[16.84211,58.69736],[16.84211,58.69736],[16.84201,58.69741],[16.84192,58.6975],[16.8419,58.69761],[16.84189,58.69761],[16.84189,58.69761],[16.841,58.69734],[16.83979,58.69634],[16.8384,58.69711],[16.8384,58.69711],[16.83783,58.69711],[16.8381,58.69769],[16.83908,58.69806],[16.83908,58.69806],[16.83944,58.69887],[16.83944,58.69887],[16.83944,58.69887],[16.83869,58.6991],[16.83869,58.6991],[16.83869,58.6991],[16.83756,58.69831],[16.83646,58.69806],[16.83604,58.69747],[16.83494,58.6975],[16.83494,58.6975],[16.83494,58.6975],[16.83424,58.69679],[16.83424,58.69679],[16.83484,58.69643],[16.83552,58.69633],[16.83363,58.69576],[16.83292,58.69544],[16.83083,58.69575],[16.82865,58.69556],[16.8275,58.69547],[16.82719,58.6959],[16.82713,58.69647],[16.82713,58.69647],[16.82713,58.69647],[16.8259,58.6968],[16.82436,58.69661],[16.82403,58.6966],[16.82403,58.6966],[16.8237,58.69625],[16.82271,58.69608],[16.82245,58.69592],[16.82192,58.69563],[16.82139,58.69532],[16.82072,58.69494],[16.82054,58.69484],[16.82054,58.69484],[16.82054,58.69484],[16.82177,58.69424],[16.82239,58.69354],[16.82037,58.69265],[16.82037,58.69265],[16.82037,58.69265],[16.82111,58.69176],[16.82058,58.6911]]]]},"properties":{"NVRID":"2001938","NAMN":"Pilthyttedammens Domänreservat","SKYDDSTYP":"Naturreservat","BESLUTSSTATUS":"Gällande","LAN":"Södermanlands Län","KOMMUN":"Nyköping","IUCNKATEGORI":"III, Naturmonument (Natural Monument)","FORVALTARE":"Länsstyrelsen i Södermanlands län","AREA_HA":94.89,"LAND_HA":69.32,"VATTEN_HA":25.57,"SKOG_HA":37.85,"URSPR_BESLUTSDATUM":"1997-12-19"}},{"type":"Feature","geometry":{"type":"MultiPolygon","coordinates":[[[[17.26444,59.2515],[17.26285,59.25258],[17.26285,59.25258],[17.2614,59.25256],[17.26074,59.25237],[17.26062,59.25233],[17.25698,59.25109],[17.25698,59.25109],[17.25698,59.25109],[17.25698,59.25109],[17.26789,59.24561],[17.27482,59.24555],[17.28137,59.24545],[17.28603,59.24608],[17.28603,59.24608],[17.28603,59.24608],[17.28603,59.24608],[17.28562,59.24633],[17.28496,59.24661],[17.28469,59.24685],[17.28452,59.24747],[17.28432,59.24812],[17.28431,59.24812],[17.28431,59.24812],[17.28431,59.24812],[17.28376,59.24784],[17.28375,59.24826],[17.28375,59.24826],[17.28375,59.24826],[17.28121,59.24784],[17.27682,59.2481],[17.27661,59.24819],[17.26909,59.25108],[17.2671,59.25292],[17.2671,59.25292],[17.26709,59.25292],[17.26709,59.25292],[17.26444,59.2515]]]]},"properties":{"NVRID":"2001868","NAMN":"Härnöängen","SKYDDSTYP":"Naturreservat","BESLUTSSTATUS":"Gällande","LAN":"Södermanlands Län","KOMMUN":"Strängnäs","IUCNKATEGORI":"IV, Habitat/Artskyddsområde (Habitat/Species Management Area)","FORVALTARE":"AssiDomän AB","AREA_HA":62.84,"LAND_HA":40.05,"VATTEN_HA":22.79,"SKOG_HA":15.0,"URSPR_BESLUTSDATUM":"1972-02-02"}},{"type":"Feature","geometry":{"type":"MultiPolygon","coordinates":[[[[16.8151,59.05212],[16.81295,59.05162],[16.81295,59.05162],[16.81295,59.05162],[16.81295,59.05162],[16.81371,59.05095],[16.81673,59.04825],[16.81404,59.04683],[16.81404,59.04683],[16.81474,59.04601],[16.81474,59.04601],[16.82072,59.04534],[16.82545,59.04645],[16.82545,59.04645],[16.82541,59.05122],[16.82553,59.05174],[16.82553,59.05174],[16.82552,59.05175],[16.8229,59.0515],[16.82136,59.05425],[16.82136,59.05425],[16.82136,59.05425],[16.81771,59.05415],[16.81339,59.05495],[16.81338,59.05495],[16.81338,59.05495],[16.81338,59.05495],[16.81338,59.05495],[16.8151,59.05212]]]]},"properties":{"NVRID":"2001303","NAMN":"Jaktstuguskogen","SKYDDSTYP":"Naturreservat","BESLUTSSTATUS":"Gällande","LAN":"Södermanlands Län","KOMMUN":"Flen","IUCNKATEGORI":"Ia, Strikt naturreservat (Strict Nature Reserve)","FORVALTARE":"Länsstyrelsen i Södermanlands län","AREA_HA":52.88,"LAND_HA":51.78,"VATTEN_HA":1.1,"SKOG_HA":48.47,"URSPR_BESLUTSDATUM":"1919-08-25"}},{"type":"Feature","geometry":{"type":"MultiPolygon","coordinates":[[[[17.20655,59.16919],[17.20665,59.16911],[17.20668,59.16907],[17.20673,59.16903],[17.20686,59.16894],[17.20697,59.16886],[17.20699,59.16884],[17.20703,59.1688],[17.20703,59.16879],[17.20707,59.16872],[17.2071,59.16866],[17.20722,59.16855],[17.20745,59.16836],[17.20766,59.16818],[17.20798,59.16803],[17.2081,59.16796],[17.20842,59.16782],[17.20859,59.16774],[17.20876,59.16767],[17.20885,59.16766],[17.20893,59.16764],[17.20902,59.16759],[17.20915,59.1674],[17.20918,59.16733],[17.20921,59.16725],[17.20923,59.16704],[17.20921,59.16693],[17.20921,59.16692],[17.20922,59.1669],[17.20926,59.16686],[17.20928,59.16686],[17.20935,59.16683],[17.20936,59.16682],[17.2095,59.16678],[17.20954,59.16678],[17.20972,59.16676],[17.20975,59.16676],[17.21021,59.16671],[17.21072,59.16657],[17.21079,59.16653],[17.2109,59.16643],[17.21094,59.16638],[17.21098,59.16632],[17.21102,59.16627],[17.21107,59.16624],[17.21107,59.16624],[17.21135,59.16614],[17.21136,59.16613],[17.21137,59.16613],[17.21161,59.16613],[17.2123,59.16593],[17.21306,59.16566],[17.21386,59.16551],[17.21503,59.16531],[17.21503,59.16531],[17.21537,59.16534],[17.21613,59.16512],[17.21645,59.16507],[17.21739,59.16496],[17.21796,59.16494],[17.21918,59.16501],[17.21949,59.16512],[17.21973,59.16543],[17.21968,59.16586],[17.21968,59.16586],[17.21853,59.16643],[17.21839,59.16694],[17.218,59.16732],[17.21859,59.16761],[17.21859,59.16761],[17.21859,59.16761],[17.21831,59.16781],[17.21754,59.16815],[17.21754,59.16815],[17.21754,59.16815],[17.21668,59.16808],[17.21593,59.16846],[17.21447,59.16859],[17.21338,59.16849],[17.21186,59.16814],[17.21092,59.16906],[17.20978,59.16937],[17.20976,59.17028],[17.21057,59.17019],[17.21146,59.17025],[17.2124,59.16985],[17.21301,59.16977],[17.21301,59.16977],[17.21367,59.17007],[17.21442,59.16974],[17.21514,59.16952],[17.21514,59.16952],[17.21514,59.16952],[17.21554,59.16986],[17.21554,59.16986],[17.21554,59.16986],[17.21516,59.17041],[17.21442,59.17108],[17.21401,59.17133],[17.21422,59.17164],[17.2147,59.1722],[17.21503,59.17233],[17.21539,59.17262],[17.2157,59.17296],[17.2157,59.17296],[17.2157,59.17297],[17.2152,59.17317],[17.21507,59.17345],[17.21509,59.1737],[17.21495,59.17398],[17.21394,59.175],[17.21375,59.1751],[17.21375,59.1751],[17.21375,59.1751],[17.21307,59.17495],[17.21265,59.17482],[17.21176,59.17485],[17.21106,59.17505],[17.21064,59.17536],[17.2097,59.17577],[17.20942,59.17607],[17.20923,59.17643],[17.20923,59.17643],[17.20923,59.17643],[17.20794,59.17655],[17.20732,59.17708],[17.20693,59.17747],[17.20693,59.17747],[17.20693,59.17747],[17.20487,59.17728],[17.20245,59.17628],[17.20208,59.17613],[17.20187,59.17605],[17.20187,59.17605],[17.20153,59.17569],[17.20109,59.17477],[17.20126,59.1742],[17.20159,59.17365],[17.20194,59.17312],[17.20216,59.17292],[17.20237,59.17276],[17.20255,59.17256],[17.20268,59.17225],[17.2028,59.17198],[17.20325,59.17139],[17.20361,59.17103],[17.20396,59.17075],[17.20477,59.17037],[17.20524,59.17023],[17.20646,59.16949],[17.20675,59.16936],[17.20651,59.16921],[17.20651,59.1692],[17.20651,59.1692],[17.20655,59.16919]],[[17.20713,59.17068],[17.20718,59.17078],[17.20787,59.1707],[17.20861,59.17041],[17.20865,59.1704],[17.20843,59.17009],[17.20736,59.17026],[17.20713,59.17068]],[[17.20489,59.1709],[17.20513,59.17103],[17.20554,59.17101],[17.20554,59.17101],[17.2057,59.17111],[17.20699,59.17053],[17.20671,59.17008],[17.20664,59.17008],[17.20511,59.17077],[17.20489,59.1709]]]]},"properties":{"NVRID":"2040976","NAMN":"Björndalsbergen","SKYDDSTYP":"Naturreservat","BESLUTSSTATUS":"Gällande","LAN":"Södermanlands Län","KOMMUN":"Gnesta","IUCNKATEGORI":"Ia, Strikt naturreservat (Strict Nature Reserve)","FORVALTARE":"Länsstyrelsen i Södermanlands län","AREA_HA":68.52,"LAND_HA":66.24,"VATTEN_HA":2.28,"SKOG_HA":46.19,"URSPR_BESLUTSDATUM":"2013-06-26"}},{"type":"Feature","geometry":{"type":"MultiPolygon","coordinates":[[[[16.74045,59.05363],[16.74037,59.05359],[16.74034,59.05352],[16.74033,59.05344],[16.74032,59.05338],[16.74027,59.0533],[16.7402,59.05324],[16.74015,59.05318],[16.74014,59.05312],[16.74016,59.05305],[16.74022,59.05297],[16.7403,59.0529],[16.74041,59.05281],[16.7405,59.05274],[16.74057,59.0527],[16.7407,59.05269],[16.74082,59.0527],[16.74098,59.0527],[16.74122,59.05274],[16.74122,59.05274],[16.74128,59.05279],[16.74134,59.05285],[16.74141,59.05293],[16.74149,59.05302],[16.74161,59.0532],[16.74164,59.0533],[16.74167,59.05338],[16.7417,59.05348],[16.74171,59.05355],[16.74171,59.05361],[16.74173,59.05368],[16.74173,59.0537],[16.74178,59.05383],[16.7418,59.05386],[16.74178,59.05396],[16.74147,59.05426],[16.74139,59.0543],[16.74137,59.05432],[16.74126,59.05445],[16.74127,59.05449],[16.74143,59.05454],[16.74164,59.05462],[16.74173,59.05469],[16.74173,59.05469],[16.74173,59.05469],[16.74167,59.05478],[16.74167,59.05478],[16.74132,59.05485],[16.74119,59.05496],[16.74117,59.05499],[16.74117,59.05499],[16.74117,59.05499],[16.74081,59.05501],[16.74081,59.05501],[16.74081,59.05501],[16.74073,59.05492],[16.74068,59.0548],[16.74064,59.05459],[16.74065,59.05452],[16.74065,59.05452],[16.7408,59.05439],[16.7408,59.05439],[16.74104,59.05438],[16.74119,59.05442],[16.74129,59.05429],[16.74132,59.05427],[16.74138,59.0542],[16.74145,59.05405],[16.74145,59.054],[16.74151,59.05395],[16.74154,59.05391],[16.74153,59.05385],[16.74148,59.05379],[16.7414,59.05375],[16.74128,59.05374],[16.74114,59.05374],[16.74108,59.05375],[16.74098,59.05377],[16.74088,59.05382],[16.7408,59.05385],[16.74075,59.0539],[16.74067,59.05396],[16.74058,59.05398],[16.74058,59.05398],[16.7405,59.05394],[16.74047,59.05388],[16.74047,59.0538],[16.74047,59.05372],[16.74045,59.05366],[16.74045,59.05363]]]]},"properties":{"NVRID":"2001879","NAMN":"Kråkholmen","SKYDDSTYP":"Naturreservat","BESLUTSSTATUS":"Gällande","LAN":"Södermanlands Län","KOMMUN":"Flen","IUCNKATEGORI":"III, Naturmonument (Natural Monument)","FORVALTARE":"Länsstyrelsen i Södermanlands län","AREA_HA":1.26,"LAND_HA":1.19,"VATTEN_HA":0.07,"SKOG_HA":1.17,"URSPR_BESLUTSDATUM":"1957-02-15"}},{"type":"Feature","geometry":{"type":"MultiPolygon","coordinates":[[[[17.61334,58.8307],[17.60712,58.83153],[17.60712,58.83153],[17.60712,58.83153],[17.60063,58.81905],[17.59821,58.81434],[17.59821,58.81434],[17.74507,58.73362],[17.74507,58.73362],[17.74507,58.73362],[17.78867,58.75359],[17.78867,58.75359],[17.7867,58.77789],[17.7867,58.77789],[17.72521,58.79794],[17.71786,58.81529],[17.71785,58.8153],[17.70911,58.81728],[17.66963,58.82624],[17.66305,58.83917],[17.66302,58.83923],[17.66141,58.84222],[17.66141,58.84222],[17.66141,58.84222],[17.66141,58.84222],[17.62668,58.83886],[17.62142,58.83738],[17.61397,58.83523],[17.61291,58.83492],[17.61291,58.83492],[17.61291,58.83492],[17.61417,58.83277],[17.61403,58.83244],[17.61334,58.8307]]]]},"properties":{"NVRID":"2001318","NAMN":"Askö","SKYDDSTYP":"Naturreservat","BESLUTSSTATUS":"Gällande","LAN":"Södermanlands Län","KOMMUN":"Nynäshamn, Södertälje, Trosa","IUCNKATEGORI":"V, Skyddat landskap/havsområde (Protected Landscape/Seascape)","FORVALTARE":"Länsstyrelsen i Södermanlands län","AREA_HA":5841.22,"LAND_HA":619.2,"VATTEN_HA":5222.02,"SKOG_HA":378.41,"URSPR_BESLUTSDATUM":"2001-05-18"}},{"type":"Feature","geometry":{"type":"MultiPolygon","coordinates":[[[[16.28101,58.85974],[16.28127,58.8595],[16.28185,58.85881],[16.28291,58.85839],[16.28412,58.85759],[16.28468,58.85721],[16.2856,58.85652],[16.28663,58.85609],[16.28715,58.85566],[16.28668,58.85533],[16.28602,58.85506],[16.28546,58.85468],[16.28498,58.8542],[16.28498,58.85419],[16.28498,58.85419],[16.28498,58.85419],[16.28519,58.85421],[16.28536,58.85419],[16.28551,58.85417],[16.28572,58.85411],[16.28584,58.85408],[16.2859,58.85405],[16.28593,58.85403],[16.28598,58.85403],[16.28612,58.85405],[16.28627,58.85403],[16.2864,58.854],[16.28658,58.85396],[16.28665,58.85395],[16.28698,58.85388],[16.28709,58.85385],[16.28712,58.85383],[16.28712,58.85383],[16.28848,58.85396],[16.28848,58.85396],[16.28848,58.85396],[16.28909,58.85479],[16.28993,58.85454],[16.29038,58.85447],[16.29038,58.85447],[16.29136,58.85486],[16.29162,58.85507],[16.29162,58.85507],[16.29162,58.85507],[16.29071,58.85575],[16.2901,58.85654],[16.29092,58.8569],[16.29092,58.8569],[16.29092,58.8569],[16.29043,58.85744],[16.28948,58.85807],[16.28882,58.85878],[16.28563,58.85946],[16.28364,58.85982],[16.28219,58.86019],[16.28219,58.86019],[16.28134,58.85998],[16.28101,58.85974],[16.28101,58.85974],[16.28101,58.85974]]]]},"properties":{"NVRID":"2014304","NAMN":"Harpebolnäset","SKYDDSTYP":"Naturreservat","BESLUTSSTATUS":"Gällande","LAN":"Södermanlands Län","KOMMUN":"Katrineholm","IUCNKATEGORI":"Ia, Strikt naturreservat (Strict Nature Reserve)","FORVALTARE":"Länsstyrelsen i Södermanlands län","AREA_HA":19.28,"LAND_HA":19.28,"VATTEN_HA":0.0,"SKOG_HA":18.06,"URSPR_BESLUTSDATUM":"2012-10-22"}},{"type":"Feature","geometry":{"type":"MultiPolygon","coordinates":[[[[17.2738,59.01546],[17.27398,59.01517],[17.27398,59.01517],[17.27511,59.01481],[17.27573,59.01438],[17.27631,59.01418],[17.27683,59.01401],[17.27815,59.0138],[17.27953,59.01412],[17.28187,59.01129],[17.2804,59.01101],[17.2798,59.01085],[17.27961,59.01082],[17.27899,59.01045],[17.27886,59.01023],[17.27905,59.00993],[17.28055,59.00899],[17.28055,59.00899],[17.28056,59.00899],[17.28163,59.00925],[17.2825,59.00815],[17.28256,59.00678],[17.27895,59.00641],[17.27894,59.00641],[17.27894,59.00641],[17.27894,59.00641],[17.27919,59.00602],[17.28091,59.00341],[17.28091,59.00341],[17.28092,59.00341],[17.29303,59.00449],[17.29303,59.00449],[17.29303,59.00449],[17.29303,59.00449],[17.29061,59.00803],[17.28664,59.01401],[17.28172,59.01848],[17.28241,59.01865],[17.28241,59.01865],[17.28249,59.01921],[17.28249,59.01922],[17.28249,59.01922],[17.28213,59.01923],[17.28114,59.01999],[17.28085,59.02075],[17.28137,59.02106],[17.28137,59.02106],[17.28137,59.02107],[17.28106,59.02123],[17.28055,59.02151],[17.28016,59.02182],[17.2801,59.0219],[17.27957,59.02269],[17.27956,59.02276],[17.27941,59.02356],[17.27941,59.02356],[17.27898,59.02376],[17.27898,59.02376],[17.27898,59.02376],[17.27898,59.02376],[17.27898,59.02376],[17.279,59.02373],[17.27904,59.02368],[17.27903,59.02364],[17.27898,59.0236],[17.2789,59.02359],[17.27874,59.02359],[17.27844,59.02357],[17.27823,59.02355],[17.278,59.02354],[17.27778,59.02353],[17.27756,59.02353],[17.27731,59.02354],[17.27652,59.02357],[17.2762,59.02359],[17.27609,59.0236],[17.27609,59.0236],[17.27609,59.0236],[17.27609,59.0236],[17.27826,59.02163],[17.27898,59.02097],[17.28045,59.01964],[17.27927,59.01942],[17.27854,59.0196],[17.27854,59.0196],[17.27854,59.0196],[17.27772,59.01904],[17.27705,59.01904],[17.27613,59.01899],[17.27512,59.01949],[17.27466,59.01963],[17.27431,59.01962],[17.27431,59.01962],[17.27431,59.01962],[17.27424,59.01928],[17.27425,59.01878],[17.27421,59.01845],[17.27432,59.01808],[17.27485,59.01722],[17.27485,59.01705],[17.27442,59.01652],[17.27449,59.01616],[17.27396,59.01576],[17.2738,59.01546],[17.2738,59.01546]]]]},"properties":{"NVRID":"2026949","NAMN":"Ekeby","SKYDDSTYP":"Naturreservat","BESLUTSSTATUS":"Gällande","LAN":"Södermanlands Län","KOMMUN":"Gnesta","IUCNKATEGORI":"Ia, Strikt naturreservat (Strict Nature Reserve)","FORVALTARE":"Länsstyrelsen i Södermanlands län","AREA_HA":97.54,"LAND_HA":97.53,"VATTEN_HA":0.01,"SKOG_HA":88.16,"URSPR_BESLUTSDATUM":"2011-12-19"}},{"type":"Feature","geometry":{"type":"MultiPolygon","coordinates":[[[[17.38638,58.76165],[17.38553,58.76028],[17.38553,58.76028],[17.3865,58.75982],[17.38539,58.75923],[17.38539,58.75923],[17.38539,58.75923],[17.38573,58.75915],[17.38791,58.75839],[17.38792,58.75839],[17.38792,58.75839],[17.3881,58.75849],[17.38856,58.75837],[17.38887,58.75828],[17.39617,58.75619],[17.39887,58.75543],[17.39887,58.75543],[17.39887,58.75543],[17.41259,58.76269],[17.41259,58.76269],[17.41259,58.76269],[17.41259,58.76269],[17.39494,58.76386],[17.38869,58.76297],[17.38685,58.76277],[17.38685,58.76277],[17.38685,58.76277],[17.38699,58.76264],[17.38602,58.76221],[17.38572,58.762],[17.38572,58.762],[17.38572,58.762],[17.38626,58.7617],[17.38638,58.76165]]]]},"properties":{"NVRID":"2053401","NAMN":"Horsvik","SKYDDSTYP":"Naturreservat","BESLUTSSTATUS":"Gällande","LAN":"Södermanlands Län","KOMMUN":"Nyköping","IUCNKATEGORI":"V, Skyddat landskap/havsområde (Protected Landscape/Seascape)","FORVALTARE":"Nyköpings kommun","AREA_HA":86.9,"LAND_HA":26.3,"VATTEN_HA":60.6,"SKOG_HA":5.59,"URSPR_BESLUTSDATUM":"2020-09-08"}},{"type":"Feature","geometry":{"type":"MultiPolygon","coordinates":[[[[17.33165,58.74536],[17.32662,58.74638],[17.319,58.74479],[17.319,58.74479],[17.319,58.74479],[17.319,58.74479],[17.33894,58.73279],[17.33894,58.73279],[17.33894,58.73279],[17.34339,58.73493],[17.34339,58.73493],[17.34339,58.73493],[17.33571,58.73912],[17.33896,58.74073],[17.34235,58.74004],[17.34831,58.7373],[17.34832,58.7373],[17.34832,58.7373],[17.34832,58.73731],[17.34832,58.73731],[17.34307,58.74385],[17.34307,58.74385],[17.33935,58.7439],[17.33771,58.74456],[17.33341,58.74572],[17.33341,58.74572],[17.33165,58.74536]]]]},"properties":{"NVRID":"2001931","NAMN":"Sanda holme","SKYDDSTYP":"Naturreservat","BESLUTSSTATUS":"Gällande","LAN":"Södermanlands Län","KOMMUN":"Nyköping","IUCNKATEGORI":"Ia, Strikt naturreservat (Strict Nature Reserve)","FORVALTARE":"Länsstyrelsen i Södermanlands län","AREA_HA":105.52,"LAND_HA":12.05,"VATTEN_HA":93.47,"SKOG_HA":4.21,"URSPR_BESLUTSDATUM":"1987-06-26"}},{"type":"Feature","geometry":{"type":"MultiPolygon","coordinates":[[[[16.91889,59.05133],[16.9188,59.05134],[16.91871,59.05137],[16.91861,59.05139],[16.91861,59.05139],[16.91854,59.05138],[16.91853,59.05138],[16.91854,59.05134],[16.91858,59.05132],[16.91867,59.05128],[16.9187,59.05122],[16.9187,59.05117],[16.91865,59.05113],[16.91862,59.0511],[16.91862,59.0511],[16.91863,59.05106],[16.91869,59.05103],[16.91877,59.05103],[16.91877,59.05103],[16.91877,59.05103],[16.91883,59.05108],[16.91887,59.05113],[16.91895,59.0512],[16.91904,59.05125],[16.91918,59.05127],[16.91934,59.05127],[16.91952,59.05128],[16.91967,59.0513],[16.91979,59.05129],[16.91988,59.05123],[16.91987,59.05116],[16.91982,59.05108],[16.91982,59.05101],[16.91981,59.05094],[16.91978,59.05088],[16.91976,59.05083],[16.91971,59.05077],[16.91972,59.05072],[16.91978,59.05069],[16.91989,59.05062],[16.91997,59.05058],[16.92011,59.05055],[16.92025,59.05055],[16.92041,59.05058],[16.92058,59.05059],[16.92075,59.05062],[16.92086,59.05058],[16.92092,59.05049],[16.92092,59.05042],[16.92092,59.05032],[16.92095,59.05024],[16.92107,59.0501],[16.9212,59.04998],[16.92126,59.04987],[16.92128,59.04978],[16.92133,59.04968],[16.92144,59.04957],[16.92158,59.04945],[16.92173,59.04934],[16.922,59.04918],[16.92228,59.04909],[16.92252,59.04897],[16.92261,59.04891],[16.92269,59.04887],[16.92278,59.04882],[16.92287,59.0487],[16.92305,59.04851],[16.92321,59.04836],[16.92332,59.04827],[16.92362,59.04809],[16.92371,59.04807],[16.92382,59.04802],[16.9239,59.04797],[16.92401,59.04793],[16.92413,59.04792],[16.92426,59.04786],[16.92436,59.04778],[16.9244,59.04772],[16.92447,59.04764],[16.92457,59.0476],[16.92457,59.0476],[16.92758,59.04829],[16.9337,59.04907],[16.93371,59.04907],[16.93377,59.0491],[16.93377,59.0491],[16.93372,59.04916],[16.93362,59.04918],[16.93352,59.04921],[16.93342,59.04926],[16.9334,59.04937],[16.93333,59.04945],[16.93333,59.04945],[16.93323,59.04949],[16.93311,59.04957],[16.93302,59.04964],[16.93289,59.04971],[16.93267,59.04978],[16.93243,59.04982],[16.93165,59.04988],[16.93091,59.04991],[16.92995,59.04994],[16.92965,59.04996],[16.9295,59.04998],[16.92923,59.05004],[16.92909,59.05008],[16.92896,59.05013],[16.92886,59.05018],[16.92878,59.05026],[16.92874,59.05036],[16.92871,59.05044],[16.92871,59.05057],[16.92866,59.05068],[16.92859,59.05079],[16.92852,59.05092],[16.92846,59.05102],[16.92836,59.05113],[16.92819,59.05122],[16.92804,59.05129],[16.92787,59.05132],[16.9277,59.05137],[16.92752,59.05143],[16.92738,59.05146],[16.92723,59.05146],[16.92711,59.05147],[16.92698,59.05153],[16.92678,59.0516],[16.92656,59.0517],[16.92638,59.05179],[16.92618,59.05187],[16.92574,59.05222],[16.92557,59.05233],[16.9254,59.05241],[16.92523,59.05252],[16.92498,59.05271],[16.92487,59.05278],[16.92477,59.05281],[16.92458,59.0529],[16.92443,59.05297],[16.92434,59.05304],[16.92424,59.0531],[16.92412,59.05317],[16.92404,59.05325],[16.92399,59.05334],[16.92395,59.05344],[16.92392,59.05351],[16.9239,59.05362],[16.92383,59.05372],[16.92372,59.05379],[16.92361,59.05386],[16.92344,59.05389],[16.92329,59.0539],[16.92311,59.0539],[16.92295,59.05392],[16.92284,59.05398],[16.92275,59.05403],[16.92263,59.05408],[16.92251,59.05411],[16.92239,59.0541],[16.92227,59.0541],[16.92211,59.0541],[16.92199,59.05408],[16.92185,59.05403],[16.92175,59.05397],[16.92159,59.05394],[16.92143,59.05392],[16.9213,59.0539],[16.92119,59.05387],[16.92118,59.05387],[16.92117,59.05383],[16.92109,59.05381],[16.92103,59.05381],[16.92095,59.0538],[16.92051,59.05376],[16.92029,59.05376],[16.92009,59.05376],[16.91994,59.05375],[16.91973,59.05376],[16.91953,59.05376],[16.91939,59.05376],[16.9192,59.05375],[16.91906,59.05372],[16.91906,59.05372],[16.91901,59.05367],[16.91898,59.05362],[16.91895,59.05355],[16.9189,59.05347],[16.91888,59.05341],[16.91884,59.05335],[16.91881,59.05328],[16.91878,59.0532],[16.91873,59.05312],[16.91869,59.05302],[16.91868,59.05295],[16.91873,59.0529],[16.91878,59.05284],[16.91882,59.05263],[16.91889,59.0523],[16.91893,59.0522],[16.91893,59.05211],[16.91894,59.05203],[16.91893,59.05195],[16.91893,59.05189],[16.9189,59.05183],[16.9189,59.05182],[16.91894,59.0517],[16.91901,59.05165],[16.91907,59.05158],[16.91907,59.05148],[16.91903,59.05141],[16.91897,59.05135],[16.91889,59.05133]]]]},"properties":{"NVRID":"2001878","NAMN":"Aspö","SKYDDSTYP":"Naturreservat","BESLUTSSTATUS":"Gällande","LAN":"Södermanlands Län","KOMMUN":"Flen","IUCNKATEGORI":"IV, Habitat/Artskyddsområde (Habitat/Species Management Area)","FORVALTARE":"Länsstyrelsen i Södermanlands län","AREA_HA":28.92,"LAND_HA":28.92,"VATTEN_HA":0.0,"SKOG_HA":18.45,"URSPR_BESLUTSDATUM":"1966-07-29"}},{"type":"Feature","geometry":{"type":"MultiPolygon","coordinates":[[[[17.18553,58.92495],[17.18555,58.9246],[17.18559,58.92436],[17.18569,58.92426],[17.18598,58.92411],[17.18694,58.92402],[17.18783,58.92343],[17.18783,58.92343],[17.18783,58.92343],[17.18783,58.92343],[17.18967,58.92438],[17.19167,58.92538],[17.19443,58.92451],[17.19513,58.9243],[17.19513,58.9243],[17.19582,58.92436],[17.1956,58.92248],[17.19661,58.92145],[17.19554,58.92045],[17.19623,58.91876],[17.19545,58.91675],[17.19545,58.91675],[17.19545,58.91675],[17.19689,58.91583],[17.19689,58.91583],[17.19766,58.91586],[17.19782,58.91529],[17.19782,58.91529],[17.19782,58.91529],[17.19915,58.91539],[17.19902,58.91453],[17.19902,58.91453],[17.19902,58.91452],[17.19902,58.91452],[17.20145,58.91457],[17.20145,58.91457],[17.20145,58.91457],[17.20145,58.91457],[17.20035,58.9166],[17.20013,58.91701],[17.20089,58.91732],[17.20196,58.91753],[17.20272,58.91775],[17.20434,58.91875],[17.20529,58.91895],[17.20529,58.91895],[17.20628,58.91989],[17.20658,58.92049],[17.20658,58.92049],[17.20339,58.92211],[17.19949,58.92408],[17.19948,58.92628],[17.19948,58.92787],[17.19947,58.92905],[17.20336,58.93336],[17.20336,58.93336],[17.20328,58.93342],[17.2029,58.93372],[17.20208,58.93425],[17.20188,58.93439],[17.20171,58.93452],[17.20156,58.93467],[17.20137,58.9349],[17.20131,58.93497],[17.20126,58.93503],[17.20123,58.93509],[17.20121,58.93515],[17.20119,58.93521],[17.20118,58.93528],[17.20118,58.93536],[17.2012,58.93543],[17.20121,58.9355],[17.2012,58.93556],[17.20119,58.93562],[17.20115,58.93567],[17.2011,58.93573],[17.20104,58.9358],[17.20098,58.93585],[17.20089,58.93591],[17.20083,58.93594],[17.20076,58.93596],[17.20067,58.93598],[17.20055,58.93599],[17.20025,58.93601],[17.19948,58.93604],[17.19893,58.93606],[17.1986,58.93607],[17.19829,58.93608],[17.19811,58.93609],[17.19792,58.93611],[17.19775,58.93614],[17.19748,58.93619],[17.19748,58.93619],[17.19678,58.93583],[17.19469,58.93533],[17.19286,58.93489],[17.191,58.93402],[17.18981,58.93314],[17.18809,58.93246],[17.18809,58.93246],[17.18759,58.93149],[17.18759,58.93149],[17.18801,58.93104],[17.18906,58.93056],[17.18979,58.9303],[17.19031,58.92978],[17.19055,58.92918],[17.19096,58.92888],[17.1908,58.92872],[17.18965,58.92882],[17.18878,58.92935],[17.1876,58.9298],[17.18695,58.93006],[17.18609,58.93028],[17.18609,58.93028],[17.18463,58.92986],[17.18401,58.92952],[17.18349,58.92909],[17.18136,58.92769],[17.18136,58.92769],[17.18136,58.92769],[17.18553,58.92495]]]]},"properties":{"NVRID":"2001310","NAMN":"Fräkenkärret","SKYDDSTYP":"Naturreservat","BESLUTSSTATUS":"Gällande","LAN":"Södermanlands Län","KOMMUN":"Nyköping","IUCNKATEGORI":"III, Naturmonument (Natural Monument)","FORVALTARE":"Länsstyrelsen i Södermanlands län","AREA_HA":140.87,"LAND_HA":111.24,"VATTEN_HA":29.63,"SKOG_HA":87.75,"URSPR_BESLUTSDATUM":"1998-09-25"}},{"type":"Feature","geometry":{"type":"MultiPolygon","coordinates":[[[[16.92727,59.18632],[16.92723,59.18632],[16.92723,59.18632],[16.92723,59.18632],[16.92723,59.18632],[16.92723,59.18632],[16.92755,59.18615],[16.9273,59.18572],[16.92734,59.18539],[16.9276,59.1851],[16.92834,59.18491],[16.92903,59.18474],[16.92962,59.18452],[16.92999,59.18437],[16.93008,59.18411],[16.93008,59.18411],[16.93008,59.18411],[16.93008,59.18411],[16.93016,59.18411],[16.93039,59.18409],[16.93058,59.18407],[16.931,59.18405],[16.93119,59.18403],[16.9314,59.18399],[16.93154,59.18394],[16.93178,59.18384],[16.93197,59.18377],[16.93225,59.18365],[16.9325,59.18359],[16.93291,59.18354],[16.93324,59.18347],[16.93359,59.1834],[16.93394,59.18332],[16.93442,59.18323],[16.93485,59.18315],[16.93505,59.1831],[16.93524,59.18305],[16.93524,59.18305],[16.93524,59.18305],[16.93626,59.1836],[16.93715,59.18407],[16.93715,59.18407],[16.93726,59.18459],[16.93691,59.18521],[16.93691,59.18521],[16.9359,59.18546],[16.93485,59.18573],[16.93393,59.18598],[16.93366,59.18619],[16.93358,59.18653],[16.93368,59.18673],[16.93368,59.18673],[16.93368,59.18673],[16.93368,59.18673],[16.92707,59.18651],[16.92707,59.18651],[16.92707,59.18651],[16.92707,59.18651],[16.92727,59.18632]]]]},"properties":{"NVRID":"2001941","NAMN":"Putbergen","SKYDDSTYP":"Naturreservat","BESLUTSSTATUS":"Gällande","LAN":"Södermanlands Län","KOMMUN":"Gnesta","IUCNKATEGORI":"Ia, Strikt naturreservat (Strict Nature Reserve)","FORVALTARE":"Länsstyrelsen i Södermanlands län","AREA_HA":14.49,"LAND_HA":14.49,"VATTEN_HA":0.0,"SKOG_HA":11.04,"URSPR_BESLUTSDATUM":"1998-09-25"}},{"type":"Feature","geometry":{"type":"MultiPolygon","coordinates":[[[[16.93868,59.21237],[16.9355,59.21349],[16.93549,59.21349],[16.93549,59.21348],[16.92904,59.20648],[16.92904,59.20648],[16.92904,59.20648],[16.92905,59.20648],[16.93715,59.2051],[16.94651,59.20473],[16.94651,59.20473],[16.94651,59.20473],[16.94665,59.20546],[16.94741,59.20607],[16.94813,59.20656],[16.94813,59.20656],[16.94813,59.20656],[16.94795,59.20666],[16.94766,59.20682],[16.94747,59.20694],[16.94706,59.20717],[16.94665,59.20738],[16.94622,59.20762],[16.94607,59.20771],[16.94597,59.20779],[16.94581,59.20792],[16.94496,59.20869],[16.94473,59.20892],[16.94455,59.2091],[16.94439,59.20936],[16.94547,59.20967],[16.94627,59.2098],[16.94701,59.2098],[16.94786,59.21004],[16.94786,59.21004],[16.94781,59.21037],[16.94789,59.21102],[16.94781,59.21152],[16.94808,59.21185],[16.94972,59.21139],[16.9507,59.21121],[16.9507,59.21121],[16.95197,59.21142],[16.95197,59.21142],[16.95307,59.21205],[16.95397,59.21246],[16.95397,59.21246],[16.95424,59.2132],[16.95526,59.2136],[16.9564,59.21351],[16.95654,59.21246],[16.95654,59.21246],[16.95654,59.21246],[16.95909,59.21238],[16.9595,59.21155],[16.95947,59.21097],[16.96019,59.21024],[16.96019,59.21024],[16.96197,59.21026],[16.9627,59.21017],[16.9627,59.21017],[16.9627,59.21017],[16.96305,59.21062],[16.96259,59.21133],[16.96259,59.21133],[16.96194,59.21168],[16.96125,59.21172],[16.961,59.2124],[16.96264,59.21355],[16.96259,59.21401],[16.96274,59.21453],[16.96317,59.21492],[16.96317,59.21492],[16.96301,59.21542],[16.96418,59.21571],[16.96551,59.21602],[16.96702,59.21647],[16.96841,59.21726],[16.96841,59.21726],[16.96841,59.21726],[16.96753,59.21793],[16.96619,59.21825],[16.96492,59.21842],[16.96427,59.21886],[16.96416,59.21921],[16.96416,59.21921],[16.96416,59.21921],[16.96416,59.21921],[16.9638,59.21904],[16.96119,59.21792],[16.95792,59.21666],[16.94693,59.21658],[16.94693,59.21658],[16.94693,59.21658],[16.94659,59.21341],[16.94312,59.21224],[16.93868,59.21237]]]]},"properties":{"NVRID":"2045669","NAMN":"Magsjöberget","SKYDDSTYP":"Naturreservat","BESLUTSSTATUS":"Gällande","LAN":"Södermanlands Län","KOMMUN":"Flen, Strängnäs","IUCNKATEGORI":"IV, Habitat/Artskyddsområde (Habitat/Species Management Area)","FORVALTARE":"Länsstyrelsen i Södermanlands län","AREA_HA":130.2,"LAND_HA":84.61,"VATTEN_HA":45.59,"SKOG_HA":62.65,"URSPR_BESLUTSDATUM":"2016-08-25"}},{"type":"Feature","geometry":{"type":"MultiPolygon","coordinates":[[[[17.11983,59.22505],[17.12267,59.22379],[17.12372,59.22362],[17.12489,59.22333],[17.12521,59.22302],[17.12653,59.22181],[17.12743,59.22074],[17.12677,59.22025],[17.12671,59.2197],[17.12671,59.2197],[17.12771,59.21942],[17.1272,59.21896],[17.12702,59.21856],[17.12702,59.21856],[17.12732,59.21798],[17.12732,59.21798],[17.12769,59.21792],[17.12769,59.21792],[17.12838,59.21819],[17.12914,59.21811],[17.12971,59.21763],[17.13035,59.21738],[17.13056,59.2168],[17.13056,59.2168],[17.13207,59.21656],[17.13444,59.21577],[17.13543,59.21561],[17.13623,59.21537],[17.13755,59.21488],[17.13841,59.21439],[17.13881,59.21389],[17.13962,59.21357],[17.14062,59.21315],[17.14154,59.21285],[17.14154,59.21285],[17.14255,59.2129],[17.14295,59.21253],[17.14332,59.21222],[17.14389,59.21143],[17.14428,59.21073],[17.14482,59.21055],[17.14529,59.21047],[17.14533,59.21044],[17.14542,59.21037],[17.14554,59.2103],[17.14572,59.21019],[17.14594,59.21006],[17.14599,59.21003],[17.14614,59.20993],[17.14627,59.20982],[17.1464,59.20968],[17.1465,59.20954],[17.14667,59.20928],[17.14672,59.20919],[17.14674,59.20911],[17.14675,59.20904],[17.14675,59.20888],[17.14676,59.2087],[17.14677,59.20856],[17.14677,59.20843],[17.14676,59.20819],[17.14675,59.2081],[17.14671,59.20782],[17.1467,59.20775],[17.14668,59.20766],[17.14665,59.20758],[17.14656,59.20741],[17.14643,59.20713],[17.14637,59.20702],[17.14632,59.20697],[17.14632,59.20697],[17.14632,59.20697],[17.14694,59.20661],[17.14774,59.20641],[17.14885,59.20598],[17.14836,59.20547],[17.14889,59.20481],[17.14884,59.20428],[17.14884,59.20428],[17.14966,59.2039],[17.15112,59.20352],[17.1517,59.20277],[17.1517,59.20277],[17.15257,59.20261],[17.15294,59.2022],[17.15294,59.2022],[17.15489,59.20172],[17.15489,59.20172],[17.15641,59.20219],[17.15768,59.20258],[17.15998,59.20121],[17.15999,59.20121],[17.15999,59.20121],[17.16128,59.20201],[17.16128,59.20201],[17.16099,59.20244],[17.16058,59.20278],[17.16081,59.20286],[17.16081,59.20286],[17.16071,59.20315],[17.16096,59.20356],[17.16214,59.20395],[17.16336,59.20429],[17.16415,59.20477],[17.16535,59.20485],[17.16535,59.20485],[17.16536,59.20485],[17.16535,59.20485],[17.16494,59.20524],[17.16493,59.20524],[17.16466,59.2053],[17.16466,59.2053],[17.16388,59.20514],[17.16357,59.20519],[17.16266,59.20517],[17.16161,59.20525],[17.16094,59.20533],[17.16113,59.20559],[17.16125,59.20559],[17.16152,59.20558],[17.16168,59.20558],[17.16182,59.20559],[17.16196,59.20561],[17.16313,59.2058],[17.16333,59.20583],[17.16345,59.20586],[17.16357,59.20589],[17.16366,59.20593],[17.16377,59.20598],[17.16393,59.20606],[17.16402,59.20609],[17.16417,59.20613],[17.16432,59.20616],[17.16452,59.20619],[17.16502,59.20626],[17.16502,59.20626],[17.16506,59.20628],[17.16506,59.20628],[17.16506,59.20628],[17.16506,59.20628],[17.16506,59.20629],[17.16474,59.20636],[17.16446,59.20643],[17.16429,59.20648],[17.16416,59.20652],[17.16399,59.20657],[17.1638,59.20665],[17.16363,59.20672],[17.16345,59.20681],[17.16304,59.20703],[17.16289,59.2071],[17.16274,59.20716],[17.16256,59.20722],[17.16235,59.2073],[17.16222,59.20736],[17.1621,59.20742],[17.16197,59.20751],[17.16197,59.20751],[17.16197,59.20751],[17.16196,59.20751],[17.16163,59.20735],[17.16163,59.20735],[17.16198,59.20695],[17.16064,59.20711],[17.15985,59.20755],[17.159,59.20821],[17.15791,59.20854],[17.15638,59.2089],[17.15513,59.20965],[17.15442,59.20995],[17.15371,59.21011],[17.15344,59.21041],[17.15371,59.21093],[17.15353,59.21133],[17.15288,59.21151],[17.15192,59.2116],[17.15205,59.2118],[17.15329,59.21215],[17.15329,59.21215],[17.15342,59.21285],[17.15385,59.2136],[17.15481,59.21373],[17.15596,59.21421],[17.15596,59.21421],[17.15596,59.21421],[17.15596,59.21421],[17.15531,59.21447],[17.15486,59.21465],[17.15457,59.21478],[17.15442,59.21486],[17.15431,59.21493],[17.15421,59.215],[17.15411,59.21508],[17.15394,59.21524],[17.15383,59.21535],[17.15368,59.21552],[17.15358,59.21561],[17.15349,59.21568],[17.15341,59.21572],[17.15338,59.21574],[17.15325,59.2158],[17.1531,59.21586],[17.15296,59.21591],[17.15276,59.21598],[17.15276,59.21598],[17.15276,59.21598],[17.15276,59.21598],[17.15253,59.21582],[17.15171,59.21545],[17.15058,59.21526],[17.14931,59.21549],[17.14851,59.21549],[17.14759,59.2158],[17.1469,59.21581],[17.14569,59.21602],[17.14426,59.21631],[17.14392,59.21673],[17.14392,59.21673],[17.14252,59.21707],[17.14147,59.21734],[17.14083,59.21795],[17.14083,59.21795],[17.13961,59.21804],[17.13973,59.21849],[17.13938,59.21873],[17.13938,59.21873],[17.13938,59.21873],[17.13917,59.21874],[17.13839,59.21898],[17.13818,59.21898],[17.13818,59.21898],[17.13794,59.21887],[17.13794,59.21887],[17.13794,59.21887],[17.13795,59.21869],[17.13756,59.2186],[17.13728,59.21858],[17.13683,59.21868],[17.13669,59.21883],[17.137,59.21907],[17.137,59.21907],[17.137,59.21907],[17.13621,59.21935],[17.13621,59.21935],[17.13571,59.21932],[17.1354,59.21962],[17.13567,59.21959],[17.1357,59.2196],[17.13574,59.21963],[17.13585,59.21967],[17.13594,59.2197],[17.13615,59.21955],[17.13615,59.21955],[17.13615,59.21955],[17.13649,59.21962],[17.13649,59.21962],[17.13657,59.21984],[17.13673,59.22007],[17.13729,59.22016],[17.13729,59.22016],[17.13729,59.22016],[17.13728,59.22032],[17.13728,59.22032],[17.1363,59.22053],[17.13553,59.2209],[17.13559,59.22141],[17.13559,59.22141],[17.13559,59.22141],[17.13449,59.22195],[17.13449,59.22195],[17.13303,59.22182],[17.13252,59.22236],[17.13253,59.22295],[17.13293,59.22324],[17.13293,59.22324],[17.13293,59.22324],[17.13283,59.22336],[17.13187,59.22365],[17.1314,59.22426],[17.13086,59.22488],[17.1301,59.22538],[17.1301,59.22538],[17.1287,59.22514],[17.12834,59.22507],[17.12806,59.22511],[17.11709,59.22642],[17.11709,59.22642],[17.11709,59.22642],[17.11709,59.22642],[17.11709,59.22642],[17.11792,59.22573],[17.11884,59.22496],[17.11884,59.22495],[17.11884,59.22495],[17.11983,59.22505]],[[17.13204,59.22106],[17.13206,59.22107],[17.13212,59.22106],[17.13217,59.22106],[17.13221,59.22106],[17.13221,59.22106],[17.13221,59.22106],[17.13227,59.2211],[17.13227,59.2211],[17.13228,59.22116],[17.13229,59.22119],[17.1323,59.2212],[17.13262,59.22117],[17.13294,59.22099],[17.13279,59.22089],[17.13274,59.22091],[17.13261,59.22092],[17.13249,59.22093],[17.13238,59.22094],[17.13227,59.22095],[17.13219,59.22097],[17.13212,59.22101],[17.13206,59.22102],[17.13205,59.22104],[17.13204,59.22106]]]]},"properties":{"NVRID":"2047941","NAMN":"Långaedet","SKYDDSTYP":"Naturreservat","BESLUTSSTATUS":"Gällande","LAN":"Södermanlands Län","KOMMUN":"Strängnäs","IUCNKATEGORI":"Ia, Strikt naturreservat (Strict Nature Reserve)","FORVALTARE":"Länsstyrelsen i Södermanlands län","AREA_HA":170.59,"LAND_HA":133.1,"VATTEN_HA":37.49,"SKOG_HA":94.03,"URSPR_BESLUTSDATUM":"2018-12-13"}},{"type":"Feature","geometry":{"type":"MultiPolygon","coordinates":[[[[17.29189,58.81078],[17.29207,58.81002],[17.29248,58.80925],[17.29248,58.80925],[17.29248,58.80925],[17.29368,58.80926],[17.30587,58.80135],[17.30722,58.80115],[17.30722,58.80115],[17.30722,58.80115],[17.30732,58.80128],[17.30743,58.80135],[17.30837,58.80186],[17.30899,58.80209],[17.30947,58.80192],[17.30952,58.80161],[17.30972,58.80146],[17.30987,58.80121],[17.31014,58.80101],[17.31014,58.80101],[17.31014,58.80101],[17.31081,58.80133],[17.31152,58.80164],[17.31248,58.80245],[17.31244,58.80273],[17.31236,58.80299],[17.31236,58.80299],[17.31202,58.80312],[17.31262,58.80379],[17.31367,58.80398],[17.31405,58.80358],[17.31405,58.80358],[17.31406,58.80358],[17.31406,58.80358],[17.31496,58.80398],[17.31591,58.80393],[17.31592,58.80393],[17.31592,58.80394],[17.31592,58.80394],[17.31589,58.8044],[17.31589,58.8044],[17.31514,58.80466],[17.31483,58.805],[17.31388,58.80545],[17.3132,58.80581],[17.31132,58.80691],[17.31148,58.80714],[17.31177,58.80738],[17.31194,58.80757],[17.31201,58.80776],[17.31201,58.80791],[17.31191,58.80807],[17.31108,58.80894],[17.31073,58.80925],[17.31022,58.80972],[17.30947,58.81029],[17.30947,58.81029],[17.30947,58.81029],[17.30934,58.81026],[17.30902,58.81081],[17.30832,58.81158],[17.30769,58.81217],[17.30755,58.81232],[17.30747,58.81244],[17.30729,58.81277],[17.30716,58.81289],[17.30703,58.81306],[17.30694,58.81314],[17.30682,58.8132],[17.30665,58.81325],[17.30647,58.81331],[17.30545,58.81361],[17.30498,58.81373],[17.30436,58.81388],[17.30376,58.81404],[17.30343,58.81419],[17.30315,58.81434],[17.30288,58.81452],[17.30267,58.81474],[17.30258,58.81488],[17.30251,58.81496],[17.30178,58.81507],[17.30115,58.81528],[17.30076,58.81565],[17.30048,58.8158],[17.30015,58.81606],[17.29946,58.81657],[17.29931,58.81678],[17.29931,58.81678],[17.29764,58.81699],[17.29669,58.81737],[17.2955,58.81753],[17.29279,58.81748],[17.29076,58.81731],[17.29033,58.81733],[17.29033,58.81733],[17.29033,58.81733],[17.29033,58.81733],[17.29033,58.81733],[17.29177,58.81644],[17.29214,58.81566],[17.29293,58.81518],[17.29291,58.81464],[17.29274,58.8136],[17.29226,58.81361],[17.29226,58.81361],[17.29226,58.81361],[17.29224,58.81321],[17.292,58.8128],[17.29154,58.81163],[17.29154,58.81163],[17.29154,58.81163],[17.29154,58.81163],[17.29197,58.81165],[17.29189,58.81078]]]]},"properties":{"NVRID":"2001119","NAMN":"Koholmen","SKYDDSTYP":"Naturreservat","BESLUTSSTATUS":"Gällande","LAN":"Södermanlands Län","KOMMUN":"Nyköping","IUCNKATEGORI":"IV, Habitat/Artskyddsområde (Habitat/Species Management Area)","FORVALTARE":"Länsstyrelsen i Södermanlands län","AREA_HA":133.01,"LAND_HA":106.52,"VATTEN_HA":26.49,"SKOG_HA":50.73,"URSPR_BESLUTSDATUM":"2003-12-05"}},{"type":"Feature","geometry":{"type":"MultiPolygon","coordinates":[[[[15.89255,59.27689],[15.8927,59.27393],[15.90357,59.26542],[15.90357,59.26542],[15.90358,59.26542],[15.91064,59.27012],[15.91064,59.27012],[15.91064,59.27012],[15.90966,59.27056],[15.91317,59.2748],[15.91323,59.27488],[15.91323,59.27488],[15.91323,59.27488],[15.91209,59.27555],[15.90844,59.27757],[15.90942,59.27821],[15.9099,59.2782],[15.9099,59.2782],[15.9099,59.2782],[15.90999,59.27919],[15.91127,59.27849],[15.91159,59.27834],[15.91242,59.27798],[15.91242,59.27798],[15.91243,59.27798],[15.91243,59.27799],[15.91398,59.27851],[15.91398,59.27851],[15.91398,59.27851],[15.91386,59.2791],[15.91379,59.27932],[15.91367,59.27961],[15.91344,59.28017],[15.91344,59.28017],[15.91344,59.28018],[15.9126,59.28005],[15.91253,59.28019],[15.91246,59.28029],[15.91235,59.28044],[15.91216,59.28063],[15.91197,59.28084],[15.91178,59.28102],[15.91155,59.28119],[15.91129,59.28135],[15.91099,59.28152],[15.91052,59.28177],[15.91052,59.28177],[15.91051,59.28177],[15.90971,59.2814],[15.90866,59.28078],[15.90735,59.28127],[15.90764,59.28212],[15.90764,59.28212],[15.90764,59.28213],[15.90764,59.28213],[15.90738,59.28212],[15.90424,59.28203],[15.90069,59.28125],[15.90069,59.28124],[15.90068,59.28124],[15.90063,59.28085],[15.90064,59.28085],[15.90064,59.28085],[15.90064,59.28085],[15.90089,59.28085],[15.90113,59.28081],[15.90104,59.28052],[15.9006,59.28053],[15.90059,59.28053],[15.90059,59.28053],[15.90057,59.28039],[15.90056,59.2802],[15.90056,59.2802],[15.90065,59.28013],[15.90083,59.27997],[15.90099,59.2798],[15.90124,59.27956],[15.90142,59.2794],[15.90161,59.27898],[15.90189,59.27824],[15.90214,59.27741],[15.90231,59.27687],[15.89255,59.27689],[15.89255,59.27689],[15.89255,59.27689]]]]},"properties":{"NVRID":"2001867","NAMN":"Herrfallet","SKYDDSTYP":"Naturreservat","BESLUTSSTATUS":"Gällande","LAN":"Södermanlands Län","KOMMUN":"Eskilstuna","IUCNKATEGORI":"0, Områden som ej kan klassificeras enligt IUCN: s system.","FORVALTARE":"Stiftelsen för naturskydd och friluftsliv i Västmanlands län","AREA_HA":124.96,"LAND_HA":42.86,"VATTEN_HA":82.1,"SKOG_HA":29.13,"URSPR_BESLUTSDATUM":"1973-01-10"}},{"type":"Feature","geometry":{"type":"MultiPolygon","coordinates":[[[[16.04425,59.18299],[16.04514,59.18307],[16.04519,59.18272],[16.04519,59.18272],[16.04519,59.18272],[16.0459,59.18277],[16.04623,59.18222],[16.04582,59.18218],[16.04581,59.18218],[16.04581,59.18218],[16.04592,59.18141],[16.04592,59.18141],[16.04592,59.18141],[16.04592,59.18141],[16.04617,59.18145],[16.04617,59.18145],[16.04617,59.18145],[16.04608,59.1816],[16.04742,59.18185],[16.04742,59.18185],[16.04742,59.18185],[16.04722,59.1823],[16.04828,59.18254],[16.04828,59.18254],[16.04828,59.18254],[16.04748,59.18402],[16.04829,59.18424],[16.04829,59.18424],[16.04829,59.18424],[16.04821,59.18449],[16.04878,59.1846],[16.04878,59.1846],[16.04878,59.1846],[16.04861,59.18479],[16.0479,59.18553],[16.04736,59.18609],[16.04721,59.18627],[16.0471,59.18647],[16.04701,59.18678],[16.04691,59.18696],[16.04672,59.18718],[16.04655,59.18734],[16.04655,59.18734],[16.04655,59.18734],[16.04544,59.18698],[16.04544,59.18698],[16.04544,59.18697],[16.04544,59.18697],[16.04607,59.18668],[16.04547,59.18627],[16.04528,59.18628],[16.0444,59.18616],[16.04379,59.18588],[16.04319,59.18566],[16.04319,59.18566],[16.04309,59.18416],[16.04425,59.18299],[16.04425,59.18299],[16.04425,59.18299]],[[16.04754,59.1868],[16.04755,59.18715],[16.04727,59.18753],[16.04726,59.18753],[16.04726,59.18753],[16.0467,59.18739],[16.0467,59.18739],[16.0467,59.18739],[16.04687,59.18722],[16.04707,59.18699],[16.04719,59.18681],[16.04728,59.18648],[16.04737,59.1863],[16.04751,59.18613],[16.04774,59.18588],[16.04806,59.18557],[16.04852,59.18509],[16.04852,59.18509],[16.04852,59.18509],[16.0488,59.18517],[16.04944,59.18496],[16.04969,59.18454],[16.04969,59.18454],[16.0497,59.18454],[16.04994,59.18456],[16.05028,59.18421],[16.05028,59.18421],[16.05028,59.18421],[16.05121,59.18461],[16.05121,59.18461],[16.05121,59.18461],[16.04957,59.18606],[16.04957,59.18606],[16.04815,59.18636],[16.04803,59.18657],[16.04754,59.1868]]]]},"properties":{"NVRID":"2010866","NAMN":"Ritorp","SKYDDSTYP":"Naturreservat","BESLUTSSTATUS":"Gällande","LAN":"Södermanlands Län","KOMMUN":"Katrineholm","IUCNKATEGORI":"Ia, Strikt naturreservat (Strict Nature Reserve)","FORVALTARE":"Länsstyrelsen i Södermanlands län","AREA_HA":14.16,"LAND_HA":14.16,"VATTEN_HA":0.0,"SKOG_HA":13.34,"URSPR_BESLUTSDATUM":"2006-12-18"}},{"type":"Feature","geometry":{"type":"MultiPolygon","coordinates":[[[[16.84535,59.03638],[16.84559,59.03677],[16.84558,59.03718],[16.84388,59.03907],[16.8434,59.03939],[16.8434,59.03939],[16.84102,59.0394],[16.84008,59.03925],[16.84007,59.03925],[16.84007,59.03925],[16.84041,59.03889],[16.84067,59.03862],[16.84078,59.03851],[16.84084,59.03847],[16.84113,59.03825],[16.84136,59.03799],[16.84152,59.03779],[16.84196,59.03735],[16.84213,59.03716],[16.84309,59.03621],[16.84334,59.03598],[16.84354,59.03582],[16.84364,59.03569],[16.84402,59.03527],[16.8443,59.03498],[16.84465,59.03468],[16.84502,59.03431],[16.84512,59.03418],[16.84538,59.03392],[16.84575,59.03352],[16.84595,59.0333],[16.84604,59.03315],[16.8462,59.03293],[16.84621,59.03293],[16.84621,59.03293],[16.84679,59.03296],[16.84679,59.03296],[16.84713,59.03337],[16.84735,59.0334],[16.84755,59.03321],[16.84756,59.03302],[16.84757,59.03302],[16.84757,59.03302],[16.84795,59.033],[16.84795,59.033],[16.84795,59.033],[16.84804,59.03331],[16.84802,59.03354],[16.84849,59.03417],[16.84901,59.03451],[16.84901,59.03451],[16.84901,59.03451],[16.849,59.03451],[16.84631,59.03514],[16.8461,59.0355],[16.8457,59.03585],[16.84535,59.03638]]]]},"properties":{"NVRID":"2001913","NAMN":"Rockelstaåsen","SKYDDSTYP":"Naturreservat","BESLUTSSTATUS":"Gällande","LAN":"Södermanlands Län","KOMMUN":"Flen","IUCNKATEGORI":"III, Naturmonument (Natural Monument)","FORVALTARE":"Länsstyrelsen i Södermanlands län","AREA_HA":12.13,"LAND_HA":12.13,"VATTEN_HA":0.0,"SKOG_HA":7.2,"URSPR_BESLUTSDATUM":"1959-03-21"}},{"type":"Feature","geometry":{"type":"MultiPolygon","coordinates":[[[[16.74797,58.67366],[16.74787,58.67356],[16.74786,58.67341],[16.74785,58.6733],[16.74785,58.6733],[16.74785,58.6733],[16.74804,58.67326],[16.74825,58.67324],[16.74875,58.67322],[16.74927,58.67319],[16.74968,58.67313],[16.74994,58.67308],[16.75015,58.67302],[16.75037,58.67288],[16.75063,58.67275],[16.75087,58.67263],[16.751,58.67241],[16.75091,58.67219],[16.75088,58.67204],[16.75089,58.67192],[16.75089,58.67177],[16.75049,58.6713],[16.75019,58.67099],[16.74963,58.67066],[16.7489,58.67024],[16.7489,58.67024],[16.74952,58.66953],[16.74952,58.66953],[16.74953,58.66953],[16.75307,58.66995],[16.75357,58.67006],[16.75377,58.67009],[16.75402,58.67012],[16.75433,58.67015],[16.75466,58.6702],[16.75501,58.67023],[16.75538,58.67028],[16.75576,58.67033],[16.75617,58.67037],[16.75681,58.67047],[16.75743,58.67053],[16.75795,58.67059],[16.75862,58.67066],[16.75913,58.67072],[16.75913,58.67072],[16.75913,58.67072],[16.75913,58.67096],[16.75917,58.67117],[16.75917,58.67134],[16.75914,58.67145],[16.75914,58.67155],[16.75921,58.67173],[16.75929,58.67192],[16.75949,58.67217],[16.75962,58.67229],[16.75971,58.67232],[16.75978,58.67232],[16.76041,58.67236],[16.761,58.6724],[16.76168,58.67246],[16.762,58.67252],[16.76211,58.67254],[16.7622,58.67263],[16.76235,58.67278],[16.76255,58.67295],[16.76278,58.67315],[16.763,58.67338],[16.76312,58.67355],[16.76334,58.67377],[16.76359,58.67399],[16.76383,58.67416],[16.76409,58.67432],[16.76424,58.67439],[16.76442,58.67439],[16.76468,58.6744],[16.76489,58.6744],[16.76515,58.67441],[16.76546,58.67442],[16.76563,58.67441],[16.76576,58.67436],[16.76568,58.67421],[16.76568,58.67421],[16.76571,58.67417],[16.76576,58.67413],[16.76588,58.67404],[16.76603,58.6739],[16.76618,58.67372],[16.76623,58.6736],[16.76626,58.67346],[16.76628,58.67324],[16.76633,58.67309],[16.76643,58.67291],[16.76653,58.67278],[16.76669,58.67266],[16.76669,58.67266],[16.76687,58.67261],[16.76709,58.67263],[16.76738,58.67264],[16.7677,58.67262],[16.76811,58.67263],[16.76859,58.67263],[16.76903,58.67266],[16.76939,58.67269],[16.76978,58.67274],[16.77016,58.67277],[16.77048,58.67278],[16.77072,58.67283],[16.77081,58.67288],[16.77089,58.67295],[16.77097,58.67305],[16.77106,58.67308],[16.77127,58.67315],[16.77152,58.67321],[16.77176,58.67326],[16.77191,58.67327],[16.77208,58.67326],[16.77227,58.67323],[16.7725,58.67323],[16.77265,58.67326],[16.77288,58.6733],[16.77306,58.67331],[16.77348,58.67331],[16.77402,58.67334],[16.77465,58.67337],[16.77508,58.6734],[16.7754,58.67342],[16.77565,58.67338],[16.77594,58.67333],[16.77611,58.67331],[16.77611,58.67331],[16.77626,58.67334],[16.77644,58.67331],[16.77666,58.6732],[16.77666,58.6732],[16.77674,58.6732],[16.77688,58.67323],[16.77689,58.67323],[16.777,58.67332],[16.77706,58.67343],[16.77722,58.67348],[16.77742,58.67353],[16.77773,58.67354],[16.77806,58.67355],[16.77846,58.67359],[16.77881,58.67365],[16.77916,58.6737],[16.77941,58.67372],[16.77959,58.67375],[16.77985,58.67384],[16.78011,58.67393],[16.78048,58.67406],[16.7808,58.67421],[16.78108,58.67431],[16.78146,58.67441],[16.78184,58.67452],[16.78214,58.67463],[16.7825,58.67478],[16.78287,58.67495],[16.78318,58.67511],[16.78332,58.67524],[16.78345,58.67544],[16.78358,58.67565],[16.78365,58.67582],[16.78366,58.67601],[16.7837,58.67623],[16.78375,58.67648],[16.78374,58.67667],[16.78373,58.67673],[16.78374,58.67679],[16.78386,58.67683],[16.78405,58.67688],[16.78434,58.67688],[16.7846,58.67688],[16.7848,58.67683],[16.78496,58.67677],[16.78527,58.67667],[16.78561,58.6766],[16.78576,58.67659],[16.78593,58.67661],[16.78623,58.6767],[16.78647,58.67682],[16.78659,58.67694],[16.78666,58.67711],[16.7867,58.67727],[16.7867,58.67744],[16.78678,58.67747],[16.7876,58.67784],[16.78782,58.67772],[16.78818,58.67755],[16.78843,58.67745],[16.78864,58.67743],[16.78889,58.67744],[16.7892,58.6775],[16.78948,58.67756],[16.78985,58.67768],[16.79021,58.67779],[16.79053,58.67787],[16.79088,58.67794],[16.7912,58.67805],[16.79146,58.67816],[16.79154,58.67819],[16.79173,58.67819],[16.79201,58.67822],[16.79234,58.67827],[16.79265,58.67831],[16.79296,58.67839],[16.79315,58.67847],[16.79337,58.67859],[16.79359,58.67854],[16.79393,58.67848],[16.7943,58.6784],[16.79462,58.6784],[16.79487,58.67841],[16.79549,58.67849],[16.7957,58.67851],[16.79582,58.67849],[16.79599,58.67843],[16.79621,58.67832],[16.79628,58.67823],[16.79628,58.67813],[16.79619,58.67803],[16.79609,58.6779],[16.79604,58.67775],[16.79605,58.67756],[16.79606,58.67739],[16.79606,58.67725],[16.79607,58.67712],[16.7961,58.67699],[16.79616,58.67687],[16.79627,58.67677],[16.79643,58.67661],[16.79657,58.67656],[16.79686,58.67649],[16.79717,58.67643],[16.79745,58.67635],[16.79767,58.67623],[16.79781,58.67607],[16.7979,58.67592],[16.79802,58.67582],[16.79802,58.67582],[16.79823,58.67576],[16.7985,58.67567],[16.79888,58.67552],[16.79915,58.67543],[16.79933,58.67539],[16.7995,58.67539],[16.79967,58.67543],[16.79994,58.67546],[16.80041,58.67549],[16.80085,58.67552],[16.80145,58.6756],[16.80145,58.6756],[16.80145,58.6756],[16.80145,58.67567],[16.8014,58.67576],[16.80128,58.67593],[16.80118,58.67609],[16.80112,58.6762],[16.80104,58.67641],[16.80091,58.67661],[16.8008,58.6768],[16.80073,58.67699],[16.8007,58.67717],[16.80064,58.67728],[16.80054,58.67741],[16.80049,58.67754],[16.80045,58.67777],[16.80038,58.67804],[16.8003,58.67817],[16.8002,58.67844],[16.80006,58.67873],[16.79998,58.67906],[16.79997,58.67924],[16.79995,58.6794],[16.80001,58.67956],[16.8001,58.67972],[16.8002,58.6799],[16.80039,58.68007],[16.80064,58.68024],[16.80087,58.68041],[16.80118,58.68061],[16.80164,58.68082],[16.80188,58.68095],[16.80226,58.68113],[16.80263,58.68127],[16.80302,58.68138],[16.80339,58.68148],[16.8039,58.68157],[16.80445,58.6816],[16.80483,58.68163],[16.80519,58.6817],[16.80558,58.68175],[16.80593,58.68176],[16.80622,58.68172],[16.80653,58.6817],[16.80676,58.68169],[16.807,58.68173],[16.80719,58.68182],[16.80748,58.6819],[16.80779,58.68198],[16.80817,58.68204],[16.80856,58.68213],[16.80889,58.68225],[16.80925,58.6824],[16.80946,58.68252],[16.80957,58.6826],[16.80957,58.6826],[16.80958,58.6827],[16.80956,58.68276],[16.80956,58.68276],[16.80948,58.68279],[16.8093,58.68283],[16.80912,58.68288],[16.80902,58.68296],[16.80898,58.68307],[16.80898,58.68323],[16.80904,58.68335],[16.80911,58.6834],[16.8092,58.6834],[16.80929,58.68338],[16.80941,58.68333],[16.80954,58.68325],[16.80968,58.68313],[16.80978,58.6831],[16.80978,58.6831],[16.80988,58.68311],[16.80998,58.68313],[16.81006,58.6832],[16.81011,58.6833],[16.8101,58.68338],[16.81005,58.68356],[16.81005,58.68364],[16.81012,58.68371],[16.81023,58.68378],[16.81043,58.68381],[16.81062,58.68384],[16.8107,58.68388],[16.81076,58.68397],[16.81076,58.68403],[16.81075,58.68412],[16.81083,58.68427],[16.81096,58.68458],[16.81096,58.68458],[16.80921,58.68575],[16.80951,58.68582],[16.80976,58.68592],[16.81004,58.68609],[16.81029,58.68626],[16.81084,58.68652],[16.81158,58.68689],[16.81195,58.68712],[16.81199,58.68732],[16.81212,58.68774],[16.81227,58.68834],[16.81232,58.6884],[16.81247,58.68845],[16.81263,58.6885],[16.81263,58.6885],[16.81263,58.6885],[16.81252,58.68941],[16.81252,58.68941],[16.81252,58.68941],[16.81252,58.68941],[16.81252,58.68941],[16.81194,58.68921],[16.81161,58.68937],[16.81159,58.68944],[16.81161,58.68951],[16.81177,58.68955],[16.81201,58.68969],[16.81224,58.68973],[16.81239,58.68977],[16.81267,58.68981],[16.8128,58.68991],[16.81282,58.68997],[16.81319,58.68966],[16.8132,58.68966],[16.8132,58.68966],[16.81323,58.68967],[16.81333,58.6897],[16.81353,58.68967],[16.81367,58.68964],[16.81375,58.68963],[16.81406,58.68959],[16.81406,58.68959],[16.81406,58.68959],[16.81406,58.68959],[16.8141,58.68971],[16.81413,58.68977],[16.81416,58.68985],[16.81417,58.68987],[16.81425,58.69],[16.81427,58.69004],[16.81428,58.69006],[16.81429,58.69009],[16.81431,58.69015],[16.81431,58.69018],[16.81429,58.69028],[16.81428,58.69033],[16.81426,58.69036],[16.81422,58.69044],[16.81417,58.69052],[16.81409,58.69067],[16.81405,58.69072],[16.81404,58.69074],[16.81401,58.69076],[16.81399,58.69079],[16.81395,58.69082],[16.81391,58.69084],[16.81388,58.69086],[16.81383,58.69087],[16.81379,58.69087],[16.81371,58.69089],[16.81355,58.69089],[16.8134,58.6909],[16.81314,58.69089],[16.81302,58.69089],[16.81285,58.6909],[16.81269,58.69095],[16.8126,58.69097],[16.81253,58.69102],[16.8125,58.69107],[16.81247,58.69109],[16.81243,58.69112],[16.81242,58.69115],[16.81241,58.69119],[16.8124,58.69122],[16.8124,58.69125],[16.81239,58.69129],[16.81239,58.69137],[16.81243,58.69145],[16.81244,58.6915],[16.81245,58.69152],[16.81246,58.69155],[16.81246,58.69157],[16.81246,58.69161],[16.81246,58.69163],[16.81245,58.69166],[16.81243,58.69168],[16.81241,58.69171],[16.81238,58.69175],[16.81234,58.69178],[16.81227,58.69182],[16.81216,58.69188],[16.81201,58.69193],[16.81184,58.69196],[16.81169,58.69199],[16.81153,58.692],[16.81122,58.69203],[16.81095,58.69207],[16.81082,58.69209],[16.8107,58.69212],[16.81044,58.6922],[16.81016,58.69229],[16.8098,58.69244],[16.8098,58.69244],[16.8098,58.69244],[16.80966,58.69241],[16.80954,58.69238],[16.80947,58.69237],[16.8094,58.69234],[16.80931,58.6923],[16.8091,58.69225],[16.80902,58.69224],[16.8089,58.6922],[16.80877,58.69218],[16.80872,58.69217],[16.8086,58.69215],[16.80853,58.69212],[16.80841,58.69211],[16.80836,58.69209],[16.80829,58.69206],[16.80825,58.69204],[16.80822,58.69199],[16.80814,58.69191],[16.80813,58.69188],[16.80806,58.69181],[16.80799,58.69179],[16.80788,58.69171],[16.80783,58.69167],[16.80783,58.69167],[16.80781,58.69163],[16.80779,58.6916],[16.80775,58.69155],[16.80772,58.69153],[16.80768,58.69148],[16.80761,58.69144],[16.80754,58.6914],[16.80751,58.6914],[16.80744,58.6914],[16.80739,58.69141],[16.80732,58.69141],[16.80727,58.69141],[16.8072,58.6914],[16.80716,58.6914],[16.80709,58.69138],[16.80702,58.69137],[16.80702,58.69137],[16.80697,58.69134],[16.80694,58.69131],[16.80688,58.69127],[16.80683,58.69123],[16.80674,58.6912],[16.80657,58.69113],[16.80651,58.6911],[16.80644,58.69107],[16.80639,58.69104],[16.80636,58.69101],[16.80627,58.69092],[16.80625,58.69087],[16.80621,58.69082],[16.80616,58.69078],[16.80614,58.69072],[16.8061,58.69067],[16.80608,58.69062],[16.80603,58.69057],[16.806,58.69053],[16.80598,58.69049],[16.80594,58.69047],[16.80589,58.69042],[16.80584,58.69039],[16.8058,58.69034],[16.80575,58.69031],[16.80568,58.69026],[16.80562,58.69023],[16.80555,58.69018],[16.80548,58.69015],[16.8054,58.69009],[16.80513,58.68996],[16.80506,58.68994],[16.80501,58.6899],[16.80494,58.68987],[16.80476,58.68979],[16.80466,58.68971],[16.80447,58.68962],[16.80438,58.68958],[16.80429,58.68956],[16.80422,58.68953],[16.80407,58.6895],[16.80401,58.68949],[16.80398,58.68948],[16.80396,58.68947],[16.80393,58.68943],[16.80387,58.6894],[16.80384,58.68938],[16.80378,58.68934],[16.80375,58.68931],[16.80357,58.68922],[16.80354,58.68919],[16.80338,58.68911],[16.80317,58.68903],[16.80308,58.689],[16.80298,58.68897],[16.80287,58.68892],[16.80277,58.68889],[16.80268,58.68885],[16.80256,58.68883],[16.80247,58.6888],[16.80239,58.68876],[16.80233,58.68875],[16.80226,58.68873],[16.80221,58.68869],[16.80214,58.68864],[16.80209,58.68861],[16.80205,58.68859],[16.80202,58.68857],[16.80198,58.68853],[16.80195,58.68852],[16.80189,58.6885],[16.80182,58.68847],[16.80177,58.68845],[16.8017,58.68843],[16.80163,58.6884],[16.80155,58.68839],[16.80149,58.68837],[16.80141,58.68835],[16.80134,58.68833],[16.80123,58.68832],[16.80113,58.68831],[16.80106,58.68829],[16.80097,58.68827],[16.80085,58.68827],[16.80075,58.68826],[16.80064,58.68824],[16.80052,58.68823],[16.80011,58.68816],[16.79986,58.68813],[16.79974,58.6881],[16.7996,58.68808],[16.7995,58.68807],[16.79945,58.68806],[16.79941,58.68806],[16.79938,58.68805],[16.79928,58.68806],[16.79924,58.68806],[16.79879,58.6881],[16.79873,58.68811],[16.79867,58.68811],[16.79862,58.68812],[16.79852,58.68812],[16.79845,58.68812],[16.7984,58.6881],[16.79836,58.68809],[16.79833,58.68807],[16.79829,58.68805],[16.79826,58.68803],[16.79822,58.688],[16.79817,58.68798],[16.79813,58.68797],[16.7981,58.68794],[16.79806,58.68792],[16.79803,58.68791],[16.79799,58.6879],[16.79794,58.68788],[16.79789,58.68787],[16.79785,58.68785],[16.79772,58.68782],[16.79765,58.68781],[16.79756,58.68779],[16.79746,58.68777],[16.79619,58.68761],[16.79619,58.68761],[16.79619,58.6876],[16.79619,58.6876],[16.79619,58.6876],[16.79625,58.68756],[16.79625,58.68756],[16.79625,58.68756],[16.80187,58.68832],[16.80197,58.68831],[16.80195,58.68829],[16.80195,58.68825],[16.80184,58.68818],[16.80167,58.68815],[16.80144,58.68806],[16.80134,58.68805],[16.8011,58.68802],[16.80092,58.68798],[16.80079,58.68796],[16.80061,58.68793],[16.80053,58.68793],[16.80046,58.68792],[16.80046,58.68792],[16.80046,58.68792],[16.80042,58.68788],[16.80033,58.6878],[16.80033,58.6878],[16.80033,58.68778],[16.80033,58.68778],[16.80043,58.68776],[16.8005,58.68774],[16.80054,58.68769],[16.80059,58.68767],[16.80081,58.68765],[16.8009,58.68765],[16.801,58.68763],[16.80105,58.68761],[16.80108,58.6876],[16.80112,58.68758],[16.80112,58.68758],[16.80115,58.68758],[16.80129,58.68753],[16.80132,58.68749],[16.80132,58.68747],[16.80132,58.68747],[16.80132,58.68747],[16.80137,58.68746],[16.80143,58.68746],[16.80148,58.68745],[16.80151,58.68746],[16.80158,58.68746],[16.80172,58.68748],[16.80191,58.68754],[16.80202,58.68757],[16.80209,58.68765],[16.80217,58.6877],[16.80223,58.68761],[16.80028,58.68688],[16.79993,58.68651],[16.79861,58.68599],[16.79616,58.68566],[16.79336,58.68483],[16.79245,58.68476],[16.78539,58.68197],[16.78177,58.68154],[16.7801,58.68298],[16.77998,58.68312],[16.77998,58.68312],[16.77998,58.68312],[16.77844,58.68286],[16.77767,58.68274],[16.77728,58.68271],[16.77658,58.68266],[16.77585,58.68264],[16.77581,58.68264],[16.7755,58.68262],[16.77517,58.68257],[16.77481,58.68252],[16.77455,58.68251],[16.77426,58.68252],[16.77396,58.68255],[16.77366,58.68257],[16.77343,58.68257],[16.77324,58.68255],[16.77302,58.68249],[16.7728,58.6824],[16.77264,58.68237],[16.77233,58.68233],[16.77172,58.68226],[16.77154,58.68227],[16.77141,58.68228],[16.7711,58.6823],[16.77072,58.6823],[16.77042,58.68232],[16.77013,58.68234],[16.76971,58.68234],[16.76938,58.68236],[16.76907,58.68238],[16.76867,58.68232],[16.7683,58.68228],[16.76804,58.68221],[16.76786,58.68212],[16.76778,58.68205],[16.76774,58.68192],[16.76766,58.68178],[16.76749,58.68161],[16.76728,58.68149],[16.76703,58.68138],[16.76675,58.68131],[16.76643,58.68126],[16.76594,58.68114],[16.76531,58.68099],[16.76488,58.68093],[16.76468,58.68095],[16.76449,58.68102],[16.76427,58.68109],[16.76396,58.68112],[16.76382,58.68112],[16.76365,58.68106],[16.7635,58.68097],[16.76342,58.68085],[16.76341,58.68074],[16.76337,58.68069],[16.76322,58.68061],[16.76297,58.68054],[16.76258,58.68052],[16.76237,58.68053],[16.76224,58.68056],[16.7621,58.68064],[16.76193,58.68077],[16.7618,58.68081],[16.7616,58.68083],[16.76125,58.68083],[16.76098,58.68083],[16.76068,58.68088],[16.76047,58.68096],[16.76033,58.68107],[16.76026,58.68122],[16.76023,58.68145],[16.76023,58.68145],[16.75984,58.68156],[16.75984,58.68156],[16.75984,58.68156],[16.75973,58.68151],[16.7596,58.68142],[16.75946,58.68131],[16.75935,58.68118],[16.75916,58.68111],[16.75892,58.68108],[16.75872,58.68101],[16.7585,58.6809],[16.75817,58.68063],[16.75779,58.6803],[16.75752,58.68009],[16.75718,58.67983],[16.75681,58.67958],[16.75655,58.67938],[16.75625,58.67914],[16.75601,58.67893],[16.75573,58.67865],[16.75548,58.6783],[16.75534,58.67806],[16.75261,58.67718],[16.75132,58.67637],[16.74906,58.67486],[16.7478,58.67452],[16.74766,58.67434],[16.74758,58.6742],[16.7476,58.67408],[16.7477,58.67396],[16.74788,58.67379],[16.74797,58.67366]]]]},"properties":{"NVRID":"2001939","NAMN":"Stora Bötets Domänreservat","SKYDDSTYP":"Naturreservat","BESLUTSSTATUS":"Gällande","LAN":"Södermanlands Län","KOMMUN":"Nyköping","IUCNKATEGORI":"Ia, Strikt naturreservat (Strict Nature Reserve)","FORVALTARE":"Länsstyrelsen i Södermanlands län","AREA_HA":323.41,"LAND_HA":301.01,"VATTEN_HA":22.4,"SKOG_HA":72.82,"URSPR_BESLUTSDATUM":"1997-12-19"}},{"type":"Feature","geometry":{"type":"MultiPolygon","coordinates":[[[[16.61772,58.78281],[16.61796,58.78264],[16.61779,58.7825],[16.61779,58.7825],[16.61785,58.78242],[16.61792,58.78239],[16.61812,58.78226],[16.61812,58.78226],[16.61829,58.78214],[16.61829,58.78213],[16.61842,58.78202],[16.61856,58.78187],[16.61857,58.78186],[16.61869,58.78176],[16.61887,58.78164],[16.61907,58.78154],[16.61926,58.78142],[16.61939,58.78134],[16.61953,58.78127],[16.61973,58.78121],[16.61997,58.78116],[16.62023,58.7811],[16.62024,58.7811],[16.62052,58.78102],[16.62072,58.78098],[16.62092,58.78095],[16.62115,58.78092],[16.62139,58.7809],[16.6214,58.7809],[16.6216,58.78087],[16.62181,58.78083],[16.62182,58.78083],[16.622,58.78079],[16.62225,58.78071],[16.62235,58.78068],[16.62253,58.78062],[16.62253,58.78062],[16.62253,58.78062],[16.6226,58.78067],[16.62319,58.78047],[16.62309,58.78041],[16.62309,58.78041],[16.62309,58.78041],[16.62318,58.78037],[16.62344,58.78023],[16.62358,58.78016],[16.62369,58.78011],[16.62385,58.78006],[16.62412,58.77999],[16.62436,58.77993],[16.62457,58.77989],[16.62457,58.77989],[16.62457,58.77989],[16.62507,58.78024],[16.62647,58.78046],[16.62647,58.78046],[16.62693,58.78092],[16.62778,58.78171],[16.62778,58.78171],[16.62798,58.78322],[16.62815,58.7838],[16.62951,58.78451],[16.63046,58.7854],[16.63112,58.78638],[16.63393,58.78581],[16.63509,58.78597],[16.63593,58.78631],[16.63704,58.78666],[16.63771,58.78728],[16.63946,58.78751],[16.64079,58.78783],[16.64134,58.7881],[16.64271,58.78889],[16.64271,58.7889],[16.64258,58.78957],[16.64258,58.78957],[16.64165,58.78973],[16.64086,58.78988],[16.63981,58.79018],[16.63866,58.7904],[16.63783,58.79088],[16.63721,58.79121],[16.63715,58.79128],[16.63715,58.79128],[16.63715,58.79128],[16.63704,58.79123],[16.63484,58.79072],[16.63377,58.79021],[16.63314,58.78942],[16.63288,58.78859],[16.63167,58.78852],[16.63076,58.78832],[16.62983,58.78939],[16.6295,58.78979],[16.62942,58.79071],[16.62942,58.79099],[16.62943,58.79128],[16.62958,58.7914],[16.62958,58.7914],[16.62958,58.7914],[16.62892,58.79177],[16.62856,58.79207],[16.62856,58.79207],[16.62855,58.79207],[16.6283,58.79202],[16.62771,58.79189],[16.62731,58.79179],[16.62707,58.79173],[16.6269,58.79167],[16.6268,58.79162],[16.62664,58.79152],[16.62644,58.79139],[16.62636,58.79133],[16.6262,58.79121],[16.62604,58.79111],[16.62604,58.79111],[16.62603,58.7911],[16.62583,58.791],[16.62582,58.791],[16.62562,58.79093],[16.62538,58.79088],[16.62535,58.79087],[16.62533,58.79087],[16.62533,58.79087],[16.62532,58.79087],[16.62519,58.79085],[16.62518,58.79085],[16.62483,58.79082],[16.62441,58.7908],[16.62417,58.79079],[16.62417,58.79079],[16.62416,58.79079],[16.62415,58.79079],[16.62394,58.79081],[16.62392,58.79081],[16.62391,58.79081],[16.6239,58.79081],[16.62369,58.79087],[16.62367,58.79087],[16.62367,58.79087],[16.62366,58.79088],[16.62344,58.79097],[16.62343,58.79098],[16.62343,58.79098],[16.62342,58.79098],[16.62328,58.79108],[16.62317,58.79116],[16.62302,58.79123],[16.62285,58.79129],[16.62267,58.79133],[16.62253,58.79136],[16.62237,58.79136],[16.62217,58.79136],[16.62194,58.79134],[16.62183,58.79133],[16.62175,58.79131],[16.62168,58.79127],[16.62165,58.79123],[16.62149,58.79109],[16.62139,58.79096],[16.62122,58.79064],[16.62111,58.79045],[16.62111,58.79045],[16.62101,58.79032],[16.62084,58.79014],[16.62071,58.78999],[16.62058,58.78982],[16.62045,58.7896],[16.62034,58.78943],[16.62033,58.78943],[16.62015,58.78922],[16.62001,58.78908],[16.61994,58.78898],[16.61992,58.78891],[16.61993,58.78886],[16.61997,58.78881],[16.62004,58.78872],[16.62006,58.78866],[16.62007,58.78863],[16.62009,58.78857],[16.62009,58.78857],[16.62026,58.78849],[16.62024,58.78839],[16.62009,58.78834],[16.62009,58.78834],[16.62007,58.78826],[16.62005,58.78811],[16.62003,58.78801],[16.62003,58.78801],[16.61999,58.78791],[16.61999,58.78791],[16.61999,58.78791],[16.61999,58.7879],[16.61991,58.7878],[16.61991,58.7878],[16.61991,58.7878],[16.6199,58.78779],[16.61981,58.78772],[16.6198,58.78771],[16.61973,58.78767],[16.61972,58.78767],[16.6195,58.78756],[16.61818,58.78691],[16.61806,58.78682],[16.618,58.78675],[16.61799,58.78665],[16.61802,58.78655],[16.61809,58.78646],[16.61817,58.78639],[16.61825,58.78634],[16.61837,58.78625],[16.61838,58.78625],[16.61887,58.78623],[16.61874,58.78602],[16.61843,58.78607],[16.61843,58.78607],[16.61843,58.78607],[16.61782,58.78527],[16.61782,58.78527],[16.61782,58.78527],[16.61826,58.78517],[16.61692,58.78386],[16.61692,58.78386],[16.61697,58.78374],[16.61697,58.78374],[16.61697,58.78374],[16.61697,58.78373],[16.61697,58.78362],[16.61697,58.78362],[16.61697,58.78361],[16.61694,58.78352],[16.61694,58.78352],[16.61688,58.7834],[16.61681,58.78326],[16.61678,58.78317],[16.61678,58.78307],[16.61685,58.78298],[16.61695,58.78291],[16.61705,58.78284],[16.61726,58.78274],[16.61739,58.78266],[16.61745,58.78264],[16.61745,58.78264],[16.61745,58.78264],[16.61772,58.78281]]]]},"properties":{"NVRID":"2046655","NAMN":"Sigils bänkar","SKYDDSTYP":"Naturreservat","BESLUTSSTATUS":"Gällande","LAN":"Södermanlands Län","KOMMUN":"Nyköping","IUCNKATEGORI":"Ia, Strikt naturreservat (Strict Nature Reserve)","FORVALTARE":"Länsstyrelsen i Södermanlands län","AREA_HA":96.15,"LAND_HA":96.15,"VATTEN_HA":0.0,"SKOG_HA":87.66,"URSPR_BESLUTSDATUM":"2017-03-06"}},{"type":"Feature","geometry":{"type":"MultiPolygon","coordinates":[[[[16.41859,59.44819],[16.41853,59.44827],[16.41853,59.44827],[16.41823,59.44836],[16.41823,59.44836],[16.41788,59.4483],[16.41678,59.44811],[16.41588,59.44778],[16.41207,59.44731],[16.41207,59.44731],[16.41206,59.44731],[16.41261,59.44111],[16.41261,59.44111],[16.41261,59.44111],[16.4287,59.44009],[16.4287,59.44009],[16.4287,59.44009],[16.43077,59.44494],[16.43176,59.44544],[16.43176,59.44544],[16.43176,59.44544],[16.43176,59.44544],[16.43159,59.44546],[16.43128,59.44563],[16.43098,59.44587],[16.43054,59.44605],[16.43031,59.44617],[16.42982,59.4465],[16.42963,59.44659],[16.4294,59.44664],[16.42633,59.44707],[16.42418,59.44735],[16.4237,59.44745],[16.4231,59.44769],[16.42224,59.44814],[16.42224,59.44814],[16.42224,59.44814],[16.42157,59.44782],[16.42069,59.44769],[16.41972,59.4481],[16.41954,59.44818],[16.41913,59.44827],[16.41913,59.44827],[16.41913,59.44827],[16.41897,59.4481],[16.41859,59.44819]]]]},"properties":{"NVRID":"2024072","NAMN":"Skäret","SKYDDSTYP":"Naturreservat","BESLUTSSTATUS":"Gällande","LAN":"Södermanlands Län","KOMMUN":"Eskilstuna","IUCNKATEGORI":"IV, Habitat/Artskyddsområde (Habitat/Species Management Area)","FORVALTARE":"Eskilstuna kommun","AREA_HA":77.9,"LAND_HA":36.05,"VATTEN_HA":41.85,"SKOG_HA":9.14,"URSPR_BESLUTSDATUM":"2010-09-23"}},{"type":"Feature","geometry":{"type":"MultiPolygon","coordinates":[[[[17.28634,59.14167],[17.28785,59.14087],[17.28954,59.14022],[17.29089,59.14006],[17.29271,59.13943],[17.29483,59.1387],[17.29518,59.13846],[17.29517,59.13805],[17.29493,59.13684],[17.29491,59.13577],[17.29181,59.13538],[17.29181,59.13538],[17.29181,59.13538],[17.29188,59.13516],[17.29173,59.13486],[17.2915,59.13466],[17.2914,59.13434],[17.2914,59.13434],[17.2914,59.13434],[17.29291,59.13377],[17.29256,59.13356],[17.29242,59.13337],[17.29214,59.13326],[17.29163,59.1329],[17.29163,59.1329],[17.29176,59.13265],[17.29193,59.13249],[17.29236,59.13229],[17.29291,59.13193],[17.29344,59.13158],[17.29357,59.13146],[17.29364,59.13132],[17.29364,59.13132],[17.29365,59.13132],[17.29438,59.13132],[17.29438,59.13132],[17.29497,59.13158],[17.29574,59.13203],[17.29657,59.1322],[17.29725,59.13189],[17.29851,59.13115],[17.29849,59.13036],[17.29886,59.12967],[17.30092,59.12882],[17.30092,59.12882],[17.30092,59.12882],[17.30156,59.1289],[17.3027,59.12934],[17.30445,59.1298],[17.30484,59.13018],[17.30683,59.13026],[17.30683,59.13026],[17.30787,59.13126],[17.30907,59.13146],[17.3101,59.13208],[17.31121,59.13279],[17.31121,59.13279],[17.31134,59.13315],[17.31134,59.13315],[17.31006,59.13385],[17.30864,59.13617],[17.30829,59.13716],[17.30819,59.13795],[17.30817,59.13909],[17.30785,59.13947],[17.30559,59.14036],[17.30559,59.14036],[17.30406,59.1405],[17.30406,59.1405],[17.30336,59.14032],[17.30175,59.13963],[17.30093,59.13997],[17.29907,59.14055],[17.29695,59.14154],[17.2945,59.14255],[17.29273,59.14334],[17.291,59.14389],[17.28989,59.14372],[17.28875,59.14358],[17.28777,59.14342],[17.2871,59.14298],[17.28634,59.14167],[17.28634,59.14167],[17.28634,59.14167]]]]},"properties":{"NVRID":"2047681","NAMN":"Holmsjöskogen","SKYDDSTYP":"Naturreservat","BESLUTSSTATUS":"Gällande","LAN":"Södermanlands Län","KOMMUN":"Gnesta","IUCNKATEGORI":"IV, Habitat/Artskyddsområde (Habitat/Species Management Area)","FORVALTARE":"Länsstyrelsen i Södermanlands län","AREA_HA":116.73,"LAND_HA":98.98,"VATTEN_HA":17.75,"SKOG_HA":57.3,"URSPR_BESLUTSDATUM":"2017-12-14"}},{"type":"Feature","geometry":{"type":"MultiPolygon","coordinates":[[[[17.04875,58.70101],[17.0488,58.70097],[17.04907,58.70092],[17.04934,58.70085],[17.04972,58.70073],[17.04991,58.70066],[17.05006,58.70059],[17.05025,58.70052],[17.05042,58.70047],[17.05061,58.70044],[17.05082,58.70041],[17.05101,58.70041],[17.05121,58.70042],[17.05146,58.70045],[17.05172,58.7005],[17.05207,58.70059],[17.05231,58.70065],[17.05254,58.70069],[17.05278,58.70072],[17.05303,58.70073],[17.05327,58.70074],[17.0535,58.70074],[17.05429,58.70072],[17.05465,58.7007],[17.05497,58.70067],[17.05509,58.70066],[17.0556,58.7006],[17.05619,58.70084],[17.05668,58.70104],[17.05686,58.70121],[17.05718,58.7013],[17.05782,58.70092],[17.05689,58.7006],[17.05688,58.7006],[17.05688,58.7006],[17.05713,58.70016],[17.05732,58.70003],[17.05732,58.70003],[17.05823,58.6998],[17.05883,58.69983],[17.05929,58.69992],[17.05944,58.69967],[17.05887,58.69952],[17.05887,58.69952],[17.05887,58.69952],[17.05893,58.69939],[17.05893,58.69939],[17.05893,58.69939],[17.05966,58.69945],[17.06028,58.69957],[17.06045,58.69928],[17.05898,58.69915],[17.05778,58.69902],[17.05777,58.69902],[17.05735,58.69865],[17.05735,58.69865],[17.06108,58.69341],[17.06108,58.69341],[17.06206,58.69323],[17.06206,58.69323],[17.06345,58.69329],[17.06543,58.69344],[17.06659,58.69357],[17.06692,58.69361],[17.06786,58.69366],[17.06822,58.69366],[17.06939,58.69363],[17.07022,58.69349],[17.07041,58.69344],[17.0721,58.69298],[17.07339,58.69264],[17.07384,58.69253],[17.07442,58.69239],[17.07581,58.6921],[17.07698,58.69186],[17.08049,58.69229],[17.08079,58.69233],[17.08091,58.69234],[17.08146,58.69243],[17.08337,58.69276],[17.08822,58.69357],[17.09114,58.69421],[17.09568,58.6955],[17.09873,58.69556],[17.09907,58.69557],[17.10218,58.69563],[17.10593,58.6957],[17.10593,58.6957],[17.11121,58.70012],[17.11343,58.70197],[17.1162,58.70272],[17.11892,58.70289],[17.12576,58.70333],[17.15182,58.70202],[17.15182,58.70202],[17.15182,58.70202],[17.15213,58.70536],[17.15233,58.70744],[17.15233,58.70744],[17.13362,58.71455],[17.12235,58.71742],[17.11444,58.71772],[17.09843,58.71677],[17.09068,58.71648],[17.08693,58.71842],[17.08421,58.71938],[17.08421,58.71938],[17.08085,58.71835],[17.07924,58.71736],[17.07834,58.71683],[17.07802,58.71538],[17.07802,58.71538],[17.07802,58.71538],[17.07826,58.71533],[17.07938,58.71483],[17.07986,58.71467],[17.07987,58.7146],[17.07848,58.71355],[17.07744,58.71361],[17.07706,58.71358],[17.07706,58.71358],[17.07706,58.71358],[17.07713,58.71338],[17.07703,58.71301],[17.0769,58.71291],[17.07632,58.71276],[17.07611,58.71264],[17.07593,58.71191],[17.0755,58.71192],[17.07533,58.71187],[17.07532,58.71187],[17.07514,58.71163],[17.07464,58.71154],[17.07464,58.71154],[17.07436,58.71112],[17.07155,58.71129],[17.07135,58.71128],[17.06823,58.71043],[17.06823,58.71043],[17.06667,58.70904],[17.0663,58.70726],[17.06571,58.70706],[17.06535,58.7067],[17.06535,58.7067],[17.06574,58.70637],[17.06574,58.70637],[17.06574,58.70637],[17.06722,58.70695],[17.06803,58.70718],[17.06777,58.70613],[17.06631,58.70571],[17.06473,58.7052],[17.06204,58.70398],[17.06113,58.70313],[17.05991,58.70393],[17.05991,58.70393],[17.05991,58.70393],[17.05887,58.70352],[17.05832,58.70335],[17.05784,58.7031],[17.05778,58.70305],[17.05778,58.70305],[17.05789,58.70247],[17.0572,58.7023],[17.0567,58.70234],[17.0567,58.70234],[17.05638,58.70225],[17.05572,58.70218],[17.05526,58.70306],[17.05487,58.70339],[17.05467,58.70344],[17.05467,58.70344],[17.05467,58.70344],[17.05437,58.7033],[17.05369,58.70322],[17.05252,58.70321],[17.05252,58.70321],[17.05252,58.70321],[17.0522,58.703],[17.05178,58.70284],[17.05155,58.70309],[17.05155,58.70309],[17.05154,58.70309],[17.05099,58.70309],[17.05099,58.70309],[17.0504,58.70283],[17.0504,58.70283],[17.05042,58.70233],[17.05007,58.70187],[17.04959,58.70166],[17.04904,58.70129],[17.04876,58.70134],[17.04876,58.70134],[17.04876,58.70134],[17.04858,58.701],[17.04858,58.701],[17.04858,58.701],[17.04867,58.701],[17.04875,58.70101]]]]},"properties":{"NVRID":"2001309","NAMN":"Strandstuviken","SKYDDSTYP":"Naturreservat","BESLUTSSTATUS":"Gällande","LAN":"Södermanlands Län","KOMMUN":"Nyköping, Oxelösund","IUCNKATEGORI":"Ia, Strikt naturreservat (Strict Nature Reserve)","FORVALTARE":"Nyköpings kommun","AREA_HA":990.22,"LAND_HA":344.29,"VATTEN_HA":645.93,"SKOG_HA":206.89,"URSPR_BESLUTSDATUM":"1989-04-28"}},{"type":"Feature","geometry":{"type":"MultiPolygon","coordinates":[[[[16.39165,59.09629],[16.38963,59.09574],[16.38912,59.09537],[16.38912,59.09537],[16.38912,59.09537],[16.38912,59.09537],[16.3906,59.09501],[16.39292,59.09455],[16.39491,59.09475],[16.39584,59.09474],[16.39679,59.09524],[16.39786,59.09513],[16.3989,59.09524],[16.39984,59.095],[16.39984,59.095],[16.39984,59.095],[16.40025,59.09547],[16.40214,59.09639],[16.40312,59.09684],[16.40554,59.09543],[16.40692,59.09515],[16.40768,59.09433],[16.40768,59.09433],[16.40821,59.09423],[16.40821,59.09423],[16.40821,59.09423],[16.40821,59.09423],[16.40821,59.09473],[16.40809,59.09544],[16.40803,59.09739],[16.40788,59.0986],[16.40788,59.0986],[16.40557,59.09928],[16.405,59.09947],[16.40449,59.09962],[16.40075,59.10025],[16.4004,59.1003],[16.39888,59.10048],[16.39747,59.10064],[16.39586,59.10113],[16.39432,59.10163],[16.39308,59.10211],[16.39308,59.10211],[16.39308,59.10211],[16.39216,59.10169],[16.39038,59.10011],[16.39038,59.10011],[16.39084,59.09861],[16.39124,59.09723],[16.39165,59.09629]]]]},"properties":{"NVRID":"2003033","NAMN":"Himlingeskogen","SKYDDSTYP":"Naturreservat","BESLUTSSTATUS":"Gällande","LAN":"Södermanlands Län","KOMMUN":"Katrineholm","IUCNKATEGORI":"Ia, Strikt naturreservat (Strict Nature Reserve)","FORVALTARE":"Länsstyrelsen i Södermanlands län","AREA_HA":56.52,"LAND_HA":56.52,"VATTEN_HA":0.0,"SKOG_HA":45.01,"URSPR_BESLUTSDATUM":"2005-12-14"}},{"type":"Feature","geometry":{"type":"MultiPolygon","coordinates":[[[[17.39669,58.75419],[17.39764,58.75059],[17.40339,58.74738],[17.40556,58.74618],[17.40557,58.74618],[17.41411,58.7459],[17.41412,58.7459],[17.41412,58.7459],[17.41404,58.74859],[17.41662,58.75175],[17.41358,58.76001],[17.41358,58.76001],[17.41358,58.76001],[17.41358,58.76001],[17.3967,58.75419],[17.39669,58.75419],[17.39669,58.75419]]]]},"properties":{"NVRID":"2024890","NAMN":"Stora Bergö","SKYDDSTYP":"Naturreservat","BESLUTSSTATUS":"Gällande","LAN":"Södermanlands Län","KOMMUN":"Nyköping","IUCNKATEGORI":"Ia, Strikt naturreservat (Strict Nature Reserve)","FORVALTARE":"Länsstyrelsen i Södermanlands län","AREA_HA":117.11,"LAND_HA":18.29,"VATTEN_HA":98.82,"SKOG_HA":6.87,"URSPR_BESLUTSDATUM":"2010-12-15"}},{"type":"Feature","geometry":{"type":"MultiPolygon","coordinates":[[[[16.37477,59.22497],[16.37481,59.22466],[16.37439,59.22423],[16.37439,59.22423],[16.37439,59.22423],[16.37439,59.22423],[16.3766,59.22408],[16.37846,59.2243],[16.37861,59.22428],[16.37898,59.22425],[16.37949,59.22419],[16.38018,59.22413],[16.38069,59.22407],[16.3811,59.22402],[16.38132,59.224],[16.38151,59.22401],[16.38172,59.22401],[16.38192,59.22401],[16.38208,59.22401],[16.38221,59.22401],[16.38234,59.22402],[16.3826,59.22405],[16.38313,59.22416],[16.3835,59.22421],[16.38372,59.22423],[16.384,59.22424],[16.38422,59.22425],[16.38458,59.22428],[16.38486,59.22434],[16.38524,59.22444],[16.38559,59.22454],[16.3859,59.22463],[16.38611,59.22466],[16.38643,59.22469],[16.38664,59.2247],[16.38687,59.22471],[16.38725,59.22474],[16.38771,59.22479],[16.38803,59.22483],[16.38832,59.22487],[16.38862,59.22491],[16.39225,59.2226],[16.39225,59.2226],[16.40451,59.22391],[16.40942,59.22559],[16.40942,59.22559],[16.40942,59.22559],[16.40942,59.22559],[16.40556,59.22727],[16.40791,59.2289],[16.40949,59.22895],[16.41059,59.22937],[16.41059,59.22938],[16.40967,59.2313],[16.40825,59.23244],[16.40476,59.23404],[16.39919,59.23681],[16.39785,59.23747],[16.39785,59.23747],[16.39785,59.23747],[16.38933,59.23505],[16.37092,59.22701],[16.37092,59.22701],[16.37092,59.22701],[16.37363,59.22602],[16.37537,59.22539],[16.37534,59.22507],[16.37478,59.22497],[16.37477,59.22497],[16.37477,59.22497]],[[16.37601,59.22536],[16.37615,59.2254],[16.37675,59.22538],[16.3772,59.22484],[16.37678,59.22473],[16.37601,59.22536]],[[16.3985,59.22674],[16.39867,59.22696],[16.39995,59.2269],[16.39936,59.22648],[16.3985,59.22674]],[[16.40289,59.2317],[16.40377,59.23212],[16.40434,59.23191],[16.40331,59.23141],[16.40313,59.23157],[16.40289,59.2317]],[[16.39252,59.23371],[16.39256,59.23389],[16.3933,59.23393],[16.39362,59.23338],[16.393,59.23321],[16.39252,59.23371]],[[16.39226,59.2241],[16.39267,59.2247],[16.39312,59.22456],[16.3938,59.22427],[16.39401,59.22382],[16.39323,59.22349],[16.39226,59.2241]]]]},"properties":{"NVRID":"2013440","NAMN":"Kvarntorp","SKYDDSTYP":"Naturreservat","BESLUTSSTATUS":"Gällande","LAN":"Södermanlands Län","KOMMUN":"Eskilstuna","IUCNKATEGORI":"IV, Habitat/Artskyddsområde (Habitat/Species Management Area)","FORVALTARE":"Eskilstuna kommun","AREA_HA":216.63,"LAND_HA":173.49,"VATTEN_HA":43.14,"SKOG_HA":119.43,"URSPR_BESLUTSDATUM":"2007-10-25"}},{"type":"Feature","geometry":{"type":"MultiPolygon","coordinates":[[[[16.41686,59.36196],[16.41771,59.36176],[16.41828,59.36156],[16.41828,59.36156],[16.41828,59.36156],[16.4186,59.36168],[16.41887,59.36155],[16.4194,59.36153],[16.4194,59.36153],[16.4194,59.36153],[16.41964,59.36211],[16.41955,59.36248],[16.4204,59.36289],[16.42156,59.36275],[16.42381,59.36245],[16.42381,59.36245],[16.42434,59.36264],[16.4246,59.36268],[16.42496,59.36267],[16.42545,59.36255],[16.42563,59.36222],[16.42563,59.36221],[16.42563,59.36221],[16.42563,59.36221],[16.42657,59.36241],[16.4268,59.36273],[16.4268,59.36273],[16.4268,59.36273],[16.42649,59.36272],[16.42638,59.36344],[16.42648,59.3637],[16.42714,59.3644],[16.42723,59.36488],[16.42723,59.36488],[16.42723,59.36488],[16.42591,59.36498],[16.4263,59.36543],[16.42696,59.36589],[16.42747,59.36584],[16.42747,59.36575],[16.42747,59.36575],[16.42747,59.36575],[16.42774,59.36575],[16.42774,59.36575],[16.42774,59.36575],[16.42779,59.36589],[16.42846,59.36588],[16.42847,59.36588],[16.42857,59.36594],[16.42857,59.36594],[16.42857,59.36594],[16.42813,59.36615],[16.42791,59.36644],[16.42797,59.36677],[16.42797,59.36677],[16.42797,59.36677],[16.42796,59.36677],[16.42715,59.36675],[16.41904,59.3659],[16.41725,59.36572],[16.41725,59.36572],[16.41725,59.36572],[16.41725,59.36572],[16.4178,59.36418],[16.41654,59.36196],[16.41649,59.3619],[16.41649,59.3619],[16.41649,59.3619],[16.41649,59.3619],[16.41686,59.36196]]]]},"properties":{"NVRID":"2052761","NAMN":"Åsbymon","SKYDDSTYP":"Naturreservat","BESLUTSSTATUS":"Gällande","LAN":"Södermanlands Län","KOMMUN":"Eskilstuna","IUCNKATEGORI":"Ia, Strikt naturreservat (Strict Nature Reserve)","FORVALTARE":"Länsstyrelsen i Södermanlands län","AREA_HA":23.41,"LAND_HA":23.41,"VATTEN_HA":0.0,"SKOG_HA":23.41,"URSPR_BESLUTSDATUM":"2020-11-30"}},{"type":"Feature","geometry":{"type":"MultiPolygon","coordinates":[[[[16.73697,58.79193],[16.7372,58.79165],[16.73746,58.79127],[16.73768,58.79091],[16.73779,58.79078],[16.73795,58.79072],[16.73799,58.79066],[16.73805,58.79063],[16.73805,58.79049],[16.73805,58.79049],[16.73817,58.79037],[16.73834,58.79034],[16.73838,58.79026],[16.73838,58.79012],[16.7383,58.79005],[16.73832,58.78985],[16.73852,58.78964],[16.73871,58.78934],[16.73876,58.7893],[16.73876,58.7893],[16.73876,58.7893],[16.7407,58.78924],[16.74071,58.78924],[16.74071,58.78924],[16.74074,58.78931],[16.74091,58.78948],[16.74103,58.7897],[16.74082,58.79014],[16.74082,58.79031],[16.7407,58.79066],[16.74043,58.79089],[16.74035,58.79105],[16.74016,58.79126],[16.73971,58.79166],[16.73949,58.79179],[16.73884,58.7923],[16.73825,58.79281],[16.73776,58.79321],[16.73747,58.79333],[16.73746,58.79333],[16.73746,58.79333],[16.73726,58.79318],[16.73637,58.79254],[16.73629,58.79248],[16.73629,58.79248],[16.73629,58.79248],[16.73649,58.7924],[16.73668,58.79228],[16.73677,58.79218],[16.73685,58.79205],[16.73688,58.79196],[16.73689,58.79196],[16.73697,58.79193]]]]},"properties":{"NVRID":"2001304","NAMN":"Bärsta","SKYDDSTYP":"Naturreservat","BESLUTSSTATUS":"Gällande","LAN":"Södermanlands Län","KOMMUN":"Nyköping","IUCNKATEGORI":"IV, Habitat/Artskyddsområde (Habitat/Species Management Area)","FORVALTARE":"Länsstyrelsen i Södermanlands län","AREA_HA":5.91,"LAND_HA":5.74,"VATTEN_HA":0.17,"SKOG_HA":3.14,"URSPR_BESLUTSDATUM":"1966-12-21"}},{"type":"Feature","geometry":{"type":"MultiPolygon","coordinates":[[[[17.29575,58.97887],[17.29574,58.97888],[17.29573,58.9789],[17.29572,58.9789],[17.29569,58.97891],[17.29565,58.97892],[17.29559,58.97892],[17.29544,58.97891],[17.29517,58.97889],[17.29495,58.97886],[17.29488,58.97886],[17.29488,58.97886],[17.29452,58.97874],[17.29111,58.97745],[17.29111,58.97745],[17.29111,58.97745],[17.29517,58.97232],[17.29762,58.96893],[17.29773,58.9688],[17.29773,58.9688],[17.29773,58.9688],[17.30128,58.96936],[17.30364,58.96974],[17.30632,58.97016],[17.30765,58.96876],[17.30765,58.96876],[17.3083,58.96865],[17.30948,58.96773],[17.30733,58.9673],[17.30023,58.96578],[17.30023,58.96578],[17.30023,58.96578],[17.30023,58.96578],[17.30293,58.96347],[17.30293,58.96347],[17.30293,58.96347],[17.308,58.96484],[17.31416,58.96653],[17.31553,58.9669],[17.31779,58.96752],[17.32096,58.96886],[17.32156,58.96931],[17.32215,58.96937],[17.32215,58.96937],[17.32215,58.96937],[17.32215,58.96937],[17.32186,58.96946],[17.32186,58.96946],[17.32056,58.96921],[17.32039,58.96938],[17.31941,58.97037],[17.319,58.97078],[17.319,58.97078],[17.319,58.97078],[17.31625,58.9704],[17.31549,58.9705],[17.31432,58.97054],[17.31432,58.97054],[17.31432,58.97054],[17.31432,58.97054],[17.31428,58.96955],[17.31285,58.96956],[17.31288,58.97003],[17.31222,58.97036],[17.31222,58.97037],[17.30987,58.97025],[17.30834,58.97037],[17.30834,58.97037],[17.30797,58.97023],[17.30736,58.97059],[17.30736,58.97059],[17.30736,58.97059],[17.30736,58.97059],[17.30677,58.97036],[17.30636,58.97067],[17.30563,58.97128],[17.30551,58.97131],[17.3052,58.97151],[17.30489,58.97172],[17.3034,58.97245],[17.30279,58.97275],[17.30253,58.97304],[17.30248,58.97323],[17.30234,58.97344],[17.30128,58.97394],[17.30057,58.97439],[17.30112,58.97443],[17.30173,58.97394],[17.30202,58.97383],[17.30282,58.97381],[17.30324,58.97376],[17.30353,58.9738],[17.30378,58.97394],[17.30467,58.97408],[17.30539,58.97432],[17.30645,58.97402],[17.30645,58.97402],[17.30685,58.97408],[17.30768,58.97439],[17.30824,58.97472],[17.30925,58.97487],[17.30925,58.97487],[17.30961,58.97506],[17.30972,58.9752],[17.30972,58.9752],[17.30967,58.97543],[17.3108,58.97557],[17.3108,58.97557],[17.31285,58.9764],[17.31358,58.9767],[17.31358,58.9767],[17.31347,58.97709],[17.31289,58.97768],[17.31258,58.97787],[17.31227,58.97813],[17.30976,58.97843],[17.30976,58.97843],[17.30976,58.97843],[17.30962,58.97833],[17.30875,58.97858],[17.30611,58.97892],[17.30611,58.97892],[17.30498,58.97861],[17.30329,58.97802],[17.30329,58.97802],[17.30315,58.97769],[17.30324,58.97754],[17.30362,58.97722],[17.3039,58.977],[17.30391,58.977],[17.30537,58.97701],[17.30609,58.97659],[17.30546,58.97611],[17.30379,58.97638],[17.30379,58.97638],[17.30378,58.97638],[17.30365,58.97626],[17.30326,58.97632],[17.30332,58.97696],[17.30332,58.97696],[17.30332,58.97696],[17.30255,58.97702],[17.30262,58.97735],[17.30305,58.97775],[17.30312,58.97798],[17.30252,58.97868],[17.30293,58.97891],[17.30338,58.97903],[17.30338,58.97903],[17.30341,58.97916],[17.30341,58.97916],[17.30231,58.98],[17.30225,58.98007],[17.30202,58.98017],[17.30188,58.98026],[17.30183,58.98034],[17.30178,58.98044],[17.30175,58.98053],[17.30171,58.98067],[17.30171,58.98067],[17.30171,58.98067],[17.30143,58.98068],[17.30137,58.98068],[17.3011,58.98065],[17.30087,58.98063],[17.30065,58.98063],[17.30045,58.98064],[17.30022,58.98064],[17.29995,58.98063],[17.29963,58.98061],[17.2994,58.98058],[17.29918,58.98057],[17.29895,58.98058],[17.29875,58.98057],[17.29853,58.98054],[17.29832,58.98049],[17.29807,58.98041],[17.29783,58.98035],[17.29765,58.98033],[17.29756,58.98031],[17.29756,58.98031],[17.29752,58.98028],[17.29749,58.98024],[17.29741,58.98021],[17.29729,58.98023],[17.29717,58.98026],[17.29699,58.98028],[17.29681,58.98029],[17.29667,58.9803],[17.29664,58.9803],[17.29664,58.9803],[17.29664,58.9803],[17.29664,58.9803],[17.29664,58.98019],[17.29667,58.97941],[17.29665,58.9789],[17.29662,58.97889],[17.29648,58.97889],[17.29642,58.97888],[17.29635,58.97887],[17.29631,58.97886],[17.29627,58.97886],[17.29624,58.97887],[17.2962,58.9789],[17.29615,58.97891],[17.2961,58.97892],[17.29605,58.97892],[17.29594,58.97891],[17.29589,58.97889],[17.29581,58.97887],[17.29577,58.97887],[17.29575,58.97887]]]]},"properties":{"NVRID":"2050121","NAMN":"Ehrendal Södra","SKYDDSTYP":"Naturreservat","BESLUTSSTATUS":"Gällande","LAN":"Södermanlands Län","KOMMUN":"Gnesta","IUCNKATEGORI":"Ia, Strikt naturreservat (Strict Nature Reserve)","FORVALTARE":"Länsstyrelsen i Södermanlands län","AREA_HA":128.05,"LAND_HA":118.2,"VATTEN_HA":9.85,"SKOG_HA":105.17,"URSPR_BESLUTSDATUM":"2025-02-10"}},{"type":"Feature","geometry":{"type":"MultiPolygon","coordinates":[[[[16.46717,58.74385],[16.46766,58.74308],[16.46777,58.74274],[16.46777,58.74274],[16.46777,58.74274],[16.468,58.74274],[16.46798,58.74267],[16.46799,58.74257],[16.468,58.74239],[16.46797,58.74229],[16.46805,58.74221],[16.46811,58.74218],[16.46811,58.74218],[16.4682,58.74217],[16.46802,58.74215],[16.46802,58.74215],[16.46802,58.74215],[16.46816,58.74189],[16.46886,58.74108],[16.46886,58.74108],[16.46886,58.74108],[16.46931,58.74114],[16.46989,58.74106],[16.47055,58.74118],[16.4711,58.741],[16.4711,58.741],[16.47178,58.74111],[16.47224,58.74076],[16.47218,58.74065],[16.47179,58.74064],[16.47178,58.74064],[16.47146,58.74043],[16.47146,58.74043],[16.47146,58.74033],[16.47146,58.74033],[16.47146,58.74033],[16.47147,58.74033],[16.47176,58.74035],[16.47223,58.7405],[16.47282,58.74044],[16.47282,58.74044],[16.47332,58.74056],[16.47457,58.74032],[16.47549,58.7402],[16.47585,58.73987],[16.47676,58.73976],[16.47676,58.73976],[16.47676,58.73976],[16.47687,58.73983],[16.47687,58.73983],[16.47687,58.74007],[16.47787,58.74019],[16.478,58.73946],[16.478,58.73946],[16.478,58.73945],[16.47883,58.7395],[16.48037,58.73911],[16.48232,58.73894],[16.48405,58.73903],[16.48435,58.73914],[16.48479,58.73909],[16.48479,58.73909],[16.48597,58.73938],[16.48648,58.73919],[16.48648,58.73919],[16.48701,58.7393],[16.48701,58.7393],[16.48701,58.7393],[16.48725,58.73969],[16.48785,58.74022],[16.48824,58.74035],[16.4884,58.74048],[16.4884,58.74048],[16.48834,58.7407],[16.48876,58.74093],[16.48894,58.74129],[16.48941,58.74113],[16.48962,58.74109],[16.49006,58.74111],[16.49006,58.74111],[16.49045,58.74132],[16.49112,58.7413],[16.4918,58.74139],[16.49214,58.74153],[16.49238,58.7417],[16.49278,58.74183],[16.49313,58.74176],[16.49323,58.7417],[16.49312,58.74127],[16.49312,58.74127],[16.49403,58.74082],[16.49403,58.74082],[16.49403,58.74082],[16.49403,58.74082],[16.49432,58.74097],[16.4957,58.74092],[16.49631,58.74102],[16.4967,58.74076],[16.4967,58.74076],[16.49755,58.74081],[16.4992,58.74068],[16.49981,58.74081],[16.5001,58.741],[16.50152,58.74105],[16.50166,58.74072],[16.50166,58.74072],[16.50166,58.74072],[16.50256,58.74072],[16.50346,58.74047],[16.50443,58.74042],[16.50345,58.73987],[16.50345,58.73987],[16.50339,58.73975],[16.50342,58.73956],[16.50336,58.73904],[16.50369,58.73873],[16.50358,58.73848],[16.50358,58.73848],[16.50358,58.73847],[16.50358,58.73847],[16.50396,58.73857],[16.50374,58.73828],[16.50374,58.73826],[16.50374,58.73826],[16.50374,58.73826],[16.50383,58.73827],[16.50383,58.73827],[16.50383,58.73827],[16.50385,58.73829],[16.50407,58.73857],[16.5047,58.73851],[16.5047,58.73851],[16.5047,58.73852],[16.5048,58.73909],[16.5048,58.73909],[16.50442,58.73929],[16.50449,58.73948],[16.50436,58.73967],[16.50485,58.73999],[16.50591,58.7399],[16.50591,58.7399],[16.50617,58.74004],[16.50662,58.73999],[16.50695,58.73998],[16.50746,58.73974],[16.50767,58.73967],[16.50768,58.73967],[16.50804,58.73973],[16.50833,58.73962],[16.50853,58.73949],[16.50851,58.73918],[16.50865,58.73899],[16.50865,58.73899],[16.50876,58.73898],[16.50876,58.73898],[16.50876,58.73898],[16.5089,58.73913],[16.50911,58.73921],[16.50911,58.73921],[16.50905,58.73953],[16.50937,58.73965],[16.50952,58.73977],[16.50952,58.73977],[16.50953,58.73995],[16.51013,58.73999],[16.51053,58.74008],[16.51118,58.73986],[16.51142,58.73983],[16.51189,58.7398],[16.51205,58.73981],[16.5125,58.73993],[16.51281,58.7397],[16.51282,58.7397],[16.51346,58.73959],[16.51385,58.73938],[16.51396,58.73909],[16.51434,58.73882],[16.51434,58.73882],[16.51506,58.73884],[16.51658,58.73887],[16.51704,58.7389],[16.51708,58.73888],[16.51713,58.73884],[16.51715,58.73878],[16.51714,58.7387],[16.51714,58.7387],[16.51719,58.73867],[16.51713,58.73868],[16.5169,58.7387],[16.51643,58.73867],[16.51642,58.73867],[16.51626,58.73849],[16.51626,58.73849],[16.51626,58.73849],[16.51626,58.73849],[16.51652,58.73844],[16.51687,58.73846],[16.51733,58.73842],[16.51797,58.73833],[16.51812,58.73816],[16.51815,58.73801],[16.51825,58.73791],[16.51846,58.73778],[16.51846,58.73778],[16.51895,58.73775],[16.51895,58.73775],[16.51933,58.73802],[16.51965,58.73799],[16.52031,58.73786],[16.52076,58.73782],[16.52094,58.73784],[16.52131,58.73795],[16.52173,58.73795],[16.52197,58.73778],[16.52229,58.73736],[16.52229,58.73736],[16.52256,58.73732],[16.52296,58.73737],[16.52318,58.73742],[16.52351,58.73755],[16.52367,58.73756],[16.52384,58.73744],[16.52411,58.73715],[16.52441,58.73673],[16.52503,58.73639],[16.52503,58.73639],[16.52504,58.73639],[16.52504,58.73639],[16.52555,58.73671],[16.52555,58.73671],[16.52555,58.73671],[16.52543,58.73677],[16.52547,58.7368],[16.5255,58.73683],[16.52552,58.73689],[16.52556,58.73693],[16.5256,58.73705],[16.52559,58.73708],[16.52565,58.73715],[16.52571,58.73715],[16.52575,58.73716],[16.52579,58.73717],[16.52586,58.73718],[16.52598,58.73722],[16.52602,58.73726],[16.52607,58.73727],[16.52613,58.73729],[16.52624,58.73731],[16.52636,58.73734],[16.52637,58.73734],[16.5264,58.73738],[16.52647,58.73739],[16.52657,58.73741],[16.52657,58.73741],[16.5266,58.73744],[16.52665,58.73744],[16.52665,58.73744],[16.52669,58.73746],[16.52677,58.73749],[16.52686,58.73753],[16.52692,58.73756],[16.52697,58.73759],[16.52697,58.7376],[16.52696,58.73762],[16.527,58.73767],[16.52699,58.73771],[16.527,58.73773],[16.52727,58.73778],[16.52803,58.73808],[16.52839,58.73825],[16.52839,58.73825],[16.52845,58.73836],[16.52827,58.73863],[16.52935,58.73894],[16.52991,58.73896],[16.53034,58.73906],[16.53042,58.73914],[16.53066,58.73961],[16.53125,58.73969],[16.53185,58.73937],[16.53185,58.73937],[16.53185,58.73937],[16.53503,58.74027],[16.53503,58.74027],[16.53503,58.74027],[16.53503,58.74031],[16.53511,58.74045],[16.5351,58.74061],[16.53506,58.74067],[16.53506,58.74067],[16.53493,58.74073],[16.53493,58.74073],[16.53466,58.74072],[16.53444,58.74069],[16.53424,58.74069],[16.53344,58.74084],[16.53328,58.74084],[16.53327,58.74086],[16.53327,58.74086],[16.53327,58.74086],[16.53327,58.74086],[16.53327,58.74086],[16.53324,58.74083],[16.53322,58.74081],[16.53318,58.74075],[16.53317,58.74067],[16.53319,58.74061],[16.53323,58.74058],[16.53327,58.74056],[16.53332,58.74054],[16.53338,58.74053],[16.53355,58.74045],[16.53356,58.74041],[16.53355,58.74037],[16.53355,58.74034],[16.53354,58.74028],[16.53352,58.74025],[16.53343,58.74023],[16.53339,58.74024],[16.53334,58.74027],[16.53331,58.7403],[16.53327,58.74034],[16.53322,58.74038],[16.53317,58.74041],[16.53309,58.74043],[16.53302,58.74044],[16.53289,58.74043],[16.53284,58.74041],[16.53279,58.7404],[16.53275,58.74036],[16.53271,58.74032],[16.53268,58.74029],[16.5326,58.74023],[16.53244,58.7402],[16.53237,58.7402],[16.53225,58.74021],[16.53215,58.74023],[16.53207,58.74025],[16.53199,58.74028],[16.53191,58.7403],[16.53184,58.74031],[16.53177,58.7404],[16.53174,58.74041],[16.53169,58.74042],[16.53164,58.74043],[16.53154,58.7404],[16.53146,58.74039],[16.53139,58.74036],[16.53131,58.74028],[16.5313,58.74023],[16.5313,58.74016],[16.53133,58.74008],[16.53133,58.74003],[16.53076,58.7402],[16.53076,58.7402],[16.53076,58.7402],[16.53028,58.73989],[16.5292,58.73925],[16.52845,58.73914],[16.52782,58.73908],[16.52745,58.739],[16.52738,58.73889],[16.52738,58.73889],[16.52765,58.73845],[16.52687,58.73804],[16.52687,58.73804],[16.52687,58.73804],[16.52699,58.73784],[16.52697,58.73783],[16.52695,58.73781],[16.52691,58.7378],[16.52686,58.73776],[16.52684,58.73777],[16.52684,58.73777],[16.52684,58.73777],[16.5268,58.73773],[16.5268,58.73773],[16.52682,58.73772],[16.52682,58.7377],[16.52629,58.73768],[16.52593,58.73743],[16.52504,58.73712],[16.52479,58.73721],[16.52443,58.73776],[16.52419,58.73787],[16.52419,58.73787],[16.52373,58.73789],[16.52314,58.73798],[16.52314,58.73798],[16.52282,58.73789],[16.52271,58.73791],[16.52245,58.73814],[16.52217,58.7383],[16.52021,58.73826],[16.51972,58.7384],[16.51969,58.73856],[16.51969,58.73856],[16.51968,58.73856],[16.51948,58.73857],[16.51948,58.73857],[16.51948,58.73857],[16.51934,58.73836],[16.51909,58.73833],[16.51889,58.73837],[16.51859,58.7387],[16.51859,58.7387],[16.51737,58.73866],[16.51726,58.7387],[16.51725,58.73874],[16.51723,58.73884],[16.51721,58.73886],[16.51721,58.73888],[16.51721,58.73888],[16.51712,58.73892],[16.51783,58.73892],[16.51783,58.73892],[16.51783,58.73892],[16.51783,58.73892],[16.51783,58.73892],[16.5172,58.73921],[16.51676,58.73935],[16.51546,58.73967],[16.51483,58.7399],[16.51475,58.73998],[16.51483,58.74008],[16.51529,58.74031],[16.51537,58.74041],[16.51531,58.74051],[16.51511,58.74068],[16.51513,58.74073],[16.51527,58.74088],[16.51523,58.74106],[16.51523,58.74106],[16.5146,58.74116],[16.5146,58.74116],[16.5146,58.74116],[16.51443,58.74106],[16.51443,58.74106],[16.51443,58.74105],[16.51458,58.74098],[16.51481,58.74096],[16.51474,58.74063],[16.51478,58.7404],[16.51418,58.74028],[16.51374,58.74028],[16.51358,58.74035],[16.51336,58.74039],[16.51306,58.74038],[16.51204,58.7405],[16.51204,58.7405],[16.51203,58.7405],[16.51193,58.74041],[16.5106,58.74062],[16.51046,58.74068],[16.51046,58.74068],[16.50929,58.74061],[16.50903,58.74081],[16.50903,58.74081],[16.50902,58.74081],[16.50902,58.74081],[16.50902,58.74081],[16.50898,58.74076],[16.50888,58.74043],[16.50873,58.74022],[16.50744,58.74043],[16.50693,58.74048],[16.50643,58.74043],[16.50649,58.74086],[16.50638,58.74101],[16.50638,58.74101],[16.50638,58.74101],[16.50618,58.74105],[16.50585,58.7412],[16.50354,58.74144],[16.50291,58.74163],[16.50212,58.7416],[16.50172,58.74178],[16.50172,58.74178],[16.50172,58.74178],[16.49983,58.74164],[16.49957,58.74177],[16.49957,58.74177],[16.49913,58.74174],[16.49913,58.74174],[16.49913,58.74174],[16.49899,58.74135],[16.49849,58.7416],[16.49849,58.7416],[16.49514,58.7416],[16.495,58.74171],[16.495,58.74171],[16.49464,58.74173],[16.49437,58.7419],[16.49428,58.74206],[16.49398,58.74222],[16.49398,58.74222],[16.49365,58.74223],[16.49276,58.74255],[16.49276,58.74255],[16.49276,58.74255],[16.49222,58.74234],[16.49222,58.74234],[16.49208,58.7422],[16.49211,58.74203],[16.49154,58.74193],[16.49134,58.74176],[16.49017,58.74188],[16.49017,58.74188],[16.49017,58.74188],[16.48982,58.74166],[16.48939,58.74164],[16.48806,58.74183],[16.48806,58.74183],[16.48806,58.74183],[16.48806,58.74183],[16.48794,58.74154],[16.48765,58.7415],[16.48754,58.74144],[16.48756,58.74118],[16.48719,58.7408],[16.48719,58.74041],[16.48695,58.74027],[16.48663,58.74017],[16.48648,58.74],[16.48477,58.73996],[16.48393,58.7399],[16.48284,58.73997],[16.4814,58.74004],[16.47891,58.74008],[16.47875,58.7402],[16.47871,58.74043],[16.47856,58.74059],[16.47839,58.7407],[16.47808,58.74077],[16.47808,58.74077],[16.47808,58.74077],[16.47776,58.74062],[16.47677,58.74045],[16.47652,58.74065],[16.47633,58.74072],[16.47569,58.74085],[16.47529,58.74103],[16.4751,58.74105],[16.47418,58.74097],[16.47362,58.74116],[16.47362,58.74116],[16.47303,58.74099],[16.47248,58.74129],[16.47303,58.74149],[16.47303,58.74149],[16.47301,58.74166],[16.47263,58.74213],[16.47263,58.74213],[16.4723,58.74216],[16.4723,58.74216],[16.47179,58.7419],[16.47084,58.74186],[16.47062,58.74198],[16.47062,58.74198],[16.47062,58.74198],[16.47012,58.74175],[16.46944,58.7423],[16.46944,58.7423],[16.46944,58.7423],[16.46826,58.74217],[16.46815,58.7422],[16.46808,58.74223],[16.46803,58.7423],[16.46807,58.74234],[16.46806,58.74243],[16.46808,58.74256],[16.46808,58.74261],[16.46811,58.74272],[16.46811,58.74274],[16.46858,58.74275],[16.46858,58.74275],[16.46858,58.74275],[16.46858,58.74275],[16.46858,58.74275],[16.46803,58.7435],[16.46749,58.74408],[16.46734,58.74442],[16.46734,58.74442],[16.46733,58.74442],[16.46733,58.74442],[16.46701,58.74423],[16.46701,58.74423],[16.46717,58.74385]]]]},"properties":{"NVRID":"2001299","NAMN":"Vretaån","SKYDDSTYP":"Naturreservat","BESLUTSSTATUS":"Gällande","LAN":"Södermanlands Län","KOMMUN":"Nyköping","IUCNKATEGORI":"IV, Habitat/Artskyddsområde (Habitat/Species Management Area)","FORVALTARE":"Länsstyrelsen i Södermanlands län","AREA_HA":35.85,"LAND_HA":35.85,"VATTEN_HA":0.0,"SKOG_HA":32.64,"URSPR_BESLUTSDATUM":"2001-01-26"}},{"type":"Feature","geometry":{"type":"MultiPolygon","coordinates":[[[[16.89358,58.61628],[16.89333,58.61678],[16.89398,58.61689],[16.89466,58.61701],[16.89466,58.61701],[16.89466,58.61701],[16.89466,58.61701],[16.89457,58.61719],[16.89429,58.6176],[16.89493,58.61778],[16.8952,58.61785],[16.89558,58.61794],[16.89624,58.61803],[16.89698,58.61814],[16.89728,58.61817],[16.89763,58.61819],[16.89825,58.61823],[16.89882,58.6183],[16.899,58.61834],[16.89961,58.61848],[16.90019,58.61863],[16.90091,58.61872],[16.90161,58.61878],[16.9019,58.61881],[16.90256,58.61883],[16.90332,58.61883],[16.90414,58.61882],[16.90414,58.61882],[16.90414,58.61882],[16.90414,58.6194],[16.90394,58.61986],[16.90469,58.61994],[16.90544,58.62013],[16.90617,58.6203],[16.90687,58.62038],[16.90752,58.62044],[16.90826,58.62042],[16.90898,58.6204],[16.90926,58.62035],[16.91015,58.62025],[16.91115,58.62019],[16.91215,58.61998],[16.91295,58.61987],[16.91356,58.61985],[16.91382,58.6199],[16.91434,58.62017],[16.91491,58.61993],[16.91553,58.61965],[16.91553,58.61965],[16.91553,58.61965],[16.91553,58.61966],[16.91577,58.61993],[16.91581,58.62],[16.91583,58.62009],[16.91583,58.62019],[16.91582,58.62032],[16.91583,58.62043],[16.91584,58.62057],[16.91584,58.62062],[16.9158,58.62071],[16.91578,58.62074],[16.91569,58.62084],[16.91555,58.62098],[16.9154,58.62115],[16.91522,58.62135],[16.91508,58.62152],[16.91501,58.62162],[16.91485,58.62186],[16.91481,58.62192],[16.91466,58.62229],[16.91466,58.62229],[16.91449,58.62231],[16.91412,58.62237],[16.91384,58.62236],[16.91346,58.62244],[16.91346,58.62244],[16.91301,58.62222],[16.91275,58.62221],[16.91275,58.62221],[16.91274,58.62221],[16.91281,58.62199],[16.91298,58.6219],[16.91232,58.62149],[16.91179,58.62159],[16.91131,58.62171],[16.91051,58.622],[16.91059,58.62212],[16.91156,58.62204],[16.91202,58.62211],[16.91202,58.62211],[16.91202,58.62211],[16.91203,58.62228],[16.91184,58.62239],[16.91184,58.62239],[16.91132,58.62243],[16.91088,58.62242],[16.9106,58.6224],[16.90952,58.62256],[16.9092,58.62257],[16.9092,58.62257],[16.90898,58.6224],[16.90898,58.6224],[16.90902,58.62224],[16.9091,58.62197],[16.90913,58.62186],[16.90936,58.62098],[16.90831,58.62091],[16.90645,58.62077],[16.90597,58.62074],[16.90286,58.6205],[16.9026,58.62048],[16.90199,58.62043],[16.90047,58.62031],[16.89921,58.6202],[16.89912,58.62053],[16.89899,58.62095],[16.89895,58.62108],[16.8987,58.62196],[16.89875,58.62216],[16.89875,58.62216],[16.89874,58.62216],[16.89874,58.62216],[16.89832,58.62215],[16.89762,58.62218],[16.89715,58.62222],[16.89674,58.62222],[16.89632,58.62219],[16.89571,58.62211],[16.89511,58.62205],[16.89463,58.62202],[16.8945,58.62205],[16.89442,58.62212],[16.89435,58.62242],[16.89439,58.62249],[16.8945,58.62252],[16.8945,58.62252],[16.8945,58.62252],[16.89449,58.62272],[16.89449,58.62272],[16.8944,58.62277],[16.89438,58.62284],[16.8944,58.62293],[16.89453,58.62314],[16.89469,58.62355],[16.89469,58.62355],[16.89424,58.62371],[16.89353,58.62401],[16.89353,58.62401],[16.89353,58.62401],[16.89353,58.62401],[16.89299,58.62299],[16.89294,58.62173],[16.89286,58.61929],[16.89274,58.61557],[16.89274,58.61557],[16.89275,58.61557],[16.8964,58.61547],[16.89958,58.61569],[16.90141,58.61502],[16.90305,58.6152],[16.90276,58.61452],[16.90276,58.61452],[16.90276,58.61452],[16.90276,58.61452],[16.90276,58.61452],[16.90326,58.61469],[16.90367,58.61481],[16.90417,58.61486],[16.90487,58.61487],[16.90555,58.61492],[16.90671,58.61504],[16.90751,58.61514],[16.90797,58.6152],[16.90813,58.61522],[16.90831,58.61528],[16.9085,58.61538],[16.90871,58.61541],[16.90876,58.61542],[16.90897,58.61547],[16.90915,58.61552],[16.90934,58.61559],[16.90948,58.61565],[16.9096,58.61572],[16.90963,58.61574],[16.90972,58.61579],[16.90972,58.61579],[16.90972,58.61579],[16.90965,58.61588],[16.90964,58.61588],[16.90906,58.61614],[16.90906,58.61614],[16.90863,58.61607],[16.90814,58.61603],[16.90724,58.61603],[16.90667,58.61602],[16.90645,58.616],[16.90586,58.61595],[16.90558,58.6159],[16.90489,58.61581],[16.90418,58.61572],[16.90401,58.61578],[16.9038,58.61605],[16.9038,58.61605],[16.9038,58.61605],[16.90225,58.61579],[16.90209,58.6156],[16.90191,58.61544],[16.90147,58.61511],[16.90065,58.61539],[16.9004,58.61547],[16.89958,58.61577],[16.89944,58.61615],[16.89944,58.61615],[16.89944,58.61615],[16.89944,58.61615],[16.89877,58.61604],[16.89835,58.61602],[16.89798,58.61602],[16.89725,58.61605],[16.89655,58.61611],[16.89624,58.61611],[16.89585,58.61607],[16.89524,58.61596],[16.8946,58.61584],[16.89391,58.61569],[16.89367,58.61613],[16.89358,58.61628]],[[16.90408,58.6126],[16.90414,58.61237],[16.90414,58.61237],[16.90414,58.61237],[16.90487,58.61237],[16.90487,58.61237],[16.90487,58.61237],[16.90511,58.61268],[16.90537,58.61305],[16.90527,58.61352],[16.90715,58.61389],[16.90715,58.61389],[16.90715,58.61389],[16.90713,58.61435],[16.9069,58.61455],[16.9069,58.61455],[16.9069,58.61455],[16.90474,58.61409],[16.90455,58.61401],[16.9042,58.61363],[16.90409,58.61342],[16.90403,58.61312],[16.90411,58.61277],[16.90408,58.6126]],[[16.89562,58.62479],[16.89559,58.62485],[16.89571,58.62497],[16.89588,58.62506],[16.89599,58.62516],[16.89617,58.62527],[16.8965,58.62543],[16.89662,58.62547],[16.89685,58.6255],[16.89736,58.6254],[16.89737,58.6254],[16.89737,58.6254],[16.89744,58.62557],[16.89743,58.62579],[16.89781,58.62651],[16.89795,58.62661],[16.89821,58.62668],[16.89841,58.62683],[16.89841,58.62683],[16.89818,58.62711],[16.89822,58.62716],[16.89853,58.62723],[16.89853,58.62723],[16.89874,58.62744],[16.89874,58.62744],[16.89849,58.62779],[16.89852,58.62784],[16.89915,58.62793],[16.89985,58.62803],[16.90027,58.62807],[16.90068,58.62805],[16.9013,58.62799],[16.90143,58.62793],[16.90143,58.62793],[16.90143,58.62793],[16.90143,58.62793],[16.9015,58.62797],[16.90161,58.62809],[16.90172,58.62813],[16.90201,58.62814],[16.90201,58.62814],[16.90201,58.62814],[16.90201,58.62814],[16.90201,58.62814],[16.90182,58.62833],[16.903,58.62862],[16.90328,58.6283],[16.90213,58.628],[16.90191,58.62804],[16.90175,58.62801],[16.90165,58.62794],[16.90165,58.62794],[16.90165,58.62794],[16.90165,58.62794],[16.90165,58.62794],[16.90175,58.62793],[16.90239,58.62783],[16.90282,58.62773],[16.90316,58.62761],[16.90355,58.62742],[16.90369,58.62732],[16.90376,58.62724],[16.90399,58.62692],[16.90399,58.62692],[16.904,58.62692],[16.90434,58.62694],[16.90485,58.62678],[16.90548,58.62657],[16.90548,58.62657],[16.90548,58.62657],[16.90559,58.62663],[16.90586,58.62682],[16.90616,58.62685],[16.90638,58.62684],[16.90671,58.62676],[16.90718,58.62659],[16.90746,58.62651],[16.90796,58.62633],[16.90831,58.62621],[16.90857,58.62609],[16.90894,58.62592],[16.90894,58.62592],[16.90983,58.62592],[16.91041,58.6259],[16.91134,58.62591],[16.91134,58.62591],[16.91146,58.62597],[16.91146,58.62597],[16.91146,58.62597],[16.9114,58.62601],[16.91135,58.62604],[16.91119,58.62617],[16.91106,58.62631],[16.91089,58.62649],[16.91083,58.62657],[16.91075,58.62667],[16.91062,58.62683],[16.91045,58.62703],[16.91032,58.62721],[16.91026,58.6273],[16.91022,58.62741],[16.9102,58.62751],[16.91017,58.6276],[16.91012,58.62769],[16.91004,58.62776],[16.90994,58.62782],[16.90983,58.62786],[16.90975,58.62791],[16.90947,58.62802],[16.90938,58.62807],[16.90933,58.62813],[16.9093,58.6282],[16.90927,58.62828],[16.90922,58.62838],[16.90916,58.62851],[16.90908,58.62866],[16.90906,58.62873],[16.90905,58.62883],[16.90905,58.629],[16.90906,58.62912],[16.90906,58.62915],[16.90905,58.62919],[16.90905,58.62919],[16.90878,58.6293],[16.90892,58.62942],[16.90892,58.62942],[16.90892,58.62942],[16.90854,58.62966],[16.90778,58.63],[16.90867,58.63027],[16.90867,58.63027],[16.90867,58.63027],[16.90867,58.63027],[16.90866,58.63027],[16.90271,58.63031],[16.90271,58.63031],[16.90271,58.63031],[16.90265,58.62878],[16.89858,58.62806],[16.89858,58.62806],[16.89442,58.62568],[16.89363,58.62419],[16.89363,58.62419],[16.89443,58.62383],[16.89496,58.62367],[16.89527,58.62361],[16.89528,58.62361],[16.89528,58.62361],[16.89535,58.62377],[16.89552,58.62399],[16.89565,58.62411],[16.8962,58.62458],[16.8962,58.62458],[16.8962,58.62458],[16.89562,58.62479]]]]},"properties":{"NVRID":"2032470","NAMN":"Uttervik","SKYDDSTYP":"Naturreservat","BESLUTSSTATUS":"Gällande","LAN":"Södermanlands Län","KOMMUN":"Nyköping","IUCNKATEGORI":"0, Områden som ej kan klassificeras enligt IUCN: s system.","FORVALTARE":"Länsstyrelsen i Södermanlands län","AREA_HA":65.79,"LAND_HA":65.79,"VATTEN_HA":0.0,"SKOG_HA":54.3,"URSPR_BESLUTSDATUM":"2018-02-01"}},{"type":"Feature","geometry":{"type":"MultiPolygon","coordinates":[[[[16.95254,59.15119],[16.95296,59.15115],[16.95549,59.15096],[16.95562,59.14982],[16.95584,59.14873],[16.95584,59.14873],[16.95584,59.14873],[16.95683,59.1487],[16.95731,59.14883],[16.95731,59.14883],[16.95751,59.14927],[16.95909,59.14924],[16.96036,59.14898],[16.96036,59.14898],[16.96036,59.14898],[16.96233,59.1502],[16.96264,59.15038],[16.96264,59.15038],[16.96264,59.15038],[16.96264,59.15038],[16.96076,59.15069],[16.9602,59.15112],[16.95922,59.15153],[16.95984,59.15227],[16.96167,59.1524],[16.96212,59.15228],[16.96212,59.15228],[16.96381,59.15272],[16.96381,59.15272],[16.96381,59.15272],[16.96264,59.15392],[16.96219,59.15405],[16.96183,59.15411],[16.96148,59.1541],[16.96121,59.15409],[16.96084,59.15399],[16.96054,59.15399],[16.96033,59.15395],[16.96013,59.15387],[16.95986,59.15385],[16.95961,59.1539],[16.95925,59.15396],[16.95905,59.15401],[16.95888,59.15401],[16.95869,59.15401],[16.95842,59.15404],[16.95827,59.154],[16.95805,59.15401],[16.95758,59.15403],[16.95744,59.15399],[16.95725,59.15399],[16.95693,59.15396],[16.95669,59.15391],[16.95636,59.15384],[16.95617,59.15385],[16.95585,59.15387],[16.95554,59.15393],[16.95513,59.15391],[16.95513,59.15391],[16.95513,59.15391],[16.9551,59.15382],[16.95502,59.15357],[16.95473,59.15288],[16.95423,59.15252],[16.95331,59.15215],[16.95318,59.15201],[16.95295,59.15163],[16.95253,59.15119],[16.95253,59.15119],[16.95253,59.15119],[16.95254,59.15119]]]]},"properties":{"NVRID":"2001325","NAMN":"Igelsjöskogen","SKYDDSTYP":"Naturreservat","BESLUTSSTATUS":"Gällande","LAN":"Södermanlands Län","KOMMUN":"Gnesta","IUCNKATEGORI":"0, Områden som ej kan klassificeras enligt IUCN: s system.","FORVALTARE":"Länsstyrelsen i Södermanlands län","AREA_HA":21.66,"LAND_HA":21.3,"VATTEN_HA":0.36,"SKOG_HA":19.5,"URSPR_BESLUTSDATUM":"2002-10-25"}},{"type":"Feature","geometry":{"type":"MultiPolygon","coordinates":[[[[17.19118,58.65942],[17.19146,58.65929],[17.19146,58.65929],[17.19176,58.65927],[17.19183,58.65919],[17.19169,58.659],[17.1915,58.65894],[17.1915,58.65893],[17.19146,58.65876],[17.19141,58.6586],[17.19148,58.65841],[17.1914,58.65815],[17.1914,58.65815],[17.19181,58.65788],[17.19227,58.65781],[17.19252,58.65766],[17.19252,58.65766],[17.1931,58.6576],[17.1931,58.6576],[17.19356,58.65782],[17.19396,58.65793],[17.19396,58.65793],[17.19406,58.65805],[17.19425,58.65808],[17.19434,58.65802],[17.19434,58.65802],[17.19434,58.65802],[17.19462,58.65809],[17.19472,58.65819],[17.19492,58.65825],[17.19492,58.65825],[17.19494,58.65834],[17.19494,58.65834],[17.19494,58.65834],[17.19494,58.65834],[17.19462,58.65833],[17.19462,58.65844],[17.19509,58.65865],[17.19536,58.65886],[17.19536,58.65886],[17.19537,58.65906],[17.19587,58.65917],[17.19616,58.65924],[17.1965,58.65946],[17.19667,58.65941],[17.19681,58.65925],[17.19681,58.65925],[17.19681,58.65925],[17.19726,58.65927],[17.19726,58.65927],[17.19732,58.65937],[17.19745,58.65936],[17.19745,58.65936],[17.19761,58.65946],[17.19761,58.65946],[17.19761,58.65946],[17.19761,58.65946],[17.19745,58.65949],[17.19763,58.65969],[17.19774,58.65966],[17.19774,58.65966],[17.19774,58.65966],[17.19781,58.65976],[17.19778,58.65985],[17.19786,58.65993],[17.19815,58.65986],[17.19815,58.65986],[17.19833,58.6599],[17.19846,58.65986],[17.19878,58.6598],[17.19879,58.6598],[17.19902,58.65997],[17.19916,58.66005],[17.19916,58.66005],[17.19916,58.66005],[17.199,58.66012],[17.19869,58.66019],[17.19851,58.66019],[17.19855,58.66026],[17.19853,58.6603],[17.19853,58.6603],[17.19817,58.66035],[17.19814,58.66043],[17.19814,58.66043],[17.19783,58.66048],[17.19783,58.66048],[17.19768,58.66039],[17.19768,58.66039],[17.19771,58.66031],[17.1976,58.66014],[17.1976,58.66014],[17.19767,58.66011],[17.19761,58.66005],[17.19738,58.66028],[17.19738,58.66028],[17.19638,58.66027],[17.19638,58.66027],[17.19615,58.6601],[17.19615,58.6601],[17.19617,58.66002],[17.19558,58.66005],[17.1952,58.65997],[17.1952,58.65997],[17.19522,58.65986],[17.19483,58.65979],[17.19471,58.65982],[17.19464,58.6599],[17.19474,58.65993],[17.19474,58.65993],[17.19474,58.65993],[17.19472,58.66],[17.1951,58.66007],[17.19537,58.66016],[17.19595,58.66039],[17.19603,58.6605],[17.19619,58.66052],[17.1962,58.66052],[17.19637,58.66063],[17.19637,58.66063],[17.19635,58.66074],[17.19614,58.66087],[17.19613,58.66087],[17.19585,58.66089],[17.1957,58.66095],[17.19565,58.66102],[17.19565,58.66102],[17.19565,58.66102],[17.19564,58.66102],[17.19547,58.66093],[17.19547,58.66093],[17.19554,58.66082],[17.19539,58.66066],[17.19522,58.66061],[17.1952,58.66066],[17.19541,58.66093],[17.19544,58.66109],[17.19585,58.66116],[17.19583,58.66108],[17.19583,58.66108],[17.19583,58.66108],[17.19583,58.66108],[17.19602,58.66108],[17.19602,58.66108],[17.19602,58.66108],[17.19602,58.66108],[17.19602,58.66143],[17.19617,58.66148],[17.19617,58.66148],[17.19617,58.66153],[17.19617,58.66153],[17.19617,58.66153],[17.19598,58.66154],[17.19572,58.66158],[17.19572,58.66158],[17.19572,58.66158],[17.19563,58.6615],[17.19545,58.66167],[17.19545,58.66167],[17.1953,58.6617],[17.19503,58.66166],[17.19503,58.66166],[17.19503,58.66166],[17.19501,58.66147],[17.19501,58.66147],[17.19519,58.6614],[17.19514,58.66124],[17.19484,58.66138],[17.19485,58.66147],[17.19485,58.66147],[17.19451,58.66157],[17.19443,58.66165],[17.19443,58.66165],[17.19443,58.66165],[17.19443,58.66165],[17.19438,58.66162],[17.19438,58.66162],[17.19442,58.66153],[17.19436,58.66144],[17.19422,58.66146],[17.19416,58.66152],[17.19416,58.66152],[17.19416,58.66152],[17.19416,58.66152],[17.194,58.66148],[17.194,58.66148],[17.19396,58.66143],[17.19359,58.66148],[17.19359,58.66148],[17.19332,58.66133],[17.19298,58.66124],[17.19298,58.66123],[17.19301,58.66092],[17.19287,58.6609],[17.19264,58.66106],[17.19264,58.66106],[17.19233,58.66106],[17.19197,58.66101],[17.19152,58.66086],[17.19093,58.66043],[17.19093,58.66043],[17.19105,58.65984],[17.19093,58.65961],[17.19093,58.65961],[17.19093,58.65961],[17.19118,58.65942]]]]},"properties":{"NVRID":"2001940","NAMN":"Fågelskär","SKYDDSTYP":"Naturreservat","BESLUTSSTATUS":"Gällande","LAN":"Södermanlands Län","KOMMUN":"Oxelösund","IUCNKATEGORI":"Ia, Strikt naturreservat (Strict Nature Reserve)","FORVALTARE":"Länsstyrelsen i Södermanlands län","AREA_HA":10.8,"LAND_HA":9.97,"VATTEN_HA":0.83,"SKOG_HA":2.89,"URSPR_BESLUTSDATUM":"1997-12-19"}},{"type":"Feature","geometry":{"type":"MultiPolygon","coordinates":[[[[16.94387,59.11826],[16.94387,59.11826],[16.94389,59.1183],[16.9439,59.11838],[16.94387,59.11844],[16.9438,59.11851],[16.94359,59.11863],[16.94355,59.11865],[16.94354,59.11867],[16.94354,59.11867],[16.94342,59.11868],[16.94334,59.11868],[16.94317,59.11872],[16.943,59.11879],[16.94295,59.11882],[16.94289,59.11887],[16.94277,59.11894],[16.94264,59.11899],[16.94247,59.11901],[16.94238,59.11902],[16.94236,59.11902],[16.94236,59.11902],[16.94098,59.11852],[16.94098,59.11852],[16.94098,59.11852],[16.94098,59.11852],[16.94127,59.11837],[16.94217,59.11817],[16.94383,59.11719],[16.94378,59.11702],[16.94378,59.11702],[16.94378,59.11702],[16.94378,59.11702],[16.94415,59.11702],[16.94701,59.11539],[16.94698,59.1152],[16.94719,59.11509],[16.94719,59.11509],[16.94719,59.11509],[16.94736,59.11516],[16.94997,59.11404],[16.9501,59.11386],[16.9501,59.11386],[16.95045,59.11376],[16.95045,59.11376],[16.95074,59.11378],[16.95091,59.11372],[16.95098,59.11358],[16.95098,59.11358],[16.95098,59.11358],[16.95127,59.11362],[16.95159,59.11349],[16.95161,59.11341],[16.95084,59.11277],[16.95084,59.11277],[16.95084,59.11277],[16.95088,59.11275],[16.95074,59.11255],[16.95074,59.11255],[16.95168,59.11198],[16.95168,59.11198],[16.95168,59.11198],[16.95232,59.11212],[16.95444,59.11252],[16.95518,59.11293],[16.95549,59.11297],[16.95549,59.11297],[16.95549,59.11297],[16.95549,59.11297],[16.9551,59.11342],[16.95785,59.11385],[16.95785,59.11385],[16.95785,59.11385],[16.9576,59.11437],[16.9576,59.11437],[16.9576,59.11437],[16.9576,59.11437],[16.95754,59.11435],[16.95731,59.11434],[16.95712,59.11433],[16.95701,59.11434],[16.95693,59.11435],[16.95676,59.11437],[16.95663,59.11437],[16.9563,59.11436],[16.95606,59.11435],[16.95591,59.11435],[16.95572,59.11436],[16.95548,59.11443],[16.95541,59.11444],[16.95526,59.11444],[16.95499,59.11446],[16.95477,59.11451],[16.95464,59.11454],[16.95442,59.11456],[16.95421,59.11458],[16.95406,59.11461],[16.95379,59.11471],[16.95349,59.1148],[16.9534,59.11484],[16.95318,59.11499],[16.95308,59.1151],[16.95299,59.1152],[16.95292,59.11533],[16.9529,59.1154],[16.9529,59.11545],[16.95284,59.11553],[16.95272,59.11567],[16.95263,59.11574],[16.95245,59.11581],[16.9523,59.11587],[16.95223,59.11592],[16.9522,59.11595],[16.95221,59.11599],[16.95226,59.11604],[16.95231,59.11605],[16.95238,59.11607],[16.95238,59.11607],[16.95243,59.1161],[16.95243,59.1161],[16.95243,59.11613],[16.95235,59.11623],[16.95226,59.11631],[16.95225,59.11634],[16.95231,59.11641],[16.95231,59.11649],[16.9523,59.11655],[16.95231,59.11658],[16.95233,59.11664],[16.95233,59.11664],[16.95229,59.11668],[16.95205,59.11681],[16.95183,59.11691],[16.95173,59.11694],[16.95143,59.11696],[16.95136,59.11696],[16.9513,59.117],[16.95122,59.11707],[16.95113,59.11713],[16.95105,59.11721],[16.95096,59.11729],[16.95099,59.11738],[16.95101,59.1174],[16.951,59.11744],[16.951,59.11744],[16.95095,59.11745],[16.95088,59.11744],[16.95082,59.11743],[16.95075,59.11746],[16.95069,59.1175],[16.95067,59.11754],[16.95065,59.11761],[16.9506,59.11771],[16.95056,59.1178],[16.95053,59.11789],[16.95043,59.11806],[16.95042,59.11812],[16.95046,59.1183],[16.95049,59.11835],[16.95055,59.11843],[16.95057,59.11853],[16.95065,59.11858],[16.95068,59.1186],[16.95068,59.1186],[16.95068,59.11868],[16.95069,59.11873],[16.95075,59.1188],[16.95092,59.11891],[16.95115,59.11904],[16.95139,59.11917],[16.95152,59.11922],[16.95181,59.1193],[16.95213,59.11936],[16.95237,59.11946],[16.95253,59.11951],[16.95286,59.11957],[16.95292,59.11959],[16.95298,59.11961],[16.95332,59.11961],[16.95339,59.11961],[16.95353,59.11961],[16.95364,59.11961],[16.95396,59.11967],[16.95427,59.11974],[16.95459,59.11981],[16.95485,59.11984],[16.95505,59.11984],[16.9554,59.11985],[16.95555,59.11987],[16.95574,59.11992],[16.95586,59.11996],[16.95595,59.11999],[16.95611,59.12002],[16.95621,59.12001],[16.9563,59.12],[16.95644,59.11994],[16.95644,59.11994],[16.95654,59.11997],[16.95672,59.12],[16.95693,59.12002],[16.95726,59.12007],[16.95733,59.12008],[16.95741,59.12011],[16.95747,59.12014],[16.95754,59.12017],[16.95758,59.12021],[16.95762,59.12025],[16.95762,59.12025],[16.95761,59.12028],[16.9576,59.1203],[16.95764,59.12034],[16.95792,59.12045],[16.95797,59.12053],[16.95797,59.12055],[16.95794,59.12058],[16.95793,59.12062],[16.95795,59.12065],[16.95796,59.12067],[16.95793,59.12069],[16.95788,59.12072],[16.95787,59.12074],[16.95787,59.12077],[16.95788,59.12079],[16.95788,59.12079],[16.95777,59.12087],[16.95773,59.12089],[16.95773,59.12089],[16.95767,59.12089],[16.95759,59.12089],[16.95747,59.12093],[16.95738,59.12097],[16.95714,59.1211],[16.95708,59.12112],[16.95695,59.12113],[16.9568,59.12115],[16.95668,59.12117],[16.95638,59.12116],[16.95622,59.12116],[16.95614,59.12117],[16.95599,59.12123],[16.95593,59.12127],[16.9558,59.12134],[16.95572,59.12136],[16.9556,59.12139],[16.95549,59.12142],[16.95528,59.1214],[16.95521,59.12138],[16.95515,59.12139],[16.95496,59.12144],[16.95491,59.12147],[16.95485,59.1215],[16.95481,59.12151],[16.95475,59.12152],[16.95468,59.12159],[16.95467,59.12166],[16.95467,59.1217],[16.95463,59.12179],[16.95453,59.12189],[16.95448,59.12195],[16.95444,59.12199],[16.95436,59.12202],[16.95424,59.12205],[16.95418,59.12206],[16.95405,59.1221],[16.95403,59.1221],[16.95375,59.12217],[16.95368,59.12219],[16.95365,59.12221],[16.95361,59.12226],[16.95354,59.12229],[16.95354,59.12229],[16.95345,59.12229],[16.95331,59.12228],[16.95318,59.12229],[16.95295,59.1223],[16.9526,59.12231],[16.95227,59.12229],[16.95217,59.12229],[16.95209,59.1223],[16.95188,59.12239],[16.95174,59.12242],[16.95141,59.12247],[16.95141,59.12247],[16.95132,59.12246],[16.95116,59.12242],[16.95107,59.12241],[16.95089,59.12242],[16.95082,59.12244],[16.95077,59.12245],[16.95075,59.12246],[16.95074,59.12246],[16.95059,59.12239],[16.95056,59.12234],[16.95053,59.12229],[16.95044,59.12223],[16.95017,59.12211],[16.95012,59.12207],[16.9501,59.12203],[16.9501,59.12199],[16.95014,59.12195],[16.95021,59.12191],[16.9503,59.12186],[16.95049,59.12177],[16.95057,59.12172],[16.95061,59.12169],[16.95062,59.12162],[16.95062,59.12159],[16.95078,59.12149],[16.95081,59.12148],[16.9508,59.12144],[16.95072,59.1214],[16.95068,59.12134],[16.95069,59.12125],[16.95069,59.1211],[16.95073,59.12095],[16.95077,59.12087],[16.95079,59.12084],[16.95076,59.12078],[16.95075,59.12076],[16.95065,59.1207],[16.95058,59.12065],[16.95056,59.1206],[16.95057,59.12053],[16.95057,59.12048],[16.95056,59.12045],[16.95043,59.12028],[16.95038,59.12023],[16.95015,59.12012],[16.95009,59.12007],[16.94998,59.11996],[16.94993,59.1199],[16.94993,59.11987],[16.94994,59.11981],[16.94991,59.11975],[16.94981,59.11969],[16.94974,59.11965],[16.94969,59.11961],[16.94966,59.11952],[16.94965,59.11946],[16.94958,59.11932],[16.94954,59.11924],[16.94953,59.11921],[16.9495,59.11919],[16.94942,59.11909],[16.94937,59.11902],[16.94931,59.11899],[16.94921,59.11898],[16.94915,59.11898],[16.94915,59.11898],[16.94905,59.11893],[16.94898,59.11889],[16.94893,59.11883],[16.94892,59.11872],[16.94892,59.1186],[16.94884,59.11848],[16.94882,59.11843],[16.94881,59.11835],[16.94878,59.11826],[16.94873,59.11817],[16.94867,59.1181],[16.94862,59.11804],[16.94858,59.11799],[16.94856,59.11794],[16.94843,59.11784],[16.94838,59.11777],[16.94834,59.11772],[16.94821,59.11765],[16.94809,59.11761],[16.94777,59.11754],[16.94753,59.11747],[16.94742,59.11745],[16.94711,59.1174],[16.94691,59.11737],[16.94661,59.11737],[16.94653,59.11737],[16.94644,59.11735],[16.94628,59.11731],[16.94611,59.11729],[16.94591,59.11729],[16.94557,59.11732],[16.94545,59.11735],[16.94537,59.11739],[16.94526,59.11744],[16.9452,59.11746],[16.94502,59.11746],[16.94472,59.11752],[16.94441,59.1176],[16.9443,59.11764],[16.94402,59.11775],[16.94397,59.11783],[16.94393,59.11789],[16.94385,59.11795],[16.94381,59.11805],[16.9438,59.11816],[16.94387,59.11826]]]]},"properties":{"NVRID":"2001317","NAMN":"Herröknanäs","SKYDDSTYP":"Naturreservat","BESLUTSSTATUS":"Gällande","LAN":"Södermanlands Län","KOMMUN":"Gnesta","IUCNKATEGORI":"IV, Habitat/Artskyddsområde (Habitat/Species Management Area)","FORVALTARE":"Länsstyrelsen i Södermanlands län","AREA_HA":33.85,"LAND_HA":33.1,"VATTEN_HA":0.75,"SKOG_HA":15.79,"URSPR_BESLUTSDATUM":"2001-06-15"}},{"type":"Feature","geometry":{"type":"MultiPolygon","coordinates":[[[[17.21708,59.15389],[17.21705,59.15384],[17.21704,59.1538],[17.21704,59.15375],[17.21706,59.1537],[17.2171,59.15365],[17.21712,59.1536],[17.21715,59.15356],[17.21717,59.15352],[17.21719,59.15348],[17.21723,59.15342],[17.21728,59.15337],[17.21734,59.15332],[17.21736,59.15326],[17.21741,59.15318],[17.21747,59.15312],[17.2175,59.15308],[17.2175,59.15308],[17.21755,59.15307],[17.21755,59.15304],[17.21753,59.15298],[17.21754,59.15296],[17.21757,59.15292],[17.21757,59.15289],[17.21755,59.15285],[17.21753,59.1528],[17.21751,59.15274],[17.2175,59.1527],[17.21754,59.15264],[17.21755,59.1526],[17.21752,59.15246],[17.21752,59.15246],[17.21757,59.15241],[17.2176,59.15238],[17.21766,59.15231],[17.21772,59.15225],[17.21779,59.1522],[17.21783,59.15216],[17.21787,59.15209],[17.21788,59.15204],[17.21791,59.15197],[17.21795,59.15192],[17.218,59.15188],[17.21808,59.15183],[17.21817,59.15178],[17.21822,59.15175],[17.21825,59.15171],[17.21827,59.15167],[17.21828,59.15164],[17.21831,59.15161],[17.21836,59.15155],[17.2184,59.1515],[17.21848,59.15145],[17.21854,59.15139],[17.21855,59.15136],[17.21857,59.15132],[17.21858,59.15127],[17.2186,59.15119],[17.21862,59.15114],[17.21864,59.15111],[17.21867,59.15107],[17.21871,59.15101],[17.21876,59.15095],[17.2188,59.15091],[17.21882,59.15087],[17.21884,59.15081],[17.21887,59.15075],[17.21889,59.15073],[17.21889,59.15073],[17.21894,59.15072],[17.21898,59.1507],[17.21901,59.15067],[17.21904,59.15063],[17.21909,59.1506],[17.21914,59.15059],[17.21921,59.15058],[17.21923,59.15056],[17.21926,59.15053],[17.21926,59.15053],[17.2193,59.15051],[17.21938,59.15051],[17.21946,59.15051],[17.21954,59.15051],[17.21962,59.1505],[17.21969,59.15046],[17.21973,59.15041],[17.21976,59.15036],[17.21975,59.15031],[17.21971,59.15025],[17.21969,59.15018],[17.21969,59.15018],[17.21971,59.15016],[17.21971,59.15016],[17.21975,59.15014],[17.21978,59.15011],[17.21984,59.15009],[17.21989,59.15007],[17.21989,59.15003],[17.2199,59.15001],[17.21994,59.14999],[17.22001,59.14996],[17.22008,59.14993],[17.22014,59.1499],[17.22022,59.14986],[17.22024,59.14982],[17.2203,59.14973],[17.22035,59.14961],[17.22035,59.14961],[17.22035,59.14961],[17.22035,59.14961],[17.2204,59.14962],[17.22107,59.14963],[17.22191,59.14925],[17.22235,59.14906],[17.22269,59.1489],[17.22269,59.1489],[17.22269,59.1489],[17.22307,59.149],[17.22386,59.14866],[17.22386,59.14866],[17.22386,59.14866],[17.22463,59.149],[17.22549,59.14938],[17.22698,59.15004],[17.22717,59.15],[17.22748,59.14932],[17.22812,59.149],[17.22813,59.149],[17.22813,59.149],[17.22813,59.149],[17.22813,59.149],[17.2282,59.1497],[17.22915,59.15026],[17.22992,59.15089],[17.2306,59.15138],[17.23061,59.15138],[17.2306,59.15138],[17.22945,59.15206],[17.22871,59.15268],[17.22847,59.15295],[17.22847,59.15295],[17.22819,59.15307],[17.22783,59.15315],[17.22723,59.1531],[17.22647,59.15358],[17.22968,59.15438],[17.22968,59.15438],[17.22968,59.15438],[17.22968,59.15438],[17.22904,59.15501],[17.22895,59.15514],[17.22893,59.15527],[17.22905,59.15537],[17.22942,59.15552],[17.22942,59.15552],[17.22942,59.15552],[17.22934,59.1556],[17.22919,59.15569],[17.22838,59.15599],[17.22807,59.15608],[17.2278,59.15617],[17.2278,59.15617],[17.2278,59.15617],[17.22775,59.15612],[17.22766,59.15606],[17.22757,59.15603],[17.22742,59.15601],[17.22724,59.15601],[17.22704,59.15603],[17.22694,59.15605],[17.2268,59.15608],[17.22671,59.1561],[17.22662,59.15611],[17.2263,59.15616],[17.2261,59.15622],[17.22606,59.15623],[17.22606,59.15623],[17.22575,59.15613],[17.22545,59.15609],[17.22504,59.15597],[17.22489,59.15591],[17.22474,59.15585],[17.22465,59.15581],[17.22457,59.15574],[17.22453,59.15571],[17.22437,59.15566],[17.22427,59.15561],[17.22417,59.15557],[17.22405,59.15547],[17.22393,59.15541],[17.2238,59.15536],[17.22367,59.15532],[17.22352,59.1553],[17.22314,59.15532],[17.22301,59.15533],[17.22275,59.15537],[17.22227,59.15553],[17.22208,59.15558],[17.22198,59.15562],[17.22143,59.15586],[17.22132,59.15589],[17.22121,59.15594],[17.22105,59.15597],[17.22092,59.156],[17.22077,59.15603],[17.22063,59.15605],[17.22041,59.15605],[17.22008,59.15601],[17.21956,59.15584],[17.21949,59.15582],[17.21944,59.1558],[17.21942,59.15579],[17.21935,59.15577],[17.2193,59.15576],[17.2192,59.15575],[17.21905,59.15574],[17.21889,59.15572],[17.21876,59.1557],[17.21867,59.1557],[17.21855,59.15571],[17.21844,59.15573],[17.21837,59.15574],[17.21826,59.15575],[17.21809,59.15578],[17.21799,59.1558],[17.21785,59.15582],[17.21775,59.15582],[17.21766,59.15583],[17.21757,59.15583],[17.21752,59.15582],[17.21744,59.15579],[17.21736,59.15572],[17.2173,59.15567],[17.21724,59.15561],[17.21722,59.15556],[17.21723,59.15552],[17.21728,59.15548],[17.2173,59.15544],[17.2173,59.15539],[17.2173,59.15539],[17.21735,59.15535],[17.21735,59.15535],[17.21742,59.15534],[17.2175,59.15536],[17.21757,59.15538],[17.21771,59.15539],[17.21784,59.1554],[17.21795,59.15541],[17.21809,59.15542],[17.2182,59.15541],[17.21828,59.1554],[17.21835,59.15539],[17.21842,59.15535],[17.21844,59.15532],[17.21846,59.15527],[17.21844,59.15521],[17.21843,59.15511],[17.21836,59.15509],[17.21802,59.15488],[17.21748,59.15452],[17.21747,59.15453],[17.21747,59.15453],[17.21747,59.15453],[17.21743,59.15451],[17.21736,59.15447],[17.21731,59.15443],[17.21727,59.1544],[17.21724,59.15436],[17.2172,59.1543],[17.21718,59.15425],[17.21716,59.1542],[17.21713,59.15416],[17.21709,59.15412],[17.21706,59.15409],[17.21705,59.15406],[17.21703,59.15401],[17.21703,59.15397],[17.21705,59.15393],[17.21708,59.15389]]]]},"properties":{"NVRID":"2047798","NAMN":"Klövberget","SKYDDSTYP":"Naturreservat","BESLUTSSTATUS":"Gällande","LAN":"Södermanlands Län","KOMMUN":"Gnesta","IUCNKATEGORI":"Ia, Strikt naturreservat (Strict Nature Reserve)","FORVALTARE":"Länsstyrelsen i Södermanlands län","AREA_HA":44.41,"LAND_HA":44.41,"VATTEN_HA":0.0,"SKOG_HA":32.75,"URSPR_BESLUTSDATUM":"2022-11-14"}},{"type":"Feature","geometry":{"type":"MultiPolygon","coordinates":[[[[17.24494,58.95586],[17.24487,58.95591],[17.24479,58.95597],[17.24455,58.95606],[17.24446,58.95612],[17.24439,58.9562],[17.2443,58.95629],[17.24418,58.95634],[17.24402,58.95637],[17.24388,58.9564],[17.24373,58.95646],[17.24358,58.95651],[17.24358,58.95651],[17.24352,58.95651],[17.24352,58.95651],[17.24232,58.95436],[17.24089,58.95204],[17.24089,58.95204],[17.2409,58.95204],[17.2409,58.95204],[17.24356,58.95218],[17.24379,58.9522],[17.24627,58.95246],[17.24931,58.95279],[17.25358,58.95324],[17.25494,58.95338],[17.25637,58.95353],[17.2598,58.95389],[17.26235,58.95416],[17.26347,58.95428],[17.26681,58.95461],[17.26905,58.95483],[17.27082,58.955],[17.27154,58.95507],[17.27185,58.95471],[17.27458,58.95151],[17.27561,58.95028],[17.27684,58.9493],[17.27684,58.9493],[17.27684,58.9493],[17.27747,58.94957],[17.27747,58.94957],[17.27732,58.94998],[17.27737,58.95026],[17.27788,58.95066],[17.27873,58.95095],[17.27942,58.95116],[17.27981,58.9512],[17.28026,58.95128],[17.2826,58.9519],[17.28405,58.95264],[17.28531,58.95303],[17.28668,58.95338],[17.28797,58.9539],[17.28797,58.9539],[17.28766,58.95488],[17.28777,58.95523],[17.28668,58.95639],[17.28705,58.95746],[17.28783,58.95835],[17.28805,58.9595],[17.29198,58.96055],[17.29345,58.96095],[17.30082,58.96291],[17.30262,58.96342],[17.30293,58.96347],[17.30293,58.96347],[17.30293,58.96348],[17.30023,58.96578],[17.30733,58.9673],[17.30948,58.96773],[17.30948,58.96773],[17.30948,58.96773],[17.3083,58.96865],[17.3083,58.96866],[17.30765,58.96876],[17.30632,58.97016],[17.30632,58.97016],[17.30632,58.97016],[17.30364,58.96974],[17.30128,58.96936],[17.29773,58.9688],[17.29762,58.96893],[17.29762,58.96893],[17.29762,58.96893],[17.29619,58.96869],[17.29477,58.96853],[17.29477,58.96853],[17.29477,58.96853],[17.29453,58.96809],[17.29353,58.96779],[17.29183,58.96787],[17.29089,58.96752],[17.29015,58.96715],[17.28988,58.96683],[17.28929,58.96637],[17.28876,58.96611],[17.28845,58.9656],[17.2874,58.96435],[17.2862,58.96413],[17.2847,58.9637],[17.28283,58.9635],[17.28118,58.96362],[17.27979,58.96367],[17.27815,58.96386],[17.27722,58.96496],[17.27722,58.96496],[17.27722,58.96496],[17.27722,58.96496],[17.2772,58.96495],[17.2772,58.96495],[17.27715,58.96487],[17.27708,58.96484],[17.27703,58.96481],[17.27694,58.96474],[17.27687,58.96466],[17.27667,58.96463],[17.27622,58.96459],[17.27602,58.96457],[17.27592,58.96455],[17.27586,58.96453],[17.27573,58.96451],[17.27567,58.96448],[17.27567,58.96448],[17.27566,58.96444],[17.27562,58.9644],[17.27558,58.96438],[17.27555,58.96434],[17.27544,58.96429],[17.27533,58.96423],[17.27523,58.9642],[17.27508,58.96413],[17.27508,58.96413],[17.27509,58.96407],[17.27512,58.96402],[17.27512,58.96395],[17.27509,58.96389],[17.27499,58.96387],[17.27494,58.96383],[17.27472,58.96379],[17.27437,58.9637],[17.27414,58.96365],[17.27409,58.96361],[17.27404,58.96355],[17.27396,58.96351],[17.27396,58.96346],[17.27396,58.96339],[17.27389,58.9633],[17.27385,58.96327],[17.2738,58.96322],[17.27373,58.96317],[17.27368,58.96312],[17.27361,58.96305],[17.27355,58.963],[17.27346,58.96298],[17.27335,58.963],[17.27335,58.963],[17.27328,58.963],[17.27322,58.96298],[17.27321,58.96298],[17.27318,58.96293],[17.27322,58.96289],[17.27323,58.96285],[17.27323,58.96281],[17.27319,58.96279],[17.27319,58.96279],[17.2732,58.96275],[17.27319,58.9627],[17.27307,58.96257],[17.27301,58.96253],[17.27291,58.96252],[17.27291,58.96252],[17.27287,58.96247],[17.27277,58.96231],[17.27271,58.96222],[17.27263,58.96212],[17.27258,58.96206],[17.27253,58.96203],[17.27249,58.96194],[17.2725,58.96187],[17.27253,58.96181],[17.27254,58.96175],[17.27254,58.96169],[17.27249,58.96163],[17.27247,58.96158],[17.27241,58.96151],[17.27232,58.96146],[17.27222,58.96145],[17.2721,58.96146],[17.27196,58.96145],[17.27181,58.96141],[17.27175,58.96135],[17.27165,58.96132],[17.27158,58.96133],[17.27151,58.96136],[17.27141,58.96138],[17.27133,58.96138],[17.27122,58.96136],[17.27114,58.96141],[17.27108,58.96152],[17.27109,58.96165],[17.27119,58.96188],[17.27141,58.96212],[17.27152,58.9623],[17.2716,58.96254],[17.2717,58.96274],[17.27179,58.96285],[17.27191,58.96297],[17.27197,58.96313],[17.27195,58.96331],[17.27183,58.96359],[17.27169,58.96392],[17.27156,58.96416],[17.27149,58.96438],[17.27149,58.96445],[17.27149,58.96445],[17.27149,58.96445],[17.27024,58.96474],[17.27024,58.96474],[17.27023,58.96474],[17.27001,58.9646],[17.26983,58.96451],[17.26969,58.96443],[17.26959,58.96436],[17.26949,58.96428],[17.2693,58.9641],[17.26921,58.96402],[17.26912,58.96397],[17.26903,58.96393],[17.26894,58.96391],[17.26881,58.96389],[17.26863,58.96389],[17.26849,58.96389],[17.26841,58.96389],[17.26833,58.96388],[17.26825,58.96386],[17.26821,58.96385],[17.26814,58.96382],[17.26792,58.9637],[17.26779,58.96364],[17.26768,58.9636],[17.2676,58.96355],[17.26752,58.96348],[17.26744,58.96338],[17.2673,58.96327],[17.26715,58.96318],[17.26697,58.9631],[17.26684,58.96305],[17.26669,58.96297],[17.26655,58.96289],[17.26636,58.96278],[17.26626,58.96274],[17.26621,58.96272],[17.26612,58.96269],[17.266,58.96267],[17.26561,58.9626],[17.2655,58.96258],[17.26539,58.96255],[17.26524,58.96249],[17.26513,58.96242],[17.26494,58.96228],[17.26477,58.96212],[17.2646,58.96196],[17.26432,58.96169],[17.26424,58.96161],[17.26419,58.96153],[17.26417,58.96146],[17.26416,58.9614],[17.26416,58.96124],[17.26415,58.96112],[17.26412,58.96102],[17.26408,58.96094],[17.26397,58.96081],[17.26388,58.96067],[17.26366,58.96029],[17.26358,58.96019],[17.2635,58.96011],[17.26319,58.95985],[17.263,58.95972],[17.26293,58.95967],[17.26288,58.95962],[17.26285,58.95957],[17.26284,58.95952],[17.26284,58.95943],[17.26286,58.95923],[17.26287,58.9589],[17.26287,58.95873],[17.26286,58.95866],[17.26283,58.95858],[17.26278,58.95849],[17.26267,58.95838],[17.26259,58.95832],[17.26248,58.95825],[17.2621,58.95805],[17.26181,58.95787],[17.2617,58.95782],[17.26141,58.9577],[17.26093,58.95794],[17.26027,58.9582],[17.26026,58.9582],[17.26026,58.9582],[17.26023,58.95819],[17.26018,58.95814],[17.26015,58.95806],[17.26007,58.95797],[17.25989,58.95791],[17.25968,58.9579],[17.25935,58.95794],[17.25935,58.95794],[17.25927,58.95794],[17.2592,58.9579],[17.25909,58.95777],[17.25899,58.95763],[17.25886,58.95752],[17.25876,58.95744],[17.25874,58.95739],[17.25875,58.95735],[17.2588,58.9573],[17.25888,58.95721],[17.25903,58.95712],[17.25907,58.95707],[17.25905,58.95704],[17.25901,58.95699],[17.25893,58.95697],[17.25882,58.95697],[17.25874,58.95697],[17.25865,58.95695],[17.25852,58.95691],[17.25843,58.9569],[17.25837,58.95691],[17.25781,58.95707],[17.25772,58.95711],[17.25769,58.95715],[17.25764,58.95725],[17.25757,58.9573],[17.2575,58.95731],[17.2575,58.95731],[17.25742,58.95731],[17.25718,58.9573],[17.25677,58.95729],[17.25635,58.95731],[17.25605,58.95734],[17.25597,58.95736],[17.25591,58.95735],[17.25578,58.95732],[17.25569,58.95733],[17.25555,58.95739],[17.25548,58.95746],[17.25543,58.95755],[17.25541,58.95761],[17.25541,58.95761],[17.25536,58.95762],[17.25536,58.95762],[17.25536,58.95762],[17.25531,58.95761],[17.25526,58.95755],[17.25522,58.95754],[17.25517,58.95756],[17.25503,58.95765],[17.25493,58.9577],[17.25478,58.95775],[17.25462,58.95778],[17.25448,58.95777],[17.25433,58.95775],[17.25419,58.95772],[17.25405,58.95771],[17.2539,58.95773],[17.25371,58.95779],[17.25358,58.95785],[17.2534,58.95794],[17.25323,58.95802],[17.25303,58.95809],[17.25284,58.95818],[17.25276,58.95826],[17.25271,58.95834],[17.25273,58.95842],[17.25279,58.95848],[17.2531,58.9587],[17.25321,58.95874],[17.25334,58.95877],[17.25345,58.9588],[17.25345,58.9588],[17.25353,58.95886],[17.25367,58.95905],[17.25373,58.9591],[17.25375,58.95913],[17.25381,58.95915],[17.2539,58.95915],[17.25401,58.95916],[17.25416,58.95914],[17.25419,58.95912],[17.2541,58.95908],[17.25399,58.95906],[17.25395,58.95904],[17.25395,58.95904],[17.25396,58.95901],[17.25408,58.95889],[17.25412,58.95886],[17.25412,58.95886],[17.25418,58.95885],[17.2545,58.95887],[17.25467,58.95887],[17.25483,58.95886],[17.25513,58.95883],[17.25563,58.95879],[17.25573,58.95877],[17.25581,58.95874],[17.25587,58.95871],[17.25597,58.95871],[17.25645,58.95874],[17.25685,58.95879],[17.2572,58.95886],[17.25763,58.95895],[17.25796,58.95903],[17.25823,58.95912],[17.25858,58.95923],[17.25889,58.95937],[17.25909,58.95947],[17.25918,58.95954],[17.25932,58.95967],[17.25937,58.9598],[17.25937,58.95986],[17.25938,58.95994],[17.25942,58.96002],[17.2595,58.96011],[17.25956,58.96017],[17.25955,58.96023],[17.25956,58.96036],[17.25958,58.96042],[17.25962,58.96049],[17.25968,58.96053],[17.25995,58.96058],[17.26006,58.96058],[17.26016,58.96063],[17.2603,58.9607],[17.26045,58.96072],[17.26048,58.9607],[17.26052,58.96069],[17.26052,58.96069],[17.26065,58.96071],[17.26103,58.96084],[17.26129,58.96094],[17.26149,58.96106],[17.26169,58.96114],[17.26194,58.96121],[17.26226,58.96129],[17.26252,58.96134],[17.26276,58.96139],[17.26286,58.96145],[17.26292,58.96154],[17.263,58.96164],[17.26306,58.96168],[17.26308,58.96168],[17.26308,58.96168],[17.26308,58.96168],[17.26297,58.96183],[17.26297,58.96183],[17.26297,58.96183],[17.26296,58.96183],[17.26283,58.96186],[17.26271,58.96192],[17.26261,58.96197],[17.26249,58.96198],[17.26238,58.96197],[17.26238,58.96197],[17.26231,58.96194],[17.26229,58.96189],[17.26225,58.96183],[17.26214,58.9618],[17.26155,58.96177],[17.26141,58.96178],[17.2613,58.96183],[17.26131,58.96187],[17.26136,58.96196],[17.26139,58.96204],[17.26143,58.96212],[17.26155,58.96214],[17.26167,58.96216],[17.26167,58.96216],[17.26176,58.9622],[17.26192,58.96235],[17.26193,58.9624],[17.26193,58.9624],[17.26187,58.96243],[17.26166,58.9625],[17.26163,58.96257],[17.2617,58.96262],[17.26187,58.96274],[17.26197,58.96278],[17.26222,58.96279],[17.26223,58.96279],[17.26227,58.96283],[17.26227,58.96283],[17.26223,58.96288],[17.26221,58.96292],[17.26226,58.96298],[17.26239,58.96305],[17.26244,58.96311],[17.26252,58.96335],[17.26248,58.96343],[17.26239,58.96357],[17.26236,58.96364],[17.26237,58.96372],[17.26239,58.9638],[17.26242,58.96386],[17.26246,58.96394],[17.26246,58.96402],[17.26246,58.9641],[17.26244,58.9642],[17.26242,58.96428],[17.26243,58.96434],[17.26249,58.96439],[17.26255,58.96445],[17.26254,58.96451],[17.26246,58.96467],[17.26237,58.96474],[17.26226,58.96481],[17.26214,58.96485],[17.26198,58.96489],[17.26178,58.96493],[17.2616,58.96496],[17.26144,58.96496],[17.26128,58.96496],[17.26111,58.96496],[17.26095,58.96495],[17.26078,58.96495],[17.26063,58.96495],[17.26045,58.96497],[17.2603,58.96497],[17.26019,58.96497],[17.26008,58.96496],[17.25995,58.96494],[17.25981,58.96494],[17.25968,58.96495],[17.2596,58.96494],[17.2596,58.96494],[17.25959,58.96492],[17.2596,58.96489],[17.25957,58.96486],[17.25948,58.96483],[17.25936,58.96481],[17.25924,58.96477],[17.2591,58.96474],[17.25868,58.96473],[17.25856,58.96472],[17.25842,58.96468],[17.25828,58.96463],[17.25812,58.96455],[17.25799,58.96448],[17.25786,58.96444],[17.25767,58.96441],[17.25747,58.96441],[17.25702,58.96442],[17.2569,58.96441],[17.25685,58.96439],[17.25676,58.96434],[17.25577,58.964],[17.25536,58.96383],[17.25518,58.96378],[17.25498,58.96376],[17.25468,58.96374],[17.25448,58.96371],[17.25402,58.96365],[17.25375,58.96363],[17.25352,58.96363],[17.25332,58.9636],[17.25312,58.96355],[17.2529,58.96349],[17.25271,58.96341],[17.25251,58.96333],[17.25232,58.96324],[17.25222,58.96318],[17.25218,58.96313],[17.25219,58.96306],[17.2522,58.96296],[17.25216,58.96288],[17.2521,58.96281],[17.25209,58.96274],[17.25211,58.96263],[17.25211,58.96258],[17.25207,58.96253],[17.25197,58.96247],[17.25159,58.9623],[17.25159,58.9623],[17.25157,58.96227],[17.2516,58.96224],[17.2516,58.96224],[17.25169,58.9622],[17.25218,58.96196],[17.25232,58.96187],[17.25235,58.96182],[17.25233,58.96176],[17.25226,58.96168],[17.25205,58.96157],[17.25181,58.96147],[17.25178,58.96143],[17.25169,58.96131],[17.25164,58.96129],[17.25158,58.9613],[17.25155,58.96134],[17.25154,58.96139],[17.25147,58.96145],[17.25133,58.96152],[17.25128,58.96157],[17.25124,58.96161],[17.2511,58.96164],[17.25099,58.96164],[17.25087,58.96162],[17.25077,58.96165],[17.25066,58.96171],[17.25059,58.96175],[17.2505,58.96176],[17.25045,58.96179],[17.25044,58.96184],[17.25046,58.96187],[17.25049,58.96192],[17.25049,58.96192],[17.25048,58.96197],[17.25043,58.96202],[17.25023,58.96209],[17.25008,58.96212],[17.25002,58.96212],[17.25002,58.96212],[17.25,58.96209],[17.24998,58.96204],[17.24992,58.962],[17.24992,58.962],[17.24992,58.96196],[17.24993,58.9619],[17.24991,58.96184],[17.24992,58.9618],[17.24992,58.9618],[17.24992,58.9618],[17.24999,58.96178],[17.25013,58.96178],[17.25022,58.96178],[17.25026,58.96175],[17.25023,58.96171],[17.2501,58.96166],[17.24982,58.9616],[17.24938,58.96155],[17.2491,58.96154],[17.2489,58.96154],[17.24883,58.96152],[17.24883,58.96152],[17.24883,58.96149],[17.2489,58.96136],[17.24899,58.9613],[17.24916,58.96121],[17.24952,58.96098],[17.24987,58.96074],[17.24996,58.96069],[17.24996,58.96069],[17.25008,58.96067],[17.25019,58.96066],[17.25026,58.96061],[17.25031,58.96056],[17.25031,58.96056],[17.25052,58.9605],[17.25061,58.96049],[17.25072,58.96051],[17.25093,58.96057],[17.25101,58.96057],[17.25106,58.96053],[17.25112,58.96047],[17.25112,58.96047],[17.25121,58.96045],[17.25121,58.96045],[17.25156,58.96045],[17.25175,58.96048],[17.25192,58.96052],[17.25208,58.96056],[17.25222,58.96057],[17.25236,58.96054],[17.2524,58.9605],[17.25241,58.96045],[17.25241,58.96045],[17.25249,58.96041],[17.25262,58.96037],[17.25276,58.96033],[17.25288,58.96026],[17.25293,58.96019],[17.25294,58.96009],[17.25292,58.95998],[17.25286,58.95984],[17.25271,58.95964],[17.25264,58.95956],[17.25255,58.95954],[17.25241,58.95956],[17.25225,58.95961],[17.25212,58.95966],[17.252,58.95967],[17.25187,58.95968],[17.25172,58.95972],[17.25159,58.95979],[17.25148,58.95988],[17.25138,58.95992],[17.25138,58.95993],[17.25127,58.95992],[17.25113,58.95988],[17.25063,58.95979],[17.25047,58.95978],[17.25039,58.95975],[17.2503,58.95971],[17.25013,58.95969],[17.2499,58.95967],[17.24969,58.95964],[17.24952,58.95961],[17.24936,58.9596],[17.2492,58.95963],[17.24908,58.95968],[17.24899,58.95975],[17.24898,58.95983],[17.24901,58.9599],[17.24908,58.95999],[17.24908,58.96005],[17.24909,58.96012],[17.24915,58.96018],[17.24923,58.96022],[17.24923,58.96022],[17.24922,58.96026],[17.24922,58.96026],[17.24922,58.96026],[17.24916,58.96026],[17.24907,58.96026],[17.24904,58.96029],[17.24902,58.96034],[17.24894,58.96042],[17.2489,58.96048],[17.24885,58.96052],[17.24885,58.96052],[17.24877,58.96053],[17.24868,58.96051],[17.24868,58.96051],[17.24856,58.96042],[17.24855,58.96038],[17.24853,58.96031],[17.24847,58.96025],[17.24835,58.96023],[17.24823,58.96025],[17.24815,58.96029],[17.24809,58.96029],[17.24809,58.96029],[17.24804,58.96027],[17.24786,58.96009],[17.24784,58.96003],[17.24786,58.95998],[17.2479,58.95992],[17.24792,58.95985],[17.24793,58.95979],[17.24798,58.95974],[17.24846,58.95946],[17.24889,58.95917],[17.24898,58.95909],[17.24903,58.95898],[17.249,58.95893],[17.24891,58.95886],[17.24884,58.95877],[17.24881,58.9587],[17.24881,58.9587],[17.24884,58.95865],[17.24892,58.9586],[17.24896,58.95854],[17.24894,58.95848],[17.24887,58.95844],[17.24878,58.95841],[17.24864,58.95831],[17.24863,58.95826],[17.24865,58.9582],[17.24862,58.95815],[17.24854,58.95814],[17.24846,58.95819],[17.24838,58.95823],[17.24838,58.95824],[17.24831,58.95824],[17.24831,58.95824],[17.24831,58.95824],[17.2483,58.95822],[17.24832,58.95816],[17.24831,58.9581],[17.24834,58.95805],[17.24841,58.95801],[17.24849,58.95796],[17.24861,58.95795],[17.24917,58.95795],[17.24931,58.95796],[17.2495,58.95798],[17.24963,58.95799],[17.24972,58.95797],[17.24979,58.95793],[17.24988,58.95789],[17.25,58.95786],[17.25052,58.95776],[17.25117,58.95767],[17.25143,58.95763],[17.25152,58.95759],[17.25159,58.95753],[17.25159,58.95747],[17.25155,58.9574],[17.25147,58.95731],[17.25136,58.95718],[17.25135,58.95711],[17.25135,58.95704],[17.2513,58.95688],[17.25121,58.95683],[17.25111,58.95682],[17.25093,58.95682],[17.25068,58.95682],[17.25044,58.95685],[17.25007,58.95695],[17.25002,58.95696],[17.24999,58.95701],[17.24997,58.95707],[17.24995,58.95713],[17.24988,58.95716],[17.24941,58.95719],[17.24933,58.95718],[17.24933,58.95718],[17.24933,58.95718],[17.24932,58.95716],[17.24932,58.95716],[17.24936,58.95713],[17.2494,58.95711],[17.24938,58.95706],[17.24932,58.95704],[17.24925,58.95705],[17.24917,58.95708],[17.2491,58.95711],[17.249,58.95712],[17.24891,58.95713],[17.24885,58.95716],[17.24883,58.9572],[17.2488,58.95722],[17.2488,58.95722],[17.24874,58.95723],[17.24874,58.95723],[17.24874,58.95723],[17.24871,58.95721],[17.24871,58.95718],[17.24873,58.95713],[17.24877,58.95708],[17.24881,58.95704],[17.24881,58.95704],[17.24887,58.95703],[17.24899,58.95702],[17.24905,58.957],[17.2491,58.95694],[17.2491,58.95694],[17.24919,58.95691],[17.24934,58.95689],[17.24942,58.95687],[17.24942,58.95683],[17.24936,58.95678],[17.24925,58.95676],[17.24911,58.95677],[17.24899,58.95679],[17.24891,58.95678],[17.24891,58.95678],[17.24883,58.95675],[17.24873,58.95671],[17.24871,58.95667],[17.24871,58.95662],[17.24865,58.95657],[17.24853,58.95653],[17.24837,58.95649],[17.24824,58.95647],[17.24811,58.95648],[17.24796,58.9565],[17.24783,58.95652],[17.24767,58.95651],[17.24735,58.95649],[17.24715,58.95647],[17.24707,58.95644],[17.24707,58.95644],[17.24705,58.95639],[17.24704,58.95628],[17.24701,58.95618],[17.24695,58.95613],[17.24685,58.95613],[17.24678,58.95616],[17.24666,58.95629],[17.24665,58.95629],[17.24654,58.95632],[17.24654,58.95632],[17.24654,58.95632],[17.24652,58.9563],[17.24654,58.95627],[17.24657,58.95623],[17.24664,58.95615],[17.24665,58.95609],[17.24662,58.95604],[17.24666,58.95598],[17.24664,58.95597],[17.24664,58.95597],[17.24668,58.9559],[17.24676,58.95583],[17.24683,58.95576],[17.24681,58.95572],[17.24674,58.95571],[17.24666,58.95573],[17.24653,58.95578],[17.24642,58.95581],[17.24629,58.9558],[17.24617,58.95577],[17.246,58.95575],[17.24586,58.95577],[17.24573,58.95581],[17.2456,58.95587],[17.24545,58.9559],[17.24531,58.95589],[17.24518,58.95586],[17.24506,58.95584],[17.24494,58.95586]],[[17.25069,58.96908],[17.25074,58.96902],[17.25076,58.969],[17.25084,58.96897],[17.25087,58.96896],[17.25091,58.96897],[17.25096,58.96896],[17.25102,58.96893],[17.25152,58.96868],[17.25151,58.96864],[17.25145,58.96864],[17.25145,58.96864],[17.25142,58.96861],[17.25142,58.96861],[17.25147,58.96856],[17.25152,58.9685],[17.2516,58.96849],[17.2516,58.96849],[17.2516,58.96849],[17.25162,58.96852],[17.25164,58.96855],[17.25174,58.96856],[17.25184,58.96851],[17.25192,58.96845],[17.25203,58.96837],[17.25212,58.96835],[17.2522,58.96834],[17.25223,58.96831],[17.25227,58.96825],[17.25232,58.96821],[17.25232,58.96812],[17.25229,58.9681],[17.25213,58.96809],[17.2521,58.96809],[17.2521,58.96809],[17.2521,58.96807],[17.2521,58.96797],[17.25209,58.96786],[17.25205,58.96776],[17.25199,58.96765],[17.2519,58.96755],[17.25188,58.9675],[17.25179,58.9675],[17.25171,58.96754],[17.25171,58.96754],[17.25171,58.96754],[17.25163,58.96749],[17.25163,58.96749],[17.25163,58.96749],[17.25171,58.96744],[17.25163,58.9674],[17.25163,58.9674],[17.25164,58.96738],[17.25159,58.96733],[17.25159,58.96733],[17.25159,58.96733],[17.25164,58.96729],[17.25164,58.96729],[17.25164,58.96729],[17.25179,58.96731],[17.25189,58.96733],[17.25191,58.96731],[17.25193,58.96729],[17.25191,58.96726],[17.25183,58.96722],[17.25183,58.96722],[17.25184,58.96721],[17.25184,58.96721],[17.25184,58.96721],[17.25188,58.96722],[17.25196,58.96722],[17.25201,58.96717],[17.25207,58.96713],[17.25207,58.96713],[17.25213,58.96712],[17.25214,58.96712],[17.25223,58.96713],[17.25223,58.96713],[17.25231,58.96718],[17.25239,58.96735],[17.25242,58.96739],[17.2525,58.9674],[17.25258,58.9674],[17.25266,58.96742],[17.25276,58.96745],[17.25284,58.96745],[17.25293,58.96741],[17.25301,58.96733],[17.25309,58.96729],[17.2532,58.96726],[17.25331,58.96726],[17.25331,58.96726],[17.25342,58.96729],[17.25352,58.96735],[17.25361,58.96738],[17.25367,58.96736],[17.25372,58.96734],[17.25372,58.96734],[17.25385,58.96736],[17.2539,58.9674],[17.25392,58.96747],[17.25398,58.96753],[17.25408,58.96756],[17.25423,58.96759],[17.25435,58.96759],[17.25449,58.96758],[17.2546,58.96755],[17.25465,58.96751],[17.25466,58.96742],[17.25467,58.96714],[17.25468,58.96701],[17.25472,58.96688],[17.25477,58.96681],[17.25481,58.96674],[17.25481,58.9667],[17.25481,58.96666],[17.25486,58.96662],[17.25494,58.96658],[17.25498,58.96656],[17.255,58.96654],[17.25495,58.96649],[17.25486,58.96647],[17.25479,58.96647],[17.25469,58.96645],[17.25469,58.96645],[17.25464,58.96642],[17.25462,58.96638],[17.25469,58.96627],[17.25469,58.96627],[17.25469,58.96627],[17.25474,58.96626],[17.25483,58.96626],[17.25497,58.96624],[17.25505,58.96624],[17.25505,58.96624],[17.25505,58.96624],[17.25508,58.96627],[17.25508,58.96632],[17.25511,58.96637],[17.2551,58.96642],[17.25509,58.96646],[17.25518,58.96649],[17.2552,58.96649],[17.25522,58.96648],[17.25541,58.96649],[17.25554,58.96652],[17.25559,58.96656],[17.25569,58.96659],[17.2558,58.9666],[17.25585,58.96658],[17.25589,58.96654],[17.2561,58.96641],[17.25616,58.96639],[17.25622,58.96639],[17.25628,58.96637],[17.25644,58.96619],[17.25648,58.96616],[17.25655,58.96613],[17.25678,58.96606],[17.25686,58.96605],[17.25686,58.96605],[17.25689,58.96607],[17.25689,58.96607],[17.25688,58.9661],[17.25684,58.96621],[17.25686,58.96625],[17.25693,58.96629],[17.25703,58.96634],[17.25717,58.96637],[17.25764,58.96643],[17.25772,58.96643],[17.2578,58.9664],[17.25789,58.96638],[17.25789,58.96638],[17.258,58.9664],[17.2581,58.96645],[17.25822,58.96648],[17.25834,58.96648],[17.25845,58.96646],[17.25852,58.96642],[17.25854,58.96636],[17.25851,58.9663],[17.25843,58.96623],[17.25831,58.96616],[17.25814,58.96609],[17.25793,58.96602],[17.2577,58.96593],[17.2577,58.96593],[17.25767,58.9659],[17.25769,58.96587],[17.2578,58.9658],[17.25789,58.96577],[17.25798,58.96575],[17.25827,58.96569],[17.25836,58.96568],[17.25836,58.96568],[17.25841,58.9657],[17.25847,58.96573],[17.25856,58.96574],[17.25887,58.96576],[17.25897,58.96578],[17.25902,58.96583],[17.25902,58.96583],[17.25903,58.96594],[17.25903,58.96602],[17.2591,58.96609],[17.25911,58.96614],[17.25902,58.96623],[17.25898,58.96632],[17.25901,58.96636],[17.25914,58.96636],[17.25928,58.96636],[17.25928,58.96636],[17.25933,58.96639],[17.25933,58.96639],[17.25931,58.96643],[17.25931,58.96655],[17.25938,58.96671],[17.25948,58.96693],[17.25951,58.96714],[17.25959,58.9673],[17.25972,58.96739],[17.25982,58.96743],[17.25997,58.9674],[17.26008,58.96736],[17.26096,58.96698],[17.26107,58.96693],[17.26118,58.9669],[17.26118,58.9669],[17.26129,58.9669],[17.26143,58.96691],[17.26156,58.96691],[17.26201,58.96691],[17.26201,58.96691],[17.26201,58.96691],[17.26201,58.96692],[17.26199,58.96693],[17.26111,58.9679],[17.26224,58.96882],[17.26224,58.96882],[17.26224,58.96882],[17.26224,58.96882],[17.26224,58.96882],[17.26037,58.96882],[17.26026,58.96901],[17.25999,58.96939],[17.25999,58.96939],[17.2595,58.96952],[17.25903,58.96985],[17.25912,58.97016],[17.25927,58.97039],[17.25908,58.97079],[17.25951,58.97114],[17.25983,58.97148],[17.25983,58.97148],[17.25949,58.9719],[17.25732,58.97357],[17.25731,58.97357],[17.25731,58.97357],[17.25705,58.9735],[17.25651,58.97363],[17.25598,58.97381],[17.25522,58.97401],[17.25488,58.97404],[17.25424,58.97423],[17.25372,58.97435],[17.25348,58.97436],[17.25254,58.97446],[17.25236,58.97448],[17.25188,58.97447],[17.25147,58.97462],[17.25092,58.97476],[17.25092,58.97476],[17.25092,58.97476],[17.25092,58.97476],[17.25128,58.9709],[17.25134,58.97023],[17.25068,58.96909],[17.25068,58.96908],[17.25068,58.96908],[17.25069,58.96908]]]]},"properties":{"NVRID":"2045148","NAMN":"Vargmossarna","SKYDDSTYP":"Naturreservat","BESLUTSSTATUS":"Gällande","LAN":"Södermanlands Län","KOMMUN":"Gnesta, Nyköping","IUCNKATEGORI":"Ia, Strikt naturreservat (Strict Nature Reserve)","FORVALTARE":"Länsstyrelsen i Södermanlands län","AREA_HA":370.54,"LAND_HA":370.44,"VATTEN_HA":0.1,"SKOG_HA":299.63,"URSPR_BESLUTSDATUM":"2017-06-21"}},{"type":"Feature","geometry":{"type":"MultiPolygon","coordinates":[[[[16.46305,59.41117],[16.46093,59.41126],[16.46036,59.41127],[16.45959,59.41119],[16.45959,59.41119],[16.45924,59.4109],[16.45872,59.41047],[16.45872,59.41047],[16.45872,59.41047],[16.45889,59.41038],[16.45903,59.41028],[16.45913,59.41017],[16.45924,59.4099],[16.45941,59.40963],[16.45964,59.40946],[16.45995,59.40934],[16.46051,59.40923],[16.46081,59.40917],[16.46236,59.40918],[16.46327,59.40919],[16.46394,59.40928],[16.4641,59.40932],[16.4641,59.40932],[16.46408,59.40964],[16.46402,59.41057],[16.46396,59.41105],[16.46395,59.41105],[16.46395,59.41105],[16.46344,59.41101],[16.46305,59.41117],[16.46305,59.41117]]]]},"properties":{"NVRID":"2024071","NAMN":"Ekbacken","SKYDDSTYP":"Naturreservat","BESLUTSSTATUS":"Gällande","LAN":"Södermanlands Län","KOMMUN":"Eskilstuna","IUCNKATEGORI":"IV, Habitat/Artskyddsområde (Habitat/Species Management Area)","FORVALTARE":"Eskilstuna kommun","AREA_HA":5.96,"LAND_HA":5.96,"VATTEN_HA":0.0,"SKOG_HA":4.28,"URSPR_BESLUTSDATUM":"2010-09-23"}},{"type":"Feature","geometry":{"type":"MultiPolygon","coordinates":[[[[16.80799,58.72935],[16.80868,58.72887],[16.8094,58.72825],[16.8097,58.72792],[16.8097,58.72792],[16.81161,58.72794],[16.81161,58.72794],[16.81161,58.72794],[16.81071,58.72885],[16.81019,58.7294],[16.8105,58.72984],[16.81211,58.73032],[16.81361,58.7307],[16.81499,58.73048],[16.81656,58.73097],[16.81767,58.73082],[16.81749,58.73045],[16.81749,58.73045],[16.81811,58.7301],[16.81811,58.7301],[16.81907,58.73027],[16.81955,58.73049],[16.8197,58.73066],[16.8197,58.73066],[16.81933,58.731],[16.81935,58.73135],[16.82055,58.73151],[16.82103,58.73175],[16.82235,58.73199],[16.82235,58.73199],[16.82235,58.73199],[16.82235,58.73199],[16.82173,58.73229],[16.82038,58.73254],[16.82109,58.73325],[16.82109,58.73325],[16.8204,58.73386],[16.8204,58.73386],[16.81895,58.73391],[16.81879,58.73404],[16.81879,58.73404],[16.81831,58.73413],[16.81668,58.73404],[16.81475,58.73366],[16.81367,58.73344],[16.81248,58.73315],[16.80948,58.73256],[16.80859,58.7325],[16.8077,58.73248],[16.80617,58.73215],[16.80495,58.73188],[16.80458,58.73171],[16.80458,58.73171],[16.80458,58.73171],[16.80519,58.73044],[16.80519,58.73044],[16.80615,58.73005],[16.80692,58.72955],[16.80799,58.72935]]]]},"properties":{"NVRID":"2001433","NAMN":"Berga kulle","SKYDDSTYP":"Naturreservat","BESLUTSSTATUS":"Gällande","LAN":"Södermanlands Län","KOMMUN":"Nyköping","IUCNKATEGORI":"Ia, Strikt naturreservat (Strict Nature Reserve)","FORVALTARE":"Länsstyrelsen i Södermanlands län","AREA_HA":32.25,"LAND_HA":32.25,"VATTEN_HA":0.0,"SKOG_HA":28.71,"URSPR_BESLUTSDATUM":"2003-06-13"}},{"type":"Feature","geometry":{"type":"MultiPolygon","coordinates":[[[[17.04061,59.01811],[17.02753,59.02083],[17.02753,59.02083],[17.02753,59.02083],[17.02753,59.02083],[17.02649,59.01461],[17.02649,59.01461],[17.03457,59.01078],[17.04158,59.00496],[17.04158,59.00496],[17.04158,59.00496],[17.04575,59.00538],[17.04575,59.00538],[17.04575,59.00538],[17.0457,59.00664],[17.04712,59.0093],[17.0602,59.00983],[17.0602,59.00983],[17.0602,59.00983],[17.0602,59.00983],[17.05304,59.01284],[17.05013,59.01407],[17.05808,59.01782],[17.05849,59.01775],[17.05849,59.01775],[17.05849,59.01775],[17.05849,59.01775],[17.05849,59.01776],[17.05708,59.02055],[17.05676,59.02106],[17.0504,59.02638],[17.0504,59.02638],[17.0504,59.02638],[17.03931,59.02722],[17.03931,59.02722],[17.03931,59.02722],[17.03931,59.02722],[17.03935,59.02367],[17.04061,59.01811]]]]},"properties":{"NVRID":"2041330","NAMN":"Hornafjärden","SKYDDSTYP":"Naturreservat","BESLUTSSTATUS":"Gällande","LAN":"Södermanlands Län","KOMMUN":"Gnesta, Nyköping","IUCNKATEGORI":"Ia, Strikt naturreservat (Strict Nature Reserve)","FORVALTARE":"Länsstyrelsen i Södermanlands län","AREA_HA":254.84,"LAND_HA":40.75,"VATTEN_HA":214.09,"SKOG_HA":36.35,"URSPR_BESLUTSDATUM":"2014-03-24"}},{"type":"Feature","geometry":{"type":"MultiPolygon","coordinates":[[[[17.4976,58.79233],[17.49841,58.79107],[17.49937,58.78963],[17.4991,58.78833],[17.49892,58.78741],[17.49861,58.78587],[17.50059,58.78309],[17.50059,58.78309],[17.50059,58.78309],[17.50142,58.78316],[17.50142,58.78316],[17.50153,58.7834],[17.50188,58.78347],[17.50221,58.78317],[17.50164,58.78303],[17.50163,58.78303],[17.50163,58.78303],[17.50163,58.78302],[17.50207,58.78276],[17.50207,58.78276],[17.50207,58.78276],[17.50207,58.78276],[17.50244,58.7829],[17.50343,58.78303],[17.50425,58.78312],[17.50425,58.78312],[17.50425,58.78312],[17.50409,58.78332],[17.50402,58.78357],[17.50484,58.78364],[17.50497,58.78318],[17.50497,58.78318],[17.50497,58.78318],[17.50615,58.78332],[17.50567,58.78157],[17.50492,58.7811],[17.50162,58.77763],[17.49987,58.76744],[17.49987,58.76744],[17.49987,58.76744],[17.50082,58.76714],[17.52326,58.76024],[17.52326,58.76024],[17.52326,58.76024],[17.53331,58.7658],[17.54385,58.77166],[17.54385,58.77166],[17.54385,58.77166],[17.53401,58.77727],[17.52713,58.78121],[17.5187,58.78599],[17.51133,58.79017],[17.51133,58.79017],[17.51132,58.79017],[17.50557,58.78896],[17.50541,58.78892],[17.5048,58.78879],[17.50414,58.7892],[17.50395,58.78933],[17.5041,58.7894],[17.5041,58.7894],[17.5041,58.7894],[17.50397,58.7896],[17.50393,58.78968],[17.50374,58.78998],[17.50374,58.78998],[17.50374,58.78998],[17.50374,58.78998],[17.50353,58.78985],[17.50347,58.7898],[17.50287,58.78938],[17.50081,58.78962],[17.50072,58.78963],[17.49819,58.79264],[17.49819,58.79264],[17.49819,58.79264],[17.4976,58.79233],[17.4976,58.79233],[17.4976,58.79233]],[[17.50382,58.78476],[17.50394,58.78489],[17.5041,58.78491],[17.50433,58.78495],[17.50442,58.78477],[17.50454,58.78451],[17.50401,58.7845],[17.50389,58.7845],[17.50382,58.78476]],[[17.50514,58.7875],[17.50605,58.78767],[17.50644,58.78731],[17.50553,58.78716],[17.50525,58.78735],[17.50514,58.7875]]]]},"properties":{"NVRID":"2043306","NAMN":"Tyvudden","SKYDDSTYP":"Naturreservat","BESLUTSSTATUS":"Gällande","LAN":"Södermanlands Län","KOMMUN":"Nyköping, Trosa","IUCNKATEGORI":"V, Skyddat landskap/havsområde (Protected Landscape/Seascape)","FORVALTARE":"Länsstyrelsen i Södermanlands län","AREA_HA":502.57,"LAND_HA":67.93,"VATTEN_HA":434.64,"SKOG_HA":42.98,"URSPR_BESLUTSDATUM":"2015-12-15"}},{"type":"Feature","geometry":{"type":"MultiPolygon","coordinates":[[[[17.16457,58.94295],[17.16457,58.94295],[17.16457,58.94295],[17.16457,58.94295],[17.16457,58.94295],[17.16348,58.94198],[17.16328,58.94175],[17.16326,58.9415],[17.16326,58.9415],[17.1634,58.94134],[17.1636,58.94116],[17.16371,58.94101],[17.16376,58.94093],[17.16384,58.94076],[17.16391,58.94052],[17.16396,58.94036],[17.16403,58.94014],[17.16408,58.94003],[17.16424,58.93974],[17.16448,58.93939],[17.16448,58.93939],[17.16448,58.93939],[17.16937,58.93958],[17.16938,58.93958],[17.16938,58.93959],[17.16938,58.93959],[17.16924,58.93998],[17.16907,58.94041],[17.16893,58.94073],[17.16888,58.94093],[17.16882,58.94121],[17.16878,58.94141],[17.1688,58.94181],[17.16884,58.94197],[17.16887,58.94205],[17.16887,58.94205],[17.16886,58.94205],[17.16886,58.94205],[17.16853,58.94203],[17.16775,58.94224],[17.16788,58.94238],[17.16788,58.94238],[17.16788,58.94238],[17.16701,58.94262],[17.16701,58.94262],[17.16658,58.94255],[17.16553,58.94285],[17.16552,58.94285],[17.16509,58.94276],[17.16457,58.94295]]]]},"properties":{"NVRID":"2001934","NAMN":"Tore grav","SKYDDSTYP":"Naturreservat","BESLUTSSTATUS":"Gällande","LAN":"Södermanlands Län","KOMMUN":"Nyköping","IUCNKATEGORI":"III, Naturmonument (Natural Monument)","FORVALTARE":"Länsstyrelsen i Södermanlands län","AREA_HA":10.23,"LAND_HA":10.23,"VATTEN_HA":0.0,"SKOG_HA":9.78,"URSPR_BESLUTSDATUM":"1997-12-19"}},{"type":"Feature","geometry":{"type":"MultiPolygon","coordinates":[[[[17.23166,58.93561],[17.23158,58.93537],[17.23167,58.93527],[17.23167,58.93522],[17.23163,58.93517],[17.2316,58.93509],[17.23159,58.93499],[17.23156,58.93493],[17.23138,58.93473],[17.23128,58.93466],[17.23114,58.9346],[17.23096,58.93456],[17.23066,58.93454],[17.23054,58.93452],[17.23042,58.93448],[17.23032,58.93442],[17.23026,58.93434],[17.2302,58.9342],[17.23012,58.93413],[17.22999,58.93409],[17.22986,58.93408],[17.22971,58.93411],[17.22958,58.93415],[17.22951,58.9342],[17.22948,58.93423],[17.22948,58.93423],[17.22948,58.93423],[17.22948,58.93423],[17.22925,58.93416],[17.2291,58.93406],[17.2285,58.93344],[17.22814,58.93289],[17.22929,58.93056],[17.22933,58.93039],[17.23088,58.92985],[17.23308,58.92911],[17.23308,58.92911],[17.23308,58.92911],[17.23435,58.92986],[17.23775,58.92993],[17.23959,58.93001],[17.23959,58.93001],[17.24039,58.93046],[17.24132,58.93093],[17.2415,58.93108],[17.24161,58.93135],[17.24161,58.93135],[17.24161,58.93135],[17.23948,58.93215],[17.2384,58.93219],[17.23837,58.93265],[17.2393,58.9335],[17.2393,58.9335],[17.23895,58.93381],[17.23959,58.93406],[17.23959,58.93406],[17.23959,58.93407],[17.23924,58.93425],[17.23907,58.93432],[17.23853,58.93442],[17.23814,58.93454],[17.23769,58.93473],[17.23742,58.93487],[17.23702,58.93526],[17.23685,58.93538],[17.23639,58.93561],[17.23574,58.93581],[17.23524,58.93595],[17.23495,58.93606],[17.23436,58.93633],[17.23436,58.93633],[17.23436,58.93633],[17.23434,58.93629],[17.23398,58.93533],[17.23341,58.93532],[17.23348,58.93582],[17.23348,58.93582],[17.23348,58.93582],[17.23183,58.93625],[17.23183,58.93625],[17.23183,58.93625],[17.23152,58.93596],[17.23148,58.93587],[17.23147,58.93576],[17.23166,58.93561]]]]},"properties":{"NVRID":"2002765","NAMN":"Timmermon","SKYDDSTYP":"Naturreservat","BESLUTSSTATUS":"Gällande","LAN":"Södermanlands Län","KOMMUN":"Nyköping","IUCNKATEGORI":"Ia, Strikt naturreservat (Strict Nature Reserve)","FORVALTARE":"Länsstyrelsen i Södermanlands län","AREA_HA":37.66,"LAND_HA":36.6,"VATTEN_HA":1.06,"SKOG_HA":34.69,"URSPR_BESLUTSDATUM":"2004-05-10"}},{"type":"Feature","geometry":{"type":"MultiPolygon","coordinates":[[[[16.28996,58.94751],[16.28996,58.94747],[16.28995,58.94744],[16.28992,58.94742],[16.28992,58.94742],[16.28992,58.94742],[16.28995,58.94739],[16.29012,58.9473],[16.29017,58.94727],[16.29021,58.94719],[16.29024,58.94709],[16.29028,58.94705],[16.29035,58.94702],[16.29045,58.94698],[16.29047,58.94695],[16.29047,58.94688],[16.29049,58.94683],[16.2906,58.94672],[16.29082,58.94658],[16.29097,58.94651],[16.29107,58.94646],[16.29121,58.94639],[16.29132,58.94635],[16.29156,58.94628],[16.29187,58.94616],[16.29207,58.94598],[16.29215,58.94592],[16.29219,58.94586],[16.29222,58.94581],[16.29226,58.94578],[16.29229,58.94575],[16.29229,58.94575],[16.29245,58.94571],[16.29252,58.94565],[16.2926,58.94546],[16.29263,58.94541],[16.29267,58.94536],[16.29272,58.94531],[16.29275,58.94528],[16.29274,58.94521],[16.29273,58.94518],[16.29281,58.94513],[16.29298,58.94507],[16.29305,58.94504],[16.29313,58.94495],[16.29315,58.94492],[16.29315,58.94492],[16.29322,58.94491],[16.29347,58.94496],[16.29353,58.94496],[16.29361,58.94495],[16.29368,58.94489],[16.2937,58.94486],[16.2937,58.94479],[16.29375,58.94473],[16.29388,58.94465],[16.29409,58.94458],[16.29421,58.94449],[16.29425,58.94444],[16.29431,58.94441],[16.29449,58.94421],[16.29451,58.94414],[16.29453,58.94411],[16.29473,58.94403],[16.29492,58.94398],[16.29504,58.94394],[16.2951,58.94391],[16.2952,58.94383],[16.29529,58.94372],[16.29535,58.94366],[16.29541,58.9436],[16.29546,58.94358],[16.29549,58.94357],[16.29553,58.9435],[16.29555,58.94342],[16.29555,58.94336],[16.29555,58.94332],[16.29555,58.9433],[16.29552,58.94328],[16.29551,58.94325],[16.29558,58.94318],[16.29564,58.94315],[16.2957,58.94311],[16.29574,58.94298],[16.29579,58.94286],[16.29587,58.94275],[16.29591,58.94272],[16.296,58.94266],[16.29607,58.94261],[16.29619,58.94255],[16.29626,58.94252],[16.29642,58.94244],[16.29666,58.94228],[16.29677,58.94218],[16.29691,58.94213],[16.29702,58.94211],[16.29714,58.94207],[16.29717,58.94205],[16.29722,58.94201],[16.29729,58.94195],[16.2974,58.94183],[16.29748,58.94177],[16.29764,58.94167],[16.2978,58.94154],[16.29792,58.94147],[16.29803,58.94135],[16.29803,58.94132],[16.29799,58.94125],[16.29795,58.94121],[16.29764,58.94106],[16.29711,58.94087],[16.29699,58.94086],[16.29686,58.94089],[16.29656,58.94096],[16.29608,58.94102],[16.29598,58.94103],[16.29588,58.94104],[16.29571,58.94106],[16.29554,58.9411],[16.29544,58.94114],[16.29531,58.94119],[16.2952,58.94123],[16.29509,58.94127],[16.29498,58.94133],[16.29488,58.94138],[16.29477,58.94143],[16.29456,58.94146],[16.2944,58.94151],[16.29404,58.94163],[16.29404,58.94163],[16.29404,58.94163],[16.29404,58.94163],[16.29404,58.94163],[16.29371,58.94045],[16.29371,58.94045],[16.29386,58.94032],[16.29387,58.94032],[16.29387,58.94032],[16.29401,58.94035],[16.29533,58.94034],[16.29596,58.9403],[16.29697,58.94027],[16.29825,58.94024],[16.29924,58.94021],[16.29938,58.94022],[16.29949,58.94026],[16.29956,58.94031],[16.29956,58.94031],[16.29967,58.94064],[16.2997,58.94075],[16.29973,58.94095],[16.29976,58.94124],[16.29979,58.94149],[16.29982,58.94166],[16.29986,58.9418],[16.2999,58.94193],[16.29995,58.94206],[16.30003,58.94224],[16.30007,58.94235],[16.30026,58.94273],[16.30046,58.94313],[16.30045,58.94313],[16.30022,58.94339],[16.30006,58.94351],[16.29953,58.94378],[16.29923,58.94401],[16.29923,58.94401],[16.29923,58.94401],[16.29923,58.94401],[16.29771,58.94327],[16.29714,58.94358],[16.29674,58.94389],[16.29248,58.94643],[16.29219,58.94705],[16.29219,58.94705],[16.29058,58.9478],[16.28992,58.948],[16.28992,58.948],[16.28991,58.948],[16.28983,58.94796],[16.28977,58.94793],[16.28977,58.94793],[16.28975,58.9479],[16.28973,58.94785],[16.28973,58.94779],[16.28988,58.94756],[16.28988,58.94756],[16.28993,58.94752],[16.28996,58.94751]]]]},"properties":{"NVRID":"2058843","NAMN":"Remrödsviken","SKYDDSTYP":"Naturreservat","BESLUTSSTATUS":"Gällande","LAN":"Södermanlands Län","KOMMUN":"Katrineholm","IUCNKATEGORI":"Ia, Strikt naturreservat (Strict Nature Reserve)","FORVALTARE":"Länsstyrelsen i Södermanlands län","AREA_HA":12.88,"LAND_HA":12.88,"VATTEN_HA":0.0,"SKOG_HA":11.98,"URSPR_BESLUTSDATUM":"2023-12-11"}},{"type":"Feature","geometry":{"type":"MultiPolygon","coordinates":[[[[16.48997,59.34072],[16.48921,59.34055],[16.48888,59.34041],[16.48781,59.34019],[16.48707,59.33949],[16.48695,59.33939],[16.48617,59.33878],[16.48568,59.33786],[16.48551,59.33722],[16.48542,59.3369],[16.48501,59.33582],[16.48501,59.33582],[16.48501,59.33582],[16.48653,59.33534],[16.4879,59.33493],[16.48865,59.33471],[16.48917,59.33456],[16.48991,59.33434],[16.49173,59.33358],[16.49376,59.33312],[16.49666,59.33247],[16.49946,59.33185],[16.50346,59.33072],[16.50529,59.33034],[16.50539,59.33013],[16.50539,59.33013],[16.50772,59.32916],[16.50772,59.32916],[16.50852,59.3292],[16.50907,59.32926],[16.51039,59.32919],[16.51092,59.32908],[16.51111,59.32887],[16.51112,59.32886],[16.51112,59.32886],[16.51233,59.32951],[16.51278,59.32976],[16.51811,59.33259],[16.52032,59.33378],[16.52255,59.33566],[16.52368,59.33664],[16.52573,59.33845],[16.52609,59.33876],[16.52687,59.33945],[16.52687,59.33945],[16.52687,59.33945],[16.5264,59.33973],[16.52636,59.3398],[16.52624,59.34001],[16.52624,59.3401],[16.52675,59.3404],[16.52701,59.34058],[16.52712,59.34065],[16.52749,59.34093],[16.5277,59.34121],[16.52779,59.34152],[16.52779,59.34173],[16.52803,59.34201],[16.52804,59.34203],[16.52806,59.34205],[16.52807,59.34207],[16.52807,59.34209],[16.52807,59.34211],[16.52807,59.34214],[16.52807,59.34216],[16.52806,59.34218],[16.52805,59.3422],[16.52803,59.34222],[16.52801,59.34224],[16.52786,59.34239],[16.52751,59.34282],[16.52736,59.34295],[16.52682,59.34328],[16.52663,59.3434],[16.52651,59.34352],[16.52649,59.34355],[16.52646,59.34358],[16.52644,59.34361],[16.52643,59.34364],[16.52642,59.34367],[16.52641,59.3437],[16.5264,59.34373],[16.5264,59.34376],[16.52641,59.34379],[16.52642,59.34383],[16.52643,59.34386],[16.52645,59.34389],[16.52647,59.34392],[16.52649,59.34395],[16.52652,59.34398],[16.52655,59.344],[16.52658,59.34403],[16.52662,59.34406],[16.52686,59.34421],[16.52716,59.3443],[16.52757,59.34441],[16.52785,59.34452],[16.52804,59.34462],[16.52867,59.34507],[16.5294,59.34538],[16.52996,59.34575],[16.53023,59.34593],[16.53076,59.34615],[16.53134,59.34623],[16.53218,59.34646],[16.53246,59.34669],[16.53268,59.34703],[16.53288,59.34737],[16.533,59.34756],[16.53321,59.34773],[16.53337,59.34784],[16.53364,59.34799],[16.53391,59.34823],[16.53406,59.3484],[16.53418,59.34863],[16.53421,59.34878],[16.53421,59.34878],[16.53421,59.34878],[16.53366,59.34886],[16.53349,59.34988],[16.53349,59.34988],[16.53348,59.34988],[16.52907,59.34992],[16.52744,59.34981],[16.52708,59.35055],[16.52613,59.35124],[16.52554,59.35141],[16.52535,59.3518],[16.52535,59.3518],[16.52535,59.3518],[16.52535,59.3518],[16.52467,59.35172],[16.52397,59.35167],[16.52326,59.35164],[16.52258,59.35165],[16.52186,59.35168],[16.52122,59.35174],[16.52048,59.35184],[16.51983,59.35197],[16.5183,59.35227],[16.51645,59.35263],[16.51441,59.35307],[16.51358,59.35328],[16.51026,59.35403],[16.50936,59.35403],[16.50742,59.35441],[16.50741,59.35441],[16.50741,59.35441],[16.50716,59.35406],[16.50708,59.35392],[16.50703,59.35374],[16.50703,59.35374],[16.50703,59.35374],[16.50739,59.35366],[16.50722,59.35334],[16.50707,59.3531],[16.50687,59.35285],[16.50687,59.35285],[16.50687,59.35285],[16.50687,59.35285],[16.50775,59.35272],[16.50846,59.35247],[16.50846,59.35247],[16.50846,59.35247],[16.5085,59.3525],[16.50855,59.35258],[16.50888,59.35272],[16.50909,59.35274],[16.5095,59.35261],[16.50962,59.35199],[16.50962,59.35199],[16.51105,59.35159],[16.51128,59.35146],[16.51065,59.35105],[16.51065,59.35105],[16.51065,59.35105],[16.51165,59.35055],[16.51206,59.35025],[16.51206,59.35025],[16.51207,59.35025],[16.51232,59.35023],[16.51232,59.35023],[16.51371,59.35057],[16.51433,59.35005],[16.51433,59.35005],[16.51496,59.34988],[16.51605,59.34984],[16.51596,59.3492],[16.51605,59.349],[16.51667,59.34855],[16.51712,59.34838],[16.51656,59.34807],[16.51623,59.34765],[16.51593,59.34726],[16.51545,59.34701],[16.51455,59.34621],[16.51426,59.34614],[16.5129,59.34606],[16.5123,59.34597],[16.51071,59.34579],[16.51046,59.34586],[16.50888,59.34644],[16.50925,59.34675],[16.50991,59.34698],[16.50991,59.34698],[16.50992,59.34729],[16.50954,59.34791],[16.51018,59.34838],[16.50992,59.34888],[16.50992,59.34888],[16.50992,59.34888],[16.50992,59.34888],[16.50792,59.34827],[16.50634,59.34805],[16.50418,59.34768],[16.50315,59.34766],[16.5018,59.34727],[16.50122,59.34726],[16.50037,59.3479],[16.50037,59.3479],[16.50011,59.34791],[16.49991,59.34795],[16.49977,59.34805],[16.49977,59.34805],[16.49977,59.34805],[16.49976,59.34805],[16.49929,59.34788],[16.49899,59.34859],[16.49868,59.34888],[16.49839,59.34931],[16.49839,59.34971],[16.49839,59.34971],[16.49839,59.34971],[16.49839,59.34971],[16.49839,59.34971],[16.49739,59.34939],[16.49678,59.34868],[16.49678,59.34868],[16.49714,59.34793],[16.49776,59.34742],[16.49814,59.34704],[16.49879,59.34649],[16.49926,59.34526],[16.49901,59.34451],[16.49694,59.34418],[16.49607,59.34408],[16.49513,59.34392],[16.49415,59.34363],[16.49313,59.34324],[16.49233,59.34257],[16.49226,59.3425],[16.49212,59.34236],[16.49194,59.3422],[16.49175,59.34206],[16.49162,59.342],[16.49146,59.34191],[16.49109,59.34173],[16.49044,59.34149],[16.49044,59.34149],[16.48997,59.34072]],[[16.50891,59.34186],[16.50916,59.34213],[16.50954,59.34218],[16.51037,59.34217],[16.51082,59.34227],[16.51086,59.34225],[16.51082,59.34185],[16.51085,59.34171],[16.51087,59.34159],[16.51077,59.34147],[16.50979,59.34163],[16.50891,59.34186]]]]},"properties":{"NVRID":"2001326","NAMN":"Vilsta","SKYDDSTYP":"Naturreservat","BESLUTSSTATUS":"Gällande","LAN":"Södermanlands Län","KOMMUN":"Eskilstuna","IUCNKATEGORI":"V, Skyddat landskap/havsområde (Protected Landscape/Seascape)","FORVALTARE":"Eskilstuna kommun","AREA_HA":406.34,"LAND_HA":393.37,"VATTEN_HA":12.97,"SKOG_HA":348.03,"URSPR_BESLUTSDATUM":"1963-05-09"}},{"type":"Feature","geometry":{"type":"MultiPolygon","coordinates":[[[[16.94172,59.03816],[16.94156,59.03766],[16.93989,59.03226],[16.93989,59.03226],[16.9417,59.03059],[16.94105,59.02773],[16.94105,59.02773],[16.94105,59.02773],[16.94105,59.02773],[16.94647,59.02804],[16.95024,59.02905],[16.9541,59.02875],[16.9576,59.02744],[16.95971,59.02487],[16.95986,59.02322],[16.96003,59.02145],[16.95991,59.0178],[16.95991,59.0178],[16.95991,59.0178],[16.96315,59.01777],[16.96315,59.01777],[16.96334,59.01791],[16.96441,59.02051],[16.96688,59.02139],[16.96814,59.02179],[16.97234,59.02184],[16.97855,59.0233],[16.9811,59.02365],[16.98398,59.02536],[16.99012,59.02655],[16.99731,59.02375],[17.00245,59.02107],[17.00402,59.02019],[17.00465,59.01988],[17.00557,59.01953],[17.00814,59.01854],[17.01026,59.01773],[17.01175,59.01719],[17.01175,59.01719],[17.01175,59.01719],[17.01495,59.01797],[17.01495,59.01797],[17.01684,59.02094],[17.01794,59.02284],[17.01794,59.02284],[17.01794,59.02284],[16.99138,59.02839],[16.9866,59.02938],[16.9848,59.03092],[16.97478,59.03316],[16.97478,59.03316],[16.97477,59.03316],[16.97195,59.03239],[16.967,59.03491],[16.95785,59.03639],[16.95217,59.03795],[16.94781,59.04038],[16.94638,59.04117],[16.94366,59.0427],[16.94366,59.0427],[16.94365,59.0427],[16.94182,59.04216],[16.938,59.04102],[16.938,59.04102],[16.938,59.04102],[16.94172,59.03816]]]]},"properties":{"NVRID":"2001881","NAMN":"Båvenöarna","SKYDDSTYP":"Naturreservat","BESLUTSSTATUS":"Gällande","LAN":"Södermanlands Län","KOMMUN":"Flen, Nyköping","IUCNKATEGORI":"Ia, Strikt naturreservat (Strict Nature Reserve)","FORVALTARE":"Länsstyrelsen i Södermanlands län","AREA_HA":414.82,"LAND_HA":78.72,"VATTEN_HA":336.1,"SKOG_HA":67.81,"URSPR_BESLUTSDATUM":"1989-11-24"}},{"type":"Feature","geometry":{"type":"MultiPolygon","coordinates":[[[[16.55148,59.07454],[16.55148,59.07454],[16.55148,59.07454],[16.5524,59.07458],[16.5524,59.07458],[16.55303,59.07491],[16.55381,59.07541],[16.55513,59.0753],[16.5553,59.07467],[16.55613,59.0741],[16.55592,59.07337],[16.5564,59.07251],[16.5564,59.07251],[16.55704,59.07234],[16.55704,59.07234],[16.55704,59.07234],[16.55748,59.07283],[16.55815,59.07278],[16.55942,59.07254],[16.55947,59.07253],[16.56013,59.07262],[16.56155,59.0724],[16.56217,59.07247],[16.56401,59.07294],[16.56453,59.07294],[16.56545,59.07296],[16.56554,59.07298],[16.56567,59.07301],[16.56582,59.07305],[16.56596,59.0731],[16.56606,59.07314],[16.5661,59.07319],[16.56616,59.0733],[16.56616,59.0733],[16.56613,59.07335],[16.56613,59.07335],[16.56607,59.07338],[16.56601,59.07339],[16.56593,59.07338],[16.56585,59.07336],[16.56576,59.07332],[16.56568,59.07327],[16.5656,59.07323],[16.56551,59.0732],[16.5654,59.07318],[16.5653,59.07318],[16.56519,59.07319],[16.56507,59.0732],[16.56493,59.07323],[16.5648,59.07326],[16.56471,59.0733],[16.56461,59.07335],[16.56453,59.07341],[16.56445,59.07348],[16.56437,59.07355],[16.56432,59.07362],[16.56427,59.07369],[16.56425,59.07377],[16.56425,59.07384],[16.56426,59.07393],[16.56428,59.07401],[16.56431,59.0741],[16.56435,59.07415],[16.56442,59.07418],[16.5645,59.07423],[16.56455,59.07429],[16.56461,59.07435],[16.56469,59.0744],[16.56476,59.07446],[16.56482,59.07451],[16.56482,59.07451],[16.56482,59.07451],[16.56479,59.07453],[16.56472,59.07455],[16.56469,59.07458],[16.5647,59.07463],[16.56471,59.07468],[16.56468,59.07473],[16.56464,59.07479],[16.56458,59.07486],[16.56449,59.07493],[16.56437,59.07499],[16.56426,59.07504],[16.56417,59.0751],[16.56414,59.07515],[16.56411,59.07519],[16.56411,59.07519],[16.56404,59.0752],[16.56404,59.0752],[16.5638,59.07518],[16.56368,59.07517],[16.56354,59.07517],[16.5634,59.07518],[16.56325,59.0752],[16.56312,59.07524],[16.56301,59.07528],[16.56289,59.07532],[16.56278,59.07536],[16.56266,59.07538],[16.56253,59.07538],[16.56239,59.07537],[16.56226,59.07536],[16.56215,59.07538],[16.56206,59.07542],[16.56197,59.07544],[16.56188,59.07542],[16.56179,59.0754],[16.56168,59.07539],[16.56155,59.0754],[16.56139,59.07542],[16.56122,59.07543],[16.56106,59.07544],[16.56091,59.07545],[16.56077,59.07547],[16.56065,59.07549],[16.56059,59.07552],[16.56048,59.07554],[16.56034,59.07554],[16.56021,59.07554],[16.56008,59.07555],[16.55993,59.07556],[16.55982,59.07558],[16.55972,59.07562],[16.55963,59.07568],[16.55954,59.07574],[16.55946,59.0758],[16.5594,59.07586],[16.55935,59.07593],[16.55932,59.07599],[16.55934,59.07602],[16.55938,59.07604],[16.5594,59.07606],[16.5594,59.07606],[16.5594,59.07606],[16.55939,59.07606],[16.55934,59.07608],[16.55924,59.07609],[16.55915,59.07613],[16.5591,59.07615],[16.55902,59.07617],[16.55892,59.07617],[16.5588,59.07615],[16.55866,59.07615],[16.55852,59.07615],[16.55837,59.07614],[16.55823,59.07614],[16.55808,59.07613],[16.55794,59.07614],[16.55781,59.07615],[16.55769,59.07617],[16.55757,59.0762],[16.55745,59.07624],[16.55733,59.07628],[16.55723,59.07631],[16.55715,59.07634],[16.55706,59.07633],[16.55697,59.07632],[16.55685,59.07629],[16.55673,59.07626],[16.5566,59.07624],[16.55647,59.07624],[16.55635,59.07626],[16.55619,59.07628],[16.55604,59.0763],[16.55589,59.07633],[16.55577,59.07638],[16.55564,59.07642],[16.5555,59.07646],[16.55537,59.07649],[16.55524,59.07651],[16.55508,59.07654],[16.5549,59.07657],[16.55473,59.0766],[16.55452,59.07663],[16.55436,59.07665],[16.55423,59.07668],[16.55416,59.0767],[16.55415,59.07674],[16.55417,59.07678],[16.55418,59.07682],[16.55415,59.07685],[16.55415,59.07686],[16.55415,59.07686],[16.55414,59.07686],[16.55404,59.07682],[16.55394,59.07679],[16.55375,59.07676],[16.55363,59.07672],[16.55363,59.07672],[16.55359,59.07666],[16.5535,59.07659],[16.5534,59.07648],[16.55331,59.07642],[16.55324,59.07639],[16.55317,59.07639],[16.55308,59.07639],[16.55301,59.0764],[16.55289,59.07639],[16.55282,59.07638],[16.55282,59.07638],[16.55277,59.07634],[16.55268,59.07629],[16.55266,59.07621],[16.55264,59.07614],[16.55257,59.07608],[16.55252,59.07606],[16.55246,59.07607],[16.55239,59.07609],[16.55236,59.07614],[16.55233,59.0762],[16.55228,59.07626],[16.55217,59.0763],[16.55207,59.07633],[16.55193,59.07634],[16.55181,59.07634],[16.55167,59.07633],[16.55154,59.0763],[16.55147,59.07627],[16.55139,59.07627],[16.55125,59.07634],[16.5512,59.07638],[16.5512,59.07642],[16.5512,59.07642],[16.5512,59.07642],[16.55113,59.07644],[16.55102,59.07645],[16.5509,59.07649],[16.55076,59.07652],[16.55068,59.07654],[16.55062,59.07654],[16.55055,59.07653],[16.55045,59.07652],[16.55029,59.0765],[16.55021,59.07652],[16.55019,59.07652],[16.55019,59.07652],[16.55019,59.07652],[16.55019,59.07652],[16.55148,59.07454]]]]},"properties":{"NVRID":"2002767","NAMN":"Åtorpskogen","SKYDDSTYP":"Naturreservat","BESLUTSSTATUS":"Gällande","LAN":"Södermanlands Län","KOMMUN":"Flen","IUCNKATEGORI":"Ia, Strikt naturreservat (Strict Nature Reserve)","FORVALTARE":"Länsstyrelsen i Södermanlands län","AREA_HA":22.09,"LAND_HA":22.08,"VATTEN_HA":0.01,"SKOG_HA":21.41,"URSPR_BESLUTSDATUM":"2004-05-10"}},{"type":"Feature","geometry":{"type":"MultiPolygon","coordinates":[[[[17.4788,58.94899],[17.47866,58.94887],[17.47839,58.94878],[17.47834,58.94866],[17.47854,58.9485],[17.47868,58.94841],[17.47875,58.94832],[17.47888,58.94819],[17.47908,58.948],[17.47944,58.94775],[17.47944,58.94775],[17.47944,58.94775],[17.4805,58.94794],[17.48171,58.94805],[17.48293,58.94789],[17.48293,58.94789],[17.48293,58.94789],[17.48296,58.94819],[17.48415,58.94819],[17.48455,58.94804],[17.48475,58.94788],[17.485,58.94774],[17.48514,58.94767],[17.486,58.94738],[17.48613,58.94735],[17.48628,58.94735],[17.48661,58.94742],[17.48708,58.94749],[17.48709,58.94749],[17.48709,58.94749],[17.48689,58.94789],[17.48673,58.9481],[17.48664,58.94823],[17.48648,58.94838],[17.48637,58.94847],[17.48626,58.94855],[17.48613,58.94862],[17.48592,58.94873],[17.4857,58.94884],[17.48549,58.94892],[17.48499,58.94906],[17.4845,58.94915],[17.48414,58.9492],[17.48424,58.94936],[17.48437,58.94952],[17.48502,58.94987],[17.48563,58.95012],[17.48637,58.95034],[17.48705,58.95044],[17.48745,58.95053],[17.48745,58.95053],[17.48745,58.95053],[17.48747,58.9506],[17.48873,58.95073],[17.48873,58.95074],[17.48873,58.95074],[17.48872,58.95078],[17.4888,58.95081],[17.48892,58.95081],[17.48898,58.95083],[17.48898,58.95083],[17.48898,58.95083],[17.48886,58.95129],[17.49068,58.95115],[17.49073,58.95089],[17.49073,58.95089],[17.49073,58.95089],[17.49214,58.95104],[17.49293,58.95112],[17.49324,58.95117],[17.49352,58.95119],[17.49473,58.951],[17.49472,58.95083],[17.49472,58.95083],[17.49524,58.95067],[17.49595,58.95076],[17.4963,58.95088],[17.4963,58.95088],[17.4963,58.95089],[17.49592,58.95113],[17.49592,58.95113],[17.49482,58.9512],[17.49454,58.9516],[17.49454,58.9516],[17.49453,58.9516],[17.49426,58.95152],[17.49396,58.95181],[17.49335,58.95213],[17.49274,58.95253],[17.49274,58.95254],[17.48955,58.95269],[17.48788,58.95285],[17.48573,58.95298],[17.48353,58.95312],[17.48353,58.95312],[17.48268,58.95271],[17.48218,58.95249],[17.47951,58.9513],[17.47846,58.94934],[17.47846,58.94934],[17.47869,58.94914],[17.4788,58.94899]]]]},"properties":{"NVRID":"2044690","NAMN":"Lånestaheden","SKYDDSTYP":"Naturreservat","BESLUTSSTATUS":"Gällande","LAN":"Södermanlands Län","KOMMUN":"Trosa","IUCNKATEGORI":"IV, Habitat/Artskyddsområde (Habitat/Species Management Area)","FORVALTARE":"Trosa kommun","AREA_HA":29.53,"LAND_HA":29.53,"VATTEN_HA":0.0,"SKOG_HA":22.45,"URSPR_BESLUTSDATUM":"2015-06-17"}},{"type":"Feature","geometry":{"type":"MultiPolygon","coordinates":[[[[16.48932,59.19375],[16.49094,59.19218],[16.49041,59.19199],[16.48924,59.19156],[16.48924,59.19156],[16.48924,59.19156],[16.48935,59.19149],[16.49371,59.18973],[16.49401,59.18963],[16.49378,59.1894],[16.49358,59.18919],[16.49358,59.18919],[16.49358,59.18919],[16.49481,59.18882],[16.49864,59.18721],[16.49944,59.18654],[16.50001,59.18628],[16.50001,59.18628],[16.50001,59.18628],[16.50092,59.18651],[16.50211,59.18727],[16.50329,59.18787],[16.50329,59.18787],[16.50329,59.18787],[16.50329,59.18788],[16.50329,59.18788],[16.50175,59.18802],[16.49933,59.189],[16.49818,59.18964],[16.49816,59.18977],[16.49821,59.18977],[16.49838,59.18979],[16.49855,59.18982],[16.49874,59.18984],[16.49887,59.18989],[16.49906,59.19],[16.49915,59.19011],[16.49917,59.19024],[16.49917,59.19043],[16.49911,59.19057],[16.49905,59.19068],[16.49898,59.19078],[16.49889,59.19087],[16.4988,59.19098],[16.49883,59.19109],[16.49893,59.19117],[16.49908,59.19123],[16.49924,59.1913],[16.49943,59.19138],[16.49959,59.19143],[16.49974,59.19147],[16.49987,59.1915],[16.50002,59.19154],[16.50017,59.19155],[16.5003,59.19155],[16.50045,59.19157],[16.50066,59.1916],[16.50073,59.1916],[16.50114,59.19161],[16.50137,59.19162],[16.5016,59.19164],[16.50176,59.19165],[16.50176,59.19165],[16.50208,59.19197],[16.50234,59.19198],[16.50275,59.19163],[16.50275,59.19162],[16.50275,59.19162],[16.50287,59.19167],[16.50297,59.1917],[16.50307,59.19171],[16.50319,59.19169],[16.50328,59.19165],[16.50332,59.19161],[16.50337,59.19157],[16.50339,59.19155],[16.50341,59.19154],[16.50345,59.19153],[16.5035,59.19153],[16.50355,59.19152],[16.50361,59.19152],[16.50364,59.19152],[16.50364,59.19152],[16.50391,59.19172],[16.50433,59.19164],[16.50472,59.19148],[16.50764,59.19096],[16.51018,59.1909],[16.51053,59.19077],[16.51053,59.19077],[16.51073,59.19082],[16.51073,59.19082],[16.51086,59.19098],[16.51112,59.19128],[16.51117,59.19132],[16.51165,59.19163],[16.51192,59.1919],[16.51203,59.192],[16.51209,59.19204],[16.51213,59.1921],[16.51218,59.19233],[16.5123,59.19277],[16.51243,59.193],[16.51258,59.19321],[16.51276,59.19349],[16.51302,59.19385],[16.51313,59.19414],[16.51324,59.19445],[16.51326,59.19453],[16.51326,59.1946],[16.51318,59.19474],[16.51305,59.19488],[16.51607,59.19493],[16.51806,59.19469],[16.51806,59.19469],[16.51806,59.1947],[16.51884,59.19545],[16.51949,59.19599],[16.52022,59.19593],[16.52022,59.19593],[16.52022,59.19593],[16.52063,59.1964],[16.52063,59.1964],[16.52063,59.1964],[16.52063,59.1964],[16.52053,59.19643],[16.52046,59.19646],[16.52034,59.19653],[16.52029,59.1966],[16.5203,59.19671],[16.52032,59.19678],[16.52038,59.19688],[16.52038,59.19688],[16.52038,59.19688],[16.5194,59.19708],[16.51865,59.19715],[16.51786,59.19805],[16.51733,59.19851],[16.51768,59.19993],[16.51763,59.20016],[16.51763,59.20016],[16.51763,59.20016],[16.51674,59.20013],[16.51104,59.19995],[16.50559,59.19976],[16.50559,59.19976],[16.50559,59.19976],[16.50559,59.19976],[16.50559,59.19976],[16.50597,59.19963],[16.50527,59.19925],[16.50498,59.19913],[16.50079,59.20024],[16.49761,59.20075],[16.49761,59.20075],[16.49069,59.20007],[16.49024,59.20003],[16.4885,59.19951],[16.48501,59.19721],[16.48387,59.19544],[16.4847,59.19412],[16.48719,59.193],[16.48719,59.193],[16.48719,59.193],[16.48932,59.19375]]]]},"properties":{"NVRID":"2059101","NAMN":"Holmsjöberg","SKYDDSTYP":"Naturreservat","BESLUTSSTATUS":"Gällande","LAN":"Södermanlands Län","KOMMUN":"Eskilstuna, Flen","IUCNKATEGORI":"Ia, Strikt naturreservat (Strict Nature Reserve)","FORVALTARE":"Länsstyrelsen i Södermanlands län","AREA_HA":179.81,"LAND_HA":164.53,"VATTEN_HA":15.28,"SKOG_HA":140.15,"URSPR_BESLUTSDATUM":"2024-09-02"}},{"type":"Feature","geometry":{"type":"MultiPolygon","coordinates":[[[[17.24286,59.14376],[17.24291,59.14375],[17.24297,59.14374],[17.24302,59.14372],[17.24309,59.14367],[17.24314,59.14362],[17.24318,59.14354],[17.24328,59.14344],[17.24332,59.14339],[17.24337,59.14334],[17.24339,59.14331],[17.24355,59.14309],[17.24356,59.14306],[17.24364,59.14297],[17.24372,59.14293],[17.24384,59.14289],[17.24426,59.14273],[17.24445,59.14262],[17.24452,59.14242],[17.24452,59.14242],[17.24476,59.1423],[17.24482,59.14227],[17.24506,59.14214],[17.24431,59.14129],[17.24431,59.14129],[17.24432,59.14129],[17.24432,59.14129],[17.24432,59.14129],[17.24682,59.14162],[17.25203,59.13929],[17.25278,59.13843],[17.25278,59.13843],[17.25918,59.13563],[17.25918,59.13563],[17.25918,59.13563],[17.25992,59.136],[17.26003,59.13606],[17.26006,59.13612],[17.2602,59.13616],[17.26031,59.13621],[17.26043,59.13628],[17.26043,59.13628],[17.26042,59.13636],[17.26044,59.13641],[17.26042,59.13646],[17.2606,59.13653],[17.2607,59.13658],[17.2608,59.13667],[17.26082,59.1367],[17.26094,59.13678],[17.26095,59.13687],[17.26099,59.13693],[17.26099,59.13693],[17.26095,59.13697],[17.26097,59.13705],[17.26098,59.13713],[17.2611,59.13717],[17.26122,59.13723],[17.26127,59.13733],[17.26141,59.13747],[17.2615,59.13752],[17.26157,59.13755],[17.2629,59.13814],[17.26364,59.13935],[17.26364,59.13935],[17.26234,59.14031],[17.26229,59.14085],[17.26216,59.14161],[17.26175,59.14239],[17.26163,59.1426],[17.2611,59.14306],[17.26125,59.14368],[17.26063,59.14446],[17.26011,59.14472],[17.2593,59.14522],[17.25859,59.14584],[17.25859,59.14584],[17.25859,59.14584],[17.2585,59.14581],[17.25842,59.1458],[17.25835,59.14581],[17.25823,59.14585],[17.25815,59.14589],[17.25786,59.14607],[17.25782,59.1461],[17.25767,59.14616],[17.25762,59.14619],[17.25744,59.14629],[17.25729,59.14633],[17.25695,59.14641],[17.25654,59.14656],[17.25644,59.14661],[17.25595,59.14685],[17.25576,59.14691],[17.25565,59.14693],[17.25565,59.14693],[17.25565,59.14693],[17.25511,59.14661],[17.25383,59.1466],[17.25249,59.14656],[17.25249,59.14656],[17.25206,59.14645],[17.25206,59.14645],[17.25195,59.14632],[17.25193,59.14599],[17.25106,59.14564],[17.25009,59.14547],[17.25009,59.14547],[17.24995,59.14489],[17.25004,59.14464],[17.24906,59.14423],[17.24796,59.14389],[17.24707,59.14401],[17.24571,59.14402],[17.24506,59.14389],[17.24433,59.14404],[17.24383,59.1444],[17.24383,59.1444],[17.24383,59.1444],[17.24312,59.14431],[17.24312,59.14431],[17.24312,59.14431],[17.24312,59.14431],[17.24313,59.14429],[17.24313,59.14419],[17.24307,59.14396],[17.24298,59.14386],[17.24292,59.14383],[17.24286,59.14381],[17.24284,59.14379],[17.24284,59.14379],[17.24286,59.14376]]]]},"properties":{"NVRID":"2026951","NAMN":"Lugnet","SKYDDSTYP":"Naturreservat","BESLUTSSTATUS":"Gällande","LAN":"Södermanlands Län","KOMMUN":"Gnesta","IUCNKATEGORI":"Ia, Strikt naturreservat (Strict Nature Reserve)","FORVALTARE":"Länsstyrelsen i Södermanlands län","AREA_HA":76.14,"LAND_HA":66.41,"VATTEN_HA":9.73,"SKOG_HA":43.77,"URSPR_BESLUTSDATUM":"2012-03-23"}},{"type":"Feature","geometry":{"type":"MultiPolygon","coordinates":[[[[16.31833,58.88565],[16.31842,58.88545],[16.31906,58.88479],[16.31906,58.88479],[16.31992,58.88459],[16.3206,58.88437],[16.32145,58.88421],[16.32161,58.88415],[16.32205,58.88406],[16.32306,58.88385],[16.324,58.88339],[16.32414,58.88316],[16.32464,58.8826],[16.32465,58.8823],[16.32482,58.88204],[16.32479,58.88176],[16.32479,58.88176],[16.32512,58.88153],[16.32544,58.88134],[16.32579,58.88112],[16.32617,58.88071],[16.32714,58.8803],[16.32725,58.88019],[16.32725,58.88019],[16.32798,58.88014],[16.32862,58.87997],[16.3292,58.87986],[16.33007,58.87977],[16.33147,58.87957],[16.33219,58.87948],[16.33293,58.87927],[16.33361,58.87916],[16.33377,58.87904],[16.33529,58.87832],[16.33551,58.87812],[16.33646,58.87784],[16.33736,58.87768],[16.33801,58.87755],[16.33909,58.8774],[16.33962,58.87738],[16.3407,58.8774],[16.34148,58.87755],[16.34301,58.87761],[16.34364,58.8775],[16.34525,58.87694],[16.34525,58.87694],[16.34525,58.87694],[16.34527,58.87696],[16.3475,58.87672],[16.34834,58.87675],[16.34956,58.8766],[16.35022,58.87641],[16.35067,58.87625],[16.35179,58.87594],[16.35233,58.87586],[16.35295,58.87578],[16.35343,58.87567],[16.35382,58.87559],[16.35483,58.8754],[16.35561,58.87528],[16.35605,58.87512],[16.35644,58.87504],[16.35694,58.87494],[16.35772,58.87486],[16.35812,58.87478],[16.35856,58.87475],[16.35895,58.87464],[16.35981,58.87445],[16.36094,58.87408],[16.36194,58.87377],[16.36247,58.87366],[16.36287,58.8735],[16.36321,58.87323],[16.36375,58.87296],[16.3643,58.87298],[16.36485,58.873],[16.36553,58.87299],[16.36596,58.87295],[16.36662,58.87276],[16.36742,58.87253],[16.36786,58.87248],[16.36838,58.87216],[16.36839,58.87198],[16.36839,58.87198],[16.369,58.8717],[16.36948,58.87129],[16.37008,58.87084],[16.37008,58.87084],[16.37008,58.87084],[16.37024,58.87095],[16.37031,58.87089],[16.37055,58.8708],[16.37117,58.87073],[16.37215,58.87045],[16.37194,58.87024],[16.37194,58.87024],[16.37194,58.87024],[16.37297,58.87003],[16.37345,58.86961],[16.37427,58.86871],[16.37433,58.86857],[16.37466,58.86842],[16.37539,58.86811],[16.37618,58.86757],[16.37709,58.86682],[16.37815,58.86617],[16.37909,58.86584],[16.37954,58.86574],[16.38087,58.86542],[16.38087,58.86542],[16.38087,58.86542],[16.38197,58.86616],[16.38197,58.86616],[16.38197,58.86616],[16.38197,58.86616],[16.38129,58.86623],[16.3808,58.86633],[16.37973,58.86668],[16.37933,58.86686],[16.37836,58.86723],[16.37816,58.8675],[16.37746,58.86791],[16.37725,58.86812],[16.37696,58.86845],[16.37657,58.86878],[16.37589,58.86934],[16.37556,58.86955],[16.37479,58.86984],[16.3742,58.87027],[16.3727,58.87097],[16.3727,58.87097],[16.37269,58.87097],[16.37261,58.87095],[16.37255,58.87097],[16.3725,58.87098],[16.3724,58.87099],[16.37227,58.87097],[16.37222,58.87096],[16.37204,58.87093],[16.37198,58.87093],[16.37173,58.87096],[16.3714,58.87104],[16.37127,58.87107],[16.37108,58.87113],[16.37086,58.8712],[16.37069,58.87124],[16.37055,58.87131],[16.37053,58.87137],[16.37046,58.87141],[16.37037,58.87147],[16.37031,58.8715],[16.37031,58.8715],[16.37023,58.87152],[16.37014,58.87153],[16.37,58.87157],[16.36995,58.87161],[16.36982,58.87172],[16.36958,58.87184],[16.36945,58.87192],[16.36931,58.87202],[16.36926,58.87209],[16.36919,58.8722],[16.36914,58.87224],[16.36908,58.87229],[16.36888,58.87243],[16.36874,58.87249],[16.36809,58.87277],[16.36763,58.87293],[16.36735,58.873],[16.36639,58.87324],[16.36628,58.87327],[16.36587,58.87337],[16.36572,58.87338],[16.3656,58.87338],[16.36543,58.87337],[16.36529,58.87335],[16.36507,58.87335],[16.36493,58.87336],[16.36477,58.87338],[16.36404,58.87345],[16.36373,58.87353],[16.36359,58.87362],[16.36355,58.87365],[16.36343,58.87374],[16.36294,58.87401],[16.36271,58.8741],[16.36254,58.87415],[16.36226,58.87423],[16.36212,58.87426],[16.36201,58.87427],[16.36167,58.87429],[16.36126,58.87439],[16.36089,58.87447],[16.36069,58.87452],[16.36046,58.87459],[16.35957,58.87487],[16.35946,58.8749],[16.35932,58.87492],[16.35893,58.87498],[16.35836,58.8751],[16.35795,58.87517],[16.35772,58.87519],[16.35723,58.87528],[16.35675,58.87542],[16.35662,58.87546],[16.35627,58.87554],[16.35614,58.87559],[16.35593,58.87563],[16.35538,58.87574],[16.35503,58.87579],[16.35489,58.87581],[16.35437,58.87585],[16.35426,58.87586],[16.3539,58.87592],[16.35346,58.87601],[16.35319,58.87608],[16.35298,58.87615],[16.35272,58.8762],[16.35248,58.87621],[16.35236,58.87622],[16.35208,58.87624],[16.35181,58.8763],[16.35161,58.87632],[16.35147,58.87634],[16.35127,58.87638],[16.351,58.87648],[16.35066,58.87667],[16.35014,58.87681],[16.35,58.87685],[16.34979,58.87688],[16.3497,58.87689],[16.34959,58.87691],[16.34945,58.87693],[16.34912,58.877],[16.34872,58.87704],[16.34845,58.87705],[16.34837,58.87705],[16.34824,58.87707],[16.34814,58.87707],[16.3479,58.87709],[16.34778,58.87709],[16.34759,58.87708],[16.34733,58.87705],[16.34723,58.87704],[16.34705,58.87706],[16.34645,58.87708],[16.3459,58.87714],[16.34558,58.87718],[16.34541,58.87721],[16.34536,58.87725],[16.34536,58.87725],[16.34512,58.87729],[16.34485,58.87735],[16.3447,58.8774],[16.34451,58.87745],[16.34422,58.87755],[16.34401,58.87767],[16.34389,58.87773],[16.34368,58.87779],[16.34345,58.87784],[16.34307,58.87787],[16.34291,58.87787],[16.34257,58.87786],[16.34224,58.87788],[16.34202,58.87791],[16.34188,58.87793],[16.34177,58.87796],[16.34169,58.87798],[16.34162,58.87798],[16.34127,58.87791],[16.34101,58.87783],[16.3408,58.87779],[16.34065,58.87779],[16.34011,58.8778],[16.33998,58.87783],[16.33963,58.87791],[16.33949,58.87792],[16.33935,58.87793],[16.33885,58.87803],[16.33871,58.87808],[16.33861,58.87814],[16.3385,58.87819],[16.33816,58.87838],[16.33797,58.87851],[16.33788,58.87862],[16.33789,58.87865],[16.33789,58.87865],[16.33788,58.87865],[16.33637,58.87868],[16.3355,58.87885],[16.33495,58.87908],[16.33422,58.87934],[16.33388,58.87951],[16.33332,58.87957],[16.33265,58.87968],[16.33188,58.87984],[16.33069,58.88011],[16.32975,58.88035],[16.32878,58.88064],[16.32815,58.88078],[16.3278,58.88091],[16.32644,58.88134],[16.32618,58.88164],[16.32598,58.88212],[16.32573,58.88255],[16.32562,58.88278],[16.32546,58.88299],[16.32479,58.88351],[16.32421,58.88381],[16.32296,58.88436],[16.32242,58.88446],[16.32204,58.88458],[16.322,58.88467],[16.322,58.88467],[16.32132,58.88499],[16.32083,58.88514],[16.32046,58.88537],[16.32005,58.88543],[16.31986,58.88558],[16.31975,58.88578],[16.31939,58.88621],[16.31911,58.88638],[16.31911,58.88638],[16.31911,58.88638],[16.31911,58.88638],[16.31893,58.88607],[16.31843,58.88579],[16.31833,58.88565],[16.31833,58.88565]]]]},"properties":{"NVRID":"2001920","NAMN":"Glindranåsen","SKYDDSTYP":"Naturreservat","BESLUTSSTATUS":"Gällande","LAN":"Södermanlands Län","KOMMUN":"Katrineholm","IUCNKATEGORI":"III, Naturmonument (Natural Monument)","FORVALTARE":"Länsstyrelsen i Södermanlands län","AREA_HA":25.47,"LAND_HA":25.46,"VATTEN_HA":0.01,"SKOG_HA":19.77,"URSPR_BESLUTSDATUM":"1956-05-30"}},{"type":"Feature","geometry":{"type":"MultiPolygon","coordinates":[[[[17.20721,58.99664],[17.20898,58.99595],[17.20937,58.99559],[17.2098,58.99522],[17.21073,58.99493],[17.21109,58.99464],[17.2111,58.99464],[17.2111,58.99464],[17.2111,58.99464],[17.2111,58.99464],[17.21109,58.99481],[17.21139,58.99506],[17.21144,58.99512],[17.21147,58.99516],[17.21151,58.99524],[17.21153,58.99533],[17.21154,58.99541],[17.21153,58.99552],[17.21155,58.99565],[17.21158,58.99575],[17.21161,58.99583],[17.21168,58.99594],[17.21174,58.99602],[17.21182,58.99612],[17.21191,58.99624],[17.212,58.99636],[17.21207,58.99646],[17.21217,58.99663],[17.2122,58.99668],[17.21228,58.99683],[17.21233,58.99694],[17.21238,58.99711],[17.21244,58.99729],[17.21249,58.99749],[17.21253,58.99767],[17.21254,58.99781],[17.21254,58.99789],[17.21254,58.99793],[17.21252,58.9981],[17.21251,58.99822],[17.21247,58.99852],[17.21246,58.99852],[17.21246,58.99852],[17.21215,58.99853],[17.21216,58.99864],[17.21242,58.99904],[17.21246,58.99909],[17.21304,58.99927],[17.21338,58.99897],[17.21338,58.99897],[17.21338,58.99897],[17.21551,58.99912],[17.21551,58.99912],[17.21551,58.99912],[17.21516,58.99958],[17.21457,59.00011],[17.21379,59.00044],[17.212,59.00101],[17.21184,59.00106],[17.21184,59.00106],[17.21184,59.00106],[17.21181,59.00105],[17.21176,59.00103],[17.21155,59.00118],[17.21155,59.00118],[17.21133,59.00119],[17.21123,59.0012],[17.21098,59.00115],[17.21074,59.00118],[17.21028,59.00127],[17.20948,59.00131],[17.20904,59.00134],[17.20855,59.0016],[17.20841,59.00163],[17.20827,59.00168],[17.20679,59.0021],[17.20679,59.0021],[17.20679,59.0021],[17.20304,58.99959],[17.20304,58.99959],[17.20375,58.99741],[17.20564,58.99665],[17.20645,58.9964],[17.20645,58.9964],[17.20645,58.9964],[17.20721,58.99664]],[[17.20756,59.00081],[17.20797,59.00108],[17.20881,59.00073],[17.20855,59.00043],[17.20764,59.00073],[17.20756,59.00081]]]]},"properties":{"NVRID":"2048419","NAMN":"Tegelbrukshagen","SKYDDSTYP":"Naturreservat","BESLUTSSTATUS":"Gällande","LAN":"Södermanlands Län","KOMMUN":"Gnesta","IUCNKATEGORI":"IV, Habitat/Artskyddsområde (Habitat/Species Management Area)","FORVALTARE":"Länsstyrelsen i Södermanlands län","AREA_HA":31.17,"LAND_HA":25.06,"VATTEN_HA":6.11,"SKOG_HA":23.15,"URSPR_BESLUTSDATUM":"2018-04-24"}},{"type":"Feature","geometry":{"type":"MultiPolygon","coordinates":[[[[17.29162,58.74262],[17.29132,58.7424],[17.29132,58.7424],[17.29068,58.73974],[17.28994,58.73672],[17.28994,58.73672],[17.28995,58.73672],[17.28995,58.73672],[17.29557,58.73611],[17.30949,58.72469],[17.33248,58.6955],[17.33324,58.69458],[17.33324,58.69458],[17.33324,58.69458],[17.35647,58.69077],[17.35647,58.69077],[17.39107,58.70136],[17.39107,58.70136],[17.39107,58.70136],[17.38703,58.70384],[17.33894,58.73279],[17.31892,58.74476],[17.3065,58.7466],[17.3065,58.7466],[17.30483,58.74563],[17.30353,58.74538],[17.30353,58.74538],[17.30226,58.74431],[17.30034,58.74394],[17.29512,58.7448],[17.29242,58.74605],[17.29242,58.74605],[17.29242,58.74605],[17.28952,58.74582],[17.28952,58.74582],[17.28952,58.74582],[17.28942,58.74547],[17.28942,58.74547],[17.29028,58.74437],[17.29162,58.74262]]]]},"properties":{"NVRID":"2001302","NAMN":"Rågö","SKYDDSTYP":"Naturreservat","BESLUTSSTATUS":"Gällande","LAN":"Södermanlands Län","KOMMUN":"Nyköping","IUCNKATEGORI":"V, Skyddat landskap/havsområde (Protected Landscape/Seascape)","FORVALTARE":"Länsstyrelsen i Södermanlands län","AREA_HA":1564.7,"LAND_HA":239.93,"VATTEN_HA":1324.77,"SKOG_HA":134.18,"URSPR_BESLUTSDATUM":"1978-12-13"}},{"type":"Feature","geometry":{"type":"MultiPolygon","coordinates":[[[[16.542,58.79277],[16.54284,58.79244],[16.5438,58.79231],[16.54457,58.792],[16.54482,58.79179],[16.54504,58.79161],[16.54488,58.79113],[16.54488,58.79113],[16.54569,58.79068],[16.5469,58.78994],[16.54799,58.78898],[16.54683,58.78864],[16.54669,58.7885],[16.54669,58.7885],[16.54674,58.78761],[16.54674,58.7876],[16.54675,58.7876],[16.548,58.78751],[16.54929,58.78754],[16.54929,58.78754],[16.54977,58.78774],[16.54977,58.78774],[16.54977,58.78775],[16.54977,58.78775],[16.54977,58.78775],[16.54937,58.78785],[16.54915,58.78801],[16.54974,58.78818],[16.55028,58.78853],[16.55028,58.78853],[16.55031,58.78885],[16.55031,58.78885],[16.55031,58.78885],[16.54967,58.78916],[16.54938,58.78981],[16.54938,58.78981],[16.54938,58.78981],[16.54938,58.78981],[16.54938,58.78981],[16.54939,58.78974],[16.54935,58.78971],[16.54928,58.78968],[16.54923,58.78967],[16.5492,58.78968],[16.54917,58.78971],[16.54909,58.78976],[16.54901,58.7898],[16.54894,58.78979],[16.54875,58.78977],[16.54867,58.78978],[16.54859,58.78979],[16.54851,58.78978],[16.54841,58.78975],[16.54835,58.78975],[16.54835,58.78976],[16.54833,58.78979],[16.54833,58.78979],[16.54829,58.7898],[16.54816,58.7898],[16.54805,58.7898],[16.54791,58.78982],[16.54777,58.78986],[16.54766,58.78992],[16.54758,58.78997],[16.54751,58.79007],[16.54751,58.79007],[16.54719,58.79011],[16.54678,58.79037],[16.54631,58.79064],[16.54576,58.79105],[16.54567,58.79171],[16.54532,58.79195],[16.54437,58.79235],[16.54361,58.79271],[16.54281,58.79286],[16.54237,58.79281],[16.542,58.79277],[16.542,58.79277],[16.542,58.79277],[16.542,58.79277],[16.542,58.79277]]]]},"properties":{"NVRID":"2001927","NAMN":"Hisseåsen","SKYDDSTYP":"Naturreservat","BESLUTSSTATUS":"Gällande","LAN":"Södermanlands Län","KOMMUN":"Katrineholm","IUCNKATEGORI":"III, Naturmonument (Natural Monument)","FORVALTARE":"Länsstyrelsen i Södermanlands län","AREA_HA":5.32,"LAND_HA":5.32,"VATTEN_HA":0.0,"SKOG_HA":3.64,"URSPR_BESLUTSDATUM":"1956-12-03"}},{"type":"Feature","geometry":{"type":"MultiPolygon","coordinates":[[[[16.38258,59.35311],[16.38264,59.35303],[16.38276,59.353],[16.38298,59.35301],[16.38332,59.353],[16.38369,59.35295],[16.38399,59.3529],[16.38442,59.35287],[16.38483,59.35283],[16.38514,59.35279],[16.38541,59.35273],[16.38566,59.35269],[16.38579,59.35267],[16.38592,59.35266],[16.38637,59.3527],[16.38668,59.35272],[16.38696,59.35272],[16.38734,59.35272],[16.38772,59.3527],[16.38808,59.35266],[16.38838,59.35261],[16.38871,59.35254],[16.38895,59.35249],[16.38922,59.35243],[16.38953,59.3524],[16.38991,59.35235],[16.39029,59.3523],[16.39061,59.35223],[16.39093,59.35216],[16.39114,59.35209],[16.39136,59.352],[16.39157,59.35187],[16.39189,59.35165],[16.39204,59.35156],[16.39225,59.35147],[16.39259,59.35136],[16.39292,59.35127],[16.39333,59.35119],[16.39383,59.35108],[16.39426,59.35099],[16.39442,59.35096],[16.39456,59.35091],[16.39476,59.35083],[16.39497,59.35073],[16.39526,59.35061],[16.39556,59.35049],[16.39593,59.35035],[16.39622,59.35026],[16.39645,59.35021],[16.39657,59.3502],[16.39674,59.3502],[16.39694,59.35021],[16.39718,59.35023],[16.39746,59.35023],[16.39776,59.35023],[16.39812,59.35024],[16.39852,59.35026],[16.39888,59.35031],[16.39929,59.35039],[16.39929,59.35039],[16.39929,59.35039],[16.39929,59.35039],[16.39927,59.35042],[16.39904,59.35077],[16.40016,59.35139],[16.40118,59.35197],[16.40243,59.35214],[16.4032,59.35198],[16.4032,59.35197],[16.4032,59.35198],[16.4032,59.35198],[16.403,59.35311],[16.40561,59.35386],[16.40561,59.35387],[16.40561,59.35387],[16.40561,59.35387],[16.40393,59.35488],[16.40264,59.35619],[16.40264,59.35619],[16.40264,59.35619],[16.39898,59.35622],[16.39874,59.35615],[16.39833,59.35613],[16.39736,59.35595],[16.39694,59.35584],[16.39665,59.35568],[16.39634,59.35562],[16.39603,59.35569],[16.39548,59.35577],[16.39487,59.35592],[16.3948,59.35593],[16.39471,59.35593],[16.39464,59.35592],[16.39447,59.35586],[16.39421,59.35574],[16.39404,59.35567],[16.39385,59.35561],[16.39305,59.35559],[16.39286,59.35559],[16.39257,59.35561],[16.39236,59.3556],[16.39203,59.35558],[16.39164,59.35547],[16.39127,59.3555],[16.39106,59.35553],[16.39096,59.35553],[16.39068,59.35562],[16.39033,59.35566],[16.38984,59.35565],[16.38959,59.35566],[16.38922,59.35575],[16.38874,59.35584],[16.38825,59.35596],[16.38783,59.35608],[16.3866,59.35628],[16.38646,59.35629],[16.38614,59.35625],[16.38585,59.35626],[16.38555,59.35627],[16.38516,59.35624],[16.38516,59.35624],[16.38516,59.35624],[16.385,59.35603],[16.38463,59.35545],[16.38446,59.35518],[16.3843,59.35498],[16.38417,59.35484],[16.38399,59.35456],[16.38379,59.35443],[16.38361,59.35435],[16.38351,59.35426],[16.38351,59.35426],[16.38349,59.35416],[16.38349,59.35413],[16.38342,59.35403],[16.38332,59.35393],[16.38329,59.35392],[16.38299,59.35371],[16.38281,59.35356],[16.38274,59.35339],[16.38267,59.35323],[16.38258,59.35311],[16.38258,59.35311]]]]},"properties":{"NVRID":"2001320","NAMN":"Skiren-Kvicken","SKYDDSTYP":"Naturreservat","BESLUTSSTATUS":"Gällande","LAN":"Södermanlands Län","KOMMUN":"Eskilstuna","IUCNKATEGORI":"Ia, Strikt naturreservat (Strict Nature Reserve)","FORVALTARE":"Eskilstuna kommun","AREA_HA":53.97,"LAND_HA":51.48,"VATTEN_HA":2.49,"SKOG_HA":47.59,"URSPR_BESLUTSDATUM":"2001-06-14"}},{"type":"Feature","geometry":{"type":"MultiPolygon","coordinates":[[[[16.28722,59.27364],[16.28733,59.27368],[16.28745,59.27368],[16.28758,59.27365],[16.28769,59.2736],[16.28781,59.27355],[16.28795,59.2735],[16.28814,59.27349],[16.28834,59.27349],[16.28857,59.27348],[16.28878,59.27348],[16.28897,59.27347],[16.28916,59.27343],[16.28932,59.27338],[16.28941,59.27332],[16.28943,59.27324],[16.28943,59.27317],[16.28943,59.27308],[16.28947,59.27299],[16.28947,59.27294],[16.28951,59.27289],[16.28951,59.27289],[16.28957,59.27289],[16.28964,59.27288],[16.28969,59.27285],[16.28969,59.27279],[16.28973,59.27275],[16.28973,59.27275],[16.28983,59.27274],[16.28984,59.27274],[16.28992,59.27276],[16.29002,59.2728],[16.29011,59.27282],[16.29018,59.27281],[16.29025,59.27278],[16.29033,59.27278],[16.29033,59.27278],[16.29034,59.27278],[16.29038,59.27284],[16.29039,59.27289],[16.29056,59.27296],[16.29075,59.27301],[16.29097,59.27303],[16.29115,59.27301],[16.29132,59.27299],[16.29145,59.27294],[16.2915,59.27289],[16.29152,59.27283],[16.2916,59.27275],[16.2917,59.27265],[16.29192,59.27256],[16.29212,59.27248],[16.2922,59.27241],[16.2923,59.27238],[16.29235,59.27233],[16.29235,59.27233],[16.29256,59.27228],[16.29271,59.27225],[16.29286,59.27224],[16.29286,59.27224],[16.29296,59.27226],[16.29306,59.27229],[16.29315,59.2723],[16.29324,59.27229],[16.29337,59.2723],[16.29345,59.2723],[16.29354,59.27231],[16.29365,59.27235],[16.29379,59.27242],[16.29397,59.27257],[16.29414,59.27265],[16.29422,59.27272],[16.29444,59.27277],[16.29444,59.27277],[16.29454,59.27286],[16.29481,59.27293],[16.29497,59.27299],[16.29509,59.27305],[16.29528,59.2731],[16.29551,59.27315],[16.29578,59.2732],[16.29593,59.27324],[16.29593,59.27324],[16.29598,59.27331],[16.29612,59.27337],[16.29633,59.27344],[16.29644,59.27349],[16.29652,59.27352],[16.29661,59.27357],[16.29661,59.27357],[16.29663,59.27365],[16.29685,59.27378],[16.29707,59.27389],[16.2973,59.27398],[16.29743,59.27399],[16.29751,59.27401],[16.29762,59.27401],[16.29762,59.27401],[16.29768,59.27407],[16.29779,59.27414],[16.29793,59.2742],[16.29797,59.27427],[16.29804,59.27436],[16.29813,59.27446],[16.29816,59.27449],[16.29825,59.27454],[16.29825,59.27454],[16.29818,59.27478],[16.29809,59.27514],[16.29826,59.27548],[16.29851,59.27571],[16.29906,59.27588],[16.2999,59.27603],[16.30027,59.27603],[16.30075,59.27595],[16.30149,59.27612],[16.30181,59.27625],[16.30194,59.27637],[16.30237,59.27654],[16.30273,59.27662],[16.30336,59.27671],[16.30362,59.27684],[16.30423,59.27699],[16.30445,59.27707],[16.30495,59.27712],[16.30511,59.27722],[16.30532,59.27726],[16.30563,59.27734],[16.30587,59.27742],[16.30607,59.27755],[16.3063,59.27768],[16.3066,59.27784],[16.30684,59.27795],[16.30684,59.27795],[16.30684,59.27795],[16.30656,59.27825],[16.30601,59.2788],[16.3059,59.27892],[16.30653,59.27904],[16.30744,59.27966],[16.30744,59.27966],[16.30744,59.27966],[16.30651,59.2803],[16.3041,59.28139],[16.30374,59.28155],[16.30335,59.28169],[16.30335,59.28169],[16.30335,59.28169],[16.3033,59.28164],[16.30325,59.28153],[16.30322,59.28139],[16.30321,59.28125],[16.30321,59.28114],[16.3032,59.28103],[16.30333,59.28075],[16.30342,59.28064],[16.3034,59.28049],[16.30326,59.28034],[16.30303,59.28027],[16.30273,59.28023],[16.30252,59.28027],[16.30249,59.28032],[16.30241,59.28041],[16.30223,59.28047],[16.3021,59.28048],[16.3021,59.28048],[16.30194,59.28039],[16.30194,59.28039],[16.30197,59.28026],[16.30199,59.28016],[16.30183,59.28007],[16.30155,59.28004],[16.30115,59.28002],[16.30086,59.28004],[16.30053,59.28005],[16.30029,59.28005],[16.30004,59.28004],[16.29967,59.28008],[16.29906,59.28012],[16.29877,59.28017],[16.2985,59.28028],[16.29838,59.28033],[16.29836,59.2804],[16.29827,59.28051],[16.29825,59.28057],[16.29805,59.28073],[16.29796,59.28076],[16.29787,59.2808],[16.29787,59.2808],[16.29768,59.28077],[16.29758,59.28074],[16.29753,59.28068],[16.29743,59.28066],[16.29723,59.28062],[16.29705,59.28056],[16.29689,59.28049],[16.29679,59.28039],[16.29679,59.28029],[16.29679,59.28017],[16.2968,59.28002],[16.29687,59.27987],[16.29694,59.27972],[16.29698,59.27956],[16.29697,59.27945],[16.29689,59.27938],[16.29683,59.27934],[16.29683,59.27934],[16.29683,59.27934],[16.29683,59.27934],[16.29692,59.27934],[16.29703,59.27935],[16.29714,59.27919],[16.29718,59.27906],[16.29713,59.27865],[16.29686,59.27838],[16.29663,59.27818],[16.29638,59.27808],[16.29629,59.27795],[16.29629,59.27795],[16.29666,59.2777],[16.29671,59.27748],[16.29642,59.27725],[16.29561,59.27703],[16.29426,59.27704],[16.29386,59.27713],[16.2936,59.27719],[16.29341,59.27726],[16.29324,59.27734],[16.293,59.27741],[16.29264,59.27747],[16.29238,59.27746],[16.29216,59.27752],[16.29212,59.27773],[16.29212,59.27773],[16.29212,59.27773],[16.29212,59.27773],[16.292,59.27769],[16.29187,59.27771],[16.29187,59.27771],[16.29141,59.27764],[16.29119,59.27759],[16.29084,59.27746],[16.29053,59.27729],[16.29018,59.27714],[16.28999,59.27712],[16.28989,59.27712],[16.28975,59.27712],[16.28966,59.27725],[16.28957,59.27754],[16.28957,59.27754],[16.28957,59.27754],[16.28957,59.27754],[16.28957,59.27754],[16.28952,59.27751],[16.28943,59.27747],[16.28929,59.27747],[16.28912,59.2775],[16.28891,59.27754],[16.28872,59.27755],[16.28852,59.27755],[16.28835,59.27753],[16.28822,59.2775],[16.28807,59.27748],[16.28796,59.27741],[16.28788,59.27734],[16.28781,59.27726],[16.28781,59.27718],[16.28783,59.27709],[16.28786,59.277],[16.28787,59.27689],[16.2879,59.27678],[16.28795,59.27667],[16.28801,59.27655],[16.28801,59.27655],[16.28815,59.27648],[16.28831,59.27642],[16.28833,59.27637],[16.28837,59.27633],[16.28837,59.2763],[16.28838,59.2763],[16.28847,59.27625],[16.28856,59.27622],[16.2887,59.27617],[16.28883,59.27614],[16.28884,59.27612],[16.2888,59.27604],[16.2887,59.27598],[16.2885,59.27595],[16.2885,59.27595],[16.28845,59.27588],[16.28845,59.27584],[16.28848,59.27577],[16.28856,59.27572],[16.28867,59.27569],[16.28882,59.27565],[16.28889,59.27562],[16.2892,59.27559],[16.28948,59.27555],[16.28955,59.2755],[16.28973,59.27548],[16.2898,59.27546],[16.2898,59.27544],[16.28965,59.27538],[16.28923,59.27533],[16.28874,59.2753],[16.28864,59.27526],[16.2885,59.27523],[16.28837,59.2752],[16.28822,59.27513],[16.28807,59.27504],[16.28797,59.27497],[16.28788,59.2749],[16.2878,59.27486],[16.28773,59.27478],[16.28754,59.27466],[16.28743,59.27457],[16.28722,59.27454],[16.28704,59.27453],[16.28687,59.27452],[16.28687,59.27452],[16.28668,59.27445],[16.28656,59.27439],[16.28645,59.2743],[16.28629,59.27421],[16.28611,59.27413],[16.28597,59.27407],[16.28596,59.274],[16.28596,59.27391],[16.28596,59.27381],[16.28594,59.27368],[16.28591,59.27359],[16.28595,59.27352],[16.28608,59.27343],[16.2862,59.27336],[16.2864,59.2733],[16.28657,59.27328],[16.28672,59.27329],[16.28685,59.27334],[16.28698,59.27342],[16.28713,59.27348],[16.28718,59.27353],[16.28719,59.27358],[16.28722,59.27364]]]]},"properties":{"NVRID":"2055342","NAMN":"Lövön","SKYDDSTYP":"Naturreservat","BESLUTSSTATUS":"Gällande","LAN":"Södermanlands Län","KOMMUN":"Eskilstuna","IUCNKATEGORI":"Ia, Strikt naturreservat (Strict Nature Reserve)","FORVALTARE":"Länsstyrelsen i Södermanlands län","AREA_HA":52.31,"LAND_HA":52.28,"VATTEN_HA":0.03,"SKOG_HA":41.98,"URSPR_BESLUTSDATUM":"2024-11-25"}},{"type":"Feature","geometry":{"type":"MultiPolygon","coordinates":[[[[16.96164,58.74116],[16.9623,58.74021],[16.9623,58.74021],[16.96231,58.74021],[16.96243,58.74022],[16.96224,58.7397],[16.96224,58.7397],[16.96224,58.7397],[16.96224,58.7397],[16.96277,58.73967],[16.96271,58.73949],[16.96271,58.73948],[16.96271,58.73948],[16.96308,58.73937],[16.9629,58.7389],[16.9629,58.7389],[16.9629,58.7389],[16.9629,58.7389],[16.96471,58.73872],[16.9665,58.73841],[16.96711,58.73817],[16.968,58.73758],[16.968,58.73758],[16.968,58.73758],[16.96859,58.73772],[16.96964,58.73631],[16.96931,58.73599],[16.96932,58.73588],[16.96933,58.7358],[16.96932,58.73563],[16.96927,58.73544],[16.96926,58.7353],[16.96928,58.73519],[16.96933,58.73501],[16.96944,58.73476],[16.96944,58.73476],[16.96944,58.73476],[16.96944,58.73476],[16.96944,58.73476],[16.96954,58.73481],[16.97015,58.73439],[16.97015,58.73439],[16.97681,58.73534],[16.97984,58.73661],[16.97984,58.73661],[16.97992,58.73674],[16.9835,58.73674],[16.99055,58.7378],[16.99659,58.74007],[16.99682,58.74007],[17.0002,58.74016],[17.0002,58.74016],[17.0002,58.74016],[17.0002,58.74016],[16.99959,58.74073],[16.99858,58.74165],[16.99799,58.74217],[16.99763,58.74244],[16.99615,58.7434],[16.99387,58.74479],[16.99387,58.74479],[16.99341,58.74474],[16.98971,58.74463],[16.98707,58.74462],[16.98635,58.7446],[16.9855,58.74464],[16.98463,58.74461],[16.98463,58.74461],[16.98433,58.74404],[16.98459,58.74365],[16.98458,58.74359],[16.98198,58.74289],[16.98198,58.74289],[16.98198,58.74289],[16.98211,58.74181],[16.97647,58.74156],[16.97242,58.74141],[16.97226,58.74142],[16.97185,58.74172],[16.97185,58.74172],[16.97185,58.74172],[16.97138,58.74163],[16.97076,58.74219],[16.97066,58.74224],[16.97054,58.74227],[16.97033,58.74228],[16.9693,58.74223],[16.9693,58.74223],[16.9693,58.74223],[16.9693,58.74223],[16.96963,58.74143],[16.96804,58.74125],[16.96761,58.74185],[16.96761,58.74185],[16.96761,58.74185],[16.96164,58.74116],[16.96164,58.74116],[16.96164,58.74116],[16.96164,58.74116]]]]},"properties":{"NVRID":"2001308","NAMN":"Svanviken","SKYDDSTYP":"Naturreservat","BESLUTSSTATUS":"Gällande","LAN":"Södermanlands Län","KOMMUN":"Nyköping","IUCNKATEGORI":"IV, Habitat/Artskyddsområde (Habitat/Species Management Area)","FORVALTARE":"Länsstyrelsen i Södermanlands län","AREA_HA":129.01,"LAND_HA":127.35,"VATTEN_HA":1.66,"SKOG_HA":9.39,"URSPR_BESLUTSDATUM":"1981-06-03"}},{"type":"Feature","geometry":{"type":"MultiPolygon","coordinates":[[[[16.70861,58.82087],[16.70905,58.82114],[16.70992,58.82069],[16.7096,58.82047],[16.7096,58.82047],[16.7096,58.82047],[16.71042,58.82014],[16.71042,58.82014],[16.71071,58.82024],[16.71086,58.82032],[16.71167,58.82085],[16.71286,58.82047],[16.71286,58.82047],[16.71299,58.82048],[16.71377,58.82072],[16.71379,58.82076],[16.71379,58.82076],[16.71361,58.82099],[16.71364,58.8211],[16.71427,58.82131],[16.71575,58.82102],[16.71796,58.82041],[16.71833,58.82028],[16.71835,58.82025],[16.71809,58.82001],[16.71809,58.82001],[16.71808,58.81998],[16.71808,58.81998],[16.71824,58.81985],[16.71882,58.81957],[16.71926,58.81944],[16.71926,58.81944],[16.72003,58.81959],[16.72114,58.81999],[16.72119,58.82],[16.72231,58.81972],[16.72239,58.81969],[16.72356,58.81888],[16.72357,58.81881],[16.72327,58.81869],[16.72327,58.81869],[16.72328,58.81864],[16.72423,58.81798],[16.72478,58.81752],[16.72501,58.81725],[16.72549,58.81686],[16.72552,58.81682],[16.72378,58.81584],[16.72378,58.81584],[16.72375,58.81579],[16.72375,58.81579],[16.72401,58.81549],[16.72429,58.81525],[16.72429,58.81525],[16.72479,58.81517],[16.72526,58.81504],[16.72527,58.81504],[16.72527,58.81504],[16.72559,58.81521],[16.72683,58.81545],[16.72735,58.81539],[16.72843,58.81448],[16.72821,58.81435],[16.72821,58.81435],[16.72821,58.81435],[16.72921,58.81387],[16.72943,58.81383],[16.72986,58.81377],[16.73202,58.81331],[16.7335,58.81242],[16.73297,58.81208],[16.73249,58.81176],[16.73249,58.81176],[16.73249,58.81176],[16.73295,58.81166],[16.73353,58.81175],[16.73402,58.81174],[16.73415,58.8117],[16.73446,58.81155],[16.73459,58.8115],[16.7346,58.81142],[16.7346,58.81141],[16.73482,58.81136],[16.73507,58.81133],[16.73579,58.8112],[16.73599,58.81115],[16.73645,58.81096],[16.73671,58.81089],[16.73709,58.81085],[16.73735,58.81086],[16.7383,58.81115],[16.73854,58.81132],[16.73854,58.81132],[16.73846,58.8116],[16.73852,58.81192],[16.73929,58.81252],[16.73935,58.81253],[16.73977,58.81232],[16.7415,58.81138],[16.74249,58.81129],[16.74459,58.81014],[16.74459,58.81014],[16.74459,58.81014],[16.74469,58.81022],[16.7453,58.81068],[16.74536,58.81066],[16.74506,58.81043],[16.74492,58.81032],[16.74492,58.81032],[16.74492,58.81032],[16.74593,58.80976],[16.74741,58.8089],[16.74741,58.8089],[16.74741,58.8089],[16.74832,58.80929],[16.74832,58.80929],[16.74832,58.80929],[16.74791,58.80942],[16.74823,58.80955],[16.74823,58.80955],[16.74823,58.80955],[16.74738,58.80986],[16.7492,58.81096],[16.7492,58.81096],[16.7492,58.81097],[16.7461,58.81241],[16.7456,58.81253],[16.74612,58.813],[16.74699,58.81379],[16.74699,58.81379],[16.74699,58.81379],[16.74443,58.81459],[16.73563,58.81865],[16.71586,58.82322],[16.71049,58.82474],[16.70773,58.82499],[16.70106,58.82557],[16.70105,58.82557],[16.70105,58.82557],[16.70105,58.82557],[16.70686,58.82157],[16.70861,58.82087],[16.70861,58.82087],[16.70861,58.82087]],[[16.74946,58.80792],[16.74941,58.80785],[16.7489,58.80729],[16.74889,58.8072],[16.74892,58.80698],[16.74892,58.80698],[16.74892,58.80698],[16.75199,58.80686],[16.752,58.80686],[16.752,58.80686],[16.752,58.80686],[16.752,58.80686],[16.75071,58.80817],[16.74904,58.80915],[16.74904,58.80915],[16.74904,58.80915],[16.7487,58.80906],[16.7487,58.80906],[16.7487,58.80906],[16.74941,58.80801],[16.74946,58.80792]]]]},"properties":{"NVRID":"2014526","NAMN":"Skåraviken","SKYDDSTYP":"Naturreservat","BESLUTSSTATUS":"Gällande","LAN":"Södermanlands Län","KOMMUN":"Nyköping","IUCNKATEGORI":"IV, Habitat/Artskyddsområde (Habitat/Species Management Area)","FORVALTARE":"Länsstyrelsen i Södermanlands län","AREA_HA":126.21,"LAND_HA":79.21,"VATTEN_HA":47.0,"SKOG_HA":5.45,"URSPR_BESLUTSDATUM":"2024-01-29"}},{"type":"Feature","geometry":{"type":"MultiPolygon","coordinates":[[[[16.26048,59.14261],[16.26016,59.1421],[16.26016,59.14201],[16.26016,59.14201],[16.26118,59.14154],[16.26138,59.14111],[16.26236,59.14047],[16.26234,59.13981],[16.26247,59.13932],[16.26312,59.13875],[16.26345,59.13864],[16.26345,59.13864],[16.26437,59.13874],[16.26498,59.13844],[16.26498,59.13844],[16.26512,59.13844],[16.26538,59.13842],[16.26612,59.13764],[16.26612,59.13764],[16.26612,59.13764],[16.26612,59.13764],[16.26702,59.1382],[16.26904,59.13869],[16.26949,59.13847],[16.26949,59.13847],[16.26949,59.13847],[16.26964,59.13853],[16.26996,59.13869],[16.26996,59.13869],[16.26996,59.13869],[16.26966,59.13897],[16.26961,59.13926],[16.26961,59.13926],[16.26912,59.13952],[16.26812,59.13986],[16.26765,59.14034],[16.26694,59.1407],[16.26717,59.14098],[16.26695,59.14194],[16.2658,59.14301],[16.26565,59.14421],[16.26603,59.14444],[16.26689,59.14521],[16.26754,59.14624],[16.26822,59.14629],[16.26935,59.1467],[16.26935,59.1467],[16.26946,59.14758],[16.26946,59.14758],[16.26946,59.14758],[16.26946,59.14758],[16.26755,59.14748],[16.267,59.14776],[16.26599,59.14775],[16.26599,59.14774],[16.26599,59.14774],[16.26579,59.14753],[16.26491,59.1473],[16.26491,59.14729],[16.2636,59.14642],[16.26344,59.14534],[16.26192,59.14508],[16.26192,59.14508],[16.26094,59.14434],[16.26035,59.14348],[16.26008,59.14306],[16.26008,59.14306],[16.26048,59.14261]]]]},"properties":{"NVRID":"2041971","NAMN":"Kokärret","SKYDDSTYP":"Naturreservat","BESLUTSSTATUS":"Gällande","LAN":"Södermanlands Län","KOMMUN":"Katrineholm","IUCNKATEGORI":"Ia, Strikt naturreservat (Strict Nature Reserve)","FORVALTARE":"Länsstyrelsen i Södermanlands län","AREA_HA":31.55,"LAND_HA":31.55,"VATTEN_HA":0.0,"SKOG_HA":12.74,"URSPR_BESLUTSDATUM":"2023-12-11"}},{"type":"Feature","geometry":{"type":"MultiPolygon","coordinates":[[[[17.57093,58.74141],[17.57437,58.69186],[17.57437,58.69186],[17.59677,58.68295],[17.59708,58.68282],[17.60193,58.68089],[17.61335,58.67635],[17.61335,58.67635],[17.61335,58.67635],[17.61335,58.67635],[17.61526,58.67715],[17.66418,58.69899],[17.66418,58.69899],[17.64813,58.72204],[17.63275,58.74423],[17.63265,58.74436],[17.62015,58.76244],[17.61976,58.76293],[17.60436,58.78482],[17.60436,58.78482],[17.60436,58.78482],[17.60436,58.78482],[17.59818,58.78399],[17.55587,58.77829],[17.54386,58.77166],[17.53332,58.7658],[17.52326,58.76024],[17.52326,58.76024],[17.52326,58.76024],[17.53298,58.75641],[17.561,58.74533],[17.57093,58.74141]]]]},"properties":{"NVRID":"2001926","NAMN":"Lacka","SKYDDSTYP":"Naturreservat","BESLUTSSTATUS":"Gällande","LAN":"Södermanlands Län","KOMMUN":"Nyköping, Trosa","IUCNKATEGORI":"V, Skyddat landskap/havsområde (Protected Landscape/Seascape)","FORVALTARE":"Länsstyrelsen i Södermanlands län","AREA_HA":4833.56,"LAND_HA":173.31,"VATTEN_HA":4660.25,"SKOG_HA":33.73,"URSPR_BESLUTSDATUM":"1978-11-08"}}]}