fid,NVRID,NAMN,SKYDDSTYP,BESLSTATUS,URSBESLDAT,IKRAFTDATF,URSGALLDAT,SENGALLDAT,TILLSYNSMH,PROVNMHDIS,PROVNMHTIL,LAN,KOMMUN,IUCNKAT,FORVALTARE,AREA_HA,LAND_HA,VATTEN_HA,SKOG_HA,GEOSTATUS,DIARIENR,LAGRUM,BESLMYND
1,"2001142",Vidingsöra,Naturreservat,Gällande,1975/02/26,,1975/03/26,1975/03/26,,,,Stockholms Län,Norrtälje,"IV, Habitat/Artskyddsområde (Habitat/Species Management Area)",Skärgårdsstiftelsen i Stockholms län,21.185,20.72,0.5,9.99,Justerad mot fastighetskarta,11.121-127-73  0188-02-031,Naturvårdslagen,Länsstyrelse
2,"2000139",Molnsättra,Naturreservat,Gällande,1987/04/22,,1987/07/01,1987/07/01,,,,Stockholms Län,"Järfälla, Sollentuna","Ia, Strikt naturreservat (Strict Nature Reserve)",Peder Bertilsson Lilliehöök,72.29,58.66,13.72,20.92,Justerad mot fastighetskarta,11.1211-735-86   0123-02-002,Naturvårdslagen,Länsstyrelse
3,"2054325",Lohärads Prästgård,Naturreservat,Gällande,2022/03/14,,2022/04/13,2022/04/13,,,,Stockholms Län,Norrtälje,"IV, Habitat/Artskyddsområde (Habitat/Species Management Area)",Länsstyrelsen i Stockholms län,15.172,15.15,0,11.43,Slutligt inmätt,5112-64444-2020,Miljöbalken,Länsstyrelse
4,"2002297",Huvudskär,Naturreservat,Gällande,1974/03/11,,1974/04/08,1995/08/31,,,,Stockholms Län,Haninge,"Ia, Strikt naturreservat (Strict Nature Reserve)",Skärgårdsstiftelsen i Stockholms län,2076.494,80.8,1995.81,0.25,Justerad mot fastighetskarta,"231-1993-7418, 0136-02-007",Naturvårdslagen,Länsstyrelse
5,"2002888",Broängarna,Naturreservat,Gällande,2004/08/23,,2004/09/20,2004/09/20,,,,Stockholms Län,Upplands-Bro,"Ia, Strikt naturreservat (Strict Nature Reserve)",Novus AB,274.818,93.59,181.24,8.51,Justerad mot fastighetskarta,2004-195,Miljöbalken,Kommun
6,"2000885",Angödrommen,Naturreservat,Gällande,1957/06/20,,1957/07/18,1992/12/28,,,,Stockholms Län,Värmdö,"Ia, Strikt naturreservat (Strict Nature Reserve)",Länsstyrelsen i Stockholms län,5.236,4.96,0.29,0.03,Justerad mot fastighetskarta,"231-1991-985, 0120-02-004",Naturvårdslagen,Länsstyrelse
7,"2014285",Ekebysjön,Naturreservat,Gällande,2008/09/29,,2009/01/09,2009/01/09,,,,Stockholms Län,Danderyd,"IV, Habitat/Artskyddsområde (Habitat/Species Management Area)",Danderyds kommun,41.608,35.11,6.45,19.07,Justerad mot fastighetskarta,KS 2006/0151,Miljöbalken,Kommun
8,"2020026",Brännström,Naturreservat,Gällande,2009/11/27,,2010/01/04,2026/04/15,,,,Stockholms Län,Norrtälje,"Ia, Strikt naturreservat (Strict Nature Reserve)",Länsstyrelsen i Stockholms län,62.622,62.62,0,57.58,Slutligt inmätt,511-62164-2025,Miljöbalken,Länsstyrelse
9,"2001392",Gömmaren,Naturreservat,Gällande,,,,2010/07/26,,,,Stockholms Län,Huddinge,"V, Skyddat landskap/havsområde (Protected Landscape/Seascape)",Huddinge kommun,765.927,745.02,20.93,536.73,Ospecificerad,511-2010-9586,Miljöbalken,Kommun
10,"2000160",Kålsö,Naturreservat,Gällande,1992/11/10,,1993/02/01,2021/05/12,,,,Stockholms Län,Södertälje,"Ia, Strikt naturreservat (Strict Nature Reserve)",Länsstyrelsen i Stockholms län,204.975,155.35,49.64,56.57,Justerad mot fastighetskarta,,Miljöbalken,Länsstyrelse
11,"2000831",Linkudden,Naturreservat,Gällande,1969/09/23,,1969/10/21,2021/05/12,,,,Stockholms Län,Norrtälje,"IV, Habitat/Artskyddsområde (Habitat/Species Management Area)",Norrtälje kommun,17.92,14.55,3.4,8.57,Justerad mot fastighetskarta,,Miljöbalken,Länsstyrelse
12,"2055442",Koffertberget,Naturreservat,Gällande,2021/06/02,,2021/07/01,2021/07/01,,,,Stockholms Län,Norrtälje,"Ia, Strikt naturreservat (Strict Nature Reserve)",Länsstyrelsen i Stockholms län,29.189,29.18,0,23.06,Slutligt inmätt,511-60137-2020,Miljöbalken,Länsstyrelse
13,"2000630",Stensholmen,Naturreservat,Gällande,1971/01/19,,1971/02/16,1996/08/15,,,,Stockholms Län,Norrtälje,"Ia, Strikt naturreservat (Strict Nature Reserve)",Skärgårdsstiftelsen i Stockholms län,46.485,17.59,28.93,13.91,Justerad mot fastighetskarta,"231-1996-93, 0188-02-014",Naturvårdslagen,Länsstyrelse
14,"2002726",Ekoberget,Naturreservat,Gällande,1946/09/11,,1946/10/09,2026/04/15,,,,Stockholms Län,Nacka,"III, Naturmonument (Natural Monument)",Länsstyrelsen i Stockholms län,2.971,2.99,0,1.02,Justerad mot fastighetskarta,511-62164-2025,Miljöbalken,Länsstyrelse
15,"2000150",Borntorp,Naturreservat,Gällande,2000/09/04,,2000/10/19,2026/04/15,,,,Stockholms Län,Norrtälje,"IV, Habitat/Artskyddsområde (Habitat/Species Management Area)",Länsstyrelsen i Stockholms län,15.512,15.48,0.01,15.4,Justerad mot fastighetskarta,511-62164-2025,Miljöbalken,Länsstyrelse
16,"2000014",Hörningsnäs,Naturreservat,Gällande,1994/11/28,,1995/04/05,1995/04/05,,,,Stockholms Län,Botkyrka,"Ia, Strikt naturreservat (Strict Nature Reserve)",Botkyrka kommun,10.119,10.07,0,9.43,Justerad mot fastighetskarta,Botkyrka kommun 1994.168.43,Naturvårdslagen,Kommun
17,"2000147",Björinge,Naturreservat,Gällande,1999/07/09,,1999/09/14,2026/04/15,,,,Stockholms Län,Norrtälje,"IV, Habitat/Artskyddsområde (Habitat/Species Management Area)",Länsstyrelsen i Stockholms län,53.318,53.3,0.02,42.95,Slutligt inmätt,511-62164-2025,Miljöbalken,Länsstyrelse
18,"2000418",Slessberget,Naturreservat,Gällande,1992/10/15,,1992/12/01,2021/05/12,,,,Stockholms Län,Södertälje,"Ia, Strikt naturreservat (Strict Nature Reserve)",Svenska Kyrkan,32.03,32.02,0,24.66,Justerad mot fastighetskarta,511-20118-2020,Miljöbalken,Länsstyrelse
19,"2000148",Björksättrahalvön,Naturreservat,Gällande,1998/02/09,,1998/05/12,2025/12/11,,,,Stockholms Län,Huddinge,"Ia, Strikt naturreservat (Strict Nature Reserve)",Huddinge kommun,84.715,84.63,0.06,61.36,Ospecificerad,KS-2025/1465,Miljöbalken,Kommun
20,"2001155",Angarnssjöängen,Naturreservat,Gällande,1982/12/20,,1983/03/15,2026/04/15,,,,Stockholms Län,Vallentuna,"IV, Habitat/Artskyddsområde (Habitat/Species Management Area)",Länsstyrelsen i Stockholms län,565.09,549.55,15.43,114.94,Justerad mot fastighetskarta,511-62164-2025,Miljöbalken,Länsstyrelse
21,"2045415",Österslumpen,Naturreservat,Gällande,2017/12/08,,2018/01/23,2021/05/12,,,,Stockholms Län,Norrtälje,"Ia, Strikt naturreservat (Strict Nature Reserve)",Länsstyrelsen i Stockholms län,14.617,14.62,0,13.99,Slutligt inmätt,,Miljöbalken,Länsstyrelse
22,"2049661",Hökmossen,Naturreservat,Gällande,2019/04/01,,2019/05/02,2026/04/15,,,,Stockholms Län,Norrtälje,"Ia, Strikt naturreservat (Strict Nature Reserve)",Länsstyrelsen i Stockholms län,24.538,24.52,0,23.47,Slutligt inmätt,511-62164-2025,Miljöbalken,Länsstyrelse
23,"2013363",Bonavik,Naturreservat,Gällande,2007/12/19,,2008/01/24,2026/04/15,,,,Stockholms Län,Ekerö,"Ia, Strikt naturreservat (Strict Nature Reserve)",Länsstyrelsen i Stockholms län,23.658,15.54,8.1,15.1,Slutligt inmätt,511-62164-2025,Miljöbalken,Länsstyrelse
24,"2001394",Velamsund,Naturreservat,Gällande,1992/11/30,,1993/09/07,1993/09/07,,,,Stockholms Län,"Nacka, Värmdö","V, Skyddat landskap/havsområde (Protected Landscape/Seascape)",Nacka kommun,689.004,611.73,77.32,434.06,Justerad mot fastighetskarta,Nacka kommun KS 1992  238,Naturvårdslagen,Kommun
25,"2014216",Storanden,Naturreservat,Gällande,2008/09/29,,2008/11/06,2021/05/12,,,,Stockholms Län,Norrtälje,"IV, Habitat/Artskyddsområde (Habitat/Species Management Area)",Länsstyrelsen i Stockholms län,92.693,92.64,0,55.75,Slutligt inmätt,,Miljöbalken,Länsstyrelse
26,"2000154",Eldgarnsö,Naturreservat,Gällande,1979/06/05,,1979/07/03,2026/04/15,,,,Stockholms Län,"Ekerö, Upplands-Bro","Ia, Strikt naturreservat (Strict Nature Reserve)",Länsstyrelsen i Stockholms län,510.286,204.82,305.48,117.31,Justerad mot fastighetskarta,511-62164-2025,Miljöbalken,Länsstyrelse
27,"2050366",Fäberget,Naturreservat,Gällande,2018/12/11,,2019/01/10,2026/04/15,,,,Stockholms Län,Norrtälje,"Ia, Strikt naturreservat (Strict Nature Reserve)",Länsstyrelsen i Stockholms län,45.388,45.42,0,42.8,Slutligt inmätt,511-62164-2025,Miljöbalken,Länsstyrelse
28,"2002816",Adelsö-Sättra,Naturreservat,Gällande,2004/09/22,,2004/10/21,2026/04/15,,,,Stockholms Län,Ekerö,"Ia, Strikt naturreservat (Strict Nature Reserve)",Länsstyrelsen i Stockholms län,26.216,26.17,0,25.71,Slutligt inmätt,511-62164-2025,Miljöbalken,Länsstyrelse
29,"2000015",Brinkbäcken,Naturreservat,Gällande,1993/05/18,,1993/06/21,2026/04/15,,,,Stockholms Län,Botkyrka,"Ia, Strikt naturreservat (Strict Nature Reserve)",Länsstyrelsen i Stockholms län,53.575,53.47,0,47.97,Slutligt inmätt,511-62164-2025,Miljöbalken,Länsstyrelse
30,"2000843",Öarna i Stora Värtan,Naturreservat,Gällande,2000/12/11,,2001/01/08,2001/01/08,,,,Stockholms Län,Danderyd,"Ia, Strikt naturreservat (Strict Nature Reserve)",Danderyds kommun,115.52,16.12,99.33,11.38,Justerad mot fastighetskarta,,Miljöbalken,Kommun
31,"2005702",Steningedalen,Naturreservat,Gällande,2006/09/28,,2006/11/23,2006/11/23,,,,Stockholms Län,Sigtuna,"Ia, Strikt naturreservat (Strict Nature Reserve)",Sigtuna kommun,139.119,130.73,8.44,44.14,Slutligt inmätt,KS/2006:472-265,Miljöbalken,Kommun
32,"2045419",Klovsten,Naturreservat,Gällande,2018/11/30,,2019/01/03,2026/04/15,,,,Stockholms Län,Norrtälje,"Ia, Strikt naturreservat (Strict Nature Reserve)",Länsstyrelsen i Stockholms län,60.493,60.34,0.09,53.71,Slutligt inmätt,511-62164-2025,Miljöbalken,Länsstyrelse
33,"2043266",Singö-Söderby,Naturreservat,Gällande,2016/09/20,,2016/10/27,2026/04/15,,,,Stockholms Län,Norrtälje,"Ia, Strikt naturreservat (Strict Nature Reserve)",Länsstyrelsen i Stockholms län,39.829,35.21,4.65,32.36,Slutligt inmätt,511-62164-2025,Miljöbalken,Länsstyrelse
34,"2005586",Liss-Mårdsjöskogen,Naturreservat,Gällande,2006/11/16,,2006/12/14,2021/05/12,,,,Stockholms Län,Norrtälje,"Ia, Strikt naturreservat (Strict Nature Reserve)",Länsstyrelsen i Stockholms län,21.723,20.46,1.25,17.03,Slutligt inmätt,,Miljöbalken,Länsstyrelse
35,"2043888",Landsboda,Naturreservat,Gällande,2016/02/10,,2016/03/10,2026/04/15,,,,Stockholms Län,Norrtälje,"Ia, Strikt naturreservat (Strict Nature Reserve)",Länsstyrelsen i Stockholms län,51.74,50.16,1.64,40.51,Slutligt inmätt,511-62164-2025,Miljöbalken,Länsstyrelse
36,"2005580",Kornamossen,Naturreservat,Gällande,2006/11/16,,2006/12/14,2026/04/15,,,,Stockholms Län,Norrtälje,"Ia, Strikt naturreservat (Strict Nature Reserve)",Länsstyrelsen i Stockholms län,70.292,70.27,0,57.1,Slutligt inmätt,511-62164-2025,Miljöbalken,Länsstyrelse
37,"2031250",Ladängssjön,Naturreservat,Gällande,2012/08/08,,2012/09/20,2026/04/15,,,,Stockholms Län,Norrtälje,"Ia, Strikt naturreservat (Strict Nature Reserve)",Länsstyrelsen i Stockholms län,79.172,78.43,0.86,76.48,Slutligt inmätt,511-62164-2025,Miljöbalken,Länsstyrelse
38,"2005537",Sätraskogen,Naturreservat,Gällande,2006/06/12,,2006/07/20,2006/07/20,,,,Stockholms Län,Stockholm,"V, Skyddat landskap/havsområde (Protected Landscape/Seascape)",Stockholms kommun,256.596,207.25,49.17,137,Ospecificerad,304-1736/2006,Miljöbalken,Kommun
39,"2005592",Hummelberget,Naturreservat,Gällande,2006/11/16,,2006/12/14,2021/05/12,,,,Stockholms Län,Norrtälje,"Ia, Strikt naturreservat (Strict Nature Reserve)",Länsstyrelsen i Stockholms län,69.936,68.96,1.02,67,Slutligt inmätt,511-20118-2020,Miljöbalken,Länsstyrelse
40,"2042767",Oxön,Naturreservat,Gällande,2015/02/17,,2015/03/19,2026/04/15,,,,Stockholms Län,Norrtälje,"Ia, Strikt naturreservat (Strict Nature Reserve)",Länsstyrelsen i Stockholms län,17.751,17.78,0,17.7,Slutligt inmätt,511-62164-2025,Miljöbalken,Länsstyrelse
41,"2000954",Halsfambaken,Naturreservat,Gällande,1974/07/05,,1974/08/02,1974/08/02,,,,Stockholms Län,Österåker,"Ia, Strikt naturreservat (Strict Nature Reserve)",Länsstyrelsen i Stockholms län,5.962,5.97,0,3.23,Justerad mot fastighetskarta,11.121-607-74  0117-02-007,Naturvårdslagen,Länsstyrelse
42,"2041593",Moraåns dalgång,Naturreservat,Gällande,2013/09/03,,2013/10/08,2013/10/08,,,,Stockholms Län,Södertälje,"IV, Habitat/Artskyddsområde (Habitat/Species Management Area)",Södertälje kommun,66.841,66.83,0,21.95,Slutligt inmätt,2008-1459,Miljöbalken,Kommun
43,"2000149",Gladöskogen,Naturreservat,Gällande,1998/02/09,,1998/05/12,2025/12/11,,,,Stockholms Län,Huddinge,"Ia, Strikt naturreservat (Strict Nature Reserve)",Huddinge kommun,22.39,22.39,0,17.4,Ospecificerad,KS-2025/1465,Miljöbalken,Kommun
44,"2042247",Storlaven,Naturreservat,Gällande,2014/11/24,,2014/12/25,2026/04/15,,,,Stockholms Län,Norrtälje,"Ia, Strikt naturreservat (Strict Nature Reserve)",Länsstyrelsen i Stockholms län,56.339,55.23,1.06,52.83,Slutligt inmätt,511-62164-2025,Miljöbalken,Länsstyrelse
45,"2014890",Torslunda,Naturreservat,Gällande,2009/03/12,,2010/06/29,2026/04/15,,,,Stockholms Län,Sigtuna,"Ia, Strikt naturreservat (Strict Nature Reserve)",Länsstyrelsen i Stockholms län,33.738,33.8,0,32.94,Slutligt inmätt,511-62164-2025,Miljöbalken,Länsstyrelse
46,"2002636",Munkö,Naturreservat,Gällande,1957/09/14,,1957/10/12,2026/04/15,,,,Stockholms Län,Värmdö,"IV, Habitat/Artskyddsområde (Habitat/Species Management Area)",Länsstyrelsen i Stockholms län,97.91,57.88,40.05,36.82,Ospecificerad,511-62164-2025,Miljöbalken,Länsstyrelse
47,"2000834",Grundsjömossarna,Naturreservat,Gällande,2001/10/03,,2001/11/08,2026/04/15,,,,Stockholms Län,Norrtälje,"Ia, Strikt naturreservat (Strict Nature Reserve)",Länsstyrelsen i Stockholms län,226.05,225.18,0.87,162.63,Slutligt inmätt,511-62164-2025,Miljöbalken,Länsstyrelse
48,"2046227",Hamnskogen-Eriksberg,Naturreservat,Gällande,2016/10/26,,2016/12/07,2016/12/07,,,,Stockholms Län,Värmdö,"IV, Habitat/Artskyddsområde (Habitat/Species Management Area)",Värmdö kommun,34.717,29.35,5.32,20.63,Ospecificerad,15KS/86,Miljöbalken,Kommun
49,"2000626",Skötkobbarna,Naturreservat,Gällande,1973/10/09,,1973/11/06,1992/10/07,,,,Stockholms Län,Värmdö,"Ia, Strikt naturreservat (Strict Nature Reserve)",Länsstyrelsen i Stockholms län,3.752,0.89,2.86,0,Justerad mot fastighetskarta,"231-1991-1713, 0120-02-028",Naturvårdslagen,Länsstyrelse
50,"2000622",Lina,Naturreservat,Gällande,1992/10/06,,1993/11/18,2010/03/04,,,,Stockholms Län,Södertälje,"V, Skyddat landskap/havsområde (Protected Landscape/Seascape)",Södertälje kommun,312.477,303.01,9.45,185.82,Delvis inmätt,2007-1558,Miljöbalken,Kommun
51,"2002735",Käringboda,Naturreservat,Gällande,1974/12/20,,1975/01/17,2026/04/15,,,,Stockholms Län,Nynäshamn,"Ia, Strikt naturreservat (Strict Nature Reserve)",Skärgårdsstiftelsen i Stockholms län,1494.112,1082.2,412.02,689.76,Delvis inmätt,511-62164-2025,Miljöbalken,Länsstyrelse
52,"2056981",Skarpnäs,Naturreservat,Gällande,2022/06/20,,2022/10/01,2024/09/11,,,,Stockholms Län,Nacka,"V, Skyddat landskap/havsområde (Protected Landscape/Seascape)",Nacka kommun,239.929,219.71,20.12,141.4,Ospecificerad,,Miljöbalken,Kommun
53,"2002833",Ön-Bokulludden,Naturreservat,Gällande,2003/02/24,,2003/03/27,2026/04/15,,,,Stockholms Län,Norrtälje,"Ia, Strikt naturreservat (Strict Nature Reserve)",Länsstyrelsen i Stockholms län,14.981,14.92,0.08,14.75,Ospecificerad,511-62164-2025,Miljöbalken,Länsstyrelse
54,"2051761",Rävsta,Naturreservat,Gällande,2018/06/19,,2019/07/10,2019/07/10,,,,Stockholms Län,Sigtuna,"0, Områden som ej kan klassificeras enligt IUCN: s system.",Sigtuna kommun,257.736,257.43,0.15,170.59,Ospecificerad,Dnr KS/2014:419,Miljöbalken,Kommun
55,"2041886",Trollsjön,Naturreservat,Gällande,2013/12/16,,2014/04/11,2014/04/11,,,,Stockholms Län,Nacka,"V, Skyddat landskap/havsområde (Protected Landscape/Seascape)",Nacka kommun,17.318,17.07,0.23,10.34,Justerad mot fastighetskarta,KFKS 2013/551-265,Miljöbalken,Kommun
56,"2014215",Norrhenninge,Naturreservat,Gällande,2008/09/29,,2008/11/06,2026/04/15,,,,Stockholms Län,Norrtälje,"Ia, Strikt naturreservat (Strict Nature Reserve)",Länsstyrelsen i Stockholms län,14.4,14.42,0,14.08,Slutligt inmätt,511-62164-2025,Miljöbalken,Länsstyrelse
57,"2001139",Vidinge,Naturreservat,Gällande,1974/07/05,,1974/08/02,1974/08/02,,,,Stockholms Län,Norrtälje,"IV, Habitat/Artskyddsområde (Habitat/Species Management Area)",Skärgårdsstiftelsen i Stockholms län,38.725,38.31,0.36,14.89,Justerad mot fastighetskarta,"11.121-127-73,-51-71,-54-71,0188-02-025",Naturvårdslagen,Länsstyrelse
58,"2000884",Stora och Lilla Sandböte,Naturreservat,Gällande,1938/04/26,,1938/04/26,1992/04/13,,,,Stockholms Län,Haninge,"Ia, Strikt naturreservat (Strict Nature Reserve)",Skärgårdsstiftelsen i Stockholms län,20.963,20.38,0.55,3.66,Justerad mot fastighetskarta,"231-1991-1708, 0136-02-001",Naturvårdslagen,Länsstyrelse
59,"2000627",Fysingen,Naturreservat,Gällande,1984/05/29,,1984/11/22,2026/04/15,,,,Stockholms Län,Sigtuna,"IV, Habitat/Artskyddsområde (Habitat/Species Management Area)",Länsstyrelsen i Stockholms län,184.007,126.32,57.75,31.25,Slutligt inmätt,511-62164-2025,Miljöbalken,Länsstyrelse
60,"2001388",Kappsta,Naturreservat,Gällande,1995/12/18,,1996/02/06,2021/05/12,,,,Stockholms Län,Lidingö,"IV, Habitat/Artskyddsområde (Habitat/Species Management Area)",Lidingö kommun,9.994,8.73,1.2,7.78,Justerad mot fastighetskarta,511-20118-2020,Miljöbalken,Länsstyrelse
61,"2014211",Ålö-Rånö,Naturreservat,Gällande,2008/05/16,,2008/06/19,2026/04/15,,,,Stockholms Län,Haninge,"V, Skyddat landskap/havsområde (Protected Landscape/Seascape)",Skärgårdsstiftelsen i Stockholms län,2828.731,1069.91,1758.78,602.49,Delvis inmätt,511-62164-2025,Miljöbalken,Länsstyrelse
62,"2002963",Flaten,Naturreservat,Gällande,2004/11/22,,2004/12/21,2007/01/30,,,,Stockholms Län,"Huddinge, Stockholm, Tyresö","V, Skyddat landskap/havsområde (Protected Landscape/Seascape)",Stockholms kommun,735.622,541.82,193.97,360.65,Ospecificerad,304-1683/2003,Miljöbalken,Kommun
63,"2000624",Sandholmarna,Naturreservat,Gällande,1995/05/30,,1995/09/27,1995/09/27,,,,Stockholms Län,Tyresö,"Ia, Strikt naturreservat (Strict Nature Reserve)",Tyresö kommun,75.325,30.67,44.67,8.83,Justerad mot fastighetskarta,Tyresö kommun 1994.0099  265,Naturvårdslagen,Kommun
64,"2000887",Gällnö,Naturreservat,Gällande,1978/04/10,,1978/05/08,2026/04/15,,,,Stockholms Län,Värmdö,"IV, Habitat/Artskyddsområde (Habitat/Species Management Area)",Skärgårdsstiftelsen i Stockholms län,270.414,149.47,120.84,112.38,Ospecificerad,511-62164-2025,Miljöbalken,Länsstyrelse
65,"2002731",Skevik,Naturreservat,Gällande,1949/11/23,,1949/12/21,2026/04/15,,,,Stockholms Län,Värmdö,"Ia, Strikt naturreservat (Strict Nature Reserve)",Länsstyrelsen i Stockholms län,3.247,3.26,0,1.89,Slutligt inmätt,511-62164-2025,Miljöbalken,Länsstyrelse
66,"2002299",Fjärdlång,Naturreservat,Gällande,1986/03/03,,1986/05/05,2026/04/15,,,,Stockholms Län,"Haninge, Värmdö","V, Skyddat landskap/havsområde (Protected Landscape/Seascape)",Skärgårdsstiftelsen i Stockholms län,5089.013,548,4540.85,176.88,Justerad mot fastighetskarta,511-62164-2025,Miljöbalken,Länsstyrelse
67,"2001387",Ören,Naturreservat,Gällande,,,,2023/10/17,,,,Stockholms Län,Nynäshamn,"Ia, Strikt naturreservat (Strict Nature Reserve)",Nynäshamns kommun,116.529,106.52,10.04,93.17,Justerad mot fastighetskarta,KS/2021/0117/265,Miljöbalken,Kommun
68,"2000140",Hansta,Naturreservat,Gällande,1998/08/26,,1999/12/08,2014/05/14,,,,Stockholms Län,"Sollentuna, Stockholm","V, Skyddat landskap/havsområde (Protected Landscape/Seascape)",Stockholms kommun,269.713,269.59,0,214.49,Justerad mot fastighetskarta,2011-09415-55,Miljöbalken,Kommun
69,"2002734",Fifång,Naturreservat,Gällande,1999/05/28,,1999/07/07,2026/04/15,,,,Stockholms Län,"Nynäshamn, Södertälje, Trosa","IV, Habitat/Artskyddsområde (Habitat/Species Management Area)",Länsstyrelsen i Stockholms län,1720.859,236.43,1484.37,89.9,Slutligt inmätt,511-62164-2025,Miljöbalken,Länsstyrelse
70,"2000019",Judarskogen,Naturreservat,Gällande,1995/06/21,,1995/11/29,1995/11/29,,,,Stockholms Län,Stockholm,"Ia, Strikt naturreservat (Strict Nature Reserve)",Stockholms kommun,94.871,88.32,6.58,71.38,Justerad mot fastighetskarta,94-512-230,Naturvårdslagen,Kommun
71,"2042610",Tegelhagsskogen,Naturreservat,Gällande,2014/06/16,,2014/09/02,2014/09/02,,,,Stockholms Län,Sollentuna,"Ia, Strikt naturreservat (Strict Nature Reserve)",Sollentuna kommun,91.246,83.68,7.57,66.36,Ospecificerad,KS 2011/217-51,Miljöbalken,Kommun
72,"2044042",Svärdsö,Naturreservat,Gällande,2014/12/15,,2016/04/14,2016/04/14,,,,Stockholms Län,Nacka,"Ia, Strikt naturreservat (Strict Nature Reserve)",Nacka kommun,147.88,55.64,92.26,34.36,Justerad mot fastighetskarta,KFKS 2014/955-265,Miljöbalken,Kommun
73,"2000145",Munkholmen,Naturreservat,Gällande,1965/09/01,,1965/09/29,2009/10/01,,,,Stockholms Län,Sigtuna,"IV, Habitat/Artskyddsområde (Habitat/Species Management Area)",Sigtuna kommun,4.333,4.32,0.03,3.49,Ospecificerad,Ks/2009:31,Miljöbalken,Kommun
74,"2000159",Råda,Naturreservat,Gällande,1975/02/26,,1975/03/26,2026/04/15,,,,Stockholms Län,Norrtälje,"IV, Habitat/Artskyddsområde (Habitat/Species Management Area)",Länsstyrelsen i Stockholms län,62.899,62.87,0,58.65,Slutligt inmätt,511-62164-2025,Miljöbalken,Länsstyrelse
75,"2001110",Tyresta,Naturreservat,Gällande,1986/04/09,,1987/06/16,2026/04/15,,,,Stockholms Län,"Haninge, Tyresö","Ib, Vildmarksområde (Wilderness Area)",Stiftelsen Tyrestaskogen,2948.948,2601.24,347.39,1570.39,Justerad mot fastighetskarta,511-62164-2025,Miljöbalken,Länsstyrelse
76,"2000839",Stavsudda-Krokholmen,Naturreservat,Gällande,1974/07/05,,1974/08/02,1974/08/02,,,,Stockholms Län,Värmdö,"Ia, Strikt naturreservat (Strict Nature Reserve)",Länsstyrelsen i Stockholms län,4.163,4.06,0.06,2.4,Ospecificerad,11.121-58-71  0120-02-032,Naturvårdslagen,Länsstyrelse
77,"2045230",Norra Törnskogen,Naturreservat,Gällande,2016/06/20,,2016/07/21,2016/07/21,,,,Stockholms Län,Upplands Väsby,"V, Skyddat landskap/havsområde (Protected Landscape/Seascape)",Upplands Väsby kommun,103.789,103.84,0,68.4,Ospecificerad,511-25188-2016,Miljöbalken,Kommun
78,"2002302",Fäviksgrundet,Naturreservat,Gällande,1970/01/19,,1970/02/16,1970/02/16,,,,Stockholms Län,Norrtälje,"IV, Habitat/Artskyddsområde (Habitat/Species Management Area)",Norrtälje kommun,0.632,0.57,0.05,0.54,Justerad mot fastighetskarta,22R11-54-69   0188-02-010,Naturvårdslagen,Länsstyrelse
79,"2027609",Mårdsjön,Naturreservat,Gällande,2011/05/04,,2011/06/09,2021/05/12,,,,Stockholms Län,Norrtälje,"IV, Habitat/Artskyddsområde (Habitat/Species Management Area)",Länsstyrelsen i Stockholms län,23.557,22.83,0.7,20.24,Slutligt inmätt,,Miljöbalken,Länsstyrelse
80,"2000629",Rimsjöskogen,Naturreservat,Gällande,1996/08/16,,1996/11/11,2026/04/15,,,,Stockholms Län,Norrtälje,"Ia, Strikt naturreservat (Strict Nature Reserve)",Länsstyrelsen i Stockholms län,29.302,29.3,0,28.91,Slutligt inmätt,511-62164-2025,Miljöbalken,Länsstyrelse
81,"2000841",Oxnäset,Naturreservat,Gällande,2002/05/07,,2002/06/04,2002/06/04,,,,Stockholms Län,Norrtälje,"Ia, Strikt naturreservat (Strict Nature Reserve)",Norrtälje kommun,7.77,7.68,0.08,6.36,Justerad mot fastighetskarta,,Miljöbalken,Kommun
82,"2002909",Igelbäcken i Solna,Naturreservat,Gällande,2004/06/21,,2005/02/15,2005/02/15,,,,Stockholms Län,"Solna, Sundbyberg","Ia, Strikt naturreservat (Strict Nature Reserve)",Solna kommun,166.533,165.43,1.16,96.31,Justerad mot fastighetskarta,KS/1998:301,Miljöbalken,Kommun
83,"2001395",Björkby-Kyrkviken,Naturreservat,Gällande,,,,2009/01/09,,,,Stockholms Län,Vallentuna,"IV, Habitat/Artskyddsområde (Habitat/Species Management Area)",Vallentuna kommun,99.645,62.89,36.69,8.09,Ospecificerad,511-2007-83176,Miljöbalken,Länsstyrelse
84,"2024689",Lovö,Naturreservat,Gällande,2014/03/17,,2015/10/29,2026/04/15,,,,Stockholms Län,"Ekerö, Stockholm","V, Skyddat landskap/havsområde (Protected Landscape/Seascape)",Statens Fastighetsverk,3202.695,2069.54,1132.97,1153.18,Justerad mot fastighetskarta,511-62164-2025,Miljöbalken,Länsstyrelse
85,"2026490",Svartsjön,Naturreservat,Gällande,2011/07/11,,2011/08/11,2026/04/15,,,,Stockholms Län,"Haninge, Huddinge","Ia, Strikt naturreservat (Strict Nature Reserve)",Länsstyrelsen i Stockholms län,36.007,28.99,7.02,4.25,Slutligt inmätt,511-62164-2025,Miljöbalken,Länsstyrelse
86,"2000875",Stora Nassa,Naturreservat,Gällande,1965/10/11,,1965/11/08,2025/01/24,,,,Stockholms Län,"Norrtälje, Värmdö","Ib, Vildmarksområde (Wilderness Area)",Elisabet och Robert Nathansons Fam. Stiftelse Stora Nassa,2942.815,276.25,2666.6,3.8,Justerad mot fastighetskarta,511-26361-2023,Miljöbalken,Länsstyrelse
87,"2001138",Stora Sunnkobben,Naturreservat,Gällande,1974/01/21,,1974/02/18,1974/02/18,,,,Stockholms Län,Norrtälje,"IV, Habitat/Artskyddsområde (Habitat/Species Management Area)",Länsstyrelsen i Stockholms län,7.121,6.83,0.25,0.02,Justerad mot fastighetskarta,11.121-36-71    0188-02-021,Naturvårdslagen,Länsstyrelse
88,"2000878",Rönninge by-Skavlöten,Naturreservat,Gällande,2002/06/17,,2002/07/15,2002/07/15,,,,Stockholms Län,Täby,"Ia, Strikt naturreservat (Strict Nature Reserve)",Täby kommun,179.496,179.04,0.47,134.57,Justerad mot fastighetskarta,,Miljöbalken,Kommun
89,"2000004",Sättra gård,Naturreservat,Gällande,1970/07/31,,1970/08/28,1970/08/28,,,,Stockholms Län,"Upplands Väsby, Upplands-Bro","Ia, Strikt naturreservat (Strict Nature Reserve)",Upplands Väsby kommun,213.083,155.23,57.82,95.05,Justerad mot fastighetskarta,22R11-21-70  0114-02-001,Naturvårdslagen,Länsstyrelse
90,"2000625",Södra Stavsudda,Naturreservat,Gällande,1970/11/15,,1970/12/13,1970/12/13,,,,Stockholms Län,Värmdö,"Ia, Strikt naturreservat (Strict Nature Reserve)",Länsstyrelsen i Stockholms län,2.722,2.19,0.52,0.13,Slutligt inmätt,22R-11-78-70   0120-02-023,Naturvårdslagen,Länsstyrelse
91,"2028209",Vackstaskogen,Naturreservat,Gällande,2011/12/28,,2012/02/27,2026/04/15,,,,Stockholms Län,"Nykvarn, Södertälje","IV, Habitat/Artskyddsområde (Habitat/Species Management Area)",Länsstyrelsen i Stockholms län,27.839,23.28,4.59,18.52,Slutligt inmätt,511-62164-2025,Miljöbalken,Länsstyrelse
92,"2013395",Kamsmosskogen,Naturreservat,Gällande,2008/07/30,,2008/09/04,2026/04/15,,,,Stockholms Län,Norrtälje,"Ia, Strikt naturreservat (Strict Nature Reserve)",Länsstyrelsen i Stockholms län,23.634,23.62,0,22.19,Slutligt inmätt,511-62164-2025,Miljöbalken,Länsstyrelse
93,"2000844",Aspdalssjön,Naturreservat,Gällande,1996/12/03,,1997/01/07,2026/04/15,,,,Stockholms Län,"Norrtälje, Uppsala","IV, Habitat/Artskyddsområde (Habitat/Species Management Area)",Länsstyrelsen i Stockholms län,118.559,93.83,24.78,82.02,Justerad mot fastighetskarta,511-62164-2025,Miljöbalken,Länsstyrelse
94,"2002300",Möja Björndalen,Naturreservat,Gällande,1992/05/25,,1992/07/13,2026/04/15,,,,Stockholms Län,Värmdö,"Ia, Strikt naturreservat (Strict Nature Reserve)",Skärgårdsstiftelsen i Stockholms län,143.343,143.23,0.07,86.59,Justerad mot fastighetskarta,511-62164-2025,Miljöbalken,Länsstyrelse
95,"2057621",Uddaberget,Naturreservat,Gällande,2024/06/12,,2024/12/05,2024/12/05,,,,Stockholms Län,Södertälje,"Ia, Strikt naturreservat (Strict Nature Reserve)",Länsstyrelsen i Stockholms län,373.49,362.46,11.04,267.48,Slutligt inmätt,511-72777-2020,Miljöbalken,Länsstyrelse
96,"2001073",Exerman-Hersby,Naturreservat,Gällande,2003/11/03,,2003/12/01,2003/12/01,,,,Stockholms Län,Vallentuna,"Ia, Strikt naturreservat (Strict Nature Reserve)",Vallentuna kommun,67.535,67.54,0,51.34,Justerad mot fastighetskarta,1998.021 265,Miljöbalken,Kommun
97,"2002197",Vånsholmen,Naturreservat,Gällande,1969/02/27,,1969/03/27,1969/03/27,,,,Stockholms Län,Värmdö,"Ia, Strikt naturreservat (Strict Nature Reserve)",Länsstyrelsen i Stockholms län,17.018,17.02,0.02,5.51,Slutligt inmätt,22R-11-4-67    0120-02-016,Naturvårdslagen,Länsstyrelse
98,"2050038",Rågsved,Naturreservat,Gällande,2018/05/28,,2018/07/06,2018/07/06,,,,Stockholms Län,"Huddinge, Stockholm","IV, Habitat/Artskyddsområde (Habitat/Species Management Area)",Stockholms kommun,95.998,89.31,6.59,48.84,Ospecificerad,KS 2018/652,Miljöbalken,Kommun
99,"2000168",Bullerskär,Naturreservat,Gällande,1995/02/13,,1995/03/30,1995/03/30,,,,Stockholms Län,Norrtälje,"Ia, Strikt naturreservat (Strict Nature Reserve)",Länsstyrelsen i Stockholms län,7.659,7.42,0.2,6.84,Justerad mot fastighetskarta,"231-1991-1744, 0188-02-39",Naturvårdslagen,Länsstyrelse
100,"2001075",Exerman-Hersby,Naturreservat,Gällande,2003/12/15,,2004/01/12,2004/01/12,,,,Stockholms Län,Österåker,"Ia, Strikt naturreservat (Strict Nature Reserve)",Vallentuna kommun,3.882,3.87,0,3.64,Ospecificerad,2002.6 265,Miljöbalken,Kommun
101,"2002295",Tranvik,Naturreservat,Gällande,1978/12/20,,1979/01/17,1994/09/12,,,,Stockholms Län,Norrtälje,"Ia, Strikt naturreservat (Strict Nature Reserve)",Stiftelsen Oscar Hirschs minne,369.781,244.09,125.77,147.99,Justerad mot fastighetskarta,"231-1991-271, 0188-02-004",Naturvårdslagen,Länsstyrelse
102,"2028349",Gräddö-Asken,Naturreservat,Gällande,2014/01/09,,2014/02/13,2014/02/13,,,,Stockholms Län,Norrtälje,"Ia, Strikt naturreservat (Strict Nature Reserve)",Länsstyrelsen i Stockholms län,11.087,6.54,4.47,5.61,Ospecificerad,511-29829-2012 (fd 511-2010-12605),Miljöbalken,Länsstyrelse
103,"2002301",Salskären,Naturreservat,Gällande,1973/10/11,,1973/11/08,1973/11/08,,,,Stockholms Län,Norrtälje,"Ia, Strikt naturreservat (Strict Nature Reserve)",Skärgårdsstiftelsen i Stockholms län,75.989,5.8,70.12,1.58,Justerad mot fastighetskarta,11.121-75-71    0188-02-018,Naturvårdslagen,Länsstyrelse
104,"2002920",Lövdalsskogen,Naturreservat,Gällande,2005/05/11,,2005/06/09,2026/04/15,,,,Stockholms Län,Norrtälje,"Ia, Strikt naturreservat (Strict Nature Reserve)",Länsstyrelsen i Stockholms län,66.382,66.28,0.01,61.99,Slutligt inmätt,511-62164-2025,Miljöbalken,Länsstyrelse
105,"2043707",Bellberget,Naturreservat,Gällande,2016/12/22,,2017/01/26,2026/04/15,,,,Stockholms Län,Norrtälje,"Ia, Strikt naturreservat (Strict Nature Reserve)",Länsstyrelsen i Stockholms län,37.365,37.22,0.2,34.8,Slutligt inmätt,511-62164-2025,Miljöbalken,Länsstyrelse
106,"2052889",Färsna,Naturreservat,Gällande,2022/09/26,,2022/11/02,2022/11/02,,,,Stockholms Län,Norrtälje,"0, Områden som ej kan klassificeras enligt IUCN: s system.",Norrtälje kommun,80.463,80.45,0,61.85,Ospecificerad,511-54506-2022,Miljöbalken,Kommun
107,"2002308",Granholmen,Naturreservat,Gällande,1978/04/10,,1978/05/08,2019/01/10,,,,Stockholms Län,Värmdö,"IV, Habitat/Artskyddsområde (Habitat/Species Management Area)",Skärgårdsstiftelsen i Stockholms län,39.202,18.75,20.51,8.7,Ospecificerad,511-17752-2012,Miljöbalken,Länsstyrelse
108,"2000161",Häverö-Bergby,Naturreservat,Gällande,1983/06/10,,1983/10/17,2026/04/15,,,,Stockholms Län,Norrtälje,"IV, Habitat/Artskyddsområde (Habitat/Species Management Area)",Länsstyrelsen i Stockholms län,151.637,149.38,2.26,123.72,Delvis inmätt,511-62164-2025,Miljöbalken,Länsstyrelse
109,"2050368",Ersmossen,Naturreservat,Gällande,2018/12/13,,2019/01/24,2021/05/12,,,,Stockholms Län,Norrtälje,"Ia, Strikt naturreservat (Strict Nature Reserve)",Länsstyrelsen i Stockholms län,61.932,61.8,0,39.31,Slutligt inmätt,511-20118-2020,Miljöbalken,Länsstyrelse
110,"2201441",Hästa klack,Naturreservat,Gällande,2026/01/12,,2026/02/15,2026/02/15,,,,Stockholms Län,Järfälla,"0, Områden som ej kan klassificeras enligt IUCN: s system.",Järfälla kommun,14.239,14.23,0,13.61,Ospecificerad,Dnr KST 2024/683,Miljöbalken,Kommun
111,"2000164",Häverö prästäng,Naturreservat,Gällande,1973/04/24,,1973/05/22,2026/04/15,,,,Stockholms Län,Norrtälje,"IV, Habitat/Artskyddsområde (Habitat/Species Management Area)",Länsstyrelsen i Stockholms län,47.626,47.4,0.16,37.18,Justerad mot fastighetskarta,511-62164-2025,Miljöbalken,Länsstyrelse
112,"2043288",Drevviken,Naturreservat,Gällande,2014/06/09,,2014/07/24,2025/12/11,,,,Stockholms Län,"Haninge, Huddinge, Tyresö","0, Områden som ej kan klassificeras enligt IUCN: s system.",Huddinge kommun,146.182,52.08,94.01,33.65,Ospecificerad,KS-2025/1465,Miljöbalken,Kommun
113,"2000619",Kyrksjölöten,Naturreservat,Gällande,1997/04/09,,1997/10/01,1997/10/01,,,,Stockholms Län,Stockholm,"Ia, Strikt naturreservat (Strict Nature Reserve)",Stockholms kommun,50.501,45.21,5.18,34.08,Justerad mot fastighetskarta,96-682-1382:6,Naturvårdslagen,Kommun
114,"2002832",Södergarn,Naturreservat,Gällande,2003/02/24,,2003/03/27,2003/03/27,,,,Stockholms Län,Norrtälje,"Ia, Strikt naturreservat (Strict Nature Reserve)",Länsstyrelsen i Stockholms län,24.693,24.24,0.53,23.55,Slutligt inmätt,18513-1999-26995,Miljöbalken,Länsstyrelse
115,"2000165",Rörvik,Naturreservat,Gällande,1981/04/10,,1981/06/22,2021/05/12,,,,Stockholms Län,Norrtälje,"Ia, Strikt naturreservat (Strict Nature Reserve)",Norrtälje kommun,24.45,11.15,13.31,8.79,Justerad mot fastighetskarta,,Miljöbalken,Länsstyrelse
116,"2044379",Brandalsund,Naturreservat,Gällande,2016/04/04,,2016/05/06,2016/05/06,,,,Stockholms Län,Södertälje,"Ia, Strikt naturreservat (Strict Nature Reserve)",Södertälje kommun,64.699,55.47,9.18,41.79,Ospecificerad,2015-85,Miljöbalken,Kommun
117,"2002292",Villinge Boskapsö,Naturreservat,Gällande,1987/09/07,,1987/10/13,2012/10/17,,,,Stockholms Län,Värmdö,"V, Skyddat landskap/havsområde (Protected Landscape/Seascape)",SEB rekreationsstiftelse,339.749,113.4,226.37,71.45,Justerad mot fastighetskarta,5112-16856-2012,Miljöbalken,Länsstyrelse
118,"2000620",Älta mosse-Strålsjön,Naturreservat,Gällande,1995/04/24,,1995/08/24,1995/08/24,,,,Stockholms Län,Nacka,"Ia, Strikt naturreservat (Strict Nature Reserve)",Nacka kommun,52.622,51.34,1.29,29.99,Justerad mot fastighetskarta,Nacka kommun  Ä94/77-28,Naturvårdslagen,Kommun
119,"2201411",Stolpaskogens naturreservat,Naturreservat,Gällande,2026/02/09,,2026/03/20,2026/03/20,,,,Stockholms Län,Täby,"0, Områden som ej kan klassificeras enligt IUCN: s system.",Täby kommun,71.33,71.41,0,65.83,Ospecificerad,KS 2025/254-40,Miljöbalken,Kommun
120,"2005627",Trångsundsskogen,Naturreservat,Gällande,2006/04/18,,2006/05/20,2025/12/11,,,,Stockholms Län,"Huddinge, Tyresö","0, Områden som ej kan klassificeras enligt IUCN: s system.",Huddinge kommun,57.52,47.5,10.02,35.15,Ospecificerad,KS-2025/1465,Miljöbalken,Kommun
121,"2043287",Lissmadalen,Naturreservat,Gällande,2014/06/09,,2014/07/24,2025/12/11,,,,Stockholms Län,Huddinge,"IV, Habitat/Artskyddsområde (Habitat/Species Management Area)",Huddinge kommun,185.217,175.5,9.7,70.73,Justerad mot fastighetskarta,KS-2025/1465,Miljöbalken,Kommun
122,"2056664",Mjölnarkärrskogen,Naturreservat,Gällande,2022/11/14,,2022/12/14,2022/12/14,,,,Stockholms Län,Norrtälje,"Ia, Strikt naturreservat (Strict Nature Reserve)",Länsstyrelsen i Stockholms län,23.779,23.75,0,23.71,Slutligt inmätt,5112-63371-2020,Miljöbalken,Länsstyrelse
123,"2201277",Vindsjöbergen,Naturreservat,Gällande,2026/01/27,,2026/02/26,2026/02/26,,,,Stockholms Län,Österåker,"0, Områden som ej kan klassificeras enligt IUCN: s system.",Länsstyrelsen i Stockholms län,145.863,144.95,0.93,108.3,Slutligt inmätt,21793-2019,Miljöbalken,Länsstyrelse
124,"2000008",Yttereneby,Naturreservat,Gällande,1997/02/04,,1997/05/02,1997/05/02,,,,Stockholms Län,Södertälje,"IV, Habitat/Artskyddsområde (Habitat/Species Management Area)",Södertälje kommun,62.547,62.49,0.07,41.59,Justerad mot fastighetskarta,1996.109.433,Naturvårdslagen,Kommun
125,"2014892",Tollare,Naturreservat,Gällande,2009/05/25,,2010/04/20,2010/04/20,,,,Stockholms Län,Nacka,"0, Områden som ej kan klassificeras enligt IUCN: s system.",Nacka kommun,79.837,74.93,4.83,45.17,Justerad mot fastighetskarta,KFKS 2008/214,Miljöbalken,Kommun
126,"2002898",Igelbäcken i Sundbyberg,Naturreservat,Gällande,2004/01/26,,2004/02/25,2004/02/25,,,,Stockholms Län,"Solna, Sundbyberg","Ia, Strikt naturreservat (Strict Nature Reserve)",Sundbybergs kommun,126.888,126.76,0,91.3,Ospecificerad,228/2002-264,Miljöbalken,Kommun
127,"2043732",Ålandsskär,Naturreservat,Gällande,2014/06/17,,2015/03/19,2015/03/19,,,,Stockholms Län,Haninge,"Ia, Strikt naturreservat (Strict Nature Reserve)",Skärgårdsstiftelsen i Stockholms län,18.07,17.66,0.4,0,Ospecificerad,5112-40596-2012,Miljöbalken,Länsstyrelse
128,"2002723",Korshamn,Naturreservat,Gällande,1962/04/30,,1962/05/28,2021/05/12,,,,Stockholms Län,Värmdö,"III, Naturmonument (Natural Monument)",Länsstyrelsen i Stockholms län,1.337,1.26,0.03,0.26,Justerad mot fastighetskarta,511-20118-2020,Miljöbalken,Länsstyrelse
129,"2046554",Tulka,Naturreservat,Gällande,2020/11/22,,2020/12/31,2020/12/31,,,,Stockholms Län,Norrtälje,"Ia, Strikt naturreservat (Strict Nature Reserve)",Länsstyrelsen i Stockholms län,55.586,55.67,0,54.73,Slutligt inmätt,511-24761-2012,Miljöbalken,Länsstyrelse
130,"2002759",Vågsjön,Naturreservat,Gällande,2005/02/10,,2005/03/17,2021/05/12,,,,Stockholms Län,Norrtälje,"Ia, Strikt naturreservat (Strict Nature Reserve)",Länsstyrelsen i Stockholms län,51.237,47.96,3.27,42.73,Slutligt inmätt,,Miljöbalken,Länsstyrelse
131,"2041049",Blågårdsmossen,Naturreservat,Gällande,2013/07/23,,2013/09/05,2021/05/12,,,,Stockholms Län,Norrtälje,"Ia, Strikt naturreservat (Strict Nature Reserve)",Länsstyrelsen i Stockholms län,11.804,11.75,0,10.33,Slutligt inmätt,511-20118-2020,Miljöbalken,Länsstyrelse
132,"2002729",Dyvik,Naturreservat,Gällande,1962/06/21,,1962/07/19,1962/07/19,,,,Stockholms Län,Tyresö,"IV, Habitat/Artskyddsområde (Habitat/Species Management Area)",Enskild markägare,7.197,6.65,0.56,3.55,Slutligt inmätt,III R-2-6     0138-02-002,Naturvårdslagen,Länsstyrelse
133,"2045414",Småbodarna,Naturreservat,Gällande,2017/12/06,,2018/01/11,2021/05/12,,,,Stockholms Län,Norrtälje,"Ia, Strikt naturreservat (Strict Nature Reserve)",Länsstyrelsen i Stockholms län,11.238,11.26,0,11.11,Slutligt inmätt,,Miljöbalken,Länsstyrelse
134,"2000166",Svalgarn,Naturreservat,Gällande,1993/05/03,,1993/07/02,2021/05/12,,,,Stockholms Län,Upplands-Bro,"Ia, Strikt naturreservat (Strict Nature Reserve)",Upplands-Bro kommun,24.788,24.38,0.46,22.77,Justerad mot fastighetskarta,511-20118-2020,Miljöbalken,Länsstyrelse
135,"2025889",Hasselhorn,Naturreservat,Gällande,2014/09/12,,2014/10/16,2026/04/15,,,,Stockholms Län,Norrtälje,"Ia, Strikt naturreservat (Strict Nature Reserve)",Länsstyrelsen i Stockholms län,121.02,120.3,0.68,110.94,Slutligt inmätt,511-62164-2025,Miljöbalken,Länsstyrelse
136,"2005585",Svartkärret,Naturreservat,Gällande,2006/11/16,,2006/12/14,2026/04/15,,,,Stockholms Län,Norrtälje,"Ia, Strikt naturreservat (Strict Nature Reserve)",Länsstyrelsen i Stockholms län,77.919,77.86,0,69.2,Slutligt inmätt,511-62164-2025,Miljöbalken,Länsstyrelse
137,"2047204",Getholmen,Naturreservat,Gällande,2018/03/12,,2018/04/12,2026/04/15,,,,Stockholms Län,Österåker,"0, Områden som ej kan klassificeras enligt IUCN: s system.",Länsstyrelsen i Stockholms län,9.769,6.83,2.99,4.77,Ospecificerad,511-62164-2025,Miljöbalken,Länsstyrelse
138,"2001393",Orlången,Naturreservat,Gällande,,,,2025/12/11,,,,Stockholms Län,Huddinge,"V, Skyddat landskap/havsområde (Protected Landscape/Seascape)",Huddinge kommun,1732.188,1452.69,279.4,757.92,Ospecificerad,KS-2025/1465,Miljöbalken,Kommun
139,"2030089",Åttesta,Naturreservat,Gällande,2012/08/08,,2012/09/20,2021/05/12,,,,Stockholms Län,"Sigtuna, Vallentuna","IV, Habitat/Artskyddsområde (Habitat/Species Management Area)",Länsstyrelsen i Stockholms län,46.602,46.63,0,37.26,Slutligt inmätt,,Miljöbalken,Länsstyrelse
140,"2002199",Svenska Högarna,Naturreservat,Gällande,1976/11/12,,1976/12/10,2020/04/23,,,,Stockholms Län,"Norrtälje, Värmdö","Ib, Vildmarksområde (Wilderness Area)",Länsstyrelsen i Stockholms län,60971.418,107.34,60864.05,0.13,Ospecificerad,511-20689-2016,Miljöbalken,Länsstyrelse
141,"2000281",Rimsjö,Naturreservat,Gällande,1946/01/25,,1946/01/25,1992/11/02,,,,Stockholms Län,Norrtälje,"IV, Habitat/Artskyddsområde (Habitat/Species Management Area)",Länsstyrelsen i Stockholms län,5.562,5.53,0,4.63,Justerad mot fastighetskarta,"231-1991-984, 0188-02-002",Naturvårdslagen,Länsstyrelse
142,"2052463",Slandön,Naturreservat,Gällande,2019/12/19,,2020/02/07,2026/04/15,,,,Stockholms Län,Södertälje,"0, Områden som ej kan klassificeras enligt IUCN: s system.",Länsstyrelsen i Stockholms län,31.251,30.23,0.98,26.16,Ospecificerad,511-62164-2025,Miljöbalken,Länsstyrelse
143,"2043863",Rösaringsåsen,Naturreservat,Gällande,2015/07/03,,2015/08/05,2026/04/15,,,,Stockholms Län,Upplands-Bro,"Ia, Strikt naturreservat (Strict Nature Reserve)",Länsstyrelsen i Stockholms län,136.24,136.17,0,127.85,Delvis inmätt,511-62164-2025,Miljöbalken,Länsstyrelse
144,"2000631",Malmsjön,Naturreservat,Gällande,1979/09/22,,1979/10/20,2026/04/15,,,,Stockholms Län,"Norrtälje, Österåker","Ia, Strikt naturreservat (Strict Nature Reserve)",Länsstyrelsen i Stockholms län,10.592,10.57,0,6.93,Slutligt inmätt,511-62164-2025,Miljöbalken,Länsstyrelse
145,"2014799",Vinterskogen,Naturreservat,Gällande,2009/06/16,,2009/07/22,2009/07/22,,,,Stockholms Län,Botkyrka,"V, Skyddat landskap/havsområde (Protected Landscape/Seascape)",Botkyrka kommun,292.754,278.6,14.21,231.78,Justerad mot fastighetskarta,KS/2008:450,Miljöbalken,Kommun
146,"2001104",Kudoxa,Naturreservat,Gällande,1970/06/03,,1970/07/01,1970/07/01,,,,Stockholms Län,Norrtälje,"Ia, Strikt naturreservat (Strict Nature Reserve)",Länsstyrelsen i Stockholms län,24.4,21.97,2.41,14.45,Justerad mot fastighetskarta,22R11-4-70   0188-02-011,Naturvårdslagen,Länsstyrelse
147,"2000882",Vickelsjön,Naturreservat,Gällande,1999/05/18,,1999/06/21,2021/05/12,,,,Stockholms Län,Norrtälje,"Ia, Strikt naturreservat (Strict Nature Reserve)",Länsstyrelsen i Stockholms län,33.75,33.71,0,31.38,Justerad mot fastighetskarta,,Miljöbalken,Länsstyrelse
148,"2002818",Arsläjan,Naturreservat,Gällande,2002/08/21,,2004/04/29,2021/05/12,,,,Stockholms Län,Norrtälje,"Ia, Strikt naturreservat (Strict Nature Reserve)",Länsstyrelsen i Stockholms län,89.121,28.9,60.21,15.34,Slutligt inmätt,511-20118-2020,Miljöbalken,Länsstyrelse
149,"2000144",Hällsboskogen,Naturreservat,Gällande,1997/04/14,,1997/08/01,1997/08/01,,,,Stockholms Län,Sigtuna,"Ia, Strikt naturreservat (Strict Nature Reserve)",Sigtuna kommun,53.999,53.97,0,50.92,Justerad mot fastighetskarta,96/KA 0349-265,Naturvårdslagen,Kommun
150,"2002732",Storängsudd,Naturreservat,Gällande,1936/10/29,,1936/10/29,2021/05/12,,,,Stockholms Län,Värmdö,"Ia, Strikt naturreservat (Strict Nature Reserve)",Länsstyrelsen i Stockholms län,10.629,10.42,0.23,8.31,Justerad mot fastighetskarta,511-20118-2020,Miljöbalken,Länsstyrelse
151,"2055382",Ryssbergen,Naturreservat,Gällande,2022/02/21,,2023/04/28,2023/04/28,,,,Stockholms Län,Nacka,"Ia, Strikt naturreservat (Strict Nature Reserve)",Nacka kommun,13.601,13.54,0,8.46,Ospecificerad,511-11145-2022,Miljöbalken,Kommun
152,"2056266",Mälarskogen,Naturreservat,Gällande,2022/06/01,,2022/07/20,2022/07/20,,,,Stockholms Län,Botkyrka,"0, Områden som ej kan klassificeras enligt IUCN: s system.",Botkyrka kommun,69.442,62.23,7.17,56.78,Ospecificerad,511-39835-2022,Miljöbalken,Kommun
153,"2000877",Långskär,Naturreservat,Gällande,1979/04/19,,1979/05/17,1979/05/17,,,,Stockholms Län,Värmdö,"IV, Habitat/Artskyddsområde (Habitat/Species Management Area)",Länsstyrelsen i Stockholms län,853.973,30.57,823.7,0,Justerad mot fastighetskarta,11.121-580B-76  0120-02-014,Naturvårdslagen,Länsstyrelse
154,"2001105",Fårholmen,Naturreservat,Gällande,1974/01/21,,1974/02/18,1974/02/18,,,,Stockholms Län,Norrtälje,"IV, Habitat/Artskyddsområde (Habitat/Species Management Area)",Länsstyrelsen i Stockholms län,13.115,12.94,0.17,6.26,Justerad mot fastighetskarta,11.121-63A-71   0188-02-020,Naturvårdslagen,Länsstyrelse
155,"2001149",Lilla Svedjeholmen,Naturreservat,Gällande,1969/10/23,,1969/11/20,1969/11/20,,,,Stockholms Län,Värmdö,"0, Områden som ej kan klassificeras enligt IUCN: s system.",Länsstyrelsen i Stockholms län,8.109,7.78,0.32,3.2,Justerad mot fastighetskarta,22R-11-915-68   0120-02-021,Naturvårdslagen,Länsstyrelse
156,"2001111",Mörtö-Bunsö,Naturreservat,Gällande,1974/05/07,,1974/06/04,2026/04/15,,,,Stockholms Län,Värmdö,"Ia, Strikt naturreservat (Strict Nature Reserve)",Länsstyrelsen i Stockholms län,49.951,49.3,0.56,28.5,Justerad mot fastighetskarta,511-62164-2025,Miljöbalken,Länsstyrelse
157,"2005704",Österby,Naturreservat,Gällande,2006/11/16,,2006/12/14,2026/04/15,,,,Stockholms Län,Nynäshamn,"Ia, Strikt naturreservat (Strict Nature Reserve)",Länsstyrelsen i Stockholms län,130.966,130.95,0,115.61,Slutligt inmätt,511-62164-2025,Miljöbalken,Länsstyrelse
158,"2000009",Borgskogen,Naturreservat,Gällande,1995/11/29,,1996/03/19,2021/05/12,,,,Stockholms Län,Norrtälje,"Ia, Strikt naturreservat (Strict Nature Reserve)",Länsstyrelsen i Stockholms län,36.978,36.99,0,34.81,Justerad mot fastighetskarta,511-20118-2020,Miljöbalken,Länsstyrelse
159,"2060101",Farstanäs,Naturreservat,Gällande,2022/11/07,,2023/08/03,2023/08/03,,,,Stockholms Län,Södertälje,"Ia, Strikt naturreservat (Strict Nature Reserve)",Södertälje kommun,321.049,286.6,34.48,156.2,Justerad mot fastighetskarta,511-xxxx-2023,Miljöbalken,Kommun
160,"2002306",Hemholmen,Naturreservat,Gällande,1970/09/11,,1970/10/09,1970/10/09,,,,Stockholms Län,Värmdö,"Ia, Strikt naturreservat (Strict Nature Reserve)",Länsstyrelsen i Stockholms län,1.892,1.11,0.79,0.04,Justerad mot fastighetskarta,22R-11-75-70   0120-02-022,Naturvårdslagen,Länsstyrelse
161,"2005584",Ösbyträsk,Naturreservat,Gällande,2006/03/29,,2009/05/28,2009/08/04,,,,Stockholms Län,Värmdö,"0, Områden som ej kan klassificeras enligt IUCN: s system.",Värmdö kommun,123.791,108.58,15.21,80.34,Ospecificerad,"04KS/0399-301",Miljöbalken,Kommun
162,"2022233",Gärdesudden,Naturreservat,Gällande,2010/04/19,,2010/06/02,2010/06/02,,,,Stockholms Län,Nacka,"Ia, Strikt naturreservat (Strict Nature Reserve)",Nacka kommun,21.733,10.69,11.03,7.65,Justerad mot fastighetskarta,KFKS 2009/199-265,Miljöbalken,Kommun
163,"2043007",Vattmoraberget,Naturreservat,Gällande,2015/02/25,,2015/04/02,2026/04/15,,,,Stockholms Län,Norrtälje,"Ia, Strikt naturreservat (Strict Nature Reserve)",Länsstyrelsen i Stockholms län,102.789,102.81,0,88.82,Slutligt inmätt,511-62164-2025,Miljöbalken,Länsstyrelse
164,"2056161",Hållviksjön,Naturreservat,Gällande,2021/11/16,,2021/12/22,2021/12/22,,,,Stockholms Län,Norrtälje,"Ia, Strikt naturreservat (Strict Nature Reserve)",Länsstyrelsen i Stockholms län,31.061,30.25,0.82,27.82,Slutligt inmätt,511-63372-2020,Miljöbalken,Länsstyrelse
165,"2051678",Kasberget,Naturreservat,Gällande,2019/04/25,,2019/05/31,2026/04/15,,,,Stockholms Län,Norrtälje,"Ia, Strikt naturreservat (Strict Nature Reserve)",Länsstyrelsen i Stockholms län,23.94,18.65,5.3,15.79,Slutligt inmätt,511-62164-2025,Miljöbalken,Länsstyrelse
166,"2014207",Bränntorpet,Naturreservat,Gällande,2009/05/29,,2009/07/02,2021/05/12,,,,Stockholms Län,Norrtälje,"Ia, Strikt naturreservat (Strict Nature Reserve)",Länsstyrelsen i Stockholms län,29.086,29.04,0,27.84,Slutligt inmätt,511-20118-2020,Miljöbalken,Länsstyrelse
167,"2005484",Nackareservatet i Nacka,Naturreservat,Gällande,2005/09/12,,2007/06/07,2007/06/07,,,,Stockholms Län,"Nacka, Stockholm","V, Skyddat landskap/havsområde (Protected Landscape/Seascape)",Stockholms kommun,754.424,650.72,103.69,459.13,Ospecificerad,KFKS 2005/502,Miljöbalken,Kommun
168,"2002298",Sundby,Naturreservat,Gällande,1965/05/21,,1965/06/18,2026/04/15,,,,Stockholms Län,Haninge,"V, Skyddat landskap/havsområde (Protected Landscape/Seascape)",Länsstyrelsen i Stockholms län,5174.869,928.16,4246.81,454.01,Ospecificerad,511-62164-2025,Miljöbalken,Länsstyrelse
169,"2028949",Broby,Naturreservat,Gällande,2012/02/22,,2012/04/12,2021/05/12,,,,Stockholms Län,Norrtälje,"Ia, Strikt naturreservat (Strict Nature Reserve)",Länsstyrelsen i Stockholms län,37.144,37.18,0,36.38,Slutligt inmätt,511-20118-2020,Miljöbalken,Länsstyrelse
170,"2013371",Stora Alsjön,Naturreservat,Gällande,2008/04/17,,2008/06/02,2026/04/15,,,,Stockholms Län,Södertälje,"Ia, Strikt naturreservat (Strict Nature Reserve)",Länsstyrelsen i Stockholms län,248.023,232.11,15.96,147.1,Ospecificerad,511-62164-2025,Miljöbalken,Länsstyrelse
171,"2000890",Kålgårdsön,Naturreservat,Gällande,1974/02/28,,1974/03/28,2020/10/16,,,,Stockholms Län,Österåker,"IV, Habitat/Artskyddsområde (Habitat/Species Management Area)",Skärgårdsstiftelsen i Stockholms län,103.27,102.58,0.59,66.58,Ospecificerad,,,Länsstyrelse
172,"2053301",Väddö Prästgård,Naturreservat,Gällande,2021/02/22,,2021/03/25,2021/03/25,,,,Stockholms Län,Norrtälje,"Ia, Strikt naturreservat (Strict Nature Reserve)",Länsstyrelsen i Stockholms län,19.085,19.13,0,19.12,Slutligt inmätt,5112-20508-2020,Miljöbalken,Länsstyrelse
173,"2000623",Hammarberget,Naturreservat,Gällande,1993/10/26,,1993/12/26,2021/05/12,,,,Stockholms Län,Tyresö,"Ia, Strikt naturreservat (Strict Nature Reserve)",Länsstyrelsen i Stockholms län,57.872,38.48,19.42,24.86,Justerad mot fastighetskarta,511-20118-2020,Miljöbalken,Länsstyrelse
174,"2042994",Rotholma,Naturreservat,Gällande,2016/06/09,,2016/07/07,2026/04/15,,,,Stockholms Län,Norrtälje,"Ia, Strikt naturreservat (Strict Nature Reserve)",Länsstyrelsen i Stockholms län,90.926,88.24,2.67,77.73,Slutligt inmätt,511-62164-2025,Miljöbalken,Länsstyrelse
175,"2000886",Stor-Kunnan,Naturreservat,Gällande,1975/10/27,,1975/11/24,1975/11/24,,,,Stockholms Län,Värmdö,"Ia, Strikt naturreservat (Strict Nature Reserve)",Länsstyrelsen i Stockholms län,31.471,30.98,0.55,10.97,Justerad mot fastighetskarta,11.121-399-73  0120-02-036,Naturvårdslagen,Länsstyrelse
176,"2014210",Nåttarö,Naturreservat,Gällande,2008/05/16,,2008/06/19,2026/04/15,,,,Stockholms Län,Haninge,"V, Skyddat landskap/havsområde (Protected Landscape/Seascape)",Skärgårdsstiftelsen i Stockholms län,6565.354,610.78,5954.54,314.74,Ospecificerad,511-62164-2025,Miljöbalken,Länsstyrelse
177,"2000955",Nämdö,Naturreservat,Gällande,2002/03/22,,2003/05/08,2026/04/15,,,,Stockholms Län,"Haninge, Värmdö","IV, Habitat/Artskyddsområde (Habitat/Species Management Area)",Skärgårdsstiftelsen i Stockholms län,2236.438,495.38,1741,283.06,Ospecificerad,511-62164-2025,Miljöbalken,Länsstyrelse
178,"2000842",Rönnskärs udde,Naturreservat,Gällande,2002/05/07,,2002/06/04,2002/06/04,,,,Stockholms Län,Norrtälje,"Ia, Strikt naturreservat (Strict Nature Reserve)",Norrtälje kommun,2.275,2.19,0.09,1.35,Justerad mot fastighetskarta,,Miljöbalken,Kommun
179,"2026470",Rudan,Naturreservat,Gällande,2010/06/07,,2011/02/17,2024/01/19,,,,Stockholms Län,Haninge,"IV, Habitat/Artskyddsområde (Habitat/Species Management Area)",Haninge kommun,258.404,247.16,11.22,178.06,Ospecificerad,KS 2022-00259,Miljöbalken,Kommun
180,"2002196",Domarudden,Naturreservat,Gällande,1980/02/04,,1980/03/03,2021/05/12,,,,Stockholms Län,Österåker,"0, Områden som ej kan klassificeras enligt IUCN: s system.",Österåkers kommun,23.086,14.55,8.49,10.25,Justerad mot fastighetskarta,511-20118-2020,Miljöbalken,Länsstyrelse
181,"2000879",Lidö,Naturreservat,Gällande,1988/11/04,,1989/02/13,2026/04/15,,,,Stockholms Län,Norrtälje,"Ia, Strikt naturreservat (Strict Nature Reserve)",Skärgårdsstiftelsen i Stockholms län,1211.666,328.78,882.75,265.67,Justerad mot fastighetskarta,511-62164-2025,Miljöbalken,Länsstyrelse
182,"2048600",Råstasjön,Naturreservat,Gällande,2017/12/18,,2018/02/09,2018/02/09,,,,Stockholms Län,Solna,"IV, Habitat/Artskyddsområde (Habitat/Species Management Area)",Solna kommun,39.771,22.28,17.53,13.13,Ospecificerad,KS/2014:213,Miljöbalken,Kommun
183,"2049262",Hamnskär,Naturreservat,Gällande,2018/12/11,,2019/01/10,2021/05/12,,,,Stockholms Län,Södertälje,"IV, Habitat/Artskyddsområde (Habitat/Species Management Area)",Länsstyrelsen i Stockholms län,203.35,74.28,129.17,45.48,Justerad mot fastighetskarta,,Miljöbalken,Länsstyrelse
184,"2002819",Mörtsjöskogen,Naturreservat,Gällande,2004/09/22,,2004/10/21,2021/05/12,,,,Stockholms Län,"Norrtälje, Vallentuna","Ia, Strikt naturreservat (Strict Nature Reserve)",Länsstyrelsen i Stockholms län,37.844,37.77,0.12,36.75,Ospecificerad,,Miljöbalken,Länsstyrelse
185,"2056263",Kursöskogen Södra,Naturreservat,Gällande,2022/02/24,,2022/04/07,2022/04/07,,,,Stockholms Län,Norrtälje,"Ia, Strikt naturreservat (Strict Nature Reserve)",Länsstyrelsen i Stockholms län,2.079,2.05,0,2.05,Slutligt inmätt,5112-5002-2016,Miljöbalken,Länsstyrelse
186,"2000141",Hälsingholmarna,Naturreservat,Gällande,1970/12/21,,1971/01/18,1999/12/13,,,,Stockholms Län,"Värmdö, Österåker","Ia, Strikt naturreservat (Strict Nature Reserve)",Skärgårdsstiftelsen i Stockholms län,544.423,37.82,506.69,12.3,Justerad mot fastighetskarta,18536-1998-28183,Naturvårdslagen,Länsstyrelse
187,"2002201",Biskopsö,Naturreservat,Gällande,1983/06/29,,1983/08/12,2023/02/09,,,,Stockholms Län,Värmdö,"V, Skyddat landskap/havsområde (Protected Landscape/Seascape)",Länsstyrelsen i Stockholms län,5122.814,328.79,4793.99,88.78,Justerad mot fastighetskarta,511-59235-2022,Miljöbalken,Länsstyrelse
188,"2055701",Rörviksskogen,Naturreservat,Gällande,2023/11/27,,2023/12/28,2023/12/28,,,,Stockholms Län,Norrtälje,"Ia, Strikt naturreservat (Strict Nature Reserve)",Länsstyrelsen i Stockholms län,33.991,33.98,0,33.28,Slutligt inmätt,5112-26719-2019,Miljöbalken,Länsstyrelse
189,"2001150",Dävelsöfjärden,Naturreservat,Gällande,1972/12/22,,1973/01/19,1973/01/19,,,,Stockholms Län,Värmdö,"0, Områden som ej kan klassificeras enligt IUCN: s system.",Länsstyrelsen i Stockholms län,11.034,9.66,1.37,4.48,Justerad mot fastighetskarta,11.121-64-71  0120-02-026,Naturvårdslagen,Länsstyrelse
190,"2004479",Långsjön,Naturreservat,Gällande,2005/09/12,,2005/12/14,2005/12/14,,,,Stockholms Län,Nacka,"Ia, Strikt naturreservat (Strict Nature Reserve)",Nacka kommun,25.629,19.15,6.45,17.01,Justerad mot fastighetskarta,ONS 2004/70,Miljöbalken,Kommun
191,"2046356",Karklö,Naturreservat,Gällande,2017/12/13,,2018/01/11,2021/05/12,,,,Stockholms Län,Värmdö,"IV, Habitat/Artskyddsområde (Habitat/Species Management Area)",Skärgårdsstiftelsen i Stockholms län,122.475,60.73,61.8,41.6,Justerad mot fastighetskarta,511-20118-2020,Miljöbalken,Länsstyrelse
192,"2045417",Grendalen,Naturreservat,Gällande,2017/09/01,,2017/10/05,2026/04/15,,,,Stockholms Län,Norrtälje,"Ia, Strikt naturreservat (Strict Nature Reserve)",Länsstyrelsen i Stockholms län,49.972,49.94,0,44.62,Slutligt inmätt,511-62164-2025,Miljöbalken,Länsstyrelse
193,"2021789",Garnudden,Naturreservat,Gällande,2009/10/22,,2010/03/08,2018/07/31,,,,Stockholms Län,"Botkyrka, Salem","0, Områden som ej kan klassificeras enligt IUCN: s system.",Salems kommun,83.941,66.33,17.58,61.29,Justerad mot fastighetskarta,511-36956-2018,Miljöbalken,Kommun
194,"2000163",Gränskäret,Naturreservat,Gällande,1974/09/19,,1974/10/17,1974/10/17,,,,Stockholms Län,Norrtälje,"0, Områden som ej kan klassificeras enligt IUCN: s system.",Länsstyrelsen i Stockholms län,24.134,6.7,17.45,3.11,Justerad mot fastighetskarta,11.121-601-72  0188-02-026,Naturvårdslagen,Länsstyrelse
195,"2002728",Björnö,Naturreservat,Gällande,1983/02/17,,1983/03/28,2026/04/15,,,,Stockholms Län,"Haninge, Värmdö","V, Skyddat landskap/havsområde (Protected Landscape/Seascape)",Skärgårdsstiftelsen i Stockholms län,948.717,318.13,630.71,157.11,Ospecificerad,511-62164-2025,Miljöbalken,Länsstyrelse
196,"2201230",Allemora,Naturreservat,Gällande,2026/02/16,,2026/03/18,2026/03/18,,,,Stockholms Län,Norrtälje,"IV, Habitat/Artskyddsområde (Habitat/Species Management Area)",Länsstyrelsen i Stockholms län,22.836,22.79,0,20.48,Slutligt inmätt,511-64188-2022,Miljöbalken,Länsstyrelse
197,"2055601",Hagsätraskogen,Naturreservat,Gällande,2021/06/14,,2021/07/20,2021/07/20,,,,Stockholms Län,Stockholm,"0, Områden som ej kan klassificeras enligt IUCN: s system.",Stockholms kommun,31.009,30.95,0,25.44,Ospecificerad,KS2021/371,Miljöbalken,Kommun
198,"2046759",Ladudden,Naturreservat,Gällande,2018/12/17,,2019/01/24,2026/04/15,,,,Stockholms Län,Norrtälje,"Ia, Strikt naturreservat (Strict Nature Reserve)",Länsstyrelsen i Stockholms län,33.275,30.51,2.78,27.15,Slutligt inmätt,511-62164-2025,Miljöbalken,Länsstyrelse
199,"2046152",Grevinnans rå,Naturreservat,Gällande,2016/12/19,,2017/01/19,2026/04/15,,,,Stockholms Län,Norrtälje,"Ia, Strikt naturreservat (Strict Nature Reserve)",Länsstyrelsen i Stockholms län,53.095,53.14,0,46.26,Ospecificerad,511-62164-2025,Miljöbalken,Länsstyrelse
200,"2000146",Västerängsudd,Naturreservat,Gällande,1957/04/03,,1957/05/01,2025/05/28,,,,Stockholms Län,Sigtuna,"Ia, Strikt naturreservat (Strict Nature Reserve)",Länsstyrelsen i Stockholms län,109.525,77.72,31.88,53.89,Slutligt inmätt,63370-2020,Miljöbalken,Länsstyrelse
201,"2005587",Edebo-Sättra utskog,Naturreservat,Gällande,2006/11/16,,2006/12/14,2021/05/12,,,,Stockholms Län,Norrtälje,"Ia, Strikt naturreservat (Strict Nature Reserve)",Länsstyrelsen i Stockholms län,25.528,25.5,0,25.42,Slutligt inmätt,511-20118-2020,Miljöbalken,Länsstyrelse
202,"2002907",Grimsta,Naturreservat,Gällande,2004/10/18,,2004/11/16,2004/11/16,,,,Stockholms Län,Stockholm,"Ia, Strikt naturreservat (Strict Nature Reserve)",Stockholms kommun,320.151,263.02,57,192.15,Justerad mot fastighetskarta,331-662/2001,Miljöbalken,Kommun
203,"2014538",Lohärad-Svartkärret,Naturreservat,Gällande,2011/05/04,,2011/06/09,2026/04/15,,,,Stockholms Län,Norrtälje,"Ia, Strikt naturreservat (Strict Nature Reserve)",Länsstyrelsen i Stockholms län,13.765,13.75,0,13.5,Slutligt inmätt,511-62164-2025,Miljöbalken,Länsstyrelse
204,"2000888",Hallonstenarna,Naturreservat,Gällande,1973/03/23,,1973/04/20,1973/04/20,,,,Stockholms Län,Österåker,"0, Områden som ej kan klassificeras enligt IUCN: s system.",Länsstyrelsen i Stockholms län,43.973,43.52,0.48,25.74,Slutligt inmätt,11.121-156-73  0117-02-004,Naturvårdslagen,Länsstyrelse
205,"2000833",Lettholmen,Naturreservat,Gällande,1970/08/19,,1970/09/16,1970/09/16,,,,Stockholms Län,Norrtälje,"Ia, Strikt naturreservat (Strict Nature Reserve)",Länsstyrelsen i Stockholms län,7.951,7.92,0.01,7.24,Justerad mot fastighetskarta,22R-11-55-69  0188-02-012,Naturvårdslagen,Länsstyrelse
206,"2000153",Åvinge,Naturreservat,Gällande,2000/12/04,,2001/01/08,2001/01/08,,,,Stockholms Län,Botkyrka,"Ia, Strikt naturreservat (Strict Nature Reserve)",Botkyrka kommun,15.932,15.93,0,12.99,Justerad mot fastighetskarta,1999-001140,Miljöbalken,Kommun
207,"2001144",Järflotta,Naturreservat,Gällande,1968/06/28,,1968/07/26,2026/04/15,,,,Stockholms Län,Nynäshamn,"V, Skyddat landskap/havsområde (Protected Landscape/Seascape)",Länsstyrelsen i Stockholms län,3538.275,758.44,2779.94,438.48,Ospecificerad,511-62164-2025,Miljöbalken,Länsstyrelse
208,"2005579",Igelsjön,Naturreservat,Gällande,2006/11/16,,2006/12/14,2026/04/15,,,,Stockholms Län,Norrtälje,"Ia, Strikt naturreservat (Strict Nature Reserve)",Länsstyrelsen i Stockholms län,131.056,130.3,0.74,114.41,Slutligt inmätt,511-62164-2025,Miljöbalken,Länsstyrelse
209,"2001156",Äpplarö,Naturreservat,Gällande,1972/12/29,,1973/01/26,1973/01/26,,,,Stockholms Län,Österåker,"V, Skyddat landskap/havsområde (Protected Landscape/Seascape)",Enskild markägare,933.176,130.54,802.62,76.9,Justerad mot fastighetskarta,11.121-1027-72    0117-02-003,Naturvårdslagen,Länsstyrelse
210,"2044877",Älvsjöskogen,Naturreservat,Gällande,2015/12/14,,2016/02/08,2016/02/08,,,,Stockholms Län,"Huddinge, Stockholm","IV, Habitat/Artskyddsområde (Habitat/Species Management Area)",Stockholms kommun,65.587,65.37,0.21,55.68,Ospecificerad,135-1299/2015 §29,Miljöbalken,Kommun
211,"2001145",Lejondal,Naturreservat,Gällande,1975/12/10,,1976/01/07,2017/02/03,,,,Stockholms Län,Upplands-Bro,"V, Skyddat landskap/havsområde (Protected Landscape/Seascape)",Upplands-Bro kommun,312.441,253.81,58.65,206.87,Ospecificerad,KS 16/0076,Miljöbalken,Kommun
212,"2002304",Boskapsön,Naturreservat,Gällande,1967/04/20,,1967/05/18,1967/05/18,,,,Stockholms Län,Värmdö,"0, Områden som ej kan klassificeras enligt IUCN: s system.",Skärgårdsstiftelsen i Stockholms län,74.355,31.86,42.49,9.83,Justerad mot fastighetskarta,III R-11-21-66    0120-02-011,Naturvårdslagen,Länsstyrelse
213,"2001391",Ulriksdal,Naturreservat,Gällande,,,,2021/05/12,,,,Stockholms Län,Solna,"Ia, Strikt naturreservat (Strict Nature Reserve)",Statens Fastighetsverk,31.855,31.87,0,29.91,Justerad mot fastighetskarta,,Miljöbalken,Länsstyrelse
214,"2000010",Lindholmen,Naturreservat,Gällande,1996/03/12,,1996/05/29,1996/05/29,,,,Stockholms Län,Norrtälje,"IV, Habitat/Artskyddsområde (Habitat/Species Management Area)",Norrtälje kommun,4.639,4.62,0.02,3.64,Justerad mot fastighetskarta,"Norrtälje kommun 96/plk, 026.265",Naturvårdslagen,Kommun
215,"2026469",Tornberget,Naturreservat,Gällande,2010/06/07,,2011/02/17,2012/05/22,,,,Stockholms Län,"Haninge, Huddinge","Ia, Strikt naturreservat (Strict Nature Reserve)",Haninge kommun,358.964,358.89,0,179.74,Ospecificerad,KS 197/2011,Miljöbalken,Kommun
216,"2000156",Eriksö,Naturreservat,Gällande,1998/02/23,,1998/05/12,2026/04/15,,,,Stockholms Län,"Södertälje, Trosa","Ia, Strikt naturreservat (Strict Nature Reserve)",Länsstyrelsen i Stockholms län,577.902,290.91,286.94,160.41,Justerad mot fastighetskarta,511-62164-2025,Miljöbalken,Länsstyrelse
217,"2051019",Långholmen-Käringö,Naturreservat,Gällande,2019/12/16,,2020/01/30,2020/01/30,,,,Stockholms Län,Norrtälje,"Ia, Strikt naturreservat (Strict Nature Reserve)",Länsstyrelsen i Stockholms län,133.686,36.86,96.84,31.76,Justerad mot fastighetskarta,5112-4945-2019,Miljöbalken,Länsstyrelse
218,"2000845",Klippan-Finnala,Naturreservat,Gällande,1974/05/07,,1974/06/04,1974/06/04,,,,Stockholms Län,Norrtälje,"Ia, Strikt naturreservat (Strict Nature Reserve)",Länsstyrelsen i Stockholms län,7.437,7.31,0.08,5.28,Justerad mot fastighetskarta,11.121-61-71   0188-02-024,Naturvårdslagen,Länsstyrelse
219,"2000838",Lännaskogen,Naturreservat,Gällande,2002/06/17,,2002/07/15,2025/12/11,,,,Stockholms Län,Huddinge,"IV, Habitat/Artskyddsområde (Habitat/Species Management Area)",Huddinge kommun,490.137,476.76,13.2,328.48,Ospecificerad,KS-2025/1465,Miljöbalken,Kommun
220,"2000835",Ströja,Naturreservat,Gällande,2001/10/03,,2001/11/08,2026/04/15,,,,Stockholms Län,Norrtälje,"Ia, Strikt naturreservat (Strict Nature Reserve)",Länsstyrelsen i Stockholms län,23.606,23.48,0.07,22.76,Slutligt inmätt,511-62164-2025,Miljöbalken,Länsstyrelse
221,"2001109",Vindalsö,Naturreservat,Gällande,1969/10/23,,1969/11/20,1969/11/20,,,,Stockholms Län,Värmdö,"Ia, Strikt naturreservat (Strict Nature Reserve)",Länsstyrelsen i Stockholms län,2.495,2.49,0.09,0.51,Justerad mot fastighetskarta,22R11-916-68,Naturvårdslagen,Länsstyrelse
222,"2000152",Grinda,Naturreservat,Gällande,2000/10/26,,2000/12/04,2026/04/15,,,,Stockholms Län,"Värmdö, Österåker","V, Skyddat landskap/havsområde (Protected Landscape/Seascape)",Skärgårdsstiftelsen i Stockholms län,503.309,177.6,325.7,105.62,Justerad mot fastighetskarta,511-62164-2025,Miljöbalken,Länsstyrelse
223,"2042026",Stora Uringe,Naturreservat,Gällande,2015/06/08,,2015/07/09,2026/04/15,,,,Stockholms Län,Botkyrka,"Ia, Strikt naturreservat (Strict Nature Reserve)",Länsstyrelsen i Stockholms län,12.17,12.19,0,11.58,Slutligt inmätt,511-62164-2025,Miljöbalken,Länsstyrelse
224,"2028909",Hammaren,Naturreservat,Gällande,2012/02/22,,2012/04/12,2026/04/15,,,,Stockholms Län,Norrtälje,"IV, Habitat/Artskyddsområde (Habitat/Species Management Area)",Länsstyrelsen i Stockholms län,22.179,21.98,0.18,21.68,Slutligt inmätt,511-62164-2025,Miljöbalken,Länsstyrelse
225,"2041333",Bokullen,Naturreservat,Gällande,2014/11/14,,2014/12/29,2026/04/15,,,,Stockholms Län,Norrtälje,"Ia, Strikt naturreservat (Strict Nature Reserve)",Länsstyrelsen i Stockholms län,19.363,19.34,0,17.05,Slutligt inmätt,511-62164-2025,Miljöbalken,Länsstyrelse
226,"2043738",Ålandet,Naturreservat,Gällande,2018/12/13,,2019/01/24,2026/04/15,,,,Stockholms Län,Norrtälje,"Ia, Strikt naturreservat (Strict Nature Reserve)",Länsstyrelsen i Stockholms län,45.265,23.82,21.45,21.44,Slutligt inmätt,511-62164-2025,Miljöbalken,Länsstyrelse
227,"2001151",Svartkobben,Naturreservat,Gällande,1974/04/02,,1974/04/30,1974/04/30,,,,Stockholms Län,Värmdö,"Ia, Strikt naturreservat (Strict Nature Reserve)",Länsstyrelsen i Stockholms län,1.024,0.7,0.38,0,Justerad mot fastighetskarta,11.121-56-71  0120-02-029,Naturvårdslagen,Länsstyrelse
228,"2000836",Skogsö,Naturreservat,Gällande,1997/06/02,,1997/06/30,1997/06/30,,,,Stockholms Län,Nacka,"Ia, Strikt naturreservat (Strict Nature Reserve)",Nacka kommun,149.014,115,33.82,92.76,Justerad mot fastighetskarta,,Miljöbalken,Kommun
229,"2002198",Västra Järvafältet,Naturreservat,Gällande,1987/04/22,,1987/07/01,2021/05/12,,,,Stockholms Län,"Järfälla, Sollentuna","V, Skyddat landskap/havsområde (Protected Landscape/Seascape)",Järfälla kommun,699.78,607.88,91.83,376.05,Ospecificerad,511-20118-2020,Miljöbalken,Länsstyrelse
230,"2061542",Gribby,Naturreservat,Gällande,2024/09/17,,2024/10/23,2024/10/23,,,,Stockholms Län,Norrtälje,"Ia, Strikt naturreservat (Strict Nature Reserve)",Länsstyrelsen i Stockholms län,78.858,78.92,0,70.93,Slutligt inmätt,511-32682-2017,Miljöbalken,Länsstyrelse
231,"2014800",Bogesundslandet,Naturreservat,Gällande,2013/10/01,,2015/04/16,2026/04/15,,,,Stockholms Län,"Danderyd, Lidingö, Vaxholm, Österåker","V, Skyddat landskap/havsområde (Protected Landscape/Seascape)",Statens Fastighetsverk,4341.168,2899.95,1441.54,2207.05,Slutligt inmätt,511-62164-2025,Miljöbalken,Länsstyrelse
232,"2047946",Lötsjön-Golfängarna,Naturreservat,Gällande,2017/12/18,,2018/01/24,2023/04/26,,,,Stockholms Län,Sundbyberg,"0, Områden som ej kan klassificeras enligt IUCN: s system.",Sundbybergs kommun,28.047,21.89,6.12,13.25,Ospecificerad,511-18143-2023,Miljöbalken,Kommun
233,"2001396",Långängen-Elfvik,Naturreservat,Gällande,,,,2024/01/12,,,,Stockholms Län,Lidingö,"V, Skyddat landskap/havsområde (Protected Landscape/Seascape)",Lidingö kommun,702.106,574.57,127.72,379.94,Justerad mot fastighetskarta,KS/2023:448,Miljöbalken,Kommun
234,"2022049",Södra Törnskogen,Naturreservat,Gällande,2010/06/09,,2012/10/20,2012/10/20,,,,Stockholms Län,Sollentuna,"IV, Habitat/Artskyddsområde (Habitat/Species Management Area)",Sollentuna kommun,471.423,457.86,13.37,335.46,Ospecificerad,511-2010-9370,Miljöbalken,Kommun
235,"2022529",Frölunda,Naturreservat,Gällande,2010/06/10,,2010/09/08,2010/09/08,,,,Stockholms Län,Upplands-Bro,"0, Områden som ej kan klassificeras enligt IUCN: s system.",Upplands-Bro kommun,205.988,74.15,131.34,63.09,Justerad mot fastighetskarta,2010-156,Miljöbalken,Kommun
236,"2022549",Näsudden,Naturreservat,Gällande,2010/03/01,,2010/09/28,2010/09/28,,,,Stockholms Län,Österåker,"0, Områden som ej kan klassificeras enligt IUCN: s system.",Österåkers kommun,72.57,27.9,44.66,18.67,Ospecificerad,2009.27 265,Miljöbalken,Kommun
237,"2001106",Huvudholmen,Naturreservat,Gällande,1969/10/29,,1969/11/26,2026/04/15,,,,Stockholms Län,Haninge,"Ia, Strikt naturreservat (Strict Nature Reserve)",Länsstyrelsen i Stockholms län,9.985,9.49,0.45,5.41,Justerad mot fastighetskarta,511-62164-2025,Miljöbalken,Länsstyrelse
238,"2014208",Stora Träsket,Naturreservat,Gällande,2008/06/17,,2008/09/09,2008/09/09,,,,Stockholms Län,Botkyrka,"Ia, Strikt naturreservat (Strict Nature Reserve)",Botkyrka kommun,48.986,42.82,6.15,30.13,Ospecificerad,KS/2007:158,Miljöbalken,Kommun
239,"2002195",Tullgarn,Naturreservat,Gällande,1984/12/18,,1985/04/17,2026/04/15,,,,Stockholms Län,"Södertälje, Trosa","V, Skyddat landskap/havsområde (Protected Landscape/Seascape)",Länsstyrelsen i Stockholms län,744.092,386.13,358.01,158.12,Justerad mot fastighetskarta,511-62164-2025,Miljöbalken,Länsstyrelse
240,"2002202",Jungfruskär,Naturreservat,Gällande,1974/09/30,,1974/10/28,1974/10/28,,,,Stockholms Län,Värmdö,"Ia, Strikt naturreservat (Strict Nature Reserve)",Skärgårdsstiftelsen i Stockholms län,657.77,154.84,502.92,48.99,Justerad mot fastighetskarta,11.121-157-73  0120-02-035,Naturvårdslagen,Länsstyrelse
241,"2201264",Rissne ängars naturreservat,Naturreservat,Gällande,2025/12/15,,2026/02/05,2026/02/05,,,,Stockholms Län,Sundbyberg,"0, Områden som ej kan klassificeras enligt IUCN: s system.",Sundbybergs kommun,21.099,21.13,0,12.95,Ospecificerad,KS-0543/2025,Miljöbalken,Kommun
242,"2000155",Väsby hage,Naturreservat,Gällande,1981/07/06,,1981/09/15,2026/04/15,,,,Stockholms Län,Ekerö,"Ia, Strikt naturreservat (Strict Nature Reserve)",Länsstyrelsen i Stockholms län,117.402,101.3,16.13,81.96,Slutligt inmätt,511-62164-2025,Miljöbalken,Länsstyrelse
243,"2045648",Hundsjön,Naturreservat,Gällande,2017/10/31,,2017/11/30,2026/04/15,,,,Stockholms Län,Norrtälje,"Ia, Strikt naturreservat (Strict Nature Reserve)",Länsstyrelsen i Stockholms län,72.687,70.48,2.35,67.79,Slutligt inmätt,511-62164-2025,Miljöbalken,Länsstyrelse
244,"2064682",Långnäset,Naturreservat,Gällande,2024/11/27,,2024/12/26,2024/12/26,,,,Stockholms Län,Norrtälje,"IV, Habitat/Artskyddsområde (Habitat/Species Management Area)",Länsstyrelsen i Stockholms län,72.143,62.88,9.16,41.96,Slutligt inmätt,5112-42716-2021,Miljöbalken,Länsstyrelse
245,"2002730",Stickelsberg,Naturreservat,Gällande,1965/01/22,,1965/02/19,2026/04/15,,,,Stockholms Län,Värmdö,"Ia, Strikt naturreservat (Strict Nature Reserve)",Länsstyrelsen i Stockholms län,231.954,231.92,0,153.2,Slutligt inmätt,511-62164-2025,Miljöbalken,Länsstyrelse
246,"2000005",Gymmerholmen,Naturreservat,Gällande,1974/05/07,,1974/06/04,1974/06/04,,,,Stockholms Län,Värmdö,"Ia, Strikt naturreservat (Strict Nature Reserve)",Länsstyrelsen i Stockholms län,35.755,8.05,27.71,0.51,Justerad mot fastighetskarta,11.121-196-73  0120-02-030,Naturvårdslagen,Länsstyrelse
247,"2048738",Årstaskogen - Årsta holmar,Naturreservat,Gällande,2018/01/29,,2018/03/06,2022/07/14,,,,Stockholms Län,Stockholm,"IV, Habitat/Artskyddsområde (Habitat/Species Management Area)",Stockholms kommun,71.838,59.65,12.15,43.87,Ospecificerad,KS 2021/1697,Miljöbalken,Kommun
248,"2028869",Norrga,Naturreservat,Gällande,2012/06/04,,2012/07/12,2026/04/15,,,,Stockholms Län,Botkyrka,"Ia, Strikt naturreservat (Strict Nature Reserve)",Länsstyrelsen i Stockholms län,14.262,14.16,0.1,10.16,Slutligt inmätt,511-62164-2025,Miljöbalken,Länsstyrelse
249,"2041803",Täby prästgård,Naturreservat,Gällande,2016/11/15,,2016/12/22,2021/05/12,,,,Stockholms Län,Täby,"IV, Habitat/Artskyddsområde (Habitat/Species Management Area)",Länsstyrelsen i Stockholms län,94.344,93.88,0.36,20.2,Slutligt inmätt,511-20118-2020,Miljöbalken,Länsstyrelse
250,"2001148",Skogsskär-Vindalsö,Naturreservat,Gällande,1969/10/23,,1969/11/20,1969/11/20,,,,Stockholms Län,Värmdö,"Ia, Strikt naturreservat (Strict Nature Reserve)",Länsstyrelsen i Stockholms län,5.707,5.71,0.02,1.75,Justerad mot fastighetskarta,22R-11-914-68   0120-02-020,Naturvårdslagen,Länsstyrelse
251,"2014544",Storvikaren,Naturreservat,Gällande,2011/01/28,,2011/03/03,2026/04/15,,,,Stockholms Län,Norrtälje,"Ia, Strikt naturreservat (Strict Nature Reserve)",Länsstyrelsen i Stockholms län,27.232,27.25,0,25.54,Slutligt inmätt,511-62164-2025,Miljöbalken,Länsstyrelse
252,"2002914",Talbyskogen,Naturreservat,Gällande,2004/10/12,,2005/02/17,2005/02/17,,,,Stockholms Län,Södertälje,"Ia, Strikt naturreservat (Strict Nature Reserve)",Södertälje kommun,42.722,42.71,0.04,33.45,Slutligt inmätt,2003-1497,Miljöbalken,Kommun
253,"2002294",Norrholmen,Naturreservat,Gällande,1973/03/15,,1973/04/12,1992/08/24,,,,Stockholms Län,Värmdö,"Ia, Strikt naturreservat (Strict Nature Reserve)",Länsstyrelsen i Stockholms län,9.168,5.48,3.67,1.69,Justerad mot fastighetskarta,"231-1991-1711, 0120-02-027",Naturvårdslagen,Länsstyrelse
254,"2005706",Smedsmoraskogen,Naturreservat,Gällande,2006/11/16,,2006/12/14,2021/05/12,,,,Stockholms Län,Norrtälje,"Ia, Strikt naturreservat (Strict Nature Reserve)",Länsstyrelsen i Stockholms län,114.941,114.9,0,97.83,Justerad mot fastighetskarta,,Miljöbalken,Länsstyrelse
255,"2014284",Gillberga,Naturreservat,Gällande,2013/01/14,,2013/02/14,2026/04/15,,,,Stockholms Län,Norrtälje,"Ia, Strikt naturreservat (Strict Nature Reserve)",Länsstyrelsen i Stockholms län,39.747,39.76,0,39.56,Slutligt inmätt,511-62164-2025,Miljöbalken,Länsstyrelse
256,"2000020",Broknapparna,Naturreservat,Gällande,1969/12/12,,1970/01/09,1992/07/27,,,,Stockholms Län,Upplands-Bro,"IV, Habitat/Artskyddsområde (Habitat/Species Management Area)",Upplands-Bro kommun,91.374,9.05,82.8,7.25,Justerad mot fastighetskarta,"231-1991-1451, 0139-02-002",Naturvårdslagen,Länsstyrelse
257,"2000162",Stäketskogen,Naturreservat,Gällande,1989/06/05,,1989/07/20,2021/05/12,,,,Stockholms Län,Upplands-Bro,"Ia, Strikt naturreservat (Strict Nature Reserve)",Upplands-Bro kommun,13.044,13.13,0.01,12.49,Justerad mot fastighetskarta,511-20118-2020,Miljöbalken,Länsstyrelse
258,"2002738",Norra Björkfjärden,Naturreservat,Gällande,1968/06/27,,1968/07/25,1996/02/27,,,,Stockholms Län,"Enköping, Upplands-Bro","Ia, Strikt naturreservat (Strict Nature Reserve)",Upplands-Bro kommun,868.037,51.08,816.9,46.71,Justerad mot fastighetskarta,"231-1995-1008, 0139-02-001",Naturvårdslagen,Länsstyrelse
259,"2002030",Tattby,Naturreservat,Gällande,,,,2005/11/02,,,,Stockholms Län,Nacka,"0, Områden som ej kan klassificeras enligt IUCN: s system.",Nacka kommun,142.185,126.87,15.39,87.45,Justerad mot fastighetskarta,KFKS 2001-118,Miljöbalken,Kommun
260,"2002740",Östra Järvafältet,Naturreservat,Gällande,1979/06/28,,1979/07/26,2021/05/12,,,,Stockholms Län,"Järfälla, Sollentuna, Stockholm","V, Skyddat landskap/havsområde (Protected Landscape/Seascape)",Sollentuna kommun,1015.908,984.98,30.87,712.93,Justerad mot fastighetskarta,,Miljöbalken,Länsstyrelse
261,"2014292",Norrskogen,Naturreservat,Gällande,2009/03/12,,2009/04/16,2026/04/15,,,,Stockholms Län,Norrtälje,"Ia, Strikt naturreservat (Strict Nature Reserve)",Länsstyrelsen i Stockholms län,33.881,33.12,0.56,32.81,Slutligt inmätt,511-62164-2025,Miljöbalken,Länsstyrelse
262,"2000837",Paradiset,Naturreservat,Gällande,2002/06/17,,2002/07/15,2025/12/11,,,,Stockholms Län,"Haninge, Huddinge","Ia, Strikt naturreservat (Strict Nature Reserve)",Huddinge kommun,757.785,743.81,14.04,351.76,Ospecificerad,KS-2025/1465,Miljöbalken,Kommun
263,"2000157",Björkö,Naturreservat,Gällande,1944/07/25,,1944/07/25,2026/04/15,,,,Stockholms Län,Ekerö,"0, Områden som ej kan klassificeras enligt IUCN: s system.",Länsstyrelsen i Stockholms län,1.645,1.64,0,1.64,Slutligt inmätt,511-62164-2025,Miljöbalken,Länsstyrelse
264,"2000280",Hallskäret,Naturreservat,Gällande,1971/05/19,,1971/06/16,1971/06/16,,,,Stockholms Län,Norrtälje,"IV, Habitat/Artskyddsområde (Habitat/Species Management Area)",Länsstyrelsen i Stockholms län,8.845,8.45,0.35,0,Justerad mot fastighetskarta,22R-11-29-71  0188-02-015,Naturvårdslagen,Länsstyrelse
265,"2051018",Prästskaten,Naturreservat,Gällande,2019/12/16,,2020/01/30,2026/04/15,,,,Stockholms Län,Norrtälje,"0, Områden som ej kan klassificeras enligt IUCN: s system.",Länsstyrelsen i Stockholms län,6.586,5.94,0.68,4.14,Slutligt inmätt,511-62164-2025,Miljöbalken,Länsstyrelse
266,"2000874",Storö-Bockö-Lökaö,Naturreservat,Gällande,1972/03/23,,1972/04/20,2023/05/03,,,,Stockholms Län,Värmdö,"V, Skyddat landskap/havsområde (Protected Landscape/Seascape)",Skärgårdsstiftelsen i Stockholms län,6046.737,1876.59,4170.17,948.04,Ospecificerad,511-80832-2021,Miljöbalken,Länsstyrelse
267,"2002200",Stångskär,Naturreservat,Gällande,1974/01/21,,1974/02/18,1974/02/18,,,,Stockholms Län,Norrtälje,"Ia, Strikt naturreservat (Strict Nature Reserve)",Länsstyrelsen i Stockholms län,32.054,9.4,22.6,1.72,Justerad mot fastighetskarta,11.121-84-71  0188-02-022,Naturvårdslagen,Länsstyrelse
268,"2001390",Bornsjön,Naturreservat,Gällande,1995/02/03,,1995/09/20,2026/04/15,,,,Stockholms Län,"Botkyrka, Salem, Södertälje","V, Skyddat landskap/havsområde (Protected Landscape/Seascape)",Stockholm Vatten AB,4615.138,3855.45,759.59,2350.53,Justerad mot fastighetskarta,511-62164-2025,Miljöbalken,Länsstyrelse
269,"2062541",Norra skogen,Naturreservat,Gällande,2024/09/17,,2024/10/24,2024/10/24,,,,Stockholms Län,Haninge,"Ia, Strikt naturreservat (Strict Nature Reserve)",Länsstyrelsen i Stockholms län,389.556,359.9,29.5,174.7,Slutligt inmätt,5112-2-2020,Miljöbalken,Länsstyrelse
270,"2045728",Larudan,Naturreservat,Gällande,2016/12/19,,2017/01/19,2021/05/12,,,,Stockholms Län,Norrtälje,"Ia, Strikt naturreservat (Strict Nature Reserve)",Länsstyrelsen i Stockholms län,16.291,16.26,0,16.02,Slutligt inmätt,,Miljöbalken,Länsstyrelse
271,"2001154",Ådö-Lagnö,Naturreservat,Gällande,1982/04/26,,1982/06/02,2021/05/12,,,,Stockholms Län,Upplands-Bro,"Ia, Strikt naturreservat (Strict Nature Reserve)",Länsstyrelsen i Stockholms län,141.248,92.66,48.52,43.98,Justerad mot fastighetskarta,511-20118-2020,Miljöbalken,Länsstyrelse
272,"2002637",Norrgårdsön,Naturreservat,Gällande,1949/02/12,,1949/03/12,1949/03/12,,,,Stockholms Län,Värmdö,"Ia, Strikt naturreservat (Strict Nature Reserve)",Länsstyrelsen i Stockholms län,2.949,2.99,0.01,2.67,Justerad mot fastighetskarta,Nr 107 364/164 SD:47 0120-02-002,Naturvårdslagen,Länsstyrelse
273,"2000007",Sandemar,Naturreservat,Gällande,1997/09/22,,1997/11/20,2026/04/15,,,,Stockholms Län,Haninge,"Ia, Strikt naturreservat (Strict Nature Reserve)",Länsstyrelsen i Stockholms län,389.914,226.89,163.04,79.34,Justerad mot fastighetskarta,511-62164-2025,Miljöbalken,Länsstyrelse
274,"2046109",Lillsjön-Örnässjön,Naturreservat,Gällande,2016/12/21,,2017/05/10,2021/12/24,,,,Stockholms Län,Upplands-Bro,"V, Skyddat landskap/havsområde (Protected Landscape/Seascape)",Upplands-Bro kommun,431.704,291.14,140.5,212.24,Ospecificerad,KS 21/0180,Miljöbalken,Kommun
275,"2061121",Skålhamra kvighage,Naturreservat,Gällande,2023/06/12,,2023/07/23,2023/07/23,,,,Stockholms Län,Täby,"IV, Habitat/Artskyddsområde (Habitat/Species Management Area)",Täby kommun,29.042,23.1,6,15.23,Ospecificerad,KS 2023/94-40,Miljöbalken,Kommun
276,"2002028",Svenska Björn,Naturreservat,Gällande,1983/04/26,,1984/04/12,1984/04/12,,,,Stockholms Län,Norrtälje,"Ib, Vildmarksområde (Wilderness Area)",Länsstyrelsen i Stockholms län,3980.23,3.62,3976.65,0,Justerad mot fastighetskarta,"0188-03-001",Naturvårdslagen,Länsstyrelse
277,"2061841",Sticklinge Naturreservat,Naturreservat,Gällande,2023/12/18,,2024/01/12,2024/01/12,,,,Stockholms Län,Lidingö,"Ia, Strikt naturreservat (Strict Nature Reserve)",Lidingö kommun,108.199,107.65,0.43,87.73,Justerad mot fastighetskarta,511-2908-2024,Miljöbalken,Kommun
278,"2001141",Norrpada,Naturreservat,Gällande,1975/02/26,,1975/03/26,1975/03/26,,,,Stockholms Län,Norrtälje,"Ia, Strikt naturreservat (Strict Nature Reserve)",Skärgårdsstiftelsen i Stockholms län,36.307,35.13,1.23,2.93,Justerad mot fastighetskarta,11.121-127-73  0188-02-030,Naturvårdslagen,Länsstyrelse
279,"2001389",Parkudden-Lövsta,Naturreservat,Gällande,,,,2010/03/25,,,,Stockholms Län,Södertälje,"IV, Habitat/Artskyddsområde (Habitat/Species Management Area)",Södertälje kommun,19.42,19.41,0,14.07,Ospecificerad,2008-1402,Miljöbalken,Kommun
280,"2043487",Skogstorp,Naturreservat,Gällande,2015/02/17,,2015/03/19,2021/05/12,,,,Stockholms Län,Södertälje,"Ia, Strikt naturreservat (Strict Nature Reserve)",Länsstyrelsen i Stockholms län,48.771,48.79,0,39.35,Slutligt inmätt,,Miljöbalken,Länsstyrelse
281,"2000628",Karlsdalsmossen,Naturreservat,Gällande,1996/12/03,,1997/01/07,2026/04/15,,,,Stockholms Län,Norrtälje,"Ia, Strikt naturreservat (Strict Nature Reserve)",Länsstyrelsen i Stockholms län,119.989,114.55,5.45,99.7,Slutligt inmätt,511-62164-2025,Miljöbalken,Länsstyrelse
282,"2002303",Furusundsfjärden,Naturreservat,Gällande,1974/03/13,,1974/04/10,1974/04/10,,,,Stockholms Län,Norrtälje,"IV, Habitat/Artskyddsområde (Habitat/Species Management Area)",Länsstyrelsen i Stockholms län,372.856,25.64,347.17,21.91,Justerad mot fastighetskarta,11.121-40-74    0188-02-023,Naturvårdslagen,Länsstyrelse
283,"2002027",Tullgarn,Naturreservat,Gällande,1984/12/18,,1985/04/17,2026/04/15,,,,Stockholms Län,"Södertälje, Trosa","V, Skyddat landskap/havsområde (Protected Landscape/Seascape)",Länsstyrelsen i Stockholms län,891.844,839.29,52.44,469.67,Justerad mot fastighetskarta,511-62164-2025,Miljöbalken,Länsstyrelse
284,"2000018",Gömsta äng,Naturreservat,Gällande,1966/04/28,,1966/05/26,1966/05/26,,,,Stockholms Län,Huddinge,"Ia, Strikt naturreservat (Strict Nature Reserve)",Huddinge kommun,3.633,3.64,0,2.91,Justerad mot fastighetskarta,III R-50-63 0127-02-002,Naturvårdslagen,Länsstyrelse
285,"2049442",Norra Igelbäcken,Naturreservat,Gällande,2018/04/23,,2018/06/13,2018/06/13,,,,Stockholms Län,"Järfälla, Stockholm","0, Områden som ej kan klassificeras enligt IUCN: s system.",Järfälla kommun,44.094,44.05,0,4.15,Justerad mot fastighetskarta,Kst 2018/169,Miljöbalken,Kommun
286,"2200075",Ridön,Naturreservat,Gällande,2025/12/08,,2026/01/08,2026/01/08,,,,Stockholms Län,"Ekerö, Södertälje","IV, Habitat/Artskyddsområde (Habitat/Species Management Area)",Länsstyrelsen i Stockholms län,736.182,163.62,572.59,158.44,Slutligt inmätt,511-43276-2025,Miljöbalken,Länsstyrelse
287,"2000016",Pålamalm,Naturreservat,Gällande,1944/08/31,,1944/08/31,2026/04/15,,,,Stockholms Län,Botkyrka,"III, Naturmonument (Natural Monument)",Länsstyrelsen i Stockholms län,6.407,6.4,0,6.33,Justerad mot fastighetskarta,511-62164-2025,Miljöbalken,Länsstyrelse
288,"2045418",Borudan - Pellemossen,Naturreservat,Gällande,2018/05/22,,2018/06/21,2021/05/12,,,,Stockholms Län,Norrtälje,"Ia, Strikt naturreservat (Strict Nature Reserve)",Länsstyrelsen i Stockholms län,127.982,125.76,2.24,111.99,Slutligt inmätt,511-20118-2020,Miljöbalken,Länsstyrelse
289,"2000151",Trehörningsskogen,Naturreservat,Gällande,2000/10/09,,2000/11/14,2026/04/15,,,,Stockholms Län,"Vallentuna, Österåker","Ia, Strikt naturreservat (Strict Nature Reserve)",Länsstyrelsen i Stockholms län,179.477,168.27,11.27,136.74,Justerad mot fastighetskarta,511-62164-2025,Miljöbalken,Länsstyrelse
290,"2005594",Mornäsan,Naturreservat,Gällande,2006/11/16,,2006/12/14,2026/04/15,,,,Stockholms Län,Norrtälje,"Ia, Strikt naturreservat (Strict Nature Reserve)",Länsstyrelsen i Stockholms län,21.096,21.13,0,19.81,Slutligt inmätt,511-62164-2025,Miljöbalken,Länsstyrelse
291,"2001146",Grönskär,Naturreservat,Gällande,1965/11/08,,1965/12/06,1965/12/06,,,,Stockholms Län,Värmdö,"Ia, Strikt naturreservat (Strict Nature Reserve)",Skärgårdsstiftelsen i Stockholms län,1.592,1.23,0.33,0,Justerad mot fastighetskarta,III R-70b-64   0120-02-009,Naturvårdslagen,Länsstyrelse
292,"2014248",Gullunge,Naturreservat,Gällande,2008/10/06,,2008/11/06,2026/04/15,,,,Stockholms Län,Norrtälje,"Ia, Strikt naturreservat (Strict Nature Reserve)",Länsstyrelsen i Stockholms län,37.487,37.47,0,36.21,Slutligt inmätt,511-62164-2025,Miljöbalken,Länsstyrelse
293,"2041574",Svartkällsskogen,Naturreservat,Gällande,2013/09/26,,2013/10/24,2013/10/24,,,,Stockholms Län,Botkyrka,"Ia, Strikt naturreservat (Strict Nature Reserve)",Botkyrka kommun,38.241,38.21,0.02,34.2,Ospecificerad,KS/2013:34,Miljöbalken,Kommun
294,"2002296",Utö,Naturreservat,Gällande,1974/05/27,,1974/06/24,2026/04/15,,,,Stockholms Län,Haninge,"V, Skyddat landskap/havsområde (Protected Landscape/Seascape)",Skärgårdsstiftelsen i Stockholms län,4179.431,652.5,3526.91,370.31,Justerad mot fastighetskarta,511-62164-2025,Miljöbalken,Länsstyrelse
295,"2058901",Rinkebyskogen,Naturreservat,Gällande,2022/03/14,,2022/07/05,2025/03/30,,,,Stockholms Län,"Danderyd, Sollentuna","0, Områden som ej kan klassificeras enligt IUCN: s system.",Danderyds kommun,300.216,298.45,1.91,255.53,Ospecificerad,14861-2025,Miljöbalken,Kommun
296,"2000621",Strålsjön-Erstavik,Naturreservat,Gällande,1995/06/19,,1995/08/24,1995/08/24,,,,Stockholms Län,Nacka,"Ia, Strikt naturreservat (Strict Nature Reserve)",Enskild markägare,47.679,44.46,3.22,31.05,Justerad mot fastighetskarta,Nacka kommun Ä94/177-34,Naturvårdslagen,Kommun
297,"2000006",Storskär,Naturreservat,Gällande,1968/08/16,,1968/09/13,1968/09/13,,,,Stockholms Län,Österåker,"Ia, Strikt naturreservat (Strict Nature Reserve)",Länsstyrelsen i Stockholms län,8.915,8.89,0.06,6.79,Justerad mot fastighetskarta,22R11-779-68   0117-02-001,Naturvårdslagen,Länsstyrelse
298,"2057001",Loskälva skog,Naturreservat,Gällande,2023/04/24,,2023/05/25,2023/05/25,,,,Stockholms Län,Norrtälje,"Ia, Strikt naturreservat (Strict Nature Reserve)",Länsstyrelsen i Stockholms län,43.977,43.97,0,42.49,Slutligt inmätt,511-16300-2020,Miljöbalken,Länsstyrelse
299,"2005620",Kalkberget,Naturreservat,Gällande,2006/11/14,,2006/12/30,2006/12/30,,,,Stockholms Län,Södertälje,"IV, Habitat/Artskyddsområde (Habitat/Species Management Area)",Södertälje kommun,19.428,16.63,2.77,7.25,Justerad mot fastighetskarta,2006-954,Miljöbalken,Kommun
300,"2000889",Gälnan,Naturreservat,Gällande,1974/01/21,,1974/02/18,1974/02/18,,,,Stockholms Län,Österåker,"Ia, Strikt naturreservat (Strict Nature Reserve)",Länsstyrelsen i Stockholms län,8.678,8.68,0.05,3.96,Justerad mot fastighetskarta,11.121-67-71   0117-02-005,Naturvårdslagen,Länsstyrelse
301,"2002831",Bårsjön,Naturreservat,Gällande,2004/09/22,,2004/10/21,2026/04/15,,,,Stockholms Län,"Nykvarn, Södertälje","Ia, Strikt naturreservat (Strict Nature Reserve)",Länsstyrelsen i Stockholms län,72.887,65.75,7.29,48.22,Slutligt inmätt,511-62164-2025,Miljöbalken,Länsstyrelse
302,"2013546",Långviksträsk,Naturreservat,Gällande,2009/12/03,,2010/01/07,2026/04/15,,,,Stockholms Län,Värmdö,"Ia, Strikt naturreservat (Strict Nature Reserve)",Länsstyrelsen i Stockholms län,313.216,307.11,6.04,177.83,Slutligt inmätt,511-62164-2025,Miljöbalken,Länsstyrelse
303,"2042586",Tre backar,Naturreservat,Gällande,2015/11/23,,2015/12/28,2026/04/15,,,,Stockholms Län,Norrtälje,"Ia, Strikt naturreservat (Strict Nature Reserve)",Länsstyrelsen i Stockholms län,123.508,123.47,0,121.86,Slutligt inmätt,511-62164-2025,Miljöbalken,Länsstyrelse
304,"2000017",Korpberget,Naturreservat,Gällande,1997/01/17,,1997/03/07,2026/04/15,,,,Stockholms Län,"Salem, Södertälje","IV, Habitat/Artskyddsområde (Habitat/Species Management Area)",Länsstyrelsen i Stockholms län,52.998,53.01,0.04,39.27,Slutligt inmätt,511-62164-2025,Miljöbalken,Länsstyrelse
305,"2043286",Gladö Kvarnsjön,Naturreservat,Gällande,2014/06/09,,2014/07/24,2025/12/11,,,,Stockholms Län,"Botkyrka, Huddinge","IV, Habitat/Artskyddsområde (Habitat/Species Management Area)",Huddinge kommun,212.871,161.54,51.35,121.92,Justerad mot fastighetskarta,KS-2025/1465,Miljöbalken,Kommun
306,"2045416",Digermyren,Naturreservat,Gällande,2017/10/31,,2021/06/23,2021/06/23,,,,Stockholms Län,Norrtälje,"Ia, Strikt naturreservat (Strict Nature Reserve)",Länsstyrelsen i Stockholms län,39.34,39.27,0,36.76,Slutligt inmätt,511-24780-2012,Miljöbalken,Länsstyrelse
307,"2001644",Gålö,Naturreservat,Gällande,1982/03/08,,1982/04/05,2026/04/15,,,,Stockholms Län,Haninge,"V, Skyddat landskap/havsområde (Protected Landscape/Seascape)",Skärgårdsstiftelsen i Stockholms län,3833.543,1759.34,2074.36,1015.07,Slutligt inmätt,511-62164-2025,Miljöbalken,Länsstyrelse
308,"2042147",Markdal,Naturreservat,Gällande,2014/11/24,,2014/12/29,2021/05/12,,,,Stockholms Län,Norrtälje,"Ia, Strikt naturreservat (Strict Nature Reserve)",Länsstyrelsen i Stockholms län,34.152,34.19,0,31.55,Slutligt inmätt,,Miljöbalken,Länsstyrelse
309,"2002737",Björkviksmossens domänreservat,Naturreservat,Gällande,1996/12/03,,1997/01/07,2021/05/12,,,,Stockholms Län,Nykvarn,"Ia, Strikt naturreservat (Strict Nature Reserve)",Länsstyrelsen i Stockholms län,14.494,14.52,0,10.18,Justerad mot fastighetskarta,,Miljöbalken,Länsstyrelse
310,"2001112",Ensta ö,Naturreservat,Gällande,1996/03/04,,1996/03/25,1996/03/25,,,,Stockholms Län,Botkyrka,"Ia, Strikt naturreservat (Strict Nature Reserve)",Botkyrka kommun,10.603,10.52,0.12,10.31,Justerad mot fastighetskarta,940918 Botkyrka kn.,Naturvårdslagen,Kommun
311,"2002733",Revskär,Naturreservat,Gällande,1973/10/25,,1973/11/22,1973/11/22,,,,Stockholms Län,Nynäshamn,"Ia, Strikt naturreservat (Strict Nature Reserve)",Länsstyrelsen i Stockholms län,2162.75,58.25,2103.92,4.07,Slutligt inmätt,11.121-707-71,Naturvårdslagen,Länsstyrelse
312,"2045420",Kråkmyren,Naturreservat,Gällande,2017/11/27,,2017/12/28,2021/05/12,,,,Stockholms Län,Norrtälje,"IV, Habitat/Artskyddsområde (Habitat/Species Management Area)",Länsstyrelsen i Stockholms län,40.311,40.32,0,32.52,Ospecificerad,,Miljöbalken,Länsstyrelse
313,"2005705",Slätmossen - Borgberget,Naturreservat,Gällande,2006/11/16,,2006/12/14,2026/04/15,,,,Stockholms Län,Nynäshamn,"Ia, Strikt naturreservat (Strict Nature Reserve)",Länsstyrelsen i Stockholms län,177.801,177.66,0,109.5,Slutligt inmätt,511-62164-2025,Miljöbalken,Länsstyrelse
314,"2014893",Jägarskogen,Naturreservat,Gällande,2009/06/17,,2009/07/20,2009/07/20,,,,Stockholms Län,Nykvarn,"IV, Habitat/Artskyddsområde (Habitat/Species Management Area)",Nykvarns kommun,96.375,48.92,47.45,45.26,Ospecificerad,KS/2005:205,Miljöbalken,Kommun
315,"2000880",Riddersholm,Naturreservat,Gällande,1998/11/02,,1998/11/23,2026/04/15,,,,Stockholms Län,Norrtälje,"V, Skyddat landskap/havsområde (Protected Landscape/Seascape)",Skärgårdsstiftelsen i Stockholms län,655.021,370.51,284.29,248.19,Ospecificerad,511-62164-2025,Miljöbalken,Länsstyrelse
316,"2044569",Klövberget,Naturreservat,Gällande,2015/09/10,,2016/08/19,2016/08/19,,,,Stockholms Län,Tyresö,"Ia, Strikt naturreservat (Strict Nature Reserve)",Tyresö kommun,60.922,42.54,18.36,19.52,Ospecificerad,2013KSM0056,Miljöbalken,Kommun
317,"2000832",Måsjön-Borudamyren,Naturreservat,Gällande,2001/11/27,,2002/01/02,2021/05/12,,,,Stockholms Län,Norrtälje,"0, Områden som ej kan klassificeras enligt IUCN: s system.",Länsstyrelsen i Stockholms län,129.092,125.19,3.85,103.77,Slutligt inmätt,,Miljöbalken,Länsstyrelse
318,"2002830",Rosenlundsskogen,Naturreservat,Gällande,2004/09/22,,2004/10/21,2026/04/15,,,,Stockholms Län,Nynäshamn,"Ia, Strikt naturreservat (Strict Nature Reserve)",Länsstyrelsen i Stockholms län,35.298,35.27,0,29.51,Ospecificerad,511-62164-2025,Miljöbalken,Länsstyrelse
319,"2002736",Gåsholmen,Naturreservat,Gällande,1945/05/08,,1945/05/08,1991/08/26,,,,Stockholms Län,Ekerö,"IV, Habitat/Artskyddsområde (Habitat/Species Management Area)",Länsstyrelsen i Stockholms län,27.857,4.22,23.65,3.6,Justerad mot fastighetskarta,"01 25-02-003",Naturvårdslagen,Länsstyrelse
320,"2000012",Vattgruvsmossens domänreservat,Naturreservat,Gällande,1996/12/03,,1997/01/07,2026/04/15,,,,Stockholms Län,Södertälje,"Ia, Strikt naturreservat (Strict Nature Reserve)",Länsstyrelsen i Stockholms län,74.153,73.91,0.13,29.28,Slutligt inmätt,511-62164-2025,Miljöbalken,Länsstyrelse
321,"2002293",Bromseby,Naturreservat,Gällande,1946/01/22,,1946/01/22,2021/05/12,,,,Stockholms Län,Vallentuna,"Ia, Strikt naturreservat (Strict Nature Reserve)",Länsstyrelsen i Stockholms län,18.48,18.47,0,10.39,Justerad mot fastighetskarta,511-20118-2020,Miljöbalken,Länsstyrelse
322,"2201337",Brunns naturreservat,Naturreservat,Gällande,2025/12/10,,2026/01/11,2026/01/11,,,,Stockholms Län,Värmdö,"Ia, Strikt naturreservat (Strict Nature Reserve)",Värmdö kommun,84.312,84.35,0,35.47,Ospecificerad,2025KS/1148,Miljöbalken,Kommun
323,"2001103",Görväln,Naturreservat,Gällande,1995/05/23,,1995/07/12,2012/07/12,,,,Stockholms Län,"Ekerö, Järfälla, Stockholm, Upplands-Bro","V, Skyddat landskap/havsområde (Protected Landscape/Seascape)",Järfälla kommun,1061.367,687.64,373.9,502.81,Justerad mot fastighetskarta,Mbn 2009-1181,Miljöbalken,Kommun
324,"2001140",Långgrundet,Naturreservat,Gällande,1974/09/19,,1974/10/17,1974/10/17,,,,Stockholms Län,Norrtälje,"Ia, Strikt naturreservat (Strict Nature Reserve)",Länsstyrelsen i Stockholms län,9.037,8.98,0.02,3.69,Justerad mot fastighetskarta,11.121-83-71     0188-02-027,Naturvårdslagen,Länsstyrelse
325,"2000167",Stora Vindåsen,Naturreservat,Gällande,1972/11/13,,1972/12/11,1992/10/12,,,,Stockholms Län,Haninge,"Ia, Strikt naturreservat (Strict Nature Reserve)",Länsstyrelsen i Stockholms län,14.565,9.43,5.18,3.07,Justerad mot fastighetskarta,"231-1991-1715, 0136-02-006",Naturvårdslagen,Länsstyrelse
326,"2020185",Sköndalsskogen,Naturreservat,Gällande,2009/06/11,,2009/08/13,2009/08/13,,,,Stockholms Län,Sigtuna,"Ia, Strikt naturreservat (Strict Nature Reserve)",Sigtuna kommun,36.645,36.4,0.21,29.62,Justerad mot fastighetskarta,Ks/2009:29,Miljöbalken,Kommun
327,"2042406",Barnens Ö,Naturreservat,Gällande,2014/12/17,,2015/01/29,2021/05/12,,,,Stockholms Län,Norrtälje,"Ia, Strikt naturreservat (Strict Nature Reserve)",Länsstyrelsen i Stockholms län,66.923,47.93,18.96,42.05,Slutligt inmätt,511-20118-2020,Miljöbalken,Länsstyrelse
328,"2001102",Finnhamn,Naturreservat,Gällande,2000/12/11,,2001/01/11,2026/04/15,,,,Stockholms Län,Österåker,"V, Skyddat landskap/havsområde (Protected Landscape/Seascape)",Skärgårdsstiftelsen i Stockholms län,683.552,189.95,493.51,94.92,Justerad mot fastighetskarta,511-62164-2025,Miljöbalken,Länsstyrelse
329,"2026489",Skeppnan,Naturreservat,Gällande,2011/07/11,,2011/08/11,2026/04/15,,,,Stockholms Län,Haninge,"Ia, Strikt naturreservat (Strict Nature Reserve)",Länsstyrelsen i Stockholms län,56.459,56.5,0,35.86,Slutligt inmätt,511-62164-2025,Miljöbalken,Länsstyrelse
330,"2002727",Lilla Husarn,Naturreservat,Gällande,1981/06/17,,1981/08/05,1992/10/12,,,,Stockholms Län,"Haninge, Värmdö","Ia, Strikt naturreservat (Strict Nature Reserve)",Skärgårdsstiftelsen i Stockholms län,1165.704,31.24,1134.41,7.05,Justerad mot fastighetskarta,231-1991-1712. 0136-02-009,Naturvårdslagen,Länsstyrelse
331,"2000013",Stora Envätterns domänreservat,Naturreservat,Gällande,1996/12/03,,1997/01/07,2026/04/15,,,,Stockholms Län,Södertälje,"Ia, Strikt naturreservat (Strict Nature Reserve)",Länsstyrelsen i Stockholms län,149.355,109.97,39.38,91.59,Justerad mot fastighetskarta,511-62164-2025,Miljöbalken,Länsstyrelse
332,"2000829",Ekholmen,Naturreservat,Gällande,1999/03/11,,1999/06/08,1999/06/08,,,,Stockholms Län,Botkyrka,"IV, Habitat/Artskyddsområde (Habitat/Species Management Area)",Botkyrka kommun,17.787,17.42,0.37,12.02,Justerad mot fastighetskarta,18510-1996-10003,Naturvårdslagen,Länsstyrelse
333,"2000633",Storängen,Naturreservat,Gällande,1963/05/09,,1963/06/06,2021/05/12,,,,Stockholms Län,Norrtälje,"Ia, Strikt naturreservat (Strict Nature Reserve)",Länsstyrelsen i Stockholms län,5.167,5.18,0,3.82,Justerad mot fastighetskarta,,Miljöbalken,Länsstyrelse
334,"2001143",Själbottna-Östra Lagnö,Naturreservat,Gällande,1977/12/21,,1978/01/18,2026/04/15,,,,Stockholms Län,"Norrtälje, Österåker","V, Skyddat landskap/havsområde (Protected Landscape/Seascape)",Skärgårdsstiftelsen i Stockholms län,532.009,157.05,374.99,115.72,Justerad mot fastighetskarta,511-62164-2025,Miljöbalken,Länsstyrelse
335,"2000618",Reveludden,Naturreservat,Gällande,1966/03/11,,1966/04/08,2026/04/15,,,,Stockholms Län,Nynäshamn,"Ia, Strikt naturreservat (Strict Nature Reserve)",Länsstyrelsen i Stockholms län,9.969,7.37,2.55,3.4,Justerad mot fastighetskarta,511-62164-2025,Miljöbalken,Länsstyrelse
336,"2000846",Arholma-Idö,Naturreservat,Gällande,1978/02/07,,1978/03/07,2026/04/15,,,,Stockholms Län,Norrtälje,"V, Skyddat landskap/havsområde (Protected Landscape/Seascape)",Skärgårdsstiftelsen i Stockholms län,1866.767,552.21,1314.74,360.34,Justerad mot fastighetskarta,511-62164-2025,Miljöbalken,Länsstyrelse
337,"2046794",Myrbacken,Naturreservat,Gällande,2017/10/24,,2017/11/23,2026/04/15,,,,Stockholms Län,Norrtälje,"Ia, Strikt naturreservat (Strict Nature Reserve)",Länsstyrelsen i Stockholms län,43.436,43.42,0,42.06,Slutligt inmätt,511-62164-2025,Miljöbalken,Länsstyrelse
338,"2000143",Häringe-Hammersta,Naturreservat,Gällande,1990/01/22,,1991/10/31,2026/04/15,,,,Stockholms Län,"Haninge, Nynäshamn","V, Skyddat landskap/havsområde (Protected Landscape/Seascape)",Skärgårdsstiftelsen i Stockholms län,1886.823,1105.49,781.31,599.51,Slutligt inmätt,511-62164-2025,Miljöbalken,Länsstyrelse
339,"2000142",Norra Malma,Naturreservat,Gällande,1982/03/08,,1982/04/05,1999/04/08,,,,Stockholms Län,Norrtälje,"Ia, Strikt naturreservat (Strict Nature Reserve)",Länsstyrelsen i Stockholms län,9.11,9.1,0.02,7.52,Slutligt inmätt,18510-1997-3231,Naturvårdslagen,Länsstyrelse
340,"2021366",Askarehage,Naturreservat,Gällande,2009/05/14,,2009/08/13,2009/08/13,,,,Stockholms Län,Sigtuna,"IV, Habitat/Artskyddsområde (Habitat/Species Management Area)",Sigtuna kommun,97.544,81.86,15.73,13.06,Ospecificerad,KS 2009:30,Miljöbalken,Kommun
341,"2002305",Stavsudda-Tjägö,Naturreservat,Gällande,1974/07/05,,1974/08/02,1974/08/02,,,,Stockholms Län,Värmdö,"Ia, Strikt naturreservat (Strict Nature Reserve)",Länsstyrelsen i Stockholms län,12.274,12.06,0.14,5.75,Ospecificerad,11.121-73-71  0120-02-033,Naturvårdslagen,Länsstyrelse
342,"2001147",Hästholmen,Naturreservat,Gällande,1968/08/23,,1968/09/20,1968/09/20,,,,Stockholms Län,Värmdö,"Ia, Strikt naturreservat (Strict Nature Reserve)",Länsstyrelsen i Stockholms län,3.402,3.16,0.21,0.33,Justerad mot fastighetskarta,22R-121-73-67  0120-02-018,Naturvårdslagen,Länsstyrelse
343,"2002307",Storö,Naturreservat,Gällande,1983/10/18,,1985/12/19,2017/07/13,,,,Stockholms Län,Värmdö,"Ia, Strikt naturreservat (Strict Nature Reserve)",Länsstyrelsen i Stockholms län,82.91,49.25,33.63,35.3,Ospecificerad,511-2003-013426,Miljöbalken,Länsstyrelse
344,"2002725",Alby,Naturreservat,Gällande,1975/12/10,,1976/01/07,2002/04/11,,,,Stockholms Län,Tyresö,"Ia, Strikt naturreservat (Strict Nature Reserve)",Tyresö kommun,287.983,259.49,28.5,158.2,Slutligt inmätt,2001/0391 432,Miljöbalken,Kommun
345,"2043653",Gisslingö,Naturreservat,Gällande,2015/06/25,,2015/07/30,2026/04/15,,,,Stockholms Län,Norrtälje,"IV, Habitat/Artskyddsområde (Habitat/Species Management Area)",Länsstyrelsen i Stockholms län,122.524,95.08,27.5,61.13,Justerad mot fastighetskarta,511-62164-2025,Miljöbalken,Länsstyrelse
346,"2042827",Norrängsskogen,Naturreservat,Gällande,2014/11/14,,2014/12/29,2026/04/15,,,,Stockholms Län,Norrtälje,"Ia, Strikt naturreservat (Strict Nature Reserve)",Länsstyrelsen i Stockholms län,56.956,46.83,10.17,41.78,Slutligt inmätt,511-62164-2025,Miljöbalken,Länsstyrelse
347,"2005573",Flemingsbergsskogen,Naturreservat,Gällande,2006/04/03,,2007/01/29,2025/12/11,,,,Stockholms Län,"Botkyrka, Huddinge","Ib, Vildmarksområde (Wilderness Area)",Huddinge kommun,966.945,957.41,9.56,647.03,Ospecificerad,KS-2025/1465,Miljöbalken,Kommun
348,"2051278",Storängstorpet,Naturreservat,Gällande,2019/12/19,,2020/02/06,2026/04/15,,,,Stockholms Län,Norrtälje,"Ia, Strikt naturreservat (Strict Nature Reserve)",Länsstyrelsen i Stockholms län,88.64,88.72,0,79.2,Slutligt inmätt,511-62164-2025,Miljöbalken,Länsstyrelse
349,"2000830",Skansholmen,Naturreservat,Gällande,1933/07/27,,1933/07/27,1933/07/27,,,,Stockholms Län,Ekerö,"Ia, Strikt naturreservat (Strict Nature Reserve)",Länsstyrelsen i Stockholms län,2.057,2.02,0.09,1.89,Justerad mot fastighetskarta,"0125-02-001  (Nr 2255, 639/251 SD)",Naturvårdslagen,Länsstyrelse
350,"2022409",Rösjöskogen,Naturreservat,Gällande,2010/06/09,,2010/07/27,2010/07/27,,,,Stockholms Län,Sollentuna,"IV, Habitat/Artskyddsområde (Habitat/Species Management Area)",Sollentuna kommun,206.103,182.44,23.87,150.09,Ospecificerad,511-2010-9369,Miljöbalken,Kommun
351,"2049439",Rensättra,Naturreservat,Gällande,2021/02/01,,2021/03/05,2021/03/05,,,,Stockholms Län,Nacka,"0, Områden som ej kan klassificeras enligt IUCN: s system.",Nacka kommun,56.33,50.27,6.15,32.55,Ospecificerad,KFKS 2020/711,Miljöbalken,Kommun
352,"2001108",Hjälmö-Lådna,Naturreservat,Gällande,1991/03/18,,1991/05/30,2026/04/15,,,,Stockholms Län,"Värmdö, Österåker","V, Skyddat landskap/havsområde (Protected Landscape/Seascape)",Skärgårdsstiftelsen i Stockholms län,1569.056,694.32,875.52,446.61,Justerad mot fastighetskarta,511-62164-2025,Miljöbalken,Länsstyrelse
353,"2000632",Fiskarudden,Naturreservat,Gällande,1973/10/23,,1973/11/20,2021/05/12,,,,Stockholms Län,Norrtälje,"IV, Habitat/Artskyddsområde (Habitat/Species Management Area)",Länsstyrelsen i Stockholms län,4.441,4.44,0.02,2.27,Justerad mot fastighetskarta,511-20118-2020,Miljöbalken,Länsstyrelse
354,"2000881",Tullviksbäcken,Naturreservat,Gällande,1989/02/01,,1989/05/31,2026/04/15,,,,Stockholms Län,Norrtälje,"IV, Habitat/Artskyddsområde (Habitat/Species Management Area)",Länsstyrelsen i Stockholms län,238.793,130.73,107.91,90.65,Delvis inmätt,511-62164-2025,Miljöbalken,Länsstyrelse
355,"2000170",Husby,Naturreservat,Gällande,1986/03/03,,1986/04/09,2026/04/15,,,,Stockholms Län,Ekerö,"Ia, Strikt naturreservat (Strict Nature Reserve)",Länsstyrelsen i Stockholms län,19.576,19.33,0.22,18.97,Slutligt inmätt,511-62164-2025,Miljöbalken,Länsstyrelse
356,"2001152",Laggatorp,Naturreservat,Gällande,1987/09/11,,1987/11/25,2021/05/12,,,,Stockholms Län,Sigtuna,"Ia, Strikt naturreservat (Strict Nature Reserve)",Luftfartsverket,8.174,8.16,0,5.08,Justerad mot fastighetskarta,,Miljöbalken,Länsstyrelse
357,"2000148",Björksättrahalvön,Naturreservat,Överklagat,1998/02/09,,1998/05/12,2025/12/11,,,,Stockholms Län,Huddinge,"Ia, Strikt naturreservat (Strict Nature Reserve)",Huddinge kommun,84.715,,,,Ospecificerad,KS-2022/2203.114,Miljöbalken,Kommun
358,"2000837",Paradiset,Naturreservat,Överklagat,2002/06/17,,2002/07/15,2025/12/11,,,,Stockholms Län,"Haninge, Huddinge","Ia, Strikt naturreservat (Strict Nature Reserve)",Huddinge kommun,757.813,,,,Ospecificerad,,Miljöbalken,Kommun
359,"2001392",Gömmaren,Naturreservat,Överklagat,,,,2010/07/26,,,,Stockholms Län,Huddinge,"V, Skyddat landskap/havsområde (Protected Landscape/Seascape)",Huddinge kommun,765.927,,,,Ospecificerad,,Miljöbalken,Kommun
360,"2001393",Orlången,Naturreservat,Överklagat,,,,2025/12/11,,,,Stockholms Län,Huddinge,"V, Skyddat landskap/havsområde (Protected Landscape/Seascape)",Huddinge kommun,1778.574,,,,Ospecificerad,KS-2022/2203.114,Miljöbalken,Kommun
361,"2005573",Flemingsbergsskogen,Naturreservat,Överklagat,2006/04/03,,2007/01/29,2025/12/11,,,,Stockholms Län,"Botkyrka, Huddinge","Ib, Vildmarksområde (Wilderness Area)",Huddinge kommun,966.946,,,,Ospecificerad,KS-2022/2203.114,Miljöbalken,Kommun
362,"2043287",Lissmadalen,Naturreservat,Överklagat,2014/06/09,,2014/07/24,2025/12/11,,,,Stockholms Län,Huddinge,"IV, Habitat/Artskyddsområde (Habitat/Species Management Area)",Huddinge kommun,185.283,,,,Justerad mot fastighetskarta,,Miljöbalken,Kommun
363,"2201324",Löka 6:1,Naturreservat,Beslutat,2025/10/27,,,,,,,Stockholms Län,Värmdö,"0, Områden som ej kan klassificeras enligt IUCN: s system.",Länsstyrelsen i Stockholms län,41.125,,,,Justerad mot fastighetskarta,32274?2022,Miljöbalken,Saknas
364,"2002900",Kullö,Naturreservat,Gällande,2004/11/29,,2004/12/29,2004/12/29,,,,Stockholms Län,Vaxholm,"V, Skyddat landskap/havsområde (Protected Landscape/Seascape)",Vaxholms kommun,27.601,27.54,0.05,19.91,Ospecificerad,308/1999,Miljöbalken,Kommun
365,"2005488",Nackareservatet i Stockholm,Naturreservat,Gällande,2006/05/29,,2006/07/10,2006/07/10,,,,Stockholms Län,"Nacka, Stockholm","Ia, Strikt naturreservat (Strict Nature Reserve)",Stockholms kommun,101.157,95.5,5.56,75.33,Ospecificerad,304-1835/2006,Miljöbalken,Kommun
366,"2046836",Gammalbyberg,Naturreservat,Gällande,2017/12/11,,2018/01/11,2021/05/12,,,,Stockholms Län,Norrtälje,"Ia, Strikt naturreservat (Strict Nature Reserve)",Länsstyrelsen i Stockholms län,17.872,17.84,0,14.95,Ospecificerad,511-20118-2020,Miljöbalken,Länsstyrelse
367,"2045731",Stortjäran,Naturreservat,Gällande,2016/12/19,,2017/01/19,2026/04/15,,,,Stockholms Län,Norrtälje,"Ia, Strikt naturreservat (Strict Nature Reserve)",Länsstyrelsen i Stockholms län,26.793,26.84,0,26.53,Ospecificerad,511-62164-2025,Miljöbalken,Länsstyrelse
368,"2026369",Kolartorp,Naturreservat,Gällande,2011/07/11,,2011/08/11,2026/04/15,,,,Stockholms Län,Haninge,"0, Områden som ej kan klassificeras enligt IUCN: s system.",Länsstyrelsen i Stockholms län,1.71,1.71,0,0.71,Slutligt inmätt,511-62164-2025,Miljöbalken,Länsstyrelse
369,"2030109",Dyviks lövängar,Naturreservat,Gällande,2011/12/15,,2012/02/14,2012/02/14,,,,Stockholms Län,Tyresö,"IV, Habitat/Artskyddsområde (Habitat/Species Management Area)",Tyresö kommun,17.034,11.97,5.03,6.98,Justerad mot fastighetskarta,2011/KSTK 0127 090,Miljöbalken,Kommun
370,"2021127",Lida,Naturreservat,Gällande,2010/06/17,,2010/07/20,2010/07/20,,,,Stockholms Län,Botkyrka,"V, Skyddat landskap/havsområde (Protected Landscape/Seascape)",Botkyrka kommun,825.192,809.04,16.03,579.46,Ospecificerad,511-2010-9372,Miljöbalken,Kommun
371,"2000840",Vigelsjö,Naturreservat,Gällande,1998/09/15,,1998/10/06,1998/10/06,,,,Stockholms Län,Norrtälje,"IV, Habitat/Artskyddsområde (Habitat/Species Management Area)",Norrtälje kommun,69.513,69.46,0,50.92,Justerad mot fastighetskarta,Ks/98 738.265,Naturvårdslagen,Kommun
372,"2000011",Grottberget,Naturreservat,Gällande,1996/04/09,,1996/06/22,1996/06/22,,,,Stockholms Län,Södertälje,"Ia, Strikt naturreservat (Strict Nature Reserve)",Södertälje kommun,5.68,5.57,0.16,4.34,Justerad mot fastighetskarta,"69/433,1995",Naturvårdslagen,Kommun
373,"2013015",Abborrträsk,Naturreservat,Gällande,2006/10/09,,2007/03/08,2007/03/08,,,,Stockholms Län,Nacka,"Ia, Strikt naturreservat (Strict Nature Reserve)",Nacka kommun,21.644,19.85,1.74,15.38,Justerad mot fastighetskarta,KFKS 148/2000 256,Miljöbalken,Kommun
374,"2061101",Telegrafberget,Naturreservat,Gällande,2021/01/28,,2021/03/28,2021/03/28,,,,Stockholms Län,Tyresö,"IV, Habitat/Artskyddsområde (Habitat/Species Management Area)",Tyresö kommun,136.76,127.71,9.02,58.21,Ospecificerad,KSM 2015-840-435,Miljöbalken,Kommun
375,"2047203",Djupviken,Naturreservat,Gällande,2018/06/18,,2018/07/19,2026/04/15,,,,Stockholms Län,Värmdö,"Ia, Strikt naturreservat (Strict Nature Reserve)",Länsstyrelsen i Stockholms län,13.997,12.05,1.9,10.22,Slutligt inmätt,511-62164-2025,Miljöbalken,Länsstyrelse
376,"2001107",Djurgård,Naturreservat,Gällande,1967/10/20,,1967/11/17,2006/04/12,,,,Stockholms Län,Ekerö,"IV, Habitat/Artskyddsområde (Habitat/Species Management Area)",Länsstyrelsen i Stockholms län,6.998,7,0,5.53,Slutligt inmätt,"511",Miljöbalken,Länsstyrelse
377,"2000847",Marum,Naturreservat,Gällande,1974/11/25,,1974/12/23,2021/05/12,,,,Stockholms Län,Norrtälje,"Ia, Strikt naturreservat (Strict Nature Reserve)",Norrtälje Naturvårdsstiftelse,38.266,25.38,12.86,22.27,Justerad mot fastighetskarta,,Miljöbalken,Länsstyrelse
378,"2000634",Öbacken-Bränninge,Naturreservat,Gällande,1992/10/06,,1993/10/24,1993/10/24,,,,Stockholms Län,Södertälje,"IV, Habitat/Artskyddsområde (Habitat/Species Management Area)",Södertälje kommun,23.986,23.89,0.19,18.61,Justerad mot fastighetskarta,"K 250 1990-05-28, MHN 157 1992-10-06 Södertälje kn",Naturvårdslagen,Kommun
379,"2000169",Huvududden,Naturreservat,Gällande,1970/10/29,,1970/11/26,2026/04/15,,,,Stockholms Län,Ekerö,"Ia, Strikt naturreservat (Strict Nature Reserve)",Länsstyrelsen i Stockholms län,35.39,31.05,4.34,26.4,Justerad mot fastighetskarta,511-62164-2025,Miljöbalken,Länsstyrelse
380,"2002724",Gullringskärret,Naturreservat,Gällande,1986/03/27,,1986/04/28,2026/04/15,,,,Stockholms Län,Haninge,"Ia, Strikt naturreservat (Strict Nature Reserve)",Länsstyrelsen i Stockholms län,55.825,55.85,0,46.97,Justerad mot fastighetskarta,511-62164-2025,Miljöbalken,Länsstyrelse
381,"2000883",Östra Bröta,Naturreservat,Gällande,1992/11/01,,1992/11/30,1992/11/30,,,,Stockholms Län,Botkyrka,"Ia, Strikt naturreservat (Strict Nature Reserve)",Botkyrka kommun,16.131,16.2,0,15.9,Justerad mot fastighetskarta,"1992. 019015.831 Kommunstyrelse, Botkyrka",Naturvårdslagen,Kommun
382,"2000876",Långviksskär,Naturreservat,Gällande,1983/12/22,,1984/02/16,2025/12/18,,,,Stockholms Län,Värmdö,"IV, Habitat/Artskyddsområde (Habitat/Species Management Area)",Länsstyrelsen i Stockholms län,9.618,8.09,1.54,0.84,Ospecificerad,23437-2025,Miljöbalken,Länsstyrelse
383,"2005578",Vallensjö,Naturreservat,Gällande,2006/11/16,,2006/12/14,2026/04/15,,,,Stockholms Län,Upplands Väsby,"Ia, Strikt naturreservat (Strict Nature Reserve)",Länsstyrelsen i Stockholms län,16.235,16.2,0,16.1,Slutligt inmätt,511-62164-2025,Miljöbalken,Länsstyrelse
